,Date,Close,High,Low,Open,Volume
0,2007-10-05,30.89622688293457,33.62959151464446,25.53699027102444,27.579336070196753,855215656
1,2007-10-08,29.314563751220703,31.940435853510763,29.130291220861363,31.940435853510763,126671715
2,2007-10-09,31.310855865478516,31.58726271412671,27.74826713407735,29.329932479942325,116725709
3,2007-10-10,31.60260772705078,32.247559585247785,31.326200977987867,32.124710521273876,67931378
4,2007-10-11,35.134490966796875,36.854361620061205,31.326208626724917,36.854361620061205,106320954
5,2007-10-12,34.904151916503906,36.20941028675012,34.09028576581861,34.39740538234713,99410791
6,2007-10-15,35.36481857299805,35.84085630609194,35.05769906735355,35.625870985910844,41814972
7,2007-10-16,38.97347640991211,39.58771964423249,35.165195016807544,35.41088897807548,138614496
8,2007-10-17,42.01395797729492,42.996737867348905,32.58538567998248,35.011630953483305,204876259
9,2007-10-18,40.53978729248047,45.899024889583366,38.80456273823558,42.6896240555813,146617799
10,2007-10-19,40.40158462524414,42.0446749285371,38.38994922315784,39.61842733170208,110266491
11,2007-10-22,39.86414337158203,41.1079763493526,38.543526311938024,39.58773650603047,72253405
12,2007-10-23,42.704986572265625,43.08888603056992,40.846910694727455,40.846910694727455,74594921
13,2007-10-24,42.044677734375,44.07166758185854,41.56863993620077,43.6109840948357,63055170
14,2007-10-25,41.952545166015625,42.93532952042755,37.05398603838048,40.61657411615367,34522489
15,2007-10-26,43.21174240112305,43.90276157602293,41.537938733468245,42.68963735830138,62370025
16,2007-10-29,44.08700180053711,45.146565423204414,43.70310254095816,43.918087792551795,43657697
17,2007-10-30,45.0698127746582,46.28293266780199,43.36529653396666,44.68591328336408,79921711
18,2007-10-31,46.00651931762695,47.0200163297061,45.14658624577994,45.300146020436586,44655368
19,2007-11-01,44.9776725769043,47.49605480409117,44.6091315795245,47.142868119511235,50632492
20,2007-11-02,45.791534423828125,46.067945353428755,42.99674566407308,43.34993648176822,32001693
21,2007-11-05,46.72825241088867,47.75710376325044,45.4844157017078,45.760826636353954,38833135
22,2007-11-06,47.342491149902344,50.336906816404685,46.69753925015596,47.54211802788739,81880281
23,2007-11-07,46.65147018432617,48.893441179065206,45.60726457260628,48.2177806846937,33593141
24,2007-11-08,45.85294723510742,47.096783575300584,44.839454660645764,45.45369359439813,27990521
25,2007-11-12,46.958595275878906,47.787819805112,43.25780185091003,44.4709258537555,35153735
26,2007-11-13,48.07958984375,49.04701586398337,46.2368720278477,47.75711589219776,43830531
27,2007-11-14,47.449989318847656,49.599826456419414,47.204291146636685,48.9241616898093,36738579
28,2007-11-15,48.24850845336914,49.093087457759275,47.34250385515632,48.34064267852648,29242252
29,2007-11-16,47.91065216064453,49.00092466625391,47.357834588254526,48.03349912153966,18895294
30,2007-11-19,49.6458854675293,51.44253561554027,48.63239264843356,49.00093359829775,40716718
31,2007-11-20,48.87808609008789,50.82829598765868,48.27920132532411,49.446258067965644,26342171
32,2007-11-21,45.0698127746582,49.46162128883253,43.97953572003725,49.16986017479464,26814499
33,2007-11-22,43.51885223388672,46.40577946912177,41.630067747633426,44.59377070832403,34096185
34,2007-11-23,46.40578079223633,46.68218757471451,43.79526025716782,46.375068001833014,27664090
35,2007-11-26,46.77432632446289,48.12565174330723,46.40578530054691,48.12565174330723,20159123
36,2007-11-27,45.62261962890625,47.572829589385215,45.146585996331076,47.572829589385215,20573198
37,2007-11-28,44.94696044921875,46.83574923027845,44.63984086408072,46.62076385445144,16435311
38,2007-11-29,43.73384094238281,46.313644645374836,43.165668872148764,46.067950641499785,25530967
39,2007-11-30,45.42299270629883,45.69939946573559,43.91810775774273,44.5323468523024,18437721
40,2007-12-03,46.06794357299805,46.6361155560538,45.6226185730306,45.97580521150028,16851227
41,2007-12-04,45.46905517578125,46.75895880925342,45.1312228750552,46.37505941424087,14008727
42,2007-12-05,47.281070709228516,47.449988982471595,45.45371165459242,45.54584586503335,27725290
43,2007-12-06,46.40578079223633,49.03165147414278,45.80689595888709,48.30991964475611,24104710
44,2007-12-07,46.20614242553711,47.35784064159286,45.37692220932205,46.697534497502595,11742386
45,2007-12-10,46.25222396850586,46.820391882270265,45.65333909679474,46.65147777259589,8330010
46,2007-12-11,46.037235260009766,46.927881180927656,45.8068955822426,46.666828713009714,11685950
47,2007-12-12,46.00651931762695,46.421131542314995,45.14658624577994,45.45370579509323,16342131
48,2007-12-13,45.23872375488281,46.68218740851715,45.06980965662967,46.06794826494097,14620172
49,2007-12-14,44.793399810791016,45.49977734261516,44.56306012628713,45.08516507739297,10991851
50,2007-12-17,42.090736389160156,45.30013668427043,41.461138943479995,45.05443859611184,19355678
51,2007-12-18,41.90646743774414,43.30385955204663,40.60120951087314,41.614702234919456,21607783
52,2007-12-19,41.1386833190918,43.62635308767433,40.78549658729507,43.25780787544859,19526912
53,2007-12-20,40.724063873291016,42.01396772487502,40.53979129941105,41.67613536702438,17105204
54,2007-12-24,41.9679069519043,42.62821328944269,41.000476834532,41.338309243330556,16711519
55,2007-12-26,43.242454528808594,43.764559563555736,42.19824862489086,42.19824862489086,20930094
56,2007-12-27,43.54956817626953,44.747333729956246,43.18102300640778,44.133094557237314,44565277
57,2007-12-28,43.88740158081055,44.07167417005115,42.99675142707695,43.457430817390424,18354518
58,2007-12-31,44.20986557006836,44.47091799913188,43.67240640193912,44.22522404564571,11982308
59,2008-01-01,45.02373123168945,45.43834342081418,44.02559278203646,44.44020497116119,16687746
60,2008-01-02,44.77804946899414,45.36157588836957,44.11774314797519,45.02374348802287,13437280
61,2008-01-03,46.62076950073242,46.80504210724786,43.964185600662475,44.50164493974619,31815218
62,2008-01-04,46.37507247924805,47.91067049191425,46.067952876714806,47.29643128684777,28011310
63,2008-01-07,45.99116516113281,47.050725110483356,45.49977304746312,46.0832993600066,15858063
64,2008-01-08,44.42483901977539,46.68216775519117,43.88737999541802,46.037216092847515,13282666
65,2008-01-09,43.718467712402344,44.67053894593334,43.61097505988561,44.470912114444886,13113527
66,2008-01-10,42.67426681518555,45.14658142236313,42.38250160827964,43.91810335635937,18023003
67,2008-01-11,43.319217681884766,43.73382985317328,41.614701903381956,43.257792113703154,11629440
68,2008-01-14,43.97954177856445,44.44022123157961,42.70499612500451,43.396015304527246,10264240
69,2008-01-15,42.64356231689453,44.87017924420134,42.29037563740241,44.685910830953866,11558334
70,2008-01-16,41.76826477050781,42.68962336843481,40.708704882236916,42.33643673901118,14834065
71,2008-01-17,42.889259338378906,43.84133083237323,41.03118345247894,41.92182936663786,16169395
72,2008-01-18,40.892982482910156,42.58214012095851,40.53979164431215,42.53606885291476,13254156
73,2008-01-21,33.936729431152344,40.53980186237381,29.560272364879935,40.53980186237381,33202389
74,2008-01-22,30.527685165405273,32.24755516287913,24.24708985432898,30.589108647574903,58755707
75,2008-01-23,33.936729431152344,35.24198793499845,31.019092775496347,31.019092775496347,28425991
76,2008-01-24,34.01350021362305,36.4243896361504,32.4011224945894,35.76408340337557,29911930
77,2008-01-25,35.76408767700195,35.93300179199767,34.32062388029307,35.62588218976822,12550722
78,2008-01-28,36.14797592163086,36.424382644436236,32.401116275147174,35.272684494768086,13601109
79,2008-01-29,35.54909896850586,36.76222295022257,35.011639714809355,36.240118008972786,7679877
80,2008-01-30,33.583534240722656,35.7794383394471,33.13820919670669,35.62587855400377,9016102
81,2008-01-31,31.38762664794922,34.02885567193379,31.019083596013363,33.936719388252875,41538563
82,2008-02-01,32.4779052734375,32.70824496806364,31.63332639314166,31.925089589777162,9089201
83,2008-02-04,34.151710510253906,34.550966442768,33.092148211388704,33.092148211388704,12009385
84,2008-02-05,35.21125411987305,35.671933316844346,33.476029977729375,34.21311585976858,14593303
85,2008-02-06,34.904151916503906,35.31876423193269,32.95394360122072,34.24384557408287,12429218
86,2008-02-07,33.26105499267578,35.610520727796235,33.04607173082633,34.428109663442704,11300078
87,2008-02-08,32.401123046875,33.752448325126515,31.802238217652647,33.476041544553034,13514197
88,2008-02-11,30.113080978393555,32.86180283947933,29.790605008249575,32.86180283947933,15133331
89,2008-02-12,29.575624465942383,31.218715176892097,29.329928366717926,31.019088267840534,10237627
90,2008-02-13,29.145652770996094,30.481621562813192,28.546770065506514,30.097722125603497,10395753
91,2008-02-14,31.694740295410156,32.01721618677247,29.79059773033264,29.79059773033264,12514003
92,2008-02-15,32.600746154785156,32.861798592782336,30.727316157221928,31.571894878899382,12080990
93,2008-02-18,32.416473388671875,33.33783407090294,32.1400666419539,33.33783407090294,6977153
94,2008-02-19,32.063297271728516,33.07679247998329,31.817601148092763,33.00001257152139,7226542
95,2008-02-20,31.264781951904297,31.771530541690318,30.91159524494065,31.756174145129272,5604999
96,2008-02-21,31.47975730895996,32.017216437849406,31.09585793118179,31.77152041951389,3874365
97,2008-02-22,31.080495834350586,31.2801226410366,30.113068330258958,30.435544164956166,2691220
98,2008-02-25,31.341552734375,31.72545212278087,30.589110349657,31.449045396243637,6270186
99,2008-02-26,31.464401245117188,31.90972411142218,31.310841492405988,31.633317389656998,7139423
100,2008-02-27,33.30711364746094,34.95020152338434,31.925076065184186,31.925076065184186,43223132
101,2008-02-28,34.24384689331055,34.50489941053199,33.16892819405,33.62960763659023,35763847
102,2008-02-29,33.75244140625,34.70451271357306,33.19962795842367,34.02885021295063,16477462
103,2008-03-03,32.339698791503906,33.41461941601114,31.97115570804347,32.27827529139183,10049153
104,2008-03-04,31.51047706604004,32.67753192647026,30.711967380431584,32.55468492338835,11485198
105,2008-03-05,32.0940055847168,32.2475653801884,30.74267813489389,31.6640369077235,8581053
106,2008-03-07,30.450918197631836,31.63332958237031,29.17637050919625,31.63332958237031,14251925
107,2008-03-10,30.34286880493164,30.558941666775194,28.598849592419686,30.497206862440446,11713659
108,2008-03-11,32.84315490722656,33.15183110432418,29.385981918402123,30.095935497051094,19665129
109,2008-03-12,32.00972366333008,33.9543837634292,31.701047523420506,33.73831088416131,12262350
110,2008-03-13,27.611095428466797,31.484984738324226,26.85483906189931,31.17630849945221,47000084
111,2008-03-14,29.509443283081055,29.632912889951516,27.811724675221058,28.382774223676748,35798540
112,2008-03-17,28.35191535949707,28.953833515375234,27.749997203618907,28.953833515375234,19211273
113,2008-03-18,28.598852157592773,29.15446963312934,27.84259393329197,28.30560814734843,12632937
114,2008-03-19,28.768625259399414,32.04059120757462,28.58341873125903,29.941592959808116,16449023
115,2008-03-24,29.04644203186035,29.84900111338178,28.41365530527747,29.84900111338178,11636914
116,2008-03-25,30.142234802246094,30.327439243727785,29.26250690183939,29.802690186180016,13232423
117,2008-03-26,29.95702362060547,30.682413327252416,29.632913281606964,29.941589396206705,11448313
118,2008-03-27,30.497211456298828,30.79045548441262,29.509448158122407,29.509448158122407,17425122
119,2008-03-28,30.558942794799805,30.790451982952607,29.756386122135506,30.636111826402754,11599511
120,2008-03-31,30.34286880493164,30.69784759320822,29.94158943673997,30.558941666775194,9914705
121,2008-04-01,30.404611587524414,30.836759517952263,30.01876634250549,30.55894968553198,6034588
122,2008-04-02,30.89849853515625,31.793660881188796,30.558953836084473,30.558953836084473,6087024
123,2008-04-03,30.651548385620117,31.114562610498048,30.4046070470164,30.975658761703492,3883474
124,2008-04-04,30.497211456298828,30.85219029804661,29.910727586759634,30.85219029804661,5906537
125,2008-04-07,30.373743057250977,30.682419231247028,30.018764201148947,30.543515371617662,4088729
126,2008-04-08,29.602052688598633,30.38917735272136,29.385979784986038,30.327440443108376,5753811
127,2008-04-09,29.679218292236328,29.941591754303413,29.339673702097695,29.694652517850635,3776374
128,2008-04-10,30.265703201293945,30.48177608759009,29.52488127875171,29.632916675227722,7075297
129,2008-04-11,30.404611587524414,30.713287783539553,30.095935391509276,30.55894968553198,4012660
130,2008-04-15,30.867612838745117,31.021950861071975,29.69464345039232,30.219392307634955,6362785
131,2008-04-16,30.450918197631836,31.392381135488332,30.327446447305338,31.17630818909783,4725794
132,2008-04-17,31.623884201049805,32.34927200486649,30.574383879766827,30.913928532341057,14831167
133,2008-04-21,32.1331901550293,32.68880757146741,31.793647690176563,32.10232380004842,7639361
134,2008-04-22,32.65793991088867,33.02835292634475,31.793648457074877,32.10232457439235,8814769
135,2008-04-23,32.68880081176758,33.0746458693187,32.256655184647684,32.719669253709036,5265604
136,2008-04-24,31.531286239624023,33.0901017092288,31.253478454022883,33.02836687835574,8801780
137,2008-04-25,31.793657302856445,32.24123737882584,31.36150936237141,32.10233350605527,4095990
138,2008-04-28,31.91712760925293,32.534480028464,31.79365796274852,31.82452432770236,4708244
139,2008-04-29,32.364707946777344,32.67338415878884,31.947996316568535,32.10233442257429,6497143
140,2008-04-30,32.58078384399414,32.997497605502026,32.41101358660067,32.68882136537611,6331377
141,2008-05-02,32.87401580810547,33.80004418654856,32.81227890820077,33.074654452763895,5658418
142,2008-05-05,32.71967315673828,33.491363363893086,32.503598224060006,33.30615687683847,7642293
143,2008-05-06,32.4418830871582,33.090104091352025,32.25667858120635,32.45731731932376,5061166
144,2008-05-07,31.97885513305664,32.62707586260413,31.484974566426974,32.41100298386964,4303106
145,2008-05-08,31.593006134033203,31.91711645956564,31.407801728974515,31.731909961163165,3642073
146,2008-05-09,31.407808303833008,32.22579930743594,30.929359827255496,31.176301179038493,8621761
147,2008-05-12,31.407808303833008,31.639315428627526,30.71328483610523,31.407808303833008,4890395
148,2008-05-13,31.500411987304688,31.731919130533026,31.238038480985875,31.54671467195699,5056766
149,2008-05-14,31.546714782714844,31.716487107013894,30.867627578863043,30.867627578863043,2982486
150,2008-05-15,31.562145233154297,31.917121974190664,30.867623884161635,30.867623884161635,2646760
151,2008-05-16,31.80908203125,31.901685289314862,31.423236867099718,31.793649899359178,4422288
152,2008-05-20,31.747350692749023,31.8708224147755,31.42324030077782,31.484977208463167,3464912
153,2008-05-21,31.947998046875,32.41101238996915,31.0219693606867,31.0219693606867,3419088
154,2008-05-22,31.515830993652344,31.670169014593995,31.176288603586745,31.176288603586745,3558000
155,2008-05-23,30.991104125976562,31.76279477811638,30.867634458972137,31.33064885025603,4417028
156,2008-05-26,30.75959014892578,30.944796701945744,29.324244596382062,29.324244596382062,2605807
157,2008-05-27,29.83354949951172,31.14542278812805,29.694645687621055,30.805878276089928,3316550
158,2008-05-28,30.92935562133789,31.11456003998201,29.4168413556859,29.94159034852682,4505700
159,2008-05-29,31.438678741455078,31.793657634847115,30.52808435117899,31.25347427360856,11026212
160,2008-05-30,30.43547248840332,31.639310609998233,30.312002877988213,31.515838906239217,4023430
161,2008-06-02,29.139028549194336,30.867615378837716,28.706880795111704,30.250261145384876,4431595
162,2008-06-03,28.05868148803711,29.015576703440278,27.796305811764057,28.706900422340222,6240766
163,2008-06-04,27.194372177124023,28.228435880824644,27.0245998993989,27.935193997486973,5762089
164,2008-06-05,27.1480712890625,27.3487120280479,26.237477131134213,27.163505514114295,9721099
165,2008-06-06,26.85483169555664,27.98150091439834,26.468986502804857,27.009169772657355,6317089
166,2008-06-09,26.484426498413086,27.1326474007788,25.31145643826515,26.546161324032536,6500809
167,2008-06-10,26.29920768737793,26.515282616491927,25.697289754394884,26.237472890492626,6717902
168,2008-06-11,26.422683715820312,26.85482945836393,26.23747720139078,26.546153329877356,2586175
169,2008-06-12,26.607881546020508,26.762219572033608,25.311442546179137,26.08313267624465,3244212
170,2008-06-13,26.438121795654297,26.82396701251966,26.160311983504666,26.561591427713502,4248430
171,2008-06-16,27.364158630371094,27.780870335191498,26.577033730139334,26.669637028992174,4354615
172,2008-06-17,28.18213653564453,28.398209401596347,26.88569724658971,27.749990803740896,4736084
173,2008-06-18,28.151277542114258,28.76863208459812,28.08954271586926,28.08954271586926,5055019
174,2008-06-19,27.549354553222656,28.08953785269697,27.101774523755655,27.595657234898443,4221271
175,2008-06-20,26.916561126708984,27.888892074066618,26.561584457680095,27.780854604356747,3837789
176,2008-06-23,25.975099563598633,26.793092494238277,25.712726131514966,26.70048924447895,4516050
177,2008-06-24,25.17255210876465,26.360956377478793,24.910176487876207,25.975109014206854,5238203
178,2008-06-25,24.478031158447266,24.987346088556816,23.92241353892664,24.694104095665118,3933879
179,2008-06-26,25.8670711517334,26.97830626151641,24.616932176563605,24.616932176563605,18253250
180,2008-06-27,24.724964141845703,25.558391404762084,24.586060295807666,25.002773927265853,6821283
181,2008-06-30,24.23108673095703,24.94104237302877,23.536565316758573,24.709535234962615,4596315
182,2008-07-01,22.51793098449707,24.231084034192502,21.65363734657158,24.231084034192502,6202295
183,2008-07-02,23.505695343017578,23.752636693009574,21.8079764401709,22.53336626327035,5245963
184,2008-07-03,22.888341903686523,23.505694202027502,22.22468902030761,23.30505554240433,4726793
185,2008-07-04,23.1970157623291,23.644595715762392,22.37902488513529,22.53336294448083,4862814
186,2008-07-07,23.706335067749023,24.663232056563487,23.505696389454524,23.505696389454524,5528014
187,2008-07-08,24.400846481323242,25.00276431156184,21.916001967412146,21.916001967412146,8354280
188,2008-07-09,26.098573684692383,26.206609074991096,24.724963221280788,24.724963221280788,6860769
189,2008-07-10,27.240678787231445,27.564789190405214,25.373187505462855,26.098577355740137,7216175
190,2008-07-11,25.944236755371094,27.84259421486297,25.74359600457778,27.50305171046089,6040791
191,2008-07-14,25.959665298461914,26.885695701238657,25.311446737865136,25.311446737865136,5942149
192,2008-07-15,24.87930679321289,25.58926247328536,24.694102328853415,25.311454730073915,3693378
193,2008-07-16,24.200223922729492,25.31145928210975,23.783510139625683,24.879311267530834,6973872
194,2008-07-17,25.434921264648438,25.62012779971879,24.694099311055435,24.694099311055435,5038238
195,2008-07-18,26.85483169555664,27.070904584828813,25.14167862106989,25.897934780194557,5983177
196,2008-07-21,28.36734962463379,28.537121949164767,26.870269253784816,27.317849314206914,8754188
197,2008-07-22,29.524877548217773,29.787250986517293,28.120400824735423,28.367342132162626,12631056
198,2008-07-23,31.608449935913086,32.22580232653561,30.281141877405776,30.836759447634932,12798869
199,2008-07-24,30.497211456298828,32.19493034462662,28.598853900324524,28.598853900324524,10764301
200,2008-07-25,30.558942794799805,31.546708073992722,29.401407320755563,30.17309763678506,10710381
201,2008-07-28,30.31199836730957,31.16085756929186,29.972453849179217,30.558937551393175,5533881
202,2008-07-29,29.092731475830078,30.095928896374843,28.861224378781287,29.63291470227726,5145929
203,2008-07-30,30.31199836730957,30.558937551393175,29.355101702283005,29.355101702283005,7354746
204,2008-07-31,29.247079849243164,30.836763731966894,28.861234551496345,30.836763731966894,6006517
205,2008-08-01,30.095935821533203,30.219407557710134,27.780864318340907,28.784061969724235,4699412
206,2008-08-04,30.2811336517334,30.836751071032708,29.494009148838035,29.494009148838035,4301346
207,2008-08-05,31.639312744140625,31.870819849292563,30.095929949783677,30.40460608998626,9161115
208,2008-08-06,30.836763381958008,32.76598984879467,30.620690436341242,32.76598984879467,8616591
209,2008-08-07,30.75959014892578,31.454111582734043,29.802693113896634,29.802693113896634,4809365
210,2008-08-08,30.23483657836914,30.991092720475933,30.12679908949213,30.404606784684308,4883824
211,2008-08-11,30.512645721435547,30.960225737525377,30.281138600008646,30.62068321543911,2714705
212,2008-08-12,29.987905502319336,30.867633660335514,29.756398312667162,30.71329344055592,5801276
213,2008-08-13,30.11136245727539,30.404604355066326,29.40140695665148,29.63291404859337,2754609
214,2008-08-14,29.385976791381836,30.25026831778524,29.324239888058106,29.941592174542862,2566362
215,2008-08-18,29.04644203186035,29.941602313034824,28.76863424621166,29.324249817509042,2963058
216,2008-08-19,28.50625228881836,29.169905237280442,27.919766291872403,29.00013501326292,2941144
217,2008-08-20,28.830364227294922,29.061871374173307,28.629723443993665,28.706892492953127,3319410
218,2008-08-21,28.52168846130371,29.000136990731896,28.182143803427074,28.706892925590957,4138486
219,2008-08-22,28.228439331054688,29.509446589239584,27.503051646068524,29.509446589239584,4139879
220,2008-08-25,28.53711700439453,28.922962178132863,28.336476258044172,28.922962178132863,2034227
221,2008-08-26,28.583423614501953,28.676026894392656,28.058674486247284,28.243878952684206,1489491
222,2008-08-27,28.012359619140625,28.938387828697977,27.8580215842144,28.73774922063131,4297168
223,2008-08-28,27.595657348632812,28.39821414086723,27.240678494365824,28.089537968466853,7382078
224,2008-08-29,28.737756729125977,28.8457942191394,27.96606635287045,28.089535975733686,2219080
225,2008-09-01,28.722213745117188,28.846618777229352,28.146835725890877,28.67556027617261,3417069
226,2008-09-02,30.230627059936523,30.355032055946644,28.67555195459355,28.924364055816536,5030404
227,2008-09-04,29.593050003051758,30.137325612272587,29.344237874138784,29.888513483359613,2813325
228,2008-09-05,28.939905166625977,29.266470804350725,28.613339528901225,29.235368511538077,3330688
229,2008-09-08,30.463891983032227,31.692399388387543,30.168426387863203,30.479441027659636,8377948
230,2008-09-09,30.572736740112305,30.821548799720144,29.872954008891597,30.463882914110517,3737279
231,2008-09-10,30.308387756347656,30.821561120704015,30.012922131023995,30.417241625864005,3847698
232,2008-09-11,29.499744415283203,30.16842501677426,29.26648344603708,30.16842501677426,2567354
233,2008-09-12,29.79519271850586,30.60383117721328,29.313119872322666,29.701887956470106,6093354
234,2008-09-15,27.913570404052734,29.15762897013379,27.07383129378863,28.70665816177001,6770268
235,2008-09-16,28.45783042907715,28.706642427760986,26.436236367223977,26.825004456041892,4654621
236,2008-09-17,27.72696304321289,28.86216564757205,27.36929493789753,28.86216564757205,4674190
237,2008-09-18,27.664752960205078,28.209028478420546,25.67426048012669,27.369289529300058,6603710
238,2008-09-19,29.344234466552734,29.499741765414758,27.99132012277206,28.31788587222285,9821730
239,2008-09-22,28.706655502319336,31.41248432023384,28.473394542788974,30.168423760202394,4162514
240,2008-09-23,28.36454200744629,29.00212246227418,27.83581752388283,28.364542007446293,6569683
241,2008-09-24,29.017663955688477,29.32867850237916,28.084620315616423,28.457837349804766,5730103
242,2008-09-25,28.115726470947266,29.219828685002984,27.447043838309423,29.095421583738823,10926783
243,2008-09-26,27.664752960205078,28.271233082150125,27.182682045719186,28.271233082150125,4967945
244,2008-09-29,26.638410568237305,28.457844882451372,26.125235164841328,28.457844882451372,7859964
245,2008-09-30,26.685068130493164,27.680314753166872,25.19219714188089,25.19219714188089,6616439
246,2008-10-01,27.571447372436523,27.835808473665352,26.48289434132123,27.027171911480078,3743739
247,2008-10-03,27.960229873657227,28.30234478731842,27.213793308098886,27.711417685137782,4681406
248,2008-10-06,27.384855270385742,27.991333606248805,26.82502830297224,27.649218649476595,5560277
249,2008-10-07,28.286785125732422,28.893265312038412,27.36929243378635,27.36929243378635,9928258
250,2008-10-08,28.069068908691406,28.30232981656745,26.1563281985864,27.33818599620121,9985473
251,2008-10-10,27.898014068603516,28.53559438714208,25.829767930312883,27.960218672716653,9025179
252,2008-10-13,28.45783042907715,28.675540136974806,27.851352632361568,28.03796215867492,6805621
253,2008-10-14,27.77361488342285,29.515297760141586,27.55590505113378,28.61335401322532,5099383
254,2008-10-15,27.540348052978516,28.131274916544296,27.244884621195624,27.618101698668887,5495022
255,2008-10-16,26.48289680480957,27.151579413136744,25.969723594709556,27.151579413136744,6651066
256,2008-10-17,24.492393493652344,27.213769845435383,24.134725621897,27.02716244683411,5586092
257,2008-10-20,24.772315979003906,25.752013139810973,23.994779554174112,24.58570850256628,7922965
258,2008-10-21,24.9744815826416,26.280742609112433,24.259147510535232,25.021132933542972,8047276
259,2008-10-22,23.606014251708984,24.91227518460733,23.372753295505607,24.72566768516631,5408099
260,2008-10-23,22.455259323120117,23.232795798790224,22.1131424301442,23.01508600744313,6641370
261,2008-10-24,19.547271728515625,22.082039752478142,19.282908487595666,21.7710251674912,9905588
262,2008-10-27,18.038850784301758,19.282909168156678,16.17276320851938,19.189604367527014,12878172
263,2008-10-29,20.418113708496094,21.708823438036053,18.660879975818105,20.526967551559373,13094201
264,2008-10-31,21.724376678466797,22.393059389589357,20.651376641087477,21.491115709071167,8097887
265,2008-11-03,22.39305877685547,22.98398570614056,21.615520124275978,22.952883400724353,4951148
266,2008-11-04,23.37275505065918,23.559364673316264,21.97318920833993,22.08204306388743,4515828
267,2008-11-05,22.51746368408203,24.50795849215885,22.08204195612639,24.50795849215885,6145587
268,2008-11-06,21.771028518676758,23.248350133969534,21.320057722868885,22.08204315153777,4896229
269,2008-11-07,23.466064453125,24.16584751119723,21.460017999288567,21.61552534552684,8250147
270,2008-11-10,23.994779586791992,24.53905508491272,23.466055239029505,24.19693821384153,3775177
271,2008-11-11,23.71487045288086,24.71011678777304,23.170594882792642,24.103638717229586,8900004
272,2008-11-12,22.71961784362793,24.228039276445188,22.439705588293926,24.228039276445188,5705390
273,2008-11-14,22.641868591308594,23.637117045750532,22.361956281748576,22.517463589104775,4038880
274,2008-11-17,23.574909210205078,24.352447749815266,21.460009697655803,24.352447749815266,5361538
275,2008-11-18,22.29975700378418,23.512713332798317,21.86433521473061,23.512713332798317,6392448
276,2008-11-19,21.75547981262207,23.092843176556606,21.475565373173634,22.393060241740013,5606729
277,2008-11-20,21.5222225189209,21.92653992978215,20.604727493280794,21.771032584311403,5080395
278,2008-11-21,22.89067840576172,23.6060123695921,20.83798131115325,21.38225683223249,8350092
279,2008-11-24,23.466064453125,23.839281662256184,22.299759356337944,23.57491832996977,5420119
280,2008-11-25,22.89067840576172,23.994780598934415,22.704070921198987,23.714868317489003,5453771
281,2008-11-26,23.40386199951172,23.76152805314182,22.4708179195688,23.139498666513205,5246053
282,2008-11-27,23.40386199951172,23.40386199951172,23.40386199951172,23.40386199951172,0
283,2008-11-28,23.03062629699707,23.481598968859476,22.113134026232167,22.70406278868551,8464961
284,2008-12-01,22.844024658203125,24.38354626256496,22.750719871138262,23.48160490907689,5733003
285,2008-12-02,22.641868591308594,22.890680704919077,21.926534555629516,22.67297089646097,5879324
286,2008-12-03,23.32610321044922,23.621566682457946,22.159798366307193,22.859581272792408,6430656
287,2008-12-04,24.44575309753418,24.570160205475432,20.682475520660766,20.682475520660766,4648185
288,2008-12-05,24.150291442871094,25.316596302446598,23.34165256321757,23.34165256321757,5338962
289,2008-12-08,24.212493896484375,25.005581621185758,23.170596156287047,24.803422956294575,11709287
290,2008-12-10,23.8237247467041,25.34769763695982,23.4816099332039,25.34769763695982,11172070
291,2008-12-11,23.55936622619629,24.243598039034104,23.186146956281938,24.243598039034104,9867592
292,2008-12-12,22.82847785949707,23.092841121696374,22.330853639781726,22.983985164507764,9847702
293,2008-12-15,23.20169448852539,23.714869849940136,23.015086991904113,23.60601389500898,5741641
294,2008-12-16,24.088085174560547,24.383548604306256,22.08203944221826,23.326099873889213,9183505
295,2008-12-17,24.05698585510254,24.725668551845775,23.419405463957737,24.725668551845775,8720755
296,2008-12-18,24.772315979003906,25.036679207127055,23.51270654893913,23.51270654893913,12640018
297,2008-12-19,25.9697208404541,26.28073538551814,24.741213809291636,25.50319902285805,10050607
298,2008-12-22,25.98527717590332,26.202986979059986,25.08333354967886,25.08333354967886,6524631
299,2008-12-23,25.456546783447266,26.234083183000145,25.269939313076055,25.814214792763075,5151765
300,2008-12-24,25.021129608154297,25.79866608119304,20.993488990451457,20.993488990451457,13318746
301,2008-12-26,25.067771911621094,26.389583439047026,24.414642775355308,26.389583439047026,5480531
302,2008-12-29,25.59650993347168,25.798668592458995,24.570161267314287,25.34769781603915,3418418
303,2008-12-30,25.549856185913086,25.96972676115455,24.60126118536215,25.534305033273984,4868199
304,2008-12-31,25.860876083374023,26.2496444327343,25.28550019184279,26.2496444327343,4396180
305,2009-01-02,26.234085083007812,26.669506763814393,25.736463016775097,26.669506763814393,3976548
306,2009-01-05,25.64316749572754,26.66951641055623,25.31660164429977,26.66951641055623,4505326
307,2009-01-06,25.456546783447266,26.622853491979058,25.03667839321019,26.622853491979058,3969700
308,2009-01-07,24.11918830871582,26.342944096862393,22.595217521507216,26.342944096862393,12109220
309,2009-01-09,23.994779586791992,26.125230237402725,22.797372647245364,26.125230237402725,5272587
310,2009-01-12,23.357206344604492,24.57016480056336,22.424162351960675,24.57016480056336,6595708
311,2009-01-13,23.015087127685547,23.621565186387567,22.672970218057344,23.326101733092,4104761
312,2009-01-14,23.06173324584961,23.450501414459247,22.424153027489346,23.450501414459247,2777281
313,2009-01-15,22.71961784362793,23.061734697216103,22.237546971575192,22.85957608049737,3693599
314,2009-01-16,23.434953689575195,23.77707057161374,22.548563401170505,23.512707334656444,2131503
315,2009-01-19,24.336896896362305,24.539055527054312,23.34164856593296,24.072533663116527,2587926
316,2009-01-20,27.058273315429688,27.68030244158652,23.32609855848869,24.36799607927989,19101726
317,2009-01-21,25.254392623901367,27.64920684487974,24.912275703989355,27.64920684487974,11311625
318,2009-01-22,26.45179557800293,26.809461485090157,24.94337408977764,26.063027370646157,10535551
319,2009-01-23,26.82501983642578,27.151585640112863,25.62761259264086,26.887222344460685,7005930
320,2009-01-27,27.695858001708984,28.069075114991517,25.8142191736228,26.747263011430544,8487928
321,2009-01-28,28.317890167236328,28.457846335598944,27.369295078462724,28.271238814183135,6636133
322,2009-01-29,28.13127899169922,28.89326651721006,27.073830100806976,28.89326651721006,13844487
323,2009-01-30,27.447050094604492,27.664759934938328,26.747267109043715,27.64921088928839,4578388
324,2009-02-02,26.000829696655273,27.68031006536691,25.627612540009267,27.36929541662806,6678800
325,2009-02-03,26.420696258544922,27.05827661238304,23.823723496727393,23.823723496727393,6591337
326,2009-02-04,26.82741928100586,28.031916219785476,25.685493143347866,27.374917503779976,7225484
327,2009-02-05,26.67098617553711,27.374912328892467,26.405057668926464,26.592772158497624,3622655
328,2009-02-06,27.03076934814453,27.359266491018285,26.749197640650284,26.889982433552007,2228530
329,2009-02-09,27.04640769958496,28.094476169917087,26.342481685039957,28.094476169917087,3190528
330,2009-02-10,26.99948501586914,27.578269580871684,26.498914466586346,27.43748265522336,3258153
331,2009-02-11,27.06205177307129,27.21847978121001,26.12348372423894,26.905623764932564,1899711
332,2009-02-12,28.376041412353516,28.6888973712468,26.749190850446496,27.046403587057064,8517373
333,2009-02-13,29.345903396606445,29.6431162108273,28.782762099209087,28.93919011950331,9331167
334,2009-02-16,27.9849796295166,29.846474825452354,27.57826846163267,29.846474825452354,3238379
335,2009-02-17,26.74920082092285,27.953697560301276,26.608416011282905,27.953697560301276,2684742
336,2009-02-18,27.48440170288086,27.812900866132843,25.982692757793313,26.749189390921185,4576718
337,2009-02-19,27.57826805114746,28.157050462354867,27.171554767626326,27.531338371304148,5072418
338,2009-02-20,26.99948501586914,27.43748265522336,26.670985725507993,27.218483835546248,3336292
339,2009-02-24,28.72019386291504,29.00176559743458,25.65420396885639,27.09334273189137,9913081
340,2009-02-25,28.641984939575195,30.01855315809211,28.344772046134608,29.03305509454738,7821109
341,2009-02-26,29.0643367767334,29.220764813001676,28.016268085059536,28.76712181047085,9451371
342,2009-02-27,30.31575584411621,31.44203835988956,28.50119051167722,28.626332070456186,35406885
343,2009-03-02,28.90790557861328,29.58054521231934,28.501192304462517,28.782761890271846,9682882
344,2009-03-03,27.8754825592041,29.252048394253872,27.687768071837777,29.064336028578527,6218930
345,2009-03-04,28.641984939575195,28.923556724169995,28.000629461082536,28.40734284659188,6597422
346,2009-03-05,28.688901901245117,29.048687583796966,28.25090433831049,29.048687583796966,6109769
347,2009-03-06,28.954830169677734,29.06433062054839,28.157046929351687,28.250904155570737,3962742
348,2009-03-09,28.454261779785156,29.09561706360714,28.18833542813557,29.09561706360714,2964226
349,2009-03-12,29.283334732055664,29.54926323447736,28.501194573981245,29.39283520286247,6091612
350,2009-03-13,29.69003677368164,29.877749067383647,28.97046767693188,29.721321095120228,6329765
351,2009-03-16,30.00290298461914,30.221901796387037,29.017405149127285,29.87775929097257,8232474
352,2009-03-17,30.128047943115234,30.59733207323523,29.752621063357463,30.2062619648019,4981205
353,2009-03-18,29.909040451049805,30.769394440616548,26.90562203879515,26.90562203879515,4007849
354,2009-03-19,30.096759796142578,30.268828924710316,28.782762700852132,28.782762700852132,3286397
355,2009-03-20,30.22189712524414,30.45653912766259,29.7369698959079,30.018541571824375,3154546
356,2009-03-23,30.722469329833984,30.972752449323877,29.971613606292255,30.018543282464623,7034396
357,2009-03-24,30.78504753112793,31.332545699957397,30.347047723049645,31.129187964234596,7551877
358,2009-03-25,30.36269187927246,30.972760861685657,29.92469417951203,30.519119932285655,5666796
359,2009-03-26,30.11240005493164,31.26996909412822,29.502331204514213,31.26996909412822,9588411
360,2009-03-27,29.58053970336914,30.50346442018581,29.314613393338796,30.50346442018581,6291705
361,2009-03-30,29.58053970336914,30.25318133349617,27.374904619661237,30.25318133349617,4842258
362,2009-03-31,29.909040451049805,30.597323218365098,28.172689247767913,30.597323218365098,7683950
363,2009-04-01,28.767112731933594,31.25431942102101,28.626327968060245,31.25431942102101,7321541
364,2009-04-02,29.283334732055664,29.721332371900957,28.986121896325578,29.37719197536279,9185217
365,2009-04-06,28.939191818237305,29.8308324349301,28.73583622859415,29.408475906667,6958026
366,2009-04-08,30.472187042236328,30.878900333364996,28.000622963341115,28.62633506609572,16888845
367,2009-04-09,30.018539428710938,31.567176109772777,29.7995385447364,31.12917646351411,7959989
368,2009-04-13,29.61182975769043,30.50346813645492,29.173830059240792,30.19061211828689,6786405
369,2009-04-15,30.378328323364258,30.581683898181765,29.408473762640483,29.408473762640483,9517190
370,2009-04-16,29.59618377685547,30.910178506481994,29.330255337495963,30.785036959542502,16019178
371,2009-04-17,30.50346565246582,31.786176071176033,29.439756125991853,30.28446688192006,24728264
372,2009-04-20,31.88003921508789,32.50575131669733,29.893402443801584,31.567183164283176,20235831
373,2009-04-21,31.285608291625977,31.989534287235415,31.004036620367888,31.72360584021786,8757532
374,2009-04-22,30.237545013427734,32.03646730942575,29.799545268344122,32.03646730942575,10270548
375,2009-04-23,31.301252365112305,31.55153761164497,29.736972226396563,30.487827965994555,7645123
376,2009-04-24,31.301252365112305,31.78617963245233,30.69118353535131,31.723608851241845,4953362
377,2009-04-27,30.268823623657227,31.28560772044233,30.049824853359564,31.28560772044233,6298942
378,2009-04-28,28.782766342163086,30.94147461345949,28.626338298809337,30.612975298078393,8020828
379,2009-04-29,28.970481872558594,29.564907609753995,28.532482062585647,29.377195224072334,10317407
380,2009-04-30,28.970481872558594,28.970481872558594,28.970481872558594,28.970481872558594,0
381,2009-05-04,29.424121856689453,30.00290646798647,29.26769381273795,29.674407151350085,6346688
382,2009-05-05,30.018539428710938,30.34703651129193,29.25204057818087,29.721324549514183,10754066
383,2009-05-06,30.143674850463867,30.847600664502426,29.799532492702355,30.33138924955014,8162872
384,2009-05-07,30.378328323364258,30.628613576617887,29.877757816857,30.34704187107351,6552316
385,2009-05-08,30.45654296875,31.598468797550368,29.909044894058145,30.3470425051353,16052278
386,2009-05-11,30.45654296875,31.269969528397088,30.253187389683642,30.378328958079734,8177989
387,2009-05-12,31.661033630371094,31.801818398775858,30.081110487474366,30.75375000412514,9045014
388,2009-05-13,31.03532600402832,32.052108093849,30.738111080420463,31.911323305750436,8210662
389,2009-05-14,31.08224868774414,31.754890314750256,30.268822294705714,31.2543199003127,7465672
390,2009-05-15,31.58283042907715,31.880043291002597,31.06661660623607,31.129187400058616,5990389
391,2009-05-18,36.61979675292969,37.54272352838857,33.81973846876994,35.66558777630719,170650
392,2009-05-19,36.93267059326172,38.76287968634755,33.47561227339715,35.66560504448522,19037417
393,2009-05-20,37.16730880737305,40.671298573759316,35.039889177098466,38.48130603061343,10704619
394,2009-05-21,36.74494552612305,38.7941505251535,36.46337174565584,37.51144014133695,11495294
395,2009-05-22,37.136024475097656,38.41873516870261,36.44773944631981,37.19859314101626,8524108
396,2009-05-25,36.47902297973633,37.54273264898978,36.04102537985332,37.52709154460813,5914983
397,2009-05-26,33.710243225097656,36.80751684425919,32.97503076031852,36.76058929190758,11328948
398,2009-05-27,34.3203125,35.66559377284838,33.710243702339284,34.41416972772256,9833643
399,2009-05-28,35.03988265991211,35.63430824810177,33.52253011713071,35.03988265991211,18047010
400,2009-05-29,35.962806701660156,36.29130379807394,35.211951042894576,35.66559180994787,12795881
401,2009-06-01,37.57402038574219,37.79301707148013,35.75945277650123,36.88573538855049,13519274
402,2009-06-02,37.245513916015625,38.70029772347748,36.35387770290173,37.855584818717766,10664555
403,2009-06-03,39.29473876953125,39.57630843431552,36.91703136274102,37.85559974094378,19445390
404,2009-06-04,39.26344299316406,39.70144061706906,38.07459169351022,39.576299045007886,11373782
405,2009-06-05,39.12264633178711,40.201996778814085,38.43436156639984,39.70142642611246,13240784
406,2009-06-08,37.83994674682617,39.81093802462925,37.12037533685158,39.10701196207366,8283946
407,2009-06-09,37.87122344970703,38.309220927207626,36.400798800190366,37.761723019486794,6301719
408,2009-06-10,38.262290954589844,39.32600025909556,37.730434180646945,39.32600025909556,5514227
409,2009-06-11,38.356163024902344,39.26344476757538,37.91816538120315,39.091375628637756,8425194
410,2009-06-12,37.933799743652344,38.85672667158484,36.94830415967537,38.48129776179302,8819990
411,2009-06-15,38.152801513671875,38.70029954423132,37.073446556073584,38.70029954423132,6088490
412,2009-06-16,38.43436813354492,38.71593767899405,36.99522971489485,38.41872703122369,5235173
413,2009-06-17,37.245513916015625,39.35729617791492,36.63544725669459,39.35729617791492,8548532
414,2009-06-18,34.24209976196289,37.3863032158155,33.69460172199768,37.229875204396876,15756310
415,2009-06-19,33.80410385131836,35.337097590398294,32.599607255119274,35.337097590398294,11260656
416,2009-06-22,33.27224349975586,34.226454743767924,32.84988916406207,33.78845718341349,11032509
417,2009-06-23,33.585105895996094,34.07003107026765,32.30239525786208,32.537037292518974,9061729
418,2009-06-24,33.64767837524414,34.66446057662454,33.24096507035379,34.66446057662454,12156270
419,2009-06-25,33.49125671386719,34.554966678169585,33.02197040997923,34.10132572638448,22858397
420,2009-06-26,34.68009948730469,34.88345505359199,33.17838803077559,34.38288456808229,16833106
421,2009-06-29,34.86781692504883,35.68124143079438,34.570604084070816,35.68124143079438,16727201
422,2009-06-30,34.22645950317383,35.49352692983011,33.72589109626021,35.03988608173341,10678356
423,2009-07-01,33.47560119628906,34.50802644250978,32.84988918302688,34.273384437536464,9694486
424,2009-07-02,34.44546890258789,34.68011099773194,33.3974000289346,34.68011099773194,11593296
425,2009-07-03,35.33709716796875,35.58738241996901,33.55381819521439,34.24210104694703,14320723
426,2009-07-06,32.42753982543945,36.760597314683366,32.06775618771496,35.915884214476215,16536927
427,2009-07-07,32.709110260009766,34.0700350694428,32.22418502881719,34.0700350694428,6256398
428,2009-07-08,31.88003921508789,32.50575131669733,30.878900276850974,32.50575131669733,9995092
429,2009-07-09,32.192901611328125,32.599614981878354,31.348190531995378,32.06776001501635,5766023
430,2009-07-10,32.114681243896484,33.28789143407461,31.629753940951346,32.380609735679876,4813799
431,2009-07-13,32.25546646118164,32.94374935735123,31.05096980161667,32.38061015610669,6649724
432,2009-07-14,33.78845977783203,34.07002935658131,32.42753519659878,32.77167767879523,6681312
433,2009-07-15,34.74266815185547,34.94602370575908,33.85102769186765,34.25774092136544,5318107
434,2009-07-16,34.68009948730469,35.79073667167629,33.78845897301888,35.79073667167629,6733724
435,2009-07-17,34.946022033691406,35.29016447026727,34.44545372430615,35.29016447026727,4714999
436,2009-07-20,35.02425003051758,35.665605488661875,34.66446634803462,35.05553649059928,3204852
437,2009-07-21,34.476749420166016,35.25888965060476,33.94489448780591,35.25888965060476,3387311
438,2009-07-22,34.05438995361328,35.25888445809044,33.66331989598611,34.5706015810048,4155805
439,2009-07-23,35.54045104980469,35.88459349958833,34.13259904527433,35.16502215124416,7225701
440,2009-07-24,35.368385314941406,36.43209715649247,35.086813597314276,36.43209715649247,3938895
441,2009-07-27,35.868961334228516,36.260031479192975,35.196321533566184,36.260031479192975,5271010
442,2009-07-28,36.385169982910156,36.60417094282067,35.69688913232993,36.51031581336319,5714377
443,2009-07-29,36.72929382324219,36.91700822993435,35.29015781813249,36.88572178825564,8829709
444,2009-07-30,37.245513916015625,37.74608436908134,36.82316170701688,36.94830325943803,17110331
445,2009-07-31,36.72929382324219,37.933790002521775,36.54157941655002,37.511433648309435,5752956
446,2009-08-03,36.69801712036133,37.30808804316443,36.541589113835535,37.10473248335715,3665243
447,2009-08-04,36.26002502441406,37.49580815986855,36.134883448978876,37.49580815986855,3621563
448,2009-08-05,35.93152618408203,36.44773781081066,35.352741650860736,36.44773781081066,4774621
449,2009-08-06,35.21195983886719,36.22873995187395,34.94603132880828,35.790742299449775,7103528
450,2009-08-07,35.290164947509766,35.82201971166366,34.77395128566501,35.0398797285872,3574790
451,2009-08-10,34.61752700805664,35.91587867077101,34.335957432575924,35.634309095290284,2330557
452,2009-08-11,34.83652877807617,35.227598821213086,34.17953025692984,35.227598821213086,2647345
453,2009-08-12,34.382877349853516,34.83652018535007,32.84988400755904,32.84988400755904,3169220
454,2009-08-13,34.961666107177734,35.32144965459529,34.60188255976018,35.32144965459529,3372052
455,2009-08-14,35.008602142333984,35.66560074310081,34.72703252582879,34.72703252582879,5692114
456,2009-08-17,33.30352783203125,34.85216454117891,33.131456615083636,34.4141670086672,7525848
457,2009-08-18,34.023094177246094,34.10130816733916,32.849884325850056,33.38173903414487,3831268
458,2009-08-19,33.19403076171875,34.398527281080085,33.08453242830723,34.33595650174627,2016070
459,2009-08-20,33.52252960205078,33.77281483806573,33.31917404123961,33.60074360569978,1291386
460,2009-08-21,33.916168212890625,34.042134805687176,33.0816467434064,33.6957293450496,2476248
461,2009-08-24,34.215335845947266,34.43577685230143,33.91616865457824,34.2940641666045,3720905
462,2009-08-25,34.62472915649414,34.92389639638696,34.24683358317464,34.60898306268026,5644025
463,2009-08-26,34.4672737121582,35.08135430753851,34.16810646165424,34.64047647896875,4450635
464,2009-08-27,34.02639389038086,34.782185019554014,33.821698946816234,34.46727169312476,7528977
465,2009-08-28,33.884681701660156,34.43577999658077,33.506784019486254,34.26257724819149,4498782
466,2009-08-31,33.884681701660156,34.073628407104536,33.44380178433813,33.66424067517786,5347897
467,2009-09-01,33.55402374267578,34.16810647391932,33.28634868082049,33.97915761266857,4467549
468,2009-09-02,33.979156494140625,34.07363092165608,33.223365345302405,33.380822012613926,3513954
469,2009-09-03,33.49103927612305,34.32556086629647,33.2233642320484,34.32556086629647,5440841
470,2009-09-04,33.742977142333984,33.82170548917024,32.98718586696317,33.56977435216561,3523284
471,2009-09-07,33.69573211669922,34.3727948669691,33.569765513541256,34.29406654086132,4931172
472,2009-09-08,34.02639389038086,34.42003554841744,33.86893722716623,33.90042727842355,4162308
473,2009-09-09,33.207618713378906,34.01064813078472,33.06590814222322,34.01064813078472,8053306
474,2009-09-10,33.82169723510742,34.215338873221874,33.42805559699296,33.632750530198024,7355612
475,2009-09-11,34.07362747192383,34.262576307824915,33.58551142554812,34.07362747192383,4466196
476,2009-09-14,34.01064682006836,34.13661129276501,33.69573350268412,33.85319016137624,2292939
477,2009-09-15,33.79020690917969,34.24683077853065,33.63275025522125,34.19959463660014,6351632
478,2009-09-16,33.94767761230469,34.278337149588594,33.60127197597995,34.0421520709063,7262510
479,2009-09-17,34.02639389038086,34.21534060485281,33.7114805639516,34.152358366695495,4533815
480,2009-09-18,33.963417053222656,34.08938154956867,33.72723202084161,33.72723202084161,3807983
481,2009-09-22,34.01064682006836,34.26257790110427,33.916172397724566,34.01064682006836,3732519
482,2009-09-23,34.67197799682617,35.20733040003348,34.10513339640057,34.199607852412065,10885467
483,2009-09-24,35.081363677978516,35.6954465730268,34.60899353449114,34.95539916063923,10152395
484,2009-09-25,35.049869537353516,35.49074743237492,34.797938396351384,34.95539509252232,5754133
485,2009-09-29,34.93964767456055,35.67969497283692,34.797937080494,35.5852205315782,3351144
486,2009-09-30,34.62472915649414,35.39626639694701,34.51451077108243,35.018370823627514,5591598
487,2009-10-01,34.545989990234375,34.95537762280702,34.43577163938462,34.67195656560245,4613924
488,2009-10-05,34.2940788269043,34.49877382950315,34.05789376396636,34.2940788269043,3847231
489,2009-10-06,34.4830207824707,34.608985269729175,33.77446573644538,34.53025693128191,2883224
490,2009-10-07,34.2625846862793,34.766444812490214,34.089381900289304,34.64048031484825,3492297
491,2009-10-08,33.979156494140625,34.451526496075196,33.8846842022679,34.32556201648307,6173266
492,2009-10-09,33.963417053222656,34.2625843337767,33.71148592488761,34.16810989369568,4193022
493,2009-10-12,34.105125427246094,34.24683601032893,33.900430464443886,34.010650993309916,1800379
494,2009-10-13,34.105125427246094,34.105125427246094,34.105125427246094,34.105125427246094,0
495,2009-10-14,35.00261306762695,35.270290166349966,34.12085773554602,34.420024875762195,6809859
496,2009-10-15,35.412017822265625,35.90013399012855,35.002629999682426,35.002629999682426,7572106
497,2009-10-16,35.270301818847656,35.74267181808351,35.128591246205445,35.585215151671555,3312168
498,2009-10-20,35.22305679321289,35.805645030677084,34.98687185313877,35.11283630025476,3209019
499,2009-10-21,35.081363677978516,35.49075156279625,34.86092470481309,35.20733033096117,1976113
500,2009-10-22,34.357051849365234,35.08135076084051,31.80625315949357,34.797929633362585,2682882
501,2009-10-23,34.73495101928711,34.79793326133278,34.32556324252606,34.640476588397206,1979627
502,2009-10-26,34.62472915649414,34.95538858401472,34.23108748936076,34.483018583454665,1820035
503,2009-10-27,34.357051849365234,34.71920130510287,34.18384910006536,34.2940674782434,4096925
504,2009-10-28,33.884681701660156,34.32555948333962,33.44380178433813,34.32555948333962,1873167
505,2009-10-29,33.317840576171875,34.30981894912342,33.065911594764735,33.41231501202101,4457277
506,2009-10-30,32.8612060546875,33.97914855864334,32.467564478339824,33.97914855864334,2912146
507,2009-11-03,32.24713134765625,33.27059962786,32.026692452894736,32.593536850597644,3200653
508,2009-11-04,32.8927116394043,33.03442223751055,31.585819791963516,32.64078050074701,2690289
509,2009-11-05,33.55402374267578,33.69573645643525,32.26288030960499,32.829724757714445,2975233
510,2009-11-06,33.60126876831055,34.12087717319442,33.44381206422027,33.97916443099858,2665782
511,2009-11-09,33.80595397949219,33.93191845204526,33.08165078756289,33.90042626608569,1222652
512,2009-11-10,33.1288948059082,34.01065267346742,32.90845587292914,34.01065267346742,2700520
513,2009-11-11,34.18385696411133,34.30982146404815,33.06591401851052,33.333589114787024,3211200
514,2009-11-12,33.49103927612305,34.6719663770315,33.239108189737806,34.6719663770315,7034805
515,2009-11-13,32.987178802490234,33.77446210224966,32.78248386316721,33.53827711232183,5050823
516,2009-11-16,33.0501594543457,33.648496014853826,32.782482291007526,33.38081885151565,6037955
517,2009-11-17,33.0344123840332,33.191869031772576,32.67226294848963,33.191869031772576,4578478
518,2009-11-18,32.8927116394043,33.31784343372304,32.766745002254105,33.065914430708865,3519599
519,2009-11-19,32.93993377685547,33.223356988107945,32.7824771491515,33.002916000808625,3934390
520,2009-11-20,33.63275146484375,33.75871593828387,32.97143264017655,33.09739711361667,4677765
521,2009-11-23,33.44380569458008,33.75871904278288,33.19187458888927,33.695736800270886,2821321
522,2009-11-24,32.703758239746094,33.538279887941464,32.60928380882776,33.538279887941464,5439086
523,2009-11-25,32.971439361572266,33.01867551483099,32.68801603509077,32.751000420293146,1865683
524,2009-11-26,32.46757507324219,32.97143730964572,32.31011839132145,32.719506191443955,5780245
525,2009-11-27,32.16840362548828,32.59353746569919,31.617305310362916,32.404588617684865,7226035
526,2009-11-30,31.428354263305664,32.67226351035209,29.93251608405781,32.43607853468138,34539390
527,2009-12-01,32.278629302978516,32.56205048466635,31.491345869797872,32.12117261634239,9492411
528,2009-12-02,32.45182800292969,32.65652296466249,32.05818630995452,32.3101174205872,4964876
529,2009-12-03,32.46757507324219,32.68801400080263,32.38884673228182,32.499067263883504,3578736
530,2009-12-04,32.672271728515625,32.87696457132697,32.19990165835741,32.278630003383775,3567645
531,2009-12-07,32.59354019165039,32.81397910900835,32.56204800246661,32.73525077169173,4545289
532,2009-12-08,32.971439361572266,33.14464214959268,32.49906928641283,32.68801603509077,4206166
533,2009-12-09,32.751007080078125,33.19188505228713,32.68802268206812,32.93995386717763,3096689
534,2009-12-10,33.22336196899414,33.443800853699734,32.75099201506394,32.75099201506394,3347394
535,2009-12-11,33.11315155029297,33.61701384229787,32.98718704511333,33.38082879335367,2530102
536,2009-12-14,33.0501594543457,33.30209052531531,32.924192851039635,33.065905546714276,1458861
537,2009-12-15,33.0501594543457,33.22336219911496,32.81397447574467,33.11314168817747,2359025
538,2009-12-16,32.924198150634766,33.1288931130896,32.60928479514383,32.90845419137452,3602393
539,2009-12-17,32.955684661865234,33.34932628840074,32.861210244368216,33.34932628840074,1264927
540,2009-12-18,32.924198150634766,33.144639207992725,32.62503089004695,32.924198150634766,1671508
541,2009-12-21,32.924198150634766,33.034418679313745,32.688013134016565,32.7667414728893,1309866
542,2009-12-22,33.53827667236328,33.82169780230167,32.76673734020608,32.95568618392674,3246132
543,2009-12-23,34.49875259399414,34.78217364080415,33.632741229623356,33.695723447176476,9531688
544,2009-12-24,34.2625846862793,35.0341220395332,34.026399651468324,34.483023624974265,3529789
545,2009-12-29,34.545989990234375,35.06559810929883,34.38853337275582,34.56173607911064,3582130
546,2009-12-30,34.2783317565918,34.79793799368603,34.18385731285382,34.48302460498817,1887030
547,2009-12-31,34.687705993652344,35.55371752646836,34.404284891714966,34.545995442683655,8785123
548,2010-01-04,35.396263122558594,35.63244810098995,34.6719642305498,34.703454279621795,4353415
549,2010-01-05,35.50648880004883,36.0260949739499,35.34903212484937,35.585217137648556,4374738
550,2010-01-06,35.758419036865234,36.026094096801366,35.58521627123434,35.77416513113037,5549959
551,2010-01-07,36.07331466674805,36.29375561998337,35.49072651565404,35.86862193662023,4535147
552,2010-01-08,36.16779708862305,36.466962121039224,35.91586391937927,36.246525403145895,3809958
553,2010-01-11,36.34176254272461,36.76875529808919,36.24687717040433,36.689682724501736,3041300
554,2010-01-12,35.81987762451172,36.53153065188768,35.67754744803261,36.12035506316591,2569224
555,2010-01-13,36.357574462890625,36.531532384068804,35.36125889033467,35.81987932294906,3322262
556,2010-01-14,37.11667251586914,37.48040546733275,36.38920232298058,36.53153466005654,6747297
557,2010-01-15,37.52785110473633,38.41346650190637,37.11667543852422,37.43296573252174,11273753
558,2010-01-18,37.19574737548828,37.95484321009949,37.03760223119588,37.559480349368485,4085821
559,2010-01-19,36.76875305175781,37.606921422585856,36.57897802874961,37.16411589554099,4992784
560,2010-01-20,36.97434997558594,37.30645742010522,36.65805962268899,36.76876210419542,3697700
561,2010-01-21,35.946414947509766,37.148321150675606,35.756641977258646,36.84784352739327,3555527
562,2010-01-22,36.1519889831543,36.35758111483935,34.712869801130026,34.791942377943705,4943166
563,2010-01-25,36.46828079223633,37.00597605269733,35.44033939630697,36.15199047195621,2912852
564,2010-01-27,35.83570098876953,37.132489967600776,35.48778079116697,36.46827946126167,8252922
565,2010-01-28,36.025474548339844,37.306452896214765,34.254250073889565,36.658055177425155,11600411
566,2010-01-29,35.64592742919922,35.962217751100475,35.12404925605456,35.70918506458327,3996285
567,2010-02-01,35.72500228881836,35.94640509927784,35.424526892838976,35.50359947835888,2078776
568,2010-02-02,35.96221160888672,36.53153452006691,35.5826637164268,35.86732409952657,3466800
569,2010-02-03,35.72500228881836,36.13618016251806,35.582672063878775,36.05710757699816,2006355
570,2010-02-04,35.424522399902344,36.13617557932156,35.32963488031694,35.582667550884395,2254939
571,2010-02-05,33.96958923339844,35.10823528171936,33.843073959132155,34.98172000745308,4391981
572,2010-02-08,34.317501068115234,34.45983125312546,33.77980806642077,34.317501068115234,1831316
573,2010-02-09,34.19099044799805,34.47565085650963,34.01703035613836,34.19099044799805,1113258
574,2010-02-10,33.93794631958008,34.36493678813157,33.85887377225794,34.317494117730334,1023345
575,2010-02-11,33.85889434814453,34.2384423769443,33.82726445200229,34.001224590821764,640478
576,2010-02-15,33.17885971069336,34.317505632170395,33.14722982315978,33.93795770667167,1575236
577,2010-02-16,33.763999938964844,34.00121767685037,33.14723210447766,33.2104918838986,1192982
578,2010-02-17,33.874698638916016,34.080286464216435,33.748181239132045,34.00121389371923,989784
579,2010-02-18,34.20680236816406,34.6179801715486,33.590036735577655,33.922141966964425,1713670
580,2010-02-19,33.89051818847656,34.20680853347464,33.68493032222028,34.20680853347464,1267093
581,2010-02-22,33.84307098388672,34.27006375071413,33.763998408176526,33.96958624703067,835164
582,2010-02-23,33.71654510498047,33.906320096999146,33.54258505312674,33.843062481319706,801182
583,2010-02-24,33.60585403442383,33.81144187803545,33.41607899033545,33.59003908991964,906081
584,2010-02-25,33.669105529785156,33.84306559765748,33.24211283091496,33.84306559765748,1650113
585,2010-02-26,34.017032623291016,34.44402326451628,33.52678220264187,33.84307251983732,1548385
586,2010-03-02,34.017032623291016,34.63379831282595,33.84307251983732,34.03284756814699,780476
587,2010-03-03,34.38077163696289,34.475659177696144,33.700746049192354,33.700746049192354,1578097
588,2010-03-04,34.41239929199219,34.633802109302465,34.25425411605896,34.47565693336924,1157814
589,2010-03-05,34.238433837890625,34.68123940355789,34.15936126223712,34.475651564851134,766252
590,2010-03-08,34.807762145996094,35.01335001620986,34.31751167281569,34.475656848358966,1998979
591,2010-03-09,34.41239929199219,34.91846256798979,34.317511757436,34.7919472852357,1368556
592,2010-03-10,34.507286071777344,34.697058991757615,34.20680852809151,34.44402628680274,1572349
593,2010-03-11,33.779808044433594,34.855194047122566,33.558403151250076,34.475646172348846,4256779
594,2010-03-12,33.62166976928711,33.96958999883066,33.38445201595681,33.54259718484368,7813231
595,2010-03-15,33.099788665771484,33.68492659730523,32.95745845525761,33.68492659730523,2420100
596,2010-03-16,33.19467544555664,33.289562965437895,32.751867734437745,32.91001288591287,1690093
597,2010-03-17,33.63747787475586,33.7956251564635,33.24211503293849,33.24211503293849,2067076
598,2010-03-18,33.558414459228516,33.811447176000776,32.30906796733077,33.38445433238626,2257266
599,2010-03-19,34.22261428833008,34.55471949037864,33.40025875420798,33.526776145216324,3363560
600,2010-03-22,34.017032623291016,34.50728304394017,33.73237005082652,33.84307251983732,2178427
601,2010-03-23,34.14354705810547,34.444022423104826,33.7798140602085,34.08028942520786,1381649
602,2010-03-25,33.669105529785156,34.301686034789554,33.52677534515528,34.301686034789554,3128139
603,2010-03-26,33.763999938964844,34.00121767685037,33.479337366513604,33.700740159543905,2059990
604,2010-03-29,33.763999938964844,34.04866036643509,33.55840994580878,33.98540273199514,1977720
605,2010-03-30,33.748191833496094,34.00122456751631,33.6849341862364,33.764006781556375,1369034
606,2010-03-31,33.89051818847656,34.03285055971064,33.305380192237635,33.84307549471932,1719363
607,2010-04-01,33.73236083984375,34.03283827511564,33.684918163211556,34.001208394040574,928358
608,2010-04-05,34.017032623291016,34.23843541633163,33.76399994053846,34.15936283703277,1444077
609,2010-04-06,33.90633010864258,34.15936279105456,33.81144258461546,34.15936279105456,2818200
610,2010-04-07,34.96589660644531,35.10822679182177,33.87469565858509,33.87469565858509,3932498
611,2010-04-08,35.155670166015625,35.70917812172547,34.20679938479874,35.42451774535265,4525961
612,2010-04-09,34.681243896484375,35.25056694394111,34.57054356321687,35.171494358043816,2218499
613,2010-04-12,34.301700592041016,34.9500963138384,34.19100024367361,34.50729063040585,854787
614,2010-04-13,34.08028793334961,34.538908433007435,33.96958547188907,34.00121535944375,1196945
615,2010-04-15,34.04866027832031,34.44402317377303,33.93795995458214,34.31750790522056,1834504
616,2010-04-16,34.12773132324219,34.222618842881495,33.8747007975119,33.93795842894447,3410045
617,2010-04-19,34.017032623291016,34.12773294732083,33.684927361239595,33.9695877887231,1997149
618,2010-04-20,34.14354705810547,34.428209623616134,33.70073933786032,34.00121684784061,2663183
619,2010-04-21,34.807762145996094,35.17149519175314,34.127736604171275,34.159366497272416,4408329
620,2010-04-22,34.36494064331055,35.31381131762388,34.032837623285175,34.69704580831629,3257926
621,2010-04-23,34.681243896484375,34.79194637473305,34.285880966997915,34.475656031143885,1225052
622,2010-04-26,34.91844940185547,35.218926838817424,34.69704666802593,34.791934166804424,1204934
623,2010-04-27,35.804073333740234,36.262693881025626,34.82357460247165,34.87101729374974,11718037
624,2010-04-28,36.34176254272461,38.1129890490759,34.190990257130544,35.58266669427739,8993805
625,2010-04-29,34.93428039550781,36.025481770439065,34.66543486123915,36.025481770439065,5294606
626,2010-04-30,34.807762145996094,35.26638272607535,34.72868955822445,35.26638272607535,1318467
627,2010-05-03,34.58635330200195,34.77612619259417,34.50728072800999,34.77612619259417,1557313
628,2010-05-04,34.00121307373047,34.77612381691878,33.89051061971184,34.60216373702409,1045708
629,2010-05-05,33.92213821411133,34.064468398964955,33.59003301946581,33.84306565086147,1404451
630,2010-05-06,33.763999938964844,34.00121767685037,33.33700715277848,33.684927359669665,1322298
631,2010-05-07,33.52677917480469,33.763996891277905,33.22630168462064,33.36863403048921,5243780
632,2010-05-10,34.19099044799805,34.364948394876876,33.59003759839014,33.62166534101318,1121466
633,2010-05-11,33.763999938964844,34.444023262910974,33.66911241481443,34.444023262910974,838559
634,2010-05-12,33.795631408691406,34.04866195828089,33.55841151473436,34.032849157667364,1266616
635,2010-05-13,34.27006149291992,34.34913406342063,33.68492361322242,34.001213895225234,1612426
636,2010-05-14,33.60585403442383,34.28587734327545,33.36863630180383,33.92214434458383,1711958
637,2010-05-17,32.783504486083984,33.49515781670955,32.593729406591294,33.210497342451866,1851642
638,2010-05-18,32.894203186035156,33.19467857315245,32.60954059957054,33.19467857315245,1361316
639,2010-05-19,32.48302459716797,32.894202449534305,32.29324954377395,32.894202449534305,2450689
640,2010-05-20,32.92582702636719,33.08397217398213,32.024400971950485,32.34069126718038,2116627
641,2010-05-21,32.68860626220703,32.95745384611977,31.73973546484062,31.992768106467793,1432024
642,2010-05-24,32.498844146728516,32.91001991236722,32.29325411892781,32.76768967464756,3809046
643,2010-05-25,31.913694381713867,32.34068708302332,31.64484680755894,32.261614519446056,2621138
644,2010-05-26,32.64117431640625,32.89420704125893,32.38814159155357,32.54628677646382,1674436
645,2010-05-27,32.0560302734375,33.05234603885312,31.692297274226352,33.05234603885312,4522469
646,2010-05-28,32.593719482421875,32.862567072347304,32.056026447551716,32.056026447551716,1223573
647,2010-05-31,32.67279052734375,32.783492975676666,32.30905758850233,32.65697773042241,3962642
648,2010-06-01,32.9100227355957,33.21050032931348,32.530474687456156,33.21050032931348,2173677
649,2010-06-02,33.02071762084961,33.09979020202518,32.577912024258836,33.02071762084961,1067731
650,2010-06-03,33.4002685546875,33.510971036180116,33.02072056025475,33.1788657366835,855327
651,2010-06-04,33.44770812988281,33.57422339311962,33.14723062597884,33.52678070565104,730766
652,2010-06-07,33.03653335571289,33.19467852184398,32.26162247066677,33.02071841010356,1110289
653,2010-06-08,32.593719482421875,33.21048723048836,32.46720423126914,33.036527151417836,1369731
654,2010-06-09,32.40394592285156,32.84675143753569,32.30905841399621,32.59371879558162,2036943
655,2010-06-10,32.245819091796875,32.79932737180193,32.10348882022052,32.514664683667355,2079894
656,2010-06-11,32.07184982299805,32.57791525063261,32.008592180789044,32.419770072619464,1791437
657,2010-06-14,32.593719482421875,32.68860699327678,32.16672890104588,32.56209174212404,1700881
658,2010-06-15,32.67279052734375,32.73605029495147,32.41976003683524,32.60953290471662,1047592
659,2010-06-16,32.46721267700195,32.95746315646443,32.38814008821708,32.67280054985013,1289944
660,2010-06-17,32.53045654296875,32.688601653566884,32.3406836972392,32.46719892772557,662067
661,2010-06-18,32.53045654296875,32.862561704220894,32.22998126182837,32.451383987669686,1111519
662,2010-06-21,32.70442581176758,32.81512827838126,32.53046571208077,32.64116817869445,1131800
663,2010-06-22,32.451393127441406,32.81512827124949,32.29324797230249,32.73605569368003,1139377
664,2010-06-23,32.35651397705078,32.53047412170896,32.22999867819838,32.26162857540223,1355354
665,2010-06-24,32.08766174316406,32.5146523965354,31.94533152537362,32.29324959719681,2329371
666,2010-06-25,32.0560302734375,32.32487789544988,31.913700062658396,31.97695769578456,1672844
667,2010-06-28,32.656978607177734,32.81512374048163,32.07184075596105,32.07184075596105,2401306
668,2010-06-29,32.435577392578125,33.13141777421868,32.29324718541743,32.81512747164785,1542276
669,2010-06-30,32.92582702636719,33.05234443144765,32.13510128829244,32.26161869337291,2708253
670,2010-07-01,32.656978607177734,32.91000910447946,32.419760907221885,32.79930879815512,1450319
671,2010-07-02,32.751861572265625,32.9732664586588,32.60953139171322,32.76767651343378,1534161
672,2010-07-05,32.293251037597656,32.86257407913445,31.629042609955693,32.57791363085663,1409644
673,2010-07-06,32.277435302734375,32.403952722751136,32.19836271959181,32.29325024835911,765539
674,2010-07-07,32.48302459716797,33.14723299408492,32.43557976132894,32.57791212386498,4099698
675,2010-07-08,32.26161575317383,32.89419628598267,32.214170926224774,32.89419628598267,2147848
676,2010-07-09,32.245819091796875,32.48303692608475,32.15093152908535,32.41977926593769,2076435
677,2010-07-12,31.929527282714844,32.41977788163953,31.850454674661883,32.30907537237268,4188571
678,2010-07-13,31.945327758789062,32.08765795979775,31.708110042114317,31.88206798502449,3777184
679,2010-07-14,31.850435256958008,32.261612997154124,31.771362697111854,32.229983115223476,2928502
680,2010-07-15,31.866254806518555,32.15091520514099,31.80299503350843,32.10347252036418,3552196
681,2010-07-16,31.739734649658203,32.08765479108239,31.62903434646366,32.08765479108239,1309829
682,2010-07-19,31.644853591918945,32.071846384771646,31.344378214902346,31.344378214902346,3056097
683,2010-07-20,31.581584930419922,31.8346175287699,31.53414225665817,31.78717485500815,2241425
684,2010-07-21,31.597414016723633,31.739744246712934,31.502526481737025,31.739744246712934,1373142
685,2010-07-22,32.08766174316406,32.483024650904774,31.629041199181053,31.850443998519637,5819774
686,2010-07-23,31.945327758789062,32.38813330525627,31.818810356240718,32.38813330525627,1826820
687,2010-07-26,31.945327758789062,32.08765795979775,31.6290374698894,31.945327758789062,1879489
688,2010-07-27,31.992774963378906,32.198362822212374,31.67648462980059,31.67648462980059,2785906
689,2010-07-28,32.0244026184082,32.45139325193276,31.8662574626626,32.103475196281,3199899
690,2010-07-29,31.739734649658203,32.2457999199151,31.549961782047305,31.692291969000625,2312762
691,2010-07-30,31.755556106567383,32.008588793608496,31.67648352592835,31.78718599681541,1285466
692,2010-08-02,31.80299186706543,32.07183944064849,31.723919303656363,31.945324197186206,778568
693,2010-08-03,31.597414016723633,31.882074476702233,31.534156375059638,31.882074476702233,1708893
694,2010-08-04,31.67648696899414,31.78718945191397,31.202051433591322,31.78718945191397,1886451
695,2010-08-05,31.249496459960938,31.882077221013983,31.154608916806698,31.48671424535583,1508701
696,2010-08-06,31.486709594726562,32.02440487818847,31.31274948213483,31.391822065587334,3922176
697,2010-08-09,32.30906677246094,32.388139359466635,31.81881630402936,31.866261143221504,3155186
698,2010-08-10,32.10346603393555,32.56208642571111,31.96113371840146,32.56208642571111,2033594
699,2010-08-11,31.67648696899414,32.13510755755395,31.629044273446365,31.94533463038158,1383082
700,2010-08-12,31.549959182739258,31.692289357966413,31.470884479857048,31.502514361009933,746648
701,2010-08-13,32.22998809814453,32.324875613626105,31.518334949503895,31.739737722307044,2838836
702,2010-08-16,33.30537796020508,34.00121838855253,32.38813687917403,32.38813687917403,10437835
703,2010-08-17,33.21049118041992,33.93795932352222,33.08397376923899,33.66911170162106,4272775
704,2010-08-18,32.87837219238281,33.60584003162755,32.46719453150709,33.416065066614124,2042150
705,2010-08-19,33.0048942565918,33.526774446215796,32.62534639276193,33.526774446215796,2150678
706,2010-08-20,32.64117431640625,33.242125161072686,32.577916671438416,33.05235222616919,1350531
707,2010-08-23,33.0048942565918,33.1788543197998,32.35649882735134,32.799306455969926,1558660
708,2010-08-24,32.593719482421875,33.1946722878491,32.43557434599062,33.1946722878491,1419761
709,2010-08-25,32.593719482421875,32.89419695762584,32.37231672041425,32.41976154833204,1708531
710,2010-08-26,33.35281753540039,33.590035240837615,32.5779067933016,32.86256718183399,6819779
711,2010-08-27,33.0048942565918,33.68491956822662,32.799306455969926,33.495144563821434,3318728
712,2010-08-30,34.396575927734375,34.633793633581355,33.210487398499495,33.33700265029227,12599675
713,2010-08-31,34.41239929199219,35.02916504913554,34.001221405569545,34.4440270401901,7251681
714,2010-09-01,34.22261428833008,34.697049678404994,33.93795391227737,34.41238930235228,4105554
715,2010-09-02,34.03284454345703,34.507279977084465,33.85888445546414,34.507279977084465,2077611
716,2010-09-03,34.159366607666016,34.50728685297809,34.096108966240514,34.285881890517004,2025354
717,2010-09-06,34.175174713134766,34.41239242973043,33.843069480904674,33.843069480904674,1657041
718,2010-09-07,34.06343460083008,34.63807577865811,33.91977484762751,34.63807577865811,2364772
719,2010-09-08,33.999603271484375,34.19115114938718,33.7601695066153,34.063451842445694,2119627
720,2010-09-09,33.36109924316406,34.15921145807057,33.24936266706997,34.127286103467135,4325702
721,2010-09-13,33.69630432128906,33.99958869208664,33.47283333624185,33.77611554202149,2223035
722,2010-09-14,33.53669357299805,33.951712498514105,33.37707107587792,33.55265625571379,2096762
723,2010-09-15,34.111331939697266,34.2549917321136,33.53668843999523,33.53668843999523,3700295
724,2010-09-16,33.728240966796875,34.44654219385454,33.61650435435823,34.12729720405113,1645185
725,2010-09-17,33.60053634643555,33.98362981579425,33.52072511677673,33.919781265070824,3999245
726,2010-09-20,33.728240966796875,33.91978882668638,33.648429719346026,33.77612684925993,1658444
727,2010-09-21,33.728240966796875,34.15922256903893,33.61650435435823,34.015560591612484,4168036
728,2010-09-22,33.792076110839844,34.095360462715114,33.6164910031799,33.760152923549356,2530696
729,2010-09-23,33.53669357299805,33.919789298101286,33.424959124025165,33.71227875283392,1296047
730,2010-09-24,33.69630432128906,33.77611554202149,33.34513624907713,33.53668187982421,2212027
731,2010-09-27,33.792076110839844,34.19113435462215,33.6164910031799,34.19113435462215,1731020
732,2010-09-28,34.12729263305664,34.20710386981761,33.712273768895926,33.839973046724495,3076594
733,2010-09-29,34.685970306396484,35.26061162777746,34.19114238453066,34.19114238453066,11684464
734,2010-09-30,33.999603271484375,35.05311226991209,33.88786664853794,34.733867250086654,5236368
735,2010-10-01,34.63808059692383,34.87751427390667,34.12728788668653,34.12728788668653,3875195
736,2010-10-04,35.02116775512695,35.27656406436064,34.43056609035533,34.877508007751025,4550532
737,2010-10-05,35.7235221862793,35.946995411364355,34.98926044106376,35.02118364106259,10282420
738,2010-10-06,35.67562484741211,36.28218926781161,35.42022850434255,35.91505851309896,5975746
739,2010-10-07,34.87751388549805,35.88313445161982,34.60615485526555,35.67562613321946,5825104
740,2010-10-08,34.95732498168945,35.34041842618302,34.68596595245508,34.95732498168945,2872678
741,2010-10-11,35.08502197265625,35.6756258980847,34.957324879869674,35.627740029544235,2923343
742,2010-10-12,34.941368103027344,35.16483913565336,34.54231191440289,35.11695325902578,1328063
743,2010-10-13,35.06906509399414,35.43619589756445,34.89347994945337,35.053102414487114,2785869
744,2010-10-14,34.143253326416016,35.3723471670141,33.839971077377776,35.2446478966171,6206210
745,2010-10-15,34.07939147949219,34.622107213168036,33.74418400236324,34.15920268047444,3825540
746,2010-10-18,34.07939147949219,34.70191841415029,33.77610718374571,34.60614453996811,2661071
747,2010-10-19,33.632450103759766,34.31882778527438,33.456865014766834,34.22305390354937,2506333
748,2010-10-20,33.281288146972656,33.91977792130169,33.1216657033904,33.776115990063296,1611212
749,2010-10-21,33.7122688293457,34.15921298873151,33.58457173524578,33.935739826529584,5077785
750,2010-10-22,34.12729263305664,34.73385933145102,33.74419912960766,34.14325531341251,7613777
751,2010-10-25,33.121673583984375,34.44653931493341,32.993974299724485,34.19114507645056,4373958
752,2010-10-26,32.6268424987793,33.32918096399245,32.499143218274284,33.201483848505845,3559839
753,2010-10-27,32.51510238647461,32.96204657243277,32.4352911566626,32.83434730572265,4326267
754,2010-10-28,31.908538818359375,32.786462371396375,31.66910512207656,32.786462371396375,12789477
755,2010-10-29,32.05218505859375,32.56297759415496,31.924488007212105,31.956411187548856,2557085
756,2010-11-01,32.13200378417969,32.46721132885361,32.02026721428244,32.179889648411184,3644082
757,2010-11-02,31.95641326904297,32.0681498200429,31.301960966795054,31.924490086626886,8722079
758,2010-11-03,32.06815719604492,32.11604306319201,31.621213054260952,31.9244974295857,5792586
759,2010-11-04,32.40336990356445,33.313216678878106,31.924502496025173,32.17989671469815,7578044
760,2010-11-08,31.397747039794922,31.73295465798078,30.7432944833403,31.046576741691965,23828591
761,2010-11-09,33.137630462646484,33.52072610835573,31.413708717027806,31.509482628455117,37552410
762,2010-11-10,32.562992095947266,33.600538136796196,32.451255502463916,33.20148196723892,23142609
763,2010-11-11,32.32355880737305,33.105708476699114,32.17989685248151,32.56299251216786,9305659
764,2010-11-12,31.78083610534668,32.5470251494654,31.605250980755844,32.195854900283734,8655373
765,2010-11-15,32.307594299316406,32.81838487496553,31.92450082632502,31.92450082632502,6781511
766,2010-11-16,31.972389221191406,32.48318200216031,31.892577984478663,32.48318200216031,5839719
767,2010-11-18,32.37143325805664,32.64279222706558,31.748906278291045,32.275659376934804,11698558
768,2010-11-19,32.531063079833984,32.962044560520184,32.020270374207236,32.08412108617411,13151040
769,2010-11-22,32.38740921020508,32.53106900827493,31.50948557586677,32.24374941213522,16159489
770,2010-11-23,31.42967414855957,32.05220137982104,30.966767230296384,31.63718250397392,29650997
771,2010-11-24,30.99868392944336,31.36581466028114,30.647513709932415,30.807136143343243,29495589
772,2010-11-25,30.823101043701172,31.04657203359712,29.785555151667594,30.328271031420027,297127250
773,2010-11-26,30.791181564331055,30.88695331081495,29.83344677934624,30.56770838248668,108003635
774,2010-11-29,29.96114730834961,30.647523116680702,29.68978822225491,30.56771187547855,47311917
775,2010-11-30,30.312307357788086,30.360193220265536,29.306684760601872,29.721703507138194,56380039
776,2010-12-01,30.918867111206055,31.046564168792877,30.136717762197563,30.200566290990974,49377032
777,2010-12-02,31.605253219604492,31.637178577252715,30.82310360740461,31.09446265236003,69791050
778,2010-12-03,31.86064910888672,32.036234243287694,31.04657415122264,31.605252746577854,70133580
779,2010-12-06,31.828720092773438,32.020265705692836,31.541398425867765,31.924493981741996,35990183
780,2010-12-07,31.58930206298828,31.76488508700917,31.317942937652525,31.58930206298828,22324627
781,2010-12-08,31.238130569458008,31.525450203067845,31.062545386688125,31.349867185316675,8690959
782,2010-12-09,30.519826889038086,31.365825204506965,30.32827903854547,31.222165399146775,19659317
783,2010-12-10,30.679454803466797,30.79119143019071,30.2005872575396,30.45598371503789,12656908
784,2010-12-13,31.254091262817383,31.365825706544364,30.631563986280103,30.67944986716044,10228525
785,2010-12-14,30.982725143432617,31.445629825444907,30.886951238356747,31.286007371991147,12502825
786,2010-12-15,30.855030059814453,31.062538396835993,30.727330789708848,30.966764485511348,7532899
787,2010-12-16,30.679454803466797,30.886963207361013,30.440021030503196,30.871002687845245,10117565
788,2010-12-20,30.599634170532227,30.998690336539923,30.487897578042766,30.567708811244305,12117884
789,2010-12-21,31.014657974243164,31.31794027588862,30.61560174444162,30.647524943814577,13693395
790,2010-12-22,31.270051956176758,31.381786392798034,31.014655556013448,31.09446679575083,11598882
791,2010-12-23,31.04657745361328,31.317936523371518,30.998691577782232,31.14235137029374,4611659
792,2010-12-24,31.206199645996094,31.286010881676248,30.80714346759531,30.80714346759531,4676656
793,2010-12-27,30.870994567871094,31.222162710172196,30.75925797053717,31.12638879317431,5508784
794,2010-12-28,30.695419311523438,30.95081578419406,30.61560804912756,30.807153779866233,6071879
795,2010-12-29,30.551748275756836,30.807142489812758,30.487897557224592,30.663482703151736,10314957
796,2010-12-30,30.83907127380371,31.142353560438767,30.216544019127863,30.551751668574397,31947999
797,2010-12-31,31.381776809692383,31.445625348981064,30.886946841423974,30.93483486965382,12208677
798,2011-01-03,31.381776809692383,31.525436564346364,31.2381170550384,31.42966483792223,5686478
799,2011-01-04,31.413707733154297,31.57333019219438,31.206197237391287,31.429670412061938,9878712
800,2011-01-05,31.317935943603516,31.557369648363004,31.19023883373911,31.41370985851097,6557909
801,2011-01-06,31.605253219604492,31.844689071929842,31.222159752916607,31.349859018491337,16916733
802,2011-01-07,31.238130569458008,31.892583251590096,31.01465950275939,31.605261452961546,15775814
803,2011-01-10,30.695419311523438,31.477569249999235,30.631570734610545,31.222172777328613,11747099
804,2011-01-11,30.663482666015625,31.28600985080496,30.392125772655277,30.90291636516677,8402847
805,2011-01-12,31.04657745361328,31.11042817474582,30.48789879883203,30.870994465553853,5356220
806,2011-01-13,30.88695526123047,31.11042845718648,30.791183508698882,31.03061722006458,5840003
807,2011-01-14,31.158321380615234,31.653151595691796,30.72733973667333,30.80715099184636,13619178
808,2011-01-17,31.206199645996094,31.286010881676248,30.535786565293776,30.80714346759531,10222664
809,2011-01-18,31.493507385253906,31.57331858543432,31.030602857210976,31.030602857210976,8525103
810,2011-01-19,31.254091262817383,31.605259440983207,31.094468773191487,31.23812858085108,8181638
811,2011-01-20,31.573326110839844,31.605249299510383,30.966759545884994,30.966759545884994,8113388
812,2011-01-21,31.557369232177734,31.60525510649078,31.254086976485794,31.365821404888994,7263505
813,2011-01-24,31.461597442626953,31.685068479539023,31.254089086569692,31.333900325825322,10580288
814,2011-01-25,31.413707733154297,31.748915330142108,31.30197114581897,31.605253384991503,5774233
815,2011-01-27,31.54141616821289,31.764887258165647,29.737682598928355,31.381793651815357,21308494
816,2011-01-28,30.823101043701172,31.541402045878264,30.3921217414057,31.445628145917727,12161301
817,2011-01-31,30.823101043701172,31.41370495594286,30.3921217414057,30.599630053805228,10372393
818,2011-02-01,30.535781860351562,31.158308969734364,30.48789382731104,30.966761167608272,5685819
819,2011-02-02,30.50385856628418,30.807140802629736,30.12076510116252,30.663481023836383,9759510
820,2011-02-03,31.493507385253906,31.589281258473875,30.344225236648995,30.487884963970266,8272335
821,2011-02-04,31.062536239624023,31.988347764776105,31.014650369796364,31.429669180035706,13585721
822,2011-02-07,31.22215461730957,31.445625589034815,30.807135861238237,31.0784948615589,10075695
823,2011-02-08,30.551748275756836,31.60525482128317,30.47193704260979,31.60525482128317,6969251
824,2011-02-09,30.615589141845703,31.03060788300479,30.248456262543634,30.96675718050515,15914271
825,2011-02-10,30.455978393554688,31.046580297992747,30.344241786354175,30.535789637264035,15041071
826,2011-02-11,30.937368392944336,31.290386761504006,30.728764552207608,30.969459784763206,16032113
827,2011-02-14,31.627355575561523,31.852003988857966,30.825038259199236,30.985501722471692,9448315
828,2011-02-15,31.691547393798828,31.852010891847044,31.38666718279232,31.61131564477472,6653191
829,2011-02-16,31.64339828491211,31.707583226675983,31.515028401384363,31.59526012269539,3070813
830,2011-02-17,31.64339828491211,31.755723565317435,31.531073004506784,31.64339828491211,2410838
831,2011-02-18,31.482934951782227,31.771768278936534,31.19410162462792,31.64339839496234,7982842
832,2011-02-21,31.75572967529297,31.771774281502456,31.145967170152712,31.145967170152712,9078739
833,2011-02-22,31.595260620117188,31.739677285465714,31.386656835569518,31.611305223492202,6311548
834,2011-02-23,31.964330673217773,32.17293449039504,31.611310168102452,31.611310168102452,28541975
835,2011-02-24,31.53108024597168,32.092704600556885,31.09783015724626,31.932238944657378,14267832
836,2011-02-25,31.835952758789062,32.04455434706444,30.95340389444397,31.627348994089125,31955636
837,2011-02-28,31.75572967529297,33.504781101115384,31.354570991552727,32.18897974787733,128195783
838,2011-03-01,31.932239532470703,32.12479658195455,31.45084908518636,31.932239532470703,22095525
839,2011-03-03,31.8680477142334,32.38153161803069,31.627352542408065,31.627352542408065,12055696
840,2011-03-04,31.77176856994629,32.07665085592083,31.659445464546245,31.868047072021156,5797710
841,2011-03-07,31.466886520385742,31.739675230042312,30.84107956011878,31.739675230042312,6845096
842,2011-03-08,31.43480110168457,31.739681250265882,30.712715508316975,31.45084570706382,8299919
843,2011-03-09,31.466886520385742,31.61130317638202,31.32246986438946,31.450839741625128,4984092
844,2011-03-10,31.579214096069336,31.7396775425172,31.226193643314115,31.45084203305617,4963678
845,2011-03-11,31.466886520385742,31.64339673390325,31.290376306868232,31.290376306868232,6148250
846,2011-03-14,31.707590103149414,31.803868624887656,31.338524975648877,31.338524975648877,4743614
847,2011-03-15,31.370603561401367,31.53106697333041,31.145955219985563,31.4026971143569,7316083
848,2011-03-16,31.64339828491211,31.771768168439856,31.450841283195757,31.46688806274291,3548194
849,2011-03-17,31.563173294067383,31.627358249517926,31.3866630342595,31.3866630342595,4312518
850,2011-03-18,31.43480110168457,31.77177263744942,31.3224758054796,31.61130917225662,7614611
851,2011-03-21,31.25830078125,31.482949268575553,31.21016042054941,31.38667072360011,3473055
852,2011-03-22,31.242237091064453,31.41874729861615,31.065726883512756,31.41874729861615,3536038
853,2011-03-23,31.274341583251953,31.563174986479183,31.162016272871746,31.242248015593233,5655111
854,2011-03-24,31.43480110168457,31.515032834280973,31.178059122091085,31.45084570706382,7807585
855,2011-03-25,31.498977661132812,31.579209372355443,31.306420683628716,31.51502443866223,8602591
856,2011-03-28,31.803863525390625,31.900142031691377,31.418751676612477,31.466889841550426,11509824
857,2011-03-29,32.028507232666016,32.205017438967545,31.69153359816755,31.803858868475217,8985339
858,2011-03-30,32.413631439208984,32.52595456856898,32.044564131932724,32.09270448145148,4832583
859,2011-03-31,32.70246505737305,33.007345234071614,32.188981050830556,32.41363166395867,15647437
860,2011-04-01,33.64918518066406,33.857788923881884,32.525941287169786,32.525941287169786,22114974
861,2011-04-04,33.98616409301758,34.41941624732824,33.44058883766596,33.44058883766596,10060811
862,2011-04-05,33.76152038574219,34.09849408833796,33.42454668314642,33.857798897401686,7752278
863,2011-04-06,33.713382720947266,34.30709844301009,33.58501281281618,33.69733811474974,5371783
864,2011-04-07,33.681278228759766,34.2429001670838,33.504768041430204,33.713369605095124,5888794
865,2011-04-08,33.66523361206055,33.841743810713524,33.248028281541984,33.71337176786388,3282029
866,2011-04-11,33.456642150878906,33.68129057325935,33.24803833433448,33.39245502183441,2761151
867,2011-04-13,33.77756881713867,33.954076891307786,33.071527814761886,33.08757459689319,5725109
868,2011-04-15,33.713382720947266,33.9219865421917,33.58501281281618,33.713382720947266,2726721
869,2011-04-18,33.440589904785156,34.06639689931809,33.32826462373512,33.69733184973898,3846832
870,2011-04-19,33.19990158081055,33.61710705527889,33.05548488714752,33.61710705527889,2130742
871,2011-04-20,33.456642150878906,33.617105620639954,33.08757486457343,33.617105620639954,3816903
872,2011-04-21,33.568965911865234,33.69733799596896,33.31222392008292,33.45664278675276,3804886
873,2011-04-25,33.55290985107422,33.82569854998969,33.37640182093137,33.37640182093137,1583736
874,2011-04-26,33.47269058227539,33.74547938261597,33.08757864611983,33.69734120675603,4390914
875,2011-04-27,33.488731384277344,33.697335187399986,33.29617653880832,33.536871727963316,2846797
876,2011-04-28,33.392452239990234,33.53687109188407,33.26408234544562,33.424545801838846,5158203
877,2011-04-29,33.55290985107422,33.85779210624723,33.26407655045452,33.3924464226356,3615042
878,2011-05-02,34.14663314819336,34.275005225902,33.37640938764165,33.37640938764165,5731198
879,2011-05-03,33.37641525268555,34.17873271775727,33.248043152418816,34.01826922474293,3804669
880,2011-05-04,33.47269058227539,33.56896911042062,32.91106837392448,33.26408891831519,4044546
881,2011-05-05,32.686424255371094,33.472695015923314,32.34945045044139,33.37641865145108,5204752
882,2011-05-06,33.08756637573242,33.2640765824697,32.70245458239398,32.7666395185463,2973311
883,2011-05-09,32.959205627441406,33.31222396221659,32.89502067352093,33.10362231786876,3424009
884,2011-05-10,32.84687805175781,33.280130269470774,32.734554934279444,32.91106300123474,1276536
885,2011-05-11,33.4245491027832,33.536874403921466,32.78269521382204,32.78269521382204,5173641
886,2011-05-12,32.5420036315918,33.42455282725517,32.477818670828626,33.42455282725517,2199955
887,2011-05-13,32.52595138549805,32.95920360664162,32.429672872307805,32.50990460389551,3389298
888,2011-05-16,32.67036819458008,32.798740271476426,32.50990473077841,32.606183244344415,2643860
889,2011-05-17,32.5740852355957,32.895012097959224,32.52594490038643,32.6703615531651,2042475
890,2011-05-18,32.52595138549805,33.02338855662678,32.445719653910345,32.6703680670709,3314783
891,2011-05-19,31.723634719848633,32.71850908249767,31.563171253384272,32.54199883410186,2532955
892,2011-05-20,32.413631439208984,32.606186308008354,31.563173695296463,31.659452217908758,1959647
893,2011-05-23,31.964330673217773,32.188979096279745,31.771773638350307,32.188979096279745,1694918
894,2011-05-24,31.707590103149414,32.542001056313936,31.579220191781886,32.07665740707515,9876185
895,2011-05-25,31.145965576171875,31.916191515389784,30.953410723686176,31.77177265549421,5753045
896,2011-05-26,30.66457176208496,31.418750835419768,30.488061534663537,31.290378771647465,4935316
897,2011-05-27,31.33852767944336,31.434806209488226,30.712720498789796,30.712720498789796,4500032
898,2011-05-30,31.77176856994629,31.85200029227122,31.178055130596668,31.450841680646572,8167114
899,2011-05-31,32.4296760559082,32.54200136172789,31.771775357018388,31.835962489729763,7467651
900,2011-06-01,32.301300048828125,32.49385705778075,32.04455809569955,32.26920648852774,1794961
901,2011-06-02,31.852001190185547,32.47781038310149,31.771769465598872,32.0926985403704,4461069
902,2011-06-03,32.413631439208984,32.70246483062065,31.852007086708127,31.852007086708127,5649415
903,2011-06-06,32.5740852355957,32.65431695118659,31.99641644805645,32.34943469080158,4910297
904,2011-06-07,32.55803680419922,32.63826851571668,32.36547982598753,32.46175831509337,6516069
905,2011-06-08,32.52595138549805,32.574091730305675,32.20502445914725,32.26920940913241,14162904
906,2011-06-09,32.5740852355957,32.68640833156819,32.38152824760776,32.41362180441394,6989160
907,2011-06-10,32.47780990600586,32.670364736330384,32.25316151574819,32.574088409380515,7661567
908,2011-06-13,32.91107177734375,33.055490672709,32.269217758566924,32.413636653932166,2849421
909,2011-06-14,33.28013229370117,33.376410811985096,32.782695096255175,32.782695096255175,4458752
910,2011-06-15,32.67036819458008,33.32826883145193,32.525951512443584,33.29617744454661,2533103
911,2011-06-16,32.734561920166016,32.89502541631535,32.365494573167275,32.606189817391275,2472762
912,2011-06-17,32.959205627441406,33.055484146534695,32.59013833365468,32.606185116241086,2524363
913,2011-06-20,32.718509674072266,33.280131816852055,31.787820245896416,32.75060106209034,6194464
914,2011-06-21,32.52595138549805,32.87897187505392,32.221071240749794,32.6703680670709,5126564
915,2011-06-22,32.83082580566406,32.86291936327312,32.42966721767402,32.525945714076556,2408781
916,2011-06-23,32.814788818359375,32.99129689689616,32.67036995202908,32.75060168824585,3746535
917,2011-06-24,33.26408386230469,33.42454732601513,32.67036817600604,32.734555302630234,5675164
918,2011-06-27,34.77244186401367,35.09336878868135,32.81478675297079,32.81478675297079,29869389
919,2011-06-28,35.01313400268555,35.26987377887964,34.69220710601812,35.10941033054593,13872282
920,2011-06-29,35.33406066894531,35.462430556205284,34.94894665431582,35.07731871800058,13356359
921,2011-06-30,35.14151382446289,35.78336779923478,34.67617012803835,35.30197731815586,30432762
922,2011-07-01,35.38220977783203,35.54267327475779,35.10942096248805,35.30197802936915,23953730
923,2011-07-04,35.44639205932617,35.75127224513178,35.20569683214933,35.41430066822444,5307022
924,2011-07-05,35.173606872558594,35.41430210953136,34.66012282977987,35.30197679504058,10665833
925,2011-07-06,34.99709701538086,35.20569868601524,34.836633522146585,35.061281977389484,3270036
926,2011-07-07,35.28591537475586,35.39824064265645,34.804525100481065,35.14149872775832,5856910
927,2011-07-08,35.045223236083984,35.54266033068017,34.93290013499754,35.06127001521767,12625687
928,2011-07-11,34.660118103027344,34.91686008940368,34.11454056581823,34.83662835468764,2848918
929,2011-07-12,34.72430419921875,34.981046194051316,34.19477342679688,34.563840724501546,2954427
930,2011-07-13,35.36616897583008,35.719189599358245,34.724314879543115,34.756408454927794,3819442
931,2011-07-14,35.01313400268555,35.3982458434015,34.756392050066644,35.141503890782595,10479376
932,2011-07-15,35.38220977783203,36.0080169805574,34.77244936008433,34.77244936008433,8242815
933,2011-07-18,35.09336471557617,35.590799649936386,34.99708621406541,35.44638298588262,2085379
934,2011-07-19,35.253841400146484,35.414304904124066,34.85268264020254,34.88477403514272,2972184
935,2011-07-20,35.0291748046875,35.446380160361116,34.93289848727592,35.18963823560623,4177419
936,2011-07-21,34.660118103027344,35.14150851132355,34.38732933442279,34.981045041891484,3008285
937,2011-07-22,35.157562255859375,35.350117151454754,34.45152328582528,34.66012496682665,3369044
938,2011-07-25,34.820579528808594,35.14150644883725,34.4354676600592,35.109412886264394,7429567
939,2011-07-26,34.981048583984375,35.25383738021084,34.41942638410369,34.66012161262398,5770592
940,2011-07-27,34.3873291015625,35.02918297494434,34.17872746328343,34.86871950659888,7214188
941,2011-07-28,33.87384796142578,34.3391937996333,33.26408760135597,34.050358226632916,13905358
942,2011-07-29,33.729434967041016,34.5477992491039,32.84688572051595,33.37641657428629,9768024
943,2011-08-01,34.48359680175781,34.8847553467944,33.72941786651927,33.72941786651927,4672455
944,2011-08-02,34.64406967163086,34.7563949654563,34.25895779861146,34.467559428373015,3239197
945,2011-08-03,33.58500671386719,34.54778737928729,33.087569601448514,34.194766931396686,12800281
946,2011-08-04,33.536861419677734,34.30708491765877,33.312210904377665,33.88987961607559,6939466
947,2011-08-05,32.83082580566406,33.28012473006769,32.14083390489104,32.2531591800981,12075758
948,2011-08-08,32.87896728515625,33.328264048755614,31.57921297959599,31.62735114125853,13716718
949,2011-08-09,32.70246505737305,33.280134020627045,31.771775567567932,31.771775567567932,7228990
950,2011-08-10,33.231990814208984,33.50477957731596,32.750600415614365,32.91106388181257,5126905
951,2011-08-11,33.055484771728516,33.456643461850206,32.83083416412021,32.84688094701012,6299073
952,2011-08-12,33.2480354309082,33.56896234240495,33.0554805898651,33.29617577348766,6421148
953,2011-08-16,33.2480354309082,33.66524085113896,33.087571975159825,33.39245210579676,4242848
954,2011-08-17,33.10362243652344,33.6010596399341,32.959205745578444,32.959205745578444,7430913
955,2011-08-18,32.94316864013672,33.32828065459345,32.62224159868514,33.21595749594087,5110388
956,2011-08-19,32.4296760559082,32.911066492692186,31.948285619124224,32.0927044912996,5245806
957,2011-08-22,33.11967086791992,33.24804078261146,32.012473280323306,32.41363198426594,3059716
958,2011-08-23,32.47780990600586,33.504775530344354,32.413624962564356,33.16780185674545,2837432
959,2011-08-24,32.75059509277344,32.975245650079295,32.1889730523582,32.86292037142636,6888368
960,2011-08-25,31.996417999267578,32.89501369273497,31.77176744358222,32.750594856530185,13758009
961,2011-08-26,31.274341583251953,32.09270579429619,31.00155278742877,31.99642726774534,9286925
962,2011-08-29,32.07665252685547,32.140837472773974,31.129916412964185,31.194103535307566,6345123
963,2011-08-30,32.15689468383789,32.44572812237024,31.85201228308915,32.41363672721419,3821904
964,2011-09-02,31.88410186767578,33.69734055393598,31.563174897692594,33.11967157268118,8166250
965,2011-09-05,31.17805290222168,31.93222973231822,31.03363624764359,31.819906634946193,7422597
966,2011-09-06,30.999242782592773,31.503163671309743,30.64162093775026,31.503163671309743,14848826
967,2011-09-07,31.47065544128418,31.779509504113204,31.080523877458397,31.113035759774426,11526455
968,2011-09-08,31.27559471130371,31.795769460495542,30.999250291100147,31.730747892445763,7049237
969,2011-09-09,31.243078231811523,31.519422611389473,31.03175761551776,31.243078231811523,6782680
970,2011-09-12,30.67413902282715,31.113038448049423,30.397794613643715,30.901715604322824,5271294
971,2011-09-13,30.755407333374023,30.999239784513648,30.641617974258388,30.83668481708723,4033213
972,2011-09-14,30.869197845458984,30.999240942340105,30.41404259678918,30.901707517282794,4248247
973,2011-09-15,31.210569381713867,31.34061471612052,30.527839644054545,30.95048312248755,8283475
974,2011-09-16,32.397216796875,32.592283662894324,31.129286577335638,31.340609382988756,6853575
975,2011-09-19,31.844533920288086,32.59228738571607,31.714488593156535,31.99083298411689,3721222
976,2011-09-20,32.120880126953125,32.47850206533591,31.77951413209567,31.77951413209567,4399666
977,2011-09-21,32.26716995239258,32.41347119735652,31.909550321396196,31.958315933188835,2182138
978,2011-09-22,31.291851043701172,32.00709496592065,31.113042267940084,31.990839021362248,3792171
979,2011-09-23,31.22683334350586,31.600711295548244,30.787936014752695,31.048022340772025,3612112
980,2011-09-26,30.96673011779785,31.35686383128163,30.739153588127653,31.226818525189366,1880644
981,2011-09-27,31.42189598083496,31.633216642924964,31.064274024443222,31.356874408252942,1273121
982,2011-09-28,31.649465560913086,31.730743059794996,31.178056508356654,31.47065462241423,4398260
983,2011-09-29,31.681983947753906,32.16964904117932,31.259340425826473,31.47066108439333,9460952
984,2011-09-30,32.0070915222168,32.218412164358305,31.53568020471206,31.53568020471206,6946805
985,2011-10-03,31.649465560913086,31.909553998293852,31.2755899479736,31.844532440146974,7517061
986,2011-10-04,31.16180419921875,31.87704583177518,31.080526690864755,31.47065829000522,2740436
987,2011-10-05,31.17805290222168,31.55192847191774,31.048007596176046,31.226818513993162,3503641
988,2011-10-07,31.616954803466797,32.13713169672129,31.373122298152502,31.503167623862797,4435678
989,2011-10-10,31.877037048339844,31.99082641059919,31.40562807073796,31.40562807073796,8326437
990,2011-10-11,32.088375091552734,32.20216230312081,31.698241209622296,32.02335130803502,5044978
991,2011-10-12,32.218406677246094,32.44598322343847,31.8932966956018,32.41347354814994,4905765
992,2011-10-13,32.299686431884766,32.47849737525483,31.95832048632251,32.21840893078867,3531871
993,2011-10-14,32.15339279174805,32.52726847790604,32.039603389111946,32.10462495999242,5039179
994,2011-10-17,31.812026977539062,32.25092644197749,31.633216002960676,32.12088109465062,1605713
995,2011-10-18,31.9095516204834,32.088362545657766,31.535673830610982,31.535673830610982,2025955
996,2011-10-19,32.494754791259766,32.67356574274546,32.00708976254974,32.185898509242016,5145909
997,2011-10-20,32.185890197753906,32.47849046229667,32.088358981032506,32.21840207318961,2881549
998,2011-10-21,32.185890197753906,32.54351200837522,31.9420577463647,32.10461271395751,2127672
999,2011-10-24,32.754844665527344,32.91739968213456,32.54352182106186,32.59228964892013,3334756
1000,2011-10-25,33.7789421081543,34.055286532374566,32.706078502961105,32.771100071955985,7605862
1001,2011-10-28,34.13655471801758,35.111884600841734,33.56761228637016,34.29910969848827,8504582
1002,2011-10-31,34.08778762817383,34.331620104081395,33.616378615711156,34.136555446231185,4561310
1003,2011-11-01,33.69766616821289,34.1853312656218,33.48634550791986,33.89273308909395,2155435
1004,2011-11-02,33.51884841918945,33.795192800471064,33.291271860671635,33.48633874214022,2429706
1005,2011-11-03,33.843955993652344,33.99025504187537,33.50259007793653,33.64889133095269,2676760
1006,2011-11-04,33.762691497802734,34.13656943696924,33.6163923932567,34.13656943696924,2070811
1007,2011-11-08,33.762691497802734,33.8114593358474,33.6163923932567,33.762691497802734,923114
1008,2011-11-09,33.6651496887207,34.022771593300746,33.61638406754771,33.811450961826544,3342820
1009,2011-11-11,34.28285217285156,34.38038559757868,33.48633324636715,33.6488882193147,7747315
1010,2011-11-14,34.25034713745117,34.78677997820003,33.99025868782687,34.396646201366906,8136060
1011,2011-11-15,33.6814079284668,34.34788395712769,33.567620736369406,33.82770700675978,2602442
1012,2011-11-16,33.8764762878418,34.250351971145726,33.38881120277041,33.38881120277041,5559879
1013,2011-11-17,33.53510284423828,34.25034436930352,33.4213134677263,33.64889222075027,4564324
1014,2011-11-18,32.81987380981445,33.64890502690572,31.97458664635001,33.486349972762106,6971425
1015,2011-11-21,32.202152252197266,32.83611851006393,31.99083163610389,32.34845130986139,5725408
1016,2011-11-22,31.82828140258789,32.34845615268956,31.568192925140256,32.34845615268956,5742603
1017,2011-11-23,30.901723861694336,31.763266999792638,30.609125636555504,31.649477576241924,4916261
1018,2011-11-24,30.98299217224121,31.373123757938163,30.771671539720113,31.17805906748641,10127464
1019,2011-11-25,31.340608596801758,31.60069701003877,30.820431770327744,31.096776122790764,7728058
1020,2011-11-28,31.568193435668945,31.779514086816274,31.275595271804384,31.56819343566894,5436096
1021,2011-11-29,30.950485229492188,31.795770039108845,30.88546145546552,31.665726900642788,5379923
1022,2011-11-30,32.218406677246094,32.47849510352016,30.98298830603915,31.031756126161696,13613461
1023,2011-12-01,32.51102066040039,33.16124089722487,32.34846339640017,32.51102066040039,4222484
1024,2011-12-02,33.61637496948242,33.811441810967615,32.47849020533543,32.52725581331031,5707744
1025,2011-12-05,33.37255859375,33.63264710606965,33.112470081430345,33.22625949456829,2957969
1026,2011-12-07,33.53510284423828,33.99025594069983,33.11245942335645,33.177480979309074,5975381
1027,2011-12-08,32.315948486328125,33.616388749872215,32.18590313709747,33.47008966118225,5809203
1028,2011-12-09,32.03960418701172,32.10462575951146,31.568195030396403,31.71449411971926,4296964
1029,2011-12-12,31.4056339263916,32.31594237981677,31.113035804301845,32.18589705515985,8160604
1030,2011-12-13,32.218406677246094,32.47849510352016,31.080521741491072,31.340610167765142,3981949
1031,2011-12-14,31.324356079101562,32.34845169989139,31.21056669688345,32.16964296325336,5776327
1032,2011-12-15,32.299686431884766,32.624796436269136,30.85294735333297,30.869203294510854,12973287
1033,2011-12-16,31.893299102783203,32.933650681607965,31.40563409350972,32.26717472797554,12589918
1034,2011-12-19,32.23466491699219,32.46224147942046,31.29184458008457,31.405633963695372,4820722
1035,2011-12-20,31.71449089050293,32.332201278338665,31.454402422192807,32.332201278338665,6670657
1036,2011-12-21,31.82828140258789,32.13713550495976,31.5356810386617,32.02334610707842,10259801
1037,2011-12-22,32.722328186035156,32.83611756360145,31.69823040231814,31.779507899210287,3456402
1038,2011-12-23,32.91740036010742,33.14497694708603,32.364711528424806,32.67356783017458,3249611
1039,2011-12-26,32.78733825683594,32.86861572525572,32.57601772086147,32.70606078841615,1273482
1040,2011-12-27,32.169647216796875,32.77109947503619,31.584448696915004,32.75484573667875,4187065
1041,2011-12-28,32.57603454589844,32.81986707709367,31.990836030071172,32.2509245043048,3375709
1042,2011-12-29,32.51102066040039,32.67357571960651,32.25093212471178,32.51102066040039,2924882
1043,2011-12-30,32.543521881103516,32.77109846381478,32.299689355742835,32.5110122005982,2087779
1044,2012-01-02,32.51102066040039,32.592298190003454,32.03960922486736,32.39723123703847,1861469
1045,2012-01-03,32.80361557006836,32.94991466761072,32.51101737498364,32.62480458205264,3372939
1046,2012-01-04,32.99867248535156,33.25875871100412,32.299684690728995,32.77109373071576,3739279
1047,2012-01-05,32.933650970458984,33.242507242875746,32.72233034650438,32.98241879469006,5389056
1048,2012-01-06,32.42973327636719,32.93365204294498,32.13713293583225,32.90114236385894,7340405
1049,2012-01-09,32.96616744995117,33.096210589780036,32.21841388395106,32.21841388395106,2368495
1050,2012-01-10,33.35628890991211,33.58386543766239,32.85236803824099,32.85236803824099,3215986
1051,2012-01-11,32.57603454589844,33.388809649882546,32.478501092461634,33.388809649882546,4377469
1052,2012-01-12,32.6898193359375,32.96616373290716,32.3321996393341,32.96616373290716,4082544
1053,2012-01-13,33.14497375488281,33.22625125703256,32.67356468337293,32.70607436135682,5766505
1054,2012-01-16,32.559776306152344,33.14497478070077,32.429733180605325,32.77109693636461,4899595
1055,2012-01-17,32.6735725402832,32.91740510536609,32.543527182695996,32.6735725402832,10428799
1056,2012-01-18,32.218406677246094,32.91739446065722,31.958318250972027,32.787349145123606,6295415
1057,2012-01-19,32.494754791259766,32.90114231518479,32.218410393073384,32.36470946072771,8276461
1058,2012-01-20,32.982421875,33.22625440454745,32.47850087297657,32.51101275883365,6881600
1059,2012-01-23,32.83612823486328,33.5676259446187,32.72233882031709,33.16123832808791,18551268
1060,2012-01-24,32.6898193359375,32.998675616595385,32.5272643270832,32.77109684036464,10219894
1061,2012-01-25,32.78733825683594,32.99866099760285,32.36469498009456,32.86861572525572,13171474
1062,2012-01-27,33.53510284423828,34.12030125739827,32.884882875125676,32.99867225163766,9816649
1063,2012-01-30,33.079952239990234,33.64889475582738,32.91739723546534,33.16122974225268,4243234
1064,2012-01-31,33.843955993652344,34.07153253586518,33.031181053754274,33.161226367013846,10322025
1065,2012-02-01,33.47007751464844,33.94148649814669,33.37254408931947,33.94148649814669,10757718
1066,2012-02-02,34.169071197509766,34.477925280967355,33.37255207550015,33.55136303059459,11556658
1067,2012-02-03,34.77052307128906,35.209422455643505,34.25034618648329,34.31536774588569,11926606
1068,2012-02-06,35.43699645996094,35.599551449138865,34.57545369444203,35.01435304713969,9084488
1069,2012-02-07,35.030609130859375,35.843384080086444,34.73801103105489,35.599551595318324,6079363
1070,2012-02-08,35.01436233520508,36.00594847318162,34.510441294122536,35.30696271621772,11508450
1071,2012-02-09,35.371971130371094,35.924657593635025,35.079370858201074,35.77835855994647,11499785
1072,2012-02-10,34.900569915771484,35.51827806420245,34.46167051229084,34.9168236527354,8590813
1073,2012-02-13,35.91597366333008,36.19439289036884,34.83505496370829,34.83505496370829,15608851
1074,2012-02-14,35.83407974243164,36.11249892149824,35.621172526449115,35.86683572397368,5735198
1075,2012-02-15,36.25990676879883,37.04603055857599,35.801336224106144,35.866845984584025,15930040
1076,2012-02-16,36.25990676879883,36.76761129986058,35.78495822864979,36.128887247843075,3862429
1077,2012-02-17,36.58745193481445,37.1770441274156,36.35816669917712,36.68571767047251,8544515
1078,2012-02-21,36.21077346801758,36.68572198802325,36.1125077207946,36.53832447786252,6934289
1079,2012-02-22,36.01423645019531,36.91500158912174,35.93234871029291,36.14525816684743,5872252
1080,2012-02-23,36.898624420166016,37.37357509927489,35.899595748143746,35.899595748143746,18016976
1081,2012-02-24,37.439083099365234,37.733882527466044,36.94775886413691,37.02964660689949,10958004
1082,2012-02-27,36.538330078125,37.66838079102444,36.390932545372515,37.66838079102444,11266052
1083,2012-02-28,36.620201110839844,37.14428123464979,36.27627221066492,36.68571084864774,9416477
1084,2012-02-29,37.01327896118164,37.30807402899837,36.685727898564025,36.767615664218425,7991077
1085,2012-03-01,36.849491119384766,37.209798056433776,36.52194016619369,36.63658388834939,2777389
1086,2012-03-02,36.767601013183594,37.01326421225573,36.45642807196161,36.80035699493198,3172662
1087,2012-03-05,36.12887954711914,36.80035944692614,35.752194617302,36.65295974058414,3649302
1088,2012-03-06,36.374549865722656,36.620213129135955,35.89960133405977,36.12888660230935,4557989
1089,2012-03-07,35.57204055786133,36.128876691241025,34.98244844313999,36.03061096856298,15488701
1090,2012-03-09,36.079750061035156,36.276281546383096,35.735823293697294,35.735823293697294,3852720
1091,2012-03-12,36.30903244018555,36.63658338891138,35.98148149145972,36.35816419395561,5124092
1092,2012-03-13,36.472808837890625,36.73484782642741,36.03061415737738,36.472808837890625,9731037
1093,2012-03-14,36.88225173950195,37.14429075791661,36.538322751148534,36.76760800293503,4398722
1094,2012-03-15,36.145267486572266,37.11154262229634,35.94873597159381,36.78399157823071,4513645
1095,2012-03-16,35.31000518798828,36.685718868069344,35.12985170362531,36.194392395087014,3682825
1096,2012-03-19,35.32638931274414,35.522918603239106,34.52388749050983,35.44103084352929,3294232
1097,2012-03-20,35.19535446166992,35.63754908801921,34.884181534887404,35.3263761612367,3413743
1098,2012-03-21,35.62117385864258,35.8340810825876,34.94969398269344,35.178979198022,3430274
1099,2012-03-22,34.80229949951172,35.60479893293265,34.4911243004724,35.37551369786198,3948023
1100,2012-03-23,35.277252197265625,35.44102770216881,34.6221501776529,34.91694519793965,3647743
1101,2012-03-26,34.70402908325195,35.21173346329582,34.474743879107045,35.04795800014276,4778733
1102,2012-03-27,34.6385383605957,35.097109020664355,34.32736303267615,35.04797724328132,5834802
1103,2012-03-28,34.78593063354492,35.01521592877345,34.47475757420993,34.802308630635764,4875221
1104,2012-03-29,34.6548957824707,34.884183212401865,34.39285681342983,34.78591748833807,12199593
1105,2012-03-30,35.424644470214844,35.81770740094985,34.654898822430425,34.654898822430425,8544753
1106,2012-04-02,35.57204055786133,35.81770375388298,35.26086539915639,35.40826509384689,8676278
1107,2012-04-03,36.063377380371094,36.19439690093814,35.53929485540785,35.75220213166618,3566758
1108,2012-04-04,36.30903244018555,36.456429922842766,35.7849500336854,36.046991236935476,3850338
1109,2012-04-09,35.932350158691406,36.30903511023453,35.55566742849548,36.06337188062488,4475284
1110,2012-04-10,36.16163635253906,36.45643356868184,35.73582185368937,35.93235110977063,4598397
1111,2012-04-11,36.58745193481445,36.68571767047251,35.719442749420544,35.719442749420544,4023851
1112,2012-04-12,36.60383605957031,37.27531388613494,36.39092878110068,36.57108006841457,5102969
1113,2012-04-13,36.68572235107422,37.11153911235612,36.21077382636833,36.68572235107422,6602489
1114,2012-04-16,36.636592864990234,36.9313879065536,36.44006135638292,36.66934663552638,4350870
1115,2012-04-17,37.20980453491211,37.308068060900126,36.358171019801325,36.407302782795334,9477019
1116,2012-04-18,37.29168701171875,37.750257472612546,37.07877755238816,37.242553034328395,4441325
1117,2012-04-19,37.55372619628906,37.668369922767766,37.111533725615075,37.17704347445413,2496045
1118,2012-04-20,37.29168701171875,37.783013457539454,37.11153353731506,37.40633073761577,2778756
1119,2012-04-23,36.276283264160156,37.50459955238037,36.09612976428504,37.16067054740922,3854809
1120,2012-04-24,36.03062057495117,36.52194709799065,35.78495731343144,36.39092758038578,3169871
1121,2012-04-25,35.52291488647461,36.17801689560978,35.27725163304892,35.965109631179814,3380361
1122,2012-04-26,35.40827178955078,36.292659018196964,35.12985255953841,35.81771052701173,4377198
1123,2012-04-27,35.45741271972656,36.030627100420205,35.293637182385524,35.441034721722886,1965594
1124,2012-04-30,36.44004821777344,36.70208939432064,35.408263722968194,35.408263722968194,3199398
1125,2012-05-02,35.89961242675781,36.636602444721845,35.735836867210246,36.29267332540232,3811572
1126,2012-05-03,35.58842849731445,35.86684776988843,35.42465297729392,35.703072249867894,1452253
1127,2012-05-04,34.9660758972168,35.5720460969677,34.753166428036664,35.408270607450945,5666533
1128,2012-05-07,34.6548957824707,35.04795867872587,33.80326469039401,34.85142723059829,4565509
1129,2012-05-08,34.6385383605957,35.097109020664355,34.409250809213276,34.654914138824644,2959419
1130,2012-05-09,34.1472053527832,34.80230744328473,33.98342983015782,34.40924441190566,2412310
1131,2012-05-10,33.57398986816406,34.50750898219359,33.41021435117493,34.11444818568918,3946438
1132,2012-05-11,33.197303771972656,33.73776429335538,32.820620983626625,33.57398878166623,3389145
1133,2012-05-14,33.16455078125,33.34470207126054,32.82062175435675,33.082663023482446,2233766
1134,2012-05-15,33.705013275146484,33.8524108131435,32.787869830107,33.11542090181054,3494080
1135,2012-05-16,34.24546432495117,34.491127576146575,33.08266004637083,33.50847457136496,4435353
1136,2012-05-17,34.310977935791016,34.9824579652951,34.016180687513675,34.392865690087916,4208594
1137,2012-05-18,34.425621032714844,34.76955006075353,33.59036545643448,34.01618224251345,4935351
1138,2012-05-21,34.048927307128906,34.68765117059133,33.81964210246892,34.36010024354938,1491370
1139,2012-05-22,33.967044830322266,34.245461828572964,33.77051335515346,34.179952077299106,2362045
1140,2012-05-23,33.93429183959961,34.376486587091044,33.49209931345561,34.032557585858534,3087547
1141,2012-05-24,34.50750732421875,34.65490483815747,33.55761025986029,34.19633430115977,2135683
1142,2012-05-25,34.09806823730469,34.392865483813964,33.983426714785104,34.22908997620242,1446600
1143,2012-05-28,34.851436614990234,35.16261186187307,33.901539543072445,33.901539543072445,890739
1144,2012-05-29,35.16261291503906,35.457407954092,34.65490615190244,35.27725444296072,5201353
1145,2012-05-30,34.7531623840332,35.26086678672629,34.54025516097497,35.12984729889768,4048557
1146,2012-05-31,34.76954650878906,35.04796574622248,34.409239521680796,34.44199551008968,8033660
1147,2012-06-01,33.9506721496582,34.68766196484214,33.737764869366316,34.55664244179292,3787828
1148,2012-06-04,34.081687927246094,34.212709657244055,33.44296393521645,33.737761161701364,3267896
1149,2012-06-05,34.70402908325195,35.113467741134606,34.22908068437745,34.36010016636115,12393979
1150,2012-06-06,35.91597366333008,36.39092437079,34.72041345125202,34.72041345125202,9494285
1151,2012-06-07,35.39189529418945,36.27628256027843,35.211741797809914,35.915975567519354,4231838
1152,2012-06-08,35.04795837402344,35.53928476872394,34.63851971177302,35.309999562133086,3997879
1153,2012-06-11,35.129852294921875,35.53929102929871,35.04796454804651,35.375515535547976,2205393
1154,2012-06-12,35.2608757019043,35.4246512137717,34.736793175389565,35.015212434103184,3376544
1155,2012-06-13,35.2445068359375,35.45741415455727,34.9333315253191,35.21175083860462,2496726
1156,2012-06-14,34.62214660644531,35.40827028170192,34.39286136750068,35.064341312611354,6671985
1157,2012-06-15,34.73678207397461,34.9660694943898,34.54025285535038,34.78591604464079,10286920
1158,2012-06-18,35.06434631347656,35.21174382943795,34.62215154424485,34.88419280670262,3027005
1159,2012-06-19,35.62117385864258,35.997856553729,34.91693799992636,35.06433770103122,9746993
1160,2012-06-20,35.50653839111328,35.99786491870916,35.375518872293384,35.49016261727143,8882639
1161,2012-06-21,35.948726654052734,35.99785840938906,35.015205531885705,35.21173699592522,4083003
1162,2012-06-22,36.047000885009766,36.259908170127936,35.621184093425796,35.70307185252473,7332263
1163,2012-06-25,35.32638931274414,36.17802068091763,35.12985780090152,35.91597940557669,5097127
1164,2012-06-26,35.98149108886719,36.03062285574225,35.14623550255769,35.14623550255769,1992235
1165,2012-06-27,35.965110778808594,36.489191070031424,35.73582551256439,36.030620537543015,5727518
1166,2012-06-28,35.932350158691406,36.292657117324445,35.604799185878534,36.03061589480471,3083553
1167,2012-06-29,37.19342803955078,37.537357058416376,36.128887213420036,36.14526520886079,7486892
1168,2012-07-02,36.88225173950195,37.32444647043454,36.78398599692278,37.20980273386761,2634447
1169,2012-07-03,36.57107925415039,37.17704952760658,36.39092797084761,37.11153976810125,4091332
1170,2012-07-04,37.01327896118164,37.14429849768956,36.45644259900126,36.620218130310064,3061761
1171,2012-07-05,37.439083099365234,37.602858584890406,36.84949312855237,37.01326861407754,2830305
1172,2012-07-06,37.01327896118164,37.50460555510806,36.702105895964465,37.34083002379925,3797719
1173,2012-07-09,36.947757720947266,37.01326746886098,36.71847249257571,36.96413571326247,2397364
1174,2012-07-10,37.062400817871094,37.25893229140876,36.60383034141281,36.65296209912362,3199920
1175,2012-07-11,37.2261848449707,37.50460412612661,36.915011791609686,36.915011791609686,2903254
1176,2012-07-12,36.833126068115234,37.20981112943477,36.71848452702935,37.20981112943477,2728401
1177,2012-07-13,36.70210647583008,37.01327954596355,36.60384071122271,36.88226000738562,1672753
1178,2012-07-16,36.898624420166016,37.07877789624036,36.3909221985208,36.60382943847865,3148848
1179,2012-07-17,36.767601013183594,37.02964220312992,36.65295729841116,36.94775447010588,2407572
1180,2012-07-18,36.423683166503906,36.86587794784211,36.27628564650704,36.71848042784524,2516255
1181,2012-07-19,36.68572235107422,36.94776360581289,36.52194684453098,36.6693443561504,2171498
1182,2012-07-20,36.44004821777344,36.84948686195755,36.292650750136524,36.45642620781017,1581366
1183,2012-07-23,35.801326751708984,36.35816290046327,35.7194390174408,36.243519183949026,2728477
1184,2012-07-24,36.34180450439453,36.80037739636143,35.67032427707211,35.75221205549318,8366909
1185,2012-07-25,36.276283264160156,36.48919053224601,35.55567148600712,36.24352727460197,6131518
1186,2012-07-26,36.60383605957031,36.84949932919568,36.0961315247417,36.34179479436707,10181302
1187,2012-07-27,37.455474853515625,37.66838216175592,36.71848494158675,37.11154578367924,4785341
1188,2012-07-30,38.70015335083008,38.814797073680325,37.340817775390754,37.48821748229738,10354713
1189,2012-07-31,38.96220397949219,39.53541825695997,38.7001605013185,38.716540717720285,13034800
1190,2012-08-01,38.97856140136719,39.14233683210661,38.51999108383539,38.81478597062777,5116745
1191,2012-08-02,38.68379592895508,39.06047881753925,38.61828392976815,38.68379592895508,5172210
1192,2012-08-03,38.74928283691406,38.994946038912815,38.22520489347183,38.438112113331975,3992386
1193,2012-08-06,39.45352554321289,39.666432788110995,38.84755535181489,38.96219908143523,3989076
1194,2012-08-07,38.83116912841797,39.58453891884441,38.585505935545086,39.388007476007346,5499481
1195,2012-08-08,38.96220397949219,39.076843280829756,38.74929226513389,38.89669199927502,5783459
1196,2012-08-09,38.99495315551758,39.3880161275274,38.765670124090775,39.01133337092323,4304923
1197,2012-08-10,39.158729553222656,39.8138360025241,38.71653925291904,38.962202505396526,4906011
1198,2012-08-13,39.27336883544922,39.388012562132445,38.68377887349876,38.978573854473986,2775124
1199,2012-08-14,39.322509765625,39.600929040325795,38.863939194603574,38.863939194603574,3520379
1200,2012-08-16,39.33888626098633,40.1250078001654,38.89669150685594,39.306130271292425,3368688
1201,2012-08-17,38.536376953125,39.63367351530192,38.07780651536729,39.42076628806021,4100386
1202,2012-08-21,39.158729553222656,39.38801703261291,38.176076543312725,38.33985204496438,2904667
1203,2012-08-22,38.96220397949219,39.17511125115551,38.716540717720285,38.831180019057854,1988035
1204,2012-08-23,38.47087860107422,39.06046866979856,38.257966880378376,39.06046866979856,4652302
1205,2012-08-24,38.356239318847656,38.765678148319445,38.06144425016709,38.32348332395079,5080546
1206,2012-08-27,38.74928283691406,38.88030676546852,38.24158066319419,38.25795643291655,1296282
1207,2012-08-28,39.797462463378906,40.28878905076147,38.71654574821549,38.81480928861378,4356311
1208,2012-08-29,38.99495315551758,40.25602537779648,38.749289908685114,39.96123037013648,6345767
1209,2012-08-30,39.879329681396484,40.28876829326517,38.716525800766725,38.96218896788794,9698034
1210,2012-08-31,39.125980377197266,39.862970179274626,38.91306865799663,39.862970179274626,6414695
1211,2012-09-03,39.81383514404297,39.961230426734375,39.322504206987446,39.33888442241631,3891463
1212,2012-09-04,40.5999641418457,40.84562743437924,39.63368674746889,39.63368674746889,8607402
1213,2012-09-05,40.61982345581055,41.19916063746528,40.47084924161055,40.719136605176864,5181748
1214,2012-09-06,40.09013366699219,40.60325897144789,39.49424143681996,40.60325897144789,2059057
1215,2012-09-07,40.354976654052734,40.66947574415043,40.22255763880372,40.55360742200128,1292419
1216,2012-09-10,40.37154006958008,40.71914061675773,40.05704091535194,40.17290926112815,2343064
1217,2012-09-11,40.04047775268555,40.354972318848056,39.79219044196008,40.1397908809159,1345773
1218,2012-09-12,40.189453125,40.35497802221058,39.775640881973544,40.22255900247216,2846913
1219,2012-09-13,40.106689453125,40.58671343645485,39.8915079913444,39.95771974426923,2572173
1220,2012-09-14,39.72598648071289,40.66947934437777,39.361830788929026,40.38808610571976,13519349
1221,2012-09-17,38.93146514892578,40.0901394129316,38.71628368364044,39.990821781926726,12665195
1222,2012-09-18,38.948020935058594,39.659777177984616,38.73283944163688,38.96457612079918,8408810
1223,2012-09-20,38.65007400512695,39.13009802205219,38.40178664950709,38.40178664950709,6301939
1224,2012-09-21,39.80874252319336,40.05702984258771,38.815593245615965,38.815593245615965,8707245
1225,2012-09-24,39.09699249267578,40.22256095018145,38.89836170837468,39.79219799265442,7593484
1226,2012-09-25,38.865257263183594,39.47770033314462,38.26936937844619,39.32872611688497,11733607
1227,2012-09-26,38.73284149169922,39.04734064575813,38.5011048002715,38.73284149169922,9302273
1228,2012-09-27,38.65007400512695,39.179754595146086,38.41833734382159,38.765942335779634,12478679
1229,2012-09-28,39.89151382446289,39.957725587069504,38.898364326267995,38.898364326267995,8847242
1230,2012-10-01,39.74253845214844,40.05703758019128,39.32872617322395,39.74253845214843,5138030
1231,2012-10-03,38.948020935058594,40.057038773648344,38.832152595477446,39.72598894064548,12133968
1232,2012-10-04,39.06389617919922,39.394946070715285,38.567321341925116,39.16320935059343,7257841
1233,2012-10-05,39.13009262084961,39.42803650843761,39.06388087243016,39.31216819377845,11584935
1234,2012-10-08,39.29562759399414,39.54391497910976,38.74939175461905,39.0638909051592,6807880
1235,2012-10-09,39.792205810546875,39.89151897713407,39.01423770510953,39.428050049475004,5205666
1236,2012-10-10,39.54391860961914,39.94117576818558,39.06389449159778,39.659782474523105,7436554
1237,2012-10-11,39.44458770751953,39.92461166435674,39.26251213225015,39.725980906694794,5476615
1238,2012-10-12,39.70943832397461,39.858408055031525,38.07073985129336,39.39493918593656,2847441
1239,2012-10-15,39.34527587890625,40.04048130870915,39.21285686612235,39.59356321168229,7208908
1240,2012-10-16,39.26250457763672,39.626660148257066,39.14663628378266,39.42802942881425,4006297
1241,2012-10-17,39.64322280883789,39.72598525941939,39.2294105559304,39.52735447999373,2639928
1242,2012-10-18,39.92462158203125,40.02393474045769,39.527359968023625,39.72599077502744,2525746
1243,2012-10-19,39.52735900878906,39.89151473110038,39.39493997071699,39.725989810972585,3153069
1244,2012-10-22,39.26250457763672,39.461135297079544,39.04732316913573,39.21284802031325,4657141
1245,2012-10-23,38.881813049316406,39.279070148563996,38.83215198302864,39.11354523467317,3935245
1246,2012-10-25,38.63352584838867,39.06388883033727,38.43489505281598,38.99767706842948,12050023
1247,2012-10-29,38.05419158935547,38.252817910134134,37.789349011398876,37.789349011398876,2123473
1248,2012-10-30,37.474853515625,38.18661207747889,37.34243446671412,38.103849610640694,2570824
1249,2012-10-31,37.73968505859375,37.90520995367398,37.42518820695632,37.623816734007555,1852024
1250,2012-11-01,38.71628952026367,38.8652592540035,38.17005369276518,38.17005369276518,4524439
1251,2012-11-02,39.06389617919922,39.16320935059343,38.765952174865056,38.93147712062309,4726469
1252,2012-11-05,38.74938201904297,39.0638810905669,38.66661957813139,39.03077521617231,3632141
1253,2012-11-06,39.61012649536133,39.69288896592774,38.56732026425471,38.96458191903409,4718509
1254,2012-11-07,39.72598648071289,39.92461726624504,39.39493666820946,39.56046157446117,4694784
1255,2012-11-08,39.34527587890625,39.49424558448189,39.130094421863674,39.37838175463971,3005197
1256,2012-11-09,39.57701110839844,40.02392924020193,39.196304733214106,39.29562236814284,5518512
1257,2012-11-12,39.72598648071289,39.97427384009047,39.6101181483066,39.6101181483066,5986709
1258,2012-11-15,39.6928825378418,39.825301571273116,39.27907025202475,39.42804447097915,11277862
1259,2012-11-16,39.42804718017578,39.70944045189672,39.1632046049645,39.6597793820658,7952790
1260,2012-11-19,39.74253845214844,39.85840678827741,39.29562478303047,39.428043814256185,4682624
1261,2012-11-20,40.42119216918945,40.53706050212373,39.759092541165565,39.77564323580597,5826060
1262,2012-11-21,39.75909423828125,40.53706223244696,39.51080686717415,40.42119389456684,8050611
1263,2012-11-22,39.42804718017578,39.94117265378674,39.29562813764563,39.808753611256584,3266009
1264,2012-11-23,39.64322280883789,40.057035061745374,39.34527888477456,39.56046035825639,2809752
1265,2012-11-26,39.8584098815918,39.92462164741848,39.41149168763899,39.72599084008936,2935121
1266,2012-11-27,39.2459602355957,40.04048333276228,39.146647093524976,39.891509129506,7105541
1267,2012-11-29,39.03078079223633,39.411487176788604,38.69973098129515,39.229411576831126,15583782
1268,2012-11-30,39.03078079223633,39.34527990869063,38.83215000764153,39.13009842960894,9986088
1269,2012-12-03,39.37839126586914,39.42804784638812,38.914917873955865,39.11354868618283,5791740
1270,2012-12-04,39.87495422363281,40.057029794912076,39.29561714573553,39.37837958543514,8486828
1271,2012-12-05,39.775638580322266,40.13979423114341,39.394932236797864,39.97426934351107,7991825
1272,2012-12-06,39.74253845214844,39.92461854896556,39.27906959778313,39.89151266862149,3888336
1273,2012-12-07,39.29562759399414,39.87496482593058,39.09699678787146,39.82530375678673,3172271
1274,2012-12-10,39.2459602355957,39.44459100988735,39.063884645082645,39.328722684038034,2674532
1275,2012-12-11,38.89836120605469,39.461147672615105,38.83214944875922,39.39493591531963,5034484
1276,2012-12-12,38.81559371948242,39.179749357069745,38.66661952996722,39.04733034980612,6283865
1277,2012-12-13,39.146644592285156,39.312169478593766,38.931463138113955,39.03077627383915,7727857
1278,2012-12-14,38.48455047607422,39.13009941980547,38.31902556641498,39.13009941980547,6097530
1279,2012-12-17,38.51764678955078,38.799039964113014,38.21970292419348,38.50109160860628,3910978
1280,2012-12-18,38.76593780517578,39.03077582415834,38.434888036372655,38.7328319302655,4553554
1281,2012-12-19,38.467994689941406,38.96456935319762,38.153495607152486,38.91490829475204,6136261
1282,2012-12-20,38.3355712890625,38.69972694111067,38.236258152208435,38.69972694111067,2121800
1283,2012-12-21,37.971431732177734,38.3190323075523,37.905219960605756,38.269375723948976,3053451
1284,2012-12-24,37.872100830078125,38.38523065492938,37.69002525715818,38.00451983676079,2156093
1285,2012-12-26,38.17005920410156,38.46800769490334,37.93832697699642,38.00453426039012,2963625
1286,2012-12-27,37.55760955810547,38.4017870244708,37.441743471396634,38.18660554552925,7464142
1287,2012-12-28,37.57416534423828,38.20315913423879,37.17690599028663,37.87210929843318,6441596
1288,2012-12-31,37.987972259521484,38.0707347067529,37.541054146441795,37.57416002336439,1528669
1289,2013-01-01,37.690025329589844,38.26936241382089,37.64036651818225,38.120388224673,6397127
1290,2013-01-02,37.441741943359375,38.00452390453491,37.375530187856256,37.77279174057448,10823940
1291,2013-01-03,37.78934860229492,37.98797941107426,37.458298751046364,37.67348025632773,7768126
1292,2013-01-04,38.05419158935547,38.12039886623135,37.5907204455447,37.90521735862045,7374977
1293,2013-01-07,37.872100830078125,38.12038815141429,37.590709879608745,38.07073158517701,5751436
1294,2013-01-08,38.550758361816406,38.6500715015712,37.739684589935266,37.756235283177695,7147399
1295,2013-01-09,38.2528190612793,38.716292464112925,38.10384931621234,38.65008069509351,8208348
1296,2013-01-10,37.706581115722656,38.63352326980995,37.57416209089601,38.30247346266814,5482985
1297,2013-01-11,37.45829391479492,37.80589890781711,37.35898076830309,37.77279302893637,7053838
1298,2013-01-14,37.094146728515625,37.83900667820306,36.99483132019877,37.441749535086814,10369465
1299,2013-01-15,36.763092041015625,37.44174462288961,36.696882525849325,37.24311383231542,7333310
1300,2013-01-16,37.094146728515625,37.21001283398897,36.547913105310734,36.746543921944436,12729863
1301,2013-01-17,37.29277420043945,37.425195489315804,36.829305302061,37.11069857648218,8720890
1302,2013-01-18,38.05419158935547,38.21971651677171,37.07759272153926,37.30932717090689,11437257
1303,2013-01-21,37.706581115722656,38.10384268035298,37.47484669973843,37.85555532499662,5767870
1304,2013-01-22,37.57416534423828,38.153502556898104,37.342430908189435,37.772796143751805,5102821
1305,2013-01-23,37.12723922729492,37.93831294761086,36.928610715338394,37.73968219057942,4125262
1306,2013-01-24,36.729984283447266,37.25966486785371,36.64722183245095,37.14379653842881,7597320
1307,2013-01-25,36.74654006958008,36.96172156081148,36.51480563785194,36.51480563785194,5876853
1308,2013-01-28,37.04447937011719,37.16034769398051,36.33272322374264,36.779641335701115,4530765
1309,2013-01-29,37.11069107055664,37.54105399840288,36.81274491465341,36.9617168700675,8933771
1310,2013-01-30,36.91206359863281,37.34242881001407,36.696882115479816,37.0775885072352,6691139
1311,2013-01-31,36.48169708251953,37.06103424190845,36.283068546345575,36.81274688788463,10621030
1312,2013-02-01,36.564456939697266,36.81274427610568,36.38237911064943,36.4651415561189,6533829
1313,2013-02-04,36.812747955322266,36.978272862804445,36.58101353386227,36.597566473625534,4150438
1314,2013-02-05,36.283077239990234,36.729993237271785,36.15065593907015,36.6637837093496,2184943
1315,2013-02-06,36.20030975341797,36.63067274782506,36.08444141180043,36.43204419157765,2852740
1316,2013-02-07,36.945167541503906,37.19345489139083,36.249962063790484,36.249962063790484,5059086
1317,2013-02-08,36.82929992675781,37.3424275754763,36.6141184507187,37.07758728145303,5162866
1318,2013-02-11,37.259666442871094,37.32587595745188,36.53135729233198,36.912063684977916,3760946
1319,2013-02-12,37.358978271484375,38.18660273743817,36.87895428517114,36.9782696701006,9796530
1320,2013-02-13,36.382381439208984,38.07073633287495,36.18375290441456,38.07073633287495,7821046
1321,2013-02-14,34.99197006225586,36.54790356967949,34.37952707498938,36.415484556523225,14843823
1322,2013-02-15,35.51639938354492,35.71810246967966,34.79363417119673,35.16342012270949,8479053
1323,2013-02-18,36.390438079833984,36.77703294901986,35.38192734651392,35.38192734651392,8321446
1324,2013-02-19,36.44086837768555,36.52491095187928,36.03746447751577,36.3904437450896,8484570
1325,2013-02-20,36.35681915283203,36.86107450575229,36.104691476371904,36.47447964710022,7964693
1326,2013-02-21,35.91980743408203,36.625763712867084,35.751720000313234,36.23916877066104,6464828
1327,2013-02-22,36.65937805175781,36.81065421949754,35.97022853227619,36.17193160912955,14054231
1328,2013-02-25,37.66789627075195,37.73512988296771,36.72661886032815,36.810661445548114,15983553
1329,2013-02-26,37.298099517822266,37.617460813208275,37.04597181939112,37.617460813208275,17614848
1330,2013-02-27,36.608951568603516,37.600655714904036,36.508102308804,37.48299520540379,9561570
1331,2013-02-28,35.06257247924805,36.97874517123976,34.30618924182004,36.84427795206182,11505348
1332,2013-03-01,36.28959274291992,36.642572015773645,35.06256977345705,35.53320956386227,9664596
1333,2013-03-04,36.45766830444336,36.81064748445377,35.73490097779345,36.306392164381805,5835406
1334,2013-03-05,36.50810623168945,36.642573445738044,35.802147658432204,36.49129725998316,4342564
1335,2013-03-06,36.18873596191406,36.642566715624795,36.087886709800955,36.508099526273696,2348098
1336,2013-03-07,36.373634338378906,36.5753374259469,36.020655075035286,36.020655075035286,3784471
1337,2013-03-08,36.97874069213867,37.02916532327241,36.32320908839676,36.60895246448905,5865486
1338,2013-03-11,37.11320495605469,37.23086545911683,36.642567503407115,36.96192879483229,3872022
1339,2013-03-12,36.72661590576172,37.18044674136035,36.340020956770914,37.18044674136035,5729772
1340,2013-03-13,36.91150665283203,37.0627828242394,36.57533636979314,36.676187910664936,4784709
1341,2013-03-14,36.86107635498047,36.97873685515139,36.558524039970145,36.84426966621356,4923712
1342,2013-03-15,36.6425666809082,36.995545902370964,36.45767258587529,36.7770338701319,4917271
1343,2013-03-18,36.55851745605469,36.6425600039555,36.47447490815387,36.608942072875166,3593844
1344,2013-03-19,36.003849029541016,36.77703889287466,35.31469718129874,36.625762714387676,5195989
1345,2013-03-20,35.079376220703125,35.93661088458774,34.8944821120534,35.818950375501394,5025753
1346,2013-03-21,34.1549072265625,35.3987367711771,33.9027795237433,34.961717243464264,4921271
1347,2013-03-22,34.440643310546875,34.69277094339686,33.90277011521362,34.17170671288025,8653798
1348,2013-03-25,34.92810821533203,35.14661803493449,34.625555806682286,34.760023037237474,4166875
1349,2013-03-26,35.29789352416992,35.39874279862907,34.7936380326704,34.7936380326704,3767435
1350,2013-03-28,35.56682205200195,35.768525127003315,34.99533304589885,35.281078688850684,4534130
1351,2013-04-01,35.46596908569336,35.78533035455005,35.21384140820645,35.38192652653106,1691135
1352,2013-04-02,35.80214309692383,36.188737997908575,35.331503348115696,35.61724899131351,4652635
1353,2013-04-03,35.701290130615234,35.835757322150315,35.482778094620144,35.58362962817169,2361750
1354,2013-04-04,35.12980270385742,35.78533428129518,34.8944816885408,35.55001554577913,3713922
1355,2013-04-05,35.18022918701172,35.29788970087089,34.87767683680341,34.87767683680341,8205260
1356,2013-04-08,35.01213455200195,35.634050334183485,34.7936248338301,35.29788013404213,3096875
1357,2013-04-09,34.726402282714844,35.70129760474179,34.55831711820685,35.146615193984836,2293912
1358,2013-04-10,35.163421630859375,35.23065523585435,34.59193256870086,34.81044235488475,1905585
1359,2013-04-11,34.81043243408203,35.23064519529306,34.67596526241456,35.23064519529306,3329986
1360,2013-04-12,35.46596908569336,35.583627300640394,34.64235018206253,34.64235018206253,1819318
1361,2013-04-15,34.9785270690918,35.29789067846861,34.844059860786324,35.29789067846861,2619515
1362,2013-04-16,35.936607360839844,36.27277760549427,34.96171456326215,34.97852125165457,2546545
1363,2013-04-17,35.936607360839844,36.356820166657876,35.718097613734614,35.936607360839844,3775629
1364,2013-04-18,35.9702262878418,36.27277860444289,35.38192834349488,35.68448066009598,5080676
1365,2013-04-22,36.77702713012695,37.18043318346803,35.71809193960667,35.71809193960667,5577118
1366,2013-04-23,36.87788772583008,36.97873926400329,36.54171745178643,36.64256898995964,2951714
1367,2013-04-25,36.928314208984375,37.751930914933794,36.306398297254916,36.67618650635901,7103973
1368,2013-04-26,37.07958984375,37.21405703797154,36.81065317550639,37.062780874522176,3417359
1369,2013-04-29,37.13001251220703,37.44937379148024,36.8274602012746,36.8274602012746,5263605
1370,2013-04-30,37.71831130981445,38.03767259640556,36.81065207641851,37.04597079918036,5652599
1371,2013-05-02,38.625972747802734,38.82767582442543,37.398952157783015,37.415761127468336,7787838
1372,2013-05-03,37.65107727050781,38.726823898671185,37.53341677061481,38.289799836154444,3489204
1373,2013-05-06,37.6846923828125,37.97043570716194,37.247670632854245,37.49979830246859,1570856
1374,2013-05-07,37.88640594482422,38.23938525744511,37.11321370760727,37.61746921712254,4295563
1375,2013-05-08,38.5755500793457,38.71001728406209,37.86959155508294,37.86959155508294,4623152
1376,2013-05-09,38.155338287353516,38.72682962296378,37.92001953258499,38.65959373891497,3439496
1377,2013-05-10,37.76873779296875,38.50830961062224,37.65107729300544,37.93682291874466,3388720
1378,2013-05-13,37.71831130981445,37.98724797002818,37.44937464960073,37.51661052450449,3486486
1379,2013-05-14,38.44108200073242,38.710016404051395,37.7519324626761,37.7519324626761,5187764
1380,2013-05-15,38.23937225341797,38.86128808224621,37.987244584401154,38.52511785689046,7598979
1381,2013-05-16,38.2898063659668,38.7436371946055,38.05448760585076,38.07129657724494,7843384
1382,2013-05-17,39.01256561279297,39.29831124310881,38.239375845680364,38.32341840991438,4225774
1383,2013-05-20,38.424259185791016,39.029368250534134,38.323409954800454,38.99575032033731,6051683
1384,2013-05-21,37.88640594482422,38.62598023615307,37.600662523979516,38.357045788252414,3901355
1385,2013-05-22,37.869590759277344,38.02086921115512,37.617463045881905,37.98725127078214,4300192
1386,2013-05-23,36.84428024291992,37.93683387602516,36.64257712181083,37.70151280813086,5416658
1387,2013-05-24,36.6425666809082,37.24767359201574,36.34001436525465,37.24767359201574,4295474
1388,2013-05-27,37.70150375366211,37.886397856974064,36.64256832165814,36.70980191928052,1976291
1389,2013-05-28,37.81916427612305,38.22256814183676,37.61746120336592,37.76873964783403,3947350
1390,2013-05-29,38.155338287353516,38.30661674666256,37.7183164400401,37.97044416582082,4123634
1391,2013-05-30,38.4578857421875,38.65958880901104,37.701502661299926,38.05448188834089,4814631
1392,2013-05-31,38.08810806274414,38.65959716926309,37.869595979798014,38.64279047656036,8210037
1393,2013-06-03,37.449371337890625,38.12171178906854,37.19724366869891,38.10490510162929,2337051
1394,2013-06-04,38.05448913574219,38.273001213049625,37.38214849135175,37.38214849135175,6339450
1395,2013-06-05,37.8023567199707,37.95363289029362,37.634271579656215,37.83597465995385,2941759
1396,2013-06-06,37.66789627075195,37.85279041419608,37.550235739523586,37.550235739523586,3741327
1397,2013-06-07,37.19724655151367,37.88639602334069,37.130012957145276,37.33171602005089,3373193
1398,2013-06-10,36.97874069213867,37.48299612267871,36.91150709069347,37.31491097916536,4178032
1399,2013-06-11,36.255977630615234,37.600658858227355,36.07108350585841,36.76023309096978,4988953
1400,2013-06-12,36.306396484375,36.77703392718855,36.037459825709924,36.306396484375,1985386
1401,2013-06-13,35.55001449584961,36.44086478249315,35.41554502252572,36.05426989126305,3320850
1402,2013-06-14,36.67619705200195,36.810664286812454,35.63406800291632,35.71811059462319,5440747
1403,2013-06-17,36.373634338378906,36.79384720431163,35.97023044304364,36.65937999913344,1761508
1404,2013-06-18,36.44086837768555,36.87789021945311,36.08789138991245,36.30640117089587,2599492
1405,2013-06-19,36.1383056640625,36.37362434839461,35.91979594571127,36.28958179829028,3158484
1406,2013-06-20,35.58363723754883,36.071086040652965,35.4827856824307,36.037468095679934,3936637
1407,2013-06-21,36.0374641418457,36.18874031802522,35.297889951789735,35.516399730737845,8100913
1408,2013-06-24,35.600440979003906,36.474484621863496,35.31469532812272,35.835759719835146,7726193
1409,2013-06-25,34.659156799316406,35.97022200121381,34.30617761881325,35.7012853741733,5865050
1410,2013-06-26,35.634056091308594,35.76852328116995,34.440651232037375,34.558309453215955,9917951
1411,2013-06-27,35.81895065307617,36.30639938323938,35.5836319128805,35.80214396290554,10124040
1412,2013-06-28,37.41576385498047,37.68470055014865,35.97023111327715,35.97023111327715,13955319
1413,2013-07-01,37.95362854003906,38.0880980047581,37.14682087092627,37.14682087092627,4880398
1414,2013-07-02,37.43256759643555,37.92001400594205,37.1804399074011,37.68469528546999,4836103
1415,2013-07-03,36.40725326538086,37.230870048950095,36.23916811445649,37.230870048950095,3203552
1416,2013-07-04,36.18873596191406,36.81065184221389,35.71809851938477,36.4744815890357,5239017
1417,2013-07-05,36.17193603515625,36.608955622144954,35.902999326377994,36.30640324964495,2878063
1418,2013-07-08,35.39873504638672,36.13831142912789,35.230649919363806,36.13831142912789,5074736
1419,2013-07-09,36.928314208984375,36.978738837589226,35.583630848515206,35.734907014130314,5626482
1420,2013-07-10,36.35681915283203,37.3485231707488,36.25596990608823,37.1300111499365,6811029
1421,2013-07-11,37.09638977050781,37.44936663924924,36.692983726574816,36.96192032926349,5779104
1422,2013-07-12,37.07958984375,37.23086600719936,36.323206746702645,37.21405703797154,3580274
1423,2013-07-15,36.995548248291016,37.298100583129674,36.65937797411447,36.96193030895313,2918182
1424,2013-07-16,37.04597091674805,37.28128964025669,36.40724834153881,36.40724834153881,2477162
1425,2013-07-17,37.28128433227539,37.71830605931291,36.91149847078221,37.012349989298585,9890923
1426,2013-07-18,37.314910888671875,37.55022963305974,37.0627831740133,37.16363471583686,5820812
1427,2013-07-19,37.43256759643555,37.583843753896126,37.1804399074011,37.583843753896126,4552788
1428,2013-07-22,37.36532974243164,37.58384176256416,37.0795864112126,37.21405359298623,2515956
1429,2013-07-23,37.02915954589844,37.73511795042952,36.70979827901069,37.73511795042952,5415186
1430,2013-07-24,36.97874069213867,37.19725046678575,36.55852783335531,36.67618834573492,2594203
1431,2013-07-25,37.02915954589844,37.5670328331412,35.73490323085824,37.180437975298176,4206471
1432,2013-07-26,36.42405319213867,37.23086080432051,36.323201670665895,37.14681824972656,5399927
1433,2013-07-29,36.340023040771484,36.86108523325775,36.08789529093582,36.70980903931654,2056881
1434,2013-07-30,35.48278045654297,36.3736330691143,35.18022811554931,36.340017408893125,1322467
1435,2013-07-31,33.986820220947266,35.29788557133534,33.02873409104061,34.995330976722514,6050144
1436,2013-08-01,34.57512283325195,34.944911072251706,33.28086627655355,33.88597326773463,4448345
1437,2013-08-02,30.70917510986328,33.73470883976851,29.095556664620187,33.28087786836212,31014744
1438,2013-08-05,31.364696502685547,31.868951956179487,29.482141897721196,30.910865682620692,15799229
1439,2013-08-06,31.448726654052734,32.10425802865879,31.078940835459516,31.26383260485619,14382559
1440,2013-08-07,31.364696502685547,31.919378869409343,31.112568775938577,31.6000152583559,5717703
1441,2013-08-08,32.27235412597656,32.608524410211714,31.431928415388683,31.532779956619358,6778874
1442,2013-08-12,31.96980094909668,32.74299303865177,31.801715811358644,32.44043842284295,9452703
1443,2013-08-13,32.32278060913086,32.44043883917714,31.600013139701094,31.919376729342485,2256717
1444,2013-08-14,32.64214324951172,32.995122513639714,32.12107883863712,32.27235501474892,9066232
1445,2013-08-16,32.944698333740234,33.29767762713974,32.10427253031325,32.64214595642688,16654810
1446,2013-08-19,32.44044494628906,32.84385118182175,31.85214684590512,32.642148064055405,5042098
1447,2013-08-20,32.423622131347656,32.608513904267284,31.885748937945337,32.44042881630405,5439143
1448,2013-08-21,32.81022644042969,33.23043928224715,32.49086513660853,32.59171667460483,17512680
1449,2013-08-22,32.97831726074219,33.196827064225694,32.28916762543124,32.60852898429213,11299648
1450,2013-08-23,32.87746810913086,33.011937619399134,32.4740641379283,32.87746810913086,19297499
1451,2013-08-26,32.927894592285156,33.095979768033196,32.6757668286631,32.84385200441114,24410353
1452,2013-08-27,32.17150115966797,34.70958696931687,31.868946570818213,32.94469090052757,13466053
1453,2013-08-28,31.549591064453125,32.54129301418007,30.9781019984919,31.936186005597268,11398478
1454,2013-08-29,32.709381103515625,33.11278505217806,31.51597595054678,31.51597595054678,15533827
1455,2013-08-30,32.827030181884766,33.06234887986454,31.532773923295707,32.57490251694925,8242572
1456,2013-09-02,33.28086471557617,33.448949856364926,32.67576003257714,32.8438451733659,15403306
1457,2013-09-03,32.15468978881836,33.61703115949107,31.650434458214008,33.448943769489404,4877060
1458,2013-09-04,32.390010833740234,32.57490492431713,31.650436751233038,31.801712905413996,4850453
1459,2013-09-05,32.726810455322266,34.172641091242085,32.31857407714885,33.186072920120345,9746210
1460,2013-09-06,33.66234588623047,34.15562878835738,32.35259258431961,32.64175961682394,7041237
1461,2013-09-10,34.78498458862305,35.227236708405286,33.764396207386746,33.764396207386746,8723482
1462,2013-09-11,33.679351806640625,35.00611526214022,33.35616663532198,34.665919859257926,5150080
1463,2013-09-12,33.679351806640625,34.24067560565505,33.4242052544789,33.84944950808177,5409563
1464,2013-09-13,33.93449401855469,34.08758145844425,33.49223962002029,33.50924754115458,6331674
1465,2013-09-16,34.88704299926758,35.3633179073016,33.74738988020615,33.934497797394606,14084730
1466,2013-09-17,34.546852111816406,34.88704753012368,33.5262658568946,34.716949820970044,5923058
1467,2013-09-18,34.15562057495117,34.52983637325166,33.64532756295814,34.18964103192297,4635243
1468,2013-09-19,34.15562057495117,35.43135310493378,33.76439454816479,34.97208847130111,10203659
1469,2013-09-20,34.563865661621094,34.88705087861303,34.18965204982445,34.27470091256433,15290056
1470,2013-09-23,33.764408111572266,34.325732034510885,33.62833084321649,34.05357519070109,3730187
1471,2013-09-24,33.730384826660156,33.96852116367502,33.35616893485258,33.52626664802004,8304198
1472,2013-09-25,34.18964767456055,34.308714682900494,33.40719777606448,33.67935225632593,5150528
1473,2013-09-26,33.78141784667969,34.104605391661046,33.52627124196696,34.01955652342347,6791644
1474,2013-09-27,33.66234588623047,34.15562878835738,33.52626633271754,33.78141290006917,4575709
1475,2013-09-30,33.356170654296875,33.66234793803987,32.91391611584455,33.40720135513638,5763141
1476,2013-10-01,33.679351806640625,33.747392732895264,33.305138247728735,33.4242052544789,4024187
1477,2013-10-03,33.98553466796875,34.104604001487125,33.54328010974091,34.01955513671631,11166670
1478,2013-10-04,33.32216262817383,33.84946388085992,33.23711374134076,33.84946388085992,16408671
1479,2013-10-07,33.356170654296875,33.40720135513638,32.84587748848989,33.18607293236121,3643908
1480,2013-10-08,33.42421340942383,33.61132138807983,33.23710773786612,33.54328275232264,7001377
1481,2013-10-09,33.69636535644531,33.81543468201853,33.169061968632136,33.169061968632136,5815351
1482,2013-10-10,33.764408111572266,33.866467216388216,33.42421263358458,33.69636947739438,4045318
1483,2013-10-11,33.66234588623047,33.98553107678963,33.56028679787024,33.86646175585305,2594571
1484,2013-10-14,33.86646270751953,33.98553203180202,33.44121841665054,33.67935475811759,3588795
1485,2013-10-15,33.66234588623047,34.0705799325735,33.42420724435732,33.900482221005745,6566169
1486,2013-10-17,33.20308303833008,33.95151255055016,33.01597508350056,33.59430687443889,7117518
1487,2013-10-18,33.84944534301758,34.01954533062621,33.015967169932274,33.50924998199521,15690831
1488,2013-10-21,33.84944534301758,34.0025351011556,33.696357891977,33.84944534301758,2023039
1489,2013-10-22,34.68292999267578,35.24425148300405,33.781410793330174,33.781410793330174,9232804
1490,2013-10-23,34.22367477416992,35.142202152820786,34.121615663853525,35.00612487713116,3579487
1491,2013-10-24,33.679351806640625,34.54685054541003,33.40719733001297,34.35974491950295,7207079
1492,2013-10-25,34.087589263916016,34.27469720311322,33.441216592789125,33.883471092592195,5281406
1493,2013-10-28,33.59430694580078,34.325728533124796,33.44121945774162,34.12161034431391,5287076
1494,2013-10-29,34.15562057495117,34.34272847410142,33.33915037150392,33.54326849914006,7086272
1495,2013-10-30,34.070579528808594,34.27469770311008,34.01955113878215,34.24067723836055,3289474
1496,2013-10-31,34.46179962158203,34.87003592616083,33.62832139607923,34.342732621994536,8249061
1497,2013-11-01,33.30514144897461,34.66592319130033,33.203082356880586,34.46180500711229,9616570
1498,2013-11-05,32.369598388671875,33.3561640579616,32.16548023987518,33.25410498356325,17767298
1499,2013-11-06,32.74381637573242,32.913914087184054,32.420631185393894,32.420631185393894,9564186
1500,2013-11-07,32.33558654785156,32.74382064717012,32.16548881421065,32.62475361788038,9949028
1501,2013-11-08,32.67577362060547,32.81185315681776,31.859305631722027,32.0634214753941,6427427
1502,2013-11-11,32.64175033569336,32.794837771156935,32.04640851448161,32.624740107953585,7123880
1503,2013-11-12,32.43764114379883,32.72680817366174,32.25053320136388,32.64175931865475,5714533
1504,2013-11-13,32.65876388549805,32.743812731759,32.16548103860405,32.26754011553672,4914428
1505,2013-11-14,32.65876388549805,32.896902500706794,32.57371503923709,32.69278434684147,2329910
1506,2013-11-18,32.77783966064453,32.89690899174301,32.55671353957372,32.76082942661645,4220710
1507,2013-11-19,32.33558654785156,32.77784111673756,32.097450182173915,32.5226945162762,6280476
1508,2013-11-20,31.89333152770996,32.47166565958481,31.825292896635904,32.18249859364738,5017948
1509,2013-11-21,31.774255752563477,32.04641250903233,31.536119455814788,31.978371589591994,4281191
1510,2013-11-22,31.944366455078125,32.046425568732715,31.706230061283044,31.706230061283044,7516975
1511,2013-11-25,32.0294075012207,32.18249498072573,31.876320021715685,31.876320021715685,8325845
1512,2013-11-26,32.06342697143555,32.199506530973444,31.757251999896724,31.893329252336653,7679212
1513,2013-11-27,31.349014282226562,32.21651300995669,31.24695520124107,31.893325535653016,4670852
1514,2013-11-28,32.216514587402344,32.31857136628723,31.17891810959087,31.38303397445846,21937834
1515,2013-11-29,32.352596282958984,32.52269401397279,31.77426445893168,32.09744968643828,19972565
1516,2013-12-02,31.84230613708496,32.21652210396539,31.332012895210752,31.332012895210752,12138526
1517,2013-12-03,31.89333152770996,31.978380393327072,31.70622586903083,31.808282662092854,10819239
1518,2013-12-04,32.5226936340332,32.62475273286883,31.74024361909089,31.842302717926515,21813713
1519,2013-12-05,32.760826110839844,32.87989542988712,32.369602303280786,32.82886473296779,14177075
1520,2013-12-06,33.66234588623047,33.98553107678963,32.64175961682394,32.64175961682394,25973812
1521,2013-12-09,34.46179962158203,34.64890754333105,33.509252089394145,33.849447471811416,30640399
1522,2013-12-10,33.475242614746094,34.52984949651319,32.998967571616554,34.46180855671026,28724268
1523,2013-12-11,33.33916091918945,33.50925864366852,33.04999617183388,33.1690631947104,7491141
1524,2013-12-12,33.32216262817383,33.4072115150069,33.13505461572132,33.23711374134076,9916532
1525,2013-12-13,33.1690559387207,33.390184316428744,33.015968481598236,33.06699917203741,12252500
1526,2013-12-16,33.679351806640625,33.81543135205218,32.930922381719114,32.99896100087603,21800566
1527,2013-12-17,33.577293395996094,33.76439901278977,33.288126394791576,33.47523431868287,18137305
1528,2013-12-18,34.01955032348633,34.59788206068339,32.23352210889605,32.31857096163378,156704650
1529,2013-12-19,33.764408111572266,34.35975250514895,32.74382167760922,33.16906602509382,508752991
1530,2013-12-20,33.815433502197266,34.10460053587292,33.42420737974798,33.61131532465,55032517
1531,2013-12-23,33.917484283447266,33.98552289026547,33.52625825682229,33.67934569893758,27772323
1532,2013-12-24,33.52627182006836,33.91749800496614,33.49225365644567,33.84945706352427,16656973
1533,2013-12-26,33.679351806640625,33.883469971209095,33.118030314723924,33.37317686688565,58569185
1534,2013-12-27,33.95151138305664,34.05357047373577,33.40720007793113,33.679354576944924,17259233
1535,2013-12-30,33.679351806640625,34.087588135777565,33.543274568326794,33.81543135205218,10546799
1536,2013-12-31,33.98553466796875,34.01955513671631,33.628328974511724,33.713377839282536,12881038
1537,2014-01-01,33.84944534301758,33.985524871684994,33.73037835091822,33.96851464221439,3186233
1538,2014-01-02,34.665916442871094,34.836014127548815,34.01954616393474,34.053564316611784,29730385
1539,2014-01-03,34.2576904296875,34.955091560506965,34.070582471599636,34.66592450645317,10720086
1540,2014-01-06,33.98553466796875,34.359750595799554,33.713377839282536,34.359750595799554,6603244
1541,2014-01-07,33.611324310302734,34.01956077453523,33.526275431437384,33.98554030014969,12753362
1542,2014-01-08,33.59430694580078,33.84945352826539,33.509258084979244,33.526268318563154,10653844
1543,2014-01-09,33.628318786621094,33.849444845194554,33.50924948917544,33.594298328180216,12969982
1544,2014-01-10,33.15205764770508,33.84945652245237,32.845880337405525,33.84945652245237,21668655
1545,2014-01-13,33.33916091918945,33.47524048303153,32.930926841859325,32.930926841859325,11775173
1546,2014-01-14,33.15205764770508,33.5092610490739,33.049998544271894,33.305145149305744,6262293
1547,2014-01-15,33.1690559387207,33.84944668779615,33.032978711744626,33.18606616886709,8229009
1548,2014-01-16,33.42421340942383,33.56029298803651,33.22009750215224,33.30514637362331,15169976
1549,2014-01-17,33.084014892578125,33.42421034729569,32.896909238161925,33.3391614836163,11229974
1550,2014-01-20,33.509254455566406,33.64533400240079,32.998961345907425,32.998961345907425,13050752
1551,2014-01-21,33.28813171386719,33.594306687632596,33.23710332060561,33.39019080748832,11629511
1552,2014-01-22,33.37318420410156,33.64534104766162,33.288135334682686,33.30514556998611,12315468
1553,2014-01-23,33.356170654296875,33.49225021610421,33.203083165974384,33.339160420683704,5617086
1554,2014-01-24,33.37318420410156,33.577302413546164,33.25411486407584,33.27112509937926,11973294
1555,2014-01-27,32.84587860107422,33.64533884409105,32.60774224371753,33.13504566099897,12637443
1556,2014-01-28,32.862892150878906,32.998969423926724,32.76083304254389,32.845881914973354,7516995
1557,2014-01-29,32.55670928955078,32.98195354925009,32.45465020580339,32.89690469731023,5177129
1558,2014-01-30,32.5226936340332,32.76082999325092,32.318575436361954,32.55671410267778,28308126
1559,2014-01-31,32.48866653442383,32.65876422873341,32.386609763516184,32.65876422873341,15088682
1560,2014-02-03,32.386619567871094,32.87990256928022,32.30157069496958,32.369609331871125,4482727
1561,2014-02-04,32.43764114379883,32.72680817366174,32.25053320136388,32.335582056370875,8237100
1562,2014-02-05,32.91391372680664,32.94793419156362,32.21651496316913,32.21651496316913,8121381
1563,2014-02-06,32.726810455322266,32.82886724276761,32.40362293808531,32.65876952089469,8396200
1564,2014-02-07,33.1690559387207,33.28812524264792,32.59072426342608,32.72680379749969,6497909
1565,2014-02-10,32.99897003173828,33.33916552772224,32.896913228621784,33.11803937817201,3792896
1566,2014-02-11,32.5226936340332,33.135045919948844,32.488673165388626,33.03298682111322,5013980
1567,2014-02-12,32.55670928955078,32.77783538175532,32.437639973995864,32.624747909683116,5538187
1568,2014-02-13,32.31857681274414,32.624754122290476,32.2845586497489,32.50568478406164,6549052
1569,2014-02-14,32.40361785888672,32.437638320767874,32.30156108743856,32.38660993504379,14754417
1570,2014-02-17,32.505680084228516,32.60773917265442,32.3525926051386,32.3525926051386,4752663
1571,2014-02-18,32.57373046875,32.69279983275511,32.48868158220312,32.53971229839047,4866082
1572,2014-02-19,32.28456115722656,32.607746419822575,32.16549180974985,32.50568730871373,2804777
1573,2014-02-20,32.352596282958984,32.53970424849379,32.06342921739627,32.18249855194518,5141168
1574,2014-02-21,32.420631408691406,32.55671096304868,32.35259278506171,32.40362117600951,4456386
1575,2014-02-24,32.33558654785156,32.403625179888294,31.995391080569735,32.403625179888294,5118446
1576,2014-02-25,32.420631408691406,32.52269049768489,32.28455416143201,32.35259278506171,4052135
1577,2014-02-26,32.386619567871094,32.726815059477154,32.26755022296964,32.488676369674245,21051173
1578,2014-02-28,32.148468017578125,32.4546452218012,31.72322382318281,32.33557592453155,27401493
1579,2014-03-03,32.216514587402344,32.42063045226993,31.927347561634324,32.01239641543694,15373777
1580,2014-03-04,33.154422760009766,33.30959115819125,32.37857843064409,32.482024808917835,9410466
1581,2014-03-05,33.223388671875,33.32683505774349,32.895810398673476,33.171666648169975,5385763
1582,2014-03-06,33.654415130615234,33.89578848491019,33.154426967048835,33.223390448496176,7952223
1583,2014-03-07,34.13715744018555,34.292328176519476,33.5337229629793,33.5337229629793,13092149
1584,2014-03-10,34.10268020629883,34.24060716490066,33.688896992034834,34.05095584297927,11546535
1585,2014-03-11,34.08543014526367,34.171635057237644,33.84405685942814,33.93026177140211,7773473
1586,2014-03-12,33.96474838256836,34.05095330989626,33.7233750537419,33.91302636155494,15253272
1587,2014-03-13,34.068199157714844,34.481984733032114,33.826825797752186,33.98199421926685,12326297
1588,2014-03-14,33.913028717041016,34.481982679997806,33.79234087501605,33.895787262686234,11859122
1589,2014-03-18,34.98196792602539,35.15437777836587,33.96474792644992,33.96474792644992,15512927
1590,2014-03-19,35.27507019042969,35.671614331661985,34.94749187442648,34.94749187442648,12921191
1591,2014-03-20,34.240604400634766,35.24058295437387,34.13715802080544,35.068173100811094,6054665
1592,2014-03-21,34.775081634521484,35.46472117212707,34.326815467386105,34.41302040958681,21508819
1593,2014-03-24,35.585411071777344,35.93023086039782,34.82680800450405,34.82680800450405,9956813
1594,2014-03-25,36.412967681884766,36.533655510316294,35.37850859861412,35.37850859861412,14139614
1595,2014-03-26,35.86126708984375,36.723316554651646,35.723337772399184,36.550906661690064,6805235
1596,2014-03-27,36.37848663330078,36.688823418785006,35.86125709852161,35.86125709852161,20892387
1597,2014-03-28,37.050880432128906,37.32673662096327,36.13710695276872,36.32675822874596,6967406
1598,2014-03-31,36.206077575683594,37.343983044633404,36.050906841109075,36.96468044216406,6602071
1599,2014-04-01,37.240535736083984,37.74052381704295,36.24055723570789,36.378486514272616,13292951
1600,2014-04-02,37.37846755981445,37.61984324422473,36.98192580135496,37.292262626370345,8823613
1601,2014-04-03,37.481910705566406,37.79224984219687,36.86123477076376,37.27502028627104,6355761
1602,2014-04-04,36.75779342651367,37.49915729462516,36.67158848871875,37.49915729462516,7240495
1603,2014-04-07,36.861228942871094,37.32673640498925,36.48192639311127,36.79226548067601,6247841
1604,2014-04-09,36.80951690673828,37.03364880422969,36.39573134451023,36.9129632972953,6654828
1605,2014-04-10,37.17158508300781,37.30951207067238,36.61987245543156,36.86124585307405,9464658
1606,2014-04-11,37.119850158691406,37.22329653926809,36.94744030388304,36.964681757055544,6290384
1607,2014-04-15,37.188819885253906,37.30950539324611,36.82675868436017,36.98192710232647,9004170
1608,2014-04-16,37.1370964050293,37.30950628209005,36.44745689678628,37.1543378604271,10220793
1609,2014-04-17,36.96468734741211,37.06813374363352,36.60262612986653,37.05089228785351,10918544
1610,2014-04-21,36.53365707397461,37.30950141963412,36.46469359982987,36.826754762162636,4950498
1611,2014-04-22,36.53365707397461,36.72330838171637,35.98194460390008,36.619862001270114,8749084
1612,2014-04-23,36.412967681884766,36.87847520473984,36.27504073949863,36.516414057903475,11101407
1613,2014-04-24,36.412967681884766,36.412967681884766,36.412967681884766,36.412967681884766,0
1614,2014-04-25,36.37848663330078,36.654340514416454,36.06814750935837,36.34400372893223,5635586
1615,2014-04-28,36.58538055419922,36.72330984644841,36.137114446691584,36.29228519277922,4189566
1616,2014-04-29,36.412967681884766,37.0336435995388,36.25779928708581,36.826753185959596,8984063
1617,2014-04-30,36.48193359375,37.206055935867134,36.17159678339029,36.46469447864208,9560866
1618,2014-05-02,36.050907135009766,36.70606596839263,35.895738737628484,36.41296828787158,2642603
1619,2014-05-05,36.24056625366211,36.412976140926155,35.84402444833831,35.96470996634788,1955739
1620,2014-05-06,35.344032287597656,36.25780365245303,35.17162241962808,36.17159871846824,4306301
1621,2014-05-07,35.344032287597656,35.74057404854429,35.17162241962808,35.41299576709379,6851875
1622,2014-05-08,35.70608139038086,36.10262538151364,35.34402263726803,35.65435937949555,6511390
1623,2014-05-09,36.843997955322266,36.981924910125535,35.70609005513241,35.79229498649906,19808139
1624,2014-05-12,38.44740676879883,38.96463633043514,36.7060667769316,36.7060667769316,8560913
1625,2014-05-13,38.91291427612305,39.75771975325107,38.654299495527745,38.75774353699922,14210275
1626,2014-05-14,38.61981201171875,39.309451344895294,38.44740217842461,38.947390227286,8786547
1627,2014-05-15,39.464630126953125,39.861171889146874,37.326745886639934,38.464651486509545,17562208
1628,2014-05-16,41.205970764160156,43.32661135742524,40.36116047954136,40.36116047954136,35379329
1629,2014-05-19,42.15421676635742,43.17143673010515,41.48181649514568,41.48181649514568,25035487
1630,2014-05-20,43.0679931640625,43.99900831595941,42.39559748939648,42.74041722314838,22538200
1631,2014-05-21,42.91282653808594,43.39557322374618,42.412836059809706,42.75765578912658,10213784
1632,2014-05-22,43.24040603637695,43.77487946699132,42.46456158150986,42.79214222210955,17055437
1633,2014-05-23,45.11967468261719,45.51621646066447,41.395618567726224,43.44729795580855,22941667
1634,2014-05-26,44.188655853271484,46.481705829632844,42.41283072895876,45.41276386772201,23747350
1635,2014-05-27,43.75762176513672,44.309334137515165,42.75764572096593,43.30935809334438,11091241
1636,2014-05-28,43.05074691772461,43.79210828711746,42.86109796633907,43.79210828711746,13246147
1637,2014-05-29,43.119720458984375,43.792116142902536,42.89558388742797,43.395574379014846,14803509
1638,2014-05-30,42.06801223754883,43.61970086850556,41.43009486499444,43.274881172737395,69911271
1639,2014-06-02,43.17144012451172,43.56798186672339,42.13698096556815,42.17146387291629,13367356
1640,2014-06-03,43.188682556152344,43.6369510322668,42.60249179388793,43.10247761962077,18372713
1641,2014-06-04,42.8438606262207,43.41281224294548,42.68869455452316,43.1886803547711,23251745
1642,2014-06-05,43.75762176513672,44.309334137515165,43.27487519314901,43.34384099353974,19424103
1643,2014-06-06,44.171409606933594,44.274858313124724,43.4645311607498,44.10244380280618,14951210
1644,2014-06-09,47.36100387573242,49.1713075985515,44.1886649199903,44.43003594354914,41900147
1645,2014-06-10,46.878257751464844,48.61959567445046,46.37826722704619,48.067887798161735,22963428
1646,2014-06-11,46.119651794433594,47.29204270828919,45.36105113614046,46.878257129644005,14529763
1647,2014-06-12,47.050655364990234,47.42995793873499,45.58517176222978,46.067918366579406,15766959
1648,2014-06-13,45.99897003173828,47.757547102614275,44.82657908193106,47.343766188197684,10439654
1649,2014-06-16,45.447261810302734,45.86104276424595,44.705900175518025,45.86104276424595,11540459
1650,2014-06-17,46.033443450927734,46.48171190746157,45.18863791597017,45.18863791597017,16756330
1651,2014-06-18,46.18861389160156,47.06790232916517,45.34380368538014,46.20585300727266,13262126
1652,2014-06-19,45.24034881591797,46.55066160099782,45.06793899278031,46.205841954722516,4904553
1653,2014-06-20,45.61966323852539,45.98172209060416,45.05071160943719,45.481736279491436,9100975
1654,2014-06-23,45.309329986572266,46.033447747865836,45.08519339892512,45.51621810298908,9955400
1655,2014-06-24,45.65414810180664,46.0506898798477,45.48173822640468,45.84379709398191,10866416
1656,2014-06-25,45.65414810180664,45.947241148456214,45.30932835100272,45.516216459951316,14393130
1657,2014-06-26,45.70586395263672,46.033439865483544,45.37828336287333,45.87827380474028,19577916
1658,2014-06-27,47.08513641357422,47.37823405796915,45.34379433623723,45.86102382272855,21315448
1659,2014-06-30,47.9989013671875,48.34372098028083,47.34374503769325,47.516154844239914,33365772
1660,2014-07-01,48.274784088134766,48.84374053189492,47.74031523862942,48.274784088134766,17681327
1661,2014-07-02,48.72303771972656,49.22302817550122,48.48166204930086,48.48166204930086,15633096
1662,2014-07-03,48.447174072265625,48.964403588832525,47.98167124888837,48.87819866940471,10773481
1663,2014-07-04,49.7230224609375,50.44714491918025,48.11961145284693,48.41270919510203,11771805
1664,2014-07-07,50.360931396484375,50.67126820374295,49.671291968391245,50.171282424525444,13259170
1665,2014-07-08,47.498931884765625,50.481626587406986,46.89549729725834,50.343699617074506,14948074
1666,2014-07-09,46.96445846557617,48.06788347269478,46.136892048695664,47.58513210900732,8629784
1667,2014-07-10,47.42996597290039,48.18856657197319,44.826574207916956,47.24031231544451,17933570
1668,2014-07-11,45.757591247558594,47.8782317375044,45.06795175964665,47.343763005139486,11319671
1669,2014-07-14,46.18861389160156,47.13686814568333,45.43000861756939,45.757589230655306,7915363
1670,2014-07-15,46.602394104003906,46.86100887097748,45.89551093479299,46.36101845072869,9737615
1671,2014-07-16,46.98170471191406,47.309285376003494,45.96448915985302,46.67136784309743,6411041
1672,2014-07-17,47.826507568359375,48.06788324908022,46.792048382841884,46.9127362232023,8924449
1673,2014-07-18,47.274803161621094,47.636866744693826,46.86102222271786,47.533418002279745,5148178
1674,2014-07-21,47.205841064453125,47.58513908161877,47.03343117413507,47.27480221442979,4656631
1675,2014-07-22,46.809288024902344,47.51617128243881,46.429990060813985,47.2403126903818,6944595
1676,2014-07-23,46.99894332885742,47.65409990793371,46.619640674576274,47.050665355141874,7269605
1677,2014-07-24,46.42998504638672,47.06789774086834,46.20584850301054,46.964453703091976,5942240
1678,2014-07-25,46.481712341308594,46.757566257968065,45.55069718797819,46.37826361487357,8230977
1679,2014-07-28,45.93000793457031,46.75757450747446,45.58518813945044,46.55068169501897,5386124
1680,2014-07-30,46.44723892211914,46.87826367803521,45.86104338330611,45.86104338330611,8577572
1681,2014-07-31,45.8955192565918,46.42999267806466,45.65414823646743,46.27482191897833,19081582
1682,2014-08-01,44.75761413574219,45.86103449078169,44.56796047376249,45.86103449078169,10682255
1683,2014-08-04,45.67136764526367,46.447211752070025,44.25760633747795,45.17137735011128,23311942
1684,2014-08-05,45.67136764526367,46.22307994548678,45.17137735011128,45.861016556161374,16126934
1685,2014-08-06,46.22309112548828,46.51618879433428,45.29207610136953,45.464485944582904,9867110
1686,2014-08-07,46.378265380859375,47.01618284895653,46.15413348042446,46.46447031771258,11406313
1687,2014-08-08,45.48172378540039,46.25756797836917,44.981733434720894,46.11963638030882,5755079
1688,2014-08-11,45.49897003173828,46.136887403599076,44.826569754954875,46.136887403599076,7165189
1689,2014-08-12,45.60240936279297,45.82654588319775,45.20586768940259,45.550687349205695,4457748
1690,2014-08-13,45.61966323852539,46.292058917659816,45.119672750495674,45.51621451156218,7838517
1691,2014-08-14,45.93000793457031,46.2058618998991,45.70587600312595,46.03345200233916,4598772
1692,2014-08-18,46.481712341308594,46.654122208450005,45.63690212154889,45.7231070551196,5649943
1693,2014-08-19,47.08513641357422,47.55064388679959,45.99895542732565,46.58514603919958,7522151
1694,2014-08-20,47.274803161621094,47.44721305539353,46.99894920235227,47.13687618198668,11632976
1695,2014-08-21,47.050655364990234,47.27478721591155,46.757557709054915,47.13686028279967,5097954
1696,2014-08-22,46.25757598876953,47.205830166606724,46.17137106351161,47.06789854466083,3969492
1697,2014-08-25,45.67136764526367,46.37824596069894,45.51619695313633,46.2748019505575,7109144
1698,2014-08-26,45.171390533447266,45.861029940769626,44.964502452783805,45.49897112269201,7855848
1699,2014-08-27,44.6541748046875,45.585190163619174,44.08522305285948,45.06796044797225,14179712
1700,2014-08-28,44.550716400146484,44.930019004981034,43.94728192601949,44.671404230355186,24486863
1701,2014-09-01,45.65414810180664,45.792075066744765,43.861083526859396,44.13693745673565,7250215
1702,2014-09-02,45.68861770629883,45.94723247055807,45.25759309920009,45.447246732473324,8985537
1703,2014-09-03,45.77482604980469,46.03344083339775,45.309323180870514,45.912757675920986,8220774
1704,2014-09-04,46.718597412109375,46.84048334230765,45.4648737460438,46.00466913944011,8542895
1705,2014-09-05,46.82307052612305,47.188737749014706,46.318097005436144,46.89272367502067,5566453
1706,2014-09-08,46.35293197631836,47.25839945836334,45.88278494491719,47.01461811659113,6820385
1707,2014-09-09,46.683780670166016,47.014621401654715,46.49223682438143,46.52706340757222,6490318
1708,2014-09-10,47.41511917114258,47.57183170739118,46.579300083698946,46.579300083698946,5594235
1709,2014-09-11,48.00714874267578,48.12903941115976,47.11909693027513,47.55441737233998,6309287
1710,2014-09-12,47.06685256958008,48.02455740269274,46.892724418105054,47.815602676217026,7528757
1711,2014-09-15,47.62406539916992,47.81560922614778,46.61412292697538,46.683776086518066,3929071
1712,2014-09-16,47.3454704284668,47.98974573374792,46.84049674292838,47.449945462391355,6434969
1713,2014-09-17,47.41511917114258,47.57183170739118,46.5967157367462,47.53700512482612,5122756
1714,2014-09-18,47.554412841796875,48.024559819141494,47.066854937840056,47.29322060144194,16935401
1715,2014-09-19,47.658897399902344,48.45988993163586,47.275814425901935,47.275814425901935,17128011
1716,2014-09-22,47.711124420166016,47.8504307244578,47.17132902338533,47.64147599154869,7010679
1717,2014-09-23,47.53700637817383,48.19869729376757,47.27581408734353,47.885262765947566,10349414
1718,2014-09-24,47.310646057128906,47.85044635375203,47.13651784341759,47.397710163984556,6457902
1719,2014-09-25,47.362876892089844,47.728548923393404,47.10168460838563,47.362876892089844,16106351
1720,2014-09-26,47.711124420166016,47.8504307244578,47.032027442622116,47.380283756294446,5236288
1721,2014-09-29,48.599185943603516,48.79072504677044,47.53700124155054,47.711129416621944,8073293
1722,2014-09-30,47.10167694091797,48.42505379704382,46.70118311580529,48.390227220179966,12952693
1723,2014-10-01,47.3454704284668,48.05939418185433,46.91014991456467,47.36288135961093,7924373
1724,2014-10-07,47.798194885253906,47.97232306535662,46.997207146193084,47.34546350639852,8847590
1725,2014-10-08,48.02457809448242,48.33800795747567,47.64149505147716,47.71114350795874,4593053
1726,2014-10-09,48.07680892944336,48.37282781801767,47.815616626030106,48.111635514604416,9248781
1727,2014-10-10,47.38029861450195,48.00715828628055,47.25840792178666,47.88526759356526,11619666
1728,2014-10-13,46.96238708496094,47.484771697788474,46.85791205180737,46.96238708496094,10406480
1729,2014-10-14,47.38029861450195,47.58925341293817,46.788260806187694,47.06686877861266,14165351
1730,2014-10-15,47.38029861450195,47.38029861450195,47.38029861450195,47.38029861450195,0
1731,2014-10-16,46.64894485473633,47.41511063918464,46.14397130723241,47.36286841297289,11263977
1732,2014-10-17,46.70118713378906,47.188745081244576,46.492232378156956,46.99720597730711,5532569
1733,2014-10-20,47.04944610595703,47.537004080569226,46.492234967744814,46.492234967744814,7878465
1734,2014-10-21,48.738487243652344,49.051917012176006,47.066858662506775,47.275808692503205,6706899
1735,2014-10-22,48.68624496459961,49.27827786411497,48.39022615307765,49.10414970716424,11612786
1736,2014-10-27,49.46981430053711,50.636473722996094,48.80812834741239,49.06932054392435,11023074
1737,2014-10-28,49.626548767089844,49.765850375637285,48.68625464321802,49.36535175621034,7011349
1738,2014-10-29,49.64396667480469,50.14894039073908,48.755909938871454,49.93998558678243,13392055
1739,2014-10-30,50.30564880371094,50.56684110624074,49.31311710939175,49.45241872603501,15543181
1740,2014-10-31,50.77578353881836,50.96732262465866,50.09668182805982,50.305636563949264,12145111
1741,2014-11-03,50.44492721557617,52.23845064674655,50.34045223203489,51.01955379563606,13632949
1742,2014-11-05,49.60912322998047,50.81060940182515,49.46982164918668,50.392699935915196,5298871
1743,2014-11-07,50.462364196777344,50.671318975731275,49.487243469502204,49.487243469502204,4488647
1744,2014-11-10,51.576778411865234,52.02951452367444,49.71361062480386,50.497187451577844,10354057
1745,2014-11-11,51.420066833496094,52.551900048699245,51.1588745530646,51.890213882978664,8362310
1746,2014-11-12,49.78325653076172,51.40264761231305,49.46982676070808,51.176281929692585,6309241
1747,2014-11-13,50.375301361083984,50.619078006362216,49.800679247213495,50.13151999227603,10971261
1748,2014-11-14,50.18375015258789,50.81061441328048,49.80067194850406,50.09668606556356,6123081
1749,2014-11-17,51.10663604736328,51.21111106809148,50.04445129348991,50.28823263989476,4923950
1750,2014-11-18,51.66384506225586,52.16881870948508,50.84544633703059,51.176287068379445,6475424
1751,2014-11-19,51.07181167602539,52.238471501113004,50.584253685646395,51.80315102335864,5431984
1752,2014-11-20,50.897674560546875,51.19369337822193,50.235988495085884,50.91508548719243,3590544
1753,2014-11-21,51.0369873046875,51.19370457288191,50.65390432295761,50.65390432295761,5424821
1754,2014-11-24,49.60912322998047,50.67130782103135,49.17380283779451,50.42752651199579,6633290
1755,2014-11-25,48.44246292114258,49.104148962819494,47.31062991811969,49.104148962819494,55543705
1756,2014-11-26,48.45988845825195,48.93003079199539,48.07680549589887,48.233518032636866,5741991
1757,2014-11-27,49.01708221435547,49.55688229741957,48.52952435356045,48.52952435356045,4482174
1758,2014-11-28,49.696197509765625,50.00962731177286,48.56436425774594,49.069337905751155,4619433
1759,2014-12-01,48.1812744140625,49.76584357489799,47.98973531892569,49.434998166721115,2477146
1760,2014-12-02,48.07680892944336,48.47730284997105,47.97232917396018,48.05939327509793,2350906
1761,2014-12-03,47.78078842163086,48.42506369292239,47.67631339321802,48.05939164641819,8617759
1762,2014-12-04,47.53700637817383,47.95491593291413,47.258403157366665,47.74596115554398,4516507
1763,2014-12-05,47.62406539916992,48.12903899703173,47.36287313617845,47.46735287549248,5700055
1764,2014-12-08,47.310646057128906,48.16387619372636,47.17134443086588,47.62407589710324,3081176
1765,2014-12-09,46.99721145629883,47.65889765666643,46.87532077434251,47.15392872217546,4817465
1766,2014-12-10,47.798194885253906,47.98973871748441,46.770841456765396,46.875316475415346,3714413
1767,2014-12-11,47.3454704284668,48.05939418185433,46.927560845708804,48.02457231956606,3222482
1768,2014-12-12,46.94497299194336,47.48476849942835,46.50965251057498,47.39770440315467,4812683
1769,2014-12-15,46.82307052612305,47.08426274919661,46.30068607997591,46.579289228509715,2791969
1770,2014-12-16,46.33551025390625,46.96236966739558,46.022080547161586,46.50963839360085,4811157
1771,2014-12-17,45.6215934753418,46.78825324825185,45.13403550676829,46.17880460665264,6760384
1772,2014-12-18,45.83055114746094,46.43999982772285,45.116627439994524,45.98726841179726,5750448
1773,2014-12-19,47.29323196411133,47.415122650268145,45.44747018802328,46.19622523575954,4845177
1774,2014-12-22,47.658897399902344,47.79819901130351,46.92755803563422,47.32805666326577,3767407
1775,2014-12-23,48.425052642822266,48.66882922800146,47.51958528358736,47.64147593794123,6644017
1776,2014-12-24,47.46735763549805,48.39023611257461,46.70119169781399,48.39023611257461,8715919
1777,2014-12-26,47.7459602355957,48.66883870070857,47.5370054622516,48.23351822437896,2310253
1778,2014-12-29,47.711124420166016,48.494701125928756,47.606649415475744,48.059380733838346,1421574
1779,2014-12-30,47.937496185302734,48.23351028163785,47.798189876993625,48.05938211978016,2146065
1780,2014-12-31,48.05939865112305,48.808153783488855,47.86785949660594,48.16387841829354,3960548
1781,2015-01-01,47.7459602355957,48.129043199471646,47.67631179350065,48.05939003384712,778837
1782,2015-01-02,48.320579528808594,48.529534290084165,47.763373130112676,47.763373130112676,3612848
1783,2015-01-05,48.3728141784668,48.79071891197466,47.415109335992966,48.233507877102376,7291352
1784,2015-01-06,47.29323196411133,48.163872974474614,46.71860984197752,48.07680887343829,8288963
1785,2015-01-07,47.97232437133789,48.23351664860257,46.49223480017138,47.014619354700734,3256180
1786,2015-01-08,48.1812744140625,48.372818232728164,47.449935164717566,48.05938375191687,2436600
1787,2015-01-09,48.216102600097656,48.58176987519894,47.693718079364956,48.163865092730184,2079643
1788,2015-01-12,47.53700637817383,48.477300514574736,47.1887499904001,47.920089349430846,3660975
1789,2015-01-13,47.310646057128906,47.98974798001505,47.101691255969314,47.55442744573678,2850708
1790,2015-01-14,47.38029861450195,47.67631751865909,46.94497808589736,47.29323450878104,3939014
1791,2015-01-15,49.78325653076172,50.04444879306126,47.53700118557407,47.53700118557407,6425406
1792,2015-01-16,51.31557083129883,51.87278179774353,49.03449419421544,49.73100672138934,8222495
1793,2015-01-19,51.489715576171875,51.85538760503844,50.28823391325736,51.24593894712358,5082702
1794,2015-01-20,51.33300018310547,52.23846765487224,51.12404542446251,51.89021129831034,6145107
1795,2015-01-21,51.15886688232422,51.55936070756342,50.86284806418093,51.29816846629498,2865190
1796,2015-01-22,51.66384506225586,52.726029869713635,51.07181204238076,51.22852458137879,7016755
1797,2015-01-23,52.08175277709961,52.238470034101894,51.263349357198685,51.82056049778204,4549463
1798,2015-01-27,52.22106170654297,52.58673378299892,51.26335654803883,51.62902862449479,6048058
1799,2015-01-28,52.046939849853516,52.830516893380484,51.89022727526648,52.395196313643275,5448999
1800,2015-01-29,51.820560455322266,52.221054338575186,51.40265091934483,52.186232480184856,6923717
1801,2015-01-30,51.541961669921875,52.412602674978174,50.84544886587684,51.71608987093314,3094145
1802,2015-02-02,51.489715576171875,51.78573444043641,50.84544505948541,51.28076552942459,2427202
1803,2015-02-03,51.26335525512695,52.02952125201882,51.01957860050129,51.85539304577338,1320013
1804,2015-02-04,50.93250274658203,51.97727174301271,50.810612085626026,51.36782316176148,1740828
1805,2015-02-05,50.02705764770508,51.15889123190912,49.69621209521768,50.93252545977449,2453418
1806,2015-02-06,49.95738220214844,50.49718235130095,49.31310704272322,49.591714942665135,2422833
1807,2015-02-09,49.26087188720703,49.95738458499052,48.75589829190238,49.800672062106656,2511094
1808,2015-02-10,50.532005310058594,50.91508822864532,48.755897031904816,48.82555018929473,3982617
1809,2015-02-11,50.75836944580078,51.83796018741152,50.49717722311528,50.84543352002928,5670681
1810,2015-02-12,52.325531005859375,52.93497962124523,50.86285243952167,51.820557406556595,7776840
1811,2015-02-13,52.760860443115234,53.17876530224503,52.0121101040857,52.84792454587518,8270115
1812,2015-02-16,53.19617462158203,53.770796686657775,52.934982344408574,52.934982344408574,3789682
1813,2015-02-18,53.892677307128906,53.97974138327841,52.673780241035836,52.96979904464984,4034642
1814,2015-02-19,53.73596954345703,53.99716181790104,52.63896293549804,53.9100977264197,2708022
1815,2015-02-20,53.37030029296875,53.9100957509613,53.03945486805132,53.59666597781953,4586215
1816,2015-02-23,54.29317855834961,54.85038966682674,53.10910790504136,53.283236081219904,5857600
1817,2015-02-24,54.58918380737305,54.920024425600474,54.17127439921134,54.29316503688583,3786009
1818,2015-02-25,53.823036193847656,54.93745850720346,53.14393908212447,54.885220994536986,3842514
1819,2015-02-26,53.19617462158203,54.48472035485349,52.51707281151932,53.666321665200115,7368101
1820,2015-02-27,54.71108627319336,54.850387864853964,52.96980456861345,53.26581867956889,4870174
1821,2015-03-02,54.5717887878418,55.37278133566831,54.119057360809634,54.9374608390875,3288237
1822,2015-03-03,54.17129135131836,54.46731021444032,53.68373337157423,54.39765705010713,3773373
1823,2015-03-04,53.7882080078125,54.79815526573532,53.31806568429664,54.38024572979971,4927543
1824,2015-03-05,54.031982421875,54.380238749274255,52.795674349019144,53.631488590071605,2511965
1825,2015-03-09,52.55928039550781,53.99351090358613,52.36688090055079,53.62620536483004,2904210
1826,2015-03-10,51.94711685180664,52.59427025758897,51.317452155114054,52.559288094778694,4007085
1827,2015-03-11,51.737213134765625,52.47181935539256,51.57979582154936,52.261931185980664,3350372
1828,2015-03-12,52.349395751953125,53.311379058229214,51.78969542483004,51.78969542483004,4034334
1829,2015-03-13,51.28245162963867,52.61174012803637,51.072568217191375,52.559269274924546,3743353
1830,2015-03-16,51.33494186401367,51.66726052489207,50.91516543017412,50.91516543017412,1546607
1831,2015-03-17,51.64976501464844,52.12201225436393,51.09006475812006,51.457365530882214,4288235
1832,2015-03-18,51.29995346069336,51.859653722821974,51.03759440762962,51.597294669758234,3493449
1833,2015-03-19,51.10755920410156,52.20947113541592,50.72276968260867,51.299958709478354,2641643
1834,2015-03-20,51.8421630859375,52.41935682970544,50.58283861396309,51.072579335297114,3763675
1835,2015-03-23,52.19196701049805,53.136461402874914,51.96459013666788,52.29691346777847,4249360
1836,2015-03-24,51.754695892333984,52.769154470498364,51.5972833418328,52.12200133276107,5170910
1837,2015-03-25,51.24748611450195,51.96459901088369,51.14253963929938,51.6847512329372,6008163
1838,2015-03-26,50.75774002075195,52.296916870647934,50.390439257944315,51.3874045715175,11848617
1839,2015-03-27,50.63531494140625,51.05508660826557,50.093103347846444,50.757745378846344,3479176
1840,2015-03-30,50.7227668762207,50.932650332829716,50.233026158452745,50.74025558272809,4359504
1841,2015-03-31,50.81021499633789,51.2299866136905,50.5478559562564,50.897668009698386,4797950
1842,2015-04-01,51.22999954223633,51.36992344999879,50.75775220198606,50.75775220198606,2808077
1843,2015-04-06,51.754695892333984,52.27941388326226,51.020089756108646,51.21248919955964,5315447
1844,2015-04-07,51.754695892333984,51.84214889082203,51.07256535090453,51.49233689686985,2457023
1845,2015-04-08,51.52733612060547,52.401866395292615,51.422394385495174,51.61478914807419,4009038
1846,2015-04-09,52.821632385253906,53.031520558622304,51.56230808967294,51.614778946857676,2422269
1847,2015-04-10,53.41631317138672,53.538748341822135,52.576765172819144,52.9965415444178,2200148
1848,2015-04-13,53.993499755859375,54.46574218091159,52.73417555158554,53.45128828525151,2208671
1849,2015-04-15,53.014034271240234,54.570699960657095,52.82163952069662,54.20339442148734,2330815
1850,2015-04-16,52.716705322265625,53.258917031681925,51.59730922682482,52.87412269636772,2492100
1851,2015-04-17,52.506805419921875,53.03152351023274,52.15698861508491,52.716688860342444,3666806
1852,2015-04-20,52.4018669128418,53.38134367694347,51.99958393143863,52.54179080924762,2278982
1853,2015-04-21,52.06952667236328,53.17143826878973,51.80716767219106,52.471814268330476,2312891
1854,2015-04-22,51.439884185791016,52.31441447905439,51.28246683515141,52.12201971238865,4849646
1855,2015-04-23,51.29995346069336,52.10451932557021,51.03759440762962,51.77220070513406,3515131
1856,2015-04-24,51.02009201049805,51.754698179182924,50.39043229141332,51.07256760761264,2613457
1857,2015-04-27,50.705265045166016,51.68474157419648,50.54785247872438,51.10754793002259,2052351
1858,2015-04-28,50.530372619628906,51.24749031948207,50.198053949128685,50.477901750037354,3429520
1859,2015-04-29,50.0406379699707,50.652809202822006,49.84824319464115,50.49539184509367,2061972
1860,2015-04-30,49.74329376220703,50.65280620322344,49.11363385784282,49.7083116020467,4099911
1861,2015-05-04,50.4254264831543,50.58283907820197,49.32351459466974,50.02314352519224,3652050
1862,2015-05-05,50.07560729980469,51.29994945175682,49.51590708141496,50.0406251465373,7999174
1863,2015-05-06,49.183589935302734,49.935689719049485,48.99119518505083,49.935689719049485,6031578
1864,2015-05-07,49.07864761352539,49.34100667594959,48.29157042625278,48.97370114177769,5448071
1865,2015-05-08,48.97370910644531,49.74329771256767,48.86876736226081,49.323521246568056,2987105
1866,2015-05-11,50.02314758300781,50.14557802976624,48.90374689692362,49.23606556540166,3927933
1867,2015-05-12,48.72883224487305,50.04062746854953,48.48396190526822,49.98815660852841,4551824
1868,2015-05-13,49.271034240722656,49.49841110842194,48.2915624669584,48.79878705726769,4097879
1869,2015-05-14,48.763816833496094,49.253552792518065,48.3615291491206,49.253552792518065,3467677
1870,2015-05-15,48.9911994934082,49.568388539552856,48.728840404739685,49.043670362215806,6305129
1871,2015-05-18,48.9911994934082,49.30602945088433,48.53644089293779,48.798799981606315,14967798
1872,2015-05-19,48.53643798828125,50.33797408503017,48.30906107396864,48.97370310989405,6595326
1873,2015-05-20,49.25355911254883,49.46344733467029,48.64138789906238,48.65887660730977,5168468
1874,2015-05-21,48.79879379272461,49.306023197673525,48.5189460314886,49.148605866584575,2628801
1875,2015-05-22,49.30602264404297,49.65583471397508,48.064191693635905,48.72883367758095,5380668
1876,2015-05-25,50.05812072753906,50.16306720175814,49.34100783787768,49.58587345512857,5557091
1877,2015-05-26,50.0406379699707,50.23303274530026,49.515919770383874,50.163073165467104,2220470
1878,2015-05-27,50.09310531616211,50.23302921061326,49.60336931326787,50.04063444882172,1137269
1879,2015-05-28,50.09310531616211,50.46041087680557,49.16610417771402,50.46041087680557,3848527
1880,2015-05-29,50.26799774169922,50.53035675190063,49.41095641052299,49.848226172154426,3473570
1881,2015-06-01,50.05812072753906,51.38740952190304,49.7607842454937,51.299956499035545,15815832
1882,2015-06-02,49.84823989868164,49.988163793726905,49.445952176559715,49.84823989868164,4635659
1883,2015-06-03,50.09310531616211,50.28550482258402,49.2360637526244,49.725804500149025,6029264
1884,2015-06-04,50.495384216308594,50.775236727253535,49.81325350667967,50.02314170373088,8566490
1885,2015-06-05,50.687782287597656,51.17751823724785,50.02314030274167,50.372952373153225,8696044
1886,2015-06-08,51.12504577636719,51.31744051122329,50.35545734768336,50.88017543688696,4215142
1887,2015-06-09,51.54481887817383,51.824671380547194,50.82770603356241,51.072576380060376,2699663
1888,2015-06-10,51.47484588623047,51.84214656555425,51.14252260903002,51.614769728609595,2875048
1889,2015-06-11,51.07257843017578,51.544820947245626,50.67029073840512,51.282461884593474,2113307
1890,2015-06-12,50.86268615722656,51.0550808899094,49.76077913127196,50.89766831170426,2614529
1891,2015-06-15,49.39347457885742,50.72276326224034,49.201079842463855,50.72276326224034,3574132
1892,2015-06-16,50.40792465209961,50.60032411801431,49.14860037791284,49.25354683512887,2705206
1893,2015-06-17,49.60335922241211,50.495378019625626,49.13111202315754,50.268001144319186,3030212
1894,2015-06-18,49.65583419799805,49.91819324772094,49.271039976145175,49.42845730383084,4549773
1895,2015-06-19,48.97370910644531,49.813262038444535,48.518955222138075,49.65584467753698,9119658
1896,2015-06-22,49.42845153808594,49.74328141210308,49.1136216640688,49.271034228762744,1849073
1897,2015-06-23,48.763816833496094,49.603364869623746,48.67636381421968,49.32351236116123,4200054
1898,2015-06-24,48.921226501464844,49.16609683867528,48.64137875433549,48.64137875433549,3101425
1899,2015-06-25,49.42845153808594,49.63833970230712,48.57141017777832,49.043657361118655,11124905
1900,2015-06-26,48.65886688232422,49.410961845367375,48.58890731868626,49.148602806308396,4184617
1901,2015-06-29,48.79879379272461,49.04366414227855,48.169133957628645,48.20411611394062,3452315
1902,2015-06-30,48.65886688232422,49.11362539680422,48.15164225358796,48.79879075422975,2588831
1903,2015-07-01,49.7957649230957,50.058124008896066,48.414009917992075,48.67636900379243,1988394
1904,2015-07-02,49.498409271240234,50.02313203475958,49.18357940883189,50.00563858735246,2965570
1905,2015-07-03,49.498409271240234,50.00563858735246,49.14859725864672,49.14859725864672,3051297
1906,2015-07-06,48.97370910644531,49.74329771256767,48.86876736226081,49.14861517650669,2083899
1907,2015-07-07,48.483970642089844,49.49842484894524,48.36153545022458,49.3235187876036,3234495
1908,2015-07-08,48.27408218383789,48.69385862686034,47.71438658598202,48.30906434486152,2440394
1909,2015-07-09,47.924251556396484,48.466462981305575,47.8892741535103,48.3090456898029,2478234
1910,2015-07-10,48.501468658447266,48.676374736245606,47.87180393159462,47.95925697049379,2901055
1911,2015-07-13,48.97370910644531,49.113637758199054,47.94176613986171,48.414013477953574,1612390
1912,2015-07-14,49.043663024902344,49.306022074319905,48.553927081582174,49.00868086938737,2264950
1913,2015-07-15,48.88624954223633,49.21857292882061,48.798796518885744,48.991196017035136,1504877
1914,2015-07-16,48.833763122558594,49.02616255942466,48.65885713156871,48.8687452696823,1827243
1915,2015-07-17,49.39347457885742,49.585869315250996,48.79879217515589,48.851267780199365,1696436
1916,2015-07-20,49.043663024902344,49.58586982918006,48.99119216394479,49.58586982918006,1668294
1917,2015-07-21,48.97370910644531,49.28854382826043,48.851278653107,49.02618472316837,1315889
1918,2015-07-22,49.953182220458984,50.11059956962762,48.553933764312774,48.86876371801958,1890132
1919,2015-07-23,49.76078796386719,50.12808878950514,49.236065042822176,50.058124468131005,1225377
1920,2015-07-24,49.69081115722656,50.00564103504531,49.39346998304191,49.74328201275814,1692284
1921,2015-07-27,49.11362838745117,50.00564727671704,48.991193212842354,49.4459470103838,1296310
1922,2015-07-28,49.44594192504883,49.568377087065635,48.78130000290968,49.323506763032015,1547151
1923,2015-07-29,48.97370910644531,49.428467735383364,48.798803036383944,49.218579502383555,1900932
1924,2015-07-30,49.813255310058594,50.110596537926554,48.93872507787646,49.043666807886254,2942993
1925,2015-07-31,49.67332077026367,49.97066196277307,49.11362528392787,49.97066196277307,1956499
1926,2015-08-03,49.183589935302734,49.988160583242724,49.078648206916256,49.34100727251254,1508372
1927,2015-08-04,49.32351303100586,49.848235898420405,48.9562122429087,49.14860699007768,1001510
1928,2015-08-05,49.236053466796875,49.480923789403704,49.008676592735895,49.32350647563797,1107859
1929,2015-08-06,49.34101104736328,49.638352293379945,49.04366980134661,49.07865196169512,1295185
1930,2015-08-07,48.833763122558594,49.77825737175543,48.74631012706365,49.166086403290834,2213871
1931,2015-08-10,48.291568756103516,49.49841755473832,48.064191858792306,49.00868160407652,2570753
1932,2015-08-11,48.2565803527832,49.253545575374645,47.43452114311555,48.97369310791903,3873211
1933,2015-08-12,47.57445526123047,48.23910204933721,47.46951352870323,47.92426736249495,1472522
1934,2015-08-13,48.20412063598633,48.483968423474956,44.07633493043178,47.5044964226344,2470225
1935,2015-08-14,48.396507263183594,48.64137759455547,48.169130380983745,48.20411253469823,1304682
1936,2015-08-17,48.30906295776367,48.78131025644666,47.90677997911906,48.44898685321001,813782
1937,2015-08-18,48.0641975402832,48.51895138866039,47.80183845592011,48.30906317224383,1461999
1938,2015-08-19,47.73185348510742,48.413988707188146,47.6094183497816,48.0991541464565,2417706
1939,2015-08-20,47.60943603515625,47.90677726150641,46.99726487575362,47.259623944069034,2256015
1940,2015-08-21,46.664955139160156,47.2946151253973,46.54251993499431,47.22465079597937,4024183
1941,2015-08-24,45.860374450683594,46.35011041722286,44.67101431919395,45.7729214300648,7651174
1942,2015-08-25,44.985843658447266,46.752397498711396,43.778990091778,45.82539169652459,12357515
1943,2015-08-26,45.80791091918945,46.45506432427704,44.7759632128635,44.98585144486904,2616303
1944,2015-08-27,47.17216873168945,48.431493150074935,45.56303223845411,46.332620700975774,5402025
1945,2015-08-28,47.277103424072266,48.0991577994896,46.769874144040145,47.434515971764874,2205183
1946,2015-08-31,45.70296096801758,47.38205703326287,45.51056147963472,47.0497336635479,2305711
1947,2015-09-01,45.16073989868164,45.86036390271724,44.77594574753628,45.24819289918609,3973158
1948,2015-09-02,43.79648208618164,45.47557810650493,43.28925269221429,45.23071250688226,4507483
1949,2015-09-03,44.496097564697266,44.7934387121368,43.76149141944338,43.866433121067274,3114461
1950,2015-09-04,43.236778259277344,44.391156084804265,42.83449536520762,44.391156084804265,3868544
1951,2015-09-07,43.240318298339844,44.15956871511057,42.62158467865909,43.41709796240426,3112256
1952,2015-09-08,44.566158294677734,45.078816357098965,42.816037996161505,43.1342403789496,2951677
1953,2015-09-09,44.54849624633789,46.13951362688878,44.053514020368915,45.75060210356377,3201416
1954,2015-09-10,43.61155319213867,44.106535286951086,42.67462194205531,44.106535286951086,3984541
1955,2015-09-11,43.94744110107422,44.47778014330538,43.523167949106984,43.84137041535453,1783681
1956,2015-09-14,45.09650421142578,45.23792698183138,43.66458607299912,44.12421607113636,2400945
1957,2015-09-15,45.37934875488281,46.01575840090375,44.54848340325987,45.07882237721641,3189547
1958,2015-09-16,46.351646423339844,46.49306921977368,45.25561135892946,45.43239105333577,2668351
1959,2015-09-18,47.20018768310547,47.695174660512066,46.49306891018871,46.669848603417904,2710372
1960,2015-09-21,48.278533935546875,48.43763274015106,46.563770405114155,46.952686586571296,3040868
1961,2015-09-22,46.316280364990234,48.437636278306876,45.69755155693955,48.33157040082311,2618545
1962,2015-09-23,45.18490219116211,46.669848741404095,44.47778341615465,46.33397020054922,5775906
1963,2015-09-24,44.33634948730469,45.98040424055901,44.03582788724827,45.2556047225063,9733917
1964,2015-09-28,44.831329345703125,45.60915688744094,44.08885389573842,44.707582638133225,2407051
1965,2015-09-29,45.37934875488281,46.139500325129504,44.336346854586225,44.49545046495524,2414852
1966,2015-09-30,46.79359436035156,46.91734110209196,45.37935684436068,45.397037690584156,3047665
1967,2015-10-01,46.15719223022461,47.34161718167763,46.05112153273934,47.023409884678095,2020545
1968,2015-10-05,46.84661865234375,47.42999535626531,46.298603634335436,46.31627968183696,1811432
1969,2015-10-06,46.75822830200195,47.553736748882535,46.56377259983539,46.97036484692779,1868486
1970,2015-10-07,46.86429977416992,47.0941123703327,46.563773396670086,46.88197582177663,1403044
1971,2015-10-08,46.828941345214844,47.0233970443214,46.528414977587005,46.98804495026928,1318938
1972,2015-10-09,46.86429977416992,47.20017824688317,46.63448717800715,47.02339858899563,1421375
1973,2015-10-12,47.12947463989258,47.27089742325218,46.59913560570232,46.8466242777177,1574616
1974,2015-10-13,47.04108428955078,47.27089690944416,46.82894771908935,47.02340344466322,715400
1975,2015-10-14,47.023399353027344,47.200179013787185,46.740553813993685,46.98804725723954,1722301
1976,2015-10-15,47.748191833496094,47.889614582262475,47.09410622556527,47.20017208827643,2959602
1977,2015-10-16,47.73051834106445,48.08407766513967,47.2355362464502,47.87194590705873,3651488
1978,2015-10-19,47.30625534057617,47.85427043623696,46.97037202681261,47.73052369982639,1640198
1979,2015-10-20,48.048728942871094,48.4729972842785,47.20018266914512,47.37696234359543,3296804
1980,2015-10-21,48.048728942871094,48.50835417825968,47.69516959397046,48.08408104139669,3504240
1981,2015-10-23,48.20783615112305,48.6321093617247,47.907309693234915,48.260869103584156,2367650
1982,2015-10-26,47.99569320678711,48.3846094658964,47.81891352496068,48.26086272952675,1788557
1983,2015-10-27,47.34161376953125,48.17247446493871,47.182510132498884,47.92498577955672,1680870
1984,2015-10-28,46.333961486816406,47.35928255866039,46.12182493511811,47.076437020032806,4725765
1985,2015-10-29,45.30864334106445,46.1748608562124,44.61920070238371,46.1748608562124,6657486
1986,2015-10-30,45.52077865600586,46.61681366637309,45.34399897031618,45.43238881316102,3034065
1987,2015-11-02,45.591495513916016,45.750599159916796,44.9550857253691,45.52078171670318,1507300
1988,2015-11-03,46.54610824584961,46.72288794512257,46.03344519977551,46.121835049411985,2879807
1989,2015-11-04,46.38699722290039,47.34160936537588,46.10415166721791,47.09411590756209,10212719
1990,2015-11-05,46.29861068725586,46.84662578874631,46.10415495329623,46.599137108748224,9402139
1991,2015-11-06,46.42234802246094,46.84661630029186,45.62683960664124,46.811264207063765,4219805
1992,2015-11-09,45.980403900146484,46.28093029343339,44.77829832699885,45.60916372180782,5260832
1993,2015-11-10,45.36167526245117,45.94504720757319,45.14953870182806,45.67987770565814,1531108
1994,2015-11-13,46.0334358215332,46.457708931535045,45.078823721756706,45.25560338501492,1386876
1995,2015-11-16,45.609161376953125,46.210214132625666,45.45006256194931,45.78594103503856,1462412
1996,2015-11-17,46.22789764404297,46.59913786323458,45.6798825336796,45.69755858416001,1602664
1997,2015-11-18,46.28092575073242,46.528414383210595,45.874328719777374,46.19253592582131,1327429
1998,2015-11-19,46.61681365966797,46.917340084388385,46.121831498899226,46.56378071305987,2523368
1999,2015-11-20,46.28092575073242,46.91733057191047,46.1041461009102,46.66983714397739,2168468
2000,2015-11-23,46.45771408081055,46.599136868001075,46.1395068153121,46.1395068153121,2177227
2001,2015-11-24,46.61681365966797,46.88198318816436,46.298611184563484,46.31628723494755,1241516
2002,2015-11-26,47.30625534057617,47.536067967935345,46.45771382661995,46.493065926632305,4171542
2003,2015-11-27,47.20018768310547,47.376967376334655,46.84662829664709,47.2532254274391,1605635
2004,2015-11-30,48.15480041503906,48.40229390615956,47.12947914338698,47.21786899086485,2006989
2005,2015-12-01,48.08408737182617,48.79120616272196,47.85427472387628,48.1194442704622,2520479
2006,2015-12-02,47.8719482421875,48.278540525615966,47.58909789185712,48.084080010615935,1390936
2007,2015-12-03,47.30625534057617,48.08408306359613,47.129475658691305,47.73052369982639,1173194
2008,2015-12-04,46.22789764404297,47.270899713328475,46.12183175024874,47.270899713328475,1376556
2009,2015-12-07,46.36932373046875,46.616812406471965,45.85666073764193,46.316285989830575,1525844
2010,2015-12-08,46.0334358215332,46.38699514804964,45.73290943490317,46.31628136456425,1469647
2011,2015-12-09,46.01576232910156,46.56377739745665,45.626846089242036,45.856658705150444,2198948
2012,2015-12-10,46.22789764404297,46.31628748735679,45.69755858416001,45.96272811410149,1086874
2013,2015-12-11,45.255611419677734,46.31628958753942,45.043474827014165,46.31628958753942,1514970
2014,2015-12-14,45.30864334106445,45.750592520871216,44.81365642331647,45.008116939704756,1552518
2015,2015-12-15,45.785953521728516,45.892024222780336,44.99044484339388,45.30865215109289,1842404
2016,2015-12-16,47.14714813232422,47.41231763503694,45.85665751154671,45.96272339444963,2623492
2017,2015-12-17,47.57143020629883,47.78356680747755,46.581460999283564,47.12948095194996,1092627
2018,2015-12-18,47.8719482421875,48.260859681276614,47.04108283099121,47.37696132797321,28017527
2019,2015-12-21,49.303863525390625,49.462967153198804,47.87195005693967,47.87195005693967,6238035
2020,2015-12-22,48.967979431152344,49.71045502320018,48.77352370736972,49.339219624904054,9652753
2021,2015-12-23,49.51600646972656,49.675105322554145,49.07405721944506,49.07405721944506,3720080
2022,2015-12-24,49.53367614746094,49.79884566350729,49.26850663141459,49.49831925289696,2224191
2023,2015-12-28,50.258480072021484,50.47061666239548,49.37458160834325,49.65742719853785,5761043
2024,2015-12-29,49.834205627441406,50.41757763958308,49.63974988854616,50.276154848072366,8576492
2025,2015-12-30,49.85187911987305,50.08169653917254,49.58670960110197,49.58670960110197,8189382
2026,2015-12-31,49.90491485595703,50.205436462131615,49.35689499523026,49.851877117968094,7159928
2027,2016-01-01,49.85187911987305,50.152405533571404,49.763489280282684,49.993306699582185,3229824
2028,2016-01-04,49.834205627441406,51.03630654846643,49.462970200293775,49.67510198983187,6809859
2029,2016-01-05,49.19780349731445,50.18776789027895,48.86192015213566,49.869565392215804,4259054
2030,2016-01-06,49.32154083251953,49.48064446438445,48.79120178691084,49.00333836424547,5320149
2031,2016-01-07,48.82655715942383,50.117047837728705,48.61442058870596,49.32153929412843,6787347
2032,2016-01-08,50.081687927246094,50.20542984502967,49.10939985894448,49.49831124990122,10345830
2033,2016-01-11,50.64738845825195,51.44289695152764,49.14475650883142,49.67509550434855,8283638
2034,2016-01-12,50.470603942871094,51.88484112834238,50.22311051723167,50.73577341514696,6611338
2035,2016-01-13,50.523643493652344,51.05398250764511,49.5336744569259,50.6120333293178,7462021
2036,2016-01-14,50.50597381591797,51.08935069665673,49.993315532984866,49.993315532984866,10278564
2037,2016-01-15,49.180110931396484,50.64738591501282,48.89726539950579,50.25846971207181,7430643
2038,2016-01-18,48.844242095947266,49.869563345608455,48.57907255920095,49.49832311689,7411237
2039,2016-01-19,48.06641387939453,49.427618583433606,47.659821512072845,48.95031241507491,7282040
2040,2016-01-20,47.60677719116211,49.60438644570612,46.157182979698696,47.58909634739658,15997901
2041,2016-01-21,46.74055862426758,48.561388358392364,46.6698448345041,47.65981391391433,10416175
2042,2016-01-22,47.05876541137695,48.01337768362183,46.70520602098347,47.09412230950753,8099084
2043,2016-01-25,47.023399353027344,47.53606228741296,46.40467054036791,47.37695867454702,8893503
2044,2016-01-27,48.87958908081055,49.23314842612628,47.16483009239369,47.306252871428875,14527719
2045,2016-01-28,50.80648422241211,51.08933454694092,49.67509251520696,49.851872169741824,22594616
2046,2016-01-29,52.27376174926758,52.46822227388356,51.08934173363663,51.19540762309574,11216960
2047,2016-02-01,51.88484191894531,52.46821380775046,51.67270537880118,52.29143415687284,12278379
2048,2016-02-02,51.708065032958984,53.15765920675794,51.2661158821334,51.7964548631241,18267134
2049,2016-02-03,50.925960540771484,51.974694408036115,50.286050471857635,51.13925907524469,12098041
2050,2016-02-04,52.18800354003906,52.43685828690735,50.78376070897018,51.49476876078593,8726120
2051,2016-02-05,51.636966705322266,52.40129928529771,51.317009271156095,52.27687192999212,6170693
2052,2016-02-08,50.64154815673828,51.92136331347819,50.357146931609776,51.56585937115215,3820374
2053,2016-02-09,50.463802337646484,51.72584437985869,50.12607162253148,50.41047770416291,7297377
2054,2016-02-10,50.96151351928711,51.38812028578419,50.126078080965684,50.126078080965684,8119293
2055,2016-02-11,48.597408294677734,51.13926092624642,47.673096931789594,50.78375692681495,7247688
2056,2016-02-12,49.183990478515625,50.05497723328873,48.45520918545942,49.059563110429224,16065640
2057,2016-02-15,49.30841827392578,50.00165302939233,49.09511490133364,49.45061891504329,8464543
2058,2016-02-16,49.52171325683594,49.96609319868873,48.98845732661258,49.45061053740711,6766384
2059,2016-02-17,49.62835693359375,49.717232911970484,48.82847312820317,49.717232911970484,7804863
2060,2016-02-18,49.71724319458008,50.39269980557631,49.415063841235835,49.806119191338304,8779283
2061,2016-02-19,50.126075744628906,50.48157975952937,49.43284580867208,49.69947381984743,6323086
2062,2016-02-22,49.646156311035156,50.30383497557649,49.18399813220079,50.126082942601535,2293985
2063,2016-02-23,48.739620208740234,49.87723519890488,48.597419540427836,49.770581081296044,3873885
2064,2016-02-24,49.66392517089844,50.12607848681881,48.93514382921661,49.05956638377297,11387961
2065,2016-02-25,46.83766555786133,49.85944981039019,46.588815630164035,49.8061251703002,19051305
2066,2016-02-26,47.51311492919922,48.312998791624686,46.92652957262259,47.459785480906234,12511003
2067,2016-02-29,46.233299255371094,47.76196424620842,45.93111994643887,47.76196424620842,11485783
2068,2016-03-01,47.54867172241211,47.7619750961037,46.30440766801495,46.57103567967149,14281573
2069,2016-03-02,48.135250091552734,49.130659259224956,47.65531877713426,47.993044648887185,13550709
2070,2016-03-03,48.224124908447266,48.668504851382394,47.6553176171241,48.52629941217837,7057560
2071,2016-03-04,49.290645599365234,49.46839760837438,48.15303081297397,48.490761558824076,29228314
2072,2016-03-08,48.952911376953125,49.663919362494994,48.38410402415333,49.59281663520821,20131612
2073,2016-03-09,49.68169021606445,49.84166893375997,48.561853657689625,48.66850774343039,7284193
2074,2016-03-10,49.646156311035156,50.09053639347254,49.095122115713316,49.80613024761312,3713460
2075,2016-03-11,49.13066101074219,49.912771685960685,48.93513575285319,49.64614370420409,4685588
2076,2016-03-14,49.27286148071289,49.4150621061668,48.952908867983794,49.2728614807129,4423191
2077,2016-03-15,49.39730453491211,49.77058189808716,49.11290319361996,49.11290319361996,11655129
2078,2016-03-16,49.32618713378906,49.770567111177584,48.881807156400534,49.557268579496174,6170234
2079,2016-03-17,49.0595588684082,49.85944282315949,48.66850834799486,49.503938843270035,7509036
2080,2016-03-18,48.65073013305664,49.45061408578819,48.526302776043245,49.23731073402684,9195901
2081,2016-03-21,49.0595588684082,49.21953758809099,48.43742690360165,48.54408099066728,4674151
2082,2016-03-22,49.13066101074219,49.5394896184027,48.88180629903687,49.05955828687459,6628643
2083,2016-03-23,48.8640251159668,49.468383705478,48.68627315691414,48.810700492617094,11545428
2084,2016-03-28,49.45060348510742,49.770556033245846,48.52629237350621,49.024001694866286,8691695
2085,2016-03-29,49.112892150878906,50.12607471506963,48.89958878195338,49.770570707471,11478000
2086,2016-03-30,49.68169021606445,49.89499356571472,49.183985614768,49.379515694377105,5797932
2087,2016-03-31,49.45060348510742,49.93053471823019,49.23730017907172,49.23730017907172,15715729
2088,2016-04-01,49.16621398925781,49.77056787467843,49.09511126305236,49.699469970304406,3935188
2089,2016-04-04,49.27286148071289,49.80611744253848,49.16621221708028,49.3261861125292,5649881
2090,2016-04-05,49.43284225463867,50.054974235985554,49.308414894003,49.69947024664448,7744995
2091,2016-04-06,49.66392517089844,50.23273259022264,49.53949779451001,49.71724981168432,10418272
2092,2016-04-07,49.8416748046875,50.090529545564344,49.6283714299119,50.001653541227164,12408704
2093,2016-04-08,50.090518951416016,50.179394936955916,49.85943753154761,49.85943753154761,4133630
2094,2016-04-11,50.57046890258789,50.81931886084836,49.96611004912337,50.00166142082704,12360599
2095,2016-04-12,50.890411376953125,51.63697074536577,50.48157791727198,50.48157791727198,8901453
2096,2016-04-13,51.548095703125,51.67251824864701,51.157040329369735,51.31701424011163,10239725
2097,2016-04-18,51.88581085205078,52.17021689296508,50.748201153885745,51.54808500711787,7347390
2098,2016-04-20,52.61461639404297,53.29007315713752,51.601428838484885,51.7969541466485,7716065
2099,2016-04-21,51.95691680908203,53.16562929833915,51.58363476118799,52.7390226212691,6315086
2100,2016-04-22,51.92136764526367,52.36574761024572,51.299235694288804,52.01024363826008,4320738
2101,2016-04-25,51.12147903442383,51.93913616650255,50.67709911007,51.93913616650255,3605005
2102,2016-04-26,51.60141372680664,51.992469050444285,50.85485444019497,51.352559023992384,8964411
2103,2016-04-27,51.317020416259766,51.903605958405734,51.068170473434236,51.654751193747906,3177289
2104,2016-04-28,50.428253173828125,51.70806854240223,50.250501173243705,51.263688540941196,9408511
2105,2016-04-29,50.979278564453125,51.139252444565926,49.94831327962693,50.57044999727935,4383214
2106,2016-05-02,50.78376388549805,51.19259739833023,50.3393838253172,50.83709335018555,3383764
2107,2016-05-03,51.61918640136719,52.18799369993695,50.837080584935926,50.837080584935926,4572397
2108,2016-05-04,50.74819564819336,51.583625946801725,50.48156290421237,51.476976706673476,4435593
2109,2016-05-05,50.925960540771484,51.299237797931006,50.51712709875788,50.83708454413051,2770226
2110,2016-05-06,50.64154815673828,50.96150074046555,49.94831354047018,50.89040284509883,3714029
2111,2016-05-09,51.01483917236328,51.24591581119879,50.35715579888401,50.65933516743737,5027038
2112,2016-05-10,50.428253173828125,51.10371463351419,50.12607380846829,50.89041126844657,7758595
2113,2016-05-11,50.286048889160156,50.55267687069125,49.59281420844679,50.05497226953279,4574270
2114,2016-05-12,51.15702819824219,51.31700207104866,50.19716567408109,50.446020349776354,4877581
2115,2016-05-13,51.45922088623047,51.61919480065698,50.62378548256374,50.94373813324858,6719824
2116,2016-05-16,51.35256576538086,51.868048508096436,50.837087844497006,51.530317770202544,4500368
2117,2016-05-17,51.512542724609375,51.90359808611736,50.694880637486925,51.90359808611736,4754541
2118,2016-05-18,50.854862213134766,51.51254560952692,50.73043484270947,51.19259295831317,2573082
2119,2016-05-19,51.33478927612305,51.761391167857944,50.94373392565915,50.94373392565915,6035130
2120,2016-05-20,51.476985931396484,51.601413281730395,51.0859306111318,51.405883210682525,3055890
2121,2016-05-23,52.66793441772461,52.93456243451467,51.548097711572765,51.76139626753929,10093334
2122,2016-05-24,52.15245056152344,53.05898869267483,51.9746985540622,52.97011268894421,3545037
2123,2016-05-25,53.21896743774414,53.32562154500249,52.27688267703932,52.614613450609085,7201959
2124,2016-05-26,53.53891372680664,53.82331497627838,52.827900959464834,53.32561037878722,11348343
2125,2016-05-27,53.62778854370117,54.178817760652876,52.89900252243959,53.823313795695356,7635493
2126,2016-05-30,53.947757720947266,54.37435971685291,53.094548907303384,53.71668103710264,6049447
2127,2016-05-31,53.32561111450195,54.16104642636933,53.165632395822406,54.03661906982206,4297008
2128,2016-06-01,52.93456268310547,53.538921452733874,52.756810671077346,53.538921452733874,5018958
2129,2016-06-02,53.39672088623047,53.53892636636969,52.65016140282905,52.934567541275115,3951078
2130,2016-06-03,53.46781921386719,53.627797954905375,53.058990546786454,53.53892194806904,3453446
2131,2016-06-06,53.058990478515625,53.57446842440391,52.810135730961306,53.396716410959954,2395810
2132,2016-06-07,53.29006576538086,53.663343055310335,53.05898911819444,53.1123137564941,3771426
2133,2016-06-08,54.23215103149414,54.35657840341972,53.076762961301576,53.32561770515273,3804592
2134,2016-06-09,54.32101058959961,54.90759108326485,54.16103672141659,54.285459233837685,4520638
2135,2016-06-10,54.88982391357422,55.15645187866059,54.338794714461436,54.356567983401476,8988984
2136,2016-06-13,53.965518951416016,54.658753670060186,53.80554504684303,54.658753670060186,7199310
2137,2016-06-14,53.52113342285156,54.17881670963071,53.4322574333363,53.94774010125723,2914984
2138,2016-06-15,54.88982391357422,55.01425126164739,53.734436064866614,53.734436064866614,5287666
2139,2016-06-16,54.96092987060547,55.56528373397028,53.98329394103205,54.889827146994904,5385026
2140,2016-06-17,55.831912994384766,56.151865614302864,54.356572431217536,55.10313175891401,8985642
2141,2016-06-20,55.68971633911133,55.991895710195095,55.192011692413665,55.81414370624367,5237563
2142,2016-06-21,55.458641052246094,55.920794345069616,55.12091030776072,55.65416633263332,5276594
2143,2016-06-22,55.316429138183594,55.70747961927392,54.96092519404269,55.4764030199485,4797461
2144,2016-06-23,55.68971633911133,56.116323077327436,54.33880303781315,55.280887694389385,5027803
2145,2016-06-24,55.387535095214844,55.511962458139934,53.53891720972612,54.55209974052527,6010853
2146,2016-06-27,54.74761962890625,55.814131417803935,54.39211569927369,54.409888967023065,5121198
2147,2016-06-28,55.26310729980469,55.458637389108645,54.62320204095713,54.943154670380906,5842035
2148,2016-06-29,56.614009857177734,57.00506510682387,55.29864351432169,55.387519488248984,9838712
2149,2016-06-30,57.98271560668945,58.24934359646641,56.63179756538736,56.88065228457842,18696297
2150,2016-07-01,58.71149826049805,59.15587825413542,57.947165635808076,58.30266963071797,9960809
2151,2016-07-04,58.80037307739258,59.475829689779026,58.53374508656913,59.26253115458541,5753019
2152,2016-07-05,57.325035095214844,58.942576384251026,57.16505636472483,58.76482438229841,5510329
2153,2016-07-07,58.07160186767578,58.35600317830774,56.95176025521083,57.23616638767505,5911690
2154,2016-07-08,58.46263885498047,58.80036470215395,57.44945166979855,58.124908185976246,7803900
2155,2016-07-11,59.22697448730469,60.844515558040335,58.99589788031831,59.04922250934116,11133401
2156,2016-07-12,59.22697448730469,60.08018301716339,59.03144441844621,59.3691751053093,9182267
2157,2016-07-13,57.53833770751953,59.88466506689695,57.129504250923546,59.315857703740065,11106820
2158,2016-07-14,58.67594528198242,58.871475366901144,57.556108693198475,57.78718531916478,7428442
2159,2016-07-15,58.39155578613281,59.15588854377162,57.98272708524065,59.03146115954382,6629943
2160,2016-07-18,58.01826095581055,58.94257226574593,57.80496242583657,58.51597038396667,3891623
2161,2016-07-19,59.1558723449707,59.369175684975765,57.94715984738337,58.05380910647038,5987973
2162,2016-07-20,59.84909439086914,60.43567483598144,59.33361182956529,59.36916318238453,7071425
2163,2016-07-21,57.7694206237793,59.8491202098439,57.52056586851846,59.83134211484978,4189305
2164,2016-07-22,59.13811111450195,59.742465075408674,57.89384700331327,58.12492365959619,7206087
2165,2016-07-25,60.06242752075195,60.29350419611461,59.06701325651156,59.20921391659378,3967394
2166,2016-07-26,60.933406829833984,61.502214266347025,59.4402927335485,60.16907409725344,8278821
2167,2016-07-27,61.30668258666992,61.751062596763006,60.98672994376924,61.50220786237819,8851677
2168,2016-07-28,62.639793395996094,63.58187761355249,61.19999994184739,61.4666278235235,31420184
2169,2016-07-29,62.56871032714844,63.101966257787545,62.10655711599359,62.95976564064998,12377513
2170,2016-08-01,62.995323181152344,63.95518105738022,62.44428910566221,62.56871646605233,11965659
2171,2016-08-02,63.59968185424805,64.06183996735302,62.586499267854414,63.101977197069594,6487056
2172,2016-08-03,62.53316116333008,63.67077578404122,61.751055330693426,63.63522442305065,10713465
2173,2016-08-04,63.350830078125,63.759658719462834,62.693146704582404,62.853125435547135,9047354
2174,2016-08-05,62.7464714050293,64.41734215878073,62.58649749573289,63.63523141833715,8816394
2175,2016-08-08,63.457481384277344,63.990737408804925,62.39096933522219,62.92422535974977,9540514
2176,2016-08-09,62.60427474975586,63.866312120203204,62.39097136862662,63.457483452440826,6314021
2177,2016-08-10,61.99991226196289,62.74647164030716,61.71551098537064,62.60427100201104,3789657
2178,2016-08-11,61.87550735473633,62.764267624718194,61.306699817581325,61.89328063140274,5017074
2179,2016-08-12,63.2974967956543,63.63522266113592,61.928805599147175,61.928805599147175,4369997
2180,2016-08-16,63.10197448730469,65.0927978523591,62.657594487151094,63.56413258056338,22372774
2181,2016-08-17,62.08879470825195,63.564140346476684,61.94659405519584,63.261960945087324,11599079
2182,2016-08-18,64.70171356201172,65.12832010017112,62.65756647517101,62.924194356063275,20664320
2183,2016-08-19,64.3284683227539,65.05724962946455,63.74188765859268,65.05724962946455,16563739
2184,2016-08-22,64.68397521972656,64.98615461224176,64.25736845125427,64.50622320316845,11335483
2185,2016-08-23,64.75506591796875,65.19944590984935,63.99073329630043,64.50621601561453,7423678
2186,2016-08-24,64.80840301513672,65.05725294682946,64.38179624390335,64.80840301513672,5319170
2187,2016-08-25,64.7906265258789,65.76826264750332,64.16849444848154,64.87950253693566,12995397
2188,2016-08-26,64.27515411376953,65.19946085123401,64.06185070441903,64.93283279500403,7097916
2189,2016-08-29,64.0796127319336,64.47066811013119,63.137528062979214,64.41734347261146,2956326
2190,2016-08-30,65.16390228271484,65.34165428741785,63.88408688448689,64.31068880267506,5212793
2191,2016-08-31,65.30609130859375,65.5904925368102,64.64840804378348,65.09278797651598,6435761
2192,2016-09-01,65.51939392089844,65.76824378739634,64.7906079461248,65.2349878739755,6116318
2193,2016-09-02,65.34165954589844,65.76826149841813,64.80840348887475,65.60828757441028,3858397
2194,2016-09-06,66.33705139160156,66.7281066944346,65.3416422769637,65.67936813072295,9001076
2195,2016-09-07,65.67937469482422,66.47925864890267,65.3771953478061,66.15930603163756,5024999
2196,2016-09-08,66.81201934814453,67.26006119950046,65.10945545142675,65.91593078386744,5980354
2197,2016-09-09,65.88011169433594,66.90164840358716,65.73673436831933,66.66866267959355,5051740
2198,2016-09-12,64.60765075683594,65.7367152710263,64.42843401294651,65.44997042542933,4144478
2199,2016-09-14,64.21337890625,64.89440648547384,63.98039808988879,64.50012864001945,6680869
2200,2016-09-15,62.65419006347656,64.66141367048475,62.38536495237026,64.66141367048475,8920122
2201,2016-09-16,63.10225296020508,64.69727956777852,62.06279162801018,63.19186136045865,21690721
2202,2016-09-19,63.58613586425781,63.87288566846686,62.45707096795006,62.976801645751664,4266806
2203,2016-09-20,63.8370246887207,64.30298631439888,63.44274684922687,63.67572766206596,4769662
2204,2016-09-21,62.833412170410156,64.55389108379939,62.56458703634524,63.83702405962626,4957941
2205,2016-09-22,63.99833679199219,64.62559559209365,63.156016859542575,63.47860612728139,4676363
2206,2016-09-23,63.06640625,64.30299920993595,62.976797853124936,63.89080155662396,7599534
2207,2016-09-26,62.97678756713867,63.90871571474108,62.67211809521171,62.97678756713867,6333433
2208,2016-09-27,63.156009674072266,63.85495219772419,63.030556956011786,63.317301858807504,6069513
2209,2016-09-28,63.96247482299805,64.19545562648148,63.155999445240866,63.155999445240866,4515648
2210,2016-09-29,62.15239715576172,65.27077128509059,61.5430629791392,64.07001780487468,13380901
2211,2016-09-30,63.28147506713867,63.6936727705563,61.48930691178618,62.403310726389044,11831869
2212,2016-10-03,64.94818878173828,65.55752302169147,62.94095952789341,63.49652969690472,9403402
2213,2016-10-04,64.8764877319336,65.48582671716946,64.67935122224527,65.05570450858342,7967290
2214,2016-10-05,65.01985168457031,65.73671869749408,64.66141817810842,64.93024330795484,5347763
2215,2016-10-06,63.76535415649414,65.32454136470898,63.62198168182812,64.98403234507306,5654229
2216,2016-10-07,63.42483901977539,64.37468704209157,63.191858163217326,63.76534800657053,3980080
2217,2016-10-10,63.81911087036133,64.15961982480769,63.514441381544785,63.514441381544785,4458994
2218,2016-10-13,62.72589111328125,63.74742778906004,62.25992940369556,63.63989965963767,14897308
2219,2016-10-14,63.693668365478516,63.98041330587663,61.847736265444254,63.012645485857824,4958871
2220,2016-10-17,63.10225296020508,63.67574283257445,62.65421095893723,63.19186136045865,4534814
2221,2016-10-18,63.22768020629883,63.72949097328054,62.725874300882396,63.35313289804426,7289895
2222,2016-10-19,63.99833679199219,64.78688779517962,63.12017252722341,63.424842059586055,9020687
2223,2016-10-20,64.03418731689453,64.60768214830243,63.74744233197442,64.28509282487539,4037879
2224,2016-10-21,63.42483901977539,64.2850786463718,63.12016950201487,64.2850786463718,10350237
2225,2016-10-24,63.12016296386719,63.92663844180828,62.779649150776734,63.29937973674299,2945373
2226,2016-10-25,63.9266357421875,64.14169683286964,62.94094353299638,63.281457331706946,3002870
2227,2016-10-26,62.90510559082031,63.9087224953222,62.65420501086964,63.80118950828643,3927291
2228,2016-10-27,62.90510559082031,63.3889918785653,62.259927114871275,62.76173313633902,7017500
2229,2016-10-28,63.04848098754883,63.44275890194673,61.66851557950607,63.01264151843079,4282450
2230,2016-11-01,63.40690612792969,64.3567588875397,62.42121390397407,62.81549176586951,5277438
2231,2016-11-02,62.7617301940918,63.26353619203506,62.528749358785944,63.06639968406076,4859666
2232,2016-11-03,62.70796585083008,62.976791012254075,62.474985016575836,62.779649643603456,4078615
2233,2016-11-04,62.2061653137207,63.030560603134916,61.38176516273993,62.72589108780651,4179894
2234,2016-11-07,62.36745834350586,62.58251946671162,62.20616614727651,62.47499133589205,7660803
2235,2016-11-08,63.442752838134766,63.65781394012066,62.33160786251276,62.45706057713505,3265787
2236,2016-11-09,64.58973693847656,64.9840147834316,59.840492790744726,60.933713083898205,13247214
2237,2016-11-10,67.54682159423828,68.1023916732287,64.93025366284444,66.3102238551095,18046820
2238,2016-11-11,65.62921142578125,67.56475200284707,65.05571666105917,66.66866795220854,8770575
2239,2016-11-15,66.29231262207031,66.88372710557215,65.43207293137975,65.43207293137975,11489252
2240,2016-11-16,67.56473541259766,68.28160247708466,65.71880369385681,66.86579294166239,10203154
2241,2016-11-17,69.14185333251953,70.39637081310525,66.02347936472276,67.36760523677889,9392264
2242,2016-11-18,68.80134582519531,70.00209935359703,68.60420929046425,69.44652922003363,12168642
2243,2016-11-21,66.32816314697266,69.4106934494663,66.05933791468951,69.4106934494663,12187225
2244,2016-11-22,65.86216735839844,66.91954808224861,64.78686690495023,66.63280323928853,11976002
2245,2016-11-23,65.10946655273438,67.2242283409581,64.37467973585397,66.02347500228008,13625626
2246,2016-11-24,66.32816314697266,66.99126635891793,64.62560334251269,65.21701788122213,18404432
2247,2016-11-25,67.61849975585938,68.17406974861433,66.31021356245121,66.70449139355097,14716858
2248,2016-11-28,68.2816162109375,69.8228836265276,67.0091788601672,67.0270985957573,10318399
2249,2016-11-29,67.90525817871094,68.65796966811956,67.56474433349358,68.3353804188206,12406804
2250,2016-11-30,68.78340911865234,69.07015398234168,67.24214210701665,68.38913128490528,7446808
2251,2016-12-01,66.059326171875,68.99848346699501,65.7725763914723,68.99848346699501,11056167
2252,2016-12-02,65.88011169433594,66.63282320965614,65.41414510791546,66.31022908768553,9676372
2253,2016-12-05,66.3460693359375,66.68658317191998,64.82272666408211,65.84426331046313,12282830
2254,2016-12-06,65.55751037597656,66.88371646508247,65.414137927265,66.45359911894778,4550359
2255,2016-12-07,65.39623260498047,66.48945323657027,65.23493552615766,66.20270827596,4265108
2256,2016-12-08,66.54319763183594,66.65072573702051,65.07361931210923,65.93385873828215,5413273
2257,2016-12-09,66.11308288574219,66.66865292730417,65.86217746348231,66.66865292730417,3451184
2258,2016-12-12,66.22061157226562,66.47151699668257,65.73672531749928,66.0413948009867,3689403
2259,2016-12-13,66.39983367919922,66.86580023890751,65.39622162401689,66.4894420720393,4417447
2260,2016-12-14,65.21699523925781,66.4535928230667,65.03777847995599,66.31021552637264,7312670
2261,2016-12-15,65.71879577636719,66.57903517780083,64.69725936022989,64.87647610476047,5253972
2262,2016-12-16,65.88011169433594,66.75827107757057,65.12740017901572,65.79050329635892,26025533
2263,2016-12-19,65.98761749267578,66.310206643894,65.53957565443795,66.00553722157926,3627943
2264,2016-12-20,65.21699523925781,66.11307903576693,65.14530659091078,65.951782007769,5757036
2265,2016-12-21,65.68294525146484,65.84424225093416,65.14529506865362,65.25282802215479,5279390
2266,2016-12-22,65.14531707763672,65.75465610197718,64.91233622535354,65.59335904801455,2653684
2267,2016-12-23,65.34246063232422,65.48583309529488,64.15962687429119,65.09155517595055,4805945
2268,2016-12-26,64.08792877197266,65.36036578153934,63.89078742551045,65.36036578153934,5932940
2269,2016-12-27,64.89441680908203,65.12739766250658,63.281465707820004,64.05209692833189,4555998
2270,2016-12-28,64.51807403564453,65.59337502649356,64.19548471070337,64.89443229938232,3739977
2271,2016-12-29,64.53599548339844,65.03780161563623,64.1596372380445,64.2313259118931,14737238
2272,2016-12-30,65.77259063720703,66.34608546065955,64.60768125208094,64.6614453283117,4872601
2273,2017-01-02,65.82633209228516,66.38190698659388,65.44997882643565,65.77256803453037,1811713
2274,2017-01-03,67.40345001220703,67.56474220098245,66.13100792795787,66.27438524451345,7819727
2275,2017-01-04,66.93748474121094,67.6901962213083,66.68658415555615,67.40345130582668,7829503
2276,2017-01-05,68.40705108642578,68.55042351841848,66.70449191029414,67.04500569014672,6362320
2277,2017-01-06,67.67227172851562,69.12392566110766,67.47513035911416,68.51459154316552,6298387
2278,2017-01-09,66.86579132080078,67.81563918590807,66.34606076701988,67.81563918590807,2956484
2279,2017-01-10,66.86579132080078,67.49304998702183,66.32814103546846,66.88371105235221,4626997
2280,2017-01-11,68.03068542480469,68.60417990964174,66.63279596034013,67.13460181148578,21835704
2281,2017-01-12,70.96985626220703,71.5971149209338,68.10238324646173,68.10238324646173,26857806
2282,2017-01-13,70.66519927978516,71.65089163188274,70.2709213666328,71.65089163188274,23933005
2283,2017-01-16,71.47166442871094,72.06307878149984,70.52181654555714,70.61142492814837,8473484
2284,2017-01-17,70.88025665283203,71.9197130150272,69.9304038199764,71.4716710604977,10193606
2285,2017-01-18,71.13114929199219,71.5612714649642,70.62934333123538,70.96985712330203,21229809
2286,2017-01-19,72.3319091796875,73.01293196450158,70.70103844277226,71.29245283849063,8756982
2287,2017-01-20,71.47166442871094,72.61864880893907,70.77271709987303,72.61864880893907,12987134
2288,2017-01-23,71.7583999633789,72.4752669307521,71.34620242945238,71.63294727177555,7334154
2289,2017-01-24,72.88748168945312,73.37136797909513,71.9017893763761,72.04516669298589,7122776
2290,2017-01-25,72.79785919189453,73.13837296051452,72.3677419101048,72.99500053325127,10336365
2291,2017-01-27,73.31759643554688,74.1778359396032,72.60072937190562,72.94124317176158,11095330
2292,2017-01-30,73.72980499267578,73.99863018153097,72.58282043716697,73.22799894579276,5832917
2293,2017-01-31,74.26744079589844,75.002232418178,73.28174863019824,73.65810673767771,7593736
2294,2017-02-01,73.76564025878906,74.76925709079197,73.38928698526675,74.76925709079197,7325455
2295,2017-02-02,73.10254669189453,73.83733846312855,72.85164609761219,73.80149413206917,7773806
2296,2017-02-03,72.29606628417969,73.76564486678002,72.08100517377562,72.83371662940665,4479429
2297,2017-02-06,72.08098602294922,73.19213074685058,71.59710473005794,72.49318840069371,6337200
2298,2017-02-07,71.65089416503906,72.9770955505353,71.39998870373522,72.2781529567319,6562928
2299,2017-02-08,72.08098602294922,72.65448054446911,71.07737425646317,72.04514656537583,9024346
2300,2017-02-09,72.45735931396484,73.69395212246694,71.97347305778312,72.54696769986641,12790725
2301,2017-02-10,71.65089416503906,73.76565140471872,71.41791330043793,73.55059027525354,16817238
2302,2017-02-13,72.77993774414062,73.10252691326195,71.50750079755329,72.29605155967594,9508762
2303,2017-02-14,71.99138641357422,73.10253127264536,71.72256127968114,73.08461154167875,9403263
2304,2017-02-15,72.20645904541016,72.61865667768112,71.59712489470373,72.18853931157653,7302351
2305,2017-02-16,72.45861053466797,72.92689677103932,71.72015314861244,72.04435657390572,6272531
2306,2017-02-17,72.9629135131836,73.21507062498813,71.8822485525679,72.76479355806492,4966775
2307,2017-02-20,74.3677978515625,74.71001047277258,72.69276766977791,73.44923433162843,9917513
2308,2017-02-21,74.25970458984375,74.8540692781623,73.68334902797004,74.36776912014955,7428835
2309,2017-02-22,72.62068939208984,75.2503099745209,72.36853720636726,75.1602545755161,26345564
2310,2017-02-23,71.73817443847656,72.7648073224255,71.52204042830523,72.7648073224255,13404307
2311,2017-02-27,69.43275451660156,72.0443619280495,69.12656508430236,72.0443619280495,14798634
2312,2017-02-28,69.21662139892578,70.18921710208703,69.00048739183893,69.12656596979123,10051421
2313,2017-03-01,69.39673614501953,70.13518875096536,69.10855582415239,69.70292559839463,10348326
2314,2017-03-02,68.35208892822266,69.8830361890136,68.08192262675719,69.8830361890136,10629352
2315,2017-03-03,68.74832916259766,68.8924168697994,67.72169630932827,68.08191802024245,8454072
2316,2017-03-06,69.82899475097656,70.67551675431244,68.83838503949876,69.10855132444726,14858083
2317,2017-03-07,70.08114624023438,70.58545562087981,69.72092455608488,70.08114624023438,11746802
2318,2017-03-08,70.4593734741211,71.17981680581332,69.93705499013565,70.35130892869488,7938282
2319,2017-03-09,70.04512786865234,70.53142815256231,69.3426984681776,70.53142815256231,9777769
2320,2017-03-10,69.36071014404297,70.49540759091713,68.46015583925082,70.2432553170672,16388459
2321,2017-03-14,69.75695037841797,71.57606799884945,69.37871466405554,71.48601257435642,11886293
2322,2017-03-15,69.50480651855469,69.90105143921419,69.34270965498062,69.88304230520166,7772586
2323,2017-03-16,70.27926635742188,70.40534492429859,69.43274930657664,69.93705868826424,5161993
2324,2017-03-17,69.8830337524414,70.96369892062432,69.55883029333069,70.89165262175088,9522200
2325,2017-03-20,69.73892211914062,70.04511147704731,69.43273764705242,69.88301467755682,9378518
2326,2017-03-21,69.61286926269531,70.08115556003742,69.48679067931246,69.88303556173574,8126819
2327,2017-03-22,69.19862365722656,70.45939996164665,68.96448046356987,69.00050362086033,8203222
2328,2017-03-23,69.54082489013672,69.70292662838358,69.01850140984796,69.52281575736265,5875356
2329,2017-03-24,69.79296875,70.2972781154912,69.61285791333748,69.82898700867719,6164329
2330,2017-03-27,70.18920135498047,70.63947839963252,69.75693832360568,69.88301687327198,7104197
2331,2017-03-28,70.85560607910156,70.96367549173227,70.11715374564031,70.11715374564031,6020578
2332,2017-03-29,70.90966033935547,71.12579434584549,70.51342036091341,71.07176206567792,6451066
2333,2017-03-30,70.40535736083984,71.23387031393756,69.97309419410293,71.07176857277362,13016042
2334,2017-03-31,71.07176971435547,72.00834725272604,70.47740479690768,70.47740479690768,8522874
2335,2017-04-03,70.67550659179688,71.8282178628219,70.60346519099467,71.8282178628219,9945512
2336,2017-04-05,70.24324035644531,71.28788215034922,69.95506010879747,70.90964649140244,7061975
2337,2017-04-06,71.03571319580078,71.30587938463452,69.55880371967937,70.74753788203863,7466431
2338,2017-04-07,70.24324035644531,70.69351741294,70.06312953384744,70.62147112957334,9205565
2339,2017-04-10,70.35133361816406,70.4774122226207,70.00912096118472,70.261278170098,5763232
2340,2017-04-11,71.73817443847656,72.6207147250981,70.06314440983344,70.3693289646047,10668096
2341,2017-04-12,71.1798095703125,72.58467783296128,70.60345887220059,72.04434538911745,6620702
2342,2017-04-13,72.04434204101562,72.42257277980144,70.89163092672442,71.25185253921313,5910355
2343,2017-04-17,72.87287902832031,73.17906849892708,71.68414918457668,72.02635692222638,11138596
2344,2017-04-18,72.890869140625,73.59330333778288,72.63871690802348,72.94490629872868,7675098
2345,2017-04-19,76.07884979248047,76.90736274440624,72.74679862334506,73.0709972193942,29099215
2346,2017-04-20,75.25033569335938,76.51111171033091,74.00756880801667,76.36702399984098,11822555
2347,2017-04-21,74.06160736083984,75.80868382376335,73.4132101658139,75.43045294096822,7938078
2348,2017-04-24,73.79144287109375,74.5479095411872,73.5212765521904,74.38581268133737,7520828
2349,2017-04-25,75.14226531982422,75.61055156415034,73.77341996149819,74.2056879453526,6293621
2350,2017-04-26,74.09761047363281,75.10623403134278,73.57529200940375,75.10623403134278,5977354
2351,2017-04-27,74.83606719970703,75.70059818102912,73.89948993418359,74.2056793133111,13646716
2352,2017-04-28,74.9261245727539,75.17827680241945,74.18766724073163,74.56590291395834,5477289
2353,2017-05-02,74.2056884765625,75.23232128120145,73.66535593578617,75.23232128120145,5123042
2354,2017-05-03,76.02481079101562,77.01542051054027,74.3137576391094,74.52989164598782,10859280
2355,2017-05-04,75.88074493408203,76.63721173309634,75.28637990836404,76.00682354822126,12952295
2356,2017-05-05,75.28633880615234,76.36700367595442,74.76401549808729,76.36700367595442,4993008
2357,2017-05-08,75.64657592773438,75.8266867762688,74.45784139591552,75.32237737753631,6855459
2358,2017-05-09,75.05220794677734,76.18690526763586,74.83607396046638,75.66458187453595,4729357
2359,2017-05-10,75.82669830322266,75.98879516005344,75.2863656754796,75.53851797026758,4623710
2360,2017-05-11,74.9981460571289,76.18688014697516,74.27770293085274,76.00676936540611,4946190
2361,2017-05-12,74.2957534790039,75.50249728615422,74.06160543915651,74.92614152451914,5386419
2362,2017-05-15,74.45785522460938,75.28636821323505,74.33178151587579,75.25034505967388,5353854
2363,2017-05-16,74.70997619628906,74.90809611610167,74.29572234570576,74.47583314037831,4077710
2364,2017-05-17,75.21430969238281,75.53850825014749,74.25972315003477,74.7820465773031,3694898
2365,2017-05-18,75.01618194580078,75.43043588706628,74.6019280045353,74.92612652875094,5797418
2366,2017-05-19,74.11563873291016,76.27696906164788,73.52126898385144,75.53851160117061,17793954
2367,2017-05-22,72.94491577148438,74.81806573079096,71.75618119775517,74.56591346544451,7423973
2368,2017-05-23,72.54866790771484,73.30513444405133,71.0897671121046,73.10700958039543,6465473
2369,2017-05-24,72.00833892822266,73.44922577889014,71.50402950765296,72.90889320988984,6650433
2370,2017-05-25,71.66612243652344,72.38656582254744,70.4773928039116,72.29651039929443,9992276
2371,2017-05-26,72.83683013916016,73.44920886399471,71.43196676045459,72.04434548528913,6466364
2372,2017-05-29,75.32239532470703,75.91676028932689,73.16105974149012,73.17907376212747,14504778
2373,2017-05-30,73.52124786376953,75.25031456155122,72.78279550124358,75.25031456155122,10884114
2374,2017-05-31,74.90811920166016,75.39441947431014,73.82745410057998,73.82745410057998,7781359
2375,2017-06-01,74.800048828125,75.53850130210039,74.33176260840682,74.76402568372687,6369921
2376,2017-06-02,74.24170684814453,75.05221054633866,73.95353144696129,74.96215512274146,6713770
2377,2017-06-05,73.95352935791016,74.6919867420387,73.55728452811184,74.47585275434695,5093948
2378,2017-06-06,73.287109375,74.07959893846522,72.872855465569,74.04357579724977,5324457
2379,2017-06-07,73.86345672607422,74.09759978909169,72.83682418811655,73.44920286291745,7605903
2380,2017-06-08,74.6919937133789,74.81806740596511,73.34115738568065,73.84547169930443,7487370
2381,2017-06-09,74.6379623413086,75.10625354233916,74.38581005074148,74.71000864479642,6432439
2382,2017-06-12,74.27772521972656,74.89010401514781,73.8454621457402,74.34977150830052,3684911
2383,2017-06-13,75.73663330078125,76.78127527199669,74.20569104884599,74.36778788520621,15775215
2384,2017-06-14,75.82669830322266,76.72725268279441,75.46647655139395,76.00680917913701,13639132
2385,2017-06-15,75.77264404296875,76.45706419579219,75.41242239560707,75.64656548922841,5595511
2386,2017-06-16,75.6285629272461,76.18690949669428,74.78204583641931,75.64657694383318,6127735
2387,2017-06-19,76.5111083984375,76.70922838105778,75.62856327043175,75.64657728710058,6393073
2388,2017-06-20,75.03419494628906,77.44768220207706,74.06159443764153,76.457072563418,12876594
2389,2017-06-21,74.09761047363281,74.9261232052323,73.75540283551423,74.9261232052323,13855413
2390,2017-06-22,72.87287902832031,75.17829729590144,72.04437094156812,74.1516643113118,33713902
2391,2017-06-23,74.2056884765625,74.5659101704134,72.90888940153539,73.12502339500982,9034020
2392,2017-06-27,74.11563873291016,74.45784643680174,72.58469641672093,74.20569416327422,6947747
2393,2017-06-28,74.78203582763672,75.26833115147063,73.26910292778784,74.20568020456005,7103873
2394,2017-06-29,74.9261245727539,75.82667871974283,74.529879770915,74.9261245727539,7577681
2395,2017-06-30,75.84469604492188,76.02480689378432,74.85408637617847,74.89010952311486,7751039
2396,2017-07-03,76.16890716552734,76.60117522846025,75.46647767053669,75.64658854912203,8768284
2397,2017-07-04,75.89872741699219,76.72724024336743,75.55651973972756,76.72724024336743,4530105
2398,2017-07-05,75.66458129882812,76.16889067250375,75.46646132961173,76.16889067250375,6062229
2399,2017-07-06,75.59255981445312,76.00681387749921,75.28637032930757,76.00681387749921,5577232
2400,2017-07-07,75.44845581054688,75.79066839862422,74.99817866087655,75.53851124048093,7641379
2401,2017-07-10,76.13286590576172,76.36700900004561,75.64656570328363,75.64656570328363,2844699
2402,2017-07-11,76.34901428222656,76.85332862607302,75.97078341016174,76.54713917040054,13833624
2403,2017-07-12,77.08745574951172,77.44767741402684,76.34899840576432,76.34899840576432,9211263
2404,2017-07-13,77.48370361328125,78.16812382568689,77.24956049927658,78.15011469607853,9596900
2405,2017-07-14,77.51973724365234,77.89796810314107,77.26758008011329,77.89796810314107,4889330
2406,2017-07-17,78.06005096435547,78.33021719462803,77.53772763150103,77.53772763150103,6302565
2407,2017-07-18,77.59176635742188,79.24878701815126,77.35762324886448,78.15011287794087,7549621
2408,2017-07-19,78.76248931884766,79.0686787256471,77.82591196868078,78.31221221644236,8521832
2409,2017-07-20,78.78048706054688,79.2487731959856,78.40225144116798,78.88855158847328,10233967
2410,2017-07-21,77.5557632446289,79.05068747131146,76.90736602487337,79.05068747131146,4948380
2411,2017-07-24,78.07807159423828,78.2581824409533,76.81729566723315,76.81729566723315,6137724
2412,2017-07-25,78.16812133789062,78.7444769826645,77.9159642164836,78.34823217151877,6113154
2413,2017-07-26,78.27619171142578,78.51033972123001,77.64580374679471,78.47431657465863,5258903
2414,2017-07-27,78.04203796386719,78.92458294854087,77.7178394604956,78.42027362264966,21380991
2415,2017-07-28,77.32162475585938,78.09610061684079,76.3850471372169,77.8439482987044,8260545
2416,2017-07-31,80.4375,80.76170334515223,77.32158417082405,77.32158417082405,17403810
2417,2017-08-01,80.8337631225586,81.2660310905571,79.48293182983724,80.61762913855934,15263765
2418,2017-08-02,79.8971939086914,81.41012706474565,79.50095393118073,80.9238267727411,12014487
2419,2017-08-03,80.31144714355469,80.88779793789772,78.97862493854288,79.6090128949475,5285543
2420,2017-08-04,80.90579986572266,81.10391981094955,79.82513495906258,80.83375358428454,7975937
2421,2017-08-07,81.39209747314453,81.50016200606062,80.32944172758965,81.04988497587948,4619568
2422,2017-08-08,80.2934341430664,81.62625636493445,79.77111561835984,81.59023321837758,3229672
2423,2017-08-09,79.9332275390625,81.12196228493379,79.53698262377208,80.18538472674378,4573769
2424,2017-08-10,78.31221771240234,79.89719224693883,77.57376516696068,79.89719224693883,6813656
2425,2017-08-11,78.85254669189453,79.42890237440902,76.36701800223389,76.54712884765596,8860877
2426,2017-08-14,80.2394027709961,80.67167076291429,78.8885714035261,78.97862682802409,4990789
2427,2017-08-16,79.50096893310547,80.92384204316363,79.12273312980852,80.58163428111853,5221989
2428,2017-08-17,79.05066680908203,79.82514242075247,78.79850968629674,79.4288976074409,2837686
2429,2017-08-18,80.31144714355469,80.61763167086717,78.78050496371488,78.88856951619935,7721084
2430,2017-08-21,79.35687255859375,81.03190767745808,79.08670623436664,80.6896950457756,5203218
2431,2017-08-22,79.06868743896484,80.09532032274706,78.5463639882873,79.95123261126284,6646897
2432,2017-08-23,79.15873718261719,79.53696800881869,78.40227064439478,79.10470490541975,5312780
2433,2017-08-24,79.59099578857422,80.04127285516718,78.90657073869784,79.06867243699885,5492256
2434,2017-08-28,78.20415496826172,79.57299553305734,78.04205324193238,79.57299553305734,9753985
2435,2017-08-29,77.5557632446289,78.72648397561333,77.01543059955918,78.27620677138856,12235532
2436,2017-08-30,77.66381072998047,78.33022178083466,77.1775105098534,78.11408780679831,9313551
2437,2017-08-31,78.9786376953125,79.2488040059808,77.465704401242,77.89797245263932,8143692
2438,2017-09-01,77.98802947998047,78.78051929509719,77.73587229721963,78.78051929509719,8803556
2439,2017-09-04,78.38426208496094,78.97862691010153,76.65519500131074,78.02404038659458,6239751
2440,2017-09-05,77.87993621826172,78.38424551218465,77.77186680010924,78.34822237280048,3937595
2441,2017-09-06,77.1955337524414,77.82592177524171,76.72724746126055,77.44769091588947,4800221
2442,2017-09-07,77.77188110351562,77.86193652562935,76.92535915848286,77.62779340529755,5008597
2443,2017-09-08,76.76325988769531,78.04204488669356,76.51110275947238,77.87994806353812,8588797
2444,2017-09-11,78.9041976928711,79.05058663858816,77.09262021854921,77.22071240749598,6205180
2445,2017-09-12,78.79443359375,79.16040858550048,78.42845860199952,78.90422906958726,4307268
2446,2017-09-13,78.22715759277344,79.0871996320132,77.95267640773007,78.79441672298879,3679773
2447,2017-09-14,78.30035400390625,79.05060058547937,77.82458364157124,78.06246634081253,6793237
2448,2017-09-15,77.76970672607422,78.11738495880213,76.15941773187598,77.84289874716976,9054445
2449,2017-09-18,78.81272888183594,79.54467880552903,77.76969924780268,77.76969924780268,10470233
2450,2017-09-19,78.99571990966797,79.19700416218,77.87949324760557,79.19700416218,5530915
2451,2017-09-20,77.91607666015625,79.12379683307456,77.76968768994408,79.01400138252615,5687495
2452,2017-09-21,77.42203521728516,77.9161024989664,76.9828681610105,77.9161024989664,5113744
2453,2017-09-22,76.6900634765625,77.34882132050065,76.15940281311933,76.87305093923655,5195124
2454,2017-09-25,76.90966796875,78.26377750457746,75.99473043477302,76.48879769589135,13057600
2455,2017-09-26,77.12922668457031,78.1356576159117,76.90964076132542,78.1356576159117,6570371
2456,2017-09-27,76.1777114868164,77.97098790869119,75.68364426756177,77.58671616252279,7885119
2457,2017-09-28,76.48876190185547,77.18411310950744,75.02486253254543,75.39083737487293,11633088
2458,2017-09-29,77.2207260131836,77.82458362306869,75.42744497966994,77.2207260131836,13782560
2459,2017-10-03,75.44575500488281,77.67820319856378,75.20787227952361,77.6416047106963,12296210
2460,2017-10-04,76.50709533691406,77.09265635813384,75.04319526579155,75.04319526579155,12075908
2461,2017-10-05,75.00658416748047,76.63517470848493,74.71380618799458,76.48878571874198,17352392
2462,2017-10-06,74.93338775634766,75.33595621354888,74.49421584904283,75.02488149004843,13466622
2463,2017-10-09,73.54267120361328,74.96997228535598,73.06690583098309,74.96997228535598,21446056
2464,2017-10-10,74.93338775634766,75.39085642485153,73.56098175083599,73.57927851203505,14560236
2465,2017-10-11,74.2380142211914,75.42743248392158,73.70735366689966,75.17125306718296,11830976
2466,2017-10-12,74.0367431640625,74.7320945096952,73.74396521764425,74.31122435027429,5518551
2467,2017-10-13,75.26277160644531,75.79343729963801,73.26820603007627,74.07335295136454,11394674
2468,2017-10-16,75.29936218261719,76.3423917325325,75.07977623044773,75.64703539002049,11521216
2469,2017-10-17,74.98826599121094,75.72021569475974,74.64058789648462,75.1163581821023,4936452
2470,2017-10-18,78.15396118164062,78.41014560838153,75.39085255138262,75.4640445562711,18484486
2471,2017-10-19,77.0926513671875,77.95269359606397,76.69007788092047,77.89779833972155,559370
2472,2017-10-23,78.15396118164062,78.39184884812254,77.22072713138196,77.93437523927021,14162373
2473,2017-10-24,78.70293426513672,79.01401397883726,77.36712663273777,78.06247807498691,7050716
2474,2017-10-25,79.08721160888672,80.14853802567664,78.24546620230262,79.05061311923468,16306452
2475,2017-10-26,77.58670043945312,78.9591063460105,77.129231803934,78.46503922687937,23524154
2476,2017-10-27,77.49520874023438,78.15396160707913,77.00114160817455,77.71479468380012,9985329
2477,2017-10-30,77.73310089111328,78.50164930506935,77.53181664729644,77.56841017246087,4118717
2478,2017-10-31,77.53179931640625,80.11192023953198,77.11092423256343,77.84287399388727,16442260
2479,2017-11-01,76.98284149169922,78.09906295737169,76.3606821726951,77.89777874679216,12417385
2480,2017-11-02,78.75782012939453,79.16038854733358,77.51350150133915,77.58669846670203,16259892
2481,2017-11-03,76.87305450439453,80.69749463719003,76.70836875866179,80.69749463719003,26293141
2482,2017-11-06,77.11093139648438,78.06246716737733,76.67176447720087,77.12923312052898,7985183
2483,2017-11-07,75.99471282958984,77.65989677012449,75.57384265423136,77.4403157839219,9702210
2484,2017-11-08,76.1777114868164,76.83646446992032,75.81173650423571,76.12281623219998,12777065
2485,2017-11-09,76.12281036376953,76.78156329608912,75.02488550066822,76.78156329608912,9492091
2486,2017-11-10,77.34882354736328,77.58670626291763,75.57384411555307,75.75683158349531,8999608
2487,2017-11-13,77.2207260131836,78.0807680460999,76.59856667945203,77.55010244004343,7885278
2488,2017-11-14,75.73854064941406,77.23903909309793,75.42746091681991,77.22074232923794,4927717
2489,2017-11-15,75.75682830810547,75.95811252859818,74.80529252317551,75.64703285377554,8653007
2490,2017-11-16,76.23259735107422,76.43388654501076,75.07977729072047,75.79343040438614,18027175
2491,2017-11-17,76.34239196777344,76.83645415686121,76.03131228156256,76.59857144288326,9193722
2492,2017-11-20,76.41558837890625,76.96455081072403,75.26276826485952,76.96455081072403,8277194
2493,2017-11-21,75.6104507446289,76.4704879654952,75.317667786079,76.4704879654952,15596732
2494,2017-11-22,75.77513122558594,76.17770466313453,75.06147808793828,76.17770466313453,8665005
2495,2017-11-23,76.50709533691406,76.78157660024954,75.59215779246249,76.08622505923711,6824919
2496,2017-11-24,77.29391479492188,77.5318024480424,76.12279810781162,76.30578555553373,7734712
2497,2017-11-27,76.90966796875,77.53182747739588,76.12282268230055,77.51352574840405,14811199
2498,2017-11-28,76.25090789794922,76.85476562191535,75.4640577202095,76.85476562191535,21546865
2499,2017-11-29,76.39728546142578,76.76326038648453,75.95811356581423,76.34239021543749,7324543
2500,2017-11-30,75.40914916992188,76.30578969797745,75.0797727389115,76.30578969797745,19256592
2501,2017-12-01,74.2746353149414,75.88492911665459,74.00015409381118,75.75683688735653,8172074
2502,2017-12-04,74.2014389038086,74.64060585328028,73.52438427237202,74.4759201086732,7124561
2503,2017-12-05,73.30479431152344,74.09163939638427,72.042178852574,73.92695366077295,17485101
2504,2017-12-06,73.28650665283203,73.50608766091781,72.7009457156126,73.08521744361586,5557173
2505,2017-12-07,74.0367431640625,74.29292759006782,72.9937136636872,73.28649657395792,11119755
2506,2017-12-08,74.32951354980469,74.58569794975135,73.15839691940326,74.29292003311399,14615599
2507,2017-12-11,74.7686996459961,75.17127308102678,74.14654024968932,74.5857121722415,8231500
2508,2017-12-12,74.2563247680664,74.84188559054944,73.89034987449604,74.84188559054944,8310332
2509,2017-12-13,73.37799072265625,74.09163883257982,73.1401030554959,73.56097818117806,12105970
2510,2017-12-14,73.23159790039062,73.78056028431914,72.64604199528229,73.67076979307446,12838407
2511,2017-12-15,72.77413177490234,73.98185203980636,72.28006958328766,73.7073708383081,22654959
2512,2017-12-18,73.15840911865234,73.23160112809056,70.77957201678103,72.81073094129927,16832008
2513,2017-12-19,74.14654541015625,74.29293937043101,72.9022314947936,73.45119395426417,20133065
2514,2017-12-20,74.2746353149414,74.42102430677357,73.17671043042048,74.32953056639684,14097971
2515,2017-12-21,74.32951354980469,74.95167282747404,73.963538672082,74.95167282747404,7881749
2516,2017-12-22,74.31122589111328,74.51251011296789,73.87205399852722,74.29292913052744,7399925
2517,2017-12-26,74.09165954589844,74.65892380421388,73.63419077170236,74.25635029015056,7946762
2518,2017-12-27,73.63417053222656,74.84189074245619,73.48778155749184,74.10994090493006,7831439
2519,2017-12-28,72.88391876220703,73.94524495853402,72.64603607466253,73.72565903008825,15796200
2520,2017-12-29,73.3230972290039,73.81716440503035,72.9937207662706,73.03031925409718,8561565
2521,2018-01-01,73.26819610595703,73.83546021216432,72.84732593932101,72.84732593932101,6388017
2522,2018-01-02,73.46947479248047,73.85374641931296,72.93880924699573,73.65246222694391,4383705
2523,2018-01-03,73.79885864257812,74.09163658177783,73.41458201304462,73.74396339945973,8187397
2524,2018-01-04,73.3230972290039,74.23803460540364,73.1950099673903,73.9269598685101,4204055
2525,2018-01-05,73.65247344970703,73.94525140391971,73.41458577757504,73.67077021040059,4923559
2526,2018-01-08,73.39630126953125,74.38443571669855,73.21331377663755,73.92696698446431,11797863
2527,2018-01-09,73.56098175048828,73.70737073163829,73.30479731058622,73.59757527288623,7380366
2528,2018-01-10,73.14010620117188,73.8903577916903,72.64604401299592,73.8903577916903,8710385
2529,2018-01-11,72.40815734863281,73.3047979320387,72.20687311832673,72.8656260210128,12305664
2530,2018-01-12,71.85918426513672,72.57283727355801,71.62130158361364,72.49964031131151,9411915
2531,2018-01-15,72.93883514404297,73.28651337850795,71.42003989151611,72.38987264574264,9962401
2532,2018-01-16,71.80430603027344,72.93882943066302,71.12725134263343,72.8656324510818,13205546
2533,2018-01-17,72.24346923828125,72.71923465642983,70.99915548294042,71.73110533477063,13012437
2534,2018-01-18,72.09708404541016,73.12181190622431,71.63961536400153,72.68263998653089,24603506
2535,2018-01-19,71.76770782470703,72.4630642419228,71.10895486128005,72.09708927027376,8082214
2536,2018-01-22,71.47492218017578,72.07877982597157,71.36513168597753,71.7860018655411,9833311
2537,2018-01-23,71.67621612548828,71.8592036165303,71.01746314327838,71.47493187088342,16134097
2538,2018-01-24,71.71280670166016,72.07878164335222,71.42002873384763,71.47492398233088,11061376
2539,2018-01-25,71.10894775390625,72.04218185279281,70.68807757134668,71.9872866053029,13143678
2540,2018-01-29,71.05403900146484,71.73109349542929,70.99914376440866,71.18213119716381,11002896
2541,2018-01-30,71.34683227539062,71.7860041941349,69.7914387619629,70.92596208217488,22826262
2542,2018-01-31,70.92595672607422,71.47491910112225,70.26720386155759,71.3468268875072,14372442
2543,2018-02-01,71.31021881103516,71.42001424958754,69.1692648435599,71.1821315785018,17028230
2544,2018-02-02,70.5965805053711,71.18214136661423,69.90122419047785,71.18214136661423,22083930
2545,2018-02-05,71.91407012939453,72.07875581583349,69.5352288969382,69.5352288969382,21997294
2546,2018-02-06,71.34683227539062,71.58471499643841,69.5352543153866,69.5352543153866,13495253
2547,2018-02-07,71.54811096191406,72.04217309310233,70.77956269894588,71.65790144354432,14316750
2548,2018-02-08,71.60370635986328,72.14110665962681,71.28867877127256,71.90020498370995,33536651
2549,2018-02-09,71.60370635986328,72.01138882587195,70.78834142784596,71.1589659643665,15183068
2550,2018-02-12,73.56798553466797,73.77182423418054,71.64076226336527,71.97431878386234,11747845
2551,2018-02-14,72.43761444091797,73.54947318765058,71.78903017199063,73.54947318765058,13853923
2552,2018-02-15,73.34562683105469,73.49387364322708,72.15964227997699,72.64145070309887,8833619
2553,2018-02-16,72.47467041015625,73.47534519638279,72.1781767837147,73.41974824293186,6252218
2554,2018-02-19,71.95580291748047,72.99353562053561,71.75195915401837,72.4931982353004,4332550
2555,2018-02-20,72.27082824707031,72.77116058963495,71.80755383591855,72.23376528880836,8479558
2556,2018-02-21,71.88167572021484,72.60438582235129,71.6407740284524,72.49319694602691,9258406
2557,2018-02-22,70.51036834716797,72.08550610139147,70.13974888190319,71.64076073233446,25535938
2558,2018-02-23,71.62224578857422,71.84461348977898,70.54744510745493,70.64009999190665,11567495
2559,2018-02-26,72.6970443725586,73.08619289219894,71.52959378678817,72.27083289227407,8362326
2560,2018-02-27,73.29005432128906,73.47536414231027,72.4746890980555,73.10474450026786,17333449
2561,2018-02-28,73.271484375,73.4567941051055,72.41906162725394,72.93792786617972,5795018
2562,2018-03-01,73.16031646728516,73.56799896759819,72.47466931132905,73.04912758891838,8106682
2563,2018-03-05,72.99352264404297,73.03058559688802,71.99285307831674,72.93793072819956,6992551
2564,2018-03-06,71.58518981933594,73.19738597158802,71.19603625053043,73.0491341205099,9525018
2565,2018-03-07,71.6593017578125,71.90020847226684,70.88099974436935,71.43693406269936,9481007
2566,2018-03-08,72.4190673828125,72.60437712764563,71.30720891381371,71.84460415772067,10429826
2567,2018-03-09,71.49251556396484,72.511719116429,71.08483313760951,72.45612720075518,9887071
2568,2018-03-12,72.27082824707031,72.51172993549942,71.52958918922751,71.7148989536882,14242997
2569,2018-03-13,72.28935241699219,73.0120624611829,71.62223931993059,72.23376049671184,10581316
2570,2018-03-14,72.0299301147461,72.71557733032097,71.71490749910464,72.14111900278102,8577503
2571,2018-03-15,72.19670104980469,72.5487916067737,71.82608152745793,71.88167345044015,6132848
2572,2018-03-16,71.25163269042969,73.0676675844452,70.91807105477712,72.04846376336153,10373796
2573,2018-03-19,71.97433471679688,72.30789131113325,71.34428448901691,71.67784108335329,13496140
2574,2018-03-20,72.23374938964844,72.67848971035419,71.45544754485341,71.9372508156633,9661410
2575,2018-03-21,71.97433471679688,72.45614315470448,71.75196197828947,72.45614315470448,9675146
2576,2018-03-22,71.41839599609375,72.1596350091172,71.25162023427275,71.97432525586133,11371840
2577,2018-03-23,71.99284362792969,72.36346305403285,70.78832546624673,70.78832546624673,9062739
2578,2018-03-26,72.23374938964844,72.4561220634253,71.9928477542435,72.04843966597572,15451169
2579,2018-03-27,72.62290954589844,72.771156343447,72.30788195932725,72.30788195932725,7563470
2580,2018-03-28,71.62224578857422,72.56732359924206,71.27015521691801,72.45613974863967,14095921
2581,2018-04-02,72.23374938964844,72.34493321311288,71.49251049495756,71.49251049495756,6821616
2582,2018-04-03,73.58653259277344,73.93862318961908,72.1040543354858,72.19670922656628,6269850
2583,2018-04-04,72.65996551513672,74.08685148638834,72.14109926018565,73.73476097757424,9689298
2584,2018-04-05,72.73409271240234,73.54945254842589,72.64143784284182,73.34561384613211,8673501
2585,2018-04-06,72.62290954589844,73.34561959586476,72.54878866054855,73.1973727983162,7948746
2586,2018-04-09,72.5858383178711,72.82674499163852,72.34493667095188,72.64143525910863,4610445
2587,2018-04-10,72.99352264404297,73.62357776186374,72.75262099082268,72.95645969119792,7562115
2588,2018-04-11,73.01206970214844,73.45681013534701,72.56732424210061,73.38268924323854,5790314
2589,2018-04-12,72.77116394042969,73.34562725281884,72.67850905393298,73.08619155988835,3537785
2590,2018-04-13,73.19738006591797,73.38268983796486,72.78969756204496,72.8267605218242,3438013
2591,2018-04-16,73.82743072509766,74.45748596463999,72.9379448192168,73.10472562581604,9628436
2592,2018-04-17,75.93994903564453,76.77384284897126,74.93927444891312,75.30989392150279,23457958
2593,2018-04-18,75.97701263427734,76.27350620413071,75.73610595356708,76.01407056037274,8814122
2594,2018-04-19,77.12593841552734,77.42243200229971,75.95848297884562,76.1623267182442,10627620
2595,2018-04-20,76.79236602783203,77.6818567165291,76.42174658315757,77.38535814468077,5446620
2596,2018-04-23,76.64412689208984,77.05180932722249,76.05113471615586,77.05180932722249,4139986
2597,2018-04-24,76.5144271850586,77.16301143143349,75.90290590098934,77.16301143143349,3594644
2598,2018-04-25,76.84797668457031,77.83011738291545,75.56933736144724,76.49588613853676,5924775
2599,2018-04-26,76.71826171875,77.3483118946179,76.42176308288657,76.92210044659129,7950190
2600,2018-04-27,77.05182647705078,77.3483201175857,76.75533283651588,76.90357965678332,7371596
2601,2018-04-30,77.03328704833984,77.45949848379716,76.73678842122037,76.92209817810172,5644871
2602,2018-05-02,76.03260040283203,77.49654926289223,75.86581963710687,76.7182474009216,7210903
2603,2018-05-03,76.5144271850586,76.92210971672131,75.32844757922571,75.9770318256006,3782713
2604,2018-05-04,76.86650848388672,77.01475528831799,75.79171286819869,76.71826167945544,22466426
2605,2018-05-07,77.57067108154297,77.83010671430527,76.71824833420652,76.71824833420652,6003886
2606,2018-05-08,78.84930419921875,79.31257848882996,77.40388942100134,77.64479104622961,19748071
2607,2018-05-09,78.51577758789062,79.20142480274357,78.2563418762653,78.57136951842472,13934330
2608,2018-05-10,77.0888900756836,78.49724242013357,75.86584248796161,78.27486967447052,13973187
2609,2018-05-11,76.66266632080078,77.4594972574048,76.32910474221644,77.38537134508634,10688957
2610,2018-05-14,77.47804260253906,77.7560072922277,76.34765487521187,76.34765487521187,13962128
2611,2018-05-15,79.25698852539062,80.0538193177164,77.32976542255105,77.45948323219662,56040833
2612,2018-05-16,79.10873413085938,79.68319219798283,78.77517264481618,79.46081954956983,18183776
2613,2018-05-17,79.10873413085938,80.05381160305535,78.68251779354804,78.75664368530151,17900935
2614,2018-05-18,78.9234390258789,79.68321201130443,78.60841647471446,79.20140867564817,18414996
2615,2018-05-21,78.812255859375,79.47937397618128,78.42310739470786,79.47937397618128,16669979
2616,2018-05-22,78.10808563232422,79.31259909830769,77.64481122233057,79.21994421630896,9411261
2617,2018-05-23,78.31190490722656,78.73811625316868,77.71891280437985,78.20072108718873,18219990
2618,2018-05-24,78.47869110107422,78.71959274574422,78.34897328414478,78.71959274574422,17260447
2619,2018-05-25,78.58988189697266,78.96050139143301,77.92276881768346,77.92276881768346,30090956
2620,2018-05-28,76.69973754882812,78.75667919039984,76.45883583229711,78.66402429736101,17488299
2621,2018-05-29,76.71826171875,77.71893141931042,76.25498731288434,77.18153612461568,15749359
2622,2018-05-30,77.6447982788086,78.55281295491908,76.71824961327857,76.71824961327857,36016623
2623,2018-05-31,77.62626647949219,78.83077977866466,74.71690258227514,77.79304725473234,274352477
2624,2018-06-01,76.32909393310547,77.05180388189545,74.25362397743625,76.6811844264848,17096388
2625,2018-06-04,74.75397491455078,76.69972741119004,74.34629243369466,76.69972741119004,14456405
2626,2018-06-05,73.69772338867188,74.55015148296309,72.30789989163733,74.42043361786985,13788817
2627,2018-06-06,74.53160858154297,75.32844464611348,73.1973822052888,73.1973822052888,8130515
2628,2018-06-07,75.14312744140625,75.58786784724911,73.47533960908542,74.66131905151532,7683528
2629,2018-06-08,73.34562683105469,74.56866931503853,72.91941536099058,74.45748546262155,12429285
2630,2018-06-11,72.53024291992188,73.84594497380107,72.08550259931954,73.60503831160416,19668041
2631,2018-06-12,72.28935241699219,72.80821871768997,71.67783124021092,72.80821871768997,13416832
2632,2018-06-13,73.43827056884766,73.88301093785178,72.30787811557573,72.75262351142838,10866676
2633,2018-06-14,73.69772338867188,73.88303318827649,72.86382929045115,73.4568216545559,7205187
2634,2018-06-15,73.32707977294922,73.75329619392295,72.73409262991312,73.69769925077098,9527937
2635,2018-06-18,73.62358093261719,73.93860850509489,72.7340951602702,73.32708232393581,4303444
2636,2018-06-19,73.64212036132812,74.0127399047103,72.93794423427182,73.21590889180847,8099053
2637,2018-06-20,73.80888366699219,74.01272235678388,72.93792694117226,73.6421029012731,8160216
2638,2018-06-21,72.43761444091797,73.62359911483934,71.82609313558501,73.41975532849514,10942576
2639,2018-06-22,73.271484375,73.53092000788696,71.93725331287074,72.71555518468348,7677797
2640,2018-06-25,71.97433471679688,73.49387589860643,70.97365990693828,73.27150316009903,8701812
2641,2018-06-26,70.69569396972656,72.15964319730642,70.0471097597341,71.86314956919247,9869227
2642,2018-06-27,69.37999725341797,71.3442838959127,68.82406792519578,71.14044012612159,13094540
2643,2018-06-28,68.4905014038086,69.95444540643994,67.87897520994436,69.82473260347352,22542641
2644,2018-06-29,69.2502670288086,70.54743522950501,68.23106344254711,68.65727484597767,8435793
2645,2018-07-02,68.58316802978516,69.43559101145924,68.00870469270086,69.30587315941766,13100144
2646,2018-07-03,68.39786529541016,68.73142193013157,67.15628862969979,68.21255549535935,9990760
2647,2018-07-04,67.82340240478516,70.13977492268936,67.50837473698017,68.65729651123067,10626271
2648,2018-07-05,67.32305145263672,68.10135346815058,66.91537399261196,67.87898074559675,7739370
2649,2018-07-06,67.378662109375,67.78633965232828,67.02657147480615,67.32306514729036,7229617
2650,2018-07-09,68.37932586669922,68.56463565202753,67.45277694005762,67.5269028649288,10238815
2651,2018-07-10,68.21253967285156,68.69434303048503,67.97163296718595,68.56462519516867,7258266
2652,2018-07-11,67.78634643554688,68.47199377698412,67.6010366149882,68.11990813403298,3825437
2653,2018-07-12,67.67513275146484,68.04575222937038,67.30451327355931,67.89750544357784,11523981
2654,2018-07-13,67.3601303100586,67.95312270121798,67.17482050199942,67.52691114805195,4793733
2655,2018-07-16,67.21186828613281,67.63807974301966,66.93390363683498,67.10068443715333,12191173
2656,2018-07-17,67.24891662597656,67.54541017670196,66.71151641008274,66.97095203710349,4698206
2657,2018-07-18,66.15559387207031,68.11988018002863,65.98881811811677,67.67513478245543,5845129
2658,2018-07-19,65.7664566040039,67.00803310876854,65.63673875541369,66.37797785952995,5980121
2659,2018-07-20,65.1549072265625,65.95173791419255,64.52485224926586,65.7849571770119,5273662
2660,2018-07-23,65.61820220947266,65.97028772715143,65.09933087504278,65.21051974392725,6336970
2661,2018-07-24,65.87761688232422,66.13705248665677,65.32168775319526,66.04439763180194,6260188
2662,2018-07-25,65.09933471679688,66.34091115142616,64.74724917834021,66.21119331016355,7757736
2663,2018-07-26,67.39716339111328,68.11987333281284,64.56192559040768,65.32169345580627,33869484
2664,2018-07-27,66.67445373535156,68.49049307831343,66.04440368074167,67.91602990949046,19690254
2665,2018-07-30,67.89751434326172,68.10135307208863,66.7300638402051,67.04508641623777,10288607
2666,2018-07-31,67.56395721435547,68.78699963086989,67.39717641808123,68.06428954948018,11713824
2667,2018-08-01,68.45344543457031,68.84259393688126,66.76712352857484,67.8233902122249,10299992
2668,2018-08-02,69.93592071533203,70.51037896223563,68.47197159640496,68.99084294736831,12305598
2669,2018-08-03,70.49185180664062,70.76981645457184,70.04710635921106,70.34360499978047,7491196
2670,2018-08-06,70.21388244628906,71.10336825460107,69.91738885246798,71.10336825460107,4944677
2671,2018-08-07,70.08416748046875,70.65863075391053,69.5467721913317,70.36213212111345,3270258
2672,2018-08-08,70.23240661621094,70.67715200342946,69.62088547892179,70.08415982942091,6225545
2673,2018-08-09,71.3813247680664,71.52957657497,69.62088231614418,70.23240342565278,6328977
2674,2018-08-10,70.6215591430664,71.84460140130193,70.08415889292901,71.78900948535455,4909902
2675,2018-08-13,69.6764907836914,70.41772988691633,69.36146818630033,69.89886352002877,2537940
2676,2018-08-14,69.6394271850586,70.0471046371895,69.13908982571279,69.5097093471765,2304692
2677,2018-08-16,69.56529998779297,70.417722860708,69.34292727364374,69.4541161441428,3661689
2678,2018-08-17,69.34292602539062,70.04710208514648,68.84258868427372,69.86179233116604,4022502
2679,2018-08-20,69.5467758178711,69.99151624998439,68.7870027443809,69.49117886536386,2487784
2680,2018-08-21,69.50971984863281,69.78768453172522,68.8796645562168,69.54678281174841,3655095
2681,2018-08-23,70.49185180664062,70.78834542036094,69.50971105598686,69.50971105598686,9442607
2682,2018-08-24,70.76982116699219,72.12258153829849,70.25095479500682,70.60304035638822,8393334
2683,2018-08-27,73.30855560302734,73.49386535405458,70.75128204422133,70.84393691973493,14042229
2684,2018-08-28,73.06766510009766,74.29070763307396,72.54879872328496,73.2344408854038,8224129
2685,2018-08-29,71.54811096191406,73.77182791188328,71.19602043409618,73.01205996471656,6955827
2686,2018-08-30,72.99352264404297,73.4567969874852,71.30720604465256,71.62223360356296,22347117
2687,2018-08-31,74.67984008789062,74.95780467838875,72.21521669732873,72.21521669732873,11854651
2688,2018-09-03,72.08551025390625,75.97701486335806,71.90020051059902,75.18017894565817,8999761
2689,2018-09-04,72.06696319580078,72.80820203462329,71.02923083218829,72.08549718287989,5387824
2690,2018-09-05,72.51171875,73.01205604223277,71.43692328729334,71.95578954237432,7334087
2691,2018-09-06,73.864501953125,74.77252195407239,72.45614953007384,72.64145932399373,16457730
2692,2018-09-07,72.53024291992188,74.45746605640926,71.47397648986338,74.45746605640926,4580610
2693,2018-09-10,72.54905700683594,73.31985836326972,71.49626137343262,72.62425888057122,6293799
2694,2018-09-11,70.27426147460938,73.2634516980684,70.01106002608672,72.58665525874576,9560546
2695,2018-09-12,72.86865234375,73.41385314155725,70.34945604326892,70.34945604326892,13582243
2696,2018-09-14,75.25626373291016,75.93306029321613,72.9062685932146,73.41386856335201,22816500
2697,2018-09-17,75.91425323486328,76.53465085710768,74.22225693793388,74.22225693793388,15162744
2698,2018-09-18,74.7862548828125,76.66625074765702,74.50425550308582,75.76385375249468,4937349
2699,2018-09-19,74.5606460571289,75.19984661993045,73.77104686184893,74.8238474888271,6025625
2700,2018-09-21,75.3502426147461,75.91424129165816,73.35744422976816,74.82384486959106,11174973
2701,2018-09-24,74.29745483398438,75.33145258659107,73.15065936647397,75.19985695247519,3992299
2702,2018-09-25,72.41744995117188,74.67344476836082,72.06025383167244,74.07185023029551,10770907
2703,2018-09-26,72.5114517211914,72.94385481951385,70.76305670994724,72.73705222905207,7286693
2704,2018-09-27,73.15066528320312,73.65826524095718,72.248268191538,72.56786854270283,8101331
2705,2018-09-28,70.83827209472656,74.4290625889421,70.44346985569061,73.13186834592169,10284429
2706,2018-10-01,72.3422622680664,72.90626104318673,69.8982675758783,70.80066459610777,4684738
2707,2018-10-03,71.0450439453125,72.30464189107532,70.81944347595268,71.6278404829959,10349581
2708,2018-10-04,71.15785217285156,71.79705274743948,69.39065928396883,70.68785325030593,11239097
2709,2018-10-05,70.4246826171875,72.02267953707994,70.0674812657555,71.06387832525454,7035573
2710,2018-10-08,70.1802749633789,71.08267208647379,68.61987409448828,70.12387099958507,4680183
2711,2018-10-09,70.14266967773438,71.2330663464518,69.67267067399276,70.33066927923102,5552286
2712,2018-10-10,70.3682632446289,71.0450597030069,70.01106199726465,70.01106199726465,3526073
2713,2018-10-11,69.82304382324219,70.87583916702619,69.20264638494756,69.91704358964482,10016561
2714,2018-10-12,70.8570556640625,71.34585250883863,69.97345666021508,70.02985551156391,6856067
2715,2018-10-15,70.72545623779297,71.43985360084399,69.9734579398835,70.85705695989009,6926558
2716,2018-10-16,70.38705444335938,70.9886540710487,69.59745525075554,70.66905379073113,6530627
2717,2018-10-17,71.10147094726562,71.47747017850757,70.68787077293626,70.70667379438795,4151254
2718,2018-10-19,71.12026977539062,71.98506591633144,70.33067041637493,71.06386581417719,9497796
2719,2018-10-22,71.12026977539062,71.81586423232248,70.7818664073727,71.21426957765878,4377225
2720,2018-10-23,71.79705810546875,72.43625872775857,69.86066342003558,70.6878585255585,4599675
2721,2018-10-24,71.59027099609375,72.28587057430832,71.21427177541732,72.00386605898517,4510189
2722,2018-10-25,71.92866516113281,72.24826550039299,70.19906782497387,71.3270654224929,7455415
2723,2018-10-26,70.83827209472656,71.81586598228428,70.61267154382256,71.57146751039485,6390862
2724,2018-10-29,71.2706527709961,71.62784888120012,70.46225566917015,71.214253921997,8374975
2725,2018-10-30,69.99225616455078,71.27065216349666,69.78545358689743,71.06384958584331,5105532
2726,2018-10-31,69.91707611083984,70.21787346331551,67.22868256120921,69.59747573644938,9622136
2727,2018-11-01,70.8570556640625,71.17665595479217,69.76665917199782,69.97345666021508,5603131
2728,2018-11-02,71.38345336914062,72.30465330620557,70.95105537616075,71.082656095715,6034462
2729,2018-11-05,69.95465087890625,71.25184471336085,69.55984876421768,71.08264817833503,4872816
2730,2018-11-06,70.72545623779297,71.06385445188926,69.55985785607032,70.34945708883824,7337064
2731,2018-11-07,71.08265686035156,71.43985298891002,70.72545563197832,71.43985298891002,223308
2732,2018-11-09,72.07904815673828,72.26704771546902,70.98865173606282,71.06384849966646,9231137
2733,2018-11-12,69.91707611083984,72.5302728722596,69.27787536205894,72.00386985570304,3906667
2734,2018-11-13,69.20266723632812,70.6878609331036,68.7514661817191,70.31186175420116,7750412
2735,2018-11-14,69.91707611083984,70.31187327344118,69.22147649594675,69.29667838397371,9918943
2736,2018-11-15,70.3494644165039,70.87586225990766,69.76666771484537,69.93586428960975,8814911
2737,2018-11-16,70.72545623779297,71.43985360084399,70.01105887474193,70.31185615397979,5537047
2738,2018-11-19,71.32705688476562,71.62785416817289,70.55626065865016,70.76305815351579,5155461
2739,2018-11-20,70.83827209472656,71.85346692407091,70.49986871846266,71.85346692407091,2673334
2740,2018-11-21,68.469482421875,70.63147819391871,68.16868505003896,70.49987743130929,6426666
2741,2018-11-22,67.60466003417969,69.07105558002273,66.85266179530485,69.07105558002273,6231287
2742,2018-11-26,68.60105895996094,68.75145759276994,67.24746106505074,67.69866206329235,5022526
2743,2018-11-27,68.63866424560547,69.5410611994965,67.79266614511732,68.41306373217897,6727512
2744,2018-11-28,69.29666137695312,69.55985772082077,68.24386070203798,68.39425934136447,9281286
2745,2018-11-29,67.86785888671875,70.87585195429881,67.41666298647053,69.541057070486,16395530
2746,2018-11-30,67.73626708984375,69.0146683917622,67.0406726812188,68.05586741532336,10573839
2747,2018-12-03,69.10867309570312,70.8758663212377,68.09347318968224,68.09347318968224,11107638
2748,2018-12-04,70.40585327148438,70.76305448937252,68.48825666456601,68.95825558293744,6304336
2749,2018-12-05,68.9958724975586,70.57507126899482,68.61987327577052,69.59747227238267,5774768
2750,2018-12-06,68.9958724975586,69.7102750988086,68.69507516005447,68.9958724975586,8600328
2751,2018-12-07,68.67626953125,70.31186710388316,67.92427111622929,69.10867269973942,8378029
2752,2018-12-10,67.41666412353516,68.58225737702988,66.42026232324203,67.86786003139336,6431248
2753,2018-12-11,67.79267120361328,68.16867038744178,66.60826969470126,66.85267324404204,6514193
2754,2018-12-12,68.63866424560547,69.10866319032111,67.94306478746334,68.01826155872888,7396629
2755,2018-12-13,68.63866424560547,68.80786080581413,68.09346342980935,68.56346237452499,4251108
2756,2018-12-14,69.82304382324219,70.0298412694025,67.86784664214194,68.24384570775247,9276710
2757,2018-12-17,72.39866638183594,73.90266322468194,71.32706761134503,71.4398653346322,23727234
2758,2018-12-18,73.82746124267578,74.07186480915996,71.77826860696142,72.53026702736648,15507368
2759,2018-12-19,74.8238525390625,75.01185211730322,73.33865383103492,73.33865383103492,11434466
2760,2018-12-20,74.4290542602539,74.80505343641396,73.28225881289184,74.0906560216729,7938383
2761,2018-12-21,74.03425598144531,74.86145109588192,73.56425701876027,74.44785608857119,8722621
2762,2018-12-24,72.92505645751953,74.37265428390107,72.6430570796458,74.07185698742848,8563441
2763,2018-12-26,73.43265533447266,73.80865449973194,71.94745659177245,72.79345471360585,4766041
2764,2018-12-27,73.90265655517578,75.01185616659886,72.75586110592704,73.33865779000783,46486470
2765,2018-12-28,74.09065246582031,74.57944933144334,73.54545164662812,74.25985412689789,5142112
2766,2018-12-31,74.69225311279297,75.19985300283007,73.69585635075867,73.95905270498214,6317785
2767,2019-01-01,75.19985961914062,75.38785921719031,73.7334586745006,74.24105860919788,3961625
2768,2019-01-02,73.41385650634766,75.19985251919613,72.94385755559806,74.86144919480442,7876559
2769,2019-01-03,72.58666229248047,73.31986275597376,72.19186518125511,73.28226181685338,7942863
2770,2019-01-04,73.65824127197266,73.97784151913697,71.96624536325874,72.68064261586402,4017540
2771,2019-01-07,74.61705780029297,74.78625947845254,73.63945887053701,73.73345866955555,3592512
2772,2019-01-08,74.20346069335938,74.63586386634616,73.62066395558298,74.41026331953037,3990870
2773,2019-01-09,74.29745483398438,74.72985797401759,73.54545646845223,74.20345503829286,4087529
2774,2019-01-10,73.56426239013672,74.24105890589418,73.2822629919352,74.24105890589418,3589725
2775,2019-01-11,73.07544708251953,73.65824879269294,72.66185212023369,73.28224966347703,2995789
2776,2019-01-14,72.3798599243164,73.0754543022376,71.81585607495543,72.96265659225446,5370460
2777,2019-01-15,72.36105346679688,74.82385094931318,71.59025725231271,74.82385094931318,11498868
2778,2019-01-16,72.19185638427734,73.00025352768829,72.04145264612339,72.379855957155,8515441
2779,2019-01-17,72.90626525878906,73.15066372217647,72.19186778895832,72.19186778895832,5325531
2780,2019-01-18,72.79347229003906,73.95907100374686,72.37987718824081,72.94387607231074,4366941
2781,2019-01-21,71.90985870361328,73.20705791867339,71.68426327474654,72.9250585327747,4067143
2782,2019-01-22,71.32705688476562,71.90985353379781,70.87585585983979,71.81585374525618,3577455
2783,2019-01-23,70.04866027832031,72.0038528060789,69.82305976747493,71.27065752060001,6173490
2784,2019-01-24,70.21784973144531,71.10144866795547,69.76665385522467,70.19905181569983,6157088
2785,2019-01-25,69.87947082519531,71.10146828090583,69.65387027494714,70.53746945519329,3868441
2786,2019-01-28,70.61266326904297,70.91346056845538,68.43186499894988,69.93586169564227,7440853
2787,2019-01-29,69.78546905517578,70.61266934951306,69.05226856247613,70.23667014296258,17469350
2788,2019-01-30,70.3494644165039,70.65026682688847,68.95826538053687,69.59746604026559,12711500
2789,2019-01-31,70.91345977783203,72.003856350814,70.23666331179221,70.8758588408709,25774313
2790,2019-02-01,71.51504516601562,72.13544265243539,69.89825109839876,71.79704448709862,9474849
2791,2019-02-04,69.40946197509766,71.251856858238,69.0898616658208,71.251856858238,3678667
2792,2019-02-05,69.97346496582031,70.29306529448542,68.99586606041571,69.22146659240374,5500377
2793,2019-02-06,70.23665618896484,70.96985143618411,69.465854908783,70.02985360655842,4322649
2794,2019-02-07,69.40946197509766,70.57506040314645,69.18386145679546,70.29306103022247,4309303
2795,2019-02-08,68.05586242675781,70.66905859671044,67.86786284905806,69.40946040615907,7692145
2796,2019-02-11,68.5634536743164,68.88305393613106,66.87145768804223,67.52945612714885,7913450
2797,2019-02-12,68.14984893798828,70.08624829087951,67.8490517121989,68.80784733173977,11930402
2798,2019-02-14,65.78106689453125,67.2474625208394,64.85986696143506,66.73986266178262,36962390
2799,2019-02-15,68.24385070800781,68.50705211314555,66.77745526464608,67.07825249924856,16005610
2800,2019-02-18,67.96186828613281,68.99586604941574,67.51067232204403,68.2250697567128,7973918
2801,2019-02-19,67.47306060791016,68.80785546741772,67.26625802839091,67.7738578692651,10824411
2802,2019-02-20,68.35668182373047,68.65747918298723,67.153482187071,67.96187955241274,9658184
2803,2019-02-21,68.35668182373047,68.80787786261561,67.99948049727388,68.69508012784837,9197823
2804,2019-02-22,68.39424133300781,68.6574427073888,67.86784368405934,68.31904458305146,12182132
2805,2019-02-25,68.4130630493164,68.61986054300117,67.11586393492323,68.05586181497195,29907322
2806,2019-02-26,68.13106536865234,68.69506411061658,67.24746631961202,67.49186475450018,13683801
2807,2019-02-27,68.2250747680664,69.29667354868965,67.62347500527653,68.16867590588954,13566494
2808,2019-02-28,68.75145721435547,69.46585454112704,67.90545917216987,68.77025513092264,69863939
2809,2019-03-01,68.88306427001953,69.08986177055124,68.46946416914105,68.84546333360966,7227772
2810,2019-03-05,68.8078842163086,69.72908450129702,68.65748552279246,69.18388350000727,15733697
2811,2019-03-06,69.37187194824219,70.0862745518494,68.31907616368818,68.84547405596518,20336766
2812,2019-03-07,70.3682632446289,71.25185720422931,69.40946231214251,70.31185928991817,12295538
2813,2019-03-08,70.3118667602539,70.85706764840566,69.65386815032657,70.68786596592668,6211299
2814,2019-03-11,73.05667114257812,73.69587189445264,70.59387304547681,70.8758724772186,17678891
2815,2019-03-12,73.82746124267578,75.95186086017257,73.1882656452209,73.1882656452209,26457157
2816,2019-03-13,73.22586059570312,74.54185772375214,72.60545786977066,74.48545376698355,6930222
2817,2019-03-14,72.71421813964844,73.54756214594299,72.57855626485785,73.2374823668731,8466765
2818,2019-03-15,74.9041748046875,75.27239388109399,72.52041615793999,72.52041615793999,14301914
2819,2019-03-18,76.37706756591797,76.66776934962776,74.90418063133248,75.25302172034549,14247336
2820,2019-03-19,77.13288879394531,77.59800846032381,75.69875799392659,76.0475990580088,16995997
2821,2019-03-20,76.51274108886719,77.46236390579284,76.16389994678848,77.22980664920338,9060589
2822,2019-03-22,76.93907928466797,77.84994050410951,76.4158151166276,76.70651684807305,8782833
2823,2019-03-25,78.29570007324219,78.87710363050309,75.62123950408716,76.43520553569114,14506515
2824,2019-03-26,78.62515258789062,79.03213820487909,77.28792765056839,78.35383410042493,8371544
2825,2019-03-27,77.59800720214844,79.34221775147218,76.93908637116431,78.68329692048805,11579885
2826,2019-03-28,76.84220123291016,77.52050547178648,76.14451371860649,77.52050547178648,17034861
2827,2019-04-01,75.79566955566406,77.40421849202133,75.62124636977238,76.82281488197455,10617688
2828,2019-04-02,77.4429702758789,77.83057263498793,75.97008341414201,75.97008341414201,17946031
2829,2019-04-03,77.88871765136719,78.5088825228759,77.57863784420975,77.67553844109568,15076661
2830,2019-04-04,77.26853942871094,78.78019268468954,76.93908166198051,78.0825053533472,10130253
2831,2019-04-05,76.08637237548828,77.79182193626643,75.98947177252141,77.79182193626643,9883976
2832,2019-04-08,76.88094329833984,77.6367699871858,75.7956588162366,76.74528668097196,13511642
2833,2019-04-09,76.88094329833984,77.26854565011863,76.37706234390477,77.11350576084578,10655872
2834,2019-04-10,76.99723052978516,77.38483289853647,76.64838944934769,76.64838944934769,8637199
2835,2019-04-11,75.95068359375,77.2879135441981,75.83440501422943,77.19101297553352,13713296
2836,2019-04-12,76.37706756591797,76.60963004432455,75.60186280935851,76.22202766604481,11004111
2837,2019-04-15,76.76466369628906,77.84994816426305,76.39643936401578,76.66776310960591,8965316
2838,2019-04-16,76.2995376586914,77.4623446818411,76.16388104507851,77.13288689770326,4918434
2839,2019-04-18,75.3111572265625,76.68714349716615,75.00107744245824,76.49334231780263,11593259
2840,2019-04-22,75.50497436523438,76.24141795103743,74.96233199975816,75.27241184940327,7772049
2841,2019-04-23,74.80728149414062,75.40806308930101,74.43905712472373,75.11736129992782,6686014
2842,2019-04-24,74.40028381347656,75.44681218900473,73.66384045082744,74.84602543372264,7288151
2843,2019-04-25,74.24525451660156,75.89256462498315,73.9157914434865,74.4971950111506,17599280
2844,2019-04-26,73.95455169677734,75.34992129106287,73.78012852604404,74.03206901706376,8664580
2845,2019-04-30,72.24911499023438,74.61349093211675,71.86151254917807,74.30340582495495,14290974
2846,2019-05-02,73.72200012207031,73.95456263170355,72.26849100835562,72.50105351798885,8897549
2847,2019-05-03,73.97394561767578,74.78791182745253,73.72200507248637,73.9933288948102,10782838
2848,2019-05-06,73.81888580322266,74.74913039646256,73.19872098866492,73.64446264196808,5477945
2849,2019-05-07,74.24525451660156,75.1173598680977,73.83826886492047,73.83826886492047,9450289
2850,2019-05-08,73.64446258544922,75.09797666133736,73.21810420438676,74.40028927404785,10180731
2851,2019-05-09,72.83052062988281,73.66386484934843,72.22973367561153,73.60572553304985,7921214
2852,2019-05-10,71.91963958740234,73.04368542315503,71.72583839995555,73.02430740728781,5938686
2853,2019-05-13,70.79560089111328,72.11345340226886,70.56304363121015,71.88089088517113,5504435
2854,2019-05-14,70.40797424316406,71.39636328673771,70.17541706321053,70.5048748205423,11334983
2855,2019-05-15,69.18704223632812,71.55141786163219,68.78006183058952,70.98939229447518,7616268
2856,2019-05-16,70.48551177978516,70.81497486429102,69.32270460425426,69.51650580017606,8660893
2857,2019-05-17,70.60177612304688,71.16380158049012,69.90409406163506,70.42735823629035,10183233
2858,2019-05-20,72.88864135742188,73.21810440868398,71.33823194648807,72.1328146667143,6287120
2859,2019-05-21,71.29948425292969,73.1018344853173,71.22196166472607,72.96617258455815,7748239
2860,2019-05-22,70.58238983154297,71.82271919212052,70.46611125401041,71.2800718111227,6972640
2861,2019-05-23,71.5707778930664,72.90800790250502,70.96999644372009,72.09404203837684,13966122
2862,2019-05-24,71.9583969116211,72.3072379783664,71.41574941091352,71.9583969116211,7240775
2863,2019-05-27,72.6173095703125,73.48941476743775,71.95838879791131,72.26846854290096,6424176
2864,2019-05-28,73.72200012207031,74.14836384686551,72.7917553407318,72.9661732800609,11255911
2865,2019-05-29,73.7026138305664,74.80728168443328,73.3925287667966,74.1871168140875,8310232
2866,2019-05-30,74.1095962524414,75.15612482822984,72.92741104332713,74.96232362954264,34989609
2867,2019-05-31,73.3731460571289,74.57471443084346,73.02430498274558,74.22586809926665,11849847
2868,2019-06-03,74.82665252685547,75.0010756870777,73.64446220609075,73.74136279350458,12106965
2869,2019-06-04,74.78789520263672,75.97008558603267,74.40029283244662,74.63285530599941,11447117
2870,2019-06-06,75.75691223144531,76.80344088722077,75.25303117922417,75.58249429361231,26132949
2871,2019-06-07,74.32275390625,75.98944688574979,74.09019674104802,75.75688446335535,8783688
2872,2019-06-10,75.3111572265625,75.95070006702343,74.57471379641979,74.78789299084228,11231885
2873,2019-06-11,75.05921173095703,75.85379441039288,74.7685099813303,75.69875452869724,6589306
2874,2019-06-12,74.0902099609375,75.03983257413299,73.76074690852543,74.80727536743589,7509749
2875,2019-06-13,75.13672637939453,75.36928882228953,73.50879979351537,74.10958128523394,11041648
2876,2019-06-14,75.42742919921875,76.33829571357653,74.94292629341068,75.19487201018526,34979466
2877,2019-06-17,75.21426391601562,76.14450861554968,75.03984073483063,76.12513059861533,10860754
2878,2019-06-18,76.66776275634766,77.07474311566436,75.25301524873095,75.46619443557431,17815522
2879,2019-06-19,77.63678741455078,78.10191244397069,76.74530390822294,76.7840599463458,32722391
2880,2019-06-20,77.88871765136719,78.58640510326217,77.24917476335884,77.77243903798161,11459458
2881,2019-06-21,77.48172760009766,78.31507157811846,76.95846339062635,77.98560853828889,16601442
2882,2019-06-24,77.15225982666016,77.81118586589149,76.57085635340646,77.52048412926464,9883389
2883,2019-06-25,78.14065551757812,78.41197928258947,77.13289354969292,77.13289354969292,10375296
2884,2019-06-26,81.26084899902344,81.76472992847721,77.92746788754889,78.0825077691352,31182825
2885,2019-06-27,80.50501251220703,81.35773964254216,79.94299235297055,81.04765991725253,13741562
2886,2019-06-28,80.19495391845703,81.24148246715876,79.32284854693688,80.29185451529261,12067819
2887,2019-07-01,80.25310516357422,81.3965344792081,79.71046279201028,80.33062775545247,11211814
2888,2019-07-02,80.369384765625,81.08644504488522,79.98178234129219,80.3887627839639,12203723
2889,2019-07-03,80.98953247070312,81.2608562305194,80.11742714482827,80.6988306954115,13693989
2890,2019-07-04,81.47403717041016,81.70659964705142,80.5050312320663,81.00891747432131,12324046
2891,2019-07-05,79.7879638671875,82.17172262393402,79.14842101470163,81.41589590732752,12525923
2892,2019-07-08,78.00498962402344,79.98176255042245,77.65614332268775,79.45849835561197,8948141
2893,2019-07-09,79.3615951538086,79.53601304152592,77.36543902256497,78.27630551573168,6875651
2894,2019-07-10,79.57478332519531,80.02052498714772,78.72205603148278,79.34222085807431,12675299
2895,2019-07-11,80.8538818359375,81.06706105072841,79.8848705893413,80.00115446238594,7808266
2896,2019-07-12,80.11741638183594,81.33836787979268,79.22593316024779,80.85386498606155,6349095
2897,2019-07-15,79.4391098022461,80.13679710132884,78.64452718469393,79.71043351697705,6656137
2898,2019-07-16,80.97014617919922,81.16394734291838,79.18717442154433,79.38097558526349,6627472
2899,2019-07-17,80.62130737304688,81.60969123256335,80.02052059453085,80.9313871407245,6388864
2900,2019-07-18,79.59416961669922,80.97016129021483,79.45851298253338,80.97016129021483,8419638
2901,2019-07-19,79.72982025146484,80.48564692719177,78.60577450225536,79.76858153740861,10869152
2902,2019-07-22,79.10966491699219,80.31123338191118,78.52826132982433,79.84611366649324,9061812
2903,2019-07-23,81.57096099853516,81.78414552000949,79.14844546265752,79.34224670552774,14046808
2904,2019-07-24,81.3189926147461,82.55932224767264,80.83448967332063,81.26085331321372,18181391
2905,2019-07-25,82.6174545288086,83.10195742906356,81.33836897501267,81.39650827160469,28085772
2906,2019-07-26,81.9972915649414,82.94691937316328,81.49341064049288,82.61745634231939,10950941
2907,2019-07-29,80.58255004882812,82.3655219435995,80.05928581510702,82.30738264145126,5948953
2908,2019-07-30,80.71820068359375,81.31898215077658,80.11741395921823,80.54377754424767,10050004
2909,2019-07-31,81.70660400390625,82.92755575707947,80.2143337278454,80.42751819996492,26229893
2910,2019-08-01,82.9469223022461,83.81902757264476,81.31899036129128,82.15233434601137,27069006
2911,2019-08-02,81.60970306396484,82.92755541063391,80.75698095063102,82.53994775905353,20863783
2912,2019-08-05,77.96623229980469,81.39651413202317,76.29953904861263,81.39651413202317,18063375
2913,2019-08-06,76.7840347290039,78.50886711800744,76.06697465850336,77.75304050772661,11846580
2914,2019-08-07,77.07476043701172,77.88872659576455,76.39645618091676,77.13290500757542,9432897
2915,2019-08-08,78.56700134277344,80.87323705017188,76.37704947563273,76.76465176210694,6595239
2916,2019-08-09,78.29570007324219,80.95077736950567,78.00499829461174,78.87710363050309,9175926
2917,2019-08-13,78.29570007324219,79.61354708492816,76.26078762282904,77.69491324308974,7558090
2918,2019-08-14,79.51664733886719,79.92362773040652,76.64839081060653,77.92747654732473,8024154
2919,2019-08-16,81.84225463867188,83.04382295248394,78.41197285432848,79.10965496831317,11894601
2920,2019-08-19,81.21466827392578,82.37179773794604,80.86164743886033,82.03838710253474,8100095
2921,2019-08-20,80.82241821289062,82.72481498399907,80.66552066191124,81.1950545516278,8711658
2922,2019-08-21,80.37132263183594,81.43039023829323,80.13597368371394,81.05775396041814,5649369
2923,2019-08-22,79.52799987792969,80.62628795982981,78.76311706791031,80.21443125916319,5059207
2924,2019-08-23,79.03768920898438,80.25364907481064,78.72388882410702,79.25342265093845,7611285
2925,2019-08-26,79.58683776855469,79.82218674058117,78.11591334361896,79.37109899412047,7846961
2926,2019-08-27,81.01853942871094,82.13644309641144,79.64567658210638,79.64567658210638,18828020
2927,2019-08-28,80.70474243164062,82.86209828257611,80.15559304980083,81.56768157990447,15756988
2928,2019-08-29,80.33209228515625,81.1165851868408,79.88100993072423,80.7047285415296,8660979
2929,2019-08-30,78.64546203613281,81.27351097899017,76.09585921862629,80.54785372843212,15630977
2930,2019-09-03,77.29220581054688,79.39072602515304,76.89995924034702,78.99847945495318,9494810
2931,2019-09-04,77.23334503173828,78.0570636280836,76.60574965737123,77.44907844784122,8565768
2932,2019-09-05,78.1943588256836,79.74373466890296,77.40986580535657,78.05707680327339,14199248
2933,2019-09-06,79.82220458984375,80.15560994456914,78.46895168822473,78.58662354045899,13782929
2934,2019-09-09,79.58683776855469,80.35171527741097,79.1553655398701,79.72412511225212,4769289
2935,2019-09-11,78.99847412109375,79.97909048038365,78.37087858711138,79.62606965507614,7723322
2936,2019-09-12,78.31204223632812,79.2338226729977,77.52754915323644,79.2338226729977,11516235
2937,2019-09-13,79.48878479003906,79.62607214867583,78.07669612440327,78.2532092026769,7223537
2938,2019-09-16,79.29266357421875,80.01832078572738,78.78273984604682,78.8415810871246,6031015
2939,2019-09-17,78.62583923339844,79.50839397311276,78.19436696327901,79.39072213589125,5823968
2940,2019-09-18,79.25343322753906,79.62606957175299,77.76289849105187,78.64545321348925,7206830
2941,2019-09-19,78.90040588378906,79.5280013652623,78.09629734433832,79.5280013652623,6306748
2942,2019-09-20,76.95878601074219,81.94031898800478,76.64499091996923,78.52777210497494,51859153
2943,2019-09-23,73.86003875732422,77.76289375351456,73.11477143448444,77.27258560425366,24586363
2944,2019-09-24,74.70336151123047,75.2917312415214,72.56561602976666,73.70313509780925,18234411
2945,2019-09-25,77.95902252197266,79.78296790207037,75.74282527456495,75.89972814956266,48245282
2946,2019-09-26,78.15513610839844,78.99846501615332,77.31180188045992,78.42970546524366,15826874
2947,2019-09-27,77.70404815673828,78.35125913357194,76.89994496517059,77.58637633559596,10034452
2948,2019-09-30,78.07669067382812,78.44932700408766,76.74305354056796,77.27258741823739,9111327
2949,2019-10-01,77.07646179199219,79.48877680502528,76.88033853369383,78.25320134178237,7634447
2950,2019-10-03,78.0962905883789,78.44931667379436,76.29196105048517,77.15490010769884,9432906
2951,2019-10-04,77.09607696533203,78.3708782265438,76.7234406224426,78.07669332011031,19442087
2952,2019-10-07,77.07646179199219,77.42948259289247,76.25274304310229,77.1549079032012,11655995
2953,2019-10-09,77.54714965820312,78.01784757729068,76.64498485349945,77.4687035518109,8504262
2954,2019-10-10,78.0962905883789,78.29241382686156,77.07645400441578,77.62559800813054,6982965
2955,2019-10-11,78.8415756225586,80.11637687435423,78.01785682659228,78.07669274340755,10517558
2956,2019-10-14,77.82172393798828,79.35148418702131,77.54714926654339,78.8415658774048,11162487
2957,2019-10-15,78.93963623046875,79.23382113090254,77.78250682735555,77.82173254478354,5013200
2958,2019-10-16,77.88058471679688,78.93965270749072,77.13531721084225,78.84159105354445,6668842
2959,2019-10-17,77.54714965820312,78.35125815996241,77.07645705929912,77.95901166745062,7899823
2960,2019-10-18,79.44954681396484,79.7241214888806,77.27258089207413,77.54715024680631,8795448
2961,2019-10-22,80.43016815185547,81.41078445274785,78.84157187248337,78.84157187248337,10675241
2962,2019-10-23,80.90087890625,81.19506384307005,79.35150277759055,80.4105706782166,5777589
2963,2019-10-24,80.05754089355469,81.29312182871867,79.86141761117115,80.95971118462973,5428181
2964,2019-10-25,79.60645294189453,80.56745908765978,78.90041130186826,80.56745908765978,3993616
2965,2019-10-27,79.37110900878906,80.13599193433846,78.84158040514586,80.01832009356986,388417
2966,2019-10-29,78.8611831665039,79.58684030328683,78.25320317957402,79.33188112554797,5943950
2967,2019-10-30,78.42970275878906,79.95946298614345,78.17474360759391,79.95946298614345,6419057
2968,2019-10-31,77.80213165283203,78.80236369446169,77.60600834900487,78.56701466583206,15582577
2969,2019-11-01,77.39025115966797,77.99823108740229,77.17451771955153,77.84133355639183,8803683
2970,2019-11-04,76.39002990722656,77.91979024829025,76.1154552192632,77.62560536269402,15175738
2971,2019-11-05,76.64498901367188,77.0764612428912,76.0566192429684,76.39002984373714,8153818
2972,2019-11-06,76.52731323242188,77.07646261768724,76.37041568813916,76.64499038077184,9183411
2973,2019-11-07,76.17430877685547,77.2137612160306,75.95857527218736,76.88035585794081,15498054
2974,2019-11-08,75.17407989501953,76.64500462131062,74.86027942796647,76.58616869629596,11762251
2975,2019-11-11,75.2132797241211,75.74281354477223,74.66413570722429,75.17405933162976,10089055
2976,2019-11-13,74.232666015625,76.23312422777732,73.86003503308619,75.31134920979254,9456977
2977,2019-11-14,73.74236297607422,74.58569726457979,73.31089605287528,74.52685602943083,19380370
2978,2019-11-15,73.60508728027344,74.09539548080349,73.25206111974421,73.74236932027428,18256039
2979,2019-11-18,74.78182983398438,74.91911187925835,73.21284353202198,73.62470030821324,11766437
2980,2019-11-19,76.66461181640625,76.88035062657939,74.60531728035696,74.91911241491916,22218922
2981,2019-11-20,76.9195785522461,77.33144069185359,76.09586491340156,76.86074262378366,9597590
2982,2019-11-21,76.99801635742188,77.25297554902991,76.0958514270598,76.80189308384888,12107895
2983,2019-11-22,77.95902252197266,78.92002337032008,76.88034451737695,76.88034451737695,16199814
2984,2019-11-25,77.90018463134766,78.60623163862535,77.58638950823612,78.05708751308792,6529113
2985,2019-11-26,76.25274658203125,78.2139792560367,76.05662331463071,78.07669190481948,21594044
2986,2019-11-27,76.52731323242188,76.88033935728788,76.13506671162314,76.46847731833884,12155700
2987,2019-11-28,76.93917846679688,77.56677399017684,76.17429559139877,76.95878866557769,6724188
2988,2019-11-29,75.82128143310547,76.84112358317005,75.35058341917271,76.6450002973955,17547179
2989,2019-12-02,75.07600402832031,76.48809256216816,74.68375750892835,76.48809256216816,19957065
2990,2019-12-03,74.29151916503906,75.35058169183286,74.17384200416119,75.35058169183286,7451455
2991,2019-12-04,73.8992691040039,74.526859318237,73.62469439513873,74.31112584711741,10311154
2992,2019-12-05,73.46780395507812,74.09539955026223,73.1540034973937,73.93849666132763,4569931
2993,2019-12-06,73.19322204589844,73.80120738046895,72.89903713825653,73.52663267192946,5388071
2994,2019-12-09,73.72274017333984,74.07576092295709,72.78134973429947,73.35010390863195,5459781
2995,2019-12-10,71.68305969238281,73.72274350256576,71.46732625792532,73.72274350256576,10563080
2996,2019-12-11,71.29081726074219,71.89880252721439,69.9375700292724,71.78112538522768,39214905
2997,2019-12-12,72.46755981445312,73.87964833653615,71.0162508969048,71.6830667822052,63493233
2998,2019-12-13,72.8402099609375,73.56586721756345,72.56563521945151,72.8402099609375,12987237
2999,2019-12-16,73.33050537109375,73.70314169503972,72.74213558813733,73.03632047961554,8479418
3000,2019-12-17,73.76197814941406,74.07577324121497,72.80097203547479,73.48740345395026,17903634
3001,2019-12-18,73.4285659790039,74.13460758064554,73.0167092647436,73.36973006556441,10099352
3002,2019-12-19,73.11477661132812,73.40896152171423,72.52640679055591,73.3893460022446,5749401
3003,2019-12-20,72.99708557128906,73.52661937330556,72.60483909871141,72.82057785073908,9690984
3004,2019-12-23,72.87942504882812,73.54624096341024,72.46756299670166,72.82058913286266,17045076
3005,2019-12-24,73.4089584350586,73.50702006773072,72.76174740327525,73.134383735503,3748896
3006,2019-12-26,72.50679779052734,73.54625016998365,72.19300265264101,73.46780404560445,3925143
3007,2019-12-27,74.15423583984375,74.33074361048998,72.76175727487129,72.76175727487129,7122947
3008,2019-12-30,74.64453125,75.11522387773627,74.01693575950111,74.13460758638921,6925363
3009,2019-12-31,74.62490844726562,75.40940672394532,74.23266196901744,74.33072358857949,11907723
3010,2020-01-01,76.6842269897461,76.84112455631582,74.62492714284893,74.74260430791475,13620373
3011,2020-01-02,76.52731323242188,77.15490872973663,76.23312834182282,76.70382629485488,5673692
3012,2020-01-03,75.70359802246094,76.40963961529471,75.0171613069506,76.19390616197988,7358268
3013,2020-01-06,75.7428207397461,76.0762313488781,73.74236240513808,75.31135381988771,7355290
3014,2020-01-07,75.19367218017578,76.29196557289288,74.97793873313003,75.76243173356353,14023712
3015,2020-01-08,74.74259948730469,74.89949704375512,74.0757782221599,74.64453784950013,9451757
3016,2020-01-09,75.68399047851562,75.86050355541263,74.97794881129629,75.29174392557502,7714854
3017,2020-01-10,75.37017822265625,75.97815811336642,74.91909053321878,75.97815811336642,4118638
3018,2020-01-13,76.4096450805664,76.48809651657427,75.23290546155353,75.46825444939294,27682638
3019,2020-01-14,76.58614349365234,77.0176103485645,76.19389702905352,76.4096304565096,5994314
3020,2020-01-15,76.19390106201172,76.80188098624711,75.66436724273835,76.6449834561396,7114590
3021,2020-01-16,77.05684661865234,77.54715476659092,76.13506623649103,76.13506623649103,8552344
3022,2020-01-17,77.42948913574219,77.60599689101542,75.95856457421024,76.86072951054277,4698386
3023,2020-01-20,80.27326965332031,82.76403609200915,79.72412559538654,80.175208024397,49337827
3024,2020-01-21,78.6846694946289,80.13598375699536,78.05707931432511,79.88102458122394,17283910
3025,2020-01-22,78.46893310546875,79.37109794611035,75.72320754850973,78.6454461622039,56787054
3026,2020-01-23,79.21419525146484,81.35194070975601,76.0566131945376,77.17451673400927,226059260
3027,2020-01-24,77.25297546386719,77.7236734479972,76.19391297985108,77.0568521905104,16151679
3028,2020-01-27,75.70359802246094,77.05684529542296,75.4290233362568,77.03723509791571,8213919
3029,2020-01-28,74.70336151123047,75.70359324483515,74.17382768993193,75.70359324483515,9174575
3030,2020-01-29,75.46824645996094,76.01739049332842,74.23266573465459,74.70336366050306,17600091
3031,2020-01-30,76.25274658203125,76.586157200649,75.07600697762798,75.46825351242907,26386034
3032,2020-01-31,73.29127502441406,76.68421148124867,72.60484365433273,76.60576005373736,63986362
3033,2020-02-03,73.4874038696289,74.13460957524417,69.60416431575327,70.95741164200628,16329297
3034,2020-02-04,76.2331314086914,76.60576774651499,73.7423648373788,73.87965218921822,14207381
3035,2020-02-05,74.27189636230469,76.76266285435572,73.7423624907373,76.13506735176415,14550344
3036,2020-02-06,75.66436004638672,75.99777059126953,73.99731264215556,74.5072308965531,9175642
3037,2020-02-07,74.68375396728516,75.62514450514658,73.95809687678526,75.62514450514658,18058457
3038,2020-02-10,73.19322204589844,74.95833149174995,72.46756487634487,74.80143393837777,30471811
3039,2020-02-11,74.33072662353516,74.99754779185699,73.78158259560259,73.93848012927138,32456571
3040,2020-02-12,74.27189636230469,75.27212819086174,73.95810127110089,74.54647105724598,16386952
3041,2020-02-13,74.74259948730469,74.97794848207252,73.62469575229575,74.05616802267272,18581113
3042,2020-02-14,72.21260070800781,75.0760034704004,71.93802601840035,74.72297734942397,23830630
3043,2020-02-17,72.01648712158203,72.87943170179847,70.8201372137309,72.56563125436313,17670292
3044,2020-02-18,72.56561279296875,73.09514659064737,70.93779100914303,71.62422233053077,30879880
3045,2020-02-19,73.5462417602539,73.72275483024686,71.78113234106107,72.9578719538563,22313738
3046,2020-02-20,74.232666015625,74.80142556816268,72.9186444980097,73.5462346412716,25907657
3047,2020-02-24,72.99708557128906,74.21305070031647,72.58522890315584,74.13459927772762,14921452
3048,2020-02-25,73.0167236328125,73.624703724964,72.70292316574647,72.99710811101686,17807428
3049,2020-02-26,72.8990249633789,73.8992566744231,72.1537577191901,72.56561439303083,17113656
3050,2020-02-27,73.1343765258789,73.62468464090476,71.11430815600914,72.60484269761429,28472046
3051,2020-02-28,71.19276428222656,72.68330435379917,70.2709838322066,71.95764717739263,28010970
3052,2020-03-02,71.97724151611328,73.42855554912161,71.29081020972508,72.0753031313116,19540018
3053,2020-03-03,75.19367218017578,76.37041168082604,71.40849451712086,72.09492589250017,16039306
3054,2020-03-04,77.29220581054688,77.66484218031059,73.95810996384807,74.80143902574085,16939245
3055,2020-03-05,76.86072540283203,78.27281397047253,76.3115813265785,76.89995111974672,9715265
3056,2020-03-06,74.76219177246094,75.54668468691924,73.80119114435938,74.72296606270142,14371982
3057,2020-03-09,70.97703552246094,73.977720743966,69.80029580264055,72.52641161496497,69609292
3058,2020-03-11,71.15353393554688,72.13415023983342,69.52571193446799,70.40826660832589,42604599
3059,2020-03-12,65.15216064453125,69.78066721432253,64.6226268057388,69.11385135674034,58418097
3060,2020-03-13,65.85821533203125,67.701776376406,58.64087936203925,63.8577567205189,44617540
3061,2020-03-16,64.23554992675781,66.24863163050969,63.03583919247096,66.04529026714032,39669086
3062,2020-03-17,65.88261413574219,69.27841579361845,63.340847253497564,63.666191208030014,35460792
3063,2020-03-18,58.62332534790039,67.06199118550072,49.67630063060218,66.6959778668263,119909061
3064,2020-03-19,59.843379974365234,61.77512296801525,56.97626337946054,59.13168518723102,44039786
3065,2020-03-20,63.95085906982422,65.82160024043374,60.290715459669734,60.290715459669734,131485883
3066,2020-03-23,62.22246551513672,63.381512236350105,57.56594670302848,57.56594670302848,39665620
3067,2020-03-24,59.90436935424805,63.93052653092557,59.131673413833006,61.836111963278896,42302851
3068,2020-03-25,61.10408401489258,63.82885442928379,60.331382575899305,60.39238938549402,23309603
3069,2020-03-26,64.39820861816406,65.76059094196822,59.8840305668532,61.24641840664325,25329120
3070,2020-03-27,65.0692367553711,67.61100316972315,63.70684885408116,64.49988218175346,28883749
3071,2020-03-30,63.30017852783203,65.0285800254423,62.242802390802424,63.03583587257143,22364337
3072,2020-03-31,64.7032241821289,65.80126397519983,63.60517887307178,64.41854413430337,24838523
3073,2020-04-01,62.873146057128906,65.86225868045885,62.283454095309914,64.66254834970337,14182117
3074,2020-04-03,63.52384567260742,65.25224700324453,61.71411111835586,62.852820376851525,21066826
3075,2020-04-07,64.25587463378906,65.84193585043188,63.605181296811224,65.4759225721276,24741992
3076,2020-04-08,64.39820861816406,66.16727354990638,63.13749143035856,64.21519923819753,21481260
3077,2020-04-09,66.87897491455078,67.79401079998979,64.39820985527446,65.43524831904429,15607786
3078,2020-04-13,65.04890441894531,67.06198578347598,63.95086455137215,66.69597249428493,14901247
3079,2020-04-15,64.88623046875,66.65530108089905,64.43887845524307,65.65892639245119,25249654
3080,2020-04-16,66.45197296142578,67.79402926860078,64.05254597803639,64.337220577022,31150756
3081,2020-04-17,68.22102355957031,70.4577778878199,66.79763444159329,68.18035419585951,18536308
3082,2020-04-20,67.30599212646484,68.81072007086823,65.9436042064217,68.81072007086823,24177042
3083,2020-04-21,66.14693450927734,67.50932220249061,65.94359322718536,66.69595707412272,13915863
3084,2020-04-22,65.96394348144531,66.18762226350161,63.68652490187207,65.06924490118064,19702407
3085,2020-04-23,64.25587463378906,65.84193585043188,64.0932026785412,65.67926389518402,32128585
3086,2020-04-24,64.72356414794922,65.10991490142551,63.34084413527583,63.849197486698905,33134279
3087,2020-04-27,64.90657806396484,65.67927410853888,64.11354457433077,65.67927410853888,9762001
3088,2020-04-28,63.93051528930664,65.23190176136887,63.76784335929525,65.08956175411433,26134701
3089,2020-04-29,64.27620697021484,65.31325103401777,63.44250974675348,64.86589901723924,14509262
3090,2020-04-30,65.90293884277344,66.47229345880903,63.93052685509072,64.9065696437078,18702868
3091,2020-05-04,64.68289184570312,65.679266575739,64.09320529436458,65.43525587491526,12598146
3092,2020-05-05,66.55362701416016,67.44833099539528,65.15056975176554,65.65892303292502,18305545
3093,2020-05-06,67.26532745361328,67.77368077895224,66.16728206448649,66.24862080293536,12853774
3094,2020-05-07,65.78092956542969,67.10264806500795,65.47591760398855,66.5536254312167,8561359
3095,2020-05-08,64.66258239746094,66.1266415953642,64.29656897698227,66.1266415953642,30898767
3096,2020-05-11,64.58122253417969,66.04528125383429,64.39821864171458,64.78456386979875,9453421
3097,2020-05-12,66.41129302978516,67.1026557614093,64.13386901994956,64.45921845906128,19986028
3098,2020-05-13,67.77367401123047,69.90875776444959,65.90293285759365,69.72575389519386,27175817
3099,2020-05-14,65.39459991455078,66.69598690846793,65.06925592406537,66.69598690846793,26454121
3100,2020-05-15,64.98790740966797,65.780940851875,64.35755145426326,64.74389669545143,20009870
3101,2020-05-18,62.83249282836914,65.15058087669487,62.34447138872843,65.00824634645447,32898286
3102,2020-05-19,64.27620697021484,64.78456028110263,62.62914444933304,63.03582709804326,12276533
3103,2020-05-20,64.43888092041016,65.33358498165171,63.34084104450819,63.544182375155216,24677051
3104,2020-05-21,64.62189483642578,65.00824559802561,63.84919882921312,64.07287210214756,17176100
3105,2020-05-22,63.38150405883789,64.25587058975373,62.66980947293193,63.84918796923603,25080927
3106,2020-05-26,63.99153518676758,64.5405523734258,63.239171150993954,63.50351378086396,18512685
3107,2020-05-27,63.91020965576172,64.21522171849317,63.34085490852725,63.99154841221857,22655078
3108,2020-05-28,63.95085906982422,64.39821105870699,63.46283771540918,64.39821105870699,25797051
3109,2020-05-29,64.07286071777344,64.52021270014444,63.68651554080587,63.950858138938635,63844851
3110,2020-06-01,64.60157012939453,65.4962688371272,64.13388057118442,64.47956199925761,45314328
3111,2020-06-02,67.12297058105469,68.46502633287743,64.4998713899204,65.0082245877354,43626060
3112,2020-06-03,66.91963958740234,68.11935552503483,66.63496506246291,67.3059902835175,13811685
3113,2020-06-04,68.8310546875,69.11573474735205,67.14332280234223,67.18399217031916,23992166
3114,2020-06-05,69.72575378417969,70.88480035156475,66.91963930019921,67.91601392317617,22851633
3115,2020-06-08,70.09178161621094,71.12882030399003,69.4817575608145,70.53913369336577,11723588
3116,2020-06-09,69.35975646972656,70.783151592566,69.13608316647354,70.7628141457326,8412588
3117,2020-06-10,69.1563949584961,69.6444163165537,68.56670845982813,69.35973627168907,10101681
3118,2020-06-11,69.54275512695312,72.51154201330927,68.26170578264275,68.34303900940031,22109491
3119,2020-06-12,67.63134765625,68.89206513512704,67.34667307455982,67.52967698079198,20331770
3120,2020-06-15,66.3909683227539,67.50934576459574,66.12662566697055,67.18400180609119,13833335
3121,2020-06-16,66.16729736328125,67.61102445064553,65.65894392040394,67.38735114217467,13972830
3122,2020-06-17,64.86592102050781,65.80128922343441,64.3982369190445,65.41494388569878,28371013
3123,2020-06-18,67.2856674194336,67.63134328083765,64.86590329368428,65.35391919471833,19720997
3124,2020-06-19,69.70542907714844,70.0714479139121,67.1229928714677,67.4483423357035,21577413
3125,2020-06-22,72.63356018066406,73.10124426172696,69.40042996133747,71.73885588264002,33039735
3126,2020-06-23,76.23267364501953,76.86302948119938,72.81654084007263,73.81290992035645,34298071
3127,2020-06-24,72.5928726196289,76.61903543639318,71.98284861902665,75.94800462294134,32910525
3128,2020-06-25,72.93856048583984,74.54495937022183,70.90514696940046,72.55220971132148,40909792
3129,2020-06-26,72.8775634765625,74.0569422823739,72.45054330336333,73.58925824924029,11954078
3130,2020-06-29,72.4912109375,73.32491381791179,72.04385884508237,72.38954025813179,7547198
3131,2020-06-30,71.10847473144531,73.18255722503132,70.76279339651663,72.79620652434876,11889584
3132,2020-07-01,70.53913116455078,71.33215909854394,69.90876968698048,71.16948712613409,15209917
3133,2020-07-02,71.21015167236328,71.90151440323565,70.19344501871956,70.55945831083397,15481100
3134,2020-07-03,72.22686767578125,72.95889435477099,71.21016089052475,71.57617423001962,22720042
3135,2020-07-06,72.38951873779297,72.67419876178774,71.49482033492576,72.55219067322466,11724475
3136,2020-07-07,70.39679718017578,72.59288278672229,69.82744246973594,72.59288278672229,20855578
3137,2020-07-08,69.03441619873047,71.0271606524622,68.64806536395099,70.35613519057137,16818545
3138,2020-07-09,69.76644134521484,70.15278662444939,68.93273844920614,69.33942117428722,16110083
3139,2020-07-10,70.19346618652344,70.66115028503879,68.93274845262115,69.78678340242517,23809286
3140,2020-07-13,68.77005767822266,70.8441404144066,68.40404437559884,70.19344703419384,10803798
3141,2020-07-14,66.43163299560547,68.64805027754835,66.28929295533705,68.52604768073932,16288923
3142,2020-07-15,66.51295471191406,67.63133188108841,66.32995084836797,67.1229786223728,15061461
3143,2020-07-16,65.96394348144531,66.89931694861495,64.86590356257682,66.89931694861495,15458966
3144,2020-07-17,66.41129302978516,66.63497180342196,65.740267740848,65.740267740848,13711930
3145,2020-07-20,66.49263763427734,66.79764965760907,66.02495363503279,66.41129888832737,8390572
3146,2020-07-21,70.6204605102539,70.94580995317384,66.73664325004655,66.73664325004655,33717545
3147,2020-07-22,73.0605697631836,73.77226455893774,70.68148014445276,70.76281338294633,46076322
3148,2020-07-23,73.91460418701172,74.23995368703754,72.16587061982818,72.38954391935597,18738194
3149,2020-07-24,74.01627349853516,74.52462691165722,72.65388524817051,72.99956667229102,14438899
3150,2020-07-27,73.56890869140625,73.8332568333847,72.6945420749779,73.73158616831194,11938756
3151,2020-07-28,73.97559356689453,74.3619443121349,72.67421232458543,73.2842363332891,11893746
3152,2020-07-29,73.91460418701172,75.03298171662594,73.4062507644598,73.73160026448562,13335993
3153,2020-07-30,71.92182922363281,74.524596534707,71.41347601772046,74.21958461115959,23995122
3154,2020-07-31,72.51153564453125,72.93855021646719,71.65750098467295,71.82017293988729,14354565
3155,2020-08-03,72.61322021484375,72.99956549298257,70.80347988697054,72.79622413101872,12500988
3156,2020-08-04,72.4912109375,72.81656042107072,71.41350283939438,72.32853895370833,9628257
3157,2020-08-05,71.55583190917969,72.3691972192658,71.23048247555333,72.00318393292436,10577794
3158,2020-08-06,71.5354995727539,72.28786364148161,71.33215823071869,71.84051158580674,8564058
3159,2020-08-07,71.55583190917969,72.3691972192658,71.27115184425493,71.49483061412053,8026904
3160,2020-08-10,72.08451080322266,72.71487217259234,71.677828184011,71.92183885873521,7766140
3161,2020-08-11,71.92182922363281,74.15858332964717,71.39314409587809,72.45051435138754,21833550
3162,2020-08-12,72.40985870361328,72.97921325548202,70.43744693822339,71.65749477050754,19435650
3163,2020-08-13,72.69454193115234,73.3249033629482,71.73883657816201,73.18256332893066,10641012
3164,2020-08-14,71.33216094970703,73.46724512246045,70.80347564665819,73.46724512246045,17130105
3165,2020-08-17,72.65387725830078,74.21960670172832,71.41349727308464,71.57616924419689,17368089
3166,2020-08-18,72.2878646850586,73.16223136523537,71.79984876672103,73.1418994371331,13890131
3167,2020-08-19,72.12518310546875,72.95888030240856,72.00318052113141,72.59286703341026,12400644
3168,2020-08-20,73.69092559814453,76.49703518601846,71.75918273110263,72.06419476274083,44062975
3169,2020-08-21,76.9037094116211,77.47306403800943,74.26027209568764,74.42294405808622,49949864
3170,2020-08-24,75.33798217773438,77.53407303803141,74.9923008003923,77.12739036256704,19724617
3171,2020-08-25,75.13463592529297,75.96833866505281,74.42294128978372,75.84633056080222,10109220
3172,2020-08-26,75.37865447998047,77.12739336207841,74.87030111587997,76.04967981739573,18000615
3173,2020-08-27,75.3176498413086,76.31402459717974,75.11430850468075,76.00901259223798,10363056
3174,2020-08-28,74.13826751708984,75.94800201377849,73.93492619054146,75.84633135050431,12114955
3175,2020-08-31,72.77589416503906,75.3786625652132,72.38954336048728,74.6262984024473,24259718
3176,2020-09-01,73.36556243896484,74.1382638544644,72.63353590594932,72.81654529719631,16505345
3177,2020-09-02,75.3790054321289,76.16940206233261,72.90381019408422,74.02700926597822,30959608
3178,2020-09-03,74.25581359863281,75.48301249524171,73.90221343839418,75.04621030588375,11884498
3179,2020-09-04,72.82061767578125,74.04781087547453,72.25901811006278,73.71501405848713,17373558
3180,2020-09-07,73.2781982421875,73.61100063954359,71.98860658475881,72.82060411463247,13069001
3181,2020-09-08,72.75820922851562,73.21580905780193,72.27981171522111,73.15341036343223,9597878
3182,2020-09-09,72.90380096435547,74.02699989405083,72.13420211566378,72.79980127243347,20122483
3183,2020-09-10,73.88142395019531,74.23502414966956,72.44622546388365,73.21582457042257,19635358
3184,2020-09-11,72.86221313476562,74.17261400381767,72.42541660664521,74.08941197829691,31182063
3185,2020-09-14,71.34381103515625,73.83980383194185,71.03181193555805,73.83980383194185,14143608
3186,2020-09-15,72.0926284790039,72.34222330096046,71.13582763956806,71.48942782713466,7858789
3187,2020-09-16,71.53099822998047,72.15499630249585,71.05260083618742,71.96779462380375,13201491
3188,2020-09-17,70.01261901855469,71.30221654322231,69.8462206120304,71.28141885828627,10765947
3189,2020-09-18,71.51021575927734,71.96781560768115,69.59661998380847,70.3454212745634,23788415
3190,2020-09-21,70.9278335571289,71.42703452348749,69.74223549378713,71.13583301938723,13331596
3191,2020-09-22,70.22061920166016,70.90702180485566,69.26382412197158,70.22061920166016,9039386
3192,2020-09-23,68.1822280883789,70.67822121674295,67.72462821970971,70.67822121674295,8404497
3193,2020-09-24,66.28943634033203,68.66062645491527,65.93583618116254,67.4958319048406,20770480
3194,2020-09-25,66.871826171875,67.59982409522473,66.43502403245814,66.97582587521067,8761400
3195,2020-09-28,69.95024108886719,70.32463902528787,66.97584964626544,66.97584964626544,16915185
3196,2020-09-29,67.9326171875,70.47021093909302,67.59982041189701,70.30381255129154,13468026
3197,2020-09-30,67.57901000976562,67.9118123928607,66.68461383194636,67.78700938332099,14349950
3198,2020-10-01,68.47341918945312,69.05581636953539,67.72461797876616,68.53581787975753,14856837
3199,2020-10-05,67.74541473388672,69.22220804470015,67.45421335091362,68.22381216961894,10360105
3200,2020-10-06,67.89102172851562,68.39022257506315,67.32942782908111,67.84942635992431,8989183
3201,2020-10-07,66.3934326171875,67.89102392049202,66.14383218585496,67.80782753827808,17614061
3202,2020-10-08,65.85262298583984,67.01742298074812,65.72782560604541,66.64301955667547,12953710
3203,2020-10-09,65.72783660888672,66.28943619666279,65.18703470710969,66.01903242460146,11980039
3204,2020-10-12,66.47663116455078,67.72462771951547,65.95663259998216,66.22703072508874,20670634
3205,2020-10-13,66.74702453613281,67.39182609568438,66.22702600859694,66.55982845162698,11179799
3206,2020-10-14,65.33263397216797,66.89262965750869,65.02063483509983,66.74702893174113,13362234
3207,2020-10-15,64.79183197021484,65.332628169496,64.31343446433613,65.14543208928868,15536883
3208,2020-10-16,66.12303924560547,67.05903677837642,64.62544770704893,64.93744688463926,18673957
3209,2020-10-19,66.4558334350586,67.5582292627476,66.31023270860635,66.53902981992736,18793008
3210,2020-10-20,65.39502716064453,66.72622562356761,65.27022977327144,66.55982722628849,13701957
3211,2020-10-21,68.11984252929688,69.11823884476902,65.41584945195538,65.56145020766618,36573148
3212,2020-10-22,68.68143463134766,69.01423148561864,67.05903445032499,67.45423565182458,39056262
3213,2020-10-23,70.78221130371094,71.30220980139786,68.51502123920278,68.68141962999364,29149043
3214,2020-10-26,71.57262420654297,71.94702205223652,70.57422242823264,70.74062084383581,36760149
3215,2020-10-27,72.17581176757812,72.9454107084679,71.34381413252864,71.57261686757428,23610507
3216,2020-10-28,71.90540313720703,72.61260328039812,71.36460701053919,72.61260328039812,14060472
3217,2020-10-29,71.38540649414062,72.09260665519076,70.82380703005309,71.15660942915967,17654072
3218,2020-10-30,71.13581085205078,71.55180964693392,70.42861064381154,70.92781145460921,22904945
3219,2020-11-02,71.98863220214844,72.55022622078273,71.53103226941062,71.78063274566273,13423596
3220,2020-11-03,74.8590087890625,75.17100791217345,72.32141479262434,72.38381348877748,27441682
3221,2020-11-04,73.67340850830078,74.8798039485111,72.65420915023711,74.85900626460983,19461431
3222,2020-11-05,74.48461151123047,74.79661063660936,73.46541211138798,74.04780935029285,10248002
3223,2020-11-06,74.2350082397461,74.6510070576546,73.67340870710059,74.15180621922636,8815864
3224,2020-11-09,76.56461334228516,76.83501148287002,74.50541665178143,74.83821349521729,15228920
3225,2020-11-10,77.3342056274414,77.72940113916815,75.5246095489379,76.25260751734255,13815795
3226,2020-11-11,78.8941879272461,79.45578175113252,76.50218936480445,76.50218936480445,15502357
3227,2020-11-12,78.831787109375,79.43498760781362,77.85419447323225,79.2477858966169,26079694
3228,2020-11-13,78.56140899658203,79.01900890733974,77.45901305862897,78.45740927333465,11968619
3229,2020-11-14,78.20779418945312,78.99819645225786,77.7917953742275,78.62379300467876,1162700
3230,2020-11-17,77.70862579345703,78.72781985680938,77.31342452577435,77.79182219978439,16872514
3231,2020-11-18,77.12620544433594,78.91499817776848,76.85580168772924,77.70860268482477,16685757
3232,2020-11-19,78.95660400390625,82.0349944419114,74.214212482218,74.25581349672056,64832376
3233,2020-11-20,79.80938720703125,80.703789133864,78.66539051603984,80.49578973550193,27479934
3234,2020-11-23,81.01579284667969,81.49419036169664,79.24779221753857,79.87179609051756,20909280
3235,2020-11-24,80.91178131103516,82.24297395633967,80.39178286153864,81.11978069083376,15308572
3236,2020-11-25,81.24459838867188,82.13899481710949,80.51660037723614,80.91180155466812,19854793
3237,2020-11-26,82.22217559814453,82.84617373240131,80.22537818311625,81.18217870771655,24879552
3238,2020-11-27,80.0381851196289,82.22217867115323,78.49898740733113,82.22217867115323,46793847
3239,2020-12-01,80.01738739013672,81.72298360190175,79.72619161498089,81.05738439214652,18193922
3240,2020-12-02,80.76618957519531,81.2029860642836,78.85259394032556,80.22538774232727,15836732
3241,2020-12-03,80.47499084472656,81.16138776867544,79.45579147965285,81.1197924005868,21308517
3242,2020-12-04,80.84939575195312,81.93099390646167,80.18380209595918,80.78699705199689,14838659
3243,2020-12-07,80.49578857421875,82.05578403942883,80.07978978349607,80.28778917885741,22078115
3244,2020-12-08,79.70539093017578,80.9533873739337,79.49739152288281,80.70379259905813,15896364
3245,2020-12-09,80.1629867553711,81.01578766813326,79.49738755677117,80.24618877107537,18701467
3246,2020-12-10,80.18378448486328,81.28618008311834,79.66378038651708,80.28778417606365,13612880
3247,2020-12-11,80.32938385009766,81.22378575630057,79.93418838773198,80.70378727238942,14876364
3248,2020-12-14,80.82858276367188,81.9517817196232,80.20458459755325,81.53578294221079,20316890
3249,2020-12-15,80.20458984375,80.99498644406465,79.60138932010874,80.87018905961573,16084083
3250,2020-12-16,81.61898040771484,81.88937848819307,80.1005859782497,80.99498223322139,35024972
3251,2020-12-17,82.51543426513672,83.41187809349967,81.78974026362954,82.51543426513672,23058726
3252,2020-12-18,82.77155303955078,83.15574155632234,81.98182866125089,82.51542543173791,20310375
3253,2020-12-21,79.18577575683594,82.47273408131727,78.73755679890455,82.38736207451362,21609326
3254,2020-12-22,81.23480224609375,81.55496034410662,78.97234821286504,79.16444538763123,23934507
3255,2020-12-23,81.08539581298828,81.8324313919451,80.67985989702464,81.74705358124866,9836093
3256,2020-12-24,81.10674285888672,82.06722302957651,80.8719625484293,81.2134622345304,12945145
3257,2020-12-28,81.76841735839844,82.08857552799424,81.10675366729531,81.19213149514651,6879688
3258,2020-12-29,80.97866821289062,82.23795894822356,80.67985169572479,81.78973417247482,8549660
3259,2020-12-30,81.1921157836914,81.38421296423522,79.74073352035968,81.10673797236163,19132583
3260,2020-12-31,81.0427017211914,81.5336096265388,80.27432463368207,81.32017090335334,23272111
3261,2021-01-01,80.89329528808594,81.06405090241628,80.46641783205217,80.67985656006906,3074621
3262,2021-01-04,80.44507598876953,81.27748934102983,80.25297881827991,81.10673372730749,7133203
3263,2021-01-05,80.25299835205078,80.89331468967598,79.48462106285952,80.89331468967598,10478882
3264,2021-01-06,83.7320327758789,84.35100159672953,79.82609952512655,80.25297696980803,54265234
3265,2021-01-07,84.1162338256836,86.14390198942256,83.45457600400117,84.5217697743901,40129922
3266,2021-01-08,86.89093017578125,87.08302735393318,84.32966534653572,84.84192062834333,29487917
3267,2021-01-11,86.89093017578125,87.5099048254741,85.99448632756607,87.08302735393318,12726089
3268,2021-01-12,86.95494842529297,87.40317318139337,85.3541581318532,85.82372444257462,31454127
3269,2021-01-13,87.5099105834961,88.19291574088155,86.48539995246959,86.99765526798285,23792586
3270,2021-01-14,87.55256652832031,88.57707684137503,86.91225047760854,87.91541344836929,12024674
3271,2021-01-15,86.6561508178711,87.83006387728138,86.44271207979651,87.06168094627503,13530190
3272,2021-01-18,83.561279296875,86.22926320930452,83.04902406973028,85.90910513981298,26118654
3273,2021-01-19,85.22611236572266,85.3755206443002,83.34785257903823,83.47591350930672,19382828
3274,2021-01-20,83.7320327758789,85.631633930774,83.30515533119741,85.37551209588183,21158179
3275,2021-01-21,83.30516052246094,84.3936957582738,82.87828305117806,83.86009891917018,12509109
3276,2021-01-22,82.8996353149414,83.79607927838688,82.3873857571847,83.24114081000954,16720401
3277,2021-01-25,81.1921157836914,84.0095082889214,80.93598813959844,83.00634506033013,9393599
3278,2021-01-27,82.1098861694336,82.96364096685255,80.80791241932779,81.10672312448726,18874916
3279,2021-01-28,79.95417022705078,81.51227182000319,79.31385402803777,81.51227182000319,16072463
3280,2021-01-29,78.73756408691406,80.67985413759041,78.11858947829191,80.55179322058383,13415015
3281,2021-02-01,80.6371841430664,80.87196445907064,77.90516343012547,78.73757689577104,9485240
3282,2021-02-02,82.8996353149414,83.51861004419821,80.76524768287932,81.53362491446286,10803602
3283,2021-02-03,88.15022277832031,89.64429395829887,83.02769301839383,83.02769301839383,73411707
3284,2021-02-04,87.6593017578125,88.64112335412322,87.16839385460509,88.15021545091581,23523019
3285,2021-02-05,88.40635681152344,88.91860635058752,85.90912221515853,87.78738210485378,28755118
3286,2021-02-08,90.73282623291016,91.09567323695335,87.8087144331215,88.15021987982527,28436890
3287,2021-02-09,89.9644546508789,92.82453616489997,89.6442965316928,89.6442965316928,27738169
3288,2021-02-10,89.83637237548828,91.35179068453581,88.36364875614949,89.87906127530148,34189378
3289,2021-02-11,91.24507904052734,91.6932980517034,88.9399419446722,89.15338067187908,20504448
3290,2021-02-12,90.77550506591797,93.48617783197795,89.87906132888848,93.48617783197795,25066544
3291,2021-02-15,90.69012451171875,91.97076251850385,90.3059360046309,91.35178796438232,8599603
3292,2021-02-16,96.28223419189453,98.13915813407269,91.05298518495024,91.09567408992496,80200957
3293,2021-02-17,98.20317840576172,98.69409210612648,94.85219504870754,96.26088832046942,39034960
3294,2021-02-18,100.95655059814453,101.72492777220454,97.5415306425062,98.60872437864319,44291912
3295,2021-02-19,99.12096405029297,100.7857906479353,97.64823461080803,99.67590238957663,36335681
3296,2021-02-22,96.02610778808594,99.84666327895994,95.44982207299657,99.22768866092025,25800846
3297,2021-02-23,96.51701354980469,97.79764008054894,95.89803894553697,96.36760528775083,18293559
3298,2021-02-24,95.08697509765625,97.41345951490528,94.59606718839062,96.5383572689226,11421326
3299,2021-02-25,97.13599395751953,99.37709486263977,94.25456527403082,95.49251455652826,30696079
3300,2021-02-26,91.47986602783203,97.00793178352674,90.15654466420162,94.55338624078676,38070699
3301,2021-03-01,97.00791931152344,97.66957701332316,92.80317546004984,92.84586436111015,31441940
3302,2021-03-02,96.06880187988281,97.90437280745181,95.34311360637963,97.75497031489593,18223787
3303,2021-03-03,97.11466217041016,98.24589226772864,95.49252985673769,98.18185600569392,19350542
3304,2021-03-04,96.11148071289062,98.16049596481702,95.21503690204133,95.21503690204133,22865747
3305,2021-03-05,94.01979064941406,96.47433622519844,93.63560206509668,96.47433622519844,17342685
3306,2021-03-08,95.71538543701172,97.34578567029205,94.34585042045457,94.71540898606308,15749448
3307,2021-03-09,93.91108703613281,96.5632062110581,92.71546007093627,95.86756752463623,12585004
3308,2021-03-10,93.54154205322266,95.19368491119384,93.04155370163662,94.78064772245278,10661165
3309,2021-03-12,95.67192077636719,96.04147939550717,93.65022537365046,93.78066094940174,18173078
3310,2021-03-15,97.45449829101562,98.4762171519834,95.54149615173138,96.0849630036299,30092241
3311,2021-03-16,97.5849380493164,98.78056517465393,97.17190086540262,97.88927596120652,14767699
3312,2021-03-17,95.8458251953125,97.82404187294532,95.36757325985424,97.80230556101206,12571132
3313,2021-03-18,96.10668182373047,97.17187901834109,95.71538694099307,96.08494551240848,14232655
3314,2021-03-19,100.08487701416016,100.91093951651828,95.2806267153448,96.47625373721851,70334403
3315,2021-03-22,97.19361877441406,101.91091743374277,96.6066793780014,101.91091743374277,29180881
3316,2021-03-23,95.21540069580078,97.38926775305725,94.99801399007514,97.19361735910745,38455903
3317,2021-03-24,96.10668182373047,97.34578719989197,94.3023733832807,94.36758821423831,24398959
3318,2021-03-25,94.08501434326172,97.12842905464252,93.62850449535196,96.10671007928029,20272124
3319,2021-03-26,93.30240631103516,96.51972863314249,92.23720900917215,95.36758018024496,25184863
3320,2021-03-30,96.23713684082031,97.2588557223766,93.65023221485791,94.30239245027772,53328751
3321,2021-03-31,93.75891876220703,96.12843647053943,93.32414530357667,95.60670596138603,20694060
3322,2021-04-01,95.08496856689453,95.36757009761548,93.36761127737306,94.19367955832337,11229344
3323,2021-04-05,93.10675048828125,95.21540275890823,92.75893411038052,93.56326611839188,14484908
3324,2021-04-06,90.95462036132812,95.21540345522715,90.65028250268732,93.56326680262856,25301732
3325,2021-04-07,91.54157257080078,93.99804731964714,91.10679911394195,91.69374446009986,22841720
3326,2021-04-08,90.86767578125,92.82415633086607,90.65028905351487,92.15025393669177,20468881
3327,2021-04-09,90.56332397460938,91.93285905852416,90.43289430832868,91.04157591262505,11773021
3328,2021-04-12,87.4547119140625,89.84596616352901,86.30256331871814,89.84596616352901,18544315
3329,2021-04-13,90.75898742675781,91.04158900901298,88.01991096791855,89.1938017212772,19831072
3330,2021-04-15,90.345947265625,91.91113291918725,90.01986716684088,90.38942579152805,10159348
3331,2021-04-16,91.23723602294922,93.38936112766591,90.1068238391928,90.21551720499644,22020846
3332,2021-04-19,87.47643280029297,89.99812219312541,86.95470823063216,89.49812803883653,18404990
3333,2021-04-20,88.56336212158203,89.4329089264108,87.67207900542921,89.12857108291574,14467660
3334,2021-04-22,88.45468139648438,89.08510527876494,87.47644110142369,88.69381034013917,11626459
3335,2021-04-23,91.80244445800781,92.56329806249046,88.69381519623441,88.82424488392002,38318040
3336,2021-04-26,93.82412719726562,94.10673464367882,90.51984795782312,90.51984795782312,19139358
3337,2021-04-27,94.1937026977539,95.86758187906041,93.82414403741458,93.93283741416184,15270611
3338,2021-04-28,96.04146575927734,96.38928801490357,94.04150695464922,95.12844044662194,16383579
3339,2021-04-29,95.71538543701172,97.23709232140669,95.23713352251784,96.99796931265554,14761969
3340,2021-04-30,95.67192077636719,96.65016105803583,94.1936921967997,94.67194418056954,16897105
3341,2021-05-03,95.99800109863281,96.8892902289134,94.23717094623726,94.56325104090253,15528063
3342,2021-05-04,94.80238342285156,96.38931142412827,94.21544391223475,96.25887583521883,20857434
3343,2021-05-05,94.86759948730469,95.80236129192151,94.25891189639816,94.80237874756989,23178237
3344,2021-05-06,93.65023040771484,95.38932433527552,92.86764049910964,94.9762930656755,18823613
3345,2021-05-07,93.2806625366211,94.25890277405647,92.82415278461478,94.0632582647647,12509591
3346,2021-05-10,95.58496856689453,95.71539824421247,93.45457982308318,93.65022433906009,17845577
3347,2021-05-11,97.12841033935547,97.91100608111132,94.95454310724301,95.65018180091745,22995780
3348,2021-05-12,98.23709106445312,102.17178859198076,96.97624328936277,97.12841518259704,55645370
3349,2021-05-14,99.4979248046875,99.9979189993383,97.32406341012845,99.01967871814013,18820793
3350,2021-05-17,99.30227661132812,100.43268277637472,98.73706763181296,100.41094646435145,10996347
3351,2021-05-18,101.345703125,104.28043550550775,99.34575010955501,100.38921103569038,52885042
3352,2021-05-19,101.62832641601562,103.47611374016188,100.60661343672902,101.82397684442824,28081040
3353,2021-05-20,99.54141235351562,102.1500531853151,99.30228930273105,101.7370160281498,10707136
3354,2021-05-21,99.10663604736328,99.67183918595948,98.25882544247654,99.15010867572263,21702883
3355,2021-05-24,100.43269348144531,101.91092797236318,99.30228719590929,99.56314655596067,22028927
3356,2021-05-25,101.25877380371094,101.93267035226512,100.49792019863685,101.30224643497803,9165363
3357,2021-05-26,98.08491516113281,101.65005391561859,97.80231359781874,101.38919456301628,18322114
3358,2021-05-27,99.2588119506836,99.82401514571012,97.06320811962702,98.56317906357188,51194207
3359,2021-05-28,98.01969909667969,100.43268935700907,97.73709163990893,100.43268935700907,15307498
3360,2021-05-31,98.10664367675781,98.51968078053474,97.2805753661958,98.2588155516752,13102261
3361,2021-06-01,97.56318664550781,99.12837227790529,97.34579991592463,98.38925503852545,15733731
3362,2021-06-02,98.88925170898438,99.1935954968144,97.43275940492802,97.47623793133124,7995532
3363,2021-06-03,98.3892593383789,100.62834746853342,98.10665775696886,99.58488640333832,10291328
3364,2021-06-04,98.32402038574219,99.19357302584356,97.73707515474462,98.25880555940718,6142487
3365,2021-06-07,102.71525573730469,103.38915225610117,98.65012261887432,98.82403082724187,18058790
3366,2021-06-08,101.75874328613281,103.88913782675196,100.88919641959181,103.88913782675196,22511761
3367,2021-06-09,105.25867462158203,106.73689715880008,101.6500458355278,102.60654970901226,39865778
3368,2021-06-10,105.06302642822266,107.82383295862782,104.4543389157947,107.82383295862782,32690784
3369,2021-06-11,107.08472442626953,108.17165807626036,106.08474782707495,108.17165807626036,29142097
3370,2021-06-14,108.12818145751953,108.60642752827245,105.258681445033,107.80210137455586,18732629
3371,2021-06-15,107.64994812011719,109.34555767570241,107.41081326247023,108.93252049629551,15026686
3372,2021-06-16,105.28042602539062,107.60645941558529,104.7586954928839,107.32386373121716,30706682
3373,2021-06-17,104.28044891357422,106.10648807812198,102.93264406118735,106.10648807812198,22261167
3374,2021-06-18,101.30225372314453,106.51953596186581,100.04140579785894,106.08476244197237,49278209
3375,2021-06-21,102.10657501220703,102.36743436363048,99.30228391147435,100.82399098074183,11719831
3376,2021-06-22,101.75874328613281,103.04132727307764,100.88919641959181,100.88919641959181,10961545
3377,2021-06-23,100.97615051269531,102.60655083978995,100.86745715755568,102.49785748465031,10721151
3378,2021-06-24,100.49790954589844,101.28049938365186,99.17184111100063,100.9761556150854,12964208
3379,2021-06-25,100.36746215820312,101.21527267992501,99.73705013890734,100.62833328472418,7736431
3380,2021-06-28,100.80224609375,101.08485356180847,100.30226368854996,100.86746683068195,9989595
3381,2021-06-29,102.60655212402344,103.43262635101748,100.71529243851602,101.12831775802904,61089570
3382,2021-06-30,101.0413818359375,103.30220621864993,100.86746773188844,103.106555800091,17437744
3383,2021-07-01,100.34574127197266,101.28050897956696,100.0848818993343,101.10659486848435,15924813
3384,2021-07-02,99.10663604736328,100.47616536850197,98.95445826013571,100.34573568943898,9549992
3385,2021-07-05,100.12833404541016,100.38920515866388,99.28052356680601,99.69356065063707,6849185
3386,2021-07-06,99.47618103027344,100.21529821276724,99.25879431742139,99.7370521620863,5343938
3387,2021-07-07,100.41096496582031,100.62835171407545,99.47619723072883,99.47619723072883,7228897
3388,2021-07-08,100.49790954589844,101.36745643095433,99.80226496146305,100.04138799605653,8740010
3389,2021-07-09,100.10660552978516,100.62833600293672,99.99791217262792,100.45442191389151,2990856
3390,2021-07-12,99.56314086914062,100.75876782339051,99.21532447761025,100.30225807238287,5578309
3391,2021-07-13,99.41098022460938,100.82399397373204,99.25880243677443,100.17183378182928,8264289
3392,2021-07-14,99.97618865966797,100.62834888610567,99.32402843323027,99.41098548888574,9228746
3393,2021-07-15,100.17182159423828,100.62833131423112,99.69356376864006,100.43268092166747,5376823
3394,2021-07-16,101.67178344726562,102.82393773137088,100.21529720341985,100.71529135553735,15903784
3395,2021-07-19,101.3674545288086,102.01961468036282,100.65007364450524,101.67178649767985,13725925
3396,2021-07-20,100.56311798095703,102.73698518268174,100.41095199443005,102.12830944258945,14178067
3397,2021-07-22,101.41094207763672,101.95440895057168,99.43272501895062,101.95440895057168,10378326
3398,2021-07-23,101.30225372314453,101.7152909258406,100.88921652044846,101.62833386306461,6660369
3399,2021-07-26,101.17180633544922,102.32396067930003,100.88919887933955,101.49788641835215,12963701
3400,2021-07-27,100.80224609375,102.10657827449418,100.2805273742343,101.30224029293501,10832912
3401,2021-07-28,99.17182922363281,101.04136423759617,98.86749138853845,100.86745016383766,13828088
3402,2021-07-29,97.04143524169922,100.60657984798625,96.89651076009393,99.1283454180185,28609665
3403,2021-07-30,99.21530151367188,100.40367517504048,97.50519146774185,97.99793234167441,34142169
3404,2021-08-02,99.12835693359375,99.70805492735747,98.14286916479686,99.41820593047561,9575755
3405,2021-08-03,101.12830352783203,101.56307699406345,99.18631773746209,100.0268868485672,20959435
3406,2021-08-04,101.5920639038086,102.3746537633862,100.78048442966025,101.82394543842024,23323277
3407,2021-08-05,101.56306457519531,101.88190312903897,100.43265841881082,101.59205418699334,6621382
3408,2021-08-06,101.4471435546875,102.31669049944198,101.18628418885527,101.73699253627233,5340311
3409,2021-08-09,102.28771209716797,102.60655072945865,100.89644626822896,102.60655072945865,16415005
3410,2021-08-10,100.05586242675781,102.08480522368389,99.33123999928421,102.08480522368389,11925263
3411,2021-08-11,102.22972869873047,102.60653471608931,100.02688361737474,100.25875335668661,31279965
3412,2021-08-12,108.40350341796875,108.80928721584367,102.20074082768909,102.606524625564,58107755
3413,2021-08-13,107.09920501708984,108.5774396280189,106.43254996129859,106.78036640093309,26776843
3414,2021-08-16,104.75141143798828,106.83833342525175,104.57750913503939,106.66441932831826,21308655
3415,2021-08-17,106.22964477539062,106.51949373794285,104.92532444390561,104.95431405775463,15962459
3416,2021-08-18,104.6934585571289,107.82383017919305,104.43259916945117,106.49052003465154,25227527
3417,2021-08-20,103.53404998779297,104.37461907931574,102.63552525490493,102.7804497402725,18720467
3418,2021-08-23,101.82393646240234,104.28765248825104,100.98336744778138,104.0557709740803,13112745
3419,2021-08-24,102.37467193603516,103.93986372701418,101.70801682843225,102.780467642135,11029463
3420,2021-08-25,101.73700714111328,102.86741361397532,101.4761477378334,102.72248910237829,12001351
3421,2021-08-26,100.34571075439453,101.67902072999155,99.47616384700119,101.67902072999155,12115246
3422,2021-08-27,101.07032775878906,101.36017671238123,99.56311555890666,100.75150098622817,8051699
3423,2021-08-30,101.73700714111328,102.22974812174579,100.17182713346016,101.56309300960207,14512401
3424,2021-08-31,101.65003204345703,102.63552562389033,101.41815050723832,101.73698909378716,43248333
3425,2021-09-01,101.82393646240234,103.07028928133431,101.24423857396737,103.07028928133431,11817591
3426,2021-09-02,101.88191223144531,102.08480415020745,100.98337571323272,101.67902031268319,13545023
3427,2021-09-03,101.7659683227539,102.49059067824493,101.09931339690543,102.02682765313722,12286475
3428,2021-09-06,100.92540740966797,102.22972775417713,100.28774204448263,101.85292174029979,13950485
3429,2021-09-07,100.28775787353516,100.95441295808138,99.96891924362586,100.92542333936728,12485031
3430,2021-09-08,101.96903228759766,102.41147820033133,100.40572699657274,101.02515007418853,25370295
3431,2021-09-09,102.35248565673828,102.7359411734542,101.40860346320831,101.7035673988185,5078350
3432,2021-09-13,102.58846282958984,102.82443638683642,101.8805421578501,102.79493519138798,7522483
3433,2021-09-14,102.7064437866211,103.29637167971153,102.35248945118958,102.58846300884849,8434427
3434,2021-09-15,104.94816589355469,105.59708412181368,102.49996293946998,102.64744490053397,20064238
3435,2021-09-16,105.86255645751953,107.1604050339252,105.1841489767524,105.56759250862467,16214883
3436,2021-09-17,105.47911071777344,106.42299293405702,104.26975375177308,105.92155663185451,21219226
3437,2021-09-20,104.417236328125,105.71507288277037,103.2963709388693,104.53521710505144,7833069
3438,2021-09-21,103.768310546875,105.24313016237318,103.50283581481767,103.85680212422743,9481007
3439,2021-09-22,104.2697525024414,104.6826972164572,103.70932581883235,103.70932581883235,9165634
3440,2021-09-23,105.15464782714844,105.44961177617269,104.41723795458779,104.41723795458779,10295913
3441,2021-09-24,103.9157943725586,105.89205029235545,103.70932202310752,105.18414166506233,7093411
3442,2021-09-27,103.82730102539062,104.50572044955862,103.29636356290641,104.12226494875821,5205649
3443,2021-09-28,108.5172348022461,111.43738517304598,103.88630308533122,104.3287490201087,38873626
3444,2021-09-29,115.06543731689453,115.80284716383153,107.63233645807887,108.2517655303513,53686662
3445,2021-09-30,112.02731323242188,116.80572693383786,111.2899033401628,115.00644199588007,23618199
3446,2021-10-01,113.17765808105469,114.15104145512566,111.87982158370211,112.5582410263645,16994903
3447,2021-10-04,113.05966186523438,113.88556316078183,112.11577981408506,113.26613418859337,10757286
3448,2021-10-05,112.0567855834961,115.0949162833624,111.70283128883773,113.05967008749252,17200858
3449,2021-10-06,110.67048645019531,113.35466355525425,110.16905006851272,113.2366707581954,8929507
3450,2021-10-07,111.08342742919922,113.0006930879467,110.67047070143151,112.67622794485162,6733699
3451,2021-10-08,110.72947692871094,112.17480767946032,110.31653214399138,111.49638810275064,8165175
3452,2021-10-11,114.12154388427734,115.09492728925136,111.67335277755117,112.08629749378817,12982042
3453,2021-10-12,114.06256103515625,114.82947213269838,113.05968837109126,114.3870261922966,8539966
3454,2021-10-13,117.6316146850586,120.64024429392212,114.5344934990288,115.09492015089386,33075614
3455,2021-10-14,120.72874450683594,121.49564355887019,116.95320362861676,118.10355820772493,19185455
3456,2021-10-18,120.227294921875,123.85534142540764,119.25391161517335,123.76686185379934,38546365
3457,2021-10-19,117.1891860961914,120.81724527853717,116.21580260793554,120.34529813207538,16174177
3458,2021-10-20,114.65248107910156,118.13305797157054,114.06255319909373,117.98557600156857,21909934
3459,2021-10-21,114.47550964355469,116.4222644416731,114.15104450947825,115.77334617563362,16946547
3460,2021-10-22,114.71145629882812,116.21577699478301,112.82369213326015,115.566858813001,7705870
3461,2021-10-25,113.64960479736328,115.03593286998927,112.38125749606644,114.71146774566459,7862419
3462,2021-10-26,112.322265625,113.82657444906141,111.90930892658308,113.6201021009094,8525850
3463,2021-10-27,112.23377227783203,113.17765442744646,111.23089974426284,112.17478189387727,9862679
3464,2021-10-28,109.66761779785156,112.73523860252767,109.28416219673807,112.49926500167969,11095238
3465,2021-10-29,109.16614532470703,111.28988302634303,106.95391605172955,110.25750936562021,12988035
3466,2021-11-01,110.75897216796875,111.20141812869299,108.87120753639124,108.90069673250396,5475153
3467,2021-11-02,109.4316177368164,112.8237029227285,109.22514538679218,111.28989289126041,10946890
3468,2021-11-03,108.5172348022461,110.49350291261017,107.95680808570692,109.43162786829855,13957727
3469,2021-11-04,109.16614532470703,109.63808036834173,108.6941982789604,109.10714294240475,830214
3470,2021-11-08,111.58487701416016,112.29278577152971,108.90069997174653,110.67048386728558,11947323
3471,2021-11-09,110.0510482788086,112.29276696988195,109.31363844580162,112.29276696988195,10381150
3472,2021-11-10,108.78270721435547,110.02155340454689,108.28127089952963,109.69708825854049,13857851
3473,2021-11-11,107.45536804199219,109.28414210870568,106.59996539641831,109.13666013554953,8851354
3474,2021-11-12,107.36688232421875,108.36975499563219,106.36400965280531,108.36975499563219,9590673
3475,2021-11-15,111.08342742919922,111.34889018110337,107.36687688985862,107.48485766801296,24821341
3476,2021-11-16,110.67048645019531,112.88271637124978,110.02156807377575,111.4963880211454,23206330
3477,2021-11-17,112.70572662353516,114.32802829855424,110.31651390129802,110.31651390129802,18359498
3478,2021-11-18,113.56110382080078,114.71145825346537,112.70571329416425,113.1776483425419,10742933
3479,2021-11-22,114.56398010253906,116.21578283196014,113.26614367378856,114.68197287013341,25095721
3480,2021-11-23,119.07695007324219,119.40141523505163,113.94458189157181,114.0035722840514,19671538
3481,2021-11-24,119.93232727050781,122.38051805371305,119.16541632499722,119.28339708487029,18120478
3482,2021-11-25,120.49280548095703,120.93525152311477,118.72302131232608,119.51942178778661,18537454
3483,2021-11-26,119.16545104980469,120.90573377666607,118.45754228005794,120.37480820041371,12814537
3484,2021-11-29,118.13307189941406,120.34530171026451,117.10069798768384,117.3956619624639,16066147
3485,2021-11-30,121.96759033203125,123.5898920172215,118.16256027124861,118.16256027124861,37739647
3486,2021-12-01,122.2330322265625,123.14742509397314,120.75821276435924,122.11505147043086,20332817
3487,2021-12-02,126.53954315185547,127.4244350620083,121.82011963104034,123.29493948129506,33758843
3488,2021-12-03,121.58412170410156,127.6898722608932,121.23016741135218,125.74311764971547,47614182
3489,2021-12-06,119.16545104980469,122.70501890276918,118.78199546531046,122.32156331827495,11322446
3490,2021-12-07,121.40716552734375,122.08557300454233,119.25392631131498,119.51938906307845,8049102
3491,2021-12-08,120.81724548339844,122.49853769208333,120.0798355671231,121.02371785953264,8788449
3492,2021-12-09,119.87337493896484,121.79064110114196,119.22445648449751,121.2302142545831,5755422
3493,2021-12-10,119.54889678955078,120.49277907219034,119.07694964717379,120.49277907219034,6164402
3494,2021-12-13,120.58126068115234,123.67838204110258,120.16830396522425,121.230178946624,21648126
3495,2021-12-14,125.21219635009766,125.7431338587187,119.87334407236929,120.40428158099034,48042035
3496,2021-12-15,123.79634094238281,127.2179268315679,122.58699620725334,125.71360620740123,15207306
3497,2021-12-16,122.82299041748047,124.94674057049758,121.70213695041691,124.71076699770518,13410737
3498,2021-12-17,123.85535430908203,124.1798194457715,120.96471728234395,122.82298051321457,15209414
3499,2021-12-20,123.79634094238281,125.44814351001243,122.41001307425329,124.3272783392717,22539246
3500,2021-12-21,121.87911224365234,124.91724359091457,120.81724913340466,124.74026040481584,17566511
3501,2021-12-22,123.06980895996094,123.95519826406392,120.90211456297861,122.00122966458107,14750231
3502,2021-12-23,127.22199249267578,127.98526340086683,123.37511456921044,123.64988712694758,15932489
3503,2021-12-24,125.42070007324219,127.43572816977638,125.08485584563752,127.13041975305624,8975969
3504,2021-12-27,125.84810638427734,126.55031811293567,125.17643046152865,125.42067963971797,8648187
3505,2021-12-28,125.54278564453125,127.405171468771,124.13837474865441,126.1839381212113,15736206
3506,2021-12-29,124.93217468261719,125.72598136403482,123.77200046478701,123.95519044450756,17172943
3507,2021-12-30,125.3901138305664,129.08434915627456,123.13083742472878,124.93215138967827,87481206
3508,2021-12-31,124.81006622314453,125.90916891966616,124.29104447009018,124.5658170384632,9842223
3509,2022-01-03,125.17642974853516,126.36712740376078,124.65740801223244,125.42067892533326,7410054
3510,2022-01-04,128.59585571289062,130.0613380629945,125.4817134833116,125.9702117410218,14784090
3511,2022-01-05,127.40519714355469,129.05385752578826,127.03882955006173,128.22952733467147,9565107
3512,2022-01-06,125.75653839111328,127.43573477004456,124.96274392034674,126.85565371744471,5615931
3513,2022-01-07,125.29854583740234,127.3135859804045,124.87111910308259,126.36712509623068,11908249
3514,2022-01-10,124.56584167480469,126.5503465054082,124.22999742656667,126.5503465054082,11085710
3515,2022-01-11,124.47421264648438,125.66492267329949,124.26049928465459,124.9016517931726,7208789
3516,2022-01-12,125.1458969116211,126.21447621531202,124.77952934924723,125.78704946304744,11018139
3517,2022-01-13,127.00828552246094,129.14544417307928,126.12289619355953,126.76403633492718,20522807
3518,2022-01-14,126.85563659667969,128.01581096833118,126.1229014267052,126.9777549839987,14183654
3519,2022-01-17,126.0007553100586,127.954736231009,125.66492357421232,127.7104870630116,7574539
3520,2022-01-18,125.26802062988281,126.9166807788397,124.9321764699333,125.93969652675307,8475422
3521,2022-01-19,124.96271514892578,126.64191114123891,122.7644974254126,125.78704524236458,13724367
3522,2022-01-20,131.06887817382812,131.49630489798938,125.42067365425996,126.45871708323939,30170343
3523,2022-01-21,131.34365844726562,133.8777204059174,130.06136577633023,130.61092332759665,29509593
3524,2022-01-24,130.67198181152344,132.96179457691227,129.14543996793086,132.13746446597816,12850189
3525,2022-01-25,133.6334686279297,134.45779872729426,129.4202107141418,130.36667161309725,27389035
3526,2022-01-27,131.19102478027344,133.90827715533365,129.66448268968838,133.1144702990169,28512473
3527,2022-01-28,128.35166931152344,132.80917771674692,127.77158821714619,132.80917771674692,18932049
3528,2022-01-31,131.52685546875,132.35118562819503,128.96225756677316,129.4507559546821,19907759
3529,2022-02-01,130.0308380126953,132.53437674297584,129.02333026659187,132.5038409348387,8622355
3530,2022-02-02,130.67198181152344,132.99233038299585,130.21401925844566,131.19100355373905,9921099
3531,2022-02-03,129.02333068847656,131.28260780710775,128.84014068511505,130.67199102660956,4594389
3532,2022-02-04,128.0463409423828,130.2750947983639,127.67997333854379,129.4507645839684,7329263
3533,2022-02-07,130.458251953125,130.85515526691162,128.22949865850262,128.87065112100623,7869237
3534,2022-02-08,128.2600555419922,131.5268527268191,127.3135945937857,130.67198677731483,9074237
3535,2022-02-09,127.83260345458984,129.23702683154022,127.43570011562313,128.59587432836102,9833985
3536,2022-02-10,129.48129272460938,131.71003402554956,128.26005916879333,128.26005916879333,19180334
3537,2022-02-11,126.88616180419922,129.4507471078795,126.42819925546853,128.35163202171412,20071130
3538,2022-02-14,123.25297546386719,126.36711807481375,122.88660793723142,126.36711807481375,12109375
3539,2022-02-15,124.22998809814453,124.47423731279225,121.5127481956453,123.34459867095654,19046061
3540,2022-02-16,123.19445037841797,126.14408303361607,122.81789066226612,124.63788247360479,20270061
3541,2022-02-17,123.63380432128906,124.79482987929488,123.00622155823683,124.41828277510434,16405551
3542,2022-02-18,122.81791687011719,125.6106672637893,122.53550979093976,123.50826798490897,14600643
3543,2022-02-21,124.35547637939453,124.88891895697805,122.7237644139984,122.81789157553759,10682638
3544,2022-02-22,124.35547637939453,124.5437434706717,120.37033001154278,121.87651781455533,13606058
3545,2022-02-23,124.29273986816406,125.20272953696697,124.0103200353557,124.4810069885022,6493463
3546,2022-02-24,119.9310302734375,123.00618751495138,119.1779362734833,121.7510223362274,13145037
3547,2022-02-25,123.82203674316406,124.19858370286195,120.58998420004221,120.84101976257384,10920938
3548,2022-02-28,131.2589111328125,131.94924948013846,123.0375811385821,123.9161866161598,31938385
3549,2022-03-02,132.357177734375,133.76923863601868,129.4075317455764,130.38028991843362,20502615
3550,2022-03-03,136.71885681152344,137.66023064236,132.23163899756256,132.23163899756256,19805555
3551,2022-03-04,134.96165466308594,136.499227055976,132.38855557068774,135.52646883634236,12794317
3552,2022-03-07,133.5496063232422,135.05579461863425,131.07064694802037,132.10616097725466,17635653
3553,2022-03-08,133.2671661376953,140.20195916133673,131.66683812560956,134.3026800091632,28410490
3554,2022-03-09,130.5999298095703,135.55783464898332,129.65855595784126,135.02439201997686,22830958
3555,2022-03-10,131.07064819335938,132.67098923267247,129.94100696108228,132.4199535916543,16516553
3556,2022-03-11,133.32992553710938,133.6751010932222,130.38029226345967,131.35305045381295,12992850
3557,2022-03-14,133.92613220214844,134.3026792164047,131.54131316485712,133.32992105872512,12598659
3558,2022-03-15,131.57269287109375,134.961641419078,130.7254589261478,133.80060341015894,14528285
3559,2022-03-16,131.38441467285156,132.92199970279466,131.133379079371,132.5768241657338,11933774
3560,2022-03-17,132.76510620117188,133.51820022559878,130.38028717681854,133.04751326828173,28464621
3561,2022-03-21,128.59169006347656,135.55785506161354,128.34065444490727,135.55785506161354,17797415
3562,2022-03-22,130.97650146484375,131.47857272093978,128.05825218941825,128.65445063385513,13285297
3563,2022-03-23,131.85508728027344,132.16887854594196,130.72544638478632,131.47854031511108,9408783
3564,2022-03-24,132.26303100585938,132.545438064428,130.53717888122776,131.79234406277803,11188958
3565,2022-03-25,131.57269287109375,132.29441540501085,129.72131656511507,132.2630311681534,9842670
3566,2022-03-28,133.23577880859375,133.51818584528752,130.22337749892907,131.57268251822055,12823578
3567,2022-03-29,132.60821533203125,134.58509040950977,131.60407290564055,134.20854338371393,10470515
3568,2022-03-30,136.24819946289062,137.25232921337934,132.92201886638415,133.73786870256762,54218485
3569,2022-03-31,136.05992126464844,136.34232834496385,134.77337174720822,135.27544296577062,10326026
3570,2022-04-01,141.2374725341797,141.67677525715402,135.6206004721449,135.6206004721449,39663961
3571,2022-04-04,142.71231079101562,143.15161358068326,140.60991126640113,141.8336924434774,9907530
3572,2022-04-05,146.25811767578125,147.23086296264597,142.39848245835122,144.31260156565256,17167487
3573,2022-04-06,148.5174102783203,149.64705118661436,145.06570631683397,145.19121771724463,17153675
3574,2022-04-07,145.19125366210938,150.55709080156961,144.34401957909,148.07813150005066,11913911
3575,2022-04-08,145.9757080078125,146.91708189363442,144.7205428267166,146.22674359767177,6746769
3576,2022-04-11,144.90884399414062,147.8271060224382,143.33988728733573,145.91297373285528,12413822
3577,2022-04-12,146.2895050048828,146.63468055041798,143.46538323734376,143.8733144907396,14769907
3578,2022-04-13,144.0301971435547,147.70155255631906,142.8064162620332,147.45051697933522,11015439
3579,2022-04-18,145.0343475341797,145.47366304910966,142.8064367926266,144.03021785008522,19069923
3580,2022-04-19,142.9946746826172,146.44637854392687,142.14744083393552,146.0384473521323,15036942
3581,2022-04-20,142.4612579345703,143.7164232027163,140.23333447633064,143.24573622716156,9814641
3582,2022-04-21,142.6181640625,143.4967823683407,141.36299870221396,141.89644142669508,11134333
3583,2022-04-22,141.4884796142578,144.4694967019815,141.01779270566988,141.2374568109039,12032249
3584,2022-04-25,139.85679626464844,142.39851120012796,139.00956220888932,140.5471346520002,11042683
3585,2022-04-26,145.34812927246094,145.7246762831371,140.79815537030535,142.46125183300927,15389155
3586,2022-04-27,143.90469360351562,146.13260414652743,142.74365559253985,145.19123025754203,12680209
3587,2022-04-28,147.85845947265625,148.2663907203418,144.3753836690354,146.4777828462445,18378146
3588,2022-04-29,142.93194580078125,148.32915393380054,142.49264306147327,147.54467563632093,9026331
3589,2022-05-02,145.31675720214844,146.3836425226862,141.77091293252468,141.77091293252468,12634353
3590,2022-05-04,149.11361694335938,150.27464215095438,146.16398395452876,146.22673965825277,23124643
3591,2022-05-05,146.69744873046875,151.0277716958321,146.13262177529927,149.6157106920094,16481935
3592,2022-05-06,149.61570739746094,150.08639438837062,145.25400028744357,145.25400028744357,17715186
3593,2022-05-09,153.8518829345703,154.66773268541877,147.8898480024111,149.99224724063754,54118806
3594,2022-05-10,152.91049194335938,155.86012484195544,152.18876945211147,154.25979698904897,30997494
3595,2022-05-11,150.1177520751953,155.64048403534255,149.80396077673697,153.13015364767574,15412618
3596,2022-05-12,148.0467529296875,151.81224891212193,145.693317940666,149.99225663363822,26538994
3597,2022-05-13,148.2977752685547,150.52568586439475,146.289503263512,150.52568586439475,15074553
3598,2022-05-16,147.607421875,149.30190254974758,146.22674526730995,147.7957017615944,7960529
3599,2022-05-17,149.77261352539062,150.18054483298732,146.06987305122493,147.41917840641278,15470937
3600,2022-05-18,143.02609252929688,149.52157058666148,142.52402128783208,149.05088358586403,19181550
3601,2022-05-19,143.27713012695312,144.1243641864382,139.103702775324,139.95093683480906,15085602
3602,2022-05-20,143.74781799316406,146.2895201868064,142.30437272156297,144.81470344211976,15148281
3603,2022-05-23,140.95504760742188,145.59916134179153,140.7040120169856,145.59916134179153,11572501
3604,2022-05-24,142.4612579345703,144.12435446850404,140.95505705915485,141.20609266642433,16336858
3605,2022-05-25,141.11196899414062,143.96747541581985,139.66853643020178,143.3398927093587,11062614
3606,2022-05-26,142.58677673339844,143.77918635348817,140.51576159469712,142.4612653073688,14150454
3607,2022-05-27,141.017822265625,143.49678149807718,140.20197244730835,143.46539725697943,8430491
3608,2022-05-30,143.2457275390625,144.28124137611755,140.76678139210705,140.8922928040286,9305758
3609,2022-05-31,146.1639862060547,147.5760470184975,143.21434040358724,143.2457246400328,26351545
3610,2022-06-01,143.8419189453125,146.22673780215555,143.1829649122743,145.69329517497223,10282009
3611,2022-06-02,141.55125427246094,143.9674446218843,140.9236717002367,143.9674446218843,10071898
3612,2022-06-03,141.8336639404297,143.15158481278476,141.2060813566225,141.8336639404297,16082518
3613,2022-06-06,141.08059692382812,142.74368087436306,140.29611854406528,141.8336910611193,12693293
3614,2022-06-07,141.20608520507812,141.99056345621744,140.39022271661295,140.5471183668408,9103195
3615,2022-06-08,140.92367553710938,142.14745647898602,139.98230165314257,139.98230165314257,11240130
3616,2022-06-09,141.11196899414062,141.64541174099202,138.69577812790592,141.0178290345309,9468041
3617,2022-06-10,140.8609161376953,142.74366402691308,139.35472804088212,139.35472804088212,9019239
3618,2022-06-13,139.54296875,141.51985621304595,139.00952616935555,139.2291774945387,10186775
3619,2022-06-14,140.54713439941406,142.64954656685558,139.32335329531716,139.5430046770522,17023962
3620,2022-06-15,139.48023986816406,142.02195463333464,139.2605885007521,140.73540513131965,5898563
3621,2022-06-16,135.77749633789062,140.766785793069,135.33819361423008,140.1705746473,11883333
3622,2022-06-17,132.63955688476562,136.1226448161905,131.9492186984846,134.42816443001146,19675226
3623,2022-06-20,130.69406127929688,132.35715752988816,129.50165192406922,131.2275038737358,7402273
3624,2022-06-21,132.01197814941406,133.76921428102708,130.09785915882722,131.19612854903568,9459619
3625,2022-06-22,132.20025634765625,132.57680329449792,130.66267155977127,132.29439627641634,10257637
3626,2022-06-23,130.88235473632812,132.85922968758646,129.3761539611118,131.8551000935091,13114525
3627,2022-06-24,131.13339233398438,133.0475245635234,130.38029824562258,133.0475245635234,9499105
3628,2022-06-27,132.76510620117188,133.89474723781223,131.57269668899522,133.89474723781223,17545390
3629,2022-06-28,131.98062133789062,132.76509956084954,130.75682764915453,131.50993440411526,6770087
3630,2022-06-29,132.482666015625,134.93024037134973,130.81956980159416,131.22750098891478,41502918
3631,2022-06-30,132.98475646972656,134.7733643392145,132.04338256281702,132.73372087424386,22260722
3632,2022-07-01,129.59580993652344,133.61234122427382,128.77994743012692,132.4513159407103,11133663
3633,2022-07-04,132.2316436767578,133.14164607302132,128.6858123363592,128.6858123363592,20178279
3634,2022-07-05,134.3968048095703,135.52644573170298,132.38853300100183,132.41991723558868,20083997
3635,2022-07-06,132.0747528076172,134.39681608405252,130.66269196034457,134.30267614059423,19203527
3636,2022-07-07,133.39268493652344,135.118537063225,133.1102651094156,133.83198764331271,14069302
3637,2022-07-08,137.31507873535156,137.69162574376278,133.45544317068473,134.30267713166018,17142257
3638,2022-07-11,136.21681213378906,138.8526540180375,135.68335669475215,138.06817574674915,10826079
3639,2022-07-12,133.9888916015625,136.15404656934234,133.76924023454447,134.99302125664587,8503695
3640,2022-07-13,134.58506774902344,135.99712843415602,133.95748522229786,134.6164519826394,10210005
3641,2022-07-14,134.8361358642578,137.59750220211401,133.5809705077961,137.59750220211401,10898403
3642,2022-07-15,131.35304260253906,136.18542349006765,131.03925130417485,136.18542349006765,22067479
3643,2022-07-18,131.94923400878906,133.29853907429063,131.1020001014927,132.01198971151473,15155654
3644,2022-07-19,131.79237365722656,132.7337477547782,131.54133801090546,131.72961793769713,14922395
3645,2022-07-20,131.32167053222656,133.23580273687068,130.85098354107163,132.60822008199742,14181034
3646,2022-07-21,133.23577880859375,133.80059288198132,131.44715834886813,131.76094961994988,12461554
3647,2022-07-22,131.79237365722656,134.27132034016446,131.47858229137603,134.27132034016446,9272199
3648,2022-07-25,130.47445678710938,132.4199607660504,130.1606654108865,131.79237801360466,6635194
3649,2022-07-26,131.2275390625,132.41994873747322,129.97237367162347,130.47444493525512,11451315
3650,2022-07-27,132.20025634765625,132.41990766929734,131.4157782216533,131.7295694720545,9209354
3651,2022-07-28,134.42816162109375,134.8047213222864,131.82370455309982,132.41990279965785,13192642
3652,2022-07-29,134.27130126953125,136.6875046579683,133.5809629163499,135.8088864047368,15433067
3653,2022-08-01,137.40921020507812,138.1623170136345,134.39682127545612,134.9616481898231,12136557
3654,2022-08-02,139.6999053955078,140.20197665894034,136.40509624576376,138.03680869961553,17748747
3655,2022-08-03,140.32749938964844,141.0492221008687,137.84855265133064,140.1706037032181,12406038
3656,2022-08-04,138.5702362060547,140.7040067239939,137.50333817888503,140.5784953175975,9712267
3657,2022-08-05,140.35885620117188,141.04919453289844,137.34645450319994,139.13506242528277,14099223
3658,2022-08-08,139.26058959960938,142.0219557539809,138.75851838310493,141.20609321921157,8392041
3659,2022-08-10,140.2646942138672,141.14331230173258,138.41333087402867,138.5388422716384,8585266
3660,2022-08-11,139.85679626464844,142.39851120012796,139.1350736363343,140.98645018446203,5040626
3661,2022-08-12,143.1202392578125,143.4654020804813,139.32335883103696,139.95094152847406,13279062
3662,2022-08-16,143.62228393554688,144.312622282663,142.49264284977542,143.84193530487454,11298246
3663,2022-08-17,143.40264892578125,144.94022145468463,142.9005776515827,143.62230032016703,11225465
3664,2022-08-18,145.19125366210938,145.4109050513066,142.9319585179902,143.0574699494736,11360485
3665,2022-08-19,144.58917236328125,145.57147106221421,143.03648671359161,144.77928845326966,9829530
3666,2022-08-22,143.19491577148438,146.2685944488545,143.0047996914056,144.55747236656651,9190493
3667,2022-08-23,144.208984375,145.032846878271,142.0859238277349,142.56123358125353,8903751
3668,2022-08-24,145.41307067871094,145.7299438010386,143.54352441441804,144.08220614365496,13007225
3669,2022-08-25,143.416748046875,146.395349568978,142.6562449882803,146.07847651796288,12124365
3670,2022-08-26,146.04678344726562,146.522093021809,143.60686354332893,143.60686354332893,7966045
3671,2022-08-29,143.89205932617188,145.06448705008242,142.97311973119514,144.65254950016853,7517013
3672,2022-08-30,145.50811767578125,145.9200552639323,144.5574984232475,144.6208704613633,7214498
3673,2022-09-01,143.28997802734375,145.82496220436389,142.59285995738247,142.62455241703373,13109081
3674,2022-09-02,142.0858612060547,145.03278295779026,141.83237309744666,144.17722835724678,6897237
3675,2022-09-05,141.5789031982422,142.94146010253044,140.50152692558663,142.59289453622435,18055474
3676,2022-09-06,142.62457275390625,144.4941186935991,141.9591341551149,141.9591341551149,14103701
3677,2022-09-07,142.21263122558594,143.82867608768714,141.35707654640322,141.35707654640322,7866745
3678,2022-09-08,142.21263122558594,143.79699651799754,141.61056467831088,143.2266224340098,7187735
3679,2022-09-09,141.26202392578125,143.32169897906948,141.00852287896447,143.25832694076502,9162027
3680,2022-09-12,141.92745971679688,142.40276937813056,140.8184038403516,141.67397154563204,8778919
3681,2022-09-13,143.73362731933594,144.1772444525199,141.83238893095105,142.14926199568188,11278383
3682,2022-09-14,147.37767028808594,147.7895949649722,142.40275276497007,142.59288176476238,25072958
3683,2022-09-15,150.57806396484375,150.99000148991544,147.25089709045946,147.9480151901825,23606369
3684,2022-09-16,149.34228515625,151.1167666677763,147.91635629650273,151.0850870959411,29399642
3685,2022-09-19,147.75791931152344,150.89495763608005,146.80730007455495,149.53240081770548,13920046
3686,2022-09-20,147.47274780273438,149.72255215660184,147.09250262994564,148.2966230884437,20162973
3687,2022-09-21,143.89205932617188,148.51839818958058,142.149257524965,148.20152513481568,14468837
3688,2022-09-22,139.48753356933594,143.4801397160203,138.88547984744508,141.95914628425487,26264530
3689,2022-09-23,128.3652801513672,139.26570812103532,125.54510221662562,138.34678141601478,87162722
3690,2022-09-26,127.28791046142578,132.6747526861768,118.09859137214468,126.74922881767036,167547134
3691,2022-09-27,129.8228759765625,131.75580658966916,127.54139277154239,130.42494246120714,54127095
3692,2022-09-28,131.6290740966797,133.34019648852563,128.3652916423786,130.04470867474757,52877873
3693,2022-09-29,131.81918334960938,134.4175396734544,130.58338366314553,132.42123696227702,36761869
3694,2022-09-30,134.4809112548828,138.60026072085873,131.1854368395408,131.1854368395408,62897614
3695,2022-10-03,133.59368896484375,136.03360897938083,132.45294077679105,134.98792528926552,11740863
3696,2022-10-04,132.1043701171875,134.57598249955797,131.8191895280514,134.4175459736829,19179333
3697,2022-10-06,130.7418670654297,133.65709747157,130.2982369185291,132.35791239696326,20692745
3698,2022-10-07,132.70645141601562,132.92825999819868,129.28421949765212,129.28421949765212,14282850
3699,2022-10-10,132.4212646484375,134.3225032673302,131.53403027450057,131.78751844213994,16834226
3700,2022-10-11,132.04098510742188,134.00559525645417,130.90024996940127,133.0866686541379,17807162
3701,2022-10-12,136.60400390625,136.85749208127737,132.67476957652647,133.37188784505165,35288330
3702,2022-10-13,135.58998107910156,137.71304095645925,135.1463639399034,136.22372721715504,16436903
3703,2022-10-14,134.76611328125,138.15665240137147,134.06899513684334,138.15665240137147,23365190
3704,2022-10-17,134.25909423828125,136.2237043578519,133.72041269005,134.3224662627327,9520537
3705,2022-10-18,134.57598876953125,136.255418600772,134.0689995992686,134.95623387062773,13256574
3706,2022-10-19,135.5582733154297,137.4595113341774,134.95620687333562,134.98789933108628,11595367
3707,2022-10-20,137.83978271484375,138.15665577855603,134.57598757988762,134.70274454153133,16371066
3708,2022-10-21,137.71302795410156,138.72701910053019,135.62166073854502,136.47721536541926,11634491
3709,2022-10-24,138.69534301757812,139.58259021057617,138.53690647931413,139.2974095991404,1132859
3710,2022-10-25,138.47352600097656,139.04390008267495,135.78010501468754,138.69533456230437,20622687
3711,2022-10-27,141.89576721191406,142.49782090396786,137.74472472375814,138.9805374667718,24298489
3712,2022-10-28,143.73362731933594,145.1278636467123,141.45213093839567,141.83238893095105,11669879
3713,2022-10-31,144.58917236328125,145.92003656758868,143.67023280074727,144.46241540969183,11755682
3714,2022-11-01,149.025390625,149.50070017649782,145.6348517363683,146.17353331601313,15220278
3715,2022-11-02,147.85296630859375,149.9126410781662,147.56777283511008,149.02539398332326,12884449
3716,2022-11-03,144.5258331298828,148.0431169755998,143.67026540319483,147.6628718157385,9358215
3717,2022-11-04,143.32168579101562,145.41304022421622,142.59287518358002,144.4941135193611,8059667
3718,2022-11-07,144.49411010742188,146.9657224642946,143.48011893100153,144.05049299698715,14862038
3719,2022-11-09,138.63197326660156,146.39536376953126,138.18835610958791,146.39536376953126,22831150
3720,2022-11-10,136.19203186035156,139.51919869947938,135.30478479119813,136.88914995268757,16217631
3721,2022-11-11,135.6533660888672,138.0615936787509,135.33649301965104,136.88916590137083,12123886
3722,2022-11-14,137.14581298828125,138.67073425007277,136.432021461696,136.88624883261897,18460862
3723,2022-11-15,140.16323852539062,140.48769046642164,136.04270151469362,136.26981523301868,15258103
3724,2022-11-16,140.87705993652344,141.1041737028601,138.50855762590163,140.13081767400067,9825807
3725,2022-11-17,141.6557159423828,143.05084866033135,140.32545776714971,140.74724791066137,9449665
3726,2022-11-18,141.68817138671875,141.9801860782881,140.71481548545623,141.68817138671875,5828998
3727,2022-11-21,142.1424102783203,142.4344117642415,140.48769998614253,141.1366039121755,4712051
3728,2022-11-22,141.33126831054688,142.23972316788448,140.74725218655624,141.78549573921566,4366445
3729,2022-11-23,139.6116485595703,141.98014995713586,139.02763252699538,141.62324760334536,13510578
3730,2022-11-24,143.24551391601562,143.4077398660904,139.57920480392966,139.77388122481202,7622243
3731,2022-11-25,143.14817810058594,143.34285452472542,140.5525628559625,143.2455163126557,10989671
3732,2022-11-28,143.6024169921875,144.18641985373932,142.20727117429684,142.20727117429684,4526153
3733,2022-11-29,142.33706665039062,144.2188905852632,141.81795145586327,143.60243716614212,6476054
3734,2022-11-30,145.35447692871094,145.97093036703464,141.2339397097447,142.33707108421368,17317951
3735,2022-12-01,143.99180603027344,145.90606762645118,143.08333775334702,145.35450184466998,13241961
3736,2022-12-02,142.62908935546875,143.73222075769118,141.8179594414863,141.8179594414863,12880949
3737,2022-12-05,143.99180603027344,144.2189197990085,140.94194918644803,142.5642092516787,16477957
3738,2022-12-06,145.02999877929688,145.45178888817884,142.36949584924523,143.76464165463256,11299945
3739,2022-12-07,143.44020080566406,145.4193496198324,143.050847935483,144.6082198102595,5813973
3740,2022-12-08,141.33126831054688,143.95932106553016,140.74725218655624,143.926883793187,11176439
3741,2022-12-09,140.94190979003906,142.0774915182801,139.9685540229753,141.7206023248796,6020031
3742,2022-12-12,139.87123107910156,141.4610402413883,139.25476449630955,140.1632325327517,8194429
3743,2022-12-13,140.35791015625,140.68236208615167,138.24897261188923,139.87123226139752,8235450
3744,2022-12-14,142.23973083496094,143.11576166915864,140.357920070199,140.357920070199,10055353
3745,2022-12-15,140.39036560058594,143.018431853767,140.09836410667006,142.43441566395072,5385778
3746,2022-12-16,138.34629821777344,141.5908175305916,137.95695854063183,139.51433045118114,11166617
3747,2022-12-19,142.0450439453125,142.23970716341765,138.5409607976227,138.89786316712113,7758862
3748,2022-12-20,141.00682067871094,142.04506426305733,138.80054481073523,142.04506426305733,6541929
3749,2022-12-21,140.19570922851562,141.6232926942385,138.76811256080757,140.84461320420516,7005861
3750,2022-12-22,139.5143280029297,140.81213570528251,138.11918208250387,140.22811959882722,6961415
3751,2022-12-23,137.08094787597656,139.7090139326171,136.56181947896644,138.4760938912057,4554651
3752,2022-12-26,137.47027587890625,139.0276477354761,136.88625978244477,137.24316217527746,6864331
3753,2022-12-27,137.98944091796875,139.64413822888537,137.4378751476632,138.18410420055463,13115851
3754,2022-12-28,140.00100708007812,141.72060494069348,137.8920695458475,137.8920695458475,16815549
3755,2022-12-29,140.00100708007812,140.4876849725929,138.54097340253387,138.89787580450445,22536873
3756,2022-12-30,138.67074584960938,140.64990784985827,138.37874440130233,140.19568044094007,4643134
3757,2023-01-02,139.54678344726562,139.83878490990375,138.216525224174,139.2223315101197,5959394
3758,2023-01-03,139.90370178222656,140.29304154745822,139.09257177049986,139.67658801934027,2873110
3759,2023-01-04,136.951171875,139.7739011686701,136.5942694531177,139.7739011686701,9954542
3760,2023-01-05,135.4911346435547,137.5027340195592,134.06353819459625,137.5027340195592,21273509
3761,2023-01-06,135.03689575195312,136.46449221933807,134.6800065365944,135.06934622697815,11510471
3762,2023-01-09,135.68580627441406,137.5351797956969,132.5386249203736,135.75069402565515,52485126
3763,2023-01-10,137.43785095214844,137.85962792449158,135.6209147559641,136.20493090487932,17248326
3764,2023-01-11,137.53515625,138.24896099740218,136.33468685061354,137.697382201322,9164361
3765,2023-01-12,138.5409698486328,138.80053402504547,137.1782744249444,138.5734203214278,21179555
3766,2023-01-13,138.8654327392578,139.7414503521228,138.41120529613775,138.60586854233915,6560245
3767,2023-01-16,139.93612670898438,140.09835268170474,138.02185230969397,139.51433653951472,8362194
3768,2023-01-17,141.72061157226562,141.9152748171908,139.44944796758824,139.93612588287624,13000571
3769,2023-01-18,142.33706665039062,142.85619504690152,140.4228054419758,141.65572548220155,11171369
3770,2023-01-19,143.24551391601562,143.56996581616514,141.88281857578394,141.9801567862251,11586815
3771,2023-01-20,144.86778259277344,145.28957273008058,143.40774894962118,143.40774894962118,10112645
3772,2023-01-23,146.06825256347656,148.1447527843213,145.06245952702056,145.35446097586657,14393610
3773,2023-01-24,143.3752899169922,147.041599042419,143.08328848658772,146.81448535188423,6150893
3774,2023-01-25,142.3695068359375,143.56997631387168,141.33126331993992,143.21307391681816,5790331
3775,2023-01-27,142.2721710205078,143.69975422886003,140.81213733842733,142.30462149423605,10458603
3776,2023-01-30,137.47027587890625,142.0126027594119,136.6267088080018,141.46103713574698,24288177
3777,2023-01-31,140.58502197265625,142.88862272273147,137.66495464288394,137.9569560950681,20997546
3778,2023-02-01,140.5201416015625,146.00337414995641,138.60586721929528,146.00337414995641,20246369
3779,2023-02-02,138.02183532714844,140.87701473611529,137.1458178226425,140.16322318436903,12820663
3780,2023-02-03,139.41697692871094,139.6116533469051,136.52936033804656,138.3462830326059,10815686
3781,2023-02-06,140.84458923339844,141.0392524717838,138.24897377239674,138.50852475691056,6948201
3782,2023-02-07,140.7147979736328,141.59081553535268,139.5792162301486,141.46104004546183,10035526
3783,2023-02-08,140.814453125,141.64472702314268,139.78490808587404,141.3790366730225,12432719
3784,2023-02-09,141.3790283203125,142.10966660479727,140.81444480564573,140.81444480564573,7011082
3785,2023-02-10,142.2093048095703,142.44177878891708,140.7148118534627,140.74802821347166,10892159
3786,2023-02-13,143.4713134765625,143.80342299849897,142.14287538881655,142.20929459048963,7710133
3787,2023-02-14,142.80711364746094,144.16876827604028,141.31262059766192,144.16876827604028,6010681
3788,2023-02-15,142.47499084472656,142.93993878937397,141.4786622374208,141.6447170053051,8107497
3789,2023-02-16,142.5413818359375,144.0690908035221,142.1428531746103,144.0690908035221,3963115
3790,2023-02-17,142.01004028320312,143.4048976050133,141.4786596303367,142.14287868963405,6491149
3791,2023-02-20,143.33847045898438,144.1355278805453,142.2757092121423,143.2056185463438,6841917
3792,2023-02-21,144.26837158203125,145.29791651016026,143.504530488949,144.5008590593044,6701434
3793,2023-02-22,142.57461547851562,144.33479858586927,141.4786513917807,143.47130845363674,9128659
3794,2023-02-23,141.6446990966797,143.40488211642156,141.2129540520532,142.80708232490565,10345874
3795,2023-02-24,142.84031677246094,143.07279074483827,141.08013352976693,141.08013352976693,9808830
3796,2023-02-27,145.59683227539062,146.09499663789344,142.50822403873178,143.77022961288034,17763618
3797,2023-02-28,147.6226806640625,148.12084494076913,145.2979140394316,146.52671655259377,36559278
3798,2023-03-01,145.3975372314453,147.62266810877364,144.40120876276967,147.15772022881956,12896085
3799,2023-03-02,146.36065673828125,146.79240179922834,143.33846833879232,144.79974476122976,79708558
3800,2023-03-03,147.5230255126953,149.74815628373935,146.39385870755925,146.39385870755925,9951869
3801,2023-03-06,150.8773651123047,151.9733292853066,148.12085325704885,148.78507232995042,15659957
3802,2023-03-08,151.47515869140625,151.67441629686058,149.91423312403964,150.74450693069377,11591495
3803,2023-03-09,149.98068237304688,153.0692904634263,149.78141123205413,152.10617814696408,13941653
3804,2023-03-10,150.47882080078125,151.5415685047437,147.62267367741,147.62267367741,9605434
3805,2023-03-13,150.17990112304688,152.8035740702496,149.71495326585605,151.475136177054,13209653
3806,2023-03-14,149.58213806152344,151.2759021962629,148.78508053551215,149.54893521419018,9583405
3807,2023-03-15,151.64120483398438,152.80358809723438,149.91422460344242,150.51202441297076,12228069
3808,2023-03-16,154.19845581054688,154.69662010014787,151.67441800447327,152.4050562598405,18437817
3809,2023-03-17,152.57110595703125,155.4272531946693,151.64121012484284,155.39403683770368,33711025
3810,2023-03-20,151.10983276367188,152.37185165210468,149.6485562698472,149.6485562698472,9281411
3811,2023-03-21,148.22047424316406,151.24266261948995,147.75551282971912,150.94376947150914,11272787
3812,2023-03-22,148.8514862060547,149.25001493281508,146.659571452087,148.1208479547321,7589846
3813,2023-03-23,147.55625915527344,149.11717116182564,146.95845932986157,148.78506164921578,17091298
3814,2023-03-24,147.72230529785156,148.95110772014212,146.65955762218326,148.12083398703095,10371666
3815,2023-03-27,146.1946258544922,150.27957615205824,145.829313446023,148.05444479904062,19983733
3816,2023-03-28,147.5230255126953,148.1872444600857,145.26467838885412,146.95844211012727,8689166
3817,2023-03-29,147.75552368164062,148.58579750208943,146.4935182854155,147.52304971462922,19743258
3818,2023-03-31,149.91421508789062,150.6116504070002,148.12082928670804,148.78504825211928,10202058
3819,2023-04-03,149.18360900878906,151.01021155645884,148.6854446776064,151.01021155645884,7643214
3820,2023-04-05,149.88104248046875,150.51204521946207,148.58580712851148,150.51204521946207,12019382
3821,2023-04-06,149.61534118652344,151.04341484839873,149.21681245877414,150.9105629301015,4282875
3822,2023-04-10,152.13937377929688,152.37184773639873,149.44928131028348,149.58211971046433,4145643
3823,2023-04-11,153.6670684814453,154.09881354970818,151.74083060935985,152.03973727826673,5106602
3824,2023-04-12,150.9770050048828,153.79993614565572,150.8109502318962,153.7003005791493,9118795
3825,2023-04-13,153.5674285888672,153.86633524933387,150.77771417259962,150.9769852795774,11428621
3826,2023-04-17,157.18743896484375,159.34615085097062,154.2980888353574,154.49734643978033,21815047
3827,2023-04-18,152.9696502685547,157.75202194959832,152.53790518997843,157.35349322843985,13482833
3828,2023-04-19,152.73715209960938,153.70027774800928,151.87367551648566,152.10614946142013,8264190
3829,2023-04-20,153.3681640625,154.69660201277966,152.5378903435752,153.33494770831516,7308750
3830,2023-04-21,153.7999267578125,154.33129389079224,152.50469149943376,153.96598152066326,5030650
3831,2023-04-24,154.06561279296875,154.29810028573814,152.73717461061568,153.43461006177984,5725067
3832,2023-04-25,154.6966094970703,155.36082850434536,153.20211673070148,153.63386178814432,8338703
3833,2023-04-26,158.28341674804688,159.08047426167442,154.09883101757188,155.46048557638878,13581018
3834,2023-04-27,156.72247314453125,158.28339866016591,155.09514194285038,158.08412754774469,9794457
3835,2023-04-28,157.58596801757812,158.05091594244394,154.82945628526247,157.38669689916648,10585487
3836,2023-05-02,159.47898864746094,160.17642404421662,158.25018612736037,158.5490792896437,6732907
3837,2023-05-03,159.21328735351562,160.7409964441567,158.61550107015785,159.4125584570149,4789217
3838,2023-05-04,158.64871215820312,159.87751465746803,156.0582552459115,159.18009278610884,9189783
3839,2023-05-05,160.1100311279297,160.4089243392817,158.2169957441231,158.61553804402334,3896441
3840,2023-05-08,162.56761169433594,163.56394026447487,160.14320947095032,160.6413737560198,8758321
3841,2023-05-09,161.67091369628906,163.99568028822625,161.20595226975922,162.10265876607727,9166941
3842,2023-05-10,164.4938507080078,164.69310831519556,162.4679771967197,162.833303080254,9689409
3843,2023-05-11,165.0916290283203,165.52336054438038,163.79639393943177,164.527032097652,12616726
3844,2023-05-12,160.57493591308594,165.78905212213098,160.17640723400936,165.29088789489288,13853807
3845,2023-05-15,161.57127380371094,163.16540212668772,160.97347399339836,161.67090935769141,12187763
3846,2023-05-16,159.8110809326172,162.43475396328407,159.41255225469436,161.77053499555618,11418509
3847,2023-05-17,158.61550903320312,160.67458531393163,157.71880253600864,160.01036628701465,11560929
3848,2023-05-18,156.5232391357422,160.07680874330433,155.8258036507261,160.07680874330433,14497723
3849,2023-05-19,155.2279815673828,157.7520192813121,154.0988146242712,156.5232167812034,10071694
3850,2023-05-22,155.65972900390625,158.74835023632295,154.53056204363693,155.89220296471805,12566129
3851,2023-05-23,155.49368286132812,157.12102770433617,154.9955185547368,155.46048001569838,12458561
3852,2023-05-24,156.62286376953125,157.98450476930344,155.991847538208,157.95130192359488,8877971
3853,2023-05-25,158.05091857910156,159.6118441677003,156.95496795026756,157.884863815512,12502747
3854,2023-05-26,157.6191864013672,158.01771512974256,155.95863877182717,157.98449877172325,6811801
3855,2023-05-29,155.75936889648438,158.3166095637124,155.49367857091897,158.21697400242894,13638297
3856,2023-05-30,156.1578826904297,156.68926329073014,155.22797339668887,156.68926329073014,9469926
3857,2023-05-31,155.32760620117188,156.2242991239454,152.7703658237919,156.0914607330048,48104157
3858,2023-06-01,154.76303100585938,155.49366922205706,152.8035903105696,154.72981464957155,8804790
3859,2023-06-02,155.82577514648438,156.15788464744173,154.82944664361227,155.42724644804957,6617781
3860,2023-06-05,156.49000549316406,158.08413391604006,155.95863836125287,157.05458898300714,27428302
3861,2023-06-06,156.2907257080078,157.41989252746063,155.72612878471216,157.0545666963363,6898603
3862,2023-06-07,158.88121032714844,159.44580739792593,156.85535009087587,157.22066250385646,11153571
3863,2023-06-08,160.508544921875,163.03256934190404,158.91441641189397,158.91441641189397,19300834
3864,2023-06-09,162.66725158691406,163.06578032287075,160.60817518982836,161.7705585526187,11037141
3865,2023-06-12,160.508544921875,163.69678842826514,160.20963822486937,162.7336761584703,8188909
3866,2023-06-13,160.9070587158203,161.7041161399441,160.37567809069068,160.74100395966363,6443218
3867,2023-06-14,163.72998046875,164.19492835471402,160.80741422014353,160.80741422014353,10297426
3868,2023-06-15,163.69677734375,164.02888686444217,161.9366076949382,164.02888686444217,9732749
3869,2023-06-16,163.69677734375,164.29457718371012,162.40155561847885,163.66357449982337,9702361
3870,2023-06-19,161.47164916992188,164.92559635555415,161.006701237996,163.69678029597492,10431647
3871,2023-06-20,165.2244873046875,165.85548999147798,161.90339208248272,161.96981128421262,13426365
3872,2023-06-21,171.50135803222656,172.06595505114734,165.2244932421252,165.25770960096932,31172093
3873,2023-06-22,168.4127655029297,171.36853522048963,167.8481684326241,171.36853522048963,7430965
3874,2023-06-23,166.12118530273438,169.14338745116493,165.75587292545944,168.4459520281205,5593393
3875,2023-06-26,165.05845642089844,166.22083991682027,164.1617632839019,166.05478513168856,7305362
3876,2023-06-27,165.75584411621094,166.08795359068657,164.49382541048973,164.79271853209016,11142907
3877,2023-06-28,166.15438842773438,167.71530040202927,163.69676997706736,166.58613348791903,17808717
3878,2023-06-30,169.47547912597656,172.49766744239204,166.85180598992198,170.37217206571367,17659979
3879,2023-07-03,166.38685607910156,169.34262516290318,165.72263709275785,169.0769483792216,12467239
3880,2023-07-04,165.78907775878906,167.71531577135258,165.52338742713002,167.71531577135258,8637967
3881,2023-07-05,168.21348571777344,168.67843367859314,165.72266411287058,165.8555025263699,5340907
3882,2023-07-06,174.49034118652344,175.08814104162735,168.9773311115174,172.663738776444,16705046
3883,2023-07-07,169.67474365234375,174.39070951628372,169.17657938617296,174.39070951628372,13149183
3884,2023-07-10,166.05477905273438,170.3057840991989,165.05845037841797,169.674767830655,15319047
3885,2023-07-11,168.3795166015625,169.64153540503776,166.08796645560835,167.38318810096155,7486045
3886,2023-07-12,167.4164276123047,169.20981375600726,166.81862772654648,168.7116494368041,9390877
3887,2023-07-13,161.47164916992188,167.51603985281432,160.5417397924989,167.2171466842293,30591450
3888,2023-07-14,159.44580078125,162.33515117116136,157.22065597951948,161.40524172599262,72085831
3889,2023-07-17,160.0767822265625,162.70044192401784,158.88118259703552,161.07311074664483,11474161
3890,2023-07-18,160.17640686035156,161.87015712086827,159.1468620543667,160.07677131242247,14940593
3891,2023-07-19,161.57127380371094,163.53071447318908,159.7778878863435,160.07678103471463,22954874
3892,2023-07-20,162.23550415039062,163.29825193545784,160.94028239883545,162.0362330285031,10249082
3893,2023-07-21,162.1358642578125,163.59715424761484,160.87384538457394,161.5712807789763,18466409
3894,2023-07-24,164.36099243164062,164.82595385756824,161.30558761748057,162.1026585561119,14825562
3895,2023-07-25,166.81861877441406,167.05109274151903,164.8259616045351,165.35732874169338,10500017
3896,2023-07-26,166.71897888183594,169.80760011762,166.05475984246607,168.64521679872274,12898171
3897,2023-07-27,166.5196990966797,168.31309851776834,165.8554800918847,167.3831892083413,10836773
3898,2023-07-28,171.50135803222656,173.46081239188413,166.12118628162946,167.25036680589946,17518458
3899,2023-07-31,176.7154998779297,177.34650262791843,172.1323853095499,174.0254070730885,24269734
3900,2023-08-01,167.25035095214844,174.02537940127374,166.38686083976745,174.02537940127374,31395702
3901,2023-08-02,165.0916290283203,168.57877859186962,163.79639393943177,167.98097882111873,20825405
3902,2023-08-03,165.19126892089844,166.45328779257127,163.46430212924813,165.390540037215,10882019
3903,2023-08-04,164.29457092285156,165.4237513583173,163.7964066607971,164.72631598601285,7406390
3904,2023-08-07,164.69308471679688,165.35730367272436,163.39786315816593,165.25768164019064,6345966
3905,2023-08-08,163.54188537597656,166.08135564578987,162.9662748703205,166.08135564578987,15171726
3906,2023-08-09,162.76312255859375,164.8962804825557,162.35681004391265,164.55768442406995,18442141
3907,2023-08-10,163.74505615234375,164.32066668486988,162.5599699711099,162.898566022891,9962450
3908,2023-08-11,165.43804931640625,166.7585685103575,164.4222610818254,166.25067439306707,23866073
3909,2023-08-14,165.57347106933594,166.11523026890987,163.03400065416207,165.81048555258374,9188486
3910,2023-08-16,167.9774932861328,168.38380576008134,164.59153304071597,165.6411724502907,9191471
3911,2023-08-17,165.03172302246094,168.48541404250182,164.01593478774532,167.97751992514398,15301142
3912,2023-08-18,163.20327758789062,164.99783920483563,162.59380201152157,164.99783920483563,12292241
3913,2023-08-21,167.40187072753906,167.74046675552964,163.6773144196427,164.08364067523752,9129526
3914,2023-08-22,167.80821228027344,169.3996110013971,167.06328992878207,167.94364519281245,11107830
3915,2023-08-23,169.02716064453125,169.29804026445632,167.4018967024905,169.29804026445632,8487619
3916,2023-08-24,166.79241943359375,171.09258650516654,166.4538233842178,169.29802468797234,18982087
3917,2023-08-25,163.88046264648438,167.53730217178324,163.47415020534146,166.69081217877454,12851343
3918,2023-08-28,168.28224182128906,168.62083788129166,164.25295421826178,164.55768516126054,11908665
3919,2023-08-29,170.07679748535156,171.32960010611993,168.34995213138137,169.02714422666247,12363321
3920,2023-08-30,167.33413696289062,170.38150089948618,166.8939594165478,170.17835157021688,6748007
3921,2023-08-31,165.60733032226562,169.02714209377692,164.93013823552974,167.84205594198912,20715819
3922,2023-09-01,170.78782653808594,171.05870610889127,166.04748227026826,167.26643345013858,13120723
3923,2023-09-04,172.95484924316406,173.69975772938707,169.8397686241814,171.73589806388475,10240031
3924,2023-09-05,172.2099609375,174.03837414317573,171.32960567402122,172.88715305478863,10893186
3925,2023-09-06,172.3453826904297,174.20766089238916,170.75398407334777,173.83519974099406,10018473
3926,2023-09-07,174.03836059570312,174.5123895299023,170.7539818380173,172.00678440197896,13760453
3927,2023-09-08,175.15576171875,176.95032376770888,174.10610831912018,174.8848820887639,16781751
3928,2023-09-11,179.1173095703125,179.45590561864958,174.44468134775917,176.3069596136131,17683806
3929,2023-09-12,172.7291259765625,184.4219729111432,172.1422179186637,183.29331946615457,29826173
3930,2023-09-13,174.44467163085938,175.70877174074343,172.72912392584752,174.44467163085938,10692151
3931,2023-09-14,176.2053680419922,176.65682941414948,174.89613281823756,175.34759419039486,10941807
3932,2023-09-15,175.25730895996094,177.15343844329055,173.54174749122546,177.1082895508882,20516593
3933,2023-09-18,180.6748504638672,181.03601405821703,175.2573138835714,176.29566955045826,25627043
3934,2023-09-20,184.78314208984375,185.9569444636259,179.1850235889308,179.41075428475395,33369524
3935,2023-09-21,182.02923583984375,185.5957780238209,180.94571749445132,185.09916774510071,20332556
3936,2023-09-22,179.8170623779297,183.20302273235347,177.33402478468557,181.08116251008602,21193988
3937,2023-09-25,179.59133911132812,181.1714540087091,177.60491171012228,180.5845597006853,11951847
3938,2023-09-26,179.09474182128906,180.62970781661915,178.41754972533386,179.77193391724427,7440011
3939,2023-09-27,179.99766540527344,180.2233961049151,178.14667091271002,179.9525165098434,6736870
3940,2023-09-28,181.26174926757812,184.60256081987242,178.59812980470193,180.67485496775242,50185120
3941,2023-09-29,180.3588409423828,182.3001195766913,179.77194659550148,181.44234561682265,16293959
3942,2023-10-03,180.17825317382812,180.58456569113136,177.78549941191525,179.4559121555618,10830728
3943,2023-10-04,179.681640625,180.0428042408809,176.4311129720367,179.59134283227536,14120040
3944,2023-10-05,177.51461791992188,180.13308838036264,176.3859644839547,180.13308838036264,14575590
3945,2023-10-06,177.9209442138672,178.28210783041172,175.9345167678546,177.8757953174219,12857229
3946,2023-10-09,177.19857788085938,177.78547211825185,174.94127115626245,177.42430855331907,7853369
3947,2023-10-10,178.73355102539062,179.2753101725064,176.7019748899675,177.19858514523906,7440527
3948,2023-10-11,179.23016357421875,179.81705784318166,178.19180793605125,178.19180793605125,10031916
3949,2023-10-12,181.26174926757812,182.39040274994161,178.19181730655274,178.19181730655274,21872719
3950,2023-10-13,182.2098388671875,182.75158432549344,179.95253168047188,180.9908874753572,13105921
3951,2023-10-16,183.33847045898438,184.06081142755068,180.67485105380993,180.85543285157448,18336656
3952,2023-10-17,187.0404510498047,188.71086372777643,182.93216336386226,183.78993726166863,19378328
3953,2023-10-18,186.4535369873047,188.2142334914897,184.19623024411698,188.2142334914897,14923328
3954,2023-10-19,185.82150268554688,187.26617080333807,182.5709753098783,184.19623899771258,13192888
3955,2023-10-20,183.1578826904297,185.27974285563158,181.39717233147573,185.27974285563158,22081120
3956,2023-10-23,180.3588409423828,185.2346188661168,179.68164879866924,182.39041737352355,6988219
3957,2023-10-25,180.1331024169922,180.99087633966658,178.5981363799682,179.68164100742578,16817158
3958,2023-10-26,179.636474609375,180.58454623259763,177.24373488279608,179.4558928186439,11070090
3959,2023-10-27,181.44232177734375,182.20981161705004,179.81705809047062,179.90735587543875,9995487
3960,2023-10-30,181.35203552246094,182.57097293937926,178.46267176937872,181.4423195288026,7679981
3961,2023-10-31,182.52584838867188,183.24818942327212,181.08118009698066,181.93895404790814,7474770
3962,2023-11-01,181.44232177734375,182.70642187935957,181.03600930000238,182.70642187935957,5598615
3963,2023-11-02,183.38360595703125,183.8802024202315,181.3971649942021,182.1646548005231,12924797
3964,2023-11-03,184.55740356445312,186.45354683993008,183.38361501797547,183.6544808194656,8684015
3965,2023-11-06,187.98851013183594,188.6657021811419,185.05401125151008,185.09916014363196,9804415
3966,2023-11-07,187.80795288085938,188.80117352729073,185.77637646748468,187.98853469543525,10730361
3967,2023-11-08,186.90499877929688,189.2526033087836,186.58897032349816,188.71084417813066,7435543
3968,2023-11-09,189.4332275390625,190.06527081477353,186.09241555815282,187.1759202847303,13777877
3969,2023-11-10,190.65211486816406,192.32252730647642,189.25259576188267,190.0652206479497,12066023
3970,2023-11-13,191.6905059814453,194.21869248180155,190.24582404481086,191.41962639613786,11352269
3971,2023-11-15,189.74920654296875,194.12838730242171,189.43319185339953,194.12838730242171,19182861
3972,2023-11-16,190.71566772460938,192.23440615334738,189.33500408657673,190.25544651193184,27533260
3973,2023-11-17,192.83270263671875,193.93723082137438,190.4395465326,191.17590333731636,16705395
3974,2023-11-20,192.6486358642578,194.39747115795637,192.23443950994385,193.3849927412822,11156900
3975,2023-11-21,192.3264617919922,193.43099000729424,191.40601927176746,193.29292924719584,9608081
3976,2023-11-22,194.765625,195.68606743564303,191.6361122919115,191.6361122919115,13079580
3977,2023-11-23,194.12130737304688,196.14629200189987,192.60258294624435,195.1798246190086,11382709
3978,2023-11-24,193.70712280273438,195.22586136629346,192.8327052299908,194.48950455167432,7250200
3979,2023-11-28,193.4770050048828,197.38888551491547,192.83269808278612,197.38888551491547,15629209
3980,2023-11-29,194.2593994140625,194.6275708093564,192.46453928353748,193.56906751425763,10062023
3981,2023-11-30,192.3264617919922,195.87017111279275,191.68215483680254,193.66110063735042,60354322
3982,2023-12-01,193.4770050048828,195.54800056901774,192.78667315017117,194.67358302868382,20719909
3983,2023-12-04,195.96221923828125,197.06676156775268,194.85769095364898,194.85769095364898,27914088
3984,2023-12-05,204.61436462402344,205.4887821646929,194.7196080360259,196.69855373569038,40709207
3985,2023-12-06,206.5472869873047,208.25011119400844,204.7984518924503,208.02000057390455,29544730
3986,2023-12-07,211.70176696777344,213.91082326602393,206.4092227935791,207.09955464238706,24534268
3987,2023-12-08,210.41317749023438,214.83129059813842,208.43421753434825,213.3585909104501,22206320
3988,2023-12-11,212.57618713378906,214.37104715395503,208.5262458552178,209.8608846371444,19106395
3989,2023-12-12,212.94435119628906,214.7392110364586,211.2415271676351,211.70174835972145,14355329
3990,2023-12-13,218.09886169433594,218.60510791109783,212.25405986761623,212.62223127353096,26878281
3991,2023-12-14,213.6347198486328,218.69715383514222,212.7142773056311,218.37499332715618,29972018
3992,2023-12-15,218.467041015625,219.1573729159758,209.07851593498305,216.30399544325704,41341690
3993,2023-12-18,213.4046173095703,218.05284109221424,213.0364318514973,218.05284109221424,29051897
3994,2023-12-19,214.96934509277344,215.75171277780075,212.48415319325767,213.680717187398,12612164
3995,2023-12-20,209.07850646972656,216.67215702981113,208.20408891116924,216.25796071731955,20400245
3996,2023-12-21,213.86483764648438,214.64720540733333,204.9825583821568,206.5933328863529,17755207
3997,2023-12-22,213.31256103515625,215.5676424744566,212.16200784726436,214.46311422304814,9735375
3998,2023-12-26,214.7852783203125,217.04035979727067,212.66825761027135,213.54267523870342,6772092
3999,2023-12-27,215.42958068847656,217.08638008015362,214.00289193328692,216.30399829816096,10231881
4000,2023-12-28,220.0778045654297,220.86017225356414,215.475592124035,216.39603461231394,39164340
4001,2023-12-29,218.3289794921875,219.295447020448,216.0738979561392,218.8812506640047,12665999
4002,2024-01-01,219.29541015625,220.44596320009182,217.5925860334293,218.9732496860395,5952776
4003,2024-01-02,218.92724609375,220.9982416416608,217.36248266612523,220.906191777152,9128513
4004,2024-01-03,218.19090270996094,219.7096272537495,215.93582133939924,217.22443525262355,8284439
4005,2024-01-04,222.24085998535156,223.75959868192018,218.1909182175138,219.06533586683796,19663959
4006,2024-01-05,222.0567626953125,225.50842221907385,220.26190255192432,222.74709460006477,16345257
4007,2024-01-08,223.06922912597656,225.73850656219207,221.27435514679908,223.1152400117303,13585746
4008,2024-01-09,223.02322387695312,225.18625535723046,222.28686705703055,223.29935944002887,8688409
4009,2024-01-10,220.12380981445312,222.83912632118046,219.06530659798605,221.8266339920783,16872195
4010,2024-01-11,222.70106506347656,223.75958238913262,220.16984813167568,221.13631558733093,18812468
4011,2024-01-12,220.44598388671875,223.34537221134363,219.80167693067304,223.2073114510618,11296498
4012,2024-01-15,221.96469116210938,222.2868516374899,218.14486061318883,221.27435932472585,12597366
4013,2024-01-16,220.03176879882812,223.1152425558457,218.78916588289573,222.42491072362483,7478450
4014,2024-01-17,220.16983032226562,222.01071521466724,218.7891666529644,219.52552341889248,13620300
4015,2024-01-18,214.87728881835938,216.94828434700142,208.06602025320493,209.17054839284654,25522629
4016,2024-01-19,216.67214965820312,218.09883828143575,213.91082227575447,216.30397829181157,20931080
4017,2024-01-23,219.019287109375,227.16520874234408,217.45453768946598,221.82663950544466,27492163
4018,2024-01-24,226.61293029785156,227.34928707304752,216.30397757962012,217.36248078813864,28309825
4019,2024-01-25,225.9686279296875,228.9140410448544,223.75957160452174,225.2782960724685,20651484
4020,2024-01-29,233.74636840820312,234.71283583531613,225.64647165668347,225.9226072136926,26181011
4021,2024-01-30,233.8844451904297,236.507711936982,231.49128906919466,233.79239532236758,16031367
4022,2024-01-31,238.6707305908203,239.31505158094717,232.31968291679965,233.79239654446377,34369455
4023,2024-02-01,244.65362548828125,249.3939272268763,237.7503061676223,238.3946272067551,29929092
4024,2024-02-02,255.05462646484375,259.0125180425485,242.95081301335696,243.45704516061815,33900724
4025,2024-02-05,260.3931884765625,266.37606497572915,253.0296481698959,255.42280438749796,27440927
4026,2024-02-06,252.4313507080078,260.393172559988,250.63647663209895,260.393172559988,29668277
4027,2024-02-07,246.6326141357422,252.56945225004085,245.57408263867694,250.45244543527016,27335466
4028,2024-02-08,254.22622680664062,265.13344783422536,249.25581489216967,249.25581489216967,69776717
4029,2024-02-09,251.28077697753906,257.2176417354051,247.69105721008026,256.435260071936,24496638
4030,2024-02-12,248.79559326171875,254.04212667900316,245.067812421321,251.46489894856467,19140023
4031,2024-02-13,248.74960327148438,249.3018744285981,243.22694787970306,248.79561416387807,22031847
4032,2024-02-14,251.87905883789062,253.12166170419127,245.7581224546148,248.05922847010746,13546941
4033,2024-02-15,263.5769958496094,265.1679211829919,253.93794064424642,254.54622554489833,25475670
4034,2024-02-16,256.9325866699219,264.74678722455343,255.76279702280092,263.90454439048983,25129188
4035,2024-02-19,258.6170959472656,260.4419506262549,255.7627921273332,257.4473063225352,11429901
4036,2024-02-20,269.4259338378906,270.22139647444055,259.88046787724045,260.48875275484346,43053543
4037,2024-02-21,262.1264343261719,270.8764654130571,261.3309717620344,269.09836254287427,24651085
4038,2024-02-22,264.4660339355469,265.3082767212113,255.71600216603525,262.12645477574785,26793590
4039,2024-02-23,263.8577880859375,266.8992414434554,261.09707284538547,264.41926431986934,14313526
4040,2024-02-26,269.33233642578125,272.79492494138776,263.9513044586698,264.7935757879309,31012494
4041,2024-02-27,273.73077392578125,274.57301674907404,265.86979330951965,265.86979330951965,36510093
4042,2024-02-28,261.6117248535156,274.8069567557171,260.5355241739681,272.7949244314648,18824161
4043,2024-02-29,264.70001220703125,266.7120447273211,256.7922226150729,261.6585590654039,35043015
4044,2024-03-01,269.23876953125,270.8296661557682,266.33768578625074,266.7120127238247,15149735
4045,2024-03-04,275.7427978515625,277.94200800386034,269.5195229128343,269.5195229128343,23131460
4046,2024-03-05,276.0703430175781,276.4914786933653,271.15722674353646,273.3096281636759,13220556
4047,2024-03-06,274.853759765625,275.97674058036057,268.11576063995267,271.67190939225407,15969436
4048,2024-03-07,273.8711242675781,279.7200720289706,272.32700777043357,275.134502695902,14908694
4049,2024-03-11,267.2267150878906,273.21606046966036,266.1505144068685,269.89384099081695,19020659
4050,2024-03-12,266.8523864746094,270.12779721510617,264.60639625013175,266.6184285645739,17906155
4051,2024-03-13,247.34031677246094,265.68262453746604,245.00073742894799,265.12111978315926,39389523
4052,2024-03-14,249.25880432128906,251.1772480773971,243.97136039116597,247.1063740571006,26005940
4053,2024-03-15,248.88446044921875,254.54623100181877,241.117039941146,250.89649296034747,43817794
4054,2024-03-18,247.9017791748047,249.53948443547537,242.84829436802633,248.88441946679507,12423655
4055,2024-03-19,242.3804168701172,249.39915481037153,241.725323238633,245.32828109316046,20031514
4056,2024-03-20,247.66783142089844,248.13574722881978,242.33360834618392,243.26943996202658,11308487
4057,2024-03-21,256.1839294433594,256.88580322265625,249.96065431212384,250.61571937054396,23559105
4058,2024-03-22,258.0555725097656,260.39515158963655,253.93791904105572,256.18390924586885,22097588
4059,2024-03-26,252.72134399414062,256.5114795872108,249.02482584404117,252.76815271562597,28477120
4060,2024-03-27,252.9085235595703,255.29488303344507,251.9259116725202,253.61039735298263,18094214
4061,2024-03-28,259.1317443847656,261.56491206936624,254.21862886289023,254.54617560954426,26646830
4062,2024-04-01,262.1732177734375,263.53018502102066,259.8336387667866,262.7347224468965,8945400
4063,2024-04-02,261.6117248535156,263.6237857370833,260.62911305030167,261.3309867838303,13229425
4064,2024-04-03,262.1264343261719,264.93392909890633,260.67587822467084,262.173214481992,14499308
4065,2024-04-04,259.8337097167969,268.3030051690815,257.40054117361785,264.65323807465194,23722104
4066,2024-04-05,260.5355224609375,261.9860786362818,257.4940696356444,261.9860786362818,9308711
4067,2024-04-08,263.67059326171875,265.9633924529393,261.14383613503975,262.54758374779067,14473340
4068,2024-04-09,263.1558837890625,266.1037479134396,262.96870602652683,264.7000003723727,5780865
4069,2024-04-10,264.41925048828125,267.03959653328184,262.0328909409394,262.0328909409394,8809693
4070,2024-04-12,257.587646484375,266.19730858078447,257.02614181559807,263.4365939522309,17731780
4071,2024-04-15,256.46466064453125,258.47672160527304,251.17721736100808,252.9085116819802,13378690
4072,2024-04-16,256.6518249511719,257.86839464845417,253.84433005653736,255.4820354117408,9662195
4073,2024-04-18,262.1264343261719,271.29757249337905,259.88044421984705,269.42590931155604,51039603
4074,2024-04-19,263.5769958496094,264.1385005884101,257.07298258984304,260.25480469729075,18755469
4075,2024-04-22,265.4486389160156,266.4312792733896,263.6237843540043,265.7761857018069,14965203
4076,2024-04-23,267.03955078125,268.7240362249676,262.6879395855513,265.44862564938376,11464036
4077,2024-04-24,271.7655334472656,273.1225009032958,266.1505429687712,266.7120477284843,19324163
4078,2024-04-25,274.47943115234375,275.6024406363888,270.68932412249734,273.26286134405956,22022414
4079,2024-04-26,273.496826171875,277.14656424810477,272.7481722031729,275.36848965294854,15581578
4080,2024-04-29,274.853759765625,275.69600251650536,271.01684439015366,273.54357264279474,9804396
4081,2024-04-30,282.4808044433594,284.82038369407576,274.2454683452475,274.8537817978874,33288857
4082,2024-05-02,293.476806640625,296.89258639875555,282.48078492215257,282.57437379757704,44059506
4083,2024-05-03,290.90325927734375,295.81637518925874,288.4700913995802,291.9794599080909,27074447
4084,2024-05-06,287.1599426269531,290.8564604459498,283.6505739991819,290.2949843129584,16855909
4085,2024-05-07,276.3042907714844,288.5168822082761,275.6024170438684,287.30031250413447,13857464
4086,2024-05-08,282.62115478515625,283.41661738962654,273.2628384015418,273.2628384015418,18754452
4087,2024-05-09,277.14654541015625,284.82037658468664,276.30430261278497,283.3230401897397,11196567
4088,2024-05-10,284.2588806152344,284.91397423297167,277.2401428222656,277.2401428222656,11786977
4089,2024-05-13,286.87921142578125,287.9086320622395,278.5035344021713,284.68002966160225,11710605
4090,2024-05-14,289.4059143066406,292.91528270971224,288.002166945412,288.2361248389501,9957875
4091,2024-05-15,294.6466369628906,296.003575886737,289.0316463721136,290.1078471901487,11397656
4092,2024-05-16,292.4473571777344,295.34844067279994,285.7093586446345,294.31902026367186,19843532
4093,2024-05-17,293.0556945800781,295.72282066822146,290.80970418560065,294.693400074285,9069551
4094,2024-05-21,304.7535400390625,306.4380539729048,291.04361347624035,291.04361347624035,21976662
4095,2024-05-22,304.84716796875,306.7188313177523,299.6533135989951,306.7188313177523,10287081
4096,2024-05-23,299.3725280761719,300.12121050413447,289.17196917943966,298.95142098480017,35705284
4097,2024-05-24,298.3431396484375,302.22686411743945,297.03298095785107,297.59448569933596,15058182
4098,2024-05-27,297.5476989746094,300.86989006953536,294.3190682017694,300.86989006953536,12857918
4099,2024-05-28,292.7281494140625,298.9982333365529,291.9794954648028,298.53031747843625,10935739
4100,2024-05-29,297.3137512207031,298.24958294810943,289.2655926531455,289.2655926531455,16812268
4101,2024-05-30,287.0195617675781,297.26690060285773,284.3056272931392,294.4126256602685,22768893
4102,2024-05-31,290.1078186035156,291.51156611288746,286.08375383370947,288.75085125406304,36929443
4103,2024-06-03,315.9835510253906,326.3245078972354,304.7067910625215,313.50360286385313,55218939
4104,2024-06-04,276.9593811035156,313.4568145129152,261.7988973405007,313.4568145129152,73262478
4105,2024-06-05,279.6264953613281,281.73211664736016,261.28421722823555,277.2869161546258,45312613
4106,2024-06-06,281.1706237792969,291.4647716771544,278.9714137438007,283.93130994358796,36508044
4107,2024-06-07,289.4995422363281,290.71611202314534,277.75483726048566,278.9246268860088,38016104
4108,2024-06-10,295.5356140136719,302.60115987646884,291.60513834737,292.91529690280396,25478964
4109,2024-06-11,296.2375183105469,299.18541106374397,294.9273596198579,295.91000005736277,12238518
4110,2024-06-12,303.8177185058594,306.1105173139477,296.5650237185889,299.3725184749517,20346144
4111,2024-06-13,300.8230895996094,306.9059952090144,300.0744071582475,306.0169437346831,11756503
4112,2024-06-14,300.869873046875,305.0811154378888,298.85784072747595,305.0811154378888,14159988
4113,2024-06-18,310.5089416503906,311.1640352535985,301.3378025613796,301.3378025613796,21653702
4114,2024-06-19,306.29766845703125,313.3632141080479,304.5195941451438,312.5677515434548,14235150
4115,2024-06-20,303.7241516113281,307.23352031070095,301.61853039170444,306.4848664118943,11749507
4116,2024-06-21,305.03436279296875,308.4501428841355,302.2736477750116,305.736236588112,17209541
4117,2024-06-24,311.585205078125,312.5678170312919,301.85253164047333,302.3672562592005,18044357
4118,2024-06-25,306.3912658691406,313.50359187427057,304.8939295692215,313.50359187427057,13979671
4119,2024-06-26,305.7362060546875,309.0116167715787,304.0985006962419,304.80037442129,12946277
4120,2024-06-27,310.27496337890625,311.16401484504655,303.53699282461736,307.4674685081239,27061015
4121,2024-06-28,309.7135009765625,315.7028179211071,308.4501225168633,311.63194446621674,21676594
4122,2024-07-01,308.4501647949219,310.4621974387271,304.37929078205275,309.76032359372624,11959181
4123,2024-07-02,309.5731201171875,312.94212000543337,306.9995828991176,308.8712463304412,12684459
4124,2024-07-03,313.6439514160156,315.28165669715474,307.9821817249457,309.85384490339044,9369793
4125,2024-07-04,313.5036315917969,316.96622043907536,312.47421097022885,315.3752950639867,12878827
4126,2024-07-05,317.6212463378906,318.0891621482173,311.4915606463369,313.5035929188787,10894118
4127,2024-07-08,317.6212463378906,319.11858264279897,315.2348871289504,319.11858264279897,7828162
4128,2024-07-09,319.25897216796875,320.38198160856706,316.4046969654796,318.1827714469966,9214579
4129,2024-07-10,323.8445739746094,325.48227957913787,313.9715601824652,320.9902984875874,10662609
4130,2024-07-11,320.8031005859375,326.37131071578324,320.05444663741326,326.13735278695475,12642065
4131,2024-07-12,321.0838317871094,323.7041488769677,318.27633695112644,320.80306516792245,11380570
4132,2024-07-15,321.78570556640625,323.2362331415886,318.36992589374364,323.2362331415886,5277531
4133,2024-07-16,320.4755554199219,324.73357794329087,319.58650394130785,320.7562934872131,11363095
4134,2024-07-18,319.3525695800781,322.5812003885706,315.32850466916955,320.054443359375,13908161
4135,2024-07-19,310.88330078125,319.91407093422737,309.76029132251716,317.7616408982089,12937990
4136,2024-07-22,316.8725891113281,317.6212429762013,308.3565157416533,308.8244315470276,10678640
4137,2024-07-23,312.8017578125,318.6507061635191,300.4955761938195,317.3405474447544,15954324
4138,2024-07-24,315.5156555175781,317.05977212820784,309.1052025880914,309.66670732631604,12573882
4139,2024-07-25,317.6680908203125,320.61595504540355,309.2456052861565,309.2456052861565,16271884
4140,2024-07-26,322.11328125,323.37663119239386,316.7790291580287,318.5103235078311,11468068
4141,2024-07-29,320.3819885253906,323.70417963996675,316.07715698924727,317.99560055242785,31849674
4142,2024-07-30,327.3539123535156,334.0451317561641,321.27100639424725,322.8619316842441,25813219
4143,2024-07-31,325.85662841796875,328.14939908144675,320.6159648796612,325.9034085819774,17976593
4144,2024-08-01,337.9288330078125,339.2389916776005,327.6814644561692,328.6172961573488,26792459
4145,2024-08-02,335.26165771484375,337.8819746696296,331.2843735688896,335.02769982390527,13771470
4146,2024-08-05,320.8031005859375,332.0330811697064,319.58653077975623,330.11463757703956,13566586
4147,2024-08-06,318.8846435546875,328.289740473513,317.48089604087374,320.8030870665064,12273667
4148,2024-08-07,329.4595642089844,329.9274800954106,321.36462508567433,323.6574243528906,12441847
4149,2024-08-08,320.6627197265625,332.2202466967493,319.3525610852555,332.2202466967493,15489731
4150,2024-08-09,323.7977294921875,326.5584441008897,322.20680436864495,325.57580379776743,8720610
4151,2024-08-12,319.25897216796875,321.7389204100306,317.71485560663336,320.990266489176,12521136
4152,2024-08-13,315.3285217285156,320.475596388484,313.6440074314802,315.37530189260605,10435954
4153,2024-08-14,312.099853515625,316.63864270440195,311.1640218709005,315.3752642721608,12385993
4154,2024-08-16,319.5072021484375,320.4036167562879,311.9583020565513,314.22296632476343,13013828
4155,2024-08-19,321.1113586425781,323.94219646357095,320.16774603558054,323.3288540283768,5891370
4156,2024-08-20,321.30010986328125,323.32887131745395,319.69595682689925,321.2529407491177,6393840
4157,2024-08-21,317.6671447753906,321.7246958342311,317.1953385218116,320.82825243372366,10118601
4158,2024-08-22,315.1665954589844,318.65797345433384,311.86395149459383,317.05382058149326,18370039
4159,2024-08-23,317.28973388671875,317.95027421946645,314.55326313076745,315.7799479809891,7494822
4160,2024-08-26,319.1769714355469,322.24371247668665,316.91230688759805,317.4784802237783,7993675
4161,2024-08-27,316.4405212402344,322.196564406577,316.11025103949504,319.88470179817557,9589690
4162,2024-08-28,315.5912170410156,319.7902754531152,314.93067676205817,316.4404625448405,8790600
4163,2024-08-29,314.506103515625,316.9595023115514,310.2598463369436,313.75122486923584,17653536
4164,2024-08-30,318.3748779296875,321.6303528411853,315.21377003530586,316.11021350275325,22713812
4165,2024-09-02,316.62921142578125,320.7339321897805,315.35535739279237,319.31851322266164,9789776
4166,2024-09-03,315.77996826171875,318.89390729167116,315.16662579721645,317.05385110139144,8434423
4167,2024-09-04,314.12860107421875,315.8271208824705,312.3357430517047,312.5244770737667,9025610
4168,2024-09-05,312.5716857910156,315.4496928131749,311.0147307003922,313.60966545035535,13912371
4169,2024-09-06,311.20343017578125,314.31736909602694,306.6741011240426,314.2701711870217,23755639
4170,2024-09-09,310.0238952636719,310.63726646547246,305.30583246071376,309.22184762458505,18597200
4171,2024-09-10,315.30816650390625,316.3933153101741,308.5613417030864,308.5613417030864,15472387
4172,2024-09-11,314.4117126464844,318.2333319488074,313.27936606969325,317.9030617975125,10134008
4173,2024-09-12,319.1297912597656,319.8846698173223,314.4588973941671,315.96868330605145,18410837
4174,2024-09-13,318.2333679199219,322.007818540173,317.14821912595426,320.6395686716228,10417461
4175,2024-09-16,319.1769714355469,322.24371247668665,318.04462476318645,318.23335880750386,7748570
4176,2024-09-17,317.9030456542969,320.82825016515636,315.6383814124847,317.71434043226066,11451846
4177,2024-09-18,315.4496765136719,319.7903001759544,314.31735868662264,319.4128609002713,6583254
4178,2024-09-19,316.015869140625,319.27134428550585,314.31737789785313,317.2425828575359,10589610
4179,2024-09-20,321.6303405761719,323.6119326729625,315.87429831283504,319.0825751950454,31236123
4180,2024-09-23,321.9134521484375,323.18733499463224,321.0642065165653,322.71552866617293,6542941
4181,2024-09-24,330.31158447265625,331.2080279759151,323.04578461278606,325.1217150884182,26145769
4182,2024-09-25,343.23907470703125,345.5981061483167,332.4818970941238,333.89731595889504,40770462
4183,2024-09-26,344.84326171875,345.4566041948038,337.0584571924117,343.52218094352844,18733959
4184,2024-09-27,334.2747497558594,342.8144319147534,333.42550421025845,341.7764811350023,33148043
4185,2024-09-30,332.9537048339844,337.2943284642278,329.9813309643599,334.2747566875096,16356171
4186,2024-10-01,331.019287109375,335.9260841265613,330.2172394403099,331.302388166196,9856291
4187,2024-10-03,324.7442932128906,330.17006604186173,323.2817050994425,323.65914440645105,19350466
4188,2024-10-04,319.7431335449219,327.85820762051003,318.7051539311656,323.659120054448,20121706
4189,2024-10-07,310.4013671875,320.8282745930665,306.6740860080783,320.8282745930665,13851446
4190,2024-10-08,308.7028503417969,312.3357645406724,304.17352146837453,308.8443864696968,21148292
4191,2024-10-09,311.15625,313.09064428114004,307.14589651250947,308.5613153904473,9228363
4192,2024-10-10,315.49688720703125,319.0354345539096,311.48653354723575,311.5809005691736,20773976
4193,2024-10-11,311.4393310546875,316.4404951760742,310.9203556368248,315.59124958467544,6098468
4194,2024-10-14,312.05267333984375,312.8075518406612,309.3161739816506,311.43930216156457,5944216
4195,2024-10-15,311.2506103515625,314.6476213452107,309.0331150642664,314.6476213452107,12415489
4196,2024-10-16,308.7500305175781,313.8927015144062,306.62690233069713,312.9962868913401,22085298
4197,2024-10-17,312.477294921875,313.1850043451301,306.2966441441553,309.9767273857277,17039729
4198,2024-10-18,313.3265380859375,315.0250579668857,309.7408218874413,312.807562698208,10569021
4199,2024-10-21,312.477294921875,314.93069334851333,310.8731708405589,314.22298392525823,8745904
4200,2024-10-22,304.5509338378906,316.72352930706927,302.94678107201247,314.1285949366457,11219831
4201,2024-10-23,299.0307922363281,303.748854684982,296.1527856613564,301.20111824076963,12541589
4202,2024-10-24,301.1539306640625,302.71088556614893,297.4738475872849,297.4738475872849,8327779
4203,2024-10-25,297.9928283691406,303.3714313614416,295.58662791281984,303.3714313614416,12979410
4204,2024-10-28,300.35186767578125,302.3806577262924,293.2276043345509,296.7661514504143,9610615
4205,2024-10-29,302.4750061035156,303.08837732828067,296.4358912489805,298.27594732973336,15856332
4206,2024-10-30,300.4934387207031,307.0515288976693,298.8892858101173,300.5877769416323,14498110
4207,2024-10-31,302.7109375,304.5038246369687,299.9272973603423,302.33349818576534,9900390
4208,2024-11-01,303.8904113769531,304.5037825742267,301.9560171607252,304.2678794358199,847672
4209,2024-11-04,297.66259765625,306.3910139560511,294.02968349103276,306.24944903269204,9249409
4210,2024-11-05,298.74774169921875,299.7857212726405,294.40711817194506,294.73738832668425,7518195
4211,2024-11-06,300.54058837890625,302.2862773046681,296.1999650165918,299.50260884493144,11019250
4212,2024-11-07,295.3035583496094,301.01240274503147,294.1240426648718,301.01240274503147,14504208
4213,2024-11-08,298.41748046875,299.64416531244285,291.29321695966684,294.2655908476694,15740539
4214,2024-11-11,311.20343017578125,313.65682874412795,295.1620156554467,295.86972511957913,22838987
4215,2024-11-12,304.5038146972656,313.75120717964063,303.6545402719927,312.8075945264688,12069181
4216,2024-11-13,300.0688171386719,306.2966662726025,299.26674064168265,304.4566101204961,12918639
4217,2024-11-14,298.7287902832031,305.14172647630943,297.29305437592416,301.60026209776106,12500377
4218,2024-11-18,298.680908203125,302.03095857840174,296.8144690915435,300.54737652482765,9408101
4219,2024-11-19,301.5523681640625,304.6152829286182,298.87233965266626,299.63805373874516,13157158
4220,2024-11-21,311.93756103515625,312.7511505895024,299.59023759606504,302.4617095219059,25406386
4221,2024-11-22,322.51416015625,323.1363065519668,310.11896158181673,311.8418330176668,31523269
4222,2024-11-25,328.0656433105469,330.60210414911484,321.7483996979914,327.20420763840764,29419152
4223,2024-11-26,324.28485107421875,329.8363804184665,323.42341542721545,327.3477658303637,13997179
4224,2024-11-27,324.7156066894531,326.6777674260775,322.08342417391594,322.8012921326988,12177260
4225,2024-11-28,319.35552978515625,327.10850981744056,317.96766921544275,324.7156165488419,16920231
4226,2024-11-29,315.28759765625,318.2547910236072,312.5118474261887,317.15406600945965,13890537
4227,2024-12-02,313.80401611328125,317.72836675357354,312.2247124633197,314.0911516095936,16003524
4228,2024-12-03,315.5268859863281,317.15406501789136,310.35824260683535,310.35824260683535,23174488
4229,2024-12-04,311.1239318847656,317.0583181269633,307.3431785229836,314.95256063195916,17880011
4230,2024-12-05,314.2825927734375,316.29262886536577,305.8595913430051,311.07611010418543,19785053
4231,2024-12-06,314.80902099609375,318.4940823362232,312.7032925232497,313.08614959011936,8802058
4232,2024-12-09,315.0004577636719,316.4840398215819,312.70328619879257,313.7082896302644,9376929
4233,2024-12-10,313.8518371582031,317.63261974756006,311.41109800464613,317.63261974756006,14994365
4234,2024-12-11,313.5168762207031,314.9047660530107,312.8468836062392,313.2297407016649,5013051
4235,2024-12-12,315.0961608886719,315.7661534003986,311.88967843718416,313.9475605683982,10414162
4236,2024-12-13,319.5469665527344,319.9776698064118,311.12396488931114,316.4840515460128,14973536
4237,2024-12-16,320.647705078125,321.84415173886424,317.3933760029389,319.5469799922696,12695136
4238,2024-12-17,315.6704406738281,321.1740947097826,313.9475693553166,318.25477686171575,17360248
4239,2024-12-18,307.7738952636719,315.00044986782,306.9124595997002,313.94757107402324,15037099
4240,2024-12-19,307.86962890625,309.97538657645197,303.2752857114188,304.37601072579275,10234715
4241,2024-12-20,302.2702331542969,311.6503912738322,300.1645048328565,307.5345977730774,13973399
4242,2024-12-23,301.7916564941406,304.6631281228579,298.20231695824396,304.37599264403417,5984169
4243,2024-12-24,296.814453125,303.08382109172123,295.52228506487864,300.64308191936277,4833589
4244,2024-12-26,297.0058898925781,299.68594778092825,295.5223078046521,296.81447596420287,3775101
4245,2024-12-27,296.1444091796875,298.9201590052883,295.57010906160383,297.43657714284643,3981693
4246,2024-12-30,294.3736877441406,298.6330490053482,293.17724123370255,295.7615773802968,12489142
4247,2024-12-31,295.4744567871094,296.479460222459,292.0765310002142,294.18228864871605,8402716
4248,2025-01-01,297.1016540527344,298.0109652757668,292.7944457101879,295.4745039827369,4239498
4249,2025-01-02,301.6480712890625,303.6102609811456,295.52227134451164,296.57515005610276,10766571
4250,2025-01-03,302.509521484375,304.3759897090918,300.2123500455756,302.7966861705497,7636948
4251,2025-01-06,292.8901062011719,302.9402569041533,291.7415058653546,302.2702351732399,6722495
4252,2025-01-07,291.9808044433594,297.3887662186675,290.01864378496816,292.8901155056114,10137739
4253,2025-01-08,293.51226806640625,294.66086846296133,290.01864990788994,293.03368943619523,6907996
4254,2025-01-09,292.1722717285156,293.7515754634019,290.64081417554706,293.5122861335669,8244909
4255,2025-01-10,286.86004638671875,292.17225756753425,285.71144597513177,291.0236571559473,6540783
4256,2025-01-13,275.2784118652344,285.7592655003387,274.46482241709185,282.36136918236133,19474228
4257,2025-01-14,277.8149108886719,280.4949396886477,274.5127064653774,275.42201759936376,15954608
4258,2025-01-15,285.8550109863281,289.5400722939113,278.62848532882623,282.3613928155499,12198882
4259,2025-01-16,284.89788818359375,288.6786715169003,283.8928846191073,286.1900564880229,11694289
4260,2025-01-17,289.6357727050781,291.9329441283263,283.0313939094448,284.8978329114067,7593230
4261,2025-01-20,293.12939453125,295.5701337241153,289.01363022677754,289.6357765690648,9435937
4262,2025-01-21,289.396484375,296.6708849147273,288.5828949154698,293.8472594993341,13911546
4263,2025-01-22,284.8021240234375,289.34862089660356,283.1270988596395,289.06148540971503,9723333
4264,2025-01-23,281.7392272949219,286.7643025883743,281.02135939585725,284.7542666289694,12228286
4265,2025-01-24,283.17498779296875,289.5400778778457,281.73925186960753,282.64853376166303,11142914
4266,2025-01-27,274.7041320800781,282.36139011715346,271.5933710025163,282.36139011715346,13477947
4267,2025-01-28,271.7847595214844,276.42694790550183,267.38183119292415,274.8476445947453,11298068
4268,2025-01-29,275.51776123046875,276.76205415647576,271.1626775691931,273.12486774958944,4800024
4269,2025-01-30,282.6964111328125,284.37143638847147,275.5177314657026,275.5177314657026,10969499
4270,2025-01-31,288.7264709472656,290.4493714775504,283.222816906031,284.2756956950739,14141459
4271,2025-02-01,277.4320068359375,292.26794271796496,276.2834065674752,288.7264495653047,6945157
4272,2025-02-03,271.6412353515625,279.489937048621,266.08973458738575,277.5756224113017,14978897
4273,2025-02-04,273.4119873046875,274.12985530699814,260.4425170803248,268.9612115323863,19836427
4274,2025-02-05,272.98126220703125,278.293473315418,272.3590866200002,273.36411926896625,15337191
4275,2025-02-06,269.104736328125,278.48489425351164,267.7647221131038,275.18269028603163,21418561
4276,2025-02-07,269.3468322753906,272.9781486269869,261.4547773149336,264.45667140926554,17193482
4277,2025-02-10,260.1959228515625,267.2648732583572,259.61490634717717,266.29652226829074,16709670
4278,2025-02-11,253.17538452148438,260.29274083554617,251.7712637299914,260.19592937549373,22083955
4279,2025-02-12,248.9146270751953,253.80481763807177,245.96116817566727,251.2870989826207,17861265
4280,2025-02-13,250.9481658935547,253.0785500004455,247.9947070447423,249.10830482945542,12257226
4281,2025-02-14,249.2051544189453,253.2238054594861,246.6874357200921,252.1586133693871,11339563
4282,2025-02-17,254.87002563476562,255.64469470712518,244.21814857943667,248.76939587094347,8332653
4283,2025-02-18,258.5013122558594,259.4212279783289,251.96494298094876,255.49941823407346,10483635
4284,2025-02-19,254.72471618652344,260.00224090453156,253.99845294377334,254.19213496253084,14602009
4285,2025-02-20,257.33929443359375,258.01715199691387,253.03012039190682,254.4342412509003,15312926
4286,2025-02-21,253.61114501953125,257.3393026331229,251.19026729015096,256.9035328211424,10757038
4287,2025-02-24,250.9481658935547,253.5142902370401,249.10830482945542,249.83456810884158,14599185
4288,2025-02-25,247.65577697753906,251.72286314155656,246.8326726881869,250.60923581092982,21287363
4289,2025-02-27,248.13995361328125,249.30198668016166,245.42856775033403,245.96116377667684,13614799
4290,2025-02-28,242.91087341308594,248.8662266223009,239.47322413686564,247.80103452796848,38512868
4291,2025-03-03,244.50863647460938,245.76749577598812,240.63523233243734,244.99281199238087,9873539
4292,2025-03-04,245.96116638183594,249.01146627504443,241.55516615486243,242.0877621868464,11947033
4293,2025-03-05,256.031982421875,258.74338278275224,247.65575270788688,248.8177856556522,14536637
4294,2025-03-06,258.2108154296875,258.84023773562126,252.4491441040102,256.758288776734,11926868
4295,2025-03-07,254.966796875,260.147480440195,253.32061796804607,257.58135629720346,10043068
4296,2025-03-10,262.713623046875,265.5702704107263,252.7880249731833,252.7880249731833,30233763
4297,2025-03-11,258.8402099609375,263.2462247331501,257.4361187447858,261.45476947639236,9255499
4298,2025-03-12,258.6465759277344,263.77882476257304,255.2573471929502,262.1326456795726,11875548
4299,2025-03-13,259.17913818359375,262.0841911717567,257.0971894524224,261.2610869147651,9270442
4300,2025-03-17,258.888671875,262.0842186766507,256.5646351509149,261.454796373505,11987667
4301,2025-03-18,258.888671875,258.888671875,258.888671875,258.888671875,0
4302,2025-03-19,268.4269104003906,269.49207286448365,261.2610893221769,263.39147335381784,13089950
4303,2025-03-20,271.47723388671875,274.57593964248076,268.2816575599182,274.52753390869157,13710249
4304,2025-03-21,274.14019775390625,276.12530565514754,271.18670921706524,272.10665456743357,26003527
4305,2025-03-24,282.61328125,284.64682451930895,275.44748884781086,275.98007014494203,19966817
4306,2025-03-25,281.7901611328125,285.90565317684843,278.5461791406971,281.7901611328125,16983852
4307,2025-03-26,281.6448974609375,287.35816251551717,280.3860234155954,282.4680017306367,20367015
4308,2025-03-27,286.14776611328125,287.84238063341064,279.8534836099434,279.8534836099434,37203166
4309,2025-03-28,281.1607360839844,284.9372993063308,279.1755986806343,284.5983705251023,10834900
4310,2025-04-01,280.1439514160156,287.55186070814506,277.9167557861563,280.4344744666903,11603556
4311,2025-04-02,277.6746826171875,280.5797359662775,275.49589260537,277.77152363917,11679536
4312,2025-04-03,289.6338195800781,290.45692392445716,276.07690419600505,280.1923963661701,23478876
4313,2025-04-04,284.598388671875,291.3768465217408,282.8553684740305,290.5053364228185,21020875
4314,2025-04-07,280.24078369140625,284.59836335003746,273.3654854307757,274.62435950763955,22847548
4315,2025-04-08,279.8050537109375,284.69521479748136,275.641126375719,282.71010692315673,20831596
4316,2025-04-09,284.1142272949219,290.0211753407562,280.1439815885917,280.77343349031656,21342531
4317,2025-04-11,294.4755554199219,295.3470654403839,283.9689407881724,283.9689407881724,19831004
4318,2025-04-15,294.91131591796875,300.62461105387973,294.0882411237009,297.4774699763862,16563441
4319,2025-04-16,296.0733337402344,297.2837725535632,293.21668632008675,294.8144891950639,7032401
4320,2025-04-17,299.220458984375,299.9951279636436,292.44200198472896,295.78282475524543,8528993
4321,2025-04-21,309.872314453125,311.809016418457,298.6878724240232,300.18880462646484,13369014
4322,2025-04-22,302.6580810546875,309.6302197949195,302.2223408532518,309.6302197949195,10027268
4323,2025-04-23,304.982177734375,306.095775541447,299.65624691194205,304.20747915643824,8225575
4324,2025-04-24,304.4495849609375,305.8537058998339,302.9486525518255,304.9337605189389,8021180
4325,2025-04-25,296.7995910644531,305.41790933183546,293.79769695737076,303.0938727672882,11475773
4326,2025-04-28,298.78472900390625,301.10879535467075,293.9429733593657,294.57242523454096,7314824
4327,2025-04-29,293.3619689941406,300.96350126565216,291.6673546186545,298.7847113543128,14678005
4328,2025-04-30,297.71954345703125,300.18882682473674,292.3451773747768,294.8144902942112,17619987
4329,2025-05-02,293.4587707519531,299.2204712586938,292.732507472199,295.83124261984125,5688285
4330,2025-05-05,298.44580078125,300.86667836853553,295.00813687626754,295.153383621159,4342960
4331,2025-05-06,297.8647766113281,300.62458290040513,295.8796393096251,297.8647766113281,9124804
4332,2025-05-07,301.2540283203125,303.2391362229906,297.2837829632264,298.25213404779714,14679327
4333,2025-05-08,298.4942321777344,307.3546389986981,294.3787399254866,303.4812345259943,19253478
4334,2025-05-09,289.82745361328125,293.45877000278136,287.0192415157468,290.50531116001264,11981497
4335,2025-05-12,299.2689208984375,301.25405855206003,294.42716498969895,294.42716498969895,7145884
4336,2025-05-13,289.00439453125,298.97839893410884,288.5686247202087,295.3470823478646,17988336
4337,2025-05-14,286.5835266113281,291.0379181347918,284.7436358366363,289.7306677604059,10359258
4338,2025-05-15,290.1663818359375,290.89264511245915,281.8385570214769,286.53506545332925,22640626
4339,2025-05-16,290.6990051269531,292.63570728089223,286.14774324450434,290.50532309086736,16763668
4340,2025-05-19,294.4271240234375,294.86289381528456,289.5369630567162,292.4420161977535,12575289
4341,2025-05-20,288.4717712402344,295.6375630838809,287.69710222265644,294.7660530511735,21339095
4342,2025-05-21,286.7771301269531,292.6840768775061,286.2929546482476,288.32649756915606,11997632
4343,2025-05-22,281.6933288574219,286.9708541689505,277.480995665399,286.53508435360214,26158839
4344,2025-05-23,288.66546630859375,289.29488860777093,282.516430966752,282.7585187396455,9872024
4345,2025-05-26,287.30975341796875,294.1850218741288,286.38980814760674,290.55370562542714,16469130
4346,2025-05-27,285.227783203125,288.181271566729,282.9521819308902,287.6002550401406,17074710
4347,2025-05-28,281.9353942871094,286.2929738883065,281.3059720328376,285.2277818532238,10099453
4348,2025-05-29,283.8236999511719,284.59836897398986,282.12908560599465,282.12908560599465,9773818
4349,2025-05-30,280.5797119140625,285.32462606714705,279.12718536403287,282.758501739107,21788566
4350,2025-06-02,283.7752685546875,284.3562851056245,279.2724420004522,281.1123031186449,7255782
4351,2025-06-03,279.127197265625,286.0509015389711,278.6430217283039,283.2426893328545,10989055
4352,2025-06-04,279.4176940917969,280.62813294950126,277.96516746255156,279.1272005866398,8580196
4353,2025-06-05,284.93731689453125,285.9056680139689,280.9186656592112,281.79017575635885,13110486
4354,2025-06-06,286.438232421875,287.6002655173844,283.6784555355663,284.2594425315918,7935393
4355,2025-06-09,290.989501953125,291.61892424999877,286.7771688098469,288.5686242330491,8666186
4356,2025-06-10,291.5220642089844,292.2483274776183,288.81069316010877,291.0378886965617,7273892
4357,2025-06-11,286.0993347167969,291.8610058374493,284.6952138482143,291.57051233788775,10941604
4358,2025-06-12,279.8534240722656,286.4381987003345,279.36924859809216,285.8087764942542,14071159
4359,2025-06-13,276.4642333984375,277.3841787453238,272.88132258098824,273.60758589114175,16028417
4360,2025-06-16,279.5145263671875,281.30598173089703,277.2388954755418,278.8366983591143,11067299
4361,2025-06-17,279.4176940917969,281.25758479689154,278.11044376686004,279.5145351107592,7286868
4362,2025-06-18,278.207275390625,279.17562654694706,276.4642551299382,278.40095744258224,11904855
4363,2025-06-19,277.3841552734375,278.54615874031805,276.270527984052,277.7230544814481,13573824
4364,2025-06-20,283.8236999511719,285.17938551696784,276.02845623231923,276.5126317595127,33014151
4365,2025-06-23,281.06390380859375,284.1626391165812,278.9819548759131,282.17750165149454,6833477
4366,2025-06-24,276.9000244140625,285.37309701483883,276.31900781109147,284.1626580718708,15007849
4367,2025-06-25,281.257568359375,281.88699061825,277.43256997188115,277.43256997188115,10838516
4368,2025-06-26,284.2110290527344,284.9372923297005,280.5797126679039,281.59646943496506,10232220
4369,2025-06-27,289.779052734375,291.183173582518,284.8404564516138,285.6635607573622,15523628
4370,2025-06-30,290.4084777832031,291.4736698624816,286.87400231481786,290.8926533145361,8415241
4371,2025-07-01,288.1328430175781,291.9578414845851,287.6002617609346,291.47366595973506,12349270
4372,2025-07-02,285.518310546875,289.294873699044,284.1141897157614,288.13284062834805,10826029
4373,2025-07-03,284.40472412109375,289.48856729295994,283.8237075625345,288.9559564677266,10373094
4374,2025-07-04,284.6951904296875,285.80878815537665,282.41955969788035,284.40469695402146,14193884
4375,2025-07-07,286.5350646972656,287.2613279718709,284.2110281288743,285.3730611889341,6220756
4376,2025-07-08,288.3265380859375,288.9559603863584,283.7752761258537,284.84046823903606,6254288
4377,2025-07-09,290.1663818359375,290.50531060865995,287.01924097101033,288.8106962967761,5650646
4378,2025-07-10,289.779052734375,293.1198756893476,288.5686139176065,290.5053160244361,9307817
4379,2025-07-11,289.1011962890625,291.37682718369206,287.5518582390185,289.77905384975355,7073217
4380,2025-07-14,288.7622985839844,290.9410884740495,288.036035287296,290.0211431442192,5484223
4381,2025-07-15,288.6170349121094,290.5053313868159,287.4550313176004,288.6654701983788,6173407
4382,2025-07-16,287.648681640625,289.48857236693266,286.34143130061625,289.48857236693266,8144630
4383,2025-07-17,287.21295166015625,288.762319381695,286.4382530235212,288.132867504513,8318287
4384,2025-07-18,284.8404846191406,291.95787147591477,284.211062282524,287.1161157300455,8702106
4385,2025-07-21,287.60028076171875,287.8423685401377,283.0006129717586,284.6952274206913,5298012
4386,2025-07-22,288.37493896484375,289.3917253269252,285.2277979639942,287.6971109418524,7775653
4387,2025-07-23,289.779052734375,290.16638724539513,287.697103879879,289.39171822335487,5310964
4388,2025-07-24,289.8758850097656,291.81258705820005,287.11607868040096,290.36006052187423,6294709
4389,2025-07-25,282.8553771972656,288.32655529161315,281.6933439950449,287.7455386905028,8202572
4390,2025-07-28,282.6616516113281,285.90563337880826,281.5480538692244,282.7584926218866,7037396
4391,2025-07-29,283.8236999511719,284.59836897398986,280.62812374065743,281.3059812994199,6586034
4392,2025-07-30,279.8050537109375,287.1160924743307,277.52942278435324,283.72686372674167,10515572
4393,2025-07-31,281.7901611328125,284.98570784043096,275.93164898493546,275.93164898493546,14283621
4394,2025-08-01,282.0322570800781,283.53318946015554,277.2389073278963,282.4195916086403,6697683
4395,2025-08-04,278.836669921875,282.32270972610723,276.65788026836685,281.98381053249784,10397121
4396,2025-08-05,276.94842529296875,279.51454989670066,276.07691517966583,278.0136174544418,15561914
4397,2025-08-06,275.786376953125,279.2724467665108,275.0601136399917,278.49777771986055,12985269
4398,2025-08-07,276.51263427734375,277.2388975747471,274.4306854018,275.49587748167073,8893659
4399,2025-08-08,275.8348083496094,277.1904939379996,274.6243695114522,275.78637306504544,6172968
4400,2025-08-11,275.8348083496094,277.33574068823253,274.3338464592568,275.8348083496094,8755499
4401,2025-08-12,275.64111328125,278.4493253426438,275.0116910255161,275.39902552506555,13184438
4402,2025-08-13,279.0787658691406,280.2407693208184,276.99678760873013,277.916732865736,9928283
4403,2025-08-14,279.56292724609375,280.96701837327413,278.0619655631729,279.9018264325586,8464495
4404,2025-08-18,281.1607360839844,282.08065185962835,279.3692807132589,280.3376317729236,9836105
4405,2025-08-19,280.0909423828125,282.13327810692135,278.6807504191529,282.03601837158203,7196772
4406,2025-08-20,280.4799499511719,281.0634786801803,279.06978767553085,280.2854601611717,3106073
4407,2025-08-21,276.2007751464844,281.5983488453277,275.8117659061222,280.4799361494731,7389271
4408,2025-08-22,275.5686340332031,276.73566176535235,274.0611824031939,276.2007777647218,6824793
4409,2025-08-25,276.3466796875,276.78433367976874,274.4502483065157,275.5686611229176,7426789
4410,2025-08-26,272.21337890625,276.00627115142953,271.2408409111012,275.22825262711217,22905910
4411,2025-08-28,266.9130554199219,274.255705157843,266.0863922167015,274.255705157843,12455072
4412,2025-08-29,267.6910705566406,268.5177337494827,264.77345670861183,266.0863888761254,12841075
4413,2025-09-01,272.1647644042969,272.89416790206815,268.4204871798367,268.4204871798367,10820878
4414,2025-09-02,278.8266296386719,279.9936573186593,272.164739043884,272.5051332470267,16983677
4415,2025-09-03,278.1944580078125,281.25797617588785,277.7568337548744,281.0634567215809,30178885
4416,2025-09-04,274.0611877441406,280.0423199960402,273.18590950809545,278.9725222944279,5946090
4417,2025-09-05,277.5137023925781,278.7779898212633,274.5960886222258,274.5960886222258,9695914
4418,2025-09-08,275.0337219238281,279.79918164903796,274.3529631627289,278.53486449927703,5186605
4419,2025-09-09,276.0549011230469,276.54117009466415,273.963950480993,275.2768529607576,7093190
4420,2025-09-10,275.17962646484375,278.5835093101367,274.74197251293344,276.88156788749023,7767863
4421,2025-09-11,278.92388916015625,280.77173512119623,274.79060262115405,274.79060262115405,7406625
4422,2025-09-12,279.7505187988281,280.6744416683619,277.27055904513384,279.361509577788,7618852
4423,2025-09-15,278.3890075683594,280.86896764170785,277.90273855950636,280.38269863285484,5420800
4424,2025-09-16,280.43133544921875,281.74426767207285,278.4862594685472,278.6807492589119,8626429
4425,2025-09-17,279.2642517089844,281.25797220925705,278.0972240381065,281.06345275769337,19010126
4426,2025-09-18,281.1607360839844,281.89013956932183,278.2431221426345,279.1184003891387,16842964
4427,2025-09-19,278.34039306640625,282.2305451445978,277.076075833291,282.03602566888617,14993879
4428,2025-09-22,278.7779846191406,281.06345463250244,278.04858119016353,279.1183788218969,9456933
4429,2025-09-23,280.6744689941406,281.06347825305374,277.5623355638277,280.72308402169074,13619147
4430,2025-09-24,285.245361328125,286.46103373351167,279.06976925236245,279.99366247275503,14032389
4431,2025-09-25,276.58978271484375,286.75281600507043,275.81176423882266,285.926152824609,16242837
4432,2025-09-26,274.49884033203125,276.3466565276837,272.407889645385,275.7145127870004,8959035
4433,2025-09-29,272.8941650390625,278.24312396660133,272.2620212835269,276.1035285237842,14600560
4434,2025-09-30,272.5537414550781,278.14583427708243,271.3380691024685,274.2556827487316,18772881
4435,2025-10-01,272.9427795410156,275.08237497971265,272.21337605230127,273.2831737716498,11812449
4436,2025-10-03,281.7442626953125,282.0360122154581,273.33178548390373,275.5686406298664,19597461
4437,2025-10-06,279.0211181640625,280.7230594926611,276.7356481583298,280.43130999384476,11702722
4438,2025-10-07,281.0634460449219,284.3214538640417,279.2156300172049,281.0148310229427,11371062
4439,2025-10-08,277.4650573730469,282.37639168858715,276.8329136594234,282.37639168858715,9989251
4440,2025-10-09,278.2917175292969,279.069765666448,274.4988256091278,277.1733048666126,10714949
4441,2025-10-10,281.2093505859375,283.2516862769683,277.4164584051681,277.4164584051681,10773268
4442,2025-10-13,278.2917175292969,280.2854380562139,277.076045139531,279.8477841240975,8950161
4443,2025-10-14,279.60467529296875,279.9936845574755,277.5623395549279,278.63213729194973,7667654
4444,2025-10-15,282.9599304199219,285.19675584889626,279.16700864456936,279.2642683761559,8125514
4445,2025-10-16,283.8352355957031,285.1967829286857,282.61956303419976,284.37011965096224,7824732
4446,2025-10-17,281.7928771972656,283.4948186471197,280.09093574741155,283.0085496614471,14275188
4447,2025-10-20,280.2854309082031,284.0783227316436,279.2156332965915,282.18186198017287,13536721
4448,2025-10-21,280.6744689941406,281.6470069811754,280.2854597352275,280.3826897903278,398291
4449,2025-10-23,281.69561767578125,283.15442463389456,280.09093595775727,281.0148589030305,21031287
4450,2025-10-24,280.5771789550781,282.7653891895631,278.6807182133908,281.6955915834703,16350189
4451,2025-10-27,283.0571594238281,284.75910084202894,280.2854500006463,281.0634684914512,13396182
4452,2025-10-28,280.3340759277344,284.564622124817,278.92388396887213,282.57090143540813,13543174
4453,2025-10-29,287.23907470703125,288.5033621052577,280.820318630994,281.06345310599914,14608714
4454,2025-10-30,283.49481201171875,288.30888672900187,282.95992801179966,288.1629822931123,10329750
4455,2025-10-31,280.23681640625,283.98109361064735,279.1184036515609,283.98109361064735,10088802
4456,2025-11-03,280.0909423828125,282.1818931348389,279.2642791516846,281.06348037719727,8578207
4457,2025-11-04,271.38671875,277.124716730008,270.46282545184107,276.68706275542957,26098629
4458,2025-11-06,262.7797546386719,270.8518074040475,262.4393604349388,270.36553845000077,21919591
4459,2025-11-07,264.53033447265625,265.3083529963624,261.36958599090576,262.77977795456536,11379131
4460,2025-11-10,265.2225646972656,267.54645180953463,263.590858183498,265.6181180241124,10717941
4461,2025-11-11,264.67864990234375,266.16199749773756,261.71195471155613,265.2719949762581,11154806
4462,2025-11-12,264.134765625,267.24978951326466,263.5414205560963,266.0136665275419,16444701
4463,2025-11-13,266.854248046875,267.4475931421342,262.7008625588455,264.1347773574899,12573141
4464,2025-11-14,268.2881164550781,269.27701482782635,266.50811145564467,267.3486811082373,10308317
4465,2025-11-17,270.5131530761719,270.908736590646,267.00257572610195,269.0792684619509,9884392
4466,2025-11-18,271.15594482421875,273.7270564403353,269.2770137802799,270.95815307892525,16434280
4467,2025-11-19,272.09539794921875,272.9359676534738,269.47482313612903,272.8865348033116,15765235
4468,2025-11-20,274.1226501464844,275.9520880541015,271.4526123794352,272.1942861837506,15337345
4469,2025-11-21,274.5181884765625,275.90264013323076,272.342600031239,274.1226351716262,12941485
4470,2025-11-24,272.7381591796875,275.9520788916759,269.4748066205665,274.91374767162375,49791096
4471,2025-11-25,270.4142761230469,273.8259574525211,269.62313930580683,271.94705655209975,12114606
4472,2025-11-26,271.9964904785156,273.8754215651714,270.46371004338476,270.9581592390765,8352869
4473,2025-11-27,270.6614990234375,273.9248516100949,270.26591552790507,273.9248516100949,9865039
4474,2025-11-28,266.953125,271.30427175878066,266.4586758188026,270.7603595521937,12580231
4475,2025-12-01,266.65643310546875,269.42536658301617,265.7664306293502,269.42536658301617,10428760
4476,2025-12-02,264.48089599609375,267.64535285071713,263.9369837547472,266.01367648424736,11029817
4477,2025-12-03,265.46978759765625,266.0136696462371,261.5636268454636,264.4808891974844,9063557
4478,2025-12-04,266.1125793457031,267.20037367815644,262.6514347653062,263.5908701869996,5103204
4479,2025-12-05,266.8047790527344,268.48591842191763,264.8269822319468,265.2225657391319,5535798
4480,2025-12-08,262.255859375,266.4092144150703,261.81084303770024,265.8158693582651,10203843
4481,2025-12-09,261.6130676269531,262.79975781465754,259.98139125294836,261.16808144065277,10686557
4482,2025-12-10,262.5525207519531,264.2830929226346,261.3658306205438,261.9591756862485,7157092
4483,2025-12-11,261.86029052734375,263.3931011913678,259.5858362243208,261.31640846581627,8336183
4484,2025-12-12,260.6736145019531,263.7886383094003,260.37692688580677,262.0580661742871,5522827
4485,2025-12-15,259.2891845703125,260.9208609701886,257.6080451408732,260.67363635872897,6400400
4486,2025-12-16,257.459716796875,260.42641213885065,256.81693884187075,259.2397219305461,9241981
4487,2025-12-17,258.2013854980469,259.83306186793055,256.421350220986,257.45971167730113,10944698
4488,2025-12-18,255.0863494873047,258.7947184165903,252.96020891421256,257.8552528829912,10930748
4489,2025-12-19,260.5252990722656,261.01974827894765,255.0863577987635,255.18522349707223,16657897
4490,2025-12-22,262.0580749511719,262.651420024554,256.1741174232074,256.22358045027994,10054250
4491,2025-12-23,264.0358581542969,266.31031227662237,261.46471642115773,262.05806146400255,10526826
4492,2025-12-24,265.0741882324219,267.0519849144136,263.34361613567916,264.82696364717293,6131188
4493,2025-12-26,262.5030822753906,266.3103168262234,261.9097372224092,265.02476102708283,6029003
4494,2025-12-29,257.7069396972656,263.49200161145643,257.1135945970538,262.9975523910775,7270521
4495,2025-12-30,257.459716796875,258.5475111246899,256.07526500637687,257.11359630455405,10929200
4496,2025-12-31,261.66253662109375,262.255881728473,257.65747978037325,258.49804950092835,5145868
4497,2026-01-01,263.83807373046875,264.5797475098971,261.1680662317967,261.1680662317967,4298196
4498,2026-01-02,267.9420471191406,269.0792743009689,263.29421233227725,264.53033539487006,13348375
4499,2026-01-05,268.6342468261719,269.7714739610066,265.7170146262727,268.2386934982447,11526602
4500,2026-01-06,265.56866455078125,270.2659321506915,263.0469855949752,263.0469855949752,11777253
4501,2026-01-07,261.1680603027344,265.96422333657813,260.5252824109122,265.5192070075106,14877056
4502,2026-01-08,256.4213562011719,262.3547469055148,255.0863674357233,261.06919099108813,11762204
4503,2026-01-09,255.1357879638672,260.87138662952566,253.4052157586859,257.41024221916314,14100782
4504,2026-01-12,255.67967224121094,256.61913780372106,251.47686908140932,255.1357901863585,9698555
4505,2026-01-13,255.92689514160156,257.0641524503751,253.2568875553814,256.17411974285073,9734559
4506,2026-01-14,255.48190307617188,256.8169219278936,253.89965962890105,254.24578009842648,15435341
4507,2026-01-15,255.48190307617188,255.48190307617188,255.48190307617188,255.48190307617188,0
4508,2026-01-16,254.44354248046875,258.64636061822983,253.35577839960462,255.43244086582428,9648251
4509,2026-01-19,254.7896728515625,255.92690000315432,253.80077442778094,254.0479990337263,10588722
4510,2026-01-20,251.22964477539062,254.9874617616948,250.58685175347193,254.78967000763222,12452441
4511,2026-01-21,252.96022033691406,255.97636355347535,249.25185124017293,249.25185124017293,14263346
4512,2026-01-22,256.3719177246094,256.9652628177811,252.61410067643763,253.75134292345138,15520530
4513,2026-01-23,251.32852172851562,257.0641505421909,249.79574128366247,256.37190959231805,18022018
4514,2026-01-27,251.52630615234375,255.48189962773728,249.25183688611412,253.6524316096111,17375059
4515,2026-01-28,256.9158020019531,257.8552675891323,251.1802031357224,251.1802031357224,16046343
4516,2026-01-29,257.6080322265625,260.12971106552004,255.8774600331019,259.684724894472,26914029
4517,2026-01-30,253.65243530273438,259.48692972813217,251.22963728165874,258.39913547080425,23292764
4518,2026-02-02,267.39813232421875,268.1892691840343,247.224610170096,248.46073322094648,37109237
4519,2026-02-03,280.0560302734375,281.3415860820884,270.2164794268213,272.9853827895078,52651170
4520,2026-02-04,286.18719482421875,288.7583367350135,279.75935513662427,285.5938497403762,27775044
4521,2026-02-05,286.13775634765625,287.76943266204506,282.97326941525415,287.76943266204506,9870342
4522,2026-02-06,289.5,290.24167378309136,286.1871843997685,288.9561179639131,19951107
4523,2026-02-09,289.75,292.54998779296875,288.0,292.5,13114576
4524,2026-02-10,294.3500061035156,295.29998779296875,286.5,290.0,21823214
4525,2026-02-11,294.45001220703125,297.6499938964844,292.20001220703125,297.6499938964844,10508852
4526,2026-02-12,293.8999938964844,296.0,291.75,294.45001220703125,10482579
4527,2026-02-13,287.20001220703125,294.29998779296875,286.8500061035156,292.0,10914157
4528,2026-02-16,300.5,300.95001220703125,287.25,288.0,22196951
4529,2026-02-17,300.75,301.6000061035156,297.0,299.29998779296875,11190989
4530,2026-02-18,300.54998779296875,302.25,298.45001220703125,299.45001220703125,9147320
4531,2026-02-19,294.6499938964844,301.6000061035156,293.1000061035156,300.1000061035156,7552362
4532,2026-02-20,298.95001220703125,302.04998779296875,294.25,295.54998779296875,11762183
4533,2026-02-23,303.3500061035156,304.29998779296875,299.0,302.0,11774742
4534,2026-02-24,304.79998779296875,306.20001220703125,300.79998779296875,304.0,15863867
4535,2026-02-25,307.25,311.70001220703125,305.1499938964844,307.0,14240500
4536,2026-02-26,303.25,307.70001220703125,301.3999938964844,307.1000061035156,14249515
4537,2026-02-27,298.6499938964844,305.79998779296875,297.8999938964844,305.79998779296875,21400679
4538,2026-03-02,296.79998779296875,298.6000061035156,289.5,290.0,15690227
4539,2026-03-04,291.95001220703125,296.0,288.8999938964844,296.0,28191826
4540,2026-03-05,299.45001220703125,300.1000061035156,291.8999938964844,292.0,19467441
4541,2026-03-06,299.1499938964844,302.75,297.0,299.95001220703125,15887540
4542,2026-03-09,295.20001220703125,296.25,285.5,285.5,21591866
4543,2026-03-10,298.6499938964844,300.04998779296875,293.75,298.1499938964844,14627316
4544,2026-03-11,298.79998779296875,302.8999938964844,298.04998779296875,298.6499938964844,12618289
4545,2026-03-12,303.6000061035156,304.8999938964844,295.1000061035156,295.79998779296875,15284297
4546,2026-03-13,300.95001220703125,309.5,298.70001220703125,308.6499938964844,23615092
4547,2026-03-16,297.75,303.0,291.3999938964844,300.95001220703125,25911819
4548,2026-03-17,298.5,302.0,292.1499938964844,302.0,12300000
4549,2026-03-18,299.3999938964844,304.20001220703125,297.54998779296875,299.54998779296875,8691698
4550,2026-03-19,296.70001220703125,300.5,295.95001220703125,297.6499938964844,8594078
4551,2026-03-20,297.6000061035156,305.0,296.6000061035156,300.1000061035156,28392470
4552,2026-03-23,302.1000061035156,304.3500061035156,293.1000061035156,298.0,23771660
4553,2026-03-24,299.0,309.0,292.3999938964844,309.0,24123621
4554,2026-03-25,297.25,302.25,296.6000061035156,299.8999938964844,9470693
