Price,Close,High,Low,Open,Volume
Ticker,AAPL,AAPL,AAPL,AAPL,AAPL
Date,,,,,
2000-01-03,0.838496208190918,0.8427095283043525,0.7617158800408831,0.7855928275314206,535796800
2000-01-04,0.767802357673645,0.8286641530267459,0.7579705468501174,0.8108739120933899,512377600
2000-01-05,0.7790377736091614,0.8281960296637116,0.7715475008445213,0.7771651929164612,778321600
2000-01-06,0.7116209864616394,0.8015101437223386,0.7116209864616394,0.7949561375143657,767972800
2000-01-07,0.7453299164772034,0.7565662014181423,0.7153671733856014,0.7228574466076525,460734400
2000-01-10,0.7322214245796204,0.7659293441935464,0.7097489447710223,0.7640567625582941,505064000
2000-01-11,0.694767415523529,0.7443938452267228,0.677913483777978,0.7186443647304877,441548800
2000-01-12,0.6531001925468445,0.7153672763033673,0.6479497569832293,0.7116212640455517,976068800
2000-01-13,0.7247299551963806,0.7397113512861003,0.6928946322734421,0.7077585638885455,1032684800
2000-01-14,0.7523519396781921,0.7659288605487886,0.7443935102583488,0.7490749363873064,390376000
2000-01-18,0.7785696387290955,0.794019991596388,0.7523520097628008,0.7565661287741984,459177600
2000-01-19,0.7982335686683655,0.81461939307356,0.774356618763605,0.7912106010078889,597643200
2000-01-20,0.8502004146575928,0.9101258953599362,0.8502004146575928,0.865181759830099,1831132800
2000-01-21,0.8338145613670349,0.8558181218207479,0.8253871732602506,0.8558181218207479,495924800
2000-01-24,0.7958924770355225,0.8445817177857131,0.7874650401191825,0.812278243148938,440876800
2000-01-25,0.8408366441726685,0.8473915513716024,0.766866035119716,0.786528856482515,497145600
2000-01-26,0.8253872394561768,0.8553500327508506,0.822110285530002,0.8239828163431979,367158400
2000-01-27,0.8239827752113342,0.8464552941129416,0.8015103063158883,0.8150872291663448,340144000
2000-01-28,0.761247456073761,0.8305366852603864,0.7537571840555964,0.8104057572353877,423348800
2000-01-31,0.777165412902832,0.7781017285172982,0.7078762072038735,0.7565663693722271,701680000
2000-02-01,0.7509476542472839,0.7865289920138381,0.7490751233332983,0.779037868234564,318035200
2000-02-02,0.7401793599128723,0.7649925625352383,0.7266023896180775,0.7546934454954489,464195200
2000-02-03,0.773888111114502,0.7809110751466831,0.7509474387336521,0.7514155963308757,475193600
2000-02-04,0.8090014457702637,0.8239827919682607,0.7762289571143168,0.7785696955708141,425320000
2000-02-07,0.8544135093688965,0.8558179821461825,0.793551722193226,0.8090012727864337,441067200
2000-02-08,0.8605004549026489,0.8698632088427218,0.8333465082348419,0.8539455470238001,408643200
2000-02-09,0.8436455130577087,0.8773542650142274,0.8422411400790251,0.8548817970473211,299364800
2000-02-10,0.8502004146575928,0.8530092606081908,0.8239827355656731,0.8455189380650506,302982400
2000-02-11,0.8146191239356995,0.8548818349372846,0.8108739624726858,0.851136673474271,212251200
2000-02-14,0.867522656917572,0.8679908146907354,0.8136829628124896,0.8188325482987729,367539200
2000-02-15,0.8913992047309875,0.8984221682610697,0.8628408932559604,0.8633090508197135,485744000
2000-02-16,0.8548816442489624,0.8848452295528804,0.839900301652357,0.8820355839868306,378246400
2000-02-17,0.8605004549026489,0.8651818318726854,0.8473916392682144,0.8628411433876672,289497600
2000-02-18,0.8333463668823242,0.8642453698801297,0.830536671069645,0.8586276784640303,233441600
2000-02-22,0.8525410294532776,0.8759498105704552,0.7991694605617511,0.8249189797734133,422296000
2000-02-23,0.8707994818687439,0.8913994197662503,0.8314730368790564,0.848210398909999,473099200
2000-02-24,0.8629575967788696,0.8923356120788636,0.837091463656049,0.8787586412776894,376432000
2000-02-25,0.8267914652824402,0.8764179205328259,0.8249189349160624,0.8600321046824486,249144000
2000-02-28,0.8483275771141052,0.8614363884598323,0.8118100383486101,0.8249188496943372,328328000
2000-02-29,0.8586277961730957,0.878290618935799,0.84317749245764,0.8506685154670866,368961600
2000-03-01,0.9761382341384888,0.9892470501371503,0.8876543262214982,0.8881224839339749,1077003200
2000-03-02,0.913871705532074,0.9583477760552792,0.904039896226928,0.9513256123344258,311259200
2000-03-03,0.9588160514831543,0.9605720678707923,0.8988905670793887,0.9354072669020995,323366400
2000-03-06,0.9414942264556885,0.9672437052013104,0.9363437906398935,0.9438349154112375,210560000
2000-03-07,0.9204257726669312,0.9546026786652906,0.9073169594241467,0.9471115567665553,273011200
2000-03-08,0.913871705532074,0.9283849906552226,0.8881222383669897,0.920425711669897,271230400
2000-03-09,0.9157446026802063,0.9363436423476871,0.8857818085500373,0.9054446327909782,276718400
2000-03-10,0.941961944103241,0.9583477592590277,0.9063805682443177,0.9115310016534945,248606400
2000-03-13,0.9087210893630981,0.9475793568143436,0.8951441236294861,0.914807736122889,303956800
2000-03-14,0.8558181524276733,0.9307258824281794,0.8539455216853628,0.9080192845605921,428579200
2000-03-15,0.8707994818687439,0.9007630733616266,0.854881820824372,0.8661181051265022,443609600
2000-03-16,0.9105940461158752,0.9138718498006494,0.8576906306850063,0.8787587253703086,378100800
2000-03-17,0.936343789100647,0.9363437891006471,0.8960810187708749,0.8998270812121208,305043200
2000-03-20,0.9213619828224182,0.945706976075449,0.91668050722805,0.9251079433938267,204489600
2000-03-21,1.0107829570770264,1.0243598261020612,0.9110627983271532,0.9180849615722971,524328000
2000-03-22,1.0800726413726807,1.0814779148620266,0.9855020660743328,0.99463169318094,567996800
2000-03-23,1.0585370063781738,1.1264217694358942,1.0487051951490098,1.063686540774634,562564800
2000-03-24,1.0388731956481934,1.0781996333392774,1.014996258457516,1.0669633511224916,446913600
2000-03-27,1.0454281568527222,1.0842864427106087,1.0252963773857717,1.030914969381886,279182400
2000-03-28,1.042150855064392,1.0636862012361312,1.027168614110349,1.0281049291607598,202966400
2000-03-29,1.0182746648788452,1.0444923055370674,1.002473611773555,1.0440242476822987,239836800
2000-03-30,0.941961944103241,1.0313828412392767,0.9396211562291141,1.000483041128607,414400000
2000-03-31,1.0173380374908447,1.0281052640284438,0.9438346817730452,0.9546028084215391,404633600
2000-04-03,0.9986110329627991,1.0449604619675439,0.9695845451540611,1.0149968583269358,328563200
2000-04-04,0.9536663889884949,0.99626983314439,0.8745453497978654,0.9934609873971089,660329600
2000-04-05,0.9766067266464233,0.9953332262479263,0.9288529625164414,0.947345333367092,457665600
2000-04-06,0.9377491474151611,1.007506565089246,0.9232350543768347,0.9784800792226334,259627200
2000-04-07,0.9869064092636108,0.9878426247214627,0.9400896356309848,0.9531984522629208,242435200
2000-04-10,0.936343789100647,0.9943976556929891,0.9344712579417552,0.98643837314115,212262400
2000-04-11,0.8946765661239624,0.9354073906248783,0.8843765955331432,0.9251083201450957,541822400
2000-04-12,0.8183642625808716,0.8913994640967688,0.7855926735151357,0.8913994640967688,941136000
2000-04-13,0.8525410294532776,0.8988904340675048,0.8127464315946967,0.8352189474777731,529827200
2000-04-14,0.8380280137062073,0.8839084226687183,0.8164917573901483,0.8188324961005786,667620800
2000-04-17,0.9279170632362366,0.9283852209353906,0.8169598380621746,0.8202376920486996,409561600
2000-04-18,0.9503895044326782,0.9503895044326782,0.8942082819338951,0.9251081893371854,390924800
2000-04-19,0.9073171019554138,0.9756700245789829,0.8970171327666224,0.9452391748111216,520150400
2000-04-20,0.89046311378479,0.9344710359922137,0.8768861409686446,0.9265125554293918,722120000
2000-04-24,0.9026355147361755,0.9026355147361755,0.8595639173797797,0.8614364476814397,443620800
2000-04-25,0.9611573219299316,0.9644351274857691,0.914340529388799,0.9148086873129728,391641600
2000-04-26,0.9087210893630981,0.9588155353609675,0.8988900832145593,0.9485155716768685,366912000
2000-04-27,0.9494523406028748,0.9513257713465479,0.8732576559797878,0.877822418205003,326603200
2000-04-28,0.9293214678764343,0.9550710423151668,0.908721628303255,0.9522621960371948,249580800
2000-05-01,0.9311940670013428,0.93728071716354,0.9129357167119708,0.9354072862685486,226195200
2000-05-02,0.8829717636108398,0.9457069770639536,0.8801629182562016,0.9232345140178027,236432000
2000-05-03,0.8619047403335571,0.9082533479906176,0.8361552693828619,0.8909312148349392,489798400
2000-05-04,0.8291324377059937,0.8633093519535031,0.828196122251888,0.8623730364993974,399515200
2000-05-05,0.8473915457725525,0.859564044665015,0.8293663761961899,0.8300685626617554,284076800
2000-05-08,0.8249192237854004,0.85160496611868,0.8239829082681815,0.8396664932186143,184900800
2000-05-09,0.7898057699203491,0.8333463267214735,0.7855925015613215,0.8263233626851724,327140800
2000-05-10,0.7439255714416504,0.7865290270487842,0.7397114515833884,0.7795060606882607,535091200
2000-05-11,0.7701430320739746,0.7809111580143172,0.741584715526691,0.7593749561397897,499744000
2000-05-12,0.8061925172805786,0.8277279202916367,0.7847729285370285,0.794020017713752,306913600
2000-05-15,0.7565662264823914,0.8094695988994819,0.7500113683388492,0.8094695988994819,678932800
2000-05-16,0.7916784882545471,0.8169598030231706,0.7696749773257019,0.7829004067564891,440451200
2000-05-17,0.7593750357627869,0.7766971205452606,0.7518839125529805,0.7762289628492699,398092800
2000-05-18,0.7546934485435486,0.7860606075872942,0.7537571333504166,0.7715473720506841,373777600
2000-05-19,0.7041309475898743,0.7434573953257868,0.6994486704097691,0.7434573953257868,740667200
2000-05-22,0.6736992001533508,0.7022583707802116,0.6442045642071632,0.7022583707802116,755507200
2000-05-23,0.6428000926971436,0.6994486217717542,0.6413956696728262,0.6779132686254354,517585600
2000-05-24,0.6568453311920166,0.6722948382839781,0.6217321468096132,0.6456090941874253,678462400
2000-05-25,0.6536847949028015,0.6940649704159803,0.6442045267751644,0.6629318842989178,406750400
2000-05-26,0.6470133662223816,0.6732309964036219,0.6385868280184921,0.6591858659529066,181148800
2000-05-30,0.65590900182724,0.6601222715048395,0.6123692815046468,0.6563771095650835,713059200
2000-05-31,0.6292232871055603,0.6835311422294172,0.6278188637083085,0.6507594960753948,433507200
2000-06-01,0.6676132678985596,0.6708902214618927,0.6020691960160606,0.6123691644776129,903840000
2000-06-02,0.6933627128601074,0.7472023912940471,0.6666769274585076,0.7022582580288608,792848000
2000-06-05,0.6839990615844727,0.7134936950171571,0.6718265620588818,0.6989804571368977,323668800
2000-06-06,0.6957034468650818,0.7247299223511092,0.6765087824631618,0.6889154107136715,525481600
2000-06-07,0.7233256101608276,0.7266026143246846,0.6863398985896193,0.7013220963940616,337019200
2000-06-08,0.7102165818214417,0.7378386303127904,0.6975759265726511,0.7312846739437759,238526400
2000-06-09,0.7172398567199707,0.7336256287087369,0.70693988571329,0.7247300810065637,252358400
2000-06-12,0.683062732219696,0.7223891731432154,0.6807220440905913,0.7219210155149322,290337600
2000-06-13,0.7078761458396912,0.7092805691334694,0.6605904611921257,0.6830629341023697,351456000
2000-06-14,0.6774452924728394,0.7209850182136824,0.6751045534676594,0.7092806231013448,277446400
2000-06-15,0.6919583678245544,0.6994486408270267,0.6666770024824693,0.6835309793443282,248572800
2000-06-16,0.683062732219696,0.7022582451085725,0.667145072821135,0.700384814496951,303564800
2000-06-19,0.7237936854362488,0.7331573892263746,0.6727628474461214,0.678381389759632,394004800
2000-06-20,0.7584388256072998,0.7785698093528123,0.7369026184863927,0.7378388840021223,501390400
2000-06-21,0.8333463668823242,0.8530091869494562,0.7537571711767274,0.7565660668909316,490000000
2000-06-22,0.8052554726600647,0.8633093295947277,0.8024466263828258,0.8352191166065709,467712000
2000-06-23,0.7743564248085022,0.8183643007898685,0.7612476085479766,0.8057236422511715,204965600
2000-06-26,0.8108739852905273,0.820237689310139,0.7809112425645875,0.7865289349110273,185354400
2000-06-27,0.7752926349639893,0.8314730041326812,0.773420054337145,0.8057235328303507,203470400
2000-06-28,0.8155553936958313,0.8296004743472056,0.7715475209939429,0.7987014669351323,286428800
2000-06-29,0.767802357673645,0.808065066173723,0.7649926616492846,0.7949562517751979,203660800
2000-06-30,0.7846564650535583,0.823046651837304,0.7743564941888228,0.7912104737217188,323097600
2000-07-03,0.7987014651298523,0.8136828111150857,0.7809112230354813,0.7809112230354813,70828800
2000-07-05,0.773419976234436,0.8267914940762948,0.7603111630779201,0.7977650221097234,265216000
2000-07-06,0.7762288451194763,0.7930836197543811,0.7434572613027599,0.786528812930717,309545600
2000-07-07,0.8155553936958313,0.8211739360192316,0.7809112248005506,0.7879333400738623,263603200
2000-07-10,0.8558181524276733,0.8726729292440252,0.8052554221757913,0.8104058568034087,397796000
2000-07-11,0.8530091643333435,0.8876541274592398,0.8305366490493536,0.8539453795363317,357896000
2000-07-12,0.882035493850708,0.8829717089027158,0.8445815911189932,0.8707992130176739,225433600
2000-07-13,0.8464552164077759,0.9082533250523508,0.8202375884673587,0.876418005456152,445659200
2000-07-14,0.8642453551292419,0.88390817486077,0.8520728571662082,0.8558180180504554,190276800
2000-07-17,0.873609185218811,0.8810994076418257,0.8558180942409136,0.8726728699113154,260002400
2000-07-18,0.8576905131340027,0.8820356080689178,0.8520728220453366,0.8764179169802517,318404800
2000-07-19,0.7893378138542175,0.851136732760698,0.7752927323002556,0.8267916813704943,457872800
2000-07-20,0.8258553743362427,0.8548818514158744,0.8108739781029857,0.8239827935686402,465572800
2000-07-21,0.8024464845657349,0.8333463884749645,0.7930836319588674,0.8143849542419876,196235200
2000-07-24,0.7294121980667114,0.7921465756075359,0.7116211065826935,0.7874651489553558,412171200
2000-07-25,0.7500114440917969,0.7584388339494507,0.735030045533439,0.7537574063069722,211607200
2000-07-26,0.7500114440917969,0.7678025393393023,0.737838892117692,0.7467344397414448,210470400
2000-07-27,0.7790377736091614,0.797765130727139,0.7472024516546037,0.7490750323473039,294985600
2000-07-28,0.7237936854362488,0.7865289156347653,0.7022583318625276,0.7832519118442673,237893600
2000-07-31,0.761247456073761,0.7734200044586917,0.7303484525480081,0.7364342516819959,155299200
2000-08-01,0.7387748956680298,0.7663969422957345,0.7378385805312342,0.7537570879981884,137284000
2000-08-02,0.7078761458396912,0.7481388639134694,0.7069398803125624,0.7340937808707908,162355200
2000-08-03,0.7191123962402344,0.720048711791691,0.662932012973869,0.682594789572972,339897600
2000-08-04,0.7097484469413757,0.7678022373843916,0.6938307891169551,0.7411164551127916,263121600
2000-08-07,0.718176007270813,0.7350299343314103,0.7069397725288261,0.7172397418864322,187348000
2000-08-08,0.7003851532936096,0.7191125176131734,0.6938311933580821,0.7181762519098637,176674400
2000-08-09,0.7116209864616394,0.7256661141520879,0.7078758757757629,0.7209846882901289,379640800
2000-08-10,0.7125573754310608,0.725666189302992,0.709748529624228,0.7191121824162778,251714400
2000-08-11,0.7144305109977722,0.7191119357386725,0.6825943524563706,0.7017898590984993,238056000
2000-08-14,0.7050674557685852,0.7144311132418981,0.6938312168191539,0.7130258895374518,156660000
2000-08-15,0.6994485259056091,0.7181758805412617,0.6966396802419537,0.7078759130011912,114200800
2000-08-16,0.7266026139259338,0.7340937378271276,0.7013220960091844,0.7022584114875825,143673600
2000-08-17,0.7706109881401062,0.7855923789651856,0.7237934354749426,0.7247297005176774,270900000
2000-08-18,0.7490752935409546,0.7762291982350858,0.7472027121953075,0.7696752385345882,190176000
2000-08-21,0.7565662264823914,0.7724838889590547,0.743457410306281,0.752820214639402,134467200
2000-08-22,0.7743564248085022,0.7912104028313256,0.7546936504732037,0.7584387622293359,276802400
2000-08-23,0.8136828541755676,0.8202377122049211,0.7649927520575113,0.7710794523762063,236863200
2000-08-24,0.8406028747558594,0.8483280284475042,0.7996379175182936,0.8190666660511754,310766400
2000-08-25,0.8511369228363037,0.8614368949727319,0.8445821132601291,0.8464555446452512,334460000
2000-08-28,0.8698630928993225,0.8839082220606302,0.8548817484761908,0.8576905942862889,359004800
2000-08-29,0.8867179155349731,0.8904629763853869,0.8642453501617355,0.8670541958056994,267030400
2000-08-30,0.8913992047309875,0.8988903258248229,0.8794607367999427,0.8839080836371522,285392800
2000-08-31,0.9129359722137451,0.9213625131188042,0.8829722708885336,0.8834404287186515,419596800
2000-09-01,0.9503895044326782,0.9531983505311223,0.9157445355730112,0.9185533816714553,256872000
2000-09-05,0.9354074001312256,0.9606888190706981,0.9325985536070721,0.9386853045225066,298642400
2000-09-06,0.8754819631576538,0.9344712443676199,0.865181991803731,0.9194897951659514,355404000
2000-09-07,0.9288530945777893,0.9372804306469912,0.8726726876751977,0.8857814992919502,217464800
2000-09-08,0.882035493850708,0.9232344568150355,0.8764178034894985,0.9232344568150355,195518400
2000-09-11,0.8754819631576538,0.9045084459766278,0.8707996852111498,0.8792271254333813,187381600
2000-09-12,0.8651817440986633,0.8998268105171353,0.8539454603897163,0.859095894647639,187997600
2000-09-13,0.8689268231391907,0.891399288419844,0.8502003188063332,0.8502003188063332,305984000
2000-09-14,0.8518391847610474,0.8932722008932696,0.851136898042965,0.8773545353863139,426552000
2000-09-15,0.8274940252304077,0.8717367854536164,0.8127467051889196,0.8651819764914305,394514400
2000-09-18,0.9087210893630981,0.9101254616630207,0.8249186577928439,0.8277275024049592,424536000
2000-09-19,0.8979539275169373,0.9063804628470259,0.877353996497061,0.8951442823086032,271510400
2000-09-20,0.9145740866661072,0.9204258070294942,0.8773542047929991,0.8899948608936459,227388000
2000-09-21,0.8492642045021057,0.8932720301605167,0.827727999335872,0.8764181522713468,510490400
2000-09-22,0.7818475365638733,0.7855926982693223,0.7490750963606966,0.753757323588062,726700800
2000-09-25,0.8015102744102478,0.8314730150103432,0.7799748718305031,0.7902739904036451,435551200
2000-09-26,0.7706109881401062,0.8202373859396187,0.7696747230973714,0.798701189698651,290936800
2000-09-27,0.7331573963165283,0.790274034747731,0.7228574270607214,0.7752926886101253,402259200
2000-09-28,0.8015102744102478,0.8061925011340737,0.7209848058481938,0.7387750471252544,979585600
2000-09-29,0.385773241519928,0.4344633793228502,0.38015555066902446,0.4222908323705822,7421640800
2000-10-02,0.36330172419548035,0.4007556176824956,0.35206548864105125,0.39981932722733443,2424788800
2000-10-03,0.33427512645721436,0.37453785204001844,0.33240172110896626,0.3736015619166204,2038120000
2000-10-04,0.3539380729198456,0.35581062897718824,0.3277204378887459,0.3352115622291825,1466024000
2000-10-05,0.33052924275398254,0.3670468441035013,0.32959295234195546,0.35206547242168984,873006400
2000-10-06,0.3324017822742462,0.3436380159148324,0.3146115415669445,0.3398928797351716,612656800
2000-10-09,0.32584768533706665,0.34270160480396517,0.31648398558274826,0.3389564949476751,597564800
2000-10-10,0.3127390444278717,0.33614780637969865,0.30712047650207874,0.32397528016844895,691101600
2000-10-11,0.2940116822719574,0.3146116243910205,0.28652143294384547,0.3015028067080613,1198422400
2000-10-12,0.29963019490242004,0.3118027197793961,0.2921390718594942,0.3043115967364703,1191064000
2000-10-13,0.33052924275398254,0.33146553316600963,0.29963020897833254,0.3033753206202768,1247752800
2000-10-16,0.32210269570350647,0.3483203267454144,0.3202292648232383,0.3342752208367095,820176000
2000-10-17,0.3015027344226837,0.3286566538206122,0.29494875220497674,0.32491151755291114,601720000
2000-10-18,0.3015027344226837,0.31554783928049557,0.2809027972424622,0.291202765832573,834265600
2000-10-19,0.28371235728263855,0.2968211655382619,0.27434868349926145,0.2869893593220043,1506724800
2000-10-20,0.29213908314704895,0.30524789889856063,0.2837125195152469,0.2855851003236837,791263200
2000-10-23,0.30524781346321106,0.3080575089911643,0.2912027112385434,0.303609311965197,551292000
2000-10-24,0.2827763259410858,0.31273910166863556,0.28184003529904367,0.3099302297425091,804451200
2000-10-25,0.27715763449668884,0.28745760210279897,0.2762213692715187,0.2855850466493815,663969600
2000-10-26,0.27715763449668884,0.28277620096771683,0.2621762657554966,0.28183991073946957,721851200
2000-10-27,0.27809393405914307,0.2874576117512972,0.2677939661073151,0.28277621045908413,744503200
2000-10-30,0.28933024406433105,0.29869392343269946,0.2809028301201616,0.28652139778556945,639189600
2000-10-31,0.2930753827095032,0.3033753275702199,0.28839395554520425,0.2958850791116573,885880800
2000-11-01,0.30712035298347473,0.31273891864957576,0.2912026962944305,0.2912026962944305,575366400
2000-11-02,0.33427512645721436,0.3361476817009362,0.3155477737986463,0.31648403891897003,590693600
2000-11-03,0.33333805203437805,0.3445743108286358,0.32865665049936926,0.3445743108286358,515821600
2000-11-06,0.32116636633872986,0.3389566066363183,0.3127389787762042,0.3361477358139525,393478400
2000-11-07,0.31929317116737366,0.3267842733939217,0.31180289404295436,0.3221028689434807,301963200
2000-11-08,0.30056649446487427,0.32116643509661374,0.2968213575696759,0.3202292945171981,422088800
2000-11-09,0.3024391531944275,0.30712055676506234,0.2855851952282802,0.2977577246207026,476834400
2000-11-10,0.2855851352214813,0.2977576620562273,0.2855851352214813,0.2900324839311215,422251200
2000-11-13,0.29026657342910767,0.2996302798632169,0.2734126419391136,0.2809028919980863,431816000
2000-11-14,0.303375244140625,0.30712037984151797,0.29307530211243993,0.2986938432668156,409001600
2000-11-15,0.29775768518447876,0.30243911313817656,0.28839400417521877,0.30009839916132763,282357600
2000-11-16,0.2846486568450928,0.2968211756464192,0.2827761020467341,0.2921389260446642,239372000
2000-11-17,0.27715763449668884,0.28839389233104623,0.27341252358985396,0.28745760210279897,446180000
2000-11-20,0.28371235728263855,0.2921389160959595,0.2734124186335005,0.2785619754074557,408066400
2000-11-21,0.2818399667739868,0.29213908632311336,0.2809028262547988,0.2874576592542078,301952000
2000-11-22,0.27715763449668884,0.2865213368776288,0.2752850790432714,0.28183991073946957,280532000
2000-11-24,0.28933024406433105,0.29213909034309266,0.28183997065224514,0.28254218222193556,160932800
2000-11-27,0.27996668219566345,0.2986940487921211,0.27715780973495885,0.2977577579718862,258792800
2000-11-28,0.2701355814933777,0.28464882091004706,0.2687311583343648,0.2799665686095509,269124800
2000-11-29,0.26311254501342773,0.2743487773762202,0.2584311190704577,0.271071799218602,492150400
2000-11-30,0.24719499051570892,0.25468524016563965,0.24157642191945963,0.2500038372598188,809597600
2000-12-01,0.25562238693237305,0.262176371158863,0.25187639941183165,0.25468524622274347,385705600
2000-12-04,0.25000375509262085,0.2574948523854417,0.24625861899700308,0.2574948523854417,371520800
2000-12-05,0.2546851634979248,0.2612399957002893,0.24532233550168273,0.25374889820045593,613978400
2000-12-06,0.21442241966724396,0.22472236135398002,0.20974099394555076,0.2191046704904081,1374464000
2000-12-07,0.21442241966724396,0.2228498060671477,0.20974099394555076,0.21629582505862216,408917600
2000-12-08,0.22565867006778717,0.22940465605731986,0.21629584285703346,0.2219135341828703,435624000
2000-12-11,0.22753122448921204,0.23034091993540357,0.2228497989177078,0.22753122448921204,332511200
2000-12-12,0.23034091293811798,0.23970373879362894,0.22472234731785998,0.22846748266067904,386260000
2000-12-13,0.22472243010997772,0.23314984409140502,0.22284987425021882,0.23314984409140502,344887200
2000-12-14,0.21629589796066284,0.228467573935196,0.21629589796066284,0.22519059482797232,263317600
2000-12-15,0.2106773406267166,0.22004101968435938,0.20974105023050527,0.21816843889193666,513945600
2000-12-18,0.21348614990711212,0.21910469141171887,0.20880473623994947,0.21816840117736316,325808000
2000-12-19,0.20974107086658478,0.22846758071956685,0.20974107086658478,0.2153587637904053,374007200
2000-12-20,0.21535876393318176,0.21910475099076457,0.20412336557654995,0.20646407929738836,565331200
2000-12-21,0.2106773406267166,0.22472242165925296,0.20786848193962335,0.21348618681226908,366844800
2000-12-22,0.22472243010997772,0.22472243010997772,0.21161361397761191,0.21161361397761191,318052000
2000-12-26,0.2200409173965454,0.22472231719525215,0.2134860875715212,0.22284976227638345,216815200
2000-12-27,0.22191360592842102,0.22191360592842102,0.21254992558573643,0.21489063939595618,325466400
2000-12-28,0.22191360592842102,0.22378618697783084,0.21442250663514625,0.21535877215676613,305177600
2000-12-29,0.2228498011827469,0.22472235642853675,0.21723211044230298,0.22004095581252495,630336000
2001-01-02,0.2228498011827469,0.2284674919231908,0.21816837556366075,0.2228498011827469,452312000
2001-01-03,0.24532239139080048,0.2500038189569795,0.21629591027936626,0.217232200793219,817073600
2001-01-04,0.25562238693237305,0.27715774592305165,0.25187639941183165,0.27177413120316635,739396000
2001-01-05,0.24532239139080048,0.26030378970498635,0.24064013872282541,0.25374895600930575,412356000
2001-01-08,0.24813120067119598,0.2544511294368788,0.23876752184304273,0.2537489179077008,373699200
2001-01-09,0.25749480724334717,0.2642828667893142,0.2481311310427491,0.2518762664817973,588929600
2001-01-10,0.24813120067119598,0.25468518327788414,0.24064010258957136,0.2500037814177246,580781600
2001-01-11,0.26966750621795654,0.2771577563272001,0.24344986811789357,0.24344986811789357,803734400
2001-01-12,0.25749480724334717,0.2696673537755369,0.25562225202536004,0.2677939234499612,423376800
2001-01-16,0.2565585672855377,0.27341251601637295,0.25468513677631544,0.2612399682909458,306118400
2001-01-17,0.2518763542175293,0.26311261455309903,0.24719495204035835,0.26311261455309903,840873600
2001-01-18,0.27996668219566345,0.2809029480128054,0.26404898815888356,0.2668578606195881,1227010400
2001-01-19,0.29213908314704895,0.29307537355126734,0.27996655779975566,0.2912027927428305,776664000
2001-01-22,0.2883939743041992,0.29401166726430267,0.27622144778475066,0.2855851278241475,519327200
2001-01-23,0.30712035298347473,0.3136751837406147,0.2855850057359027,0.28933014110927907,879530400
2001-01-24,0.30712035298347473,0.3099300483672383,0.29307527648265547,0.30899378327619936,717091200
2001-01-25,0.298693984746933,0.30805766603742557,0.29588513789158694,0.30805766603742557,489708800
2001-01-26,0.2930753827095032,0.296821344542051,0.28558510924785796,0.29213909227602686,482820800
2001-01-29,0.32491153478622437,0.32584782515358035,0.2930753620126853,0.2930753620126853,855528800
2001-01-30,0.32584768533706665,0.3295927951933567,0.3127388757264582,0.323038815440244,692423200
2001-01-31,0.32397523522377014,0.3370840500871229,0.3211663892045039,0.32210267954528604,730704800
2001-02-01,0.3164840638637543,0.32210263014844137,0.30712038679643966,0.30993008248954174,369695200
2001-02-02,0.3089938461780548,0.3286566422432294,0.307120415503956,0.3164840934465232,427341600
2001-02-05,0.3024391531944275,0.30805769758548907,0.29588516819306665,0.30712055676506234,286115200
2001-02-06,0.3164840638637543,0.3204632784495259,0.2996301402281084,0.3019708282164815,462711200
2001-02-07,0.3108663856983185,0.312738966171087,0.2968212820602351,0.30946196284528077,393887200
2001-02-08,0.3108663856983185,0.3155478118771624,0.3024389984754633,0.30805753999224306,604128000
2001-02-09,0.28652140498161316,0.3118027473381006,0.27996657172738043,0.30712046998237774,590083200
2001-02-12,0.2949487268924713,0.2996301530761074,0.2818399134773532,0.28558504942364665,274120000
2001-02-13,0.28652140498161316,0.30618420453466433,0.28464882408002024,0.2986939309344587,237070400
2001-02-14,0.29213908314704895,0.29401163895240395,0.27715768658710044,0.28745765612903873,309120000
2001-02-15,0.30056649446487427,0.30805761836011614,0.29494880162361853,0.29494880162361853,311416000
2001-02-16,0.2846486568450928,0.2921389260446642,0.28090267214098297,0.2846486568450928,263911200
2001-02-20,0.2743488550186157,0.2912028082833588,0.2724762991133286,0.28745767146970147,314893600
2001-02-21,0.2827763259410858,0.2986939919453588,0.27341264442493163,0.27341264442493163,390258400
2001-02-22,0.2818399667739868,0.2902665054943183,0.2696674412943568,0.2855851034284948,431961600
2001-02-23,0.2818399667739868,0.28277625718838434,0.2734125779488648,0.27903027042908585,293865600
2001-02-26,0.29213908314704895,0.2949487794614036,0.2780939769913188,0.2855851003236837,206438400
2001-02-27,0.29026657342910767,0.29120286406263723,0.2799666263676447,0.28886214998035725,348516000
2001-02-28,0.2734124958515167,0.291202708469515,0.27153991558499985,0.29026641833625655,508233600
2001-03-01,0.28090280294418335,0.28090280294418335,0.257494869443528,0.2668577228043662,330461600
2001-03-02,0.2883939743041992,0.3061842187868355,0.2734126013046989,0.27434886679599335,406201600
2001-03-05,0.30524781346321106,0.3071203687444594,0.2883938658151335,0.29026642109638184,324172800
2001-03-06,0.32210269570350647,0.33052923418402086,0.3099301455672221,0.31039830326263823,731802400
2001-03-07,0.3183566629886627,0.3239752046008405,0.31086639097656493,0.31929295324094437,419540800
2001-03-08,0.31180277466773987,0.31648417732588296,0.30618423137183604,0.30993019360201446,204859200
2001-03-09,0.303375244140625,0.3099300754709928,0.29963013344280776,0.3089938102980763,299135200
2001-03-12,0.2790302336215973,0.2977575896302698,0.27153996130063945,0.2949487437606803,391020000
2001-03-13,0.2930753827095032,0.2930753827095032,0.2724762930867123,0.2827762629505116,443329600
2001-03-14,0.30618420243263245,0.30712046787391817,0.2762214330309477,0.2771576984722334,477775200
2001-03-15,0.2949487268924713,0.320229213380735,0.2949487268924713,0.3127389664912255,529317600
2001-03-16,0.2940116822719574,0.3043116533314889,0.2827762957782468,0.2846488518595034,470316000
2001-03-19,0.30805763602256775,0.30899392655082036,0.29213912184791085,0.29588510906273013,356008800
2001-03-20,0.2949487268924713,0.31367523172549083,0.2949487268924713,0.3103982533994074,499206400
2001-03-21,0.3015027344226837,0.3127389933304896,0.29026647551487783,0.2963531751799797,371375200
2001-03-22,0.32397523522377014,0.32584781590533435,0.3024390321978951,0.3052478782171613,723301600
2001-03-23,0.34457430243492126,0.35300169009919036,0.3295929077757507,0.3305291980611764,944888000
2001-03-26,0.3262975215911865,0.3558105845665774,0.31655882113454026,0.3465224146453055,734451200
2001-03-27,0.34262707829475403,0.3453235104293907,0.3280945382404638,0.32869441213028805,543821600
2001-03-28,0.3321400582790375,0.33708406758377923,0.32210269626432064,0.33079184212350543,584662400
2001-03-29,0.3375329077243805,0.35131623077547525,0.3221026817813381,0.32614730506299094,613065600
2001-03-30,0.3306416869163513,0.34037953741061144,0.31970493862048655,0.33783327350404585,400349600
2001-04-02,0.32345086336135864,0.3394809627351007,0.32060426275507975,0.3309411359131846,340911200
2001-04-03,0.30322596430778503,0.32060425427399575,0.30157738630154934,0.3200052305100859,368687200
2001-04-04,0.29213908314704895,0.3033753180901238,0.28090282320089227,0.29603438827014017,685484800
2001-04-05,0.312664270401001,0.33708400001930783,0.2996301416739164,0.3086187976435853,446762400
2001-04-06,0.3084694743156433,0.3152105541802357,0.29813175168423267,0.3116155866196446,324889600
2001-04-09,0.307720422744751,0.3197050285941697,0.3005288091300585,0.3099671753594131,266582400
2001-04-10,0.33019188046455383,0.34007992144992927,0.3113152090991437,0.313113105196059,457374400
2001-04-11,0.3265970051288605,0.34457431956948653,0.31880637048063687,0.3442748076756942,334096000
2001-04-12,0.3358851373195648,0.34487379355176695,0.316859095788275,0.3209037435623024,298933600
2001-04-16,0.321203351020813,0.3355857253368722,0.3125142040633845,0.3309412023541689,285224800
2001-04-17,0.3056229054927826,0.3177576756056822,0.2936374537772536,0.3176075071035711,685199200
2001-04-18,0.3414281904697418,0.36075457015045614,0.3158104111213089,0.323151365021921,1100842400
2001-04-19,0.3853244185447693,0.3857732487493018,0.3535637620960189,0.38277733026189187,1873670400
2001-04-20,0.37513700127601624,0.38397634168233463,0.36854526313017133,0.37348927301500084,693403200
2001-04-23,0.36330172419548035,0.37453798475299266,0.35955573727309126,0.36464994044573273,541525600
2001-04-24,0.3600054979324341,0.3707920546902787,0.35221486106462063,0.36449982782304674,377137600
2001-04-25,0.37034308910369873,0.3724404974355104,0.3531141420633528,0.36270182295070585,330780800
2001-04-26,0.3698934018611908,0.3910168531850255,0.3697432333681484,0.3770841623934116,799696800
2001-04-27,0.3925151824951172,0.3938633983364086,0.37079188535647184,0.3775337896644231,453012000
2001-04-30,0.38187894225120544,0.4062986802241692,0.37258992114679274,0.40000642886926996,494776800
2001-05-01,0.3884705603122711,0.397009536231303,0.3775338142920166,0.38067995149716827,427252000
2001-05-02,0.39835771918296814,0.4000062719391631,0.38592343988574196,0.3946125835671679,368524800
2001-05-03,0.37393802404403687,0.393264402721909,0.3704923999589093,0.38906958642670103,301543200
2001-05-04,0.385773241519928,0.38727165079090803,0.3589566186723577,0.36315143454131704,281052800
2001-05-07,0.37393802404403687,0.38592347420529505,0.3721401277601545,0.38382606605769104,276550400
2001-05-08,0.3680954575538635,0.38127892936489144,0.3588072899373445,0.379781395140466,315436800
2001-05-09,0.3592562675476074,0.36779607101049927,0.35461259470807555,0.36165318822970416,324889600
2001-05-10,0.34457430243492126,0.3670467944729352,0.34382511018687745,0.362701809474919,288976800
2001-05-11,0.3423274755477905,0.35191515397152373,0.34097925983829136,0.34472439515372383,203044800
2001-05-14,0.3489193618297577,0.3547619074680183,0.3408292389681358,0.3429266476692314,309220800
2001-05-15,0.34727153182029724,0.38202813362598503,0.34517412373388007,0.3501173069934101,237025600
2001-05-16,0.36105403304100037,0.3670467451179453,0.34232750476127066,0.348469560206786,322330400
2001-05-17,0.35281452536582947,0.36449961111380896,0.34832019814726967,0.3630020521085426,332119200
2001-05-18,0.35251516103744507,0.3541628891832458,0.34637225368810004,0.3499680470077792,159051200
2001-05-21,0.35296398401260376,0.35820753037182157,0.3453235421939071,0.3540126882838309,460997600
2001-05-22,0.35206547379493713,0.3615038122504466,0.35056706408731747,0.35955572211112374,412916000
2001-05-23,0.348020076751709,0.35581068936855725,0.3424770418480883,0.35581068936855725,281041600
2001-05-24,0.3475710451602936,0.3490686044416122,0.338881900922516,0.34891926106424653,271756800
2001-05-25,0.3409792482852936,0.34891919891744266,0.3370839446446019,0.3475709832536235,158743200
2001-05-29,0.3216530680656433,0.3370841485119983,0.3117650470822127,0.33438689045168163,515989600
2001-05-30,0.29633399844169617,0.31101588795277935,0.28914323474679005,0.31101588795277935,777078400
2001-05-31,0.2988809645175934,0.30322597471211304,0.2919897156913673,0.2966333876734076,442892800
2001-06-01,0.3129637837409973,0.31595972737795647,0.29933063124485965,0.30157735769412125,456075200
2001-06-04,0.30951812863349915,0.3162592074138437,0.3065213601965088,0.3158103522294487,281920800
2001-06-05,0.3137129843235016,0.31610990431753777,0.3048736714504861,0.31161557619102653,471794400
2001-06-06,0.3105669915676117,0.3135629364369986,0.3045742767269735,0.3135629364369986,223176800
2001-06-07,0.3244997262954712,0.3250987253190678,0.3063722111184129,0.3102666923938399,325180800
2001-06-08,0.31940537691116333,0.32434938564416,0.3102665516897563,0.32434938564416,342624800
2001-06-11,0.30022916197776794,0.3156602367367335,0.29888094599546017,0.3153607248630629,294000000
2001-06-12,0.30427464842796326,0.309967024013826,0.2960343342560194,0.29618450273791924,303794400
2001-06-13,0.30667173862457275,0.32554844733960825,0.3005288291807339,0.32090392314014793,511487200
2001-06-14,0.2978322505950928,0.3063720772045886,0.29618452269093676,0.3002291707561209,297348800
2001-06-15,0.30622193217277527,0.31086642946024295,0.2898923200642987,0.3011285795780803,454624800
2001-06-18,0.30457425117492676,0.31236403722255973,0.29963024121862797,0.3057722989814264,345912000
2001-06-19,0.3024768531322479,0.3206043402132942,0.29977957026535074,0.31236404829347586,321087200
2001-06-20,0.3246488869190216,0.3273461689348388,0.29933064542746096,0.2996301572951956,431620000
2001-06-21,0.3369339406490326,0.34457438320754485,0.3161099967159553,0.3228510783253554,341331200
2001-06-22,0.3334881663322449,0.3445742289967225,0.32599704554688574,0.3367844465007912,286025600
2001-06-25,0.359406441450119,0.35955575987214655,0.3363349200216787,0.33708411245262865,439549600
2001-06-26,0.3558104932308197,0.3561100050737564,0.3447244295346838,0.3496684376968784,272781600
2001-06-27,0.3496684432029724,0.35955563458155565,0.3370839949924949,0.35700939632882694,374130400
2001-06-28,0.35266441106796265,0.3582074683881245,0.3436757546133163,0.3453234824396362,348409600
2001-06-29,0.34832024574279785,0.37603540489456305,0.3475710285840271,0.35446230125710987,515390400
2001-07-02,0.3580581545829773,0.36300216357191356,0.3466717270352845,0.3541628497704325,230048000
2001-07-03,0.3571587800979614,0.36225298274846074,0.35206545255528304,0.35221477095262077,112543200
2001-07-05,0.34742093086242676,0.35611007645529497,0.34472449863400656,0.35356383773227257,152292000
2001-07-06,0.33004260063171387,0.34397526563249264,0.32539807892785544,0.3409793218555278,302920800
2001-07-09,0.34007999300956726,0.3445743216468187,0.3247990856195042,0.330941142233365,337467200
2001-07-10,0.3167089521884918,0.3456230129076898,0.31221462371930536,0.3438251164996933,395270400
2001-07-11,0.3376831114292145,0.33783327994503765,0.3146115917038924,0.31506127214962665,470506400
2001-07-12,0.36494937539100647,0.37169128032177373,0.3490686204647272,0.3490686204647272,614801600
2001-07-13,0.3722902834415436,0.37468720337045075,0.3571587215791801,0.361503731210699,454742400
2001-07-16,0.3589567542076111,0.3760355359653593,0.3582075617907777,0.37274007945342896,278667200
2001-07-17,0.37603557109832764,0.3778334680463491,0.3447245807976189,0.3592562997192709,647830400
2001-07-18,0.31146544218063354,0.34127886468105084,0.3059224093744145,0.3262974942341144,1137012800
2001-07-19,0.29903119802474976,0.3209038201003073,0.2958850850829526,0.3180572190908134,861140000
2001-07-20,0.2993306815624237,0.3005287041749088,0.2919897270581798,0.29513583970153545,444584000
2001-07-23,0.29273897409439087,0.30712049877969483,0.292289293603657,0.3009784408475432,241360000
2001-07-24,0.2859969735145569,0.2984312538391321,0.28060328469692264,0.2904913016451449,348376000
2001-07-25,0.2767080068588257,0.28914313960564386,0.2692177336123498,0.28644670724504867,443878400
2001-07-26,0.27850592136383057,0.2816520593570181,0.26741985418967945,0.2768582181630751,369140800
2001-07-27,0.2840489447116852,0.28839393001206454,0.2771576707095983,0.28090280710884286,334135200
2001-07-30,0.2836000919342041,0.29004166059004044,0.2773078666787401,0.28644669265953204,243359200
2001-07-31,0.2815026640892029,0.2909410013210588,0.2773078475417114,0.2886934245556444,235026400
2001-08-01,0.28554725646972656,0.29633380761705497,0.28389952889065406,0.284798064360664,304136000
2001-08-02,0.296933650970459,0.2976819928983963,0.28854399536706005,0.29438653807761467,252089600
2001-08-03,0.29213908314704895,0.2981317967901355,0.2846488099194653,0.2979824783856173,186054400
2001-08-06,0.28659600019454956,0.29453595247043984,0.2846487605217759,0.2852477842516207,99652000
2001-08-07,0.2883939743041992,0.2946862004700961,0.2843493253840279,0.28959284718894196,168548800
2001-08-08,0.28315046429634094,0.29513589323600836,0.2777567487398614,0.2885441548497353,276169600
2001-08-09,0.285398006439209,0.286895566045622,0.28045399698376716,0.28404896514086997,200664800
2001-08-10,0.2849484086036682,0.28944273892908995,0.2785059875695722,0.28524792061176957,186961600
2001-08-13,0.2859969735145569,0.2895927660596464,0.28105296504044575,0.28614631689469944,147996800
2001-08-14,0.2806033492088318,0.2900416879834454,0.27970481341675607,0.2876447674361727,228950400
2001-08-15,0.2762591540813446,0.28374942671899517,0.27266333615527716,0.2810529945775717,289279200
2001-08-16,0.27940523624420166,0.2809027705449,0.2692176824677274,0.2737120105821434,288092000
2001-08-17,0.27071619033813477,0.2764085429628559,0.26951729235444205,0.2696674858932959,208426400
2001-08-20,0.271464467048645,0.2731130451390505,0.2668207949888517,0.2717648290506173,252302400
2001-08-21,0.2684686779975891,0.2717649859770764,0.26517239502119644,0.2717649859770764,185701600
2001-08-22,0.272813618183136,0.2734126421641375,0.2638241079555146,0.26876811855353244,173975200
2001-08-23,0.2668208181858063,0.27476077200889126,0.2633751934154433,0.2726633634441732,217078400
2001-08-24,0.278206467628479,0.27895566011101297,0.2644239412726976,0.2696674885516686,290332000
2001-08-27,0.2834498882293701,0.28914308897296415,0.2720643118437392,0.2786560481829526,175644000
2001-08-28,0.2756592929363251,0.2867462091143297,0.2756592929363251,0.28315041602507485,171735200
2001-08-29,0.2671203315258026,0.28210172848465326,0.2671203315258026,0.2762591831952996,239971200
2001-08-30,0.2671203315258026,0.27236385296540755,0.25888004063401115,0.26577211531300726,368692800
2001-08-31,0.2779069244861603,0.2786561168846658,0.2644239116152588,0.26562195937145927,216904800
2001-09-04,0.2734124958515167,0.2858467748637408,0.2723637668919367,0.27715760637840137,348213600
2001-09-05,0.2779069244861603,0.28389963857244394,0.2714645049373376,0.2732624016733987,360057600
2001-09-06,0.2654725909233093,0.28360009989477597,0.2644238866846285,0.27565929629762365,282368800
2001-09-07,0.25887995958328247,0.2711648952672643,0.25768191225887244,0.2621762399283364,241830400
2001-09-10,0.2602289319038391,0.26217617084363,0.2534870296254359,0.2546850516310867,308845600
2001-09-17,0.2545360028743744,0.2557340511518831,0.23565929158144236,0.23970394217121346,458007200
2001-09-18,0.24389858543872833,0.26547254000041975,0.24225085769449173,0.2531876034035552,327101600
2001-09-19,0.2549854516983032,0.25618349888655484,0.23371101298870298,0.24719484456919052,373318400
2001-09-20,0.23490993678569794,0.253936803537186,0.23221350491953116,0.2440487615560968,411174400
2001-09-21,0.23565922677516937,0.24344986384812373,0.21992863418978895,0.22172655621683757,570516800
2001-09-24,0.2464456856250763,0.2522882297986706,0.2389545885269174,0.2413523336714542,294537600
2001-09-25,0.23281249403953552,0.24300002136599905,0.22996589411434729,0.24180114899170962,374404800
2001-09-26,0.2269701212644577,0.23805619237018769,0.22367381358293492,0.23685731909565466,493796800
2001-09-27,0.23236288130283356,0.23595867436946982,0.22771920911856805,0.2284675513278413,322240800
2001-09-28,0.23236288130283356,0.23835559471333823,0.2305649847695154,0.2353596505589196,365108800
2001-10-01,0.23281249403953552,0.2395543978043799,0.22816799810362695,0.2320633019432831,208208000
2001-10-02,0.22547157108783722,0.2371574828374217,0.22292445792752477,0.23116477105056638,235883200
2001-10-03,0.22442296147346497,0.23011616382894104,0.22217535919265333,0.22397325599447684,683043200
2001-10-04,0.23790590465068817,0.24344978753223137,0.2245730873478024,0.2299659516272542,401122400
2001-10-05,0.2418012171983719,0.24195138570055255,0.22457309453061183,0.23071515129013317,342686400
2001-10-08,0.24270057678222656,0.24494732859196564,0.23221353473236112,0.23326223893734765,207984000
2001-10-09,0.23970381915569305,0.24270058851576776,0.23416078596159012,0.24045301149571172,174025600
2001-10-10,0.25198885798454285,0.2524385385421495,0.23895469762638571,0.24120227531247834,307759200
2001-10-11,0.26577216386795044,0.26577216386795044,0.2524385176138766,0.2534872220933895,334163200
2001-10-12,0.2698167562484741,0.270865460506456,0.2525877826923485,0.25932971366865576,287812000
2001-10-15,0.269517183303833,0.275359727103429,0.268918159606826,0.268918159606826,318752000
2001-10-16,0.2698167562484741,0.27266335710609596,0.2662209630491941,0.2710156290154668,202949600
2001-10-17,0.2545360028743744,0.2758096358244433,0.2540863222192489,0.27476090602746894,285538400
2001-10-18,0.26966750621795654,0.2731131317818579,0.25903026742899277,0.25903026742899277,612572800
2001-10-19,0.27416178584098816,0.2756593205235721,0.2678695348528359,0.26876807066423636,166790400
2001-10-22,0.2849484086036682,0.28569760117489695,0.2710157120611862,0.27281363421483446,391938400
2001-10-23,0.271764874458313,0.29094106500095984,0.26771937541234764,0.2864467355880345,684980800
2001-10-24,0.28389957547187805,0.2859969836808116,0.2659214122058363,0.27056590898321126,374427200
2001-10-25,0.28749537467956543,0.28839391031742767,0.2720643246342949,0.2762591411475104,254951200
2001-10-26,0.27970483899116516,0.2883939861826599,0.27895564654506533,0.28255144024561935,278964000
2001-10-29,0.26412343978881836,0.2797046784852826,0.26367458466018,0.2782062944529164,239181600
2001-10-30,0.26367467641830444,0.2696674145349583,0.2555845549700605,0.2603783954202693,276763200
2001-10-31,0.2630747854709625,0.27565923346676613,0.26127771441570025,0.265621873784826,273750400
2001-11-01,0.27850592136383057,0.28135254742011595,0.25843119567559775,0.2644239097189037,312995200
2001-11-02,0.278206467628479,0.2825514539864347,0.2720644094346655,0.2774572501428586,197204000
2001-11-05,0.28569746017456055,0.2883938920186528,0.278805361978796,0.2822518361289886,235793600
2001-11-06,0.29318779706954956,0.2939369894373387,0.27760740116540555,0.2840489703452844,316019200
2001-11-07,0.2934872806072235,0.3015774022543697,0.2895928008341965,0.29154004072071,382989600
2001-11-08,0.28030386567115784,0.29798252229143696,0.27820645684212275,0.29408719159131186,342143200
2001-11-09,0.28030386567115784,0.28839398902626767,0.27790694488109213,0.2786561373345791,134293600
2001-11-12,0.28090280294418335,0.2871950530534989,0.2690675450207841,0.27955461186759,201499200
2001-11-13,0.29019179940223694,0.29049131127399763,0.28030378212625867,0.2858468145077692,224672000
2001-11-14,0.2937876284122467,0.2981317887425741,0.2868955541028023,0.29348729140175495,221149600
2001-11-15,0.2913898825645447,0.29813178836009385,0.2880944264701347,0.2913898825645447,213029600
2001-11-16,0.28419917821884155,0.28899301991452886,0.2756593491623366,0.2886935079462785,230664000
2001-11-19,0.29963019490242004,0.3003793872165713,0.28404895000899527,0.28464879892131684,332589600
2001-11-20,0.2925887107849121,0.30262607114776713,0.2921390304398438,0.29693372055336503,276584000
2001-11-21,0.29483646154403687,0.2966335337825898,0.2885442334029879,0.29378775685386205,201583200
2001-11-23,0.2972332239151001,0.2988809518030959,0.29318775078798776,0.2952851590460175,60004000
2001-11-26,0.3201545476913452,0.32285097950980374,0.2978322257431711,0.2987307613154787,460689600
2001-11-27,0.31461164355278015,0.3224022554213235,0.3071205186604212,0.31760758844736614,268553600
2001-11-28,0.30757009983062744,0.3177576285163254,0.30577220358002927,0.3123639397645308,250611200
2001-11-29,0.30592241883277893,0.31011723569168,0.3024767942846336,0.3086188510701685,202764800
2001-11-30,0.319105863571167,0.32120327180575964,0.30337527680864373,0.3066715826524765,303912000
2001-12-03,0.31536078453063965,0.31880640938214844,0.30861887824192363,0.31551012794494115,181165600
2001-12-04,0.33558565378189087,0.3379825739726735,0.3104167291231721,0.3153607379986177,380419200
2001-12-05,0.355960875749588,0.3600055254295068,0.3321401579151535,0.334986759587067,568579200
2001-12-06,0.3412788510322571,0.35206542932167717,0.33169034527683977,0.35176591743894625,338934400
2001-12-07,0.3376831114292145,0.34023020048606134,0.32959296391159204,0.336484238607835,203515200
2001-12-10,0.3376831114292145,0.34442501770828665,0.33303861376125493,0.3339379746527234,170010400
2001-12-11,0.3262975215911865,0.34232759756440057,0.32434943145670864,0.33963034008259924,205475200
2001-12-12,0.32195255160331726,0.3283949715510833,0.3183567579085274,0.3276457791061845,192460800
2001-12-13,0.31461164355278015,0.3228511108392951,0.3071205186604212,0.32195257490148066,197842400
2001-12-14,0.30547264218330383,0.31206437729882264,0.3009782898333502,0.3105668182507983,189884800
2001-12-17,0.308918297290802,0.31461149756070556,0.30247672997092706,0.30562284194616507,173712000
2001-12-18,0.3147616982460022,0.31955553838418616,0.30292559118057516,0.31296380191879003,235239200
2001-12-19,0.3238997459411621,0.3247991067882125,0.30667162255913266,0.3083193506431323,289956800
2001-12-20,0.30966752767562866,0.3216529533757991,0.30891833543166924,0.3206042492545739,220864000
2001-12-21,0.31461164355278015,0.322701767400595,0.31161569865819416,0.3147618120933515,256334400
2001-12-24,0.3200051784515381,0.32135339425180864,0.31311310588136687,0.31311310588136687,50629600
2001-12-26,0.32195255160331726,0.33408734894905373,0.3167090295908369,0.3198551427983251,146400800
2001-12-27,0.3306416869163513,0.3333380943327946,0.32330073191433384,0.32330073191433384,191508800
2001-12-28,0.3360353708267212,0.3445743483692208,0.32899395287835015,0.3291432712838287,299124000
2001-12-31,0.32809457182884216,0.33948100052452057,0.3270458675467197,0.3372334234478081,137782400
2002-01-02,0.34906867146492004,0.34906867146492004,0.32899394732698994,0.3303421634898086,529496800
2002-01-03,0.35326361656188965,0.35581070640511453,0.3411288415945075,0.3445744675048759,612007200
2002-01-04,0.35491201281547546,0.3588073173071176,0.3444249469124248,0.34966846736241125,409976000
2002-01-07,0.34307676553726196,0.3595556956684322,0.34082918864574846,0.35536087888559276,444584000
2002-01-08,0.33873170614242554,0.3453234417730021,0.3364841297426645,0.3408291140749485,450038400
2002-01-09,0.32434943318367004,0.34352564707274635,0.31880639988320497,0.34157840703269016,327835200
2002-01-10,0.318057119846344,0.3215027436452944,0.3033752390294458,0.3179077764776634,452737600
2002-01-11,0.31536078453063965,0.32719604383859985,0.30861887824192363,0.32045413754988383,348801600
2002-01-14,0.3168591856956482,0.3206043226714741,0.3131132236180431,0.31476177697290103,415996000
2002-01-15,0.3250986337661743,0.32599716955316216,0.31775770364970896,0.31940543181005304,290320800
2002-01-16,0.31131529808044434,0.32075363646085053,0.30712045601940413,0.32075363646085053,566893600
2002-01-17,0.33678463101387024,0.3406791118447828,0.32764580269116117,0.32899401914830334,660576000
2002-01-18,0.3321400582790375,0.33858162714454465,0.3289939455489006,0.3295929443701254,338811200
2002-01-22,0.3268965482711792,0.33513601399381626,0.3268965482711792,0.3336384543817007,327314400
2002-01-23,0.34487390518188477,0.3451742422415115,0.3234509367278415,0.32659707494069806,443279200
2002-01-24,0.34772059321403503,0.35221492390652254,0.34307691905627485,0.34322626252154753,344002400
2002-01-25,0.34832024574279785,0.3508664839472944,0.3394809084446089,0.3429265322796125,185914400
2002-01-28,0.3486197292804718,0.35281457023452345,0.34037944074734816,0.3505669687856457,186446400
2002-01-29,0.34562304615974426,0.3526644639761745,0.34232759001270624,0.3478706231613796,240324000
2002-01-30,0.3609048128128052,0.36165318011396713,0.34367583784768907,0.34562307801388786,471576000
2002-01-31,0.37034308910369873,0.3704924324978993,0.36120426350057283,0.36195345577645205,468445600
2002-02-01,0.36569857597351074,0.37393804044262086,0.36464987185371917,0.36464987185371917,398305600
2002-02-04,0.3797815442085266,0.3823277834423788,0.3625525679638667,0.3643504648440635,522373600
2002-02-05,0.38127899169921875,0.3892197948630355,0.37573595889749084,0.375886127395543,456887200
2002-02-06,0.36959394812583923,0.3892198431150912,0.36180333749734317,0.38352664110951795,597576000
2002-02-07,0.3640509247779846,0.37888212896651285,0.36075464323511003,0.3692944464813558,347832800
2002-02-08,0.3600054979324341,0.3691443262541572,0.3501174521088767,0.36554853230091877,355331200
2002-02-11,0.3742375373840332,0.37453789935356996,0.35566120094759274,0.3585069512118726,398602400
2002-02-12,0.3701929450035095,0.37513695426882127,0.366297639973213,0.3694437526782587,224280000
2002-02-13,0.3746872842311859,0.3781329089414307,0.36929441950269937,0.37049246717493967,312872000
2002-02-14,0.36854517459869385,0.37798353663233075,0.3652488937667084,0.37528625454796066,260170400
2002-02-15,0.3580581545829773,0.3742375725175654,0.35730896229960707,0.367496492170501,260187200
2002-02-19,0.3388819992542267,0.3576085340705973,0.33678459055025356,0.35596080583226747,390258400
2002-02-20,0.34652236104011536,0.3475710651481126,0.3348364473646123,0.3411286720125955,285443200
2002-02-21,0.32210269570350647,0.34457434009272575,0.32135347837050365,0.3433762924461994,446751200
2002-02-22,0.34067898988723755,0.34382510219493584,0.3221026530145602,0.324499573091629,406476000
2002-02-25,0.3567100465297699,0.3703432049511484,0.3349867391374037,0.3423276705950691,426848800
2002-02-26,0.3546125590801239,0.3650996016992779,0.34832033350863156,0.3582075271911903,260131200
2002-02-27,0.3289939761161804,0.3633017324261952,0.31371306646171715,0.3586572346020798,1030159200
2002-02-28,0.3250986337661743,0.33843230277083974,0.3198551122544133,0.3318405650277306,456937600
2002-03-01,0.3513162434101105,0.3520654607376747,0.3268965341200224,0.3285442371697965,348992000
2002-03-04,0.36390066146850586,0.3682456462202756,0.34097931546197924,0.3484695873147263,348258400
2002-03-05,0.35251516103744507,0.3659981483336539,0.35056707086048394,0.36180333116127,274702400
2002-03-06,0.36060449481010437,0.36464996897915947,0.34352568746452056,0.3517660042331274,226206400
2002-03-07,0.3652488887310028,0.3674964654174943,0.3537131186273972,0.360455048588376,258249600
2002-03-08,0.36944377422332764,0.3758861685148459,0.36405090932971035,0.3706426470339803,269774400
2002-03-11,0.37543654441833496,0.3766354424119999,0.3610541940406514,0.36854529375260076,262785600
2002-03-12,0.37034308910369873,0.3706426009937253,0.36105409500474683,0.3671969766059812,254055200
2002-03-13,0.36689674854278564,0.37229043946948076,0.36180339469691,0.36509967666909093,200765600
2002-03-14,0.36599811911582947,0.36854520793907725,0.35760848544081053,0.3640508791991256,217296800
2002-03-15,0.3737888038158417,0.37393814724613045,0.36330175962263583,0.3664478728805976,240900800
2002-03-18,0.37064269185066223,0.37528636493683254,0.3643504653127918,0.37378880511959744,304556000
2002-03-19,0.3722902834415436,0.37903221300196965,0.36405081961707986,0.3698933635126364,242345600
2002-03-20,0.3733390271663666,0.3766353331105507,0.36704680227103076,0.3694437224547379,294319200
2002-03-21,0.3636011779308319,0.3640508583095219,0.34846961446023944,0.35745827142436454,616352800
2002-03-22,0.3609048128128052,0.3679454061764382,0.35760853126027803,0.3628520529790039,202193600
2002-03-25,0.3498179316520691,0.3609048502253097,0.3481702032558796,0.36060451315159264,262830400
2002-03-26,0.35146641731262207,0.35416284944900056,0.34457431836977187,0.3475710875005328,257840800
2002-03-27,0.3516157269477844,0.3553608631663266,0.34846961449982206,0.3498178305344327,127702400
2002-03-28,0.3546125590801239,0.3577586718658701,0.35146644629437773,0.35506138940236226,108455200
2002-04-01,0.3664478063583374,0.37004277435638605,0.3487691528663444,0.3502675375081751,199046400
2002-04-02,0.36060449481010437,0.36405094506589536,0.35760855014197485,0.3595557654079026,203795200
2002-04-03,0.3558104932308197,0.3668965819300312,0.35356376686112234,0.36030484608093705,214530400
2002-04-04,0.37303948402404785,0.3752862355260621,0.35461249126074096,0.35461249126074096,338497600
2002-04-05,0.37064269185066223,0.37738377378278937,0.3610541835112192,0.37378880511959744,278348000
2002-04-08,0.3679453134536743,0.36974320974727426,0.35626022519761064,0.36195342594375096,261514400
2002-04-09,0.36105403304100037,0.3745378664925726,0.35970581721644745,0.3683949609424982,191531200
2002-04-10,0.36944377422332764,0.37378875992249966,0.3597059236305383,0.36270186800457815,224980000
2002-04-11,0.37244054675102234,0.37753389975914536,0.37079199348515,0.3749868107042165,407254400
2002-04-12,0.37543654441833496,0.37708427281626017,0.36809561324340234,0.37468735193695485,320241600
2002-04-15,0.37453800439834595,0.37678473156294784,0.3715412097026295,0.3754365152419785,299370400
2002-04-16,0.3856240510940552,0.3893691879048583,0.37633503066994944,0.37678471111980355,614577600
2002-04-17,0.39116716384887695,0.3920656998288762,0.38023041302862626,0.3884707308069692,396250400
2002-04-18,0.3806799650192261,0.38232766786579714,0.37273998753884496,0.38202815599327705,401710400
2002-04-19,0.3742375373840332,0.38187882789914207,0.37348917027255363,0.38187882789914207,375407200
2002-04-22,0.3674965798854828,0.3734892944811664,0.36300225021417776,0.37214025298812736,269427200
2002-04-23,0.36330172419548035,0.37124167828126914,0.3609048036281712,0.36764588487943317,233469600
2002-04-24,0.3561100959777832,0.3670468440980919,0.3547618797896619,0.36405089980245625,140448000
2002-04-25,0.3613536059856415,0.36464988697089185,0.3528146292856775,0.35296394767642286,194202400
2002-04-26,0.34472453594207764,0.3650996235690584,0.3445743674235084,0.3637505822071862,304981600
2002-04-29,0.3589567542076111,0.36045513904127796,0.34592259637554246,0.3469713007387531,272288800
2002-04-30,0.3636011779308319,0.3652489058505453,0.35581054350465113,0.3579079768061336,280963200
2002-05-01,0.3592562675476074,0.3639007654889232,0.3499680717636754,0.3639007654889232,214704000
2002-05-02,0.35491201281547546,0.364649861493798,0.3535637968571312,0.356709909127123,239344000
2002-05-03,0.3522147536277771,0.3598560447261237,0.35101670607672125,0.3531141393957675,230781600
2002-05-06,0.33933091163635254,0.35206555952556806,0.3364843100452459,0.34981795691837136,249664800
2002-05-07,0.3366343379020691,0.3438250980465155,0.3316903293208272,0.3436757546631369,242748800
2002-05-08,0.36509954929351807,0.3673463009027271,0.3451741461741017,0.34757106627132983,436682400
2002-05-09,0.3624023199081421,0.36479924018849724,0.35655977515592346,0.36330168070180374,224616000
2002-05-10,0.34936901926994324,0.36390070965766874,0.3442748166349176,0.36390070965766874,235396000
2002-05-13,0.35865718126296997,0.36090475813121586,0.3436757857765048,0.3523649311507698,265608000
2002-05-14,0.3836759626865387,0.3847246670066515,0.36285204480219047,0.3662976696965972,526506400
2002-05-15,0.37873271107673645,0.38921975172906803,0.37214012471943986,0.3800809270032439,335826400
2002-05-16,0.3776841461658478,0.3812790899241333,0.370792045407944,0.375436543722785,227052000
2002-05-17,0.3746872842311859,0.38622305613894503,0.3686945705648766,0.38187889567452005,236493600
2002-05-20,0.37064269185066223,0.3734892931561504,0.367496578581727,0.36809560250862106,269914400
2002-05-21,0.35146641731262207,0.3745379341753762,0.35056703152966084,0.3719908204314762,280991200
2002-05-22,0.36435043811798096,0.3650996305215932,0.3493690653510333,0.35011740764979565,290875200
2002-05-23,0.3772343695163727,0.3781329052618092,0.36060444486139254,0.36629764655424113,369398400
2002-05-24,0.3618033230304718,0.37438777426481346,0.3589567221415078,0.37438777426481346,166174400
2002-05-28,0.3592562675476074,0.3625525491741053,0.35101677613095417,0.3549121066556146,149716000
2002-05-29,0.3592562675476074,0.3661483427481423,0.3513162880784933,0.35835773170499013,221793600
2002-05-30,0.36255255341529846,0.36524898607647754,0.35221482804137155,0.3561101336085155,196375200
2002-05-31,0.34906867146492004,0.36330170063484474,0.34876915955114823,0.3609047802229793,365495200
2002-06-03,0.34322622418403625,0.35131634856767435,0.33828221344392817,0.350417837573437,235110400
2002-06-04,0.3412788510322571,0.3451741557109702,0.3322893440392227,0.3427764104459119,347821600
2002-06-05,0.34037941694259644,0.34202796959481924,0.3348363855523898,0.34202796959481924,277082400
2002-06-06,0.33198991417884827,0.34801999092016067,0.3301919924689851,0.34397534215621617,259996800
2002-06-07,0.32060423493385315,0.32869438066809725,0.3135628182770681,0.3259970986869287,612376800
2002-06-10,0.3218022584915161,0.3271959469455955,0.31970485049851166,0.3218022584915161,277575200
2002-06-11,0.306521475315094,0.325098641256456,0.30577228292447634,0.32420013045184926,349496000
2002-06-12,0.30097833275794983,0.31086637439520476,0.29873075621326506,0.30577219760119456,528718400
2002-06-13,0.29273897409439087,0.3003794419308621,0.290341228211689,0.29992973643704285,352083200
2002-06-14,0.3011285960674286,0.30502305114913314,0.2713151458698236,0.288243782716035,424900000
2002-06-17,0.307720422744751,0.3090686393339386,0.29738269538797013,0.303226092413475,324609600
2002-06-18,0.3018769919872284,0.3084695808482758,0.2993307526516834,0.3059224914077846,353360000
2002-06-19,0.2564831078052521,0.26367469406345384,0.2528881397778329,0.2602290694404329,1709467200
2002-06-20,0.2563338577747345,0.2636747901113914,0.25243855131622517,0.25723239383347557,396636800
2002-06-21,0.25243842601776123,0.2620261062933921,0.2515390403003599,0.25423632234483523,445177600
2002-06-24,0.2587307095527649,0.26562195945845585,0.250190881326034,0.25123958566393306,431933600
2002-06-25,0.25678250193595886,0.26487262021485813,0.2525876619068897,0.26067780518885875,301201600
2002-06-26,0.2479441910982132,0.2590302600037435,0.23940436160180645,0.25168932854702253,558952800
2002-06-27,0.2555845379829407,0.25873065027584263,0.24599600761510712,0.25153903997380506,251658400
2002-06-28,0.2654725909233093,0.2669701504773657,0.2546851865209258,0.2561835961797462,269858400
2002-07-01,0.2555845379829407,0.26786947528402033,0.2554343694968908,0.2653223867321745,222689600
2002-07-02,0.2537866234779358,0.2570829040207552,0.25213889575728243,0.255134839349517,305188800
2002-07-03,0.26292556524276733,0.2648728056820473,0.25094011031553576,0.25183949636896846,199029600
2002-07-05,0.2807534337043762,0.28090275207108417,0.26532236062566394,0.26532236062566394,161649600
2002-07-08,0.2698167562484741,0.2788054141449762,0.2648727468748886,0.2774571979706707,211204000
2002-07-09,0.262626051902771,0.27401163270055395,0.26157734741737476,0.2710156877859406,226749600
2002-07-10,0.2594798505306244,0.27221364348066285,0.25843114640054604,0.26532239494060444,206880800
2002-07-11,0.27416178584098816,0.27491097823469945,0.25423637855185355,0.25858053929292185,373676800
2002-07-12,0.26232650876045227,0.2815027242040548,0.2585805466848121,0.2779069306521518,443492000
2002-07-15,0.2731130123138428,0.2786560445008097,0.25183939414664397,0.2611275622515393,295993600
2002-07-16,0.26756998896598816,0.2782063993456438,0.26382402747272526,0.27191414915586243,446768000
2002-07-17,0.23416075110435486,0.24270055238729527,0.22756901463581272,0.24165184828771874,1215485600
2002-07-18,0.2245730757713318,0.23311205214083452,0.22097728303596675,0.232213516507789,559462400
2002-07-19,0.2241235077381134,0.22726962168304,0.2176810862802658,0.22022817616958876,385207200
2002-07-22,0.22352446615695953,0.22756911586816875,0.2188799423320841,0.22097737646734247,430897600
2002-07-23,0.21678243577480316,0.2266704779862749,0.21633275541944813,0.22322400372756776,399890400
2002-07-24,0.22771921753883362,0.22801872945518364,0.2134861882463909,0.21468506101348897,406593600
2002-07-25,0.21513475477695465,0.22397324471319888,0.20989123316149236,0.22367373277827948,479354400
2002-07-26,0.21483439207077026,0.21768099276500177,0.20674509548924977,0.21663228856721387,207704000
2002-07-29,0.22502197325229645,0.2262208712258273,0.2152841213615945,0.216931849731848,274960000
2002-07-30,0.2311648428440094,0.2323628905125948,0.21813068628401053,0.22247569683996474,354838400
2002-07-31,0.22861778736114502,0.23101470815088096,0.22322407175478798,0.23071519618989156,310699200
2002-08-01,0.22172647714614868,0.23101464583878462,0.22067777301464472,0.22637012393858874,228956000
2002-08-02,0.21648302674293518,0.22472249492961785,0.21348625641907865,0.2208271885697812,179060000
2002-08-05,0.20959089696407318,0.22022810875592583,0.20929138502795447,0.21738150771016942,204024800
2002-08-06,0.220827117562294,0.22816807235558476,0.21093992393791783,0.21288716394071577,272053600
2002-08-07,0.22517217695713043,0.2301161873929669,0.2149846191016947,0.22607068789607032,333474400
2002-08-08,0.22921670973300934,0.2304155821476501,0.221276733424988,0.221276733424988,227348800
2002-08-09,0.22472243010997772,0.22846756683257805,0.22097731839045992,0.22846756683257805,205716000
2002-08-12,0.2245730757713318,0.22502190603398034,0.22007789729825125,0.22322400966629782,179765600
2002-08-13,0.21858036518096924,0.22786855995739025,0.2179805162491741,0.22322403751679173,269869600
2002-08-14,0.22726958990097046,0.22996602287611445,0.21783122438298938,0.2197784648423957,399084000
2002-08-15,0.23386125266551971,0.2359586609851413,0.22487259561046175,0.22846753836843314,322078400
2002-08-16,0.23685719072818756,0.2412021757537523,0.22891723803145195,0.2314643266706313,245224000
2002-08-19,0.23940424621105194,0.24344974379861634,0.23550894209696407,0.23640830271639976,216557600
2002-08-20,0.23835565149784088,0.24105208438936732,0.23266244863629487,0.23925501252959236,186625600
2002-08-21,0.24150176346302032,0.24329966041392243,0.23146439934749757,0.239854035050468,202428800
2002-08-22,0.23925498127937317,0.24344982361108808,0.23461048349360095,0.2427006062133552,258311200
2002-08-23,0.23565922677516937,0.23865517174717596,0.23146440875322463,0.23820631631760514,163245600
2002-08-26,0.23266242444515228,0.23895465060572058,0.22711939069919138,0.23895465060572058,189968800
2002-08-27,0.22247575223445892,0.23580857392657684,0.22037834319049804,0.23535971848994633,262231200
2002-08-28,0.2202281504869461,0.22652040264609827,0.21947895795380867,0.22172656055630913,247973600
2002-08-29,0.2202281504869461,0.2259213786603518,0.21738154890178732,0.21947895795380867,164169600
2002-08-30,0.22097718715667725,0.2268197289904447,0.21843007464607672,0.22067767540894986,193519200
2002-09-03,0.21049021184444427,0.217980483914706,0.21049021184444427,0.2170819483028405,276936800
2002-09-04,0.21693184971809387,0.22142702953368457,0.21228817657477952,0.21273703197455973,420660800
2002-09-05,0.21243751049041748,0.21513476827745315,0.21049027024037031,0.2130373594996481,226178400
2002-09-06,0.2154342532157898,0.21947890173644452,0.21318667619207224,0.21738149322165376,181591200
2002-09-09,0.215284064412117,0.21768098461710722,0.21198860854336282,0.21393584836566124,158244800
2002-09-10,0.21468506753444672,0.2170819880397502,0.2115389546646628,0.21588311523623696,249468800
2002-09-11,0.21408602595329285,0.21872969806573314,0.21198861754714088,0.21483439315407168,202412000
2002-09-12,0.21183845400810242,0.21738148705396498,0.21153894210044416,0.21273698973107716,269830400
2002-09-13,0.21228815615177155,0.21483442017835758,0.2104902594201024,0.2116883071733762,282951200
2002-09-16,0.21723216772079468,0.21887987075359225,0.21153894119164388,0.21183845309801536,286641600
2002-09-17,0.22172647714614868,0.225172101420862,0.2182808528714354,0.2182808528714354,427996800
2002-09-18,0.22502197325229645,0.22607067768824646,0.21753169876798936,0.22007796303969807,328641600
2002-09-19,0.21843017637729645,0.22172648234304687,0.2169317918395716,0.22097729007418446,205945600
2002-09-20,0.2227751910686493,0.22382389524624394,0.2175316451775962,0.21902920464442097,352788800
2002-09-23,0.22247575223445892,0.22412348073988372,0.21648301209121043,0.22112668561576268,263709600
2002-09-24,0.2193295955657959,0.22202602806329735,0.21573377716488185,0.21573377716488185,250661600
2002-09-25,0.2236737310886383,0.22726954948708966,0.21947891382795628,0.22007793769327005,254682400
2002-09-26,0.2202281504869461,0.22756910717210896,0.21798057288753378,0.22622089065322504,208644800
2002-09-27,0.22052761912345886,0.222475709350086,0.2169318257121059,0.21708199422997332,206152800
2002-09-30,0.21723216772079468,0.21828087194393017,0.21183845309801536,0.2157337580841858,237697600
2002-10-01,0.2173815667629242,0.2187297833925842,0.20974112246019985,0.21858043993483117,342423200
2002-10-02,0.21228815615177155,0.2191794060383712,0.21123945181677775,0.2146850767600776,229348000
2002-10-03,0.2142353504896164,0.21872967880684246,0.21063955779520271,0.21243745414240955,217896000
2002-10-04,0.2101907730102539,0.21573380729676395,0.2095909239590046,0.2151347833473733,190825600
2002-10-07,0.20629552006721497,0.21288726050740991,0.2061453389888609,0.20929146568473253,244697600
2002-10-08,0.20494724810123444,0.20914206589752715,0.20015256875975088,0.20824270488297975,453644800
2002-10-09,0.2035989910364151,0.20749345848095693,0.20090172113153892,0.2028497987078043,356686400
2002-10-10,0.21138881146907806,0.2130373649090711,0.20344885663772017,0.2041980490919312,321574400
2002-10-11,0.2173815667629242,0.22142706675697094,0.21123950764958943,0.21348626033169724,294677600
2002-10-14,0.22127676010131836,0.22442289733297444,0.21633275158475834,0.21798047938976006,194404000
2002-10-15,0.2271193265914917,0.22846751751344327,0.2214269510304312,0.22801868727587438,405518400
2002-10-16,0.21813064813613892,0.22667047424205114,0.20824263109107882,0.2226249763107419,307624800
2002-10-17,0.21138881146907806,0.2154342857014534,0.20944157116958678,0.21288719637750017,469296800
2002-10-18,0.21483439207077026,0.2149845605711616,0.2086923353844342,0.20974103958222212,288299200
2002-10-21,0.21813064813613892,0.21917935221359813,0.2097410155164651,0.21363631996153593,238520800
2002-10-22,0.2202281504869461,0.2229245835247139,0.21363641133800884,0.21678252491604086,218148000
2002-10-23,0.22292454540729523,0.22442295522044817,0.21723219331529836,0.21917940848389017,209036800
2002-10-24,0.22007793188095093,0.22786856733433147,0.2179805233060031,0.2250219413935739,174748000
2002-10-25,0.23101460933685303,0.2314642896369016,0.21858030521133387,0.22007786437571586,279070400
2002-10-28,0.23386125266551971,0.2389546049696204,0.22846753836843314,0.23296271700066218,349300000
2002-10-29,0.23131413757801056,0.2379058736732804,0.22412337777449615,0.23326220228209518,259179200
2002-10-30,0.23940424621105194,0.2452467898314409,0.2319139749236786,0.23206331829259405,270676000
2002-10-31,0.24075253307819366,0.2462955664948632,0.23850578106962103,0.23955448536741605,295836800
2002-11-01,0.2450975626707077,0.2471949966449423,0.2380561432530161,0.23880533575726545,189828800
2002-11-04,0.2530374526977539,0.26037838147596154,0.2449473066796902,0.247194908393102,376818400
2002-11-05,0.2531876266002655,0.25408616224266506,0.2449473119179907,0.2509400248387878,210694400
2002-11-06,0.257981538772583,0.25947992369564776,0.2501909022917562,0.2558841299210243,216389600
2002-11-07,0.23970381915569305,0.2561836003340974,0.2368572183043005,0.25378667990705533,336179200
2002-11-08,0.2373068630695343,0.2427005520461639,0.23251302293580048,0.23985395162251816,190064000
2002-11-11,0.2271193265914917,0.23805604757451201,0.22652030286960015,0.23580847096510069,152975200
2002-11-12,0.23431086540222168,0.24030357674267944,0.22891717766539496,0.22951620126902603,223792800
2002-11-13,0.23356178402900696,0.24075254598433918,0.22891728614644066,0.232213567731243,231739200
2002-11-14,0.24419809877872467,0.2458466766375984,0.2364083152393951,0.23820621147201865,141713600
2002-11-15,0.23895452916622162,0.24329951292206145,0.23610875457945907,0.24314934447474607,160994400
2002-11-18,0.23446033895015717,0.2427006310322057,0.23251309860634675,0.24255046249721693,164578400
2002-11-19,0.22876793146133423,0.23595869306260642,0.22487262618082865,0.23296274867084285,210952000
2002-11-20,0.23266242444515228,0.2352095136344618,0.2284675820016892,0.2292167994193808,208740000
2002-11-21,0.2449474185705185,0.24629563517194467,0.23595875782637107,0.23820633556338755,418482400
2002-11-22,0.23985408246517181,0.24419824461190806,0.2382063537268941,0.24105213060136577,227858400
2002-11-25,0.23925498127937317,0.24180124529907351,0.2353596758882503,0.24015351709189867,199427200
2002-11-26,0.23086541891098022,0.2382063515346872,0.2287680095899211,0.23745715890544972,240262400
2002-11-27,0.2355089783668518,0.23760638666656836,0.23146433026094684,0.23371108195257867,286798400
2002-11-29,0.23221349716186523,0.23790587256676615,0.23086528127382233,0.23655765667872322,143432800
2002-12-02,0.22741879522800446,0.24120214044104912,0.22487255706628068,0.23820619697008838,398742400
2002-12-03,0.2271193265914917,0.2298165835430944,0.22622079100865436,0.2277191754149286,227869600
2002-12-04,0.2242727130651474,0.22756901891527043,0.21723214621144707,0.22741882542304,325757600
2002-12-05,0.21917937695980072,0.22592130753675074,0.21768099236524102,0.22517211523947087,243398400
2002-12-06,0.22397318482398987,0.2275690022881022,0.21753161719129002,0.21947885679845944,245358400
2002-12-09,0.22097718715667725,0.2239731047321168,0.21977829006146665,0.22382378641193748,236084800
2002-12-10,0.228917196393013,0.23146428456889478,0.2206777333141806,0.22097724514049907,308610400
2002-12-11,0.23206332325935364,0.23206332325935364,0.22592126766819207,0.22921672307269225,253500800
2002-12-12,0.22756899893283844,0.2329626875448678,0.22487256717758192,0.23236283874252034,149340800
2002-12-13,0.2215762883424759,0.22697000260814798,0.21947888003507018,0.22681983411406936,164780000
2002-12-16,0.22247575223445892,0.2262208897838446,0.2188799331268935,0.22187587814602092,251624800
2002-12-17,0.2259214073419571,0.22756913606289983,0.21962917938707016,0.22247578133361617,222661600
2002-12-18,0.21828091144561768,0.2226250475235754,0.21723220703270107,0.2217265366449408,150701600
2002-12-19,0.21273696422576904,0.2235243672212753,0.2112394048670221,0.21768097286357155,347519200
2002-12-20,0.21183845400810242,0.2181306793739476,0.20644475186369146,0.21408603096805026,318096800
2002-12-23,0.21708199381828308,0.217980529618544,0.21153896029564495,0.21213798416248555,125826400
2002-12-24,0.21513475477695465,0.21678248296988592,0.21423539387044735,0.21633280251663226,39340000
2002-12-26,0.21573373675346375,0.22187579298095847,0.21393584039133168,0.21603324863022094,85422400
2002-12-27,0.2106395810842514,0.21543424690744534,0.2098912138666233,0.2143855426807581,80035200
2002-12-30,0.2107897251844406,0.21198859777685702,0.2073441009959128,0.2109398936715843,155041600
2002-12-31,0.21468506753444672,0.21513474797347956,0.20899186564577402,0.20974105801025442,200726400
2003-01-02,0.22172647714614868,0.22352437352895527,0.21498454698294486,0.21513471547384472,181428800
2003-01-03,0.22322401404380798,0.2236736944199449,0.21858034219628794,0.22172647962911002,147453600
2003-01-06,0.22322401404380798,0.2304156246586469,0.22292450216025259,0.22517210394240847,390532800
2003-01-07,0.22247575223445892,0.22472247972024004,0.2167825240829326,0.22157636615429874,342344800
2003-01-08,0.2179805338382721,0.2203783045586244,0.21633280562169074,0.2184302142979801,229644800
2003-01-09,0.21992862224578857,0.22352444110151454,0.217232214410319,0.21902926123170477,215252800
2003-01-10,0.22052761912345886,0.22202602889823025,0.21708199422997332,0.21843021048379405,175100800
2003-01-13,0.21917937695980072,0.22322402524313317,0.2151347286764683,0.22322402524313317,178942400
2003-01-14,0.21887987852096558,0.22202601630509972,0.2170819819172643,0.22007792618896663,186860800
2003-01-15,0.21618348360061646,0.2202281328330414,0.21363639421251043,0.21858040445336932,371128800
2003-01-16,0.21902917325496674,0.2211265813095728,0.21288711756712736,0.21288711756712736,559070400
2003-01-17,0.21123941242694855,0.21813066102853654,0.21093990054448009,0.21813066102853654,266761600
2003-01-21,0.21004056930541992,0.2158831145884228,0.20974105738087112,0.21288717024121429,253456000
2003-01-22,0.2079431414604187,0.21198861482120854,0.20674509387325435,0.2094415260460182,215140800
2003-01-23,0.21228815615177155,0.21513475721843447,0.20899187462675173,0.2104902594201024,228256000
2003-01-24,0.20674508810043335,0.2133368249507123,0.20314929523605535,0.2133368249507123,305468800
2003-01-27,0.21168828010559082,0.21723216311484478,0.20449751920012832,0.20494719960098629,391406400
2003-01-28,0.21843017637729645,0.22007790430782315,0.21213795144079334,0.21333682409129676,286255200
2003-01-29,0.2236737310886383,0.22622084517191915,0.21423539225210378,0.21798052906292906,373044000
2003-01-30,0.2145349085330963,0.22577116929814203,0.21408605317588472,0.2244229530229881,407058400
2003-01-31,0.21513475477695465,0.21798053070956352,0.21049025703133117,0.21258766567751608,341224800
2003-02-03,0.21962904930114746,0.22337418512214807,0.2149845278150543,0.21588306337554553,264784800
2003-02-04,0.21872971951961517,0.21947891189553245,0.21438555888172475,0.2164829674935989,317413600
2003-02-05,0.21648302674293518,0.22367379033666035,0.2163328581859578,0.2203783581058616,221614400
2003-02-06,0.21618348360061646,0.21858040445336932,0.21303737027478287,0.21513477915867193,179149600
2003-02-07,0.21198859810829163,0.21872967800874296,0.21078972551400085,0.2179804857750086,269701600
2003-02-10,0.21498458087444305,0.2182808872825837,0.2106395951725569,0.2136363646501966,167888000
2003-02-11,0.21498458087444305,0.21917939806175588,0.2127370037662133,0.2172321829857555,164780000
2003-02-12,0.21558354794979095,0.2187296600116658,0.21378565175707517,0.21378565175707517,228687200
2003-02-13,0.21783114969730377,0.21932955921812133,0.21333682124569472,0.2158830848039223,208493600
2003-02-14,0.21977849304676056,0.22052768565864278,0.2149846504531089,0.21887995697369916,243297600
2003-02-18,0.22876793146133423,0.22921678680397242,0.22052761545286925,0.22097732090032307,290897600
2003-02-19,0.22247575223445892,0.22697008231410284,0.21992863764887394,0.22577120924530852,240368800
2003-02-20,0.22127676010131836,0.22412338546857002,0.2203782495111825,0.22247565766356828,224352800
2003-02-21,0.22472243010997772,0.22562181599158732,0.2194789086576479,0.2220260226809259,157444000
2003-02-24,0.220827117562294,0.22517212809704265,0.20674510691494122,0.2226250141580977,180252800
2003-02-25,0.22502197325229645,0.22592135925867554,0.21843023466944456,0.21992861960704113,188641600
2003-02-26,0.21723216772079468,0.22502192758838419,0.21693180570967183,0.22457309728274308,217095200
2003-02-27,0.2226249873638153,0.22472239562286767,0.2173814667161844,0.21828085245976944,154341600
2003-02-28,0.22487257421016693,0.22607059664621953,0.22127675668661678,0.22262497260640868,195098400
2003-03-03,0.21947890520095825,0.22711937204256996,0.2179805204948276,0.22487262008508443,203761600
2003-03-04,0.21813064813613892,0.22187578409804878,0.21633275184598655,0.22082708002058954,126414400
2003-03-05,0.21902917325496674,0.2217264551150482,0.21753161400275978,0.21887982988050422,126683200
2003-03-06,0.21813064813613892,0.2187296718656711,0.21573372811645436,0.218430160000905,99859200
2003-03-07,0.21768096089363098,0.2203782427972842,0.2143855053840247,0.2167824253277919,200984000
2003-03-10,0.215284064412117,0.21977839293417611,0.21423536025358256,0.2173814727291859,134573600
2003-03-11,0.21318672597408295,0.2170820319971154,0.21153899749960808,0.21513479153654422,161190400
2003-03-12,0.21303731203079224,0.21558357562091213,0.21063956673173573,0.2122881197625392,222560800
2003-03-13,0.22052761912345886,0.22172651696424192,0.21228815308266707,0.216782482295985,335445600
2003-03-14,0.22142696380615234,0.22487258805814977,0.2193295555569719,0.2199285543103469,153098400
2003-03-17,0.22487257421016693,0.22577110978951415,0.2203782461103466,0.22307467794993038,399912800
2003-03-18,0.22472243010997772,0.2260706463260449,0.2220260226809259,0.22472243010997772,229980800
2003-03-19,0.22397318482398987,0.22696997857843906,0.22157626488380885,0.22577110605758433,141316000
2003-03-20,0.22337426245212555,0.22457313538267668,0.21872973935814408,0.22367374940622556,163178400
2003-03-21,0.22472243010997772,0.2269700322076545,0.2220260226809259,0.2260706463260449,297948000
2003-03-24,0.215284064412117,0.22172648286117352,0.21498455252419568,0.21977839293417611,161100800
2003-03-25,0.2179805338382721,0.2221753511908508,0.21528410128354605,0.21588312516198274,167697600
2003-03-26,0.21588313579559326,0.21813071310307966,0.21423540749785086,0.21798054457519328,178343200
2003-03-27,0.21708199381828308,0.22022810677181376,0.214534904731593,0.214534904731593,122393600
2003-03-28,0.21828091144561768,0.2190292537930557,0.21528411663315922,0.21573379712492913,145303200
2003-03-31,0.21183845400810242,0.2176809989616232,0.21034006936813718,0.21468505478336675,256659200
2003-04-01,0.21213795244693756,0.21438552926418478,0.21078973639723786,0.2127369762242215,154341600
2003-04-02,0.21872971951961517,0.22007793575557205,0.21378570991994958,0.21513475125764203,171371200
2003-04-03,0.21663230657577515,0.2202280998675793,0.21498457844274785,0.21813069129764673,145712000
2003-04-04,0.21588313579559326,0.21977844140082206,0.21558362384162205,0.21753168919513724,146020000
2003-04-07,0.21708199381828308,0.22397324359218507,0.21588312098285686,0.2224757089281667,196862400
2003-04-08,0.21648302674293518,0.21947897196483032,0.21513481013798433,0.21738156277891532,128934400
2003-04-09,0.21258759498596191,0.2190291621990935,0.21183840284691702,0.21753160302247843,146725600
2003-04-10,0.215284064412117,0.21558357630003833,0.21273697571235634,0.21273697571235634,107100000
2003-04-11,0.1977556049823761,0.21633278156552513,0.1937109566000512,0.21049023664605498,1392708800
2003-04-14,0.2034488320350647,0.2059959210510036,0.20224994673139865,0.20539605959753893,502958400
2003-04-15,0.20060224831104279,0.20374836164326934,0.19925403189749485,0.20359903071099836,303968000
2003-04-16,0.19835546612739563,0.20479702234838199,0.19356077533123126,0.19460949205287306,1016176000
2003-04-17,0.19655756652355194,0.19850480655361225,0.19056485282087052,0.19775561420306362,616257600
2003-04-21,0.19685706496238708,0.19760625726163,0.19446014466580044,0.19670689646187806,152320000
2003-04-22,0.2024001032114029,0.2040478312523544,0.19610787785321754,0.19745609398687541,300568800
2003-04-23,0.2034488320350647,0.20419802439867743,0.2001525381539718,0.20269962716991072,209680800
2003-04-24,0.20135138928890228,0.20389849053229178,0.19475965234085038,0.20255027446355767,325108000
2003-04-25,0.20000314712524414,0.20344878359768426,0.19820525090096372,0.20165087487186556,205318400
2003-04-28,0.20764365792274475,0.20914204271298747,0.2012012509045646,0.20195044329968595,636798400
2003-04-29,0.2106395810842514,0.21213796572285407,0.20344882000197037,0.20944153345470784,458236800
2003-04-30,0.21303731203079224,0.2149845518469565,0.20749344176450357,0.20869232691557146,458175200
2003-05-01,0.21513475477695465,0.21558361012845922,0.20974106464315811,0.2134862014822743,342759200
2003-05-02,0.21648302674293518,0.2185804359288502,0.21483447302402953,0.21663237019795117,321182400
2003-05-05,0.24105201661586761,0.2528881245301157,0.22097729390908993,0.22127678079842944,1555708000
2003-05-06,0.2621762752532959,0.2681689879871783,0.2412021682324166,0.2415016801038746,1514492000
2003-05-07,0.26442384719848633,0.2732623351034662,0.25633372640794044,0.2596291820364402,1054379200
2003-05-08,0.26966750621795654,0.27071621074183555,0.25903026742899277,0.265172326025181,687736000
2003-05-09,0.27416178584098816,0.2756593205235721,0.2678695348528359,0.2746106161927273,588386400
2003-05-12,0.2780570983886719,0.2807535309940758,0.27161467871514894,0.27191419065999645,419372800
2003-05-13,0.27970483899116516,0.2841991685659512,0.2689182579882308,0.27610902028752593,446796000
2003-05-14,0.2779069244861603,0.2822519103567881,0.2761090027470155,0.28210174183638276,355488000
2003-05-15,0.2806033492088318,0.28240124589472065,0.2767080189032792,0.27865610910846567,284995200
2003-05-16,0.28165218234062195,0.2847982967044788,0.2738623932744869,0.27850604297367065,341628000
2003-05-19,0.2711649537086487,0.27940526879957656,0.27056592991734224,0.2776073723240163,445888800
2003-05-20,0.26652127504348755,0.2720643327323636,0.26367467445313353,0.2711649469630564,416220000
2003-05-21,0.2674199044704437,0.27101569859286584,0.264723471429582,0.26652136849079305,305009600
2003-05-22,0.2732623815536499,0.27565930199133093,0.2657721083236092,0.2680188602519415,178460800
2003-05-23,0.27446120977401733,0.27655861776318746,0.2690674963267228,0.27281348209723816,206718400
2003-05-27,0.28285089135169983,0.28315040324534074,0.26831835124476916,0.26906754352968915,290130400
2003-05-28,0.2738623023033142,0.2795546799026591,0.2719142118542137,0.2771577340521898,339679200
2003-05-29,0.2711649537086487,0.27715766692663596,0.2681690096504755,0.2740115543698157,333765600
2003-05-30,0.2689181864261627,0.2723638106798533,0.26262596167552943,0.27146444994313806,382748800
2003-06-02,0.2614271640777588,0.2740116171901723,0.25873073129705015,0.2711650158763888,418588800
2003-06-03,0.25932982563972473,0.26472351776748393,0.25498566332480166,0.26127789158949366,360858400
2003-06-04,0.26367467641830444,0.2665212770298742,0.2567826025317994,0.2591803478585304,271202400
2003-06-05,0.2642737925052643,0.2657721775824235,0.2596292938272196,0.2614271908994277,205497600
2003-06-06,0.25693267583847046,0.2702663131834937,0.2567825073980748,0.26577198628879434,241388000
2003-06-09,0.2515391409397125,0.2552851285819312,0.24914221991181057,0.25378674352627895,259952000
2003-06-10,0.2573825418949127,0.2590302704223618,0.2509401211270159,0.2530375552021001,176646400
2003-06-11,0.2614271640777588,0.2623265250725484,0.25183948081220375,0.2569328344093011,225114400
2003-06-12,0.26622095704078674,0.2678695101959072,0.2614271162844054,0.26292550093390427,252588000
2003-06-13,0.26097744703292847,0.2689182259336081,0.25663328650590456,0.26592145650641896,191245600
2003-06-16,0.273712158203125,0.273712158203125,0.2614272146772677,0.2636747924974326,238526400
2003-06-17,0.272513210773468,0.27715770860868644,0.2695172662647315,0.2758095173277505,177464000
2003-06-18,0.2864466905593872,0.2918395549664406,0.27431107043712977,0.27640847884024017,454983200
2003-06-19,0.28674620389938354,0.2937876214454177,0.2812031709635671,0.2900416599198734,381528000
2003-06-20,0.28764456510543823,0.2933377630891707,0.2831502391029178,0.289892140657277,356546400
2003-06-23,0.28554725646972656,0.2949855918613191,0.28090273545133,0.28914304855264994,307361600
2003-06-24,0.28135251998901367,0.29468616304256867,0.28045398426591206,0.2916902188638893,514382400
2003-06-25,0.2859969735145569,0.29064147012683517,0.2803037728350898,0.2825513494511577,329812000
2003-06-26,0.2889930307865143,0.28944271130672733,0.28015453953417985,0.28015453953417985,161705600
2003-06-27,0.2806033492088318,0.28929249560584686,0.2768582124225768,0.2891431521913696,365792000
2003-06-30,0.28554725646972656,0.2877948327969141,0.278505815763195,0.27985403151893085,222152000
2003-07-01,0.2859969735145569,0.2873451894435785,0.27730782911521373,0.2827006928313002,180992000
2003-07-02,0.288693368434906,0.2906414329398904,0.28494823298885597,0.28509757634989036,325298400
2003-07-03,0.28659600019454956,0.29288822466258857,0.2843492486568535,0.2846487605217759,137771200
2003-07-07,0.2976820170879364,0.30232651300520136,0.2865959543513274,0.28869336217184394,286272000
2003-07-08,0.3056229054927826,0.3071204400025131,0.2919897257623314,0.29243858106534476,256737600
2003-07-09,0.2979823350906372,0.3063719651361784,0.2979823350906372,0.3027761736591457,213645600
2003-07-10,0.29333797097206116,0.2987308359564409,0.2901918580305924,0.29783230015962486,170934400
2003-07-11,0.2973824739456177,0.2996300749916714,0.2925886351755257,0.29453587433170764,136858400
2003-07-14,0.2981317341327667,0.3056228558907471,0.2976820538010757,0.29977946188026566,188406400
2003-07-15,0.2937876284122467,0.3032259915005349,0.29109037102956103,0.29992968529713887,206645600
2003-07-16,0.2976820170879364,0.2996301065537319,0.29034108971612854,0.2991804012744266,250930400
2003-07-17,0.31311309337615967,0.31386228548004824,0.3015773251963606,0.30247671076467514,751212000
2003-07-18,0.31251418590545654,0.31730802703064925,0.30562293615027414,0.31311320977067,298838400
2003-07-21,0.3087690770626068,0.31161567833282094,0.30412457893216177,0.3099671249015491,183808800
2003-07-22,0.3116156756877899,0.31401259644714663,0.3071204960213742,0.31266438008887165,198424800
2003-07-23,0.31146544218063354,0.31401253093812065,0.30652143316383323,0.3138623624399468,143035200
2003-07-24,0.3072706162929535,0.32210266790435194,0.30532337648456265,0.31521056912182843,229236000
2003-07-25,0.32270166277885437,0.3231513681559871,0.3056228846824487,0.3057722280727308,216686400
2003-07-28,0.314461350440979,0.32210264084687606,0.3125141107961615,0.32210264084687606,170357600
2003-07-29,0.3104167878627777,0.31581047813888785,0.30742084333278596,0.31446143674353216,197120000
2003-07-30,0.3038250505924225,0.3131132212507455,0.30217732235180145,0.3111659810665363,173594400
2003-07-31,0.3158104419708252,0.31985509038836796,0.3081691753460061,0.3107162642209458,301464800
2003-08-01,0.3105669915676117,0.31865629024551567,0.30921795001943003,0.3146116409065637,149604000
2003-08-04,0.3177577257156372,0.3221027367452221,0.3038250568885417,0.3075701939136623,230115200
2003-08-05,0.3053233027458191,0.32060418094151416,0.30112848715473306,0.3198549888571896,249440800
2003-08-06,0.29408714175224304,0.3021772887393978,0.2921390766829521,0.30052871057729785,245464800
2003-08-07,0.29858142137527466,0.3009783413638945,0.29094098106731603,0.295584652563341,174378400
2003-08-08,0.29423657059669495,0.30157750238590075,0.29363754660220653,0.30127799038865655,137659200
2003-08-11,0.29453593492507935,0.29858140761443547,0.2922891835212212,0.2969337049078145,137228000
2003-08-12,0.29513582587242126,0.29663338532170774,0.29154003299088393,0.29603436154199314,164438400
2003-08-13,0.3023265600204468,0.304723480030725,0.2933379037065152,0.2975327199998903,284099200
2003-08-14,0.2991805076599121,0.30457422259144473,0.29873082722377853,0.30277632594862797,192780000
2003-08-15,0.29528525471687317,0.30067897060310483,0.29453606222461437,0.29992975310775927,125865600
2003-08-18,0.30472347140312195,0.3057722004498505,0.29543530348857455,0.2975327115758784,192774400
2003-08-19,0.3044239580631256,0.30637202260413743,0.2996301185954091,0.30517315018647956,133688800
2003-08-20,0.3147616982460022,0.31865617766979365,0.30172756869989353,0.30232656743869535,273212800
2003-08-21,0.3247990608215332,0.32524876618449616,0.31386233940818614,0.3150612120006866,255326400
2003-08-22,0.3128136396408081,0.3295929055590353,0.30921784691501963,0.3267463050762519,250264000
2003-08-25,0.31251418590545654,0.3132633782878447,0.3069711523978757,0.31131531307328697,137782400
2003-08-26,0.31536078453063965,0.31566029646097915,0.3048737414600754,0.31086645537207447,164959200
2003-08-27,0.3218022584915161,0.3218022584915161,0.3095181474766263,0.3132632831494222,225702400
2003-08-28,0.3324396014213562,0.332889281882673,0.31955561237522156,0.31955561237522156,319625600
2003-08-29,0.33873170614242554,0.3423274983414558,0.3303420744123338,0.3325896508120948,263155200
2003-09-02,0.3423274755477905,0.3430766676311597,0.3355855718988814,0.33948087567155305,242132800
2003-09-03,0.34382519125938416,0.34936907518489213,0.34097941518802855,0.3415784390870729,268828000
2003-09-04,0.34202802181243896,0.34832027126256593,0.34112866111911555,0.3469712052195035,199780000
2003-09-05,0.3370840847492218,0.3468219353476693,0.3357358685250341,0.3405297095669745,240133600
2003-09-08,0.34067898988723755,0.341428182117867,0.3366343419637293,0.33678451045048546,167244000
2003-09-09,0.3351359963417053,0.33963032514475844,0.3313908598561063,0.3375329166965556,180370400
2003-09-10,0.33228936791419983,0.33873178671450055,0.3312406636984894,0.3333380721299102,224890400
2003-09-11,0.3379826843738556,0.34142830984246125,0.33109143343664416,0.33333816086435497,213684800
2003-09-12,0.3460727334022522,0.3466717572404873,0.33423747453772845,0.3372334188306095,179989600
2003-09-15,0.33273905515670776,0.3430767533480729,0.33139083911036005,0.34172771220010567,226844800
2003-09-16,0.33498674631118774,0.33993075690310803,0.3325898252882357,0.33273916873235077,269007200
2003-09-17,0.3313908576965332,0.33528616266090705,0.3273462093306445,0.3351359941577264,289396800
2003-09-18,0.3427765369415283,0.3444250905573262,0.3288438410894103,0.33109144369481736,252907200
2003-09-19,0.33828213810920715,0.3453235563768929,0.33603538606527605,0.3427764672988116,205956800
2003-09-22,0.3307918906211853,0.33708411700396773,0.3283949698708597,0.33228942539842415,179821600
2003-09-23,0.3360353708267212,0.3364842261541074,0.32779505509826057,0.32989246363174535,132451200
2003-09-24,0.31940537691116333,0.3342374281132318,0.3158104092793766,0.33273904362405926,301285600
2003-09-25,0.3060717284679413,0.320154588266041,0.30337529630775123,0.31970490787212924,574380800
2003-09-26,0.3099671006202698,0.3250986416652175,0.30187695293079597,0.3041245551085584,347250400
2003-09-29,0.319105863571167,0.32464889603379227,0.3093680146393564,0.3219524640469123,365702400
2003-09-30,0.3104167878627777,0.3179078868404133,0.30622197045972677,0.3159598215594135,285426400
2003-10-01,0.31146544218063354,0.31610993930272446,0.30247678493279934,0.3102665695001578,236112800
2003-10-02,0.30816909670829773,0.3116155455310207,0.3038249374907645,0.3116155455310207,204058400
2003-10-03,0.32494840025901794,0.32749548879864837,0.3128136315021845,0.3144613593329723,299600000
2003-10-06,0.3339378833770752,0.3345369070731654,0.3233006497100939,0.3246488655770518,268329600
2003-10-07,0.3478705883026123,0.3507172138485068,0.32824472148771067,0.33034212977172145,418174400
2003-10-08,0.3454737365245819,0.35266449844968256,0.34052972671905085,0.34832036263398797,428668800
2003-10-09,0.3513162434101105,0.35461254962058125,0.3414282248896207,0.34906866643666135,347748800
2003-10-10,0.35476189851760864,0.3567099887521442,0.35011740076756853,0.3520654910021041,174837600
2003-10-13,0.36479926109313965,0.36569862193833874,0.3553608978256246,0.35551109133680364,279865600
2003-10-14,0.36779606342315674,0.3706426645187309,0.3624023731733689,0.3643504384448618,275419200
2003-10-15,0.3718406856060028,0.374687286497344,0.36824571746583645,0.37229036603666393,610103200
2003-10-16,0.34832024574279785,0.3571587079333427,0.3357357727676258,0.3565597092524593,975682400
2003-10-17,0.34082916378974915,0.3519152287354403,0.3360353235594376,0.35026750086281855,359811200
2003-10-20,0.3478705883026123,0.34966848470342243,0.3352861385985477,0.33858159441536084,279132000
2003-10-21,0.34727153182029724,0.3505669873266506,0.3408291390827892,0.349218771428458,176461600
2003-10-22,0.3409792482852936,0.3475709832536235,0.3397803759722402,0.34367567961293183,161599200
2003-10-23,0.3444250226020813,0.34682194317716186,0.33843230861350637,0.34052971725442027,165211200
2003-10-24,0.3385816812515259,0.3423276435062781,0.3330386472366745,0.3379826573314928,219856000
2003-10-27,0.3385816812515259,0.34292666742631117,0.3369339529205258,0.3408292586043772,162013600
2003-10-28,0.3553609549999237,0.35611014745756353,0.33558573954590076,0.33798266034925273,251714400
2003-10-29,0.35491201281547546,0.3580581250854673,0.34966846736241125,0.35221473079414345,267080800
2003-10-30,0.3459225594997406,0.3595557147681671,0.34262710333911023,0.35940639636487065,260556800
2003-10-31,0.34292662143707275,0.3498178708987353,0.34127889332704636,0.34906867854825757,218153600
2003-11-03,0.34682196378707886,0.349068715977716,0.3412789299212323,0.3420281223520434,302842400
2003-11-04,0.34322622418403625,0.3460728258284576,0.3384323819944455,0.34562314527883164,249233600
2003-11-05,0.345024049282074,0.34652243406686506,0.3366344146500499,0.34187793629506497,322470400
2003-11-06,0.34637221693992615,0.3468218973326088,0.339330799561662,0.3432261043944233,397073600
2003-11-07,0.3370840847492218,0.348170151571857,0.33633489237984454,0.3474209592024798,210145600
2003-11-10,0.32809457182884216,0.339330832012053,0.3271960360591873,0.3363348876781532,234276000
2003-11-11,0.32270166277885437,0.32989242325569745,0.3218023020307466,0.32809452686108576,215073600
2003-11-12,0.3345371186733246,0.3403796661594849,0.321802468913645,0.321802468913645,300003200
2003-11-13,0.3358851373195648,0.33798254544718165,0.3283948654932447,0.3306416170005227,212772000
2003-11-14,0.32150283455848694,0.3387318085297343,0.318806402144907,0.3367845684758638,237048000
2003-11-17,0.316558837890625,0.32015463132222094,0.31386240536780363,0.3198551193865465,228256000
2003-11-18,0.3057721257209778,0.31970478673850466,0.3048735903752424,0.31775754760541436,267192800
2003-11-19,0.30592241883277893,0.3093680433809243,0.30352549849935884,0.3080198272622295,344584800
2003-11-20,0.3053233027458191,0.3158103417235342,0.30112848715473306,0.30112848715473306,239590400
2003-11-21,0.3038250505924225,0.3083193799497899,0.2973826309459889,0.30472356142010276,241836000
2003-11-24,0.3168591856956482,0.3186562573707636,0.3063721420819124,0.30712048439256995,381824800
2003-11-25,0.30981770157814026,0.3183566780849708,0.3087689974385923,0.3180571662024721,268654400
2003-11-26,0.3104167878627777,0.3168591824896506,0.30337534434717667,0.31296387702942174,245128800
2003-11-28,0.3132633566856384,0.31566027708294647,0.30742081164834467,0.3113152916054166,76098400
2003-12-01,0.32524874806404114,0.3273461561578815,0.31461151411297467,0.31521053782506286,361536000
2003-12-02,0.32270166277885437,0.32809452686108576,0.32075359789235675,0.3236001984253583,205296000
2003-12-03,0.3150613307952881,0.3271961042750021,0.3140126262945254,0.3227017742862891,191296000
2003-12-04,0.3168591856956482,0.3171586976415008,0.31116598341911184,0.3137130726115275,177940000
2003-12-05,0.3123638927936554,0.3168590452949733,0.31056682191482454,0.31311308487720835,186177600
2003-12-08,0.31536078453063965,0.31581046497701715,0.30577227725109385,0.3113153107167155,148237600
2003-12-09,0.30637213587760925,0.3183567389779092,0.30562294347726005,0.31715869121876045,135144800
2003-12-10,0.3053233027458191,0.30876892625258057,0.29903107935919004,0.3063720066435906,271336800
2003-12-11,0.3177577257156372,0.3197049659401987,0.30277635251336477,0.3033753514098699,183136800
2003-12-12,0.3129637837409973,0.3194053513459932,0.3101171834800474,0.3194053513459932,192673600
2003-12-15,0.3021772503852844,0.321952459868393,0.3006788659224261,0.321952459868393,388908800
2003-12-16,0.3014281094074249,0.30697114274062304,0.2997795311742548,0.30247681368942775,373956800
2003-12-17,0.2978322505950928,0.30157738677784895,0.2964840345733647,0.3008281945209768,274260000
2003-12-18,0.30022916197776794,0.30232657019504233,0.29813175376049356,0.29813175376049356,330915200
2003-12-19,0.29513582587242126,0.30592240441848795,0.2939369532113672,0.3024767800326917,453560800
2003-12-22,0.2973824739456177,0.297982347620953,0.2883938199763609,0.2943865309896445,377064800
2003-12-23,0.29678353667259216,0.2988809448820532,0.2936374243584007,0.29843126452243235,308498400
2003-12-24,0.3057721257209778,0.30846938196083895,0.2943865274986218,0.2954352312859768,177475200
2003-12-26,0.31131529808044434,0.3132633632011838,0.3047235355722427,0.3048737290852672,103695200
2003-12-29,0.3168591856956482,0.3170085291176849,0.312514199726338,0.313263392141859,233458400
2003-12-30,0.31880635023117065,0.3221026560598679,0.3168591104943845,0.3173079657557454,204853600
2003-12-31,0.3201545476913452,0.32255146765236786,0.31730794739340085,0.31985503583390934,174451200
2004-01-02,0.31880635023117065,0.3258477921468477,0.3173079657557454,0.32285099819291885,144642400
2004-01-05,0.3321400582790375,0.3354355144144077,0.32090379851094053,0.32090379851094053,395018400
2004-01-06,0.3309411108493805,0.3358851444150741,0.32524876017263715,0.3333380308884992,509348000
2004-01-07,0.33843231201171875,0.3420281054613186,0.3285442675731133,0.3310913816948096,586874400
2004-01-08,0.34996795654296875,0.35551101350503356,0.3393307478476305,0.3421773480647355,460303200
2004-01-09,0.34457430243492126,0.3615037619593247,0.3414281900540941,0.348019926694647,427459200
2004-01-12,0.3555110991001129,0.35955572268367136,0.34607273562649193,0.3483203376899594,487547200
2004-01-13,0.3613536059856415,0.37214015950758844,0.35745827621876547,0.3700427511810537,679016800
2004-01-14,0.36255255341529846,0.3676459067866138,0.3562603271380183,0.3655484980275204,620043200
2004-01-15,0.3423274755477905,0.35056693826202456,0.3370839560656197,0.34322601098698546,1018208800
2004-01-16,0.34037941694259644,0.34517408133802524,0.3387316893918012,0.3429265050494092,372820000
2004-01-20,0.34052956104278564,0.34157826488216914,0.33333795251173104,0.33963020055110354,315946400
2004-01-21,0.33873170614242554,0.3441253944409709,0.336035274543887,0.3400799219416948,226660000
2004-01-22,0.33228936791419983,0.3420280678645894,0.33228936791419983,0.33798259440304107,205004800
2004-01-23,0.3379826843738556,0.34067911733156714,0.33333816086435497,0.3358852753841056,227169600
2004-01-26,0.34472453594207764,0.34547372833142315,0.33603538940882,0.336484244761027,271269600
2004-01-27,0.34562304615974426,0.348320328585126,0.3415783976788278,0.3451741908407686,307070400
2004-01-28,0.33738359808921814,0.35026756163195694,0.33573586993072635,0.34217743915122983,275402400
2004-01-29,0.3397804796695709,0.34157837613715686,0.3324395504028835,0.33903128738294036,212699200
2004-01-30,0.3379826843738556,0.3426271828802688,0.3358852753841056,0.33933090085271134,185298400
2004-02-02,0.33438676595687866,0.3417276946898802,0.3307917983846984,0.33648417416630766,287431200
2004-02-03,0.3334881663322449,0.33558557413911466,0.32959283753049645,0.3340871899623737,180812800
2004-02-04,0.3264468312263489,0.3309411601063231,0.32509861507252513,0.32959294395249933,305552800
2004-02-05,0.3358851373195648,0.3432260657662238,0.3267462876030793,0.3268964810873627,352844800
2004-02-06,0.3402302861213684,0.34292671927099017,0.3355857872843975,0.3363349798486131,193340000
2004-02-09,0.3396303355693817,0.34247693642241234,0.33708407173388827,0.3388819683306285,188260800
2004-02-10,0.3442748486995697,0.3463722573076795,0.33618472619661266,0.33888198376542106,255343200
2004-02-11,0.3565598428249359,0.3576085472154705,0.3453235814801519,0.34592260538851394,348544000
2004-02-12,0.3555110991001129,0.35940640427708764,0.353563859062481,0.35371317746906467,183988000
2004-02-13,0.34457430243492126,0.3610540815901795,0.34202803891348604,0.35730894545155517,315980000
2004-02-17,0.3469712734222412,0.35191528290268315,0.3460727376538498,0.3460727376538498,170956800
2004-02-18,0.34846970438957214,0.35116613715435374,0.3453235911300519,0.3472716565393693,141635200
2004-02-19,0.3366343379020691,0.35416282056534415,0.3357358022971004,0.34951829884934743,323080800
2004-02-20,0.33558565378189087,0.3372333817065012,0.33273905321108194,0.33708403831423556,277603200
2004-02-23,0.3324396014213562,0.33648425026791623,0.3279452721134793,0.3346871786261766,194079200
2004-02-24,0.33498674631118774,0.34067912432748587,0.3295930301800319,0.33169046421594045,259056000
2004-02-25,0.34172767400741577,0.3430767150046095,0.3327390179686218,0.33378772200986534,276276000
2004-02-26,0.345174103975296,0.3472715119416526,0.3415783117182614,0.3427763590696185,198408000
2004-02-27,0.358357697725296,0.3598560824226977,0.34382515638117056,0.34397532489159294,468837600
2004-03-01,0.3598560690879822,0.36405088600390045,0.35760849212516527,0.36105411672014454,321680800
2004-03-02,0.3567100465297699,0.36105420794649556,0.3561101724573645,0.3595557979229383,256687200
2004-03-03,0.358357697725296,0.3624023462862337,0.35356385681565755,0.35356385681565755,225131200
2004-03-04,0.37693488597869873,0.37783339672909727,0.3582075276452731,0.358507014560018,660223200
2004-03-05,0.40060529112815857,0.4118415479543128,0.3730394511025209,0.3737886432375889,1540599200
2004-03-08,0.38951927423477173,0.4013545311370339,0.38652250533704335,0.3988074425942785,522872000
2004-03-09,0.405999094247818,0.4079463341485383,0.38577332742540427,0.3880209293308415,618363200
2004-03-10,0.4146884083747864,0.42157966018149406,0.4036014879542232,0.4050998731650687,1006964000
2004-03-11,0.4067474603652954,0.42008112886256577,0.40584892461250016,0.40854535697258726,595851200
2004-03-12,0.41289031505584717,0.41618577083227154,0.4070477706510246,0.40929452229829644,329224000
2004-03-15,0.39626041054725647,0.4097442473093954,0.3934146348308821,0.40495040651144387,481717600
2004-03-16,0.38682201504707336,0.3986580969848295,0.38038044713574104,0.39775873627990416,605432800
2004-03-17,0.39236584305763245,0.39521161813916494,0.38622296237279347,0.38891939408240445,411432000
2004-03-18,0.3845752775669098,0.3904178219565593,0.3833763799472289,0.38861992558245306,321081600
2004-03-19,0.38742196559906006,0.40360138641830123,0.38262727414788505,0.3829276361991719,408576000
2004-03-22,0.38742196559906006,0.3920656384212687,0.37828313827518245,0.3800810350554939,419031200
2004-03-23,0.37888211011886597,0.3895193465203902,0.37783340583035996,0.3877214498684196,385515200
2004-03-24,0.38202807307243347,0.3857732083184028,0.3785824496339739,0.3785824496339739,428215200
2004-03-25,0.40255263447761536,0.4031525084044254,0.38787077512571827,0.39161673676771064,566445600
2004-03-26,0.4050997197628021,0.4098935604998005,0.4031525048107513,0.4045007209491774,419893600
2004-03-29,0.41813385486602783,0.41933190243905744,0.4074966195933215,0.4100437333415407,350728000
2004-03-30,0.41828325390815735,0.41873293435868386,0.4095940824381116,0.41558682140848646,359676800
2004-03-31,0.4050997197628021,0.4191825801702014,0.40375150362437606,0.41828321934346674,390773600
2004-04-01,0.4061482846736908,0.40854520421998564,0.39880735758130337,0.40285285471363014,318332000
2004-04-02,0.4119909703731537,0.41843338928378676,0.40794634694708276,0.41573695699768537,274478400
2004-04-05,0.4242759048938751,0.42502509716629083,0.4110924311838985,0.4116914549611824,385672000
2004-04-06,0.416934996843338,0.42172966260885403,0.41094225845960974,0.4151371003189774,257992000
2004-04-07,0.40914517641067505,0.4149877207798171,0.403301781936863,0.4136395047793683,255119200
2004-04-08,0.41244062781333923,0.4194820447205478,0.4074965941264089,0.4176841483717304,240917600
2004-04-12,0.42008113861083984,0.42098049948620675,0.41184167282972606,0.4119909912380577,230540800
2004-04-13,0.4034520089626312,0.41993181544608305,0.40210379276657215,0.41918259808925445,436396800
2004-04-14,0.39910688996315,0.405549306973915,0.3941628821621657,0.4006052741698569,639732800
2004-04-15,0.4389578104019165,0.44315262749771395,0.42187905510092477,0.43176707399865033,1761446400
2004-04-16,0.4371598958969116,0.4391079358410579,0.42697319117922766,0.43671104061046906,402931200
2004-04-19,0.42472565174102783,0.430718340400639,0.41693501646627473,0.42128002703286227,712353600
2004-04-20,0.41543734073638916,0.4256240435032801,0.4128902524939307,0.4226281250634114,354519200
2004-04-21,0.41543734073638916,0.42127990925901326,0.410043652417325,0.4134892761622251,325875200
2004-04-22,0.41618576645851135,0.42217847929091873,0.4061483806394842,0.4128903107167194,344584800
2004-04-23,0.414987713098526,0.4194820413840306,0.4052498642963366,0.414987713098526,315828800
2004-04-26,0.4064478874206543,0.4140883530312555,0.4045006727008647,0.4131898174133729,231128800
2004-04-27,0.4036013185977936,0.4110924414097492,0.3998561822441769,0.4080964973471843,283864000
2004-04-28,0.39626041054725647,0.40465004449451486,0.39461268247952686,0.40180429378122196,231168000
2004-04-29,0.40105512738227844,0.40450077746535235,0.38921986728951813,0.3962604608737013,460790400
2004-04-30,0.3862229883670807,0.40390163934889733,0.3818788286649402,0.4001556532731289,466502400
2004-05-03,0.39056792855262756,0.39446323256229515,0.38562392058272116,0.38951922459238875,297634400
2004-05-04,0.3916166424751282,0.39775869792643204,0.3820281131196076,0.38906955419219225,279983200
2004-05-05,0.39925718307495117,0.4007555927525446,0.3889194839631899,0.39251527714134105,238106400
2004-05-06,0.39820849895477295,0.4007556130129567,0.38802096783610407,0.39551206648568654,263558400
2004-05-07,0.3995566964149475,0.4130397082316574,0.3977587998194579,0.3977587998194579,419036800
2004-05-10,0.39371412992477417,0.39850797051794745,0.38861995233058283,0.39356396142426514,249978400
2004-05-11,0.40659815073013306,0.40734734309113874,0.39551205902829273,0.39551205902829273,305172000
2004-05-12,0.4089950919151306,0.4095940907904681,0.3931143333198,0.4013546246060145,245420000
2004-05-13,0.40734729170799255,0.41528724455000554,0.4030022815998483,0.40599907566893517,229852000
2004-05-14,0.4053991138935089,0.40929444277684823,0.3962602903862393,0.40824571384837355,257801600
2004-05-17,0.39910688996315,0.4053991135095964,0.39491207426551916,0.4000062505277483,300445600
2004-05-18,0.4053991138935089,0.4088447374910494,0.4015038100132435,0.40405089814677014,206063200
2004-05-19,0.3965607285499573,0.4119909544474932,0.39581153625462745,0.4104934199615606,375592000
2004-05-20,0.400155633687973,0.40450064328208735,0.39656066637632226,0.39895758628459527,196296800
2004-05-21,0.4061482846736908,0.4074965003496446,0.4004550850628699,0.4030021730626676,179894400
2004-05-24,0.40959402918815613,0.41798368763438737,0.40614840475280994,0.40884483690192663,235603200
2004-05-25,0.42562419176101685,0.42712257655515695,0.4088448973891925,0.41199101039583136,319978400
2004-05-26,0.4271225333213806,0.43116803183880126,0.41948209180745355,0.42442610104627115,322168000
2004-05-27,0.4220292270183563,0.42847077112054593,0.41678568060320753,0.42637336255571934,235972800
2004-05-28,0.42038071155548096,0.4235268500627059,0.4164862556407798,0.42068109864938386,145717600
2004-06-01,0.42038071155548096,0.42247812055823925,0.4136396541224808,0.4163360870969159,182134400
2004-06-02,0.4332655072212219,0.43701061930112817,0.4164862119560289,0.4199318620876821,318712800
2004-06-03,0.4254748523235321,0.4343141420266738,0.42382709918936323,0.43026869330581174,250930400
2004-06-04,0.4311680197715759,0.4382085871673814,0.4271225213673778,0.427871713667646,399112000
2004-06-07,0.4465981423854828,0.4491452557421017,0.4316167993175258,0.43506242321269756,295876000
2004-06-08,0.45468848943710327,0.45603670589857087,0.4468987276515029,0.449295623591233,415620800
2004-06-09,0.4524418115615845,0.4600822557474548,0.44944499122245873,0.4507932078314989,349204800
2004-06-10,0.46053171157836914,0.4639773358852909,0.45244161533399413,0.45244161533399413,257577600
2004-06-14,0.4512428343296051,0.45963246962852117,0.44195468815252753,0.45918281414007345,243986400
2004-06-15,0.45978274941444397,0.466523832909502,0.45334035285025626,0.45753517151474526,444634400
2004-06-16,0.4904944896697998,0.49918365948017834,0.4573856133057362,0.4593328530498468,909641600
2004-06-17,0.49154338240623474,0.4963372247071149,0.48255472181659814,0.4877982696806329,551320000
2004-06-18,0.4930417537689209,0.5005320282574239,0.48585011613972706,0.48929574141665905,406252000
2004-06-21,0.4843516945838928,0.5018801567125442,0.48120560651521327,0.4961878045632292,390213600
2004-06-22,0.49438998103141785,0.4957381474587136,0.48375271789165813,0.48390288642953533,360511200
2004-06-23,0.5048768520355225,0.5068240917472685,0.49274120809701033,0.4943898110455682,390868800
2004-06-24,0.49708616733551025,0.5048768259898907,0.4940902486824005,0.5020302257106719,252515200
2004-06-25,0.5048768520355225,0.5048768520355225,0.4943898110455682,0.49543849014148567,323428000
2004-06-28,0.4867493510246277,0.5122177878729491,0.48255453436537316,0.5120676193772795,521096800
2004-06-29,0.486898809671402,0.49423971518269927,0.47056919538989544,0.48045721509140693,590553600
2004-06-30,0.48749759793281555,0.4939399894976125,0.4777597514615382,0.487797934834658,373044000
2004-07-01,0.48390287160873413,0.48659930439308646,0.4779101820118349,0.480906101757826,341941600
2004-07-02,0.46562498807907104,0.46712337227157597,0.4454001018859655,0.45663633312689694,910683200
2004-07-06,0.46367785334587097,0.47071842041324,0.461430276549914,0.468471693721976,348980800
2004-07-07,0.4552883207798004,0.46982001361410136,0.45139299019695556,0.4621795709814857,397992000
2004-07-08,0.45154207944869995,0.4596321725552591,0.4486954300057212,0.45139271111285734,233380000
2004-07-09,0.4498944580554962,0.4569358744789743,0.4498944580554962,0.4534902505061076,208863200
2004-07-12,0.43656089901924133,0.45004471067937757,0.433414761309019,0.44974437366773334,511621600
2004-07-13,0.43775975704193115,0.44345215867141735,0.4347629876685291,0.4382086123665817,316176000
2004-07-14,0.4431525766849518,0.44899599633432313,0.4305681268405176,0.4323660482644612,835800000
2004-07-15,0.49334096908569336,0.5038280076766088,0.48105600957592237,0.4892954719967628,1767724000
2004-07-16,0.48240455985069275,0.493191142729045,0.48120571171121695,0.4913932205630856,488381600
2004-07-19,0.4789589047431946,0.4827040672967183,0.4743144311185228,0.4795579287268069,533170400
2004-07-20,0.48240455985069275,0.48240455985069275,0.4726667065619411,0.4786594470739447,323747200
2004-07-21,0.47371524572372437,0.49004480697431824,0.4695203790577869,0.4857006719235556,301257600
2004-07-22,0.4746137261390686,0.47536291836650924,0.46532553273918487,0.46817218316898646,334118400
2004-07-23,0.4599319100379944,0.47566244791804685,0.4566364540634215,0.47236704194963436,273571200
2004-07-26,0.4683215022087097,0.4711681026363565,0.4611307169949239,0.46217944609757844,393932000
2004-07-27,0.48585015535354614,0.4906439974212546,0.4729662141109772,0.4764118396660117,425006400
2004-07-28,0.4834531545639038,0.48555056315177947,0.4668240543750582,0.4840521784170894,285051200
2004-07-29,0.48899605870246887,0.49169249043077456,0.48135561873793054,0.48644894534404404,222157600
2004-07-30,0.48450180888175964,0.4943898774644502,0.47940848119184143,0.48914633126195006,243023200
2004-08-02,0.4731164574623108,0.4824046060716989,0.4663745237279783,0.46712371637612005,365092000
2004-08-03,0.4687712490558624,0.4752136934032151,0.46667384044734583,0.47116819459700215,211629600
2004-08-04,0.4762624204158783,0.4812056304041838,0.46697342416089455,0.4672729111173543,276488800
2004-08-05,0.47026968002319336,0.4839028108656462,0.46817227143157253,0.4765619057980559,244501600
2004-08-06,0.44614937901496887,0.46592456369596685,0.4449504814091049,0.4629286448444584,492290400
2004-08-09,0.4539393186569214,0.4561868962681633,0.4465983619331213,0.4471982360270219,290847200
2004-08-10,0.47221681475639343,0.4725163516515018,0.45468835570885724,0.4552882295976251,351036000
2004-08-11,0.4645763635635376,0.46637428498136974,0.45334012979754146,0.46592457959919903,322392000
2004-08-12,0.45498788356781006,0.4621794692401938,0.45363966752964174,0.45618673121066633,226200800
2004-08-13,0.46202921867370605,0.46862092929831595,0.45543745804294655,0.4584342265746465,328048000
2004-08-16,0.46113067865371704,0.4752135611408425,0.45903327062895516,0.46442613406319727,435674400
2004-08-17,0.46247899532318115,0.4663743253787029,0.4546883852183003,0.4581340098526979,323019200
2004-08-18,0.47551316022872925,0.47716091332549704,0.45678580195454516,0.45708533887450625,364655200
2004-08-19,0.46008187532424927,0.4773108401899492,0.4548383316761431,0.47206729654184304,388920000
2004-08-20,0.46143031120300293,0.4642769119843473,0.45678578886711385,0.46008209506482417,316780800
2004-08-23,0.46562498807907104,0.4684715880042593,0.4584342041345437,0.4623286828727723,254660000
2004-08-24,0.47865915298461914,0.47865915298461914,0.46727270297677853,0.46832143192203757,374136000
2004-08-25,0.4951390027999878,0.4966365371500616,0.4753629183165089,0.47746032651249337,505618400
2004-08-26,0.5192590951919556,0.527048852226796,0.49049436121105305,0.49498866337253034,955858400
2004-08-27,0.5146147012710571,0.5207567573844382,0.5093711557681758,0.5195587098996679,388813600
2004-08-30,0.5111690759658813,0.5201577324880092,0.5087721308970075,0.5093711546380636,218142400
2004-08-31,0.5167122483253479,0.5236034985193598,0.5093712926498346,0.5104200220346948,376560800
2004-09-01,0.5372366905212402,0.5391847308931544,0.5122179034118385,0.513865656730838,515726400
2004-09-02,0.5342406630516052,0.5364874400421061,0.5218055300050474,0.5318437675539713,406324800
2004-09-03,0.5277982950210571,0.5381360200051408,0.5245028385820665,0.5245028385820665,293468000
2004-09-07,0.5357384085655212,0.5421808047410474,0.5277984273128042,0.5303455420948195,301957600
2004-09-08,0.5445775985717773,0.547873905322085,0.5345402600066623,0.5348397469620856,343526400
2004-09-09,0.5348398089408875,0.543828469145033,0.5285475817776036,0.5408325491140425,461339200
2004-09-10,0.5373866558074951,0.5427795192024373,0.531243750147237,0.5342405187902036,328014400
2004-09-13,0.5331920981407166,0.5403828361822537,0.5291465985297347,0.5375362346327464,281976800
2004-09-14,0.5316935777664185,0.5325920885020077,0.5210563167933664,0.5279484161996766,254822400
2004-09-15,0.5273485779762268,0.5315434452502668,0.5213567391154974,0.5297463736512446,232668800
2004-09-16,0.5445775985717773,0.5507205065806375,0.5255516008441491,0.5273486225890299,501916800
2004-09-17,0.556412935256958,0.5600087291323798,0.54532681675373,0.5475744442075047,502308800
2004-09-20,0.5649526715278625,0.5689973203251523,0.5523682195784005,0.5525175379927609,245000000
2004-09-21,0.5694469809532166,0.5823309699594971,0.5612075147645567,0.5655517005410525,386652000
2004-09-22,0.5531172156333923,0.571394013091834,0.551468612908264,0.5707949894311839,401688000
2004-09-23,0.5583608150482178,0.5618064393948373,0.5532666376736898,0.5549151907015982,397404000
2004-09-24,0.5586603879928589,0.5692967486025449,0.5565629795507168,0.561057283337702,369488000
2004-09-27,0.5622563362121582,0.568997418706528,0.551769291107698,0.5535663130320901,397516000
2004-09-28,0.5698968172073364,0.57364192995844,0.5610574750064788,0.5612076435615049,353186400
2004-09-29,0.5794841647148132,0.5821814464253647,0.5666001802479121,0.5682479328878273,273509600
2004-09-30,0.5805331468582153,0.5883238090186076,0.5760388418036865,0.584279159497323,425012000
2004-10-01,0.57933509349823,0.5871248548024773,0.5779868771200728,0.5860761753890158,465404800
2004-10-04,0.5811328291893005,0.5869753988292473,0.580532955301741,0.5869753988292473,574084000
2004-10-05,0.5898222923278809,0.5943165981310977,0.5752897451122826,0.5776866415324194,406162400
2004-10-06,0.6088479161262512,0.6106457871989348,0.5913194107582831,0.5917691160556614,446303200
2004-10-07,0.5935670733451843,0.6131929894686653,0.5911701782662466,0.6073504201968251,426148800
2004-10-08,0.5851774215698242,0.5958146307599539,0.5818811158721636,0.5926685435506541,359228800
2004-10-11,0.5781359672546387,0.5851773834283683,0.5722933985526902,0.5812821042650299,323870400
2004-10-12,0.5736417770385742,0.5779868127588116,0.5640532948287382,0.576787914940965,460191200
2004-10-13,0.5955145359039307,0.5956647044471884,0.580383817517877,0.5823310579689124,1163008000
2004-10-14,0.6738678812980652,0.6854036043954731,0.6374626901939826,0.6470512230774635,2768427200
2004-10-15,0.6816583275794983,0.6833060304490416,0.6620324611908254,0.6723701339924927,1031128000
2004-10-18,0.7153672575950623,0.7153672575950623,0.6696730701283606,0.6696730701283606,1200752000
2004-10-19,0.7104231715202332,0.7243558389541753,0.7087745683023542,0.7206106773004559,801992800
2004-10-20,0.7111724019050598,0.713119642039054,0.6988874369210282,0.7068273660744808,605108000
2004-10-21,0.7182129621505737,0.7210595631622105,0.7095237906971871,0.7113217123971851,724505600
2004-10-22,0.7102728486061096,0.7141681279176628,0.7044302796818525,0.712220888311112,483067200
2004-10-25,0.7123704552650452,0.7167154411237145,0.7051796684392683,0.7071269085886149,392644000
2004-10-26,0.7186625599861145,0.7198614076353657,0.7036811648878084,0.7108719004938551,594361600
2004-10-27,0.7535693645477295,0.7583640554114501,0.7216593821876583,0.726752709853262,1193494400
2004-10-28,0.7818844318389893,0.7823341372735714,0.7415848141594904,0.7487755505518637,864264800
2004-10-29,0.7850303649902344,0.7970157892929268,0.7760417093139621,0.7766407329986484,810219200
2004-11-01,0.7857795357704163,0.7979143281164928,0.7796374804157346,0.7865287279066402,602050400
2004-11-02,0.8015102744102478,0.8101993946750979,0.7850304945466267,0.7850304945466267,729988000
2004-11-03,0.8286271095275879,0.8406116834623096,0.8088510273464905,0.8145442775365165,1204173600
2004-11-04,0.815742552280426,0.83222233466636,0.8145445545361351,0.8244325739861966,928625600
2004-11-05,0.8197880387306213,0.8239828559969543,0.7796377377643141,0.8218854473637878,1205047200
2004-11-08,0.8146938681602478,0.8307247950963699,0.8069040575197247,0.8130461149590957,526920800
2004-11-09,0.809750497341156,0.817240769088863,0.7997122620428009,0.8124469291622076,475764800
2004-11-10,0.8202375769615173,0.8298252572717749,0.8076531277281225,0.8082521014659635,508676000
2004-11-11,0.8284772634506226,0.8304245036915477,0.8124471857384644,0.823233716527589,407299200
2004-11-12,0.831473171710968,0.8343197728717288,0.8215860020156769,0.8241322661264326,395701600
2004-11-15,0.8275787234306335,0.8308741800908461,0.8140949095244755,0.8269788994121929,376045600
2004-11-16,0.8230834007263184,0.8269787306160594,0.8161921517508066,0.8263797068186192,295103200
2004-11-17,0.8224843740463257,0.8307246891927528,0.8122968190142174,0.8268293593166636,397751200
2004-11-18,0.8298252820968628,0.8307246428413396,0.813345502828247,0.8134956713195267,459149600
2004-11-19,0.826529860496521,0.8525973214405759,0.8164916240041807,0.8313237009933736,765279200
2004-11-22,0.9191157221794128,0.9588163256958323,0.8674296383076708,0.9258568547928123,2568210400
2004-11-23,0.9179167151451111,0.9355952956076949,0.914621208679866,0.9333477183932415,911450400
2004-11-24,0.9595654606819153,0.9767944876470539,0.9221116369165909,0.9242089958406337,1390788000
2004-11-26,0.9670563340187073,0.9851838671935498,0.9639102464445374,0.9790410104401057,550144000
2004-11-29,1.0253347158432007,1.0422633096120546,1.0099036072868894,1.0329751608316602,1712916800
2004-11-30,1.0045095682144165,1.030577782741474,1.0045095682144165,1.030577782741474,1028518400
2004-12-01,1.0155963897705078,1.017993285229211,0.9928243827279027,1.0155963897705078,800553600
2004-12-02,0.9769439101219177,1.0022630385257543,0.9687044920684271,0.9907272131717799,987442400
2004-12-03,0.9390406608581543,0.9737973381079231,0.9251080462732968,0.9667558715661959,1238848800
2004-12-06,0.9854835867881775,0.992374837015409,0.9430856558251048,0.9625613586943064,1247920800
2004-12-07,0.9421871900558472,0.9997157905601165,0.9372431798382276,0.987730311244675,1056899200
2004-12-08,0.9480292797088623,0.9652581983589539,0.9296023137341983,0.9450333112928934,691902400
2004-12-09,0.9586671590805054,0.9648092186735829,0.929902401721571,0.9409884727442189,741501600
2004-12-10,0.9760451316833496,0.9895280939297878,0.9693032005046454,0.9742472100266532,775773600
2004-12-13,0.972449004650116,0.9872810288887763,0.9678045334115679,0.9830862129547894,395040800
2004-12-14,0.9781421422958374,0.9869815289151486,0.9740966449858215,0.9797899448589974,415721600
2004-12-15,0.9776930809020996,0.9806898511129731,0.9687044704795175,0.9773935438983096,398361600
2004-12-16,0.997767984867096,1.0112509413708686,0.9895276724698099,0.9910260565599163,1126115200
2004-12-17,0.9736483693122864,1.004360259825246,0.9723001029069887,1.0013634899588904,783496000
2004-12-20,0.9396397471427917,0.988778694970093,0.9252573770175745,0.9808387177491078,1168126400
2004-12-21,0.9541714787483215,0.9553703263518907,0.9228605237056073,0.9522242390018051,1064414400
2004-12-22,0.9550707936286926,0.964209617894697,0.9498272485632785,0.9537225277638688,565829600
2004-12-23,0.9589661359786987,0.9625610784683125,0.952823279874802,0.9550708565215983,245929600
2004-12-27,0.9462319016456604,0.9760453849343481,0.9420370833993876,0.9708018371234182,559490400
2004-12-28,0.9615122675895691,0.9625609965849595,0.9296023426163398,0.9483288460070418,611755200
2004-12-29,0.9654079079627991,0.9734980052469405,0.9523746013183335,0.955969544474908,449562400
2004-12-30,0.970801591873169,0.9742472166904457,0.9621124205696211,0.970950910282904,345340800
2004-12-31,0.9648091197013855,0.9737978304199575,0.9592661347648571,0.9721501268162315,278588800
2005-01-03,0.9481796026229858,0.9754458585732505,0.9378418302425747,0.9705018500611503,691992000
2005-01-04,0.9579178094863892,0.9808391404295708,0.9433853146225853,0.9556702318949843,1096810400
2005-01-05,0.9663073420524597,0.9775436286070397,0.9595654100999653,0.9657074680281749,680433600
2005-01-06,0.9670563340187073,0.9724491983787668,0.948778682350403,0.9688534554104566,705555200
2005-01-07,1.0374685525894165,1.0431617519966465,0.9700519704897453,0.9737971305811383,2227450400
2005-01-10,1.033125400543213,1.0591929276934513,1.0169450974276601,1.0461587140626154,1725309600
2005-01-11,0.9672055840492249,1.035970450500284,0.9609134093456309,1.0224874904545769,2611627200
2005-01-12,0.9806899428367615,0.987281657771414,0.9483294421034648,0.9805398242775827,1919702400
2005-01-13,1.0457091331481934,1.114923653876254,1.0446605040555803,1.1042864443711304,3164716800
2005-01-14,1.051701307296753,1.0744733157896613,1.0365705412053503,1.0524504996953457,1770742400
2005-01-18,1.0584430694580078,1.0591922617367464,1.0149964180918793,1.0464575931952882,1006460000
2005-01-19,1.0469071865081787,1.0705777006250656,1.044959946780214,1.0560460116043386,751895200
2005-01-20,1.0555965900421143,1.0677321867633647,1.040765360860048,1.0434617934195425,914922400
2005-01-21,1.0560462474822998,1.0726753984389223,1.0487053420916057,1.0683312626548598,911332800
2005-01-24,1.0600907802581787,1.0753724626309593,1.0569446927282335,1.063387086291795,841629600
2005-01-25,1.0794172286987305,1.0912524872904665,1.0627880793020315,1.0692296731719342,969231200
2005-01-26,1.0824140310287476,1.0899042543613875,1.066982928810387,1.0885560881706355,739496800
2005-01-27,1.088256597518921,1.092451414799563,1.0719269838452663,1.0810650106939652,496227200
2005-01-28,1.108331561088562,1.108331561088562,1.085260012124031,1.0879572451888524,801612000
2005-01-31,1.152077317237854,1.166909344303001,1.1162720066043752,1.1173207357907997,1681097600
2005-02-01,1.1615159511566162,1.1651116949335862,1.1472836946500187,1.1543251636890792,678395200
2005-02-02,1.1929768323898315,1.1971716490423088,1.1639125527024836,1.1678078324626506,1020062400
2005-02-03,1.1657103300094604,1.1899807162588225,1.1585195452490704,1.185036707943754,731651200
2005-02-04,1.181141972541809,1.1824902391686085,1.161516147065705,1.1666102766284991,563556000
2005-02-07,1.182639718055725,1.188781773286347,1.1610665654085446,1.1824894995847761,524456800
2005-02-08,1.2120033502578735,1.2191941339758015,1.1803919653478747,1.1845868808858484,890019200
2005-02-09,1.1796436309814453,1.2283338502081593,1.170055945723869,1.2141015907747958,1191456000
2005-02-10,1.1739506721496582,1.1877331682914916,1.1484822378787432,1.1793435358220135,1093019200
2005-02-11,1.2166482210159302,1.2248877363270816,1.1826400303695268,1.1964225287126615,1201054400
2005-02-14,1.2678849697113037,1.270281865701336,1.2292329966219364,1.2394197545733987,1271463200
2005-02-15,1.3245145082473755,1.334551843544101,1.2884088647190977,1.2982968816391827,2312217600
2005-02-16,1.3502825498580933,1.3513311789676938,1.3086338219720064,1.320619297651027,1639243200
2005-02-17,1.315526008605957,1.3615188761789259,1.3101323439596855,1.358073251584204,1518473600
2005-02-18,1.3005448579788208,1.3162753987736855,1.2921552228865811,1.3144775769629173,1163254400
2005-02-22,1.2777725458145142,1.3228668987650125,1.2777725458145142,1.2929033090273918,1219293600
2005-02-23,1.3218185901641846,1.3251139970112273,1.2816682332484732,1.2991958971931916,1345181600
2005-02-24,1.3323054313659668,1.3379978334874132,1.3143273138799954,1.3255635998041015,1519028000
2005-02-25,1.3332045078277588,1.3469878127236365,1.3212190253096041,1.342642875286064,915510400
2005-02-28,1.344140648841858,1.3525302827612946,1.3171738255117755,1.3387468841265402,651610400
2005-03-01,1.333354115486145,1.3516309691993584,1.3231665592617183,1.3480360259080062,468188000
2005-03-02,1.321967601776123,1.3450391448074748,1.3207695541446025,1.3258628817788327,458161200
2005-03-03,1.2521542310714722,1.330657019270955,1.2350755233510828,1.329458971417269,1411653600
2005-03-04,1.2827167510986328,1.2887085898555575,1.253952004582023,1.2812183663569954,756618800
2005-03-07,1.2809187173843384,1.295900163194349,1.2689333407092211,1.2824163018963353,450632000
2005-03-08,1.2144007682800293,1.2632402915069425,1.2015167793376353,1.2554504308075844,1021451200
2005-03-09,1.1790438890457153,1.2069092156926422,1.1634634730952902,1.1877330575676455,1322465200
2005-03-10,1.1934268474578857,1.2063108381907286,1.171554146926364,1.184438137659207,777109200
2005-03-11,1.2066097259521484,1.216198305450383,1.192527793723281,1.204811904800843,632830800
2005-03-14,1.2081083059310913,1.222191139385659,1.1841382554599653,1.214100943564261,605385200
2005-03-15,1.22728431224823,1.232677975476657,1.2060106963513502,1.2176966333052823,508608800
2005-03-16,1.2338759899139404,1.2677340523472957,1.2218914165576906,1.2347754004854348,697813200
2005-03-17,1.265937089920044,1.2848138114534673,1.2380708628218862,1.2443631366704606,801920000
2005-03-18,1.2872108221054077,1.3015931922003385,1.2734274257285312,1.2982968865110152,940150400
2005-03-21,1.3093836307525635,1.317473730632905,1.284214720049432,1.2970987124217,541128000
2005-03-22,1.2833154201507568,1.3171734839632159,1.2788210674421936,1.3096823627166805,551415200
2005-03-23,1.2749261856079102,1.3003946276089355,1.2590454264240056,1.2719294159012162,609823200
2005-03-24,1.2734274864196777,1.2884089309589828,1.2734274864196777,1.285712498969983,352704800
2005-03-28,1.2743266820907593,1.2872106662132594,1.2725287610312501,1.2809183925603136,275410800
2005-03-29,1.2509552240371704,1.2833158136130352,1.2434650006048407,1.2752256162129039,461356000
2005-03-30,1.2824163436889648,1.2824163436889648,1.2530526249340599,1.260543748132482,394959600
2005-03-31,1.2485582828521729,1.27402672179737,1.2461613874385684,1.271929263288895,636134800
2005-04-01,1.2251871824264526,1.2638399456888096,1.2155995009160359,1.261142713303117,641284000
2005-04-04,1.2311795949935913,1.237771405571613,1.203314268465936,1.2281837265993472,580014400
2005-04-05,1.2551501989364624,1.2656372931558655,1.231180140775344,1.2350755215069193,556239600
2005-04-06,1.2683343887329102,1.2827167621147324,1.2629407236808146,1.2704318473546894,414825600
2005-04-07,1.305188536643982,1.3108817390821266,1.2659375937880013,1.2683344895215554,506987600
2005-04-08,1.3105822801589966,1.3318559062059503,1.3045895404065944,1.3093834321714792,649950000
2005-04-11,1.256049633026123,1.3258631500429374,1.255750096054556,1.3228672802655455,821662800
2005-04-12,1.278221607208252,1.2941023653365917,1.2587459058164214,1.273128279191009,981061200
2005-04-13,1.2296818494796753,1.2881098645684346,1.2102061444871395,1.2869118166253248,1371946800
2005-04-14,1.1164214611053467,1.1853365587281928,1.1038370093709915,1.1628639877325868,2753192400
2005-04-15,1.059192419052124,1.116121939570657,1.0570949603946254,1.0972453117148364,1728087200
2005-04-18,1.0672826766967773,1.0876577923990391,1.0187426834954396,1.0487054829827722,1327177600
2005-04-19,1.1113284826278687,1.1218154790322594,1.074773063640367,1.0966465676468853,1081642800
2005-04-20,1.063985824584961,1.1308034402835536,1.06188846669997,1.1284065455683903,945131600
2005-04-21,1.1140246391296387,1.1149239500791723,1.0756722075243994,1.0906535557990202,759592400
2005-04-22,1.063686490058899,1.108631524916038,1.045709176202257,1.1038368344631266,839129200
2005-04-25,1.108031988143921,1.1092308361434322,1.081964570083638,1.0933500756406882,746460400
2005-04-26,1.084360957145691,1.1239122212489716,1.082263499195602,1.1020387311980433,810507600
2005-04-27,1.0771701335906982,1.0894542438709987,1.0639858126332367,1.0753722125437786,613888800
2005-04-28,1.0648857355117798,1.0888557940610473,1.055896225964766,1.087357409120086,575106000
2005-04-29,1.0804660320281982,1.0855601601840181,1.0552970284439154,1.083162464524695,671630400
2005-05-02,1.0915521383285522,1.098144651487101,1.0792680231350225,1.0849603252563562,465920000
2005-05-03,1.0849603414535522,1.100841100514907,1.0795674761859857,1.0906535437709037,496739600
2005-05-04,1.1131258010864258,1.1146232853935156,1.0816646289142386,1.0819641657805803,448176400
2005-05-05,1.0990431308746338,1.1167210108605405,1.0927509549413845,1.116121936984453,387366000
2005-05-06,1.115822434425354,1.118518866783141,1.1023393725254735,1.105335341803685,326247600
2005-05-09,1.1077321767807007,1.1221145487431528,1.101140464656914,1.1170212212259991,355695200
2005-05-10,1.0912525653839111,1.1161219320945748,1.0885561328793318,1.1011405847030293,440263600
2005-05-11,1.0669831037521362,1.0687810256797965,0.9920753574658404,1.054698187355505,2041981200
2005-05-12,1.0226378440856934,1.0663830358504627,1.0187424639649658,1.0612897080780348,970242000
2005-05-13,1.0418142080307007,1.0555967094284635,1.0208401188585783,1.0247353997162938,702713200
2005-05-16,1.0651850700378418,1.0696794243297765,1.0346225007342729,1.035521811646932,474294800
2005-05-17,1.0594919919967651,1.0624887619415386,1.0349221589039672,1.05290027826395,588344400
2005-05-18,1.0738747119903564,1.125411490626289,1.0484062597951935,1.0621887656369116,636722800
2005-05-19,1.1251105070114136,1.1290057868870336,1.072076173492772,1.072076173492772,793161600
2005-05-20,1.1251105070114136,1.1281072761957898,1.1143239781743648,1.1161217996554202,452650800
2005-05-23,1.191329002380371,1.1955238189375714,1.1340999550933104,1.1340999550933104,1042574400
2005-05-24,1.189530849456787,1.1982199170226306,1.1694560830085963,1.1820405291727598,593460000
2005-05-25,1.1919277906417847,1.197021916721489,1.178145296741875,1.1835381595370025,396006800
2005-05-26,1.2206929922103882,1.2266856310083205,1.1967229370803083,1.1967229370803083,525520800
2005-05-27,1.2152994871139526,1.2221916382811657,1.1988205519976387,1.2176972832370925,316008000
2005-05-31,1.191329002380371,1.2206928182930892,1.1859353381949334,1.2182958231228243,404205200
2005-06-01,1.2075093984603882,1.2212918968443034,1.1943250737879716,1.1952244846201914,453812800
2005-06-02,1.1997185945510864,1.20810832739148,1.1865351715707078,1.2000181314263707,373973600
2005-06-03,1.1457852125167847,1.155972768973254,1.1317032757567855,1.1433883169017356,956869200
2005-06-06,1.136197566986084,1.1574711914062594,1.1254110363059808,1.1484825825267369,811966400
2005-06-07,1.0948486328125,1.1305046402051004,1.092152199509894,1.1266093587144324,745264800
2005-06-08,1.1062337160110474,1.1161217335713962,1.0957467246961072,1.097544546070716,404006400
2005-06-09,1.1281071901321411,1.1367963599240467,1.1032378282697706,1.1086314923260945,390255600
2005-06-10,1.072975754737854,1.1206163313441055,1.0642857828040735,1.1206163313441055,678932800
2005-06-13,1.0756717920303345,1.0969454083766215,1.0732748972470374,1.0753722551916474,435772400
2005-06-14,1.078668236732483,1.083162591456987,1.0711779122245608,1.0762712408785913,347846800
2005-06-15,1.1125261783599854,1.117620306483759,1.087657611978971,1.1047364178553325,563343200
2005-06-16,1.1379951238632202,1.1409910925002151,1.1032377471646133,1.1143238112420928,547674400
2005-06-17,1.1478825807571411,1.1547746302276303,1.1335002080767203,1.152677271720467,596125600
2005-06-20,1.1269086599349976,1.1412910347124687,1.122114768371304,1.134100247373099,323716400
2005-06-21,1.134399652481079,1.1442876715082455,1.120017279375315,1.1302048353303686,370526800
2005-06-22,1.155074119567871,1.1565717040890013,1.1427892059129696,1.1463849489534526,424925200
2005-06-23,1.1652621030807495,1.191928598526029,1.1580705143442749,1.1634641808935409,674254000
2005-06-24,1.131402611732483,1.1721528293834598,1.129005716598275,1.1712534186373222,410709600
2005-06-27,1.1116276979446411,1.1415903932681315,1.099043145881639,1.103837037116129,600171600
2005-06-28,1.1179194450378418,1.1263090765193333,1.1137246292970961,1.1233132081857844,350299600
2005-06-29,1.0897547006607056,1.1173205928042285,1.08226357883455,1.1155226715595514,448358400
2005-06-30,1.1029387712478638,1.1134257669462537,1.0879573202466333,1.0969460308276007,418390000
2005-07-01,1.09364914894104,1.107731981516987,1.0873569748304726,1.103537165439174,250000800
2005-07-05,1.1379951238632202,1.1430884505682621,1.0936491673441018,1.095147551711823,454269200
2005-07-06,1.1203168630599976,1.1433884104175993,1.1146236604376933,1.129905446427776,394626400
2005-07-07,1.1275086402893066,1.1314030212210782,1.102639169064622,1.1029387060555733,383723200
2005-07-08,1.1460846662521362,1.146984077113406,1.1227136855479876,1.1346990628640916,290735200
2005-07-11,1.1415902376174927,1.1580700678416336,1.132002556468084,1.149680434285077,388788400
2005-07-12,1.1457852125167847,1.1505799038578957,1.1358980931139582,1.1454857755864893,387038400
2005-07-13,1.1490811109542847,1.153575463657887,1.1355973527573828,1.147283189850705,684835200
2005-07-14,1.2209922075271606,1.2587456550812635,1.2054118895468053,1.2221911551209348,2096060400
2005-07-15,1.2449631690979004,1.245562142838367,1.2123031482786082,1.2275840295285458,687682800
2005-07-18,1.2431652545928955,1.2614421047811586,1.2395694118840601,1.2407683594947159,586297600
2005-07-19,1.2941023111343384,1.295301158904392,1.2305809814911495,1.2440639434019043,671062000
2005-07-20,1.3072859048843384,1.312380133456824,1.277922181719772,1.2842144581183492,453395600
2005-07-21,1.29709792137146,1.319570385109013,1.2854127842948433,1.3093828322102277,404264000
2005-07-22,1.3183727264404297,1.3183727264404297,1.3000950732066818,1.3015934579246524,301106400
2005-07-25,1.3126792907714844,1.326762124367772,1.3102823957137926,1.3180721546328236,294627200
2005-07-26,1.3072859048843384,1.3216682795131838,1.2991958066540703,1.3186724098554012,268592800
2005-07-27,1.3180723190307617,1.3204700144860007,1.2785218454365783,1.3132784283051437,283749200
2005-07-28,1.312380075454712,1.3183728146288254,1.2973987275811083,1.3138776601742241,251311200
2005-07-29,1.2779219150543213,1.3297582002736037,1.2662368756853852,1.3051882737378862,562080400
2005-08-01,1.2809187173843384,1.2908059355528987,1.2608431439451995,1.2755250528503463,314249600
2005-08-02,1.2941023111343384,1.3033904559916725,1.2767239690787757,1.2851136031856167,296875600
2005-08-03,1.2950009107589722,1.2976981434051267,1.2815179479229,1.2941023999468155,258322400
2005-08-04,1.2797200679779053,1.2884092398857647,1.2671356155430342,1.2851137333476739,269304000
2005-08-05,1.288109540939331,1.2991956071372404,1.2590452591854195,1.273128194704288,241931200
2005-08-08,1.2779219150543213,1.2959001296196941,1.2767238674782275,1.288409006859483,176383200
2005-08-09,1.3129791021347046,1.3150764607578904,1.2857127399469617,1.2863117138058267,380839200
2005-08-10,1.2997955083847046,1.3300577384045098,1.2976980498590824,1.31837269814609,360945200
2005-08-11,1.3183727264404297,1.321967669618073,1.2959002560777375,1.3000950732066818,271983600
2005-08-12,1.381294846534729,1.384889889368554,1.2991955336224634,1.3021923027615259,916036800
2005-08-15,1.4286361932754517,1.44811189520796,1.3917821480770536,1.392680658890124,1086727600
2005-08-16,1.385789155960083,1.4232430683019692,1.3845903083254352,1.4199467623713478,537622400
2005-08-17,1.4127559661865234,1.4214451361673281,1.3893840881831134,1.3902834989361823,499724400
2005-08-18,1.3872871398925781,1.4082612288308256,1.3708082058141093,1.4055647959964357,442559600
2005-08-19,1.3732047080993652,1.39927221827413,1.371406786688041,1.3866876685057086,376569200
2005-08-22,1.3744029998779297,1.4007708517244912,1.3561261458632596,1.3827926345395618,387732800
2005-08-23,1.3705073595046997,1.3812946870315497,1.357922910817735,1.3738036651597845,295604400
2005-08-24,1.3714064359664917,1.4118563069640926,1.3660127731242035,1.3663123099351187,572070800
2005-08-25,1.380096197128296,1.392980186016023,1.3726050733030108,1.3818941188527778,276253600
2005-08-26,1.3705073595046997,1.3884854719550892,1.359121758352172,1.3818937607556905,261058000
2005-08-29,1.373504400253296,1.3791976020060523,1.356126058172269,1.3564255950936481,256295200
2005-08-30,1.3953766822814941,1.401968493314939,1.3759009860597402,1.3779984441236668,518761600
2005-08-31,1.4049655199050903,1.4091603367905874,1.386388330823141,1.404066109079654,402956400
2005-09-01,1.3860888481140137,1.4133552089420947,1.380994620203882,1.408260981031963,356367200
2005-09-02,1.384890079498291,1.4022692226296403,1.3818941100464712,1.3872869750745465,222378800
2005-09-06,1.4621943235397339,1.4645912184785221,1.3947777279032865,1.3992720809350505,818619200
2005-09-07,1.4585988521575928,1.4801728108499514,1.4358276459210144,1.4696857184606966,963074000
2005-09-08,1.4915584325790405,1.501745988864722,1.4723822678567766,1.4786745437932172,702640400
2005-09-09,1.5374016761779785,1.5386005237732976,1.4918576690580363,1.5002473019420715,615641600
2005-09-12,1.5400981903076172,1.546990339197546,1.515529164197886,1.531109583201812,452796400
2005-09-13,1.5227198600769043,1.5368026937963895,1.5077384157306244,1.5287124978228037,492884000
2005-09-14,1.4864648580551147,1.5338059881123465,1.4819705045757625,1.5299106083965759,474426400
2005-09-15,1.494254469871521,1.503543512899822,1.4780750789773427,1.4981498492027938,415156000
2005-09-16,1.534406065940857,1.534406065940857,1.4966527091392747,1.5050423439840708,591004400
2005-09-19,1.577252745628357,1.5847438691431346,1.5296113723421698,1.5296113723421698,783731200
2005-09-20,1.5937325954437256,1.6123097870397158,1.5856424974868524,1.5877399562196106,819828800
2005-09-21,1.5613720417022705,1.5895377149722743,1.5538818180400198,1.586841282459784,434747600
2005-09-22,1.5550795793533325,1.572159182391266,1.5377012395314769,1.5544805055884534,463727600
2005-09-23,1.5940319299697876,1.6030206376336567,1.553282608496983,1.5610723684164658,558457200
2005-09-26,1.613208293914795,1.6347813536769138,1.5976278729905575,1.6189014958348271,546562800
2005-09-27,1.6012227535247803,1.6251936079748137,1.6009232166063276,1.615605126177543,341703600
2005-09-28,1.5305103063583374,1.5913351899487957,1.5158283999697661,1.5901363424485757,1125544000
2005-09-29,1.5682640075683594,1.5757543308415909,1.5224205568067852,1.5350050079930946,636846000
2005-09-30,1.606317162513733,1.6075152103103003,1.5544808677551436,1.567964731185215,531633200
2005-10-03,1.631186604499817,1.6341825742320026,1.6084145942093642,1.6227969691361461,507553200
2005-10-04,1.6105118989944458,1.6584528107898704,1.6072155925130327,1.6464673328101818,539459200
2005-10-05,1.5814474821090698,1.6287894160656453,1.5805489713854026,1.627890005231057,610769600
2005-10-06,1.5490881204605103,1.6027214409930128,1.5242187505690687,1.5940322683958097,757537200
2005-10-07,1.537102222442627,1.5559789474589054,1.5146297545444012,1.5496867724616916,677882800
2005-10-10,1.5092371702194214,1.5553802621475812,1.5065399375053747,1.5508850076406193,507505600
2005-10-11,1.5457919836044312,1.55418162014948,1.510135978281795,1.5350054509213062,1225884800
2005-10-12,1.475678563117981,1.5071397425361994,1.4343293644269057,1.4577003462582412,2697486400
2005-10-13,1.6102124452590942,1.6165046214988898,1.4762776222731415,1.4813710506283615,1865575600
2005-10-14,1.618001937866211,1.6284890298761248,1.5817469712537089,1.6189013486736379,1035552000
2005-10-17,1.6012227535247803,1.6248941710686877,1.5784515469334586,1.6174030477745467,616834400
2005-10-18,1.5643686056137085,1.6165043279149016,1.5640690687154728,1.595530244237594,609588000
2005-10-19,1.6461676359176636,1.646766709733771,1.5344058649620957,1.5601738400159313,1008683200
2005-10-20,1.6821231842041016,1.6929097127621735,1.6284889781716814,1.6320847210531149,1357762000
2005-10-21,1.6677409410476685,1.7072923179361468,1.6587523327059646,1.7030974006812436,796726000
2005-10-24,1.7015986442565918,1.7015986442565918,1.6506617746025616,1.6554556646669367,609753200
2005-10-25,1.6809241771697998,1.703396544258882,1.6686400645906545,1.6899136840743956,465127600
2005-10-26,1.7087905406951904,1.7246702972456884,1.6755314428298176,1.6863179718419246,631593200
2005-10-27,1.6602505445480347,1.7081906508176647,1.6602505445480347,1.7075915770111652,411541200
2005-10-28,1.632084846496582,1.6908123843791731,1.6230962386945136,1.6791273442549735,769787200
2005-10-31,1.7255698442459106,1.737254884208784,1.6404744578293013,1.65395831946334,940844800
2005-11-01,1.7228727340698242,1.7420496997457569,1.7039960054312178,1.715082973122701,749686000
2005-11-02,1.796282172203064,1.7977805570294974,1.725869486767069,1.7294653303159664,857060400
2005-11-03,1.853212833404541,1.8672947722323465,1.7998780476630754,1.805571350668087,884382800
2005-11-04,1.8322378396987915,1.8349343714817619,1.786394399092961,1.8082668902980665,878035200
2005-11-07,1.8046716451644897,1.847818763510275,1.8019751127879104,1.82324873499035,638831200
2005-11-08,1.7947838306427002,1.8091661986501018,1.770812883922716,1.7962814147389328,473765600
2005-11-09,1.8010765314102173,1.8340351926269591,1.7977803252466427,1.7977803252466427,552930000
2005-11-10,1.833136796951294,1.8337358708076834,1.7681171810547218,1.8169566021876222,665344400
2005-11-11,1.8439234495162964,1.8610023562138756,1.8379307103068487,1.8439234495162964,425448800
2005-11-14,1.8412271738052368,1.8571071331021838,1.825046977464522,1.8439235064834436,369933200
2005-11-15,1.8660962581634521,1.8900662106849206,1.8415262317273142,1.8457211484401297,536841200
2005-11-16,1.946097731590271,1.949393138214882,1.8903660547844647,1.892164076644776,784515200
2005-11-17,1.9332131147384644,1.9739625296467103,1.9251229191023576,1.9652732602843974,676205600
2005-11-18,1.9344111680984497,1.9604795776867958,1.928718867252378,1.9568837349603274,524960800
2005-11-21,1.9463969469070435,1.9532881964429072,1.909242566608739,1.942202229792896,511711200
2005-11-22,1.9931387901306152,2.000330275527834,1.9332132122473202,1.9428007926456037,540282400
2005-11-23,2.010817289352417,2.0368846977025967,1.9982329404835224,2.003925241086107,485853200
2005-11-25,2.0776355266571045,2.08362746590792,2.0225029247154875,2.027297716269143,395012800
2005-11-28,2.0872230529785156,2.129470660051492,2.069545074144441,2.1189835675035824,1018519600
2005-11-29,2.0404810905456543,2.106399421481422,2.018008518584706,2.0971112758013835,891433200
2005-11-30,2.0320911407470703,2.062953342774724,2.0231024333953043,2.050368792437896,595674800
2005-12-01,2.1453516483306885,2.1492469288484104,2.0617547359031936,2.065949653383817,812893200
2005-12-02,2.1762137413024902,2.179509147647517,2.1183848106193746,2.165426211129887,895762000
2005-12-05,2.151942253112793,2.1732158654590465,2.14205423888944,2.1558375314432046,583671200
2005-12-06,2.2187604904174805,2.242131366961596,2.197786308864392,2.215164647832462,857029600
2005-12-07,2.2157630920410156,2.231044768605609,2.1908944382114783,2.224152722273725,679464800
2005-12-08,2.2196590900421143,2.222356422144466,2.1753138301415373,2.193292043664665,790479200
2005-12-09,2.2271504402160645,2.234941000206431,2.1977866218647817,2.2235545971189397,555402400
2005-12-12,2.2445290088653564,2.2577124347250086,2.2340419155337066,2.243330861102542,524994400
2005-12-13,2.2466249465942383,2.261007311859173,2.2235535148493413,2.242729668495003,493816400
2005-12-14,2.157635450363159,2.1962873984835536,2.1054998458702676,2.173215964319885,1450716400
2005-12-15,2.162729501724243,2.183104610556998,2.1378600394916947,2.1777109464230606,561162000
2005-12-16,2.1306698322296143,2.166325830633073,2.129171447393925,2.1615318392624996,671171200
2005-12-19,2.1387603282928467,2.1753148460469616,2.1285728692300023,2.130670328453913,529295200
2005-12-20,2.1606321334838867,2.168722329984932,2.1309688797452706,2.14624976195111,479108000
2005-12-21,2.2022807598114014,2.205576965662723,2.1735160181004263,2.1753138394604408,475736800
2005-12-22,2.2178611755371094,2.2319441101421726,2.205276825513774,2.214565769639623,370610800
2005-12-23,2.197786331176758,2.2250526874627385,2.19628794673676,2.2223563555643047,229857600
2005-12-27,2.224153757095337,2.2526188658057835,2.215764122959222,2.2172625076554437,590590000
2005-12-28,2.204378366470337,2.2400343590792495,2.196887243607989,2.2313450886121524,398115200
2005-12-29,2.1408567428588867,2.2118692846153514,2.1399574321523134,2.210670337023002,490025200
2005-12-30,2.1540403366088867,2.1702205281969995,2.107597620065811,2.124676522274455,624262800
2006-01-03,2.2397353649139404,2.2397353649139404,2.164827715237389,2.1687229962308447,807234400
2006-01-04,2.2463266849517822,2.276589015123305,2.2322437490720244,2.2511204758402616,619603600
2006-01-05,2.228649854660034,2.2442301817414716,2.2097731198563397,2.242132722313341,449422400
2006-01-06,2.286177158355713,2.298162634449081,2.2337419005950347,2.2547160837091598,704457600
2006-01-09,2.2786855697631836,2.313143606460036,2.2693974277642264,2.2990606749304017,675040800
2006-01-10,2.422809362411499,2.453671575747683,2.27209534018152,2.284679695104865,2279869200
2006-01-11,2.5138967037200928,2.5408626279777007,2.474644864901198,2.512098882091412,1493794400
2006-01-12,2.5255815982818604,2.5888035883982887,2.5055069247114448,2.545956708871664,1280809600
2006-01-13,2.5645346641540527,2.5771190180475663,2.5348714013874143,2.5465564442356086,776305600
2006-01-17,2.538165807723999,2.588204166647808,2.5129969098341443,2.5678290587970403,835623600
2006-01-18,2.4716484546661377,2.518391423755509,2.4524722879140475,2.4893272366086845,1200637200
2006-01-19,2.3682754039764404,2.4467790634436186,2.3592868979875075,2.4344941518491128,1695848000
2006-01-20,2.2798855304718018,2.3982391349223033,2.272094969141829,2.375467925028939,1134758800
2006-01-23,2.3272275924682617,2.383857580915035,2.2771892174622277,2.280184987156406,1059730000
2006-01-24,2.2783870697021484,2.3796627634216954,2.270296871667362,2.359886523756431,1142254400
2006-01-25,2.2232553958892822,2.3221331905678118,2.194790085239457,2.3188375841179982,1275786400
2006-01-26,2.1672239303588867,2.2601097708244446,2.1552392542428973,2.233143049415649,1181387200
2006-01-27,2.158236265182495,2.2052778818624494,2.1303708196296,2.185802073685371,953864800
2006-01-30,2.247225284576416,2.2951661957270026,2.1234780264459396,2.132467534859123,1398401200
2006-01-31,2.2625069618225098,2.287376428169608,2.209772259756949,2.262207524902637,913542000
2006-02-01,2.259809970855713,2.2909716149657515,2.2364388877916905,2.245727833678923,521186400
2006-02-02,2.160332441329956,2.258012061368911,2.158834056945141,2.2502215026958665,707322000
2006-02-03,2.1528420448303223,2.1810077202669387,2.128572450141335,2.164527886777031,692123600
2006-02-06,2.016510009765625,2.1726178558565645,1.9997307410974652,2.15793604577809,1651767600
2006-02-07,2.025499105453491,2.0818298388354877,1.997933312560115,2.045573976338211,1388830800
2006-02-08,2.061753749847412,2.0698439439765357,1.9775578037864003,2.052165171595724,953114400
2006-02-09,1.946097731590271,2.0743393554949945,1.933513178765542,2.0704438748264478,1149764000
2006-02-10,2.0168094635009766,2.0275959880824455,1.8846726371446374,1.952987826226107,1760477600
2006-02-13,1.9389060735702515,2.0000314168335973,1.936808814754927,1.9964355730831835,883498000
2006-02-14,2.0266976356506348,2.0404809347494237,1.9475958845969534,1.9505918539169405,1160938800
2006-02-15,2.0740396976470947,2.0860251764306605,2.0000313664053677,2.0123154820351266,1159771200
2006-02-16,2.1144888401031494,2.1276724626736887,2.081829820603759,2.094713806296576,948175200
2006-02-17,2.106099843978882,2.1240780620749216,2.08572493018606,2.106399480947149,575999200
2006-02-21,2.069844961166382,2.121380719242247,2.0578594824924368,2.1150885429631034,779606800
2006-02-22,2.1369619369506836,2.147449030252423,2.037484269047916,2.0674479642662225,978238800
2006-02-23,2.1498448848724365,2.1872986856612067,2.14025630702078,2.1510438321499636,856917600
2006-02-24,2.1411571502685547,2.18400384018106,2.1333663884101552,2.1615320657842365,534744000
2006-02-27,2.127073049545288,2.160931211226984,2.116885597352871,2.1570357324135436,791240800
2006-02-28,2.05216646194458,2.1693221317765574,2.040481418731356,2.1447528972439907,1266980400
2006-03-01,2.070444345474243,2.08213039008696,2.0380847452250936,2.0626537824155835,763817600
2006-03-02,2.0857245922088623,2.0971109951826117,2.0575597218790476,2.0671481033098713,625273600
2006-03-03,2.0290942192077637,2.094713898209747,2.023401918379744,2.0794320167261326,737668400
2006-03-06,1.9619770050048828,2.0290940632024665,1.945797614264986,2.028195552648192,912665600
2006-03-07,1.9868464469909668,2.004525223837379,1.9499925090433878,1.9703668177995817,872877600
2006-03-08,1.9673712253570557,2.0135143159372997,1.9580830798998186,1.9862479533228221,653251200
2006-03-09,1.9155354499816895,1.9916420523793656,1.911940405841055,1.976960238551815,799304800
2006-03-10,1.893363118171692,1.9323145263629047,1.8711899811029244,1.9191308989659928,1043142800
2006-03-13,1.967970848083496,1.9859488702299453,1.9413043520112654,1.949094114853212,861187600
2006-03-14,2.017108917236328,2.017108917236328,1.9625764202060691,1.9706664137224918,642020400
2006-03-15,1.984450101852417,2.0386833948067498,1.9631764764650312,2.0287953745218545,891996000
2006-03-16,1.9269212484359741,2.0045254113525304,1.9266216115126598,2.003027026711311,749638400
2006-03-17,1.937408447265625,1.9637752978193048,1.9209286156017615,1.940104779674428,812042000
2006-03-20,1.9173336029052734,1.9613792520122608,1.9137377580453667,1.9541885624161777,605441200
2006-03-21,1.8520132303237915,1.9278195640275344,1.839428880867646,1.8520132303237915,1345366400
2006-03-22,1.8478177785873413,1.8951595887429495,1.8358323076370116,1.862499580452398,1345895600
2006-03-23,1.8025736808776855,1.8547094925504028,1.7860946542836453,1.8523123977551976,1427826400
2006-03-24,1.7965821027755737,1.8259459198071586,1.768715870216271,1.8052713731188894,1071980000
2006-03-27,1.783098578453064,1.8391296909354113,1.7798031719032277,1.8082674835067418,1108072000
2006-03-28,1.7591285705566406,1.8019752552579327,1.7453452705272454,1.7866943705167468,1370322800
2006-03-29,1.8675936460494995,1.8732869473377443,1.7279666471049762,1.7717126356389674,2346834000
2006-03-30,1.880177617073059,1.896657441946067,1.8436231256295146,1.8822750747872972,1390650800
2006-03-31,1.8792794942855835,1.905946776389167,1.8648971241603662,1.895160248826027,815357200
2006-04-03,1.8771827220916748,1.9212283591474433,1.8759839741165285,1.9077454948035888,815791200
2006-04-04,1.8328373432159424,1.8642984215836818,1.8292414999379847,1.860702578305724,931924000
2006-04-05,2.0138139724731445,2.0138139724731445,1.9221268551946824,1.938906126321896,2233408800
2006-04-06,2.1345653533935547,2.1588349499448296,2.0434773068117855,2.046474076821026,2663768800
2006-04-07,2.091118574142456,2.1336658230509524,2.051567294836477,2.125276188050393,1545238800
2006-04-10,2.0575594902038574,2.1252756262125976,2.0509676787370306,2.106099265559444,903515200
2006-04-11,2.037184476852417,2.0764361106445697,2.0096184821328578,2.0671479668206727,939316000
2006-04-12,1.9988328218460083,2.0425790281353766,1.9865479036384122,2.037785235703912,739894400
2006-04-13,1.9916410446166992,2.0207044204738125,1.9718650114420655,1.9877457653550288,734678000
2006-04-17,1.941901683807373,2.0027265536739836,1.9281183910892745,1.992838539332739,721938000
2006-04-18,1.984151005744934,1.9916421315147317,1.9413043106561245,1.9487944363023246,794844400
2006-04-19,1.967071771621704,2.0075215597318694,1.9616779064712833,2.00212869470478,1086033200
2006-04-20,2.0263986587524414,2.0974110287282017,1.9835517671926677,2.082729215535009,1666982800
2006-04-21,2.0087203979492188,2.0566613119929036,1.9916416911012291,2.0431776486334177,788986800
2006-04-24,1.9700676202774048,2.005124744795019,1.9625774963233322,2.0030272860602434,707028000
2006-04-25,1.9826525449752808,1.995236899697748,1.9643756869777602,1.976360367614047,529062800
2006-04-26,2.041978120803833,2.045872598599211,1.9895428877688286,1.9970332067212433,710886400
2006-04-27,2.0782337188720703,2.093214960816029,2.0180077140837285,2.0293943140663955,845947200
2006-04-28,2.1090965270996094,2.1363628900181917,2.073440729463416,2.0788335945967313,760037600
2006-05-01,2.0854251384735107,2.143553705880681,2.07224171292203,2.1204820610854327,750380400
2006-05-02,2.1459505558013916,2.156737085579947,2.100706778084869,2.1019049257942033,771663200
2006-05-03,2.13156795501709,2.155838344512458,2.102804012030095,2.152242501595967,686991200
2006-05-04,2.1312687397003174,2.1840034407573143,2.111193864899045,2.1339650721002412,860420400
2006-05-05,2.1540403366088867,2.164826864301468,2.1318672073618075,2.1531416259883556,563911600
2006-05-08,2.1540403366088867,2.2112693808199233,2.148946909668934,2.1869997935239263,594851600
2006-05-09,2.128272533416748,2.174115979826714,2.115987420293486,2.1519430488483895,531666800
2006-05-10,2.1153883934020996,2.1372608857931157,2.0857243419103395,2.1360621382334735,459888800
2006-05-11,2.041978120803833,2.122578209254028,2.023999915141349,2.1210798254242813,812688800
2006-05-12,2.0284957885742188,2.0581590500763998,2.003326881835369,2.03299014333755,641774000
2006-05-15,2.031191825866699,2.048870403719824,2.011116952810021,2.0186072755552176,529177600
2006-05-16,1.9469964504241943,2.0449757506847286,1.940105199367563,2.040481395640277,936740000
2006-05-17,1.9553861618041992,1.968570590564012,1.9197301569817538,1.9389063259409198,754194000
2006-05-18,1.8930625915527344,1.985348740060651,1.8912647704731131,1.967969602933049,658442400
2006-05-19,1.93291437625885,1.9440003445806344,1.8822761260677223,1.8954603533739627,985866000
2006-05-22,1.8990548849105835,1.9173325359602058,1.8807780339595004,1.9137366931012911,718975600
2006-05-23,1.8921643495559692,1.953288700586045,1.8876699943433444,1.9434014791627485,694414000
2006-05-24,1.8978571891784668,1.9071455353290658,1.8445226078709525,1.8873702951310982,916031200
2006-05-25,1.9275197982788086,1.9311156407788816,1.8963581635653464,1.9254225401927392,463372000
2006-05-26,1.9041495323181152,1.9344116660339314,1.8918646166158688,1.9269215419089119,432950000
2006-05-30,1.8343356847763062,1.8966581661207682,1.8343356847763062,1.8963585291900422,563402000
2006-05-31,1.790889024734497,1.8514142810137038,1.758528438141399,1.850514970225039,1280977600
2006-06-01,1.862800121307373,1.8660965278216337,1.7833981294197863,1.7932861488145655,942508000
2006-06-02,1.8475193977355957,1.890665722315308,1.8241483135687095,1.8873703156374344,685787200
2006-06-05,1.7977800369262695,1.8322378773486485,1.7968815263545015,1.8322378773486485,605785600
2006-06-06,1.7893908023834229,1.8166571638762419,1.7651212103428682,1.804372049324168,726037200
2006-06-07,1.7546337842941284,1.809765570667485,1.7483416097673379,1.8007768642147106,750506400
2006-06-08,1.8205519914627075,1.8256452181074236,1.712385083156149,1.7510378387947212,1397482800
2006-06-09,1.7750080823898315,1.844522038731326,1.7708131660455078,1.833136437299166,775838000
2006-06-12,1.7078911066055298,1.7896901887747363,1.7066931589521501,1.7798029701227809,717785600
2006-06-13,1.7477421760559082,1.770813621813909,1.7186779911207604,1.7261689150921944,1080643200
2006-06-14,1.7261682748794556,1.761225386014209,1.6986024849870496,1.7462439436771018,878136000
2006-06-15,1.7792030572891235,1.789989586550084,1.7004009462349658,1.7168805770763413,1190383600
2006-06-16,1.724670171737671,1.7735105858288167,1.723472224225295,1.7666185371585166,838101600
2006-06-19,1.7138835191726685,1.7432473328320648,1.707890781676088,1.7327602422376651,704575200
2006-06-20,1.7219740152359009,1.7483418647967917,1.7165803505232984,1.726168732190768,672974400
2006-06-21,1.7336599826812744,1.7591285232814797,1.7168807135805428,1.7300643392919752,863296000
2006-06-22,1.7851957082748413,1.790289935804239,1.73995213497209,1.7438466147112675,965633200
2006-06-23,1.7627230882644653,1.8028744331056747,1.7597273193203669,1.7893905725000374,660203600
2006-06-26,1.7675178050994873,1.7738099797504057,1.7489405179867925,1.7729106690332195,466536000
2006-06-27,1.7207752466201782,1.774409462057595,1.719876735794615,1.7705141815996657,550611600
2006-06-28,1.678527593612671,1.716880723265549,1.6602507397372943,1.71658048624075,850704400
2006-06-29,1.7669183015823364,1.7705141450323685,1.6896143682330114,1.7007005354118834,873398400
2006-06-30,1.7159810066223145,1.730363376835284,1.6929095669400402,1.7255695868053267,739695600
2006-07-03,1.736356258392334,1.7432475071532805,1.7180786072246514,1.7234722715355453,194770800
2006-07-05,1.7078911066055298,1.7258693225156603,1.6947076816787299,1.7123854605584083,518240800
2006-07-06,1.6710368394851685,1.7198762497124342,1.6662421494457582,1.7105881067041526,633208800
2006-07-07,1.6599500179290771,1.6944079592466674,1.6380773256894714,1.6623477130536874,799360800
2006-07-10,1.6479655504226685,1.692610151208202,1.6329842045293397,1.6689396346979746,529345600
2006-07-11,1.6674412488937378,1.6776288041235419,1.633882714077079,1.6512610552985352,825022800
2006-07-12,1.586841344833374,1.6551565718590338,1.5856424969494787,1.6530591131269865,927329200
2006-07-13,1.565566897392273,1.6215980082827735,1.540397993053645,1.558975184368826,1249906000
2006-07-14,1.5182255506515503,1.5847436415296607,1.502944669000448,1.5730577025511736,993036800
2006-07-17,1.5691626071929932,1.59133554011863,1.5475894481925128,1.549986343621944,1024542400
2006-07-18,1.5850430727005005,1.6135073758283174,1.5535819007452962,1.5928328313932265,1000448400
2006-07-19,1.6209990978240967,1.6503629225253305,1.5688633621343526,1.5868414813721952,1390743200
2006-07-20,1.8127615451812744,1.845421569129702,1.7893906657218532,1.82654504340679,1972146400
2006-07-21,1.819352626800537,1.8322374091247375,1.7869930528616946,1.7923867152339634,891892400
2006-07-24,1.8403265476226807,1.8607014469536238,1.8106633089175674,1.8355325595578014,722856400
2006-07-25,1.8556090593338013,1.8604028495368456,1.8211510169200373,1.8511147059968986,589069600
2006-07-26,1.9137369394302368,1.9368085838706255,1.8481182494801496,1.8577068316304037,898427600
2006-07-27,1.8996542692184448,1.94819423482388,1.8834738806341336,1.9326129198662563,735044800
2006-07-28,1.9652730226516724,1.9679695541797049,1.9026503234350929,1.9158337442852582,691507600
2006-07-31,2.0362870693206787,2.0563617523678177,1.9859490429861464,2.0024288813852333,892841600
2006-08-01,2.0129146575927734,2.035386222366539,1.9757602863298471,2.0141126049814195,711765600
2006-08-02,2.0422794818878174,2.057859806518479,2.0228028759512364,2.0269975941229306,550768400
2006-08-03,2.085125684738159,2.097410599401804,2.0317919089715866,2.034787878358435,841044400
2006-08-04,2.0464727878570557,2.055760928808386,1.9463960944781067,2.009018987047907,1852866400
2006-08-07,2.0138139724731445,2.085425411736754,1.9868470438458565,2.029094858649187,1245512800
2006-08-08,1.9410028457641602,2.010817236617888,1.9329136503663118,2.010217362801757,997864000
2006-08-09,1.9053466320037842,1.9655724358065711,1.899654332226242,1.9604792096755868,955838800
2006-08-10,1.919729232788086,1.941902161283662,1.8786803815108437,1.895160209440425,697760000
2006-08-11,1.907145380973816,1.9215277545463272,1.8750850274287727,1.894560829100952,777529200
2006-08-14,1.915834665298462,1.9541879991268527,1.9056480079921798,1.9191308721386493,717620400
2006-08-15,1.9910413026809692,1.9925396871362324,1.9416028166668577,1.9577822083946452,861352800
2006-08-16,2.0368854999542236,2.0395820329026946,1.9874469956437106,2.010518644364759,781284000
2006-08-17,2.025200366973877,2.057260524103547,2.0129154506679336,2.037484483181066,581148400
2006-08-18,2.034787178039551,2.04946898317439,2.0153113834814596,2.0287944412297443,536354000
2006-08-21,1.994337558746338,2.01681012574802,1.9820526461299166,2.0165096887558214,526226400
2006-08-22,2.0260984897613525,2.0470726745513916,1.9925399541170101,1.9979336188146337,576968000
2006-08-23,2.0168094635009766,2.0569597939475974,2.005722502025962,2.037483202228905,536258800
2006-08-24,2.0317907333374023,2.0431763305329405,1.9856476708429434,2.0341876274747883,655191600
2006-08-25,2.0599567890167236,2.068945297283843,2.016810469152047,2.0177089799368324,543958800
2006-08-28,2.0069222450256348,2.055761661852094,1.9979335376517988,2.0524662558708764,738161200
2006-08-29,1.9919401407241821,2.0153112122226005,1.9511901339541675,2.0072210182168573,947332400
2006-08-30,2.006324052810669,2.032092038647624,1.9979344155539511,2.0177096604755866,680142400
2006-08-31,2.032989501953125,2.046473362087879,1.9973335119826299,2.015910799220845,574697200
2006-09-01,2.04887056350708,2.0569607607826685,2.0320912951329513,2.0518665328190955,408494800
2006-09-05,2.1417555809020996,2.142354654740615,2.053963960194341,2.066548311271588,1012457600
2006-09-06,2.098309278488159,2.14804821501952,2.088422058654387,2.1297703599928064,974103200
2006-09-07,2.181307077407837,2.201682190801184,2.1049018523616736,2.1153889460080397,1267957600
2006-09-08,2.172917127609253,2.2043784039891676,2.1546394755988043,2.1983856656170055,895921600
2006-09-11,2.172318696975708,2.2091726453102156,2.1399581031890973,2.170221238117568,949124400
2006-09-12,2.1762137413024902,2.2007827708235603,2.140857181608817,2.181606606277802,1684687200
2006-09-13,2.2232553958892822,2.2268510393429026,2.1663257747129774,2.182805407159399,1146138000
2006-09-14,2.2223567962646484,2.2373380433153733,2.2010821732982397,2.2088729338277497,801729600
2006-09-15,2.220259666442871,2.2466265211387904,2.1959892705315482,2.235240915712017,981853600
2006-09-18,2.2139673233032227,2.2430309113217977,2.196288740810052,2.211270190331148,705278000
2006-09-19,2.2103707790374756,2.2280485542310347,2.181306402759161,2.220258795726226,710049200
2006-09-20,2.2550160884857178,2.267600641528389,2.223854442869176,2.228649234587938,822791200
2006-09-21,2.236738443374634,2.278987057417442,2.217861713734274,2.2547166621267585,794124800
2006-09-22,2.1872990131378174,2.2274493511770865,2.1747146654048137,2.226250403720056,665112000
2006-09-25,2.2696969509124756,2.2729931560235737,2.2088720753970685,2.2115684067823222,858992400
2006-09-26,2.3254294395446777,2.3305228678142873,2.2801848586679774,2.2825819543474855,1102948000
2006-09-27,2.2894742488861084,2.321234969931488,2.27179546633778,2.3122454601243194,810373200
2006-09-28,2.307450771331787,2.3215337056986756,2.2756902599041013,2.3077504082332103,723609600
2006-09-29,2.3065521717071533,2.3227315636367543,2.2975626649619394,2.310447451275403,405812400
2006-10-02,2.243030071258545,2.2732929960074144,2.2262506060485694,2.2502215563837042,712639200
2006-10-03,2.2196590900421143,2.2457272996260214,2.1929926067972403,2.2307460550972977,790708800
2006-10-04,2.2586121559143066,2.26100905194934,2.1920941404295102,2.220259819106727,829082800
2006-10-05,2.242131233215332,2.2819821357841144,2.2211572529379904,2.23314272742437,683883200
2006-10-06,2.2238543033599854,2.248424333973071,2.2115693880657785,2.229847042539926,466958800
2006-10-09,2.2361385822296143,2.2496222403407886,2.2031789291181605,2.211269123984865,438222400
2006-10-10,2.2115700244903564,2.2346414768983953,2.189697320287942,2.23344352879169,531588400
2006-10-11,2.194190502166748,2.216663068512175,2.1753137784651515,2.199883803005117,571855200
2006-10-12,2.2550160884857178,2.258911569221727,2.2052773502953062,2.205577587347155,592855200
2006-10-13,2.2478251457214355,2.303555817037533,2.2394355113210143,2.266101999167058,684196800
2006-10-16,2.2592108249664307,2.273593198722275,2.240933170811697,2.2529186489621247,508692800
2006-10-17,2.2259511947631836,2.2553150091871648,2.2184608727712707,2.248423760935893,480925200
2006-10-18,2.2331438064575195,2.2583127149664635,2.2145665120518725,2.2397354205608164,1133907600
2006-10-19,2.3667774200439453,2.3955421642622996,2.3419089559017303,2.3748676168692207,1512977200
2006-10-20,2.3955423831939697,2.396741331030653,2.3571900541465816,2.3661787625024187,639413600
2006-10-23,2.440786123275757,2.453969544331971,2.3895488230488593,2.3967405073507773,832507200
2006-10-24,2.428502082824707,2.4473788107023835,2.403033542044805,2.4332958739949313,463212400
2006-10-25,2.447378396987915,2.4569659777076414,2.4273027246496857,2.4374901792444525,485214800
2006-10-26,2.462660074234009,2.474944991100557,2.430899352613969,2.4539708013356303,432756800
2006-10-27,2.4093258380889893,2.4704501739131675,2.3973403604377226,2.4494759880727712,594966400
2006-10-30,2.4096245765686035,2.42400694555669,2.382058786059359,2.3967405918772746,499917600
2006-10-31,2.429400682449341,2.447378900179978,2.403932140738294,2.440487650099249,501474400
2006-11-01,2.3718714714050293,2.4383896624312915,2.3479007196552284,2.430000029334871,611192400
2006-11-02,2.3664777278900146,2.376665182027961,2.352095357332186,2.364679906567208,465483200
2006-11-03,2.3458034992218018,2.3829578781654526,2.330822052893038,2.3778644504462125,431888800
2006-11-06,2.3883519172668457,2.3988390113507214,2.349998584551658,2.365579907251913,434576800
2006-11-07,2.4123213291168213,2.4270033375210907,2.400935726735663,2.410523507676547,525932400
2006-11-08,2.4704511165618896,2.477641805822416,2.393745430497856,2.3976407122208383,690916800
2006-11-09,2.497117519378662,2.5375673072390446,2.460562211746352,2.4839332936327496,923053600
2006-11-10,2.4905247688293457,2.5049071415240665,2.471948479214744,2.50340955693976,373864400
2006-11-13,2.5273797512054443,2.53037572051989,2.4761432352577524,2.493521577493588,450674000
2006-11-14,2.5468549728393555,2.5468549728393555,2.5138963149169156,2.5408622350039316,588954800
2006-11-15,2.5183913707733154,2.5738226110164946,2.5168929858718583,2.5483540681853833,655323200
2006-11-16,2.5651330947875977,2.585807844096035,2.5354698371474567,2.5429601607448777,693940800
2006-11-17,2.5723235607147217,2.5750208928692273,2.5468550244717285,2.551049941041569,466424000
2006-11-20,2.5909011363983154,2.6067818949757102,2.552848243326771,2.5588409824125806,570794000
2006-11-21,2.6547229290008545,2.6547229290008545,2.6100776208429166,2.619366566875589,622666800
2006-11-22,2.705958604812622,2.719142027211094,2.632249733938925,2.6664073374941277,671941200
2006-11-24,2.7455108165740967,2.7889573782048283,2.681689940600554,2.6825884514835185,518677600
2006-11-27,2.682886838912964,2.7913531820452424,2.6816888915458663,2.771877586228774,1074836000
2006-11-28,2.750903606414795,2.7556973964783884,2.693973198898742,2.707457058615711,1036173600
2006-11-29,2.750603199005127,2.7910539784924246,2.704160681935474,2.7865596252379454,1157083200
2006-11-30,2.7464089393615723,2.776971506692753,2.728431523354025,2.7628887707675744,870486400
2006-12-01,2.7362217903137207,2.7664839151545046,2.699666290847275,2.7506031604575663,795079600
2006-12-04,2.730229139328003,2.758094370029034,2.7116518521365203,2.7530011429630123,709536800
2006-12-05,2.7347235679626465,2.766484079115773,2.722738092009331,2.7461091700444005,662838400
2006-12-06,2.691577196121216,2.73831996514266,2.686783404468487,2.715847591588426,638184400
2006-12-07,2.607980251312256,2.7116526455410885,2.603785333616708,2.697569907587863,1004827600
2006-12-08,2.6445353031158447,2.6783934782374215,2.6067818476591964,2.613673097433454,784277200
2006-12-11,2.6592166423797607,2.675696471621914,2.6382426597504725,2.663710995791526,499780400
2006-12-12,2.5810134410858154,2.661913203555571,2.562735790269028,2.655021954926923,1026620000
2006-12-13,2.6682050228118896,2.6688040965054967,2.61127541975394,2.6352455683840184,857052000
2006-12-14,2.6532227993011475,2.6966695310152753,2.644533732992687,2.6682042377995603,832330800
2006-12-15,2.628354787826538,2.673299724606984,2.6166695483183253,2.6673069863597347,739939200
2006-12-18,2.5609378814697266,2.6367442141177944,2.534570035278805,2.6256580492809634,721576800
2006-12-19,2.5861077308654785,2.597193899778255,2.5055075784121708,2.538765885125801,911405600
2006-12-20,2.5396649837493896,2.59689404556978,2.539065909826241,2.590901306091472,567691600
2006-12-21,2.483933210372925,2.5612377401979654,2.4629590247505844,2.537866859119609,903599200
2006-12-22,2.4629592895507812,2.518091892026921,2.444981871426616,2.500712747720119,613303600
2006-12-26,2.4422850608825684,2.4740465839336605,2.4237085663913094,2.461462029541896,490688800
2006-12-27,2.442584276199341,2.4569658465357636,2.3002599564208173,2.3416082462950008,1935754800
2006-12-28,2.4231085777282715,2.43449498265148,2.3865540674126575,2.4036327746864092,1119876800
2006-12-29,2.5420618057250977,2.5588410757279294,2.4977167350209544,2.515394515870086,1076429200
2007-01-03,2.510899543762207,2.594196999405004,2.4539699345476738,2.5855077295758377,1238319600
2007-01-04,2.5666308403015137,2.5753199088697625,2.511498260181857,2.5183903077552356,847260400
2007-01-05,2.548353910446167,2.582811160355706,2.528878308352345,2.5699271712623135,834741600
2007-01-08,2.5609378814697266,2.592698591585406,2.5552445805576536,2.575619688972314,797106800
2007-01-09,2.773674964904785,2.7859598777334815,2.551349386565233,2.590301783367985,3349298400
2007-01-10,2.906412124633789,2.9303820798325186,2.8000432106635365,2.8389954129878574,2952880000
2007-01-11,2.870455741882324,2.8998195544069403,2.849481761528691,2.8746506579678157,1440252800
2007-01-12,2.8351004123687744,2.8482838390221676,2.7934516734876467,2.8342009013814993,1312690400
2007-01-16,2.9094083309173584,2.9139026856905526,2.8599700283628424,2.866861279003551,1244076400
2007-01-17,2.8449864387512207,2.924388402553073,2.841091959859788,2.92319045524538,1646260000
2007-01-18,2.668804168701172,2.7598921761367134,2.668205094991359,2.7595925392695015,2364605600
2007-01-19,2.651726484298706,2.6861845398175968,2.6403408781931925,2.6556219653848587,1364473600
2007-01-22,2.6004886627197266,2.6715011918707234,2.566331063927751,2.670901318131786,1454026000
2007-01-23,2.5678300857543945,2.6220631826704186,2.5621377828464524,2.5687293968048586,1207424400
2007-01-24,2.597792863845825,2.611275723977992,2.579215576441515,2.5971929899839084,927813600
2007-01-25,2.584308624267578,2.6517251153039836,2.577716813591415,2.610076593272162,905973600
2007-01-26,2.558242082595825,2.617868240359342,2.546556240583372,2.6100776790177065,986874000
2007-01-29,2.5750203132629395,2.596293928147656,2.5627352032164956,2.585806839108205,901664400
2007-01-30,2.5633351802825928,2.591500852242504,2.554346472251725,2.5897030306264677,577970400
2007-01-31,2.5687294006347656,2.576819599656408,2.5273802946229487,2.542661181589729,856069200
2007-02-01,2.5390655994415283,2.5849082506244763,2.5390655994415283,2.5837103029493025,664342000
2007-02-02,2.539365291595459,2.554346538711578,2.5079040125702248,2.520488564185251,621530000
2007-02-05,2.51509428024292,2.553747036432169,2.51509428024292,2.5258808075160593,578852400
2007-02-06,2.5213868618011475,2.530975443216827,2.4827348994664105,2.530375569305952,864393600
2007-02-07,2.5813136100769043,2.588204860126061,2.5034098004897913,2.5312752377459176,1066825200
2007-02-08,2.582211971282959,2.5920999904165436,2.559140526711913,2.559739400549473,679030800
2007-02-09,2.4950201511383057,2.5828111798239974,2.493222329383908,2.573223397207892,860540800
2007-02-12,2.543260097503662,2.5522488040918545,2.5058060865881955,2.5297762375228747,724071600
2007-02-13,2.53786563873291,2.5555434094853697,2.525880166969718,2.5516489312605812,580986000
2007-02-14,2.555844306945801,2.566031160479196,2.533970815324474,2.5357688365782383,507981600
2007-02-15,2.553147792816162,2.5654327074965497,2.5402638042723855,2.5600398425780755,363661200
2007-02-16,2.541761875152588,2.5591402156861554,2.536667647683879,2.5543462251983846,399868000
2007-02-20,2.573822259902954,2.5816128201994135,2.5216864334268503,2.5363684431916758,617702400
2007-02-21,2.6727001667022705,2.6813892381388107,2.57562019591474,2.576219269785652,1155313600
2007-02-22,2.6819889545440674,2.720940355295575,2.652625335484528,2.7206409183900426,838224800
2007-02-23,2.668804168701172,2.706857850812477,2.66221235764712,2.6715015005799123,517893600
2007-02-26,2.6520259380340576,2.696671448603713,2.625059809620359,2.6918766567853205,615848800
2007-02-27,2.5147948265075684,2.6091782471807967,2.499214508227999,2.5858073697121884,1145813200
2007-02-28,2.5351696014404297,2.5648328497342323,2.4869292683441437,2.4869292683441437,919475200
2007-03-01,2.608579158782959,2.6460329670880935,2.5094009559271715,2.5177905881849623,1415528800
2007-03-02,2.559140205383301,2.6229618661996086,2.5531474672669168,2.599890224500803,860000400
2007-03-05,2.586406707763672,2.656220315884573,2.569627438855055,2.5735229191735267,838899600
2007-03-06,2.642437696456909,2.646033539666372,2.6187671789222007,2.63075185610628,723186800
2007-03-07,2.628354787826538,2.665808601773281,2.620264591192752,2.638242805934499,626284400
2007-03-08,2.636744737625122,2.6583177978043397,2.6205643424167135,2.65442331757505,511011200
2007-03-09,2.6358463764190674,2.662213229218188,2.6187674694458156,2.660715644465673,451836000
2007-03-12,2.692775011062622,2.6963708536179776,2.636444478228773,2.638841373224647,729408400
2007-03-13,2.648730516433716,2.714648652301733,2.648730516433716,2.678992651501973,867890800
2007-03-14,2.6966710090637207,2.6966710090637207,2.6343477266939135,2.6547226382369407,796586000
2007-03-15,2.6837873458862305,2.707457866533259,2.6759965846034546,2.695472387674651,559498800
2007-03-16,2.6843855381011963,2.696371013916187,2.6762955419507075,2.682887153599693,571704000
2007-03-19,2.7305288314819336,2.7431133820383478,2.684385746141276,2.7038615457761224,712961200
2007-03-20,2.741015672683716,2.751802200716459,2.728431123279346,2.73712039309855,488916400
2007-03-21,2.8126280307769775,2.8165233116658097,2.746110018848236,2.756297476532796,686896000
2007-03-22,2.815324306488037,2.827309585026402,2.786560358084793,2.80843305636364,561492400
2007-03-23,2.802140474319458,2.8186203061086292,2.795548861643247,2.7970472463782565,450884000
2007-03-26,2.8719537258148193,2.873452110364205,2.7955485153235937,2.816223061715864,864987200
2007-03-27,2.8602700233459473,2.901318898335512,2.8464867192767285,2.8677603493963333,932052800
2007-03-28,2.793750047683716,2.8584704086686865,2.791053716019066,2.842889092075124,942337200
2007-03-29,2.8090317249298096,2.822216150434854,2.7634887099410825,2.822216150434854,725723600
2007-03-30,2.783862590789795,2.836897725078756,2.7790688001622117,2.8249122483865765,600558000
2007-04-02,2.806035041809082,2.8240122523621074,2.7871583206484685,2.8207168471452944,501992400
2007-04-03,2.8315045833587646,2.853377282262045,2.80933164740881,2.8207180523934396,583934400
2007-04-04,2.824613094329834,2.850680508622301,2.820418177067523,2.844687769676143,476784000
2007-04-05,2.8368983268737793,2.8368983268737793,2.802140837142595,2.8201190559946077,355516000
2007-04-09,2.806035041809082,2.8554733209467327,2.787757194288477,2.8527769893945236,413341600
2007-04-10,2.8240134716033936,2.824313908676088,2.7988445658643357,2.8066351271874392,352466800
2007-04-11,2.774275302886963,2.8150245277766923,2.7664845421886053,2.8135261430070857,549018400
2007-04-12,2.7622897624969482,2.765885605828202,2.718244132114493,2.7577954083883682,656675600
2007-04-13,2.703862428665161,2.738619922522406,2.698469562443431,2.723638471749988,719941600
2007-04-16,2.7395174503326416,2.741614908694939,2.704160895156403,2.7137494762658294,609033600
2007-04-17,2.707157850265503,2.7655858513668643,2.6876814498490775,2.756596343433055,751920400
2007-04-18,2.708655834197998,2.722139698037442,2.6846858764284987,2.7014651469041713,464044000
2007-04-19,2.7047605514526367,2.7341243660885914,2.6915763284970735,2.702362856300416,425913600
2007-04-20,2.7257349491119385,2.7320271241660894,2.713150398978998,2.7233372537699125,522779600
2007-04-23,2.8018407821655273,2.8105298526446862,2.739218067150271,2.7443112946275,780290000
2007-04-24,2.793750047683716,2.8881336574227094,2.735621697554843,2.8153233013207686,1055252800
2007-04-25,2.8569722175598145,2.858470802100761,2.8105296984654395,2.8234136850446476,1187144000
2007-04-26,2.961543560028076,3.07120787429535,2.945363366093524,3.0436420772782715,1737778000
2007-04-27,2.9939029216766357,2.99480223237344,2.9270860971453643,2.9417679043396334,699403600
2007-04-30,2.9903087615966797,3.0262641979864564,2.9864134809744187,2.9989978337046708,616509600
2007-05-01,2.9804201126098633,3.0067879604638827,2.95285431719891,2.9840159555270453,532523600
2007-05-02,3.007986545562744,3.0124809001063637,2.9804207443092268,2.985814409815867,505145200
2007-05-03,3.008286476135254,3.039747561085155,2.996601233191265,3.01817449715056,576077600
2007-05-04,3.0205705165863037,3.044241032655168,3.011282372341364,3.020270879672792,381987200
2007-05-07,3.113755941390991,3.1266397283700837,3.0265632012991377,3.0286604596319657,861557200
2007-05-08,3.1479134559631348,3.150609988204197,3.098773801442164,3.100272186058869,783997200
2007-05-09,3.202446460723877,3.204843356260404,3.1428197087625778,3.1434195827268643,717757600
2007-05-10,3.2162282466888428,3.2611731784176383,3.173681010063378,3.1949546283761103,1197257600
2007-05-11,3.2581772804260254,3.2698633218427746,3.1994498366795745,3.2282145846722656,653696400
2007-05-14,3.2767534255981445,3.2959295841774385,3.2434943348829797,3.2845439838009662,651946400
2007-05-15,3.2216222286224365,3.3019229197922875,3.1904605902363206,3.2830461946205833,954514400
2007-05-16,3.2162282466888428,3.2608737415635725,3.098773390589241,3.251884235153805,1126767600
2007-05-17,3.279151201248169,3.2920359894785265,3.210536543531952,3.210536543531952,735291200
2007-05-18,3.296529769897461,3.315106856551328,3.2890386478151346,3.3028219444013125,621345200
2007-05-21,3.355257511138916,3.3693394457957737,3.2974285875908205,3.305219147256383,639892400
2007-05-22,3.4019994735717773,3.408291848694801,3.3561562263947318,3.3705383980552197,572409600
2007-05-23,3.382524251937866,3.4457460469365584,3.373534743566837,3.4163824265176386,911374800
2007-05-24,3.3166041374206543,3.429564631394924,3.3070165581625366,3.38012655058385,887362000
2007-05-25,3.4043965339660645,3.409190324437577,3.3408751097627216,3.3558565550909094,632959600
2007-05-29,3.4262707233428955,3.44155140862952,3.3765317866971754,3.429266692976938,645694000
2007-05-30,3.5587058067321777,3.5620014121712122,3.401699691189362,3.424770929508685,1478444800
2007-05-31,3.6312167644500732,3.660580383653479,3.5817782709245134,3.5976582282035214,1297066400
2007-06-01,3.547619104385376,3.6312161950098782,3.5443238987525536,3.628519463047895,885262000
2007-06-04,3.635411024093628,3.647396500511309,3.5326379641076917,3.554511458569959,886673200
2007-06-05,3.6755619049072266,3.676161578832032,3.6105422896139143,3.63780845085004,920785600
2007-06-06,3.7046258449554443,3.7169109592609937,3.653988803259085,3.664475695909633,1112241200
2007-06-07,3.71751070022583,3.823580199456734,3.6911438440066497,3.7450777046593293,1915079600
2007-06-08,3.730095863342285,3.770246826254187,3.6641773153945785,3.7699463891182647,1241682400
2007-06-11,3.601253032684326,3.7798322018178325,3.5817774367611674,3.7753380489389885,1874258400
2007-06-12,3.6069469451904297,3.6467978566935133,3.5449233009657846,3.5760847415181227,1426566400
2007-06-13,3.5206525325775146,3.631215728468882,3.4577303950791625,3.630017581133407,1721353200
2007-06-14,3.558107376098633,3.579081163707855,3.4882935629253646,3.511664446272636,973266000
2007-06-15,3.6105411052703857,3.6156349315411473,3.5913647475943504,3.614136747343865,811218800
2007-06-18,3.748072624206543,3.750768956439031,3.671667209802549,3.6938391417493133,910604800
2007-06-19,3.7052254676818848,3.745675248735803,3.682753100396866,3.7360868680065096,943026000
2007-06-20,3.642003297805786,3.7351887834516293,3.640505513195238,3.7115182659245125,897512000
2007-06-21,3.712416648864746,3.7241024888093217,3.617134508073973,3.6464981262976512,867045200
2007-06-22,3.6854488849639893,3.728895428591205,3.666871800109823,3.7109172173943956,631876000
2007-06-25,3.6656746864318848,3.74807284407342,3.6273215584460052,3.7211059197229894,965403600
2007-06-26,3.5850725173950195,3.71541174742886,3.5572070903091064,3.7148124737259716,1345005200
2007-06-27,3.6521894931793213,3.656684045854081,3.5733874032436885,3.6138371771689486,974696800
2007-06-28,3.6123385429382324,3.670167246668573,3.595559281758592,3.666271968169034,838143600
2007-06-29,3.6566848754882812,3.7154125102817788,3.6282205689043554,3.654587417097519,1137841600
2007-07-02,3.6333134174346924,3.6581824771496136,3.5745857919989943,3.627021043265047,994862400
2007-07-03,3.810397148132324,3.817288399498621,3.6405065593287245,3.6554880101830407,1162481600
2007-07-05,3.9775896072387695,3.9841820206973124,3.855939396438271,3.8592358031922243,1453051600
2007-07-06,3.964104413986206,3.9952662439759896,3.907175016996333,3.9889738706027393,874694800
2007-07-09,3.9050772190093994,3.982082276719818,3.870619386921181,3.9665011630577105,995820000
2007-07-10,3.965604305267334,4.030024244123815,3.8595348336884587,3.8616322921708814,1255007600
2007-07-11,3.966801166534424,4.006053195028596,3.9344415858981994,3.9572135871413323,821772000
2007-07-12,4.017139911651611,4.022233738957549,3.9668017124914643,4.010547899843927,704608800
2007-07-13,4.126805305480957,4.130400148437968,4.030623853990123,4.04590493692713,907606000
2007-07-16,4.137890815734863,4.194221347863958,4.119912603306102,4.146579885026201,936112800
2007-07-17,4.162161350250244,4.182835900195932,4.11991373953886,4.143884696054836,709959600
2007-07-18,4.138490200042725,4.148078581187751,4.076166922747892,4.140587658418199,756856800
2007-07-19,4.194820404052734,4.219090991887424,4.184333513062302,4.203809110608927,732891600
2007-07-20,4.3071818351745605,4.320065821256335,4.194820402932059,4.244259689150279,1167773600
2007-07-23,4.305685043334961,4.351229064755568,4.222687199053107,4.293999200971441,1036490000
2007-07-24,4.041710376739502,4.224784151269177,4.01953724260636,4.161262718544519,1795292800
2007-07-25,4.112721920013428,4.145681577699468,4.045005583408832,4.115418251960701,1496182800
2007-07-26,4.374598026275635,4.449505239018943,4.103732712893494,4.371900894558817,2186629200
2007-07-27,4.310176372528076,4.462088623224196,4.308079315066408,4.380289380500111,1161098400
2007-07-30,4.237668514251709,4.358120177587807,4.18193763724617,4.324561636575054,1106988400
2007-07-31,3.9479262828826904,4.299093208767296,3.9407353956933635,4.283811323335737,1762392800
2007-08-01,4.0450053215026855,4.056391122479327,3.828372265683594,4.004255507403297,1750156800
2007-08-02,4.089653015136719,4.103735958316148,4.019539136477053,4.094446808509985,852644800
2007-08-03,3.950624465942383,4.073472455201539,3.9401371692645286,4.052797898943233,679187600
2007-08-06,4.052495956420898,4.053094830126612,3.8442531271668994,3.9820832904605523,925170400
2007-08-07,4.045906066894531,4.112124644847914,3.9739947858958464,4.04320933384967,949936400
2007-08-08,4.01534366607666,4.100738624500422,3.955118619717153,4.097742654071934,808096800
2007-08-09,3.7870237827301025,3.9850789424062696,3.748071791853231,3.928448777212898,1125395600
2007-08-10,3.7453761100769043,3.827774267684196,3.6045503498250406,3.6890455659465693,1410749200
2007-08-13,3.8289732933044434,3.8757154563799556,3.790320527611271,3.8448532512240305,752911600
2007-08-14,3.7163126468658447,3.8442544367378257,3.70672386347094,3.8439551998076493,739006800
2007-08-15,3.592564344406128,3.7411810432475923,3.5850730220163705,3.677658821898666,992852000
2007-08-16,3.5071702003479004,3.550616759368271,3.3444715318891265,3.505972052559478,1866690000
2007-08-17,3.6572835445404053,3.7004300480053494,3.590166494673265,3.6557853603871946,1195062400
2007-08-20,3.6620774269104004,3.7303934258866,3.610541090876876,3.714213436669632,803317200
2007-08-21,3.8223795890808105,3.8640283144497563,3.6255233635906934,3.6617786252300464,1303047200
2007-08-22,3.970397710800171,3.9775885962786113,3.9050784674539227,3.931745751236557,1061765600
2007-08-23,3.927251100540161,3.9952678882307304,3.8880002602071424,3.987776564416063,866838000
2007-08-24,4.053994178771973,4.056091636933936,3.889497131941119,3.9110709873213167,911834000
2007-08-27,3.962608575820923,4.034819893803192,3.9581140207505605,3.9967667943062697,707439600
2007-08-28,3.799907922744751,3.967401330343472,3.7942148222925285,3.924853295433977,1179365600
2007-08-29,4.017440319061279,4.0204370889872045,3.88140912716006,3.8915955845921575,1166860800
2007-08-30,4.082460403442383,4.1423866016795285,3.9641065919771137,3.975192760629008,1435582400
2007-08-31,4.1492791175842285,4.184336256279376,4.117218749771468,4.179542062946774,876887200
2007-09-04,4.319465637207031,4.366507822774361,4.190026117856233,4.193022086320773,1316842800
2007-09-05,4.09774112701416,4.369804664184502,4.077965089229389,4.343737050839567,2328222400
2007-09-06,4.045305252075195,4.122010295888176,3.9763903673752288,4.061785281072299,1901261600
2007-09-07,3.9482250213623047,3.964105778676216,3.895190884869676,3.955416707742439,1430576000
2007-09-10,4.0962443351745605,4.136094861082622,4.013546512928806,4.104633772189618,1487838800
2007-09-11,4.05968713760376,4.143883089476758,4.007551127493257,4.131897615865523,971885600
2007-09-12,4.100437164306641,4.176842577275531,4.0674779038025255,4.074669189752202,1022770000
2007-09-13,4.110922813415527,4.164856236336139,4.094442789700309,4.1597620107750375,656163200
2007-09-14,4.159164905548096,4.164258333176472,4.080961669096195,4.092047835168891,607320000
2007-09-17,4.1471781730651855,4.212497402135129,4.1229087898613415,4.164557509341264,793371600
2007-09-18,4.222387313842773,4.280216448194589,4.1298018916248465,4.166656838401473,1064089600
2007-09-19,4.217893123626709,4.289504357662071,4.176843259673341,4.285309840222093,1026880400
2007-09-20,4.204110145568848,4.248456019520288,4.174446884004898,4.199315953784975,691840800
2007-09-21,4.319166660308838,4.334148105117452,4.20410889214518,4.228977954510731,1138880400
2007-09-24,4.442914962768555,4.48995756684185,4.394075737029728,4.396472432731843,1052161600
2007-09-25,4.589731216430664,4.5909301636607145,4.399166215154911,4.399766288843625,1192550800
2007-09-26,4.577450752258301,4.644268625243082,4.53190751337,4.628388659081746,975268000
2007-09-27,4.629284858703613,4.629883732553541,4.563965603881699,4.60741216147932,658198800
2007-09-28,4.598421096801758,4.632280060651776,4.576848043827573,4.597522586306264,615101200
2007-10-01,4.684416770935059,4.71647792669243,4.582243364614555,4.633180449314638,837068400
2007-10-02,4.747638702392578,4.751833619377151,4.670933249157607,4.690708486271987,792069600
2007-10-03,4.731756210327148,4.769509649247308,4.704490060023231,4.727561694929808,692518400
2007-10-04,4.681419372558594,4.7365509579593645,4.599320868164697,4.734154262982614,656958400
2007-10-05,4.837528228759766,4.841423509822164,4.725167552355044,4.745242431577827,943471200
2007-10-08,5.031089782714844,5.031089782714844,4.883071913007376,4.898653436220239,835928800
2007-10-09,5.029589653015137,5.126969242582598,4.994233299871083,5.099702685470216,1104286400
2007-10-10,4.997528553009033,5.030187766543734,4.961872571197446,5.020300551490571,667590000
2007-10-11,4.860897541046143,5.150039484724661,4.590631117700046,5.078428281693366,1643992000
2007-10-12,5.011312007904053,5.012211318594016,4.848013508615698,4.8842691710756565,988176000
2007-10-15,5.00322151184082,5.080825458919279,4.898950684119928,5.033185198066509,1077930000
2007-10-16,5.0811285972595215,5.099106018454192,4.948391797005554,4.960078040895774,1067830400
2007-10-17,5.176109790802002,5.184798862124988,5.069141802135371,5.174311969138765,1127613200
2007-10-18,5.198581695556641,5.219255442682751,5.125172651134619,5.138655512301678,823676000
2007-10-19,5.106296539306641,5.232440496140699,5.093711787279069,5.22075465497224,1291780000
2007-10-22,5.224350452423096,5.2405308483641155,5.092513389594756,5.104199231107715,1649499600
2007-10-23,5.577911853790283,5.651021648531517,5.476038120204662,5.649823501122733,1795164000
2007-10-24,5.571022033691406,5.6093743620287,5.370570120608855,5.567426390395913,1288481600
2007-10-25,5.476637363433838,5.570122471269236,5.443078832443782,5.539260272192407,973602000
2007-10-26,5.534168243408203,5.55424311965781,5.479635516759366,5.551846023974432,706876800
2007-10-29,5.545853137969971,5.590798280794307,5.534168096921487,5.556639668210316,540554000
2007-10-30,5.603083610534668,5.674095980938936,5.5350676101979905,5.57851417607924,939414000
2007-10-31,5.691474437713623,5.696567866340949,5.541659147617429,5.6219594582244605,833310800
2007-11-01,5.61626672744751,5.6959685581141075,5.39334163118702,5.651023414443166,805036400
2007-11-02,5.629151344299316,5.676193151824105,5.497913142347242,5.669301901067901,1002114400
2007-11-05,5.5785136222839355,5.661810301597405,5.520385248891473,5.551846331379126,804176800
2007-11-06,5.7466044425964355,5.752896416958467,5.551245599512072,5.604579363372523,954727200
2007-11-07,5.582108020782471,5.773272782728712,5.5770145929938,5.711248737976649,994327600
2007-11-08,5.257609844207764,5.600086896440775,5.026894580300397,5.593195646250356,1890378000
2007-11-09,4.954983234405518,5.247122895610885,4.950189042618925,5.128169812251732,1526380800
2007-11-12,4.607110977172852,5.024795143487939,4.513326643684123,4.952284226179297,1769065200
2007-11-13,5.0925140380859375,5.123076612039306,4.607113299425164,4.819551131851609,1739446800
2007-11-14,4.977154731750488,5.3205310320050305,4.906142383795571,5.308246318660921,1449168000
2007-11-15,4.922921657562256,5.081426383851032,4.803069692929512,4.985544572115268,1487410400
2007-11-16,4.985544681549072,5.004421407398129,4.774005817311459,4.952884657425031,1383494000
2007-11-19,4.912436485290527,5.039779417311191,4.85700523728157,4.976857243868903,1154428800
2007-11-20,5.059253215789795,5.14734446716577,4.899849979964254,4.963971478665654,1543642800
2007-11-21,5.047568321228027,5.164123882277359,4.934007929219607,4.969064648629787,1217809600
2007-11-23,5.139854907989502,5.155135591990454,5.086220695267992,5.153637407274807,465757600
2007-11-26,5.1698198318481445,5.311544161095338,5.164126327644123,5.201280923129542,1305754800
2007-11-27,5.237833023071289,5.267196641353241,5.094010900834737,5.2501177368342615,1317030400
2007-11-28,5.3999342918396,5.41131969667194,5.254013886884391,5.298059721650573,1150912000
2007-11-29,5.521881103515625,5.548247944307523,5.367870573827357,5.376260405035351,1050926800
2007-11-30,5.459859848022461,5.624056912987241,5.384353329116873,5.61327038172912,1187802000
2007-12-03,5.359182357788086,5.517387428181016,5.32442568026293,5.449071420488963,961469600
2007-12-04,5.3876495361328125,5.42030876810169,5.3031535046147145,5.307948096534495,773799600
2007-12-05,5.558139324188232,5.5731207746506835,5.4655538883213906,5.4799360647633675,892402000
2007-12-06,5.691474437713623,5.695968992428359,5.576715874293618,5.578813333160495,899810800
2007-12-07,5.821810722351074,5.842485263329625,5.63424166941168,5.709149275837175,1066066400
2007-12-10,5.819116115570068,5.862562677149338,5.773572895249907,5.800539823138612,722377600
2007-12-11,5.649225234985352,5.897619056909693,5.614768187129651,5.835295773711906,1110925200
2007-12-12,5.718738555908203,5.827203896216944,5.565926961389658,5.7960420635781755,1225660800
2007-12-13,5.747803211212158,5.756493482279701,5.6276520026913825,5.698664354895425,864617600
2007-12-14,5.704658508300781,5.788854506255253,5.679190163036148,5.704059634341634,674312800
2007-12-17,5.525177478790283,5.772372314265756,5.482630240228429,5.714544394294028,1024693600
2007-12-18,5.482629776000977,5.612969012779805,5.351391628621298,5.588699226655274,1222603200
2007-12-19,5.486825942993164,5.532369957054027,5.420307743513427,5.4826310258995266,827478400
2007-12-20,5.609374046325684,5.627951135590865,5.493118120042355,5.556040273974853,774057200
2007-12-21,5.810126304626465,5.810126304626465,5.689675463070497,5.696566712187515,993960800
2007-12-24,5.956644535064697,5.97252528911138,5.836493351067549,5.843683835820429,480202800
2007-12-26,5.96113920211792,6.021365013752084,5.897318148038548,5.96293702336514,703732400
2007-12-27,5.949753761291504,6.081290756736749,5.9266825206533,5.961139563164264,795527600
2007-12-28,5.987509727478027,6.039345331512824,5.899118807213092,6.010281740848658,699647200
2007-12-31,5.935070991516113,6.007581107545523,5.925182975660381,5.977618223232597,539333200
2008-01-02,5.837990760803223,6.000390744011001,5.769376317842557,5.970727493968203,1079178800
2008-01-03,5.8406901359558105,5.9143992341167975,5.773573051469161,5.855072711245275,842066400
2008-01-04,5.394838333129883,5.7828592861763894,5.360081655687592,5.736416770578843,1455832000
2008-01-07,5.322629928588867,5.5012095759213375,5.100603717370573,5.43079608271515,2072193200
2008-01-08,5.131163597106934,5.467049315238685,5.117680338497991,5.39753436403285,1523816000
2008-01-09,5.375364303588867,5.378360273170921,5.0427744753912895,5.132663564086669,1813882000
2008-01-10,5.334015369415283,5.423305186973904,5.255812119839217,5.320831742674582,1482975200
2008-01-11,5.174309730529785,5.328919126283459,5.09370942774548,5.273487115747704,1232285600
2008-01-14,5.356787204742432,5.375963170259013,5.24862026144049,5.319033747536048,1100450400
2008-01-15,5.06494665145874,5.369969421232514,4.9337080867534295,5.32502548547038,2343278000
2008-01-16,4.783294677734375,5.064047276774818,4.695203421653462,4.9507873189846725,2213845200
2008-01-17,4.820749282836914,4.954684232702136,4.746740937889047,4.839326778391943,1757859600
2008-01-18,4.834829807281494,4.966367595222898,4.78239455424,4.8453166978701,1724343600
2008-01-22,4.663440704345703,4.793480296458806,4.374597982814172,4.43632157350734,2434754000
2008-01-23,4.166957855224609,4.194823304872599,3.7795358937020973,4.0806643723846285,3372969600
2008-01-24,4.06298303604126,4.215794650266247,3.955416192369905,4.194520831025402,2005866800
2008-01-25,3.8954920768737793,4.167556517591482,3.883507394970082,4.16456054714029,1554739200
2008-01-28,3.8954920768737793,3.9910742955974206,3.7888232872977055,3.8400608228094812,1474844000
2008-01-29,3.941333532333374,3.9787873462635384,3.8667263414838398,3.929648492854975,1099982800
2008-01-30,3.960509777069092,4.058489044212578,3.8951905323396145,3.9362399879976726,1243051600
2008-01-31,4.0557942390441895,4.094445813928465,3.8772145779194265,3.878711962901281,1345674400
2008-02-01,4.007551193237305,4.092645656977939,3.960509008639849,4.0821587674452555,1010744000
2008-02-04,3.9446306228637695,4.071972732213479,3.937738572637338,4.021335285408205,899234000
2008-02-05,3.876014471054077,4.015042804584182,3.8622311724322507,3.90807482209755,1141042000
2008-02-06,3.6554858684539795,3.952719215446021,3.648594621125226,3.9200591996606153,1573272400
2008-02-07,3.6327147483825684,3.7387842160804183,3.51376129338484,3.594662060313128,2083331600
2008-02-08,3.759758472442627,3.7663500846523235,3.6435013473941726,3.6578839195956063,1355972800
2008-02-11,3.878710985183716,3.8945917430359867,3.8112946737933155,3.8355648659333155,1201432400
2008-02-12,3.741180658340454,3.9251528915042755,3.7040260874034368,3.916164185669725,1225980000
2008-02-13,3.877213954925537,3.888599759659926,3.764253218288202,3.795714299828785,968534000
2008-02-14,3.819084644317627,3.91916136677561,3.8056005840237814,3.8772130016687423,954097200
2008-02-15,3.7342896461486816,3.807699105560203,3.7172111385016535,3.783429710490643,901300400
2008-02-19,3.6608808040618896,3.797812110787389,3.6387084664729903,3.7750400991575366,1005046000
2008-02-20,3.710019588470459,3.7333904684813675,3.6458984867794553,3.661479606852459,967439200
2008-02-21,3.641702890396118,3.7894210662599734,3.621328783480559,3.776836717828967,938114800
2008-02-22,3.5793817043304443,3.6707685816913993,3.471814030220166,3.669870070812991,1529878000
2008-02-25,3.587770700454712,3.600654687356481,3.495484533702917,3.55331245628332,1256774400
2008-02-26,3.570091485977173,3.6282202417526292,3.458929001635119,3.5248479163959825,1504888000
2008-02-27,3.684251070022583,3.6869474018961856,3.5383311097027126,3.542525625977894,1475138000
2008-02-28,3.8924942016601562,3.9611094523509958,3.7684473239805976,3.8112942010248068,1618254400
2008-02-29,3.745974063873291,3.9014815792199595,3.7393820535680016,3.8739157907689177,1255480800
2008-03-03,3.647397518157959,3.774740840329722,3.535635719725803,3.728597543345942,1593043200
2008-03-04,3.7339906692504883,3.7417812312209073,3.6075470561257923,3.6551881387967,1785383600
2008-03-05,3.730095863342285,3.7495722707489105,3.6629787672464786,3.7028292930224582,1221836000
2008-03-06,3.623426914215088,3.820283172774694,3.6198308710753704,3.733690101926909,1473698800
2008-03-07,3.662977457046509,3.68485055287616,3.5670964398400553,3.6078454621022598,1230462800
2008-03-10,3.586272954940796,3.699233694575082,3.5766845717106217,3.654888622283628,999588800
2008-03-11,3.815788745880127,3.819684026024362,3.655486986591267,3.7184095426194346,1163943200
2008-03-12,3.776237726211548,3.855639918943121,3.7504697482276295,3.8065010586108747,1059629200
2008-03-13,3.8334672451019287,3.8802094057106467,3.6854498031003664,3.718409465123044,1262102800
2008-03-14,3.7936177253723145,3.904180580280771,3.721406006966534,3.8915958260185595,1156640800
2008-03-17,3.797212839126587,3.852944526148529,3.671968162063445,3.671968162063445,1072598800
2008-03-18,3.9796853065490723,3.9850791702725044,3.855339205565373,3.8706202859263947,1205120000
2008-03-19,3.8853042125701904,4.023733322015114,3.8853042125701904,3.9886769891518976,1010536800
2008-03-20,3.9931700229644775,3.9937688967553897,3.870620922938398,3.9287492852903636,908787600
2008-03-24,4.180738925933838,4.220290208669425,4.004257138678315,4.015342907252808,1066920400
2008-03-25,4.224184989929199,4.287706424346418,4.114820301433442,4.193622420494166,1052391200
2008-03-26,4.346433162689209,4.366808071387841,4.213996856221983,4.220888104719807,1182084400
2008-03-27,4.2023115158081055,4.353924186949864,4.194520956398591,4.343137658585957,999829600
2008-03-28,4.28501033782959,4.334149201193249,4.24276272479404,4.248755464252712,714610400
2008-03-31,4.299689769744873,4.3659083039657585,4.270326162747707,4.292798523230797,768065200
2008-04-01,4.4803690910339355,4.484264371897202,4.302988793853151,4.383588743727526,1032567200
2008-04-02,4.419244766235352,4.530407689561575,4.370105899925898,4.45789673791282,1044968400
2008-04-03,4.542690753936768,4.603216203936222,4.404561351767087,4.406359173058587,1051568000
2008-04-04,4.586736679077148,4.635575891735703,4.516922884210685,4.560069396033487,854417200
2008-04-07,4.670934200286865,4.784793455564984,4.647562915234521,4.678124687911707,1158326400
2008-04-08,4.579545497894287,4.687712426371972,4.5639651780658514,4.600820119382405,1014294400
2008-04-09,4.53759765625,4.6110071103933885,4.50823403461238,4.593628967015484,873398400
2008-04-10,4.630782127380371,4.6568497367427275,4.512427955985769,4.52830871117457,955763200
2008-04-11,4.408756732940674,4.593328671119626,4.386583601341065,4.575950530234715,1210076000
2008-04-14,4.427933692932129,4.471979529042919,4.330854111428153,4.397671557997508,845087600
2008-04-15,4.445911884307861,4.48606243941721,4.366210448096865,4.476473656034563,698037200
2008-04-16,4.6053147315979,4.617299409559278,4.513028550782215,4.545987415299339,795774000
2008-04-17,4.628985404968262,4.674229786054424,4.594827991506546,4.61939702220061,704267200
2008-04-18,4.82524299621582,4.861797500687418,4.745541174865599,4.767713507077187,1026765600
2008-04-21,5.038578033447266,5.048765687111688,4.846815235648881,4.860298094812159,1039152800
2008-04-22,4.800074100494385,5.033785309849245,4.736851507106412,5.015807093691918,1439572400
2008-04-23,4.880672931671143,4.93910091602551,4.826439863127171,4.9154304054795155,1504190800
2008-04-24,5.061951637268066,5.093113488750069,4.7698127300507505,4.954085505439382,1696066400
2008-04-25,5.085621356964111,5.126670014226591,4.986443138043474,5.114685337694617,992474000
2008-04-28,5.160829544067383,5.206073126228599,5.067644046824153,5.086221138869075,787214400
2008-04-29,5.245025157928467,5.263301811601293,5.101202223290315,5.1269702007095255,923476400
2008-04-30,5.212066650390625,5.39334264354613,5.181204437959039,5.279183741413778,1139524400
2008-05-01,5.393341064453125,5.393341064453125,5.239331284599102,5.242327253816293,903576800
2008-05-02,5.421505928039551,5.450869543462442,5.349894710840776,5.399033561108141,1006082000
2008-05-05,5.535065650939941,5.552444191131043,5.424801671779408,5.450869682090694,854557200
2008-05-06,5.592895984649658,5.606678484969793,5.458661824443594,5.5329693916229665,918870400
2008-05-07,5.470945358276367,5.639038483873435,5.409521384804698,5.574617740905174,1157133600
2008-05-08,5.544952869415283,5.588099376748587,5.485326334919125,5.506300114846159,899085600
2008-05-09,5.496715068817139,5.520685228366546,5.434391773880012,5.488025995994061,673072400
2008-05-12,5.637840747833252,5.659114575432082,5.478737096429838,5.549450230436323,818563200
2008-05-13,5.6917724609375,5.7364171582978845,5.6288503129686696,5.651321880022985,823236400
2008-05-14,5.580910682678223,5.760089193251847,5.560236131444898,5.729826658864322,916823600
2008-05-15,5.684879779815674,5.689974006530658,5.519184195189803,5.597388216204832,873208000
2008-05-16,5.6216583251953125,5.70195980886603,5.6030812386895406,5.69626630809832,765769200
2008-05-19,5.5012078285217285,5.6537194090691605,5.432292542170728,5.628850346648558,945820400
2008-05-20,5.570122241973877,5.577912000557418,5.396935730178671,5.447872398287128,969850000
2008-05-21,5.339107990264893,5.631546808438763,5.28097963089608,5.5632307943093044,1157657200
2008-05-22,5.304950714111328,5.433192131443767,5.153637651115631,5.371169281528036,1206735600
2008-05-23,5.4283976554870605,5.452967482837834,5.327422413906934,5.416412178706541,906917200
2008-05-27,5.586002349853516,5.586002349853516,5.448472622086885,5.475738778125858,789905200
2008-05-28,5.603384017944336,5.631549098342433,5.504805836501562,5.615368698908005,743979600
2008-05-29,5.593794822692871,5.639039207050303,5.558138821796354,5.595892281574947,647186400
2008-05-30,5.655516624450684,5.679187938516494,5.614467571091897,5.61656502930026,610184400
2008-06-02,5.576115131378174,5.682483023579523,5.529072541181056,5.6510219512202475,679840000
2008-06-03,5.55424165725708,5.639037294533016,5.463454082449032,5.59888635245728,750520400
2008-06-04,5.548849105834961,5.605778918434935,5.490121871829071,5.513792387557236,726983600
2008-06-05,5.675893783569336,5.688178900804446,5.564131980776256,5.58330834909385,755445600
2008-06-06,5.562331676483154,5.691472367978212,5.559635344684223,5.633044378082433,966422800
2008-06-09,5.441582202911377,5.541359313787191,5.2659993388361634,5.536865159281478,1888392800
2008-06-10,5.562331676483154,5.596489079745495,5.363976067699678,5.408621561581096,1140941200
2008-06-11,5.4176106452941895,5.573118592267095,5.381056144507897,5.523379668143852,961550800
2008-06-12,5.1913909912109375,5.4712459023187945,5.129667379587437,5.437986600853018,1308333600
2008-06-13,5.164724349975586,5.218358170704744,4.9531862370391355,5.142851649940032,1345957200
2008-06-16,5.298656463623047,5.33041716976359,5.06584423084337,5.132661648488875,1051730400
2008-06-17,5.436188697814941,5.45296796674741,5.3157370457773,5.336411595009114,899656800
2008-06-18,5.355887413024902,5.459259747873059,5.313939445288289,5.426899361268613,811468000
2008-06-19,5.4203081130981445,5.4634554346682505,5.297460561709061,5.349895828806895,791949200
2008-06-20,5.251616954803467,5.423304931464395,5.243526756927083,5.373865633429627,888367200
2008-06-23,5.188393592834473,5.269892820701895,5.140452494042602,5.235734617791768,645780800
2008-06-24,5.1910905838012695,5.266896720801896,5.142550605158524,5.164722936112458,621947200
2008-06-25,5.3151373863220215,5.358284300084872,5.2099672340805006,5.231839927814473,644450800
2008-06-26,5.041575908660889,5.2387326134818055,5.034084985204832,5.215660969286469,869610000
2008-06-27,5.096407890319824,5.110790062239718,4.9184275626940845,4.989140274678741,1042249600
2008-06-30,5.017007350921631,5.153638628983507,4.992437515809882,5.099405529568697,684196800
2008-07-01,5.233937740325928,5.235136288014298,4.913933108467582,4.920824357626418,1111280800
2008-07-02,5.039177894592285,5.316934462823338,5.039177894592285,5.249517769557163,837519200
2008-07-03,5.0973052978515625,5.158730052244386,4.966367194280946,5.081425344837598,523362000
2008-07-07,5.248319625854492,5.307346496085299,5.150640794932931,5.1883942449557825,820391600
2008-07-08,5.379858493804932,5.384353048281962,5.175810521139977,5.255512353668575,888350400
2008-07-09,5.221053123474121,5.42060648894574,5.2177575177775894,5.399332670090418,895776000
2008-07-10,5.292366027832031,5.313639450359057,5.134760598682967,5.2411293115153645,840688800
2008-07-11,5.17101526260376,5.306747989955519,5.123674228416627,5.257609134209487,930011600
2008-07-14,5.209967136383057,5.37236633362889,5.185996984785867,5.370569312350233,886054400
2008-07-15,5.082923889160156,5.205772625887329,4.985544690645565,5.168019174120332,1040043200
2008-07-16,5.177906036376953,5.1815012785597565,5.051762121797706,5.099702017978436,747790400
2008-07-17,5.14794397354126,5.242927278193766,5.135359222740984,5.216559228897951,757526000
2008-07-18,4.948390960693359,5.083225197310322,4.943896806178949,5.049366219596582,868414400
2008-07-21,4.982547760009766,5.018802620133479,4.827638702880413,5.000824408428674,1360469600
2008-07-22,4.854606628417969,4.876778960692749,4.390479034429343,4.464488154500691,1879592400
2008-07-23,4.981649398803711,5.044871188484551,4.840823247337082,4.943596310207949,1061768400
2008-07-24,4.765018463134766,4.95168791616013,4.747639916945019,4.92352203777254,839619200
2008-07-25,4.857603073120117,4.883970724960833,4.753631050573068,4.806066317251868,633637200
2008-07-28,4.626287937164307,4.868088905012617,4.61490133537242,4.864193625469083,780712800
2008-07-29,4.7065887451171875,4.777601089211798,4.603815690172088,4.656550183626232,684070800
2008-07-30,4.790485382080078,4.808762833840315,4.6766261547592,4.727563230146078,725183200
2008-07-31,4.7626190185546875,4.859998596578425,4.703592158047396,4.72037142195469,637498400
2008-08-01,4.694005489349365,4.7937830071894325,4.66673932325768,4.791085474170722,544639200
2008-08-04,4.591230392456055,4.731158005719954,4.581642012936851,4.6922056139723995,592527600
2008-08-05,4.813257217407227,4.8180510078270355,4.638872539587136,4.6568499537476455,688371600
2008-08-06,4.919627666473389,5.015808346594947,4.734156357281066,4.793183248211411,791408800
2008-08-07,4.901049613952637,4.97835434743285,4.839025964987256,4.875280836060118,672372400
2008-08-08,5.080227851867676,5.083224621286627,4.90644242892192,4.909738435228521,713997200
2008-08-11,5.20037841796875,5.288469659483142,5.08382247326285,5.095807948332315,891304400
2008-08-12,5.295362949371338,5.372067607506462,5.198881852685118,5.199181489632115,836278800
2008-08-13,5.372365951538086,5.393340132730857,5.270492214421554,5.332815484250095,842346400
2008-08-14,5.372966289520264,5.406824460469292,5.32862122670312,5.343303035338193,711300800
2008-08-15,5.26569938659668,5.38585059498548,5.245024838501238,5.364577173080074,708251600
2008-08-18,5.2552103996276855,5.327720512973235,5.208168216941515,5.260603462572913,552014400
2008-08-19,5.199479579925537,5.305548627314682,5.1479428404710825,5.229741702422329,616204400
2008-08-20,5.2686944007873535,5.30165365697396,5.201876577738951,5.236634055226704,506951200
2008-08-21,5.222251892089844,5.257008169475348,5.150340642116214,5.227644555754169,539744800
2008-08-22,5.29716157913208,5.31843500551542,5.260606266071349,5.268097190888996,439611200
2008-08-25,5.17011833190918,5.280382754306292,5.143451037351711,5.277984858063005,484425200
2008-08-26,5.202776908874512,5.239930688553604,5.171914704712664,5.176409258723998,445550000
2008-08-27,5.233638286590576,5.26629831219254,5.1593303275571625,5.192888863907558,477780800
2008-08-28,5.205770969390869,5.280978212074062,5.17610772389117,5.251914240222807,431384800
2008-08-29,5.079628944396973,5.198582007238415,5.064947134632318,5.182402012798867,599289600
2008-09-02,4.979551792144775,5.198581572715012,4.943895799961215,5.165622312720855,780763200
2008-09-03,5.002622604370117,5.054159348352999,4.913932486944155,4.999026961759789,734834800
2008-09-04,4.830635070800781,5.031088147388813,4.8183503585027925,4.9696633857511285,743386000
2008-09-05,4.799474239349365,4.86599243638871,4.723667697707046,4.751833568588129,786884000
2008-09-08,4.731756210327148,4.940598671658453,4.538195626742952,4.9310102934950315,1045979200
2008-09-09,4.544789791107178,4.792883214790744,4.488160000946985,4.699998149420934,1245025600
2008-09-10,4.542690753936768,4.643965619729173,4.458495190413615,4.563964572503614,973142800
2008-09-11,4.573853969573975,4.584041626632838,4.374599783524476,4.439919043292684,971135200
2008-09-12,4.462691783905029,4.521719076969603,4.389581950884785,4.521719076969603,793027200
2008-09-15,4.205607891082764,4.425236978641134,4.205607891082764,4.255646462499943,920634400
2008-09-16,4.191224575042725,4.269727835709172,3.9596108724976604,4.010847177673395,1199836400
2008-09-17,3.8301706314086914,4.150175618792834,3.8301706314086914,4.1495759449827885,1200455200
2008-09-18,4.017739772796631,4.057889919167317,3.61593547178118,3.912269579203308,1676253600
2008-09-19,4.222087860107422,4.320666425974126,4.084258050130848,4.272725309421896,1430875600
2008-09-22,3.9266507625579834,4.2023106535969825,3.914965725939728,4.193021911591462,856713200
2008-09-23,3.8005077838897705,4.068976056449353,3.795113919420549,3.950622676517161,1280364400
2008-09-24,3.8565385341644287,3.9236555996561737,3.7498701979188818,3.813391620605869,1047015200
2008-09-25,3.953019142150879,4.038713693870697,3.850845361314799,3.889197683703237,1006045600
2008-09-26,3.8424572944641113,3.889199471392614,3.685451089856152,3.7426801628742443,1126451200
2008-09-29,3.1539065837860107,3.5859730722566834,3.013979125978635,3.5841752505242113,2622057200
2008-09-30,3.4055964946746826,3.4457466520815285,3.18506866573613,3.2434958798416256,1626682400
2008-10-01,3.2695631980895996,3.3666431579814917,3.2177270120632597,3.3534597338324112,1296484000
2008-10-02,2.999295949935913,3.2596741449002877,2.9962999817948948,3.236303273115228,1609364400
2008-10-03,2.908508777618408,3.1910593537838143,2.8359980530393614,3.1161525342947587,2294398400
2008-10-06,2.9405698776245117,2.9597460427327387,2.6229623052311744,2.7553986393762773,2107417200
2008-10-07,2.6715011596679688,3.041244205541476,2.665208786259492,3.0106816490351873,1878772000
2008-10-08,2.690377950668335,2.886335655955666,2.5672298018814756,2.5741210495924953,2207741200
2008-10-09,2.65891695022583,2.870455777731196,2.5947956608126947,2.7970465455397666,1617383600
2008-10-10,2.9004194736480713,2.9963012975935612,2.5468554728768273,2.567829659369528,2219299600
2008-10-13,3.3037209510803223,3.3118111481174544,3.026862831042844,3.132632666133658,1539076000
2008-10-14,3.1185498237609863,3.4876941045170793,3.0903841535840333,3.4834991876785435,1980994400
2008-10-15,2.9348762035369873,3.206042013639916,2.9330783820289676,3.111358147723388,1584175600
2008-10-16,3.0529305934906006,3.0990736733672053,2.748806157990613,2.989408574393325,1980521200
2008-10-17,2.9183967113494873,3.0574256570977973,2.5735229797876724,2.9843158408278256,1762227600
2008-10-20,2.9495575428009033,2.997199005078722,2.805735645528865,2.9897078832968336,1549170000
2008-10-21,2.7413148880004883,2.9333781192234136,2.7314268713911285,2.904913016912357,2193660000
2008-10-22,2.9025168418884277,3.033754430788173,2.784462879263638,2.9174982899348794,2248808800
2008-10-23,2.9432647228240967,2.9738272768394096,2.753599426131427,2.8917287926374575,1675430400
2008-10-24,2.8878347873687744,2.933378801642096,2.6999664285776226,2.7065580411347745,1590058400
2008-10-27,2.759293556213379,2.9252884074556693,2.7524015070848336,2.8485827570068714,1208771200
2008-10-28,2.9936037063598633,3.0112824849427664,2.7676832658387034,2.859369564481409,1634133200
2008-10-29,3.13263201713562,3.2821472124396296,2.9945026226609186,3.0220684141631264,1950978400
2008-10-30,3.327091932296753,3.3615497778613666,3.2243188695875467,3.242895958477926,1638089600
2008-10-31,3.2237203121185303,3.3193027041699357,3.150311055578846,3.218027209757413,1659756000
2008-11-03,3.2048423290252686,3.2689636146112635,3.1419199908849005,3.173980333641,1057938000
2008-11-04,3.325594425201416,3.349564579131423,3.196154073792042,3.2956309326903086,1398681200
2008-11-05,3.0951778888702393,3.2875397358283314,3.0858889469846575,3.263270152379005,1256455200
2008-11-06,2.969334125518799,3.079597513813636,2.9363746637636603,3.027762125886101,1319074400
2008-11-07,2.9435651302337646,2.991805671551163,2.8680584308093655,2.9735288205695247,1095253600
2008-11-10,2.8728532791137695,3.008285771165922,2.831504182838415,3.001394521819567,1123822000
2008-11-11,2.8395941257476807,2.911504982322588,2.7643868631858615,2.8407920732874627,1224538000
2008-11-12,2.7002651691436768,2.7937500690509833,2.6969697637642365,2.7694796834652387,1178976400
2008-11-13,2.8896336555480957,2.8896336555480957,2.5774188769488044,2.692776331011394,1854087200
2008-11-14,2.703862428665161,2.816224109557135,2.6966717403448106,2.8093320581296677,1405266800
2008-11-17,2.640939235687256,2.7131505340871906,2.6145723865728705,2.651126891084045,1162526400
2008-11-18,2.6939737796783447,2.726334369891809,2.602587111270929,2.6858843822174685,1209695200
2008-11-19,2.585508108139038,2.7440120464630735,2.5831112126806373,2.6798917425378552,1171900800
2008-11-20,2.4117228984832764,2.590302327178702,2.3970408873813307,2.5540472549281743,1716814400
2008-11-21,2.4743456840515137,2.5204887771729347,2.3712729669696304,2.454869081033893,1569271200
2008-11-24,2.7850611209869385,2.840192705308779,2.5420610181476637,2.553147182376663,1442257600
2008-11-25,2.7206408977508545,2.837796336244027,2.6415383489792648,2.8353994408453813,1235292800
2008-11-26,2.846484899520874,2.85397602088111,2.692175920498842,2.6942733784728192,899836000
2008-11-28,2.7766716480255127,2.8392943577774727,2.7524012599933365,2.837496536439932,297774400
2008-12-01,2.664609909057617,2.764686647116857,2.664310472141242,2.7356224639103988,923767600
2008-12-02,2.770679473876953,2.7760731390114426,2.591800614943824,2.6975696581411306,1148722400
2008-12-03,2.873452663421631,2.883340683188138,2.660715620601951,2.6786930382605383,1338680000
2008-12-04,2.7389190196990967,2.852778271472715,2.668505529720852,2.829407187164406,1091370000
2008-12-05,2.8165225982666016,2.8312046071040737,2.6625124240664584,2.707157724409982,1043795200
2008-12-08,2.9879112243652344,3.020270810131583,2.8704561572933383,2.9148014193488323,1185142000
2008-12-09,2.998098134994507,3.1041676087434755,2.912704209640661,2.9375736749631813,1203496000
2008-12-10,2.942667007446289,2.981019536008138,2.8914306904157545,2.9324795514139557,938047600
2008-12-11,2.846484899520874,3.0334538955170682,2.841391473061846,2.9168981599036243,1040617200
2008-12-12,2.9444644451141357,2.966336937480826,2.7724766744977765,2.780566870350168,1041174400
2008-12-15,2.838994264602661,2.882739440148317,2.7865590211939564,2.876147830150413,891758000
2008-12-16,2.8593688011169434,2.8908298697143957,2.7790681269773403,2.815923058828985,1093506400
2008-12-17,2.6715011596679688,2.7296287042432827,2.6373425611648083,2.7275312464404573,1293860400
2008-12-18,2.679591655731201,2.7215398195188287,2.6499276041086053,2.675995813085658,857416000
2008-12-19,2.6966710090637207,2.7248358808474973,2.66071537694057,2.6948729874279755,801920000
2008-12-22,2.569028377532959,2.6975694174534746,2.537567100606756,2.6972697805296635,844740400
2008-12-23,2.5882046222686768,2.632849325177637,2.573822249496481,2.602886431949485,635031600
2008-12-24,2.5480546951293945,2.584309769933041,2.533372883018215,2.581014163170864,271334000
2008-12-26,2.5711262226104736,2.6193667782274948,2.554047514130469,2.5959956929117736,308324800
2008-12-29,2.5950961112976074,2.625359244327279,2.548953019437122,2.592399578673874,686000000
2008-12-30,2.585508108139038,2.63824300861836,2.5384657093580074,2.6193662817385968,967601600
2008-12-31,2.557342767715454,2.628954204332015,2.557043330765916,2.5759200600924435,607541200
2009-01-02,2.7191414833068848,2.7278315509992317,2.5516491046028715,2.5732221551439,746015200
2009-01-05,2.8339006900787354,2.8818415922280884,2.7778695919209007,2.791653088848865,1181608400
2009-01-06,2.7871596813201904,2.9115058321406053,2.7682829509440903,2.874951319401315,1289310400
2009-01-07,2.726933240890503,2.771577945746688,2.7044608699645782,2.7509041965974386,753048800
2009-01-08,2.777571201324463,2.7910550664423877,2.6978695589957162,2.709555602101211,673500800
2009-01-09,2.7140495777130127,2.79794613252609,2.700866150567248,2.7928527038768958,546845600
2009-01-12,2.6565208435058594,2.726334454007131,2.623261741475635,2.7104536953447487,617716400
2009-01-13,2.6280555725097656,2.688880475304456,2.5873063460639227,2.643936331412585,798397600
2009-01-14,2.5567429065704346,2.6142715877102303,2.538465256795355,2.5840092627551416,1021664000
2009-01-15,2.4983160495758057,2.5204889871130276,2.39853953086822,2.4141200544862915,1831634000
2009-01-16,2.4668540954589844,2.528278062369671,2.409025971525592,2.525881167092544,1047625600
2009-01-20,2.343106269836426,2.456965468092091,2.343106269836426,2.454868010223145,919914800
2009-01-21,2.481835126876831,2.483333511215027,2.37636555152013,2.3787624463972628,1089270000
2009-01-22,2.6475307941436768,2.6966706448017357,2.5714250231343936,2.637943013586941,1409528400
2009-01-23,2.6475307941436768,2.6927751651459153,2.59180013194984,2.6013877124819467,763770000
2009-01-26,2.685884475708008,2.7257353909008484,2.6457333234840754,2.6625127930558357,692238400
2009-01-27,2.718543529510498,2.7431135583903603,2.68888027276099,2.7023633348907157,618038400
2009-01-28,2.822514295578003,2.846484439883032,2.7416139584133985,2.760191040276822,861406000
2009-01-29,2.7865593433380127,2.82670968177977,2.774573869139574,2.789255674983456,592729200
2009-01-30,2.700566053390503,2.8051361342426104,2.696970210457681,2.774574369670886,651478800
2009-02-02,2.741914749145508,2.756596559793241,2.6637115046588193,2.669704243718848,558247200
2009-02-03,2.7859604358673096,2.797945914222923,2.705060857262983,2.7541997183236218,599309200
2009-02-04,2.8030383586883545,2.883938914795318,2.78955549940694,2.793151341932857,808421600
2009-02-05,2.890232563018799,2.9139030881246577,2.7751745446234652,2.779668900017367,749246400
2009-02-06,2.9879112243652344,2.996300857725753,2.906411785988314,2.9070106597522645,687209600
2009-02-09,3.071506977081299,3.0861887838121635,2.9813182785354395,2.9963005222378265,715010800
2009-02-10,2.931281566619873,3.071507863200539,2.908210120811824,3.0361521021513784,849060800
2009-02-11,2.9010183811187744,2.9456630871276186,2.869557301039799,2.8875355182841713,674973600
2009-02-12,2.9744272232055664,2.9888095940197594,2.8713545324895504,2.8713545324895504,817188400
2009-02-13,2.9711315631866455,2.994502638725701,2.9399699291099606,2.966037336401282,608977600
2009-02-17,2.8324029445648193,2.907610220523645,2.824912620718892,2.9025167923074275,678238400
2009-02-18,2.827608823776245,2.871953888066294,2.778170331863566,2.8479839344392968,684779200
2009-02-19,2.7158470153808594,2.8240129423402354,2.699966258736983,2.7976458936962674,922804400
2009-02-20,2.7326271533966064,2.7685825948665594,2.666708010598741,2.678693491129906,750316000
2009-02-23,2.605282783508301,2.75659580277638,2.5920993612706766,2.7461089123505786,786982000
2009-02-24,2.7041614055633545,2.723337771303167,2.6067819921110447,2.620265055482522,807105600
2009-02-25,2.7314274311065674,2.784162330348423,2.674198377988751,2.692476030593507,833053200
2009-02-26,2.6724002361297607,2.78416199666482,2.665508987652913,2.7565960026342906,629868400
2009-02-27,2.6759960651397705,2.7356222106892885,2.626856411457177,2.6346469712029705,706658400
2009-03-02,2.634946823120117,2.732626672019542,2.6268568252114157,2.6403404884337065,770929600
2009-03-03,2.6478307247161865,2.718843281830016,2.633148914187299,2.6646099938991057,724340400
2009-03-04,2.7317276000976562,2.7796685178480742,2.6801916385807703,2.702064338511961,741403600
2009-03-05,2.6619131565093994,2.7527007350182684,2.6502281177519005,2.710453133148145,706899200
2009-03-06,2.555844306945801,2.6487295368478048,2.46685375629978,2.6469315155940407,1011147200
2009-03-09,2.490225076675415,2.624758844803785,2.474045684147769,2.522286025051468,698297600
2009-03-10,2.6556203365325928,2.671800524838856,2.527678214334673,2.5429590921289518,844258800
2009-03-11,2.7769713401794434,2.8186200715627687,2.684086296163019,2.690977545207858,846372800
2009-03-12,2.886935234069824,2.893827283083481,2.7565961779392807,2.783563099924514,768457200
2009-03-13,2.8743505477905273,2.9124044337495403,2.8467847533360655,2.8854375130404466,601168400
2009-03-16,2.859069347381592,2.9180964094000967,2.8219149763302656,2.892328439202055,797244000
2009-03-17,2.9861135482788086,2.987012058993108,2.8485828017693597,2.8536770294790186,786646000
2009-03-18,3.041844606399536,3.1005720503306513,2.9879117538731808,2.9936040560090444,796037200
2009-03-19,3.0448412895202637,3.0921823276122993,3.0037916272800627,3.0517325393484964,500180800
2009-03-20,3.0439412593841553,3.0894852680991747,3.0133794957228597,3.058922704339347,695587200
2009-03-23,3.2258169651031494,3.2407984096302958,3.048735962751892,3.077499904190818,666397200
2009-03-24,3.1910600662231445,3.279151328110852,3.157801765385884,3.186865349003315,640612000
2009-03-25,3.1907598972320557,3.2467907931372446,3.1119575987760517,3.223419916807235,646618000
2009-03-26,3.2920353412628174,3.2953307468188426,3.223419896958649,3.230910018746262,616252000
2009-03-27,3.2015469074249268,3.2518847102504806,3.188063845988127,3.2428960026259475,492872800
2009-03-30,3.1308345794677734,3.146414898269575,3.074504042052818,3.1314336532469986,502796000
2009-03-31,3.1497116088867188,3.21952521356712,3.1461157656911323,3.159598827508171,570080000
2009-04-01,3.2566792964935303,3.265967440432379,3.1128563830925464,3.1188491211652916,589372000
2009-04-02,3.3771305084228516,3.4382552470620675,3.2893388809016093,3.300125611251157,812366800
2009-04-03,3.4754090309143066,3.4796039478011185,3.4014007118005916,3.421475585374605,636241200
2009-04-06,3.549118757247925,3.558107466444492,3.3942096416379406,3.443948579366704,658064400
2009-04-07,3.4457459449768066,3.4957845130550043,3.421475753275684,3.491589595962336,536580800
2009-04-08,3.4852969646453857,3.499379099467665,3.4331613418947846,3.4586296794190248,455630000
2009-04-09,3.582677125930786,3.5955611151805957,3.5344363753977537,3.5482200756275932,530756800
2009-04-13,3.6021528244018555,3.6249248339541476,3.565598314399911,3.595860448064558,389236400
2009-04-14,3.5449233055114746,3.6006549743408334,3.513162591059737,3.5826767585576174,454622000
2009-04-15,3.5248477458953857,3.543124794955652,3.4685172142096325,3.5116633235021624,412882400
2009-04-16,3.639007091522217,3.689943766442535,3.5593052730061636,3.571290749504387,593446000
2009-04-17,3.6980342864990234,3.7229037523585706,3.603051777239384,3.6309172124362243,497495600
2009-04-20,3.6105411052703857,3.685149078098332,3.5703905688815754,3.647395636425174,466466000
2009-04-21,3.6482956409454346,3.659682245557015,3.553612761197708,3.562301833051115,470685600
2009-04-22,3.6408047676086426,3.7558629371012695,3.631515623644181,3.674363300365009,938767200
2009-04-23,3.75736141204834,3.8112952696918945,3.700731221567051,3.793916724468752,945156800
2009-04-24,3.712416648864746,3.7495708270514743,3.684551215249347,3.7345893810179795,540764000
2009-04-27,3.737286329269409,3.7453765274875988,3.67526267641137,3.682454363765788,480690000
2009-04-28,3.712416648864746,3.7816311775700546,3.6932402859280704,3.6959366181736777,455856800
2009-04-29,3.749570369720459,3.8008066768771833,3.7103187378696187,3.740881300101532,458110800
2009-04-30,3.770245313644409,3.8053016327635114,3.742979154313123,3.7819303533014885,498489600
2009-05-01,3.8124935626983643,3.833767387335861,3.7693466394885298,3.7693466394885298,397516000
2009-05-04,3.957214832305908,3.9626078974176377,3.8256770101119155,3.842456279452564,609358400
2009-05-05,3.976391553878784,3.9808857085333744,3.9287500741155195,3.9476268038227924,398255200
2009-05-06,3.9700987339019775,4.0000616284833175,3.901782710179571,3.9949682004370457,473538800
2009-05-07,3.8670270442962646,3.966803373547984,3.8322695493506846,3.9650055513930695,531776000
2009-05-08,3.870922088623047,3.9320468379992923,3.783130445680531,3.866427133461544,467964000
2009-05-11,3.882307767868042,3.9239565104456346,3.808898303636026,3.8163896286272183,404658800
2009-05-12,3.7279975414276123,3.886502296940384,3.6929412163560364,3.8820077424250448,609481600
2009-05-13,3.580280065536499,3.716012809610743,3.5769836588897608,3.691742215575433,595971600
2009-05-14,3.683950185775757,3.701329522773288,3.5865710118405993,3.588967706542904,447826400
2009-05-15,3.6680710315704346,3.7339895513882007,3.643800841977871,3.665074262429571,367567200
2009-05-18,3.7948148250579834,3.796313409882614,3.642603252381736,3.707323634526321,458841600
2009-05-19,3.8187859058380127,3.874516781096626,3.7675487849529548,3.7999091771038733,372422400
2009-05-20,3.7714426517486572,3.8715193602365536,3.754363751205546,3.824177537640475,388584000
2009-05-21,3.72080659866333,3.798710208851873,3.682154630556946,3.7498709840456086,407946000
2009-05-22,3.670469045639038,3.7208068588304477,3.647996671876119,3.7169115780363167,297998400
2009-05-26,3.918560266494751,3.9200588506231036,3.731890930767178,3.738183303899816,636927200
2009-05-27,3.9865777492523193,4.04440566498983,3.922456259089118,3.9485246668123137,646422000
2009-05-28,4.047103404998779,4.056691386242473,3.9560153829126112,3.9985626247523527,487552800
2009-05-29,4.069276809692383,4.07197314259276,4.010549158934489,4.056692455976188,456534400
2009-06-01,4.1753435134887695,4.194519468210151,4.074967187725391,4.089050117046057,452499600
2009-06-02,4.179538726806641,4.234969942771193,4.145380526626695,4.164557684699261,456223600
2009-06-03,4.22328519821167,4.228078988000066,4.1669546677673575,4.194820096100054,565199600
2009-06-04,4.306881904602051,4.3200659279454365,4.1960194541540075,4.19871578615226,550634000
2009-06-05,4.334747791290283,4.386582969615847,4.2910016083166695,4.353923750894654,632716000
2009-06-08,4.310176372528076,4.321562170394642,4.1777401129544,4.309277862215427,931652400
2009-06-09,4.27631950378418,4.331451083891835,4.211299507594462,4.308978720229981,676964400
2009-06-10,4.2023115158081055,4.265234064737149,4.143883920433816,4.263136606434588,688623600
2009-06-11,4.19332218170166,4.241562924551733,4.151374214068085,4.18133790534053,524823600
2009-06-12,4.104034423828125,4.167855105302489,4.076168182513156,4.159166032253676,563085600
2009-06-15,4.07766580581665,4.1028349105845985,4.041710570511415,4.075269110169113,539750400
2009-06-16,4.085456371307373,4.148977400877683,4.077965047930603,4.094744316134804,514805200
2009-06-17,4.062384605407715,4.118415510065101,4.030923528476609,4.095043829985894,571412800
2009-06-18,4.071373462677002,4.134894892721389,4.062684391608355,4.078264712135037,427680400
2009-06-19,4.179241180419922,4.179840054301192,4.101936443566946,4.136992368310989,721856800
2009-06-22,4.116018295288086,4.241563374698447,4.084857253205546,4.214896886783769,634914000
2009-06-23,4.01534366607666,4.103434957881115,3.981485879824199,4.086956120400772,706532400
2009-06-24,4.081561088562012,4.11991381963451,4.040812061890011,4.0575913317280605,485525600
2009-06-25,4.190626621246338,4.2008142781550415,4.051299031615634,4.067478627783685,589447600
2009-06-26,4.2679314613342285,4.30149000244713,4.187031078253647,4.188529263129167,439384400
2009-06-29,4.25384521484375,4.313171689572444,4.240961234984869,4.298489889261293,567616000
2009-06-30,4.267630577087402,4.308679630531404,4.248754253271446,4.272125130400367,434224000
2009-07-01,4.279615879058838,4.33444903745576,4.270327934284048,4.299691553462648,414178800
2009-07-02,4.195420742034912,4.279616736378489,4.188529491281518,4.232275691930839,370479200
2009-07-06,4.153173446655273,4.164560053256878,4.082460711423586,4.155869779736635,498688400
2009-07-07,4.0569915771484375,4.185233406754321,4.05039996350872,4.14927776854891,461596800
2009-07-08,4.11152458190918,4.136094416335263,4.0276282205325895,4.0725733713529815,575929200
2009-07-09,4.085755825042725,4.134595447581996,4.072871836284985,4.127704197804291,343025200
2009-07-10,4.150476455688477,4.163959319106396,4.08455712303922,4.085157197072003,445275600
2009-07-13,4.264935493469238,4.264935493469238,4.120814081838801,4.181039124911958,483501200
2009-07-14,4.26283597946167,4.290102536130563,4.22957788520027,4.255645494271866,347247600
2009-07-15,4.400966167449951,4.404561810407361,4.324261117938296,4.345834175584187,485587200
2009-07-16,4.420141696929932,4.435123941167888,4.361714504840171,4.367407205582637,393570800
2009-07-17,4.546886444091797,4.554976641280372,4.453401721270362,4.466885383251321,602154000
2009-07-20,4.581642150878906,4.645464003876704,4.5211175035877424,4.592429478212003,735526400
2009-07-21,4.5396952629089355,4.597224760331959,4.486960757044765,4.593030242853686,874781600
2009-07-22,4.696402549743652,4.756029510423407,4.677525819496318,4.727863633472748,874104000
2009-07-23,4.728762626647949,4.747338918559085,4.661045871870523,4.6931066274717335,526962800
2009-07-24,4.793781280517578,4.794080517351513,4.689210008534756,4.702693268228512,438362400
2009-07-27,4.797076225280762,4.820447500848511,4.711981755380966,4.799173683348951,433311200
2009-07-28,4.794081211090088,4.797077180306161,4.7221695488690125,4.7605226754164995,363554800
2009-07-29,4.794980525970459,4.807565278995577,4.741646744299575,4.761122747741461,382158000
2009-07-30,4.877676486968994,4.935504391890765,4.839023737968348,4.845016474255138,469604800
2009-07-31,4.895656585693359,4.943896939160662,4.881274010702428,4.88367110653425,422536800
2009-08-03,4.986744403839111,4.993036380066569,4.940001437260727,4.950188694040496,394240000
2009-08-04,4.960376262664795,4.960975536585264,4.920226110141435,4.941799171179614,395810800
2009-08-05,4.947193622589111,5.015508457319467,4.920226693022696,4.966369590217122,423183600
2009-08-06,4.911235809326172,4.9891393934866395,4.886665986601015,4.961273165218143,341616800
2009-08-07,4.959177017211914,4.991837043868428,4.937903594410427,4.958578143376726,387354800
2009-08-10,4.935504913330078,4.991835440229811,4.903744207752853,4.963670776853735,300294400
2009-08-11,4.878876686096191,4.92531921170379,4.850411976860779,4.904644262819058,355342400
2009-08-12,4.953184604644775,4.995132569011854,4.8677896913651555,4.870486023320429,445071200
2009-08-13,5.046369552612305,5.053860875899439,4.988840862342989,4.993335416285687,439980800
2009-08-14,4.997230529785156,5.040676282919074,4.95977671494315,5.031987212302149,305816000
2009-08-17,4.781796455383301,4.901648424606274,4.776702227627361,4.900449476861296,524381200
2009-08-18,4.913932800292969,4.921123685922924,4.836328842584337,4.842920454407691,431152400
2009-08-19,4.931910991668701,4.952885178156069,4.867491047552642,4.876479756019038,413271600
2009-08-20,4.983746528625488,4.9954323676902375,4.932210582178013,4.94329634734604,342031200
2009-08-21,5.070338249206543,5.074833601955485,4.997828133356757,5.023296864994086,416074400
2009-08-24,5.065546035766602,5.114985330206077,5.041875517874259,5.097306750946997,406929600
2009-08-25,5.07573127746582,5.121874143606737,5.067641084025666,5.077529098230299,324354800
2009-08-26,5.016107082366943,5.080227380683515,4.996630683270717,5.061350655454912,303998800
2009-08-27,5.0772318840026855,5.080826727148649,4.93880281948033,5.056257698458534,449181600
2009-08-28,5.09520959854126,5.168319415265948,5.0496663816396365,5.161727802314119,453700800
2009-08-31,5.04007625579834,5.059252214161265,4.9888395544320865,5.038577671494348,311337600
2009-09-01,4.95288610458374,5.093712697326168,4.942099572396598,5.033486859153658,469028000
2009-09-02,4.949288845062256,5.022098607761706,4.91722809846464,4.932509579576696,364249200
2009-09-03,4.990338325500488,5.006817955512914,4.943895804565341,4.987042719537427,293955200
2009-09-04,5.102999210357666,5.114685049413797,5.006518529215451,5.012211630294079,374628800
2009-09-08,5.181502819061279,5.187794794788741,5.153637383577027,5.183001003770038,315047600
2009-09-09,5.127869606018066,5.227645911154639,5.08472228477792,5.1770084661781866,811087200
2009-09-10,5.170416355133057,5.1910909028764705,5.117981093487839,5.155434908955751,491134000
2009-09-11,5.158431053161621,5.188993620451488,5.119779088733536,5.180903423214647,348961200
2009-09-14,5.205174446105957,5.210567111278606,5.101202421399642,5.118580564953045,322011200
2009-09-15,5.248319625854492,5.263001434185762,5.201278231852701,5.214761092511796,426470800
2009-09-16,5.449370861053467,5.47573850518548,5.32981855198537,5.333114557508024,754023200
2009-09-17,5.529672622680664,5.59678969353094,5.452368696502137,5.452668333426455,810572000
2009-09-18,5.543755054473877,5.589598299581943,5.535964095100092,5.568025243089478,601582800
2009-09-21,5.513791084289551,5.547948483716785,5.441880243325395,5.521881278925684,437715600
2009-09-22,5.527575969696045,5.554542896765118,5.478736344062959,5.548850194422806,356753600
2009-09-23,5.558139324188232,5.660013907421843,5.544056384707081,5.555143354135272,593563600
2009-09-24,5.507800102233887,5.62405603216763,5.476339024279766,5.609074585525159,550880400
2009-09-25,5.464353084564209,5.558137436672719,5.436487652173929,5.4535665559081306,445239200
2009-09-28,5.577610969543457,5.593491719810394,5.493115792946226,5.509295779961524,337444800
2009-09-29,5.554542541503906,5.6150676049678525,5.5224821880790245,5.594993129545028,345385600
2009-09-30,5.553643226623535,5.586602486122871,5.471544714780631,5.577014105148942,539585200
2009-10-01,5.419110298156738,5.579711303872102,5.414315306826484,5.553644089198372,524711600
2009-10-02,5.540160179138184,5.571322022953756,5.433792258647894,5.435590080409331,553308000
2009-10-05,5.5737175941467285,5.598886693679905,5.521282336831105,5.579111458392232,423133200
2009-10-06,5.693270206451416,5.693270206451416,5.612071402822105,5.625254626985045,605085600
2009-10-07,5.7004618644714355,5.709450571829045,5.663906561066021,5.685780055756127,465668000
2009-10-08,5.671098709106445,5.736417961388099,5.659712105414014,5.712747443386573,438211200
2009-10-09,5.707054138183594,5.713945387945217,5.651623302994313,5.662110196135564,293272000
2009-10-12,5.717240810394287,5.738214993116117,5.682184093575414,5.723533185225614,288024800
2009-10-13,5.693568706512451,5.728025739871259,5.683980328493319,5.711845752013123,348020400
2009-10-14,5.731626033782959,5.762487048230217,5.699865308130642,5.7603899890319425,375510800
2009-10-15,5.709749698638916,5.720536226514246,5.678888299446897,5.681884268265587,373556400
2009-10-16,5.634541988372803,5.703756503474331,5.628249614254766,5.673493980433639,431426800
2009-10-19,5.68877649307251,5.692971410207667,5.5596365731411606,5.628551468735764,942230800
2009-10-20,5.955447673797607,6.045037528757796,5.92818150928314,6.010580476922179,1141039200
2009-10-21,6.140018939971924,6.25357933227013,5.969529533188022,5.978218603808375,1193726800
2009-10-22,6.148407936096191,6.227810113953419,6.067808010744219,6.133426491229553,791392000
2009-10-23,6.110653400421143,6.166385053499669,6.08937998452189,6.163389085098489,420786800
2009-10-26,6.066908836364746,6.194850577555321,5.995596862563801,6.102564823265219,484338400
2009-10-27,5.913798809051514,6.076796885702453,5.886231813594607,6.042339841590736,756551600
2009-10-28,5.764883041381836,5.933274999182597,5.725930639690567,5.923985854102836,818386800
2009-10-29,5.883235454559326,5.897019151398652,5.757091525635428,5.84278567499706,570270400
2009-10-30,5.648027420043945,5.896720093461087,5.638139400469018,5.874547758755388,717525200
2009-11-02,5.672295570373535,5.779263132626534,5.560234181330175,5.686977376955349,678983200
2009-11-03,5.655516624450684,5.678587864644179,5.570721385701682,5.628550504776619,522541600
2009-11-04,5.717240810394287,5.808328026704601,5.699862670482477,5.71484411526971,487530400
2009-11-05,5.813723087310791,5.842787072176192,5.747504519654043,5.7648834632408175,384801200
2009-11-06,5.823010444641113,5.848478783432814,5.764882880832107,5.768178486992138,295097600
2009-11-09,6.036348342895508,6.049531569394463,5.880540719912722,5.900914833597413,528855600
2009-11-10,6.08189058303833,6.141815958889526,6.022863317730116,6.023162954610603,401195200
2009-11-11,6.089980602264404,6.142415858126278,6.047432563722983,6.129231834900998,443870000
2009-11-12,6.052229404449463,6.1385224552838284,6.0354501334456625,6.086686457356965,363731200
2009-11-13,6.125937461853027,6.1373232659712915,6.054625467526981,6.078595623570626,343240800
2009-11-16,6.19125509262085,6.232304144095703,6.142715119317065,6.156797252256996,485206400
2009-11-17,6.202341556549072,6.215524779506489,6.142415779219185,6.174775762985204,396513600
2009-11-18,6.171180725097656,6.2023425664362675,6.112453485756131,6.188560067459467,374320800
2009-11-19,6.007881164550781,6.1307298871136,5.986607745812837,6.1307298871136,542326400
2009-11-20,5.990203857421875,6.004286792120415,5.925483885387393,5.9671326155675,406666400
2009-11-23,6.168782711029053,6.172378353497524,6.0809907076208,6.082489292031892,474896800
2009-11-24,6.125637531280518,6.168784050120533,6.079494643066338,6.1523040185626305,318438400
2009-11-25,6.118146896362305,6.161893091189435,6.105262907495137,6.154401767351436,286454000
2009-11-27,6.010278224945068,6.081289756536397,5.9437600458572115,5.969228377448071,295257200
2009-11-30,5.98990535736084,6.04293949648817,5.955747545691083,6.025860590653291,424858000
2009-12-01,5.901813507080078,6.075598917550304,5.897618590263728,6.059718161031262,465763200
2009-12-02,5.879641532897949,6.035149522190611,5.8652593581739545,5.961440426674605,715260000
2009-12-03,5.887131214141846,5.962039241787537,5.88083923905647,5.915296283693653,448719600
2009-12-04,5.792447566986084,5.989004153488273,5.7013595585073675,5.983611489915143,826884800
2009-12-07,5.661510467529297,5.805932685076407,5.653420669480934,5.7924494216295646,714758800
2009-12-08,5.6890764236450195,5.763385188012349,5.654020100211197,5.673795339056121,690398800
2009-12-09,5.92668342590332,5.93746995563826,5.702260159594883,5.73132454257537,684782000
2009-12-10,5.885634422302246,5.983613715194602,5.876346075907229,5.977620975553059,489669600
2009-12-11,5.832897663116455,5.932674746246968,5.795743489224809,5.926082334683339,429774800
2009-12-14,5.902113437652588,5.915596700383472,5.769677105850451,5.853873088742476,495790400
2009-12-15,5.817916393280029,5.917993116298617,5.79094987273831,5.867655317917951,419459600
2009-12-16,5.843684196472168,5.887730018806458,5.829302025931119,5.845781654683253,352984800
2009-12-17,5.748702049255371,5.842786037279431,5.722934075496411,5.820613306335037,388838800
2009-12-18,5.855670928955078,5.857768387616408,5.770875271844354,5.787954978135949,608770400
2009-12-21,5.939567565917969,5.985111584694817,5.8628621027460275,5.874248707514271,611906400
2009-12-22,6.003386497497559,6.018068303557695,5.952449431551538,5.975820706533534,349515600
2009-12-23,6.055522441864014,6.0639122743850695,6.016870485039705,6.028555523095567,345525600
2009-12-24,6.263467311859131,6.27275645754647,6.092977884351833,6.098970623473123,500889200
2009-12-28,6.340471267700195,6.41058430254798,6.28054508742567,6.343767673672692,644565600
2009-12-29,6.265263080596924,6.373729622903303,6.254176916904587,6.371032891182387,445205600
2009-12-30,6.341370582580566,6.352157912473922,6.241594281868467,6.257174602655659,412084400
2009-12-31,6.314103603363037,6.3926072713571145,6.309010176090121,6.386015259528407,352410800
2010-01-04,6.41238260269165,6.427064411026002,6.363542987195981,6.395004062205203,493729600
2010-01-05,6.423470497131348,6.459725770133888,6.389611919821682,6.430062510422484,601904800
2010-01-06,6.32129430770874,6.448936807504181,6.314702296903394,6.423468074896368,552160000
2010-01-07,6.3096089363098145,6.352156975480241,6.263765691382862,6.344666053082409,477131200
2010-01-08,6.351556301116943,6.352155974863567,6.264065141637038,6.301218510680699,447610800
2010-01-11,6.295527458190918,6.382120124333299,6.245788531546514,6.376127386171497,462229600
2010-01-12,6.2239155769348145,6.285340348320906,6.184963975653417,6.267961006095432,594459600
2010-01-13,6.311705589294434,6.320095421309579,6.115448648151298,6.228409343202816,605892000
2010-01-14,6.275152683258057,6.306014887372378,6.26286796902864,6.2955279947447265,432894000
2010-01-15,6.170281410217285,6.340171930584544,6.168483588833046,6.320096258460539,594067600
2010-01-19,6.443244457244873,6.447739010868917,6.209533669533791,6.242192892387339,730007600
2010-01-20,6.344067573547363,6.458525674504352,6.277249741754556,6.439349312023581,612152800
2010-01-21,6.234402179718018,6.3914087254773335,6.208634204684514,6.354554584447921,608154400
2010-01-22,5.925185203552246,6.217324435571698,5.907507423201045,6.195751374782387,881767600
2010-01-25,6.0845866203308105,6.133425829288698,5.998293203174621,6.067807355885141,1065699600
2010-01-26,6.170581817626953,6.403394515316552,6.069906207833894,6.170881454561742,1867110000
2010-01-27,6.228711128234863,6.309610712610992,5.9785194503529135,6.19784891931663,1722568400
2010-01-28,5.97132682800293,6.157397338195849,5.953649051401856,6.140318835381202,1173502400
2010-01-29,5.754694938659668,6.058519967804259,5.700461857518746,6.02496143362469,1245952400
2010-02-01,5.834698677062988,5.872751782437545,5.731925568876267,5.7639859332313765,749876400
2010-02-02,5.868555068969727,5.882338369099171,5.79424710330119,5.87005365381575,698342400
2010-02-03,5.96953010559082,5.9985944895338,5.825407933817409,5.847880304896154,615328000
2010-02-04,5.754396915435791,5.943762683923782,5.7400143405689255,5.894623019894059,757652000
2010-02-05,5.856566905975342,5.872747294362462,5.718437531434143,5.77177208564892,850306800
2010-02-08,5.8164191246032715,5.9290802149433555,5.8128234812851005,5.863461324584028,478270800
2010-02-09,5.878443241119385,5.91769448366254,5.835296317954463,5.885334491313526,632886800
2010-02-10,5.846383571624756,5.890729450944494,5.8206155877658565,5.869454822278774,370361600
2010-02-11,5.952748775482178,5.985109154652984,5.814619390501459,5.839189211711896,550345600
2010-02-12,6.0039873123168945,6.041740763674654,5.8577676975469775,5.93597093246009,655468800
2010-02-16,6.094475269317627,6.1031643392834765,6.038144732815726,6.050729082443522,543737600
2010-02-17,6.069007396697998,6.1217418944134705,6.018369157274357,6.118146251373973,436396800
2010-02-18,6.080392837524414,6.109157581970718,6.020167016384638,6.041440437735919,422825200
2010-02-19,6.042640209197998,6.08848386438862,6.02586093933753,6.048333711538178,415469600
2010-02-22,6.005186557769775,6.067509847610116,5.96833241047278,6.062716056121905,390563600
2010-02-23,5.9045090675354,6.032451213366717,5.864059289383913,5.992600308918576,575094800
2010-02-24,6.01237678527832,6.035747663250644,5.927880380093033,5.939566219128458,460566400
2010-02-25,6.05252742767334,6.0782954029533,5.899416560460721,5.91409836963874,665126000
2010-02-26,6.131030082702637,6.147509712831247,6.052527211919814,6.063913014538894,507460800
2010-03-01,6.261969566345215,6.277250250125308,6.155900090257104,6.164888798371744,550093600
2010-03-02,6.257774353027344,6.317100863904324,6.224515054444151,6.290133940738088,566546400
2010-03-03,6.272154808044434,6.288335199607594,6.230506881810297,6.260469769791743,372052800
2010-03-04,6.31350564956665,6.319798025809641,6.251182361212695,6.270659163918924,366041200
2010-03-05,6.560400009155273,6.58287237695585,6.4309596666850535,6.440248410729658,899620400
2010-03-08,6.564297199249268,6.594559335279428,6.539427728973893,6.5921626393939,429889600
2010-03-09,6.682349681854248,6.741676191025543,6.5286395443886835,6.54122389481149,920259200
2010-03-10,6.736881256103516,6.756058016609081,6.687742407504977,6.7066191310784,596218000
2010-03-11,6.756659030914307,6.756659030914307,6.691340166127251,6.709018748865817,405700400
2010-03-12,6.789617538452148,6.8234753110141595,6.764148799737355,6.812688381655248,416323600
2010-03-15,6.706921100616455,6.756658840230246,6.59935342248992,6.753063996483658,493502800
2010-03-16,6.725196361541748,6.741076717570316,6.667068401755803,6.717106565098538,446908000
2010-03-17,6.715309143066406,6.785122546333446,6.689840804544186,6.73868002311397,450956800
2010-03-18,6.731189727783203,6.7416766204619964,6.670064993173038,6.71470929630401,342109600
2010-03-19,6.659277439117432,6.7488668686802535,6.628714876489338,6.735383608724794,559445600
2010-03-22,6.734185695648193,6.771639910251987,6.596355914119157,6.605944295470346,456419600
2010-03-23,6.842351913452148,6.854936664143012,6.714708985312008,6.76085227107992,602431200
2010-03-24,6.872615337371826,6.897484803574006,6.816883666111682,6.820779346417265,597780400
2010-03-25,6.79111385345459,6.920554577455036,6.7791283789827625,6.919055993096843,542284400
2010-03-26,6.918458461761475,6.949919136387301,6.848044989796862,6.8600304659011035,640875200
2010-03-29,6.963103294372559,7.0074487618103705,6.940032449923856,6.9813815479335295,540744400
2010-03-30,7.066774845123291,7.115615263772722,7.018833737296755,7.0892472144138985,527310000
2010-03-31,7.041305065155029,7.089546202820372,7.02512547372191,7.055987672334794,430659600
2010-04-01,7.070370197296143,7.153067584768492,6.9738895118624535,7.113517112554818,603145200
2010-04-05,7.145876407623291,7.146475681389719,7.03441388736325,7.040706661959981,684507600
2010-04-06,7.177337646484375,7.198311427527553,7.1012314808244925,7.13718710554027,447017200
2010-04-07,7.209099769592285,7.248651044550517,7.1509710048346244,7.177638291755464,628502000
2010-04-08,7.189622402191162,7.237263465213529,7.132392959159726,7.204304209030817,572989200
2010-04-09,7.244755268096924,7.247752437478197,7.204904756785378,7.233969138777934,334182800
2010-04-12,7.259737491607666,7.283108373127822,7.245354918303786,7.257040359063864,333026400
2010-04-13,7.263932228088379,7.275019196004784,7.2243809482289825,7.246854120981815,306210800
2010-04-14,7.361612319946289,7.365207963598401,7.3130727308402275,7.3493276041842694,404076400
2010-04-15,7.458393573760986,7.461689180619151,7.3562193598737915,7.364309158597488,376784800
2010-04-16,7.412849426269531,7.524911258942343,7.327454885350146,7.447905753547549,750545600
2010-04-19,7.402960300445557,7.4275297282478165,7.2441559302612255,7.4017617527430755,566924400
2010-04-20,7.328652858734131,7.4682804831239045,7.2798132339038855,7.447006658796206,738326400
2010-04-21,7.767009258270264,7.79787145557668,7.662437991748239,7.754424509833983,982391200
2010-04-22,7.984241962432861,7.99263179595929,7.676521654997735,7.737646784877433,793424800
2010-04-23,8.11488151550293,8.155331303712563,8.000123363692902,8.029786221673834,796955600
2010-04-26,8.075028419494629,8.16371852827915,8.035776391538944,8.146340390787609,479068800
2010-04-27,7.851504802703857,8.025290193083839,7.805961597017021,8.008211290926655,709343600
2010-04-28,7.838325023651123,7.910235506343522,7.682817014632383,7.887763930557741,758402400
2010-04-29,8.049263954162598,8.090012983985005,7.850609033358632,7.880871168739997,558840800
2010-04-30,7.823040008544922,8.10708855285633,7.820343676835935,8.069335108339931,542463600
2010-05-03,7.980644226074219,8.026488261483191,7.876672245248349,7.90543738122209,454342000
2010-05-04,7.750829696655273,7.888959507020247,7.693001775281215,7.876974831135278,723819600
2010-05-05,7.670226097106934,7.734646802874403,7.452694601444389,7.5815360129793286,883103200
2010-05-06,7.378392696380615,7.737948294912644,5.970130401776144,7.605511941448243,1285860800
2010-05-07,7.067074775695801,7.387979152531253,6.747969020682689,7.3022853839992505,1676018400
2010-05-10,7.6103057861328125,7.630081829288457,7.446707975066708,7.498244741979542,984306400
2010-05-11,7.686110019683838,7.787084847839922,7.505732618522056,7.545882360221544,848906800
2010-05-12,7.853003978729248,7.884165416582882,7.7514298688261825,7.767608661411963,654379600
2010-05-13,7.7412428855896,7.940197006104222,7.6825148475303315,7.886862432773738,599712400
2010-05-14,7.6052093505859375,7.684911165540142,7.475769410584017,7.645359894962104,759362800
2010-05-17,7.617196559906006,7.675924605388261,7.422137294769281,7.631579134333998,762834800
2010-05-18,7.561464786529541,7.746935646695948,7.498541830975739,7.699893848570397,782678400
2010-05-19,7.441012859344482,7.578243368477287,7.336442374482163,7.475769942008231,1025726800
2010-05-20,7.124005317687988,7.306479809821557,7.077561993000389,7.247451733914924,1282915200
2010-05-21,7.260634422302246,7.3259536544470745,6.9319396035113,6.975985019667461,1223891200
2010-05-24,7.393670558929443,7.517717835828076,7.3786895139562105,7.409251677804082,754238800
2010-05-25,7.347527503967285,7.393669982996975,7.106025780911993,7.171644256968624,1048006400
2010-05-26,7.314270496368408,7.554574547108452,7.303483565385907,7.4931501680506285,850654000
2010-05-27,7.591127872467041,7.607308267267583,7.4640850099832665,7.508729714007174,666282400
2010-05-28,7.696897029876709,7.7724039320539715,7.5911271994161345,7.772104695189072,815614800
2010-06-01,7.815253257751465,7.968364168398178,7.759222337402449,7.781095438937525,876472800
2010-06-02,7.908738136291504,7.93420608096159,7.8002711432630205,7.926415519017176,688548000
2010-06-03,7.8838677406311035,7.956677522323005,7.80266732388461,7.945590554653368,650106800
2010-06-04,7.669334411621094,7.847314011800019,7.629483885670591,7.736750744999725,758304400
2010-06-07,7.518916606903076,7.764912509553721,7.507230367350504,7.739144535362967,886942000
2010-06-08,7.470677375793457,7.604612294294471,7.36041337668128,7.587832624819308,1000770400
2010-06-09,7.287003040313721,7.5476823732337275,7.2657300180716184,7.534797584976363,854630000
2010-06-10,7.506032466888428,7.520114201239725,7.257039400108515,7.336141942629837,776356000
2010-06-11,7.595921039581299,7.6064079299400005,7.411948002631634,7.437715973249805,545759200
2010-06-14,7.618990421295166,7.764909948051452,7.610900627433918,7.669328605528221,602960400
2010-06-15,7.781096935272217,7.785891128322264,7.655551805120487,7.659746724039279,585074000
2010-06-16,8.007616996765137,8.0225980485266,7.809261278628438,7.823343819327729,783678000
2010-06-17,8.146045684814453,8.176907897995733,8.075032910829943,8.107992183113396,872855200
2010-06-18,8.211958885192871,8.239825512836427,8.1325571186378,8.157426577624411,784621600
2010-06-21,8.095108032226562,8.359980753378156,8.051961102054257,8.320429467395112,776490400
2010-06-22,8.205367088317871,8.268888497024319,8.134954432468277,8.154729663443545,717262000
2010-06-23,8.119077682495117,8.229641734110569,8.02709112468853,8.22724463813523,768457200
2010-06-24,8.060050964355469,8.185895299074534,8.03308363540244,8.119975961732564,714277200
2010-06-25,7.991136074066162,8.098104489601672,7.964468779424678,8.091812512252119,549942400
2010-06-28,8.039073944091797,8.082520894216932,7.92581359703618,7.998024089148696,584948000
2010-06-29,7.67562198638916,7.9219178899267,7.619591092509596,7.913827294483174,1133344800
2010-06-30,7.536596298217773,7.729557706640394,7.491053078896159,7.6918042484535825,739452000
2010-07-01,7.4452080726623535,7.634574613379749,7.2876030467682344,7.619592766764996,1022896000
2010-07-02,7.399064064025879,7.51861637508629,7.2870014745850185,7.505431552677511,693842800
2010-07-06,7.449700355529785,7.574645311052758,7.375691259937549,7.52071228277512,615235600
2010-07-07,7.750527858734131,7.753525027132091,7.483259007293516,7.505430532513983,654556000
2010-07-08,7.733151912689209,7.877274468371387,7.637270500243349,7.864689717949056,738144400
2010-07-09,7.778997898101807,7.787386933707559,7.645362201104656,7.69719820013087,433322400
2010-07-12,7.7091827392578125,7.845813989382881,7.636372959951201,7.746336921318021,562878400
2010-07-13,7.5446858406066895,7.682515641978606,7.383784393336217,7.6801193463944,1190924000
2010-07-14,7.572547912597656,7.664534423163108,7.460786170490348,7.472173170624014,812047600
2010-07-15,7.534195899963379,7.699591434698473,7.409849412048287,7.437715238042772,824866000
2010-07-16,7.487757682800293,7.639670046913486,7.443112968315143,7.586036222099465,1039858400
2010-07-19,7.35831356048584,7.487155016528202,7.179135509704587,7.487155016528202,1024478000
2010-07-20,7.547378063201904,7.577640979669189,7.191418349218388,7.278011383361293,1074950800
2010-07-21,7.617793083190918,7.944689295486313,7.610602598671989,7.942891474331976,1185671200
2010-07-22,7.761017799377441,7.790381417133997,7.649854503458027,7.720867252612878,645318800
2010-07-23,7.788586616516113,7.801770645972796,7.67892186269583,7.7031920623280055,533388800
2010-07-26,7.768808364868164,7.793377791972367,7.721766569030219,7.790381422801297,420551600
2010-07-27,7.912631034851074,7.93420409319362,7.799370678330877,7.816449582880815,584771600
2010-07-28,7.81914758682251,7.969862190864468,7.797874560904011,7.900348010111836,519985200
2010-07-29,7.7337517738342285,7.869783743097571,7.673526749628756,7.811655777405789,643806800
2010-07-30,7.70798397064209,7.781393021751602,7.637570488877035,7.667234946413125,448210000
2010-08-02,7.8458147048950195,7.867987041332562,7.7789976585528,7.803567090832104,428055600
2010-08-03,7.848214149475098,7.888064679622338,7.773007245179515,7.820648339143963,417653600
2010-08-04,7.879675388336182,7.918626605971492,7.799674293495332,7.875480469492603,420375200
2010-08-05,7.841317176818848,7.8856626307147675,7.8068593389670555,7.842215687323586,289097200
2010-08-06,7.793078899383545,7.835027269533134,7.7193690146174605,7.783789754493565,444897600
2010-08-09,7.8428120613098145,7.854797530930956,7.777492852070804,7.834721469266491,303128000
2010-08-10,7.772699356079102,7.803861579867855,7.7169677174781635,7.785883373835882,451920000
2010-08-11,7.496445655822754,7.661242787269627,7.485060251176036,7.65255371527642,620054400
2010-08-12,7.5443830490112305,7.583634272176675,7.374492572977126,7.391571471621376,534920400
2010-08-13,7.4637861251831055,7.547082798345282,7.463486088178881,7.540191548432251,354869200
2010-08-16,7.420039176940918,7.491051927894982,7.389476210643873,7.418241355394033,318430000
2010-08-17,7.549780368804932,7.6294822032291165,7.466782127636506,7.493150181195542,422640400
2010-08-18,7.582739353179932,7.630680471915716,7.538094641413412,7.561466326845262,339696000
2010-08-19,7.487155437469482,7.595022318312028,7.451199810521968,7.5758455572208145,426706000
2010-08-20,7.4799675941467285,7.608209042563556,7.460790824230864,7.472477068447783,384230000
2010-08-23,7.364908218383789,7.550679147276388,7.348429384473451,7.544387170685258,414041600
2010-08-24,7.189026355743408,7.281012117405105,7.150673618588257,7.271125296230051,602565600
2010-08-25,7.27771520614624,7.310675271317278,7.107226178667891,7.132394882881639,596867600
2010-08-26,7.19951057434082,7.363408357319567,7.19951057434082,7.354419250367714,466505200
2010-08-27,7.239659786224365,7.2693234336568535,7.058083859707203,7.243555465235795,548391200
2010-08-30,7.266028881072998,7.363408879713672,7.2114957617947875,7.2138928571520085,383289200
2010-08-31,7.284007549285889,7.327753742177426,7.201609391503042,7.246553332049101,420786800
2010-09-01,7.500638008117676,7.534495773659441,7.379287878336406,7.41494346506522,697037600
2010-09-02,7.555771827697754,7.555771827697754,7.447904924838689,7.52850526500511,415427600
2010-09-03,7.7535271644592285,7.753826401322505,7.625585003141477,7.6432631809331815,520788800
2010-09-07,7.724766731262207,7.776302706112971,7.678024149340259,7.689709594796004,342557600
2010-09-08,7.877872943878174,7.921918365745031,7.7634132542141066,7.783788562356911,526551200
2010-09-09,7.8823652267456055,7.985737127008798,7.877871074594441,7.941392478828957,438575200
2010-09-10,7.892553329467773,7.925213343940801,7.832327526689033,7.8859613191972375,387542400
2010-09-13,8.00131893157959,8.038473099542529,7.9629670163582045,7.96476403729506,388780000
2010-09-14,8.031880378723145,8.065138864785792,7.955774228493036,7.976448768520433,408150400
2010-09-15,8.096604347229004,8.10139933870961,8.025292350620456,8.035180770394996,429368800
2010-09-16,8.286869049072266,8.28986541855287,8.075030927434916,8.097204061591379,652103200
2010-09-17,8.250909805297852,8.328513733118646,8.20027238828992,8.320423139796201,634477200
2010-09-20,8.486421585083008,8.502901213932295,8.265294361544525,8.272185609943755,658677600
2010-09-21,8.50260066986084,8.609868269452454,8.473237056582413,8.505297801750801,668074400
2010-09-22,8.621853828430176,8.628745076485623,8.461850938045835,8.470840044269329,585289600
2010-09-23,8.656911849975586,8.771970032034094,8.569420265772813,8.579307884519581,786116800
2010-09-24,8.7587890625,8.795044744017536,8.705755307066614,8.752197847768537,649488000
2010-09-27,8.724028587341309,8.830996168040343,8.71953443356522,8.808524599061316,482834800
2010-09-28,8.595187187194824,8.742305302906141,8.239826629094384,8.742305302906141,1035042400
2010-09-29,8.610468864440918,8.683578672033464,8.56941980693637,8.606273947600526,469644000
2010-09-30,8.502004623413086,8.689273320829443,8.427096984426807,8.659310425254667,673391600
2010-10-01,8.465147972106934,8.586797351634813,8.430090855282131,8.573913365140614,448142800
2010-10-04,8.348893165588379,8.476534499897864,8.322824352093459,8.437583298394788,435302000
2010-10-05,8.65750789642334,8.672788172760887,8.444170499713373,8.449564762100415,501967200
2010-10-06,8.665000915527344,8.748897649546668,8.54724641106136,8.676986391843977,670868800
2010-10-07,8.665900230407715,8.70365368072445,8.596686104892736,8.69945876401164,408399600
2010-10-08,8.811223030090332,8.824107020742693,8.689274374357804,8.740510299924795,658403200
2010-10-11,8.849872589111328,8.906203528349828,8.827101784044533,8.831296700803676,427753200
2010-10-12,8.945158004760742,8.973923156220673,8.763881223608838,8.851373625768556,558544000
2010-10-13,8.993099212646484,9.047631545964013,8.982911554737068,8.9948970346305,630092400
2010-10-14,9.058116912841797,9.062910303468401,9.000886661109135,9.039539423781687,435296400
2010-10-15,9.430553436279297,9.438343993756376,9.136017237116363,9.211823353859023,922194000
2010-10-18,9.528238296508789,9.558200394183528,9.417074977649701,9.542320834459362,1093010800
2010-10-19,9.2732515335083,9.401492947632795,8.989502142875837,9.090777031615996,1232784000
2010-10-20,9.304412841796875,9.415875385220644,9.194748920144658,9.258569589285935,721624400
2010-10-21,9.274149894714355,9.430556366006071,9.192650252908802,9.359244379450859,551460000
2010-10-22,9.212722778320312,9.289727443319457,9.177666469387418,9.26066307088316,372778000
2010-10-25,9.253775596618652,9.336472995049604,9.241790118542282,9.26126692046572,392462000
2010-10-26,9.230106353759766,9.280743803291331,9.15819427857375,9.194749990176836,392929600
2010-10-27,9.2235107421875,9.28553357267922,9.156692921781865,9.218117278645083,399002800
2010-10-28,9.145906448364258,9.228603819253594,9.015867254938692,9.227105234943803,551051200
2010-10-29,9.018267631530762,9.165086555128523,9.014971224616234,9.115647652299495,430511200
2010-11-01,9.114148139953613,9.156695787784802,9.054821622614963,9.05542089652947,423889200
2010-11-02,9.269355773925781,9.294225240498317,9.19864385467043,9.19864385467043,433930000
2010-11-03,9.37242603302002,9.374823127766666,9.24448390126212,9.329578364472912,508348400
2010-11-04,9.536327362060547,9.593556820450548,9.439246588612258,9.451831340751509,642488000
2010-11-05,9.502167701721191,9.575277510655132,9.49078229875838,9.527936477070686,361253200
2010-11-08,9.546813011169434,9.58127005643552,9.491081344772404,9.504265369104697,281758400
2010-11-09,9.470705032348633,9.627112272679096,9.423364008724757,9.619620951139263,383544000
2010-11-10,9.529134750366211,9.55130708190663,9.394899813171827,9.487485619363882,384227200
2010-11-11,9.487786293029785,9.540221551935973,9.415874234997112,9.438346603113843,361284000
2010-11-12,9.22950267791748,9.483289100496707,9.097666458504463,9.468308057424098,795846800
2010-11-15,9.199841499328613,9.304712020275685,9.176769856704485,9.242389141562832,403606000
2010-11-16,9.036542892456055,9.216620277798059,8.968526512910564,9.160290137984852,657650000
2010-11-17,9.003886222839355,9.10845673547301,8.921787285053087,9.024860012736436,479449600
2010-11-18,9.241494178771973,9.278648373965733,9.129433119172019,9.14471340902301,494491200
2010-11-19,9.190549850463867,9.2405879976035,9.145905165906074,9.22770401481825,384843200
2010-11-22,9.389205932617188,9.389205932617188,9.164783131952145,9.18905251672534,393075200
2010-11-23,9.250478744506836,9.340968299525926,9.185459529321145,9.30201549765406,519447600
2010-11-24,9.432352066040039,9.450330277144122,9.34096562660536,9.348455347751125,413725200
2010-11-26,9.438346862792969,9.51924723021932,9.376623258062562,9.400593411333912,237585600
2010-11-29,9.494379997253418,9.512656653344994,9.329882891540338,9.453330130010304,445785200
2010-11-30,9.322986602783203,9.41916802355956,9.314596771666002,9.394597803859188,501858000
2010-12-01,9.48029613494873,9.520745922469123,9.438347762650553,9.4464375601349,461750800
2010-12-02,9.532732009887695,9.558199951752108,9.435051959543165,9.514154518066835,462837200
2010-12-03,9.511454582214355,9.547709441079055,9.47849532866521,9.49857059765588,342092800
2010-12-06,9.592657089233398,9.657976337067803,9.540820302542045,9.547412314728716,448481600
2010-12-07,9.534526824951172,9.707712135429515,9.531830493167142,9.702020235040322,391454000
2010-12-08,9.618425369262695,9.61872540626404,9.5015701583738,9.5770762699841,321935600
2010-12-09,9.580970764160156,9.663068878549838,9.558797632456802,9.651983512846018,294151200
2010-12-10,9.604940414428711,9.619622222441421,9.546212382279338,9.577673856648593,262511200
2010-12-13,9.638198852539062,9.73977456062163,9.618124380558726,9.7191000147479,439815600
2010-12-14,9.596848487854004,9.664265575066107,9.55819573648366,9.639995391665817,351008000
2010-12-15,9.598949432373047,9.678051181349272,9.563892311722237,9.588161702828248,417312000
2010-12-16,9.625617027282715,9.666366854228638,9.591159976620974,9.6208228358657,322030800
2010-12-17,9.606441497802734,9.641797861009536,9.595055292670441,9.637003669374888,386929200
2010-12-20,9.654379844665527,9.68554208393432,9.535127552473478,9.636102392836003,385610400
2010-12-21,9.714007377624512,9.719700079558404,9.649587434376828,9.678051744144941,256354000
2010-12-22,9.742772102355957,9.759551772010091,9.694531752248352,9.71880194580588,265921600
2010-12-23,9.696025848388672,9.742468355247423,9.683141865203844,9.737974203005656,223157200
2010-12-27,9.72839069366455,9.751163105208628,9.633707803856579,9.673559124009321,249816000
2010-12-28,9.752060890197754,9.787716486756167,9.739776175415466,9.76524411577205,175924000
2010-12-29,9.746665000915527,9.781422078036996,9.740971500287172,9.7745300299183,163139200
2010-12-30,9.69782829284668,9.753259130616199,9.679550838198773,9.752360619778798,157494400
2010-12-31,9.66486644744873,9.692432240519455,9.627412237213722,9.676551885808175,193508000
2011-01-03,9.874906539916992,9.895581084406814,9.733181897360485,9.757152047452227,445138400
2011-01-04,9.926445007324219,9.962699875638041,9.832360611678583,9.960902054061426,309080800
2011-01-05,10.007644653320312,10.017832309774677,9.872811224171958,9.874309808993997,255519600
2011-01-06,9.999557495117188,10.045100720387623,9.974688023364948,10.029220358925137,300428800
2011-01-07,10.071165084838867,10.078056333510414,9.944720712952588,10.007343625093917,311931200
2011-01-10,10.260832786560059,10.284203669159895,10.102628473401952,10.152366608178358,448560000
2011-01-11,10.23656177520752,10.336038029037718,10.171541765817098,10.33364173385376,444108000
2011-01-12,10.319855690002441,10.320155726905462,10.247345971674191,10.284800178351988,302590400
2011-01-13,10.357610702514648,10.386375844838494,10.302779150206144,10.342030383854429,296780400
2011-01-14,10.441510200500488,10.441510200500488,10.320460061543704,10.363906223291641,308840000
2011-01-18,10.206897735595703,10.330045710391753,9.767939645388338,9.8734094418071,1880998000
2011-01-19,10.152664184570312,10.445102583495531,10.093936955296925,10.437611261319962,1135612800
2011-01-20,9.968093872070312,10.136485834902308,9.891388414240454,10.080454926257007,764789200
2011-01-21,9.789512634277344,10.034010740617582,9.786815502165254,10.000751445225276,754401200
2011-01-24,10.111015319824219,10.111015319824219,9.789511760102513,9.794006713188438,574683200
2011-01-25,10.229372024536133,10.23057137254975,10.02472516871286,10.077460476868668,546868000
2011-01-26,10.302780151367188,10.355215413675907,10.232367473457659,10.27611286479569,506875600
2011-01-27,10.28360366821289,10.327949134714721,10.272218264724916,10.300682573543483,285026000
2011-01-28,10.070569038391113,10.319262965009436,9.993565124407775,10.31237171358192,592057200
2011-01-31,10.167047500610352,10.188621359613949,10.016633761939442,10.061577701333045,377246800
2011-02-01,10.33813762664795,10.356714318114056,10.216787457900724,10.226375840643845,426633200
2011-02-02,10.316863059997559,10.344728095191318,10.293791415731695,10.320758740255933,258955200
2011-02-03,10.290494918823242,10.31446587374502,10.143976057307713,10.301281848538043,393797600
2011-02-04,10.382181167602539,10.38817390572483,10.29259173292064,10.296486612650856,321840400
2011-02-07,10.543384552001953,10.58443281540459,10.416340880857641,10.423831404831903,485021600
2011-02-08,10.642857551574707,10.652445931377951,10.551471106919601,10.597314347706192,381040800
2011-02-09,10.731548309326172,10.756717805945613,10.632970581244559,10.64255816081067,482745200
2011-02-10,10.62308120727539,10.786679720163912,10.427122716033853,10.708476505818986,928550000
2011-02-11,10.692300796508789,10.720765108383508,10.5931229601288,10.629378633287418,367572800
2011-02-14,10.762112617492676,10.771100925123791,10.6881042974312,10.69050139282579,310416400
2011-02-15,10.783684730529785,10.785782588865429,10.71327205973334,10.762410910817193,284174800
2011-02-16,10.880467414855957,10.93350115125055,10.801664102367631,10.810652410174294,481157600
2011-02-17,10.735746383666992,10.794773663193837,10.682411806191432,10.704285703785256,530583200
2011-02-18,10.503832817077637,10.771701847738836,10.472670574492794,10.748030928901603,816057200
2011-02-22,10.145772933959961,10.349221994367046,10.119106449241118,10.251841999313772,872555600
2011-02-23,10.265925407409668,10.326449663086496,10.145773006443314,10.150567997113953,671854400
2011-02-24,10.273716926574707,10.341733316817448,10.138584257123492,10.307875540251137,499900800
2011-02-25,10.43192195892334,10.440011756785443,10.331246340765828,10.345028840812569,380018800
2011-02-28,10.583234786987305,10.638366386141557,10.52061186395877,10.524207507394744,403074000
2011-03-01,10.466377258300781,10.658440116786279,10.417537642190437,10.650949594096572,456136800
2011-03-02,10.550572395324707,10.617390220724808,10.439109874078499,10.485852428174907,602590800
2011-03-03,10.773502349853516,10.780393601321133,10.66443687396726,10.702490375772829,500788400
2011-03-04,10.786683082580566,10.795372153527806,10.719265973272528,10.788780141047667,453266800
2011-03-07,10.647653579711914,10.836720061849498,10.526303436340134,10.82862946555246,546123200
2011-03-08,10.659640312194824,10.708779972860029,10.554469740928578,10.63417157099459,356316800
2011-03-09,10.561059951782227,10.629675602821306,10.505029850841034,10.62757774443881,453306000
2011-03-10,10.387275695800781,10.48016154634326,10.334241157945717,10.460684745332383,507539200
2011-03-11,10.546672821044922,10.556561234676074,10.337232715906975,10.347119529341732,471080400
2011-03-14,10.593720436096191,10.681212815898522,10.526304129836182,10.582334233219544,435957200
2011-03-15,10.350119590759277,10.422330073528078,10.190416745364343,10.250342516964059,721081200
2011-03-16,9.888093948364258,10.277314015812967,9.775732872126312,10.247351115489435,1162011200
2011-03-17,10.026820182800293,10.175736118528828,9.907567099400874,10.092438662275606,659422400
2011-03-18,9.907867431640625,10.133488836905132,9.8877921575921,10.101428085783278,753214000
2011-03-21,10.166450500488281,10.179633728284756,10.045399553746295,10.06727345462193,409402000
2011-03-22,10.223376274108887,10.265924712556187,10.161652674868265,10.264126891213344,325922800
2011-03-23,10.1631498336792,10.194011228921008,10.066069094981177,10.16584616526597,372996400
2011-03-24,10.336337089538574,10.367199288336188,10.15326335517316,10.242852782647434,404712000
2011-03-25,10.533194541931152,10.548774860320501,10.397761066139877,10.429222539960346,448910000
2011-03-28,10.500236511230469,10.616494048354236,10.500236511230469,10.581436925036124,309355200
2011-03-29,10.515815734863281,10.515815734863281,10.368997655443254,10.416937958891152,352900800
2011-03-30,10.446002006530762,10.513419911507189,10.410346414242786,10.506227825539218,329406000
2011-03-31,10.44240951538086,10.48106148548572,10.369000455844937,10.377988765107352,274019200
2011-04-01,10.324052810668945,10.534693163342846,10.286299359124245,10.52031139138684,418661600
2011-04-04,10.223074913024902,10.325249071199586,10.139478238199407,10.316560003230586,460084800
2011-04-05,10.15416431427002,10.254839930605533,10.067571234735414,10.097234893157868,482731200
2011-04-06,10.128692626953125,10.304275830582432,10.101726109012427,10.22397555049454,402539200
2011-04-07,10.12989330291748,10.200305175575357,10.068468137155804,10.130491776631722,373447200
2011-04-08,10.039403915405273,10.191915490564318,10.006145421070007,10.185024242207176,377535200
2011-04-11,9.911764144897461,10.057682942932864,9.888393262266993,10.009442592832254,398946800
2011-04-12,9.95970344543457,9.999553953456582,9.893784126755962,9.902473196909135,425639200
2011-04-13,10.071464538574219,10.07176377540853,9.963297623857565,10.038205244549006,346220000
2011-04-14,9.96030330657959,10.067570932690618,9.94951717664849,10.03161529935676,301800800
2011-04-15,9.811684608459473,9.99685620289561,9.791909374148114,9.986668548805689,453605600
2011-04-18,9.94322395324707,9.95461015665492,9.592956781025237,9.77093711801277,609898800
2011-04-19,10.123303413391113,10.126898256922985,9.939030277767708,9.980679416439326,419378400
2011-04-20,10.259635925292969,10.359712285311193,10.23237015781055,10.292595195956471,700666400
2011-04-21,10.508027076721191,10.640763446109078,10.442707821383895,10.636867765683824,753810400
2011-04-25,10.577241897583008,10.599415031789679,10.496041484622788,10.497240832516404,266546000
2011-04-26,10.49963665008545,10.636567118547857,10.46757590052218,10.595518061715147,338800000
2011-04-27,10.491543769836426,10.557463076088702,10.400157331831004,10.554166670721973,356213200
2011-04-28,10.38967227935791,10.479560148973064,10.352817340703371,10.372892612956178,360959200
2011-04-29,10.490946769714355,10.605404860969175,10.387274006271323,10.390570412101036,1006345200
2011-05-02,10.375588417053223,10.501133471433057,10.35221754013855,10.479260378893061,442713600
2011-05-03,10.43311882019043,10.483756261926347,10.35581409135789,10.426826844621038,313348000
2011-05-04,10.474169731140137,10.541886084872376,10.393568587894057,10.434917688867438,389250400
2011-05-05,10.38967227935791,10.515516576976776,10.368697696355746,10.439110367616685,335969200
2011-05-06,10.38697624206543,10.487052576928884,10.373492980192077,10.477764232098137,280134400
2011-05-09,10.415141105651855,10.46308221365468,10.383080354658327,10.422930865619737,204747200
2011-05-10,10.470572471618652,10.477763757651774,10.386975771730063,10.453792804208035,282091600
2011-05-11,10.404056549072266,10.48705479654846,10.344430787307497,10.457691171133929,336000000
2011-05-12,10.384281158447266,10.400761592986965,10.255441252925959,10.370798694012443,322000000
2011-05-13,10.202404022216797,10.374690859540255,10.197909868234825,10.357013480498475,326116000
2011-05-16,9.98666763305664,10.22397522362346,9.96569305303011,10.163450178600877,449775200
2011-05-17,10.071764945983887,10.071764945983887,9.909664973584727,9.947718462169508,452334400
2011-05-18,10.183527946472168,10.218884307013674,10.06757124539592,10.081653782211738,334776400
2011-05-19,10.203302383422852,10.259632521841562,10.147570718720651,10.249744903942318,261170000
2011-05-20,10.044198989868164,10.215887340925237,10.038206251595891,10.174238209982223,337968400
2011-05-23,10.01962661743164,10.066968439546644,9.870411466896577,9.886891093567234,383600000
2011-05-24,9.953410148620605,10.064573433757264,9.927941413204769,10.052587958244283,321927200
2011-05-25,10.09094524383545,10.144279838121333,9.973190684669158,9.990568833302362,294224000
2011-05-26,10.037606239318848,10.094236411677791,10.02052733654862,10.066670617751871,222560800
2011-05-27,10.109816551208496,10.116408562706493,10.016931516759485,10.031613324137592,203599200
2011-05-31,10.422033309936523,10.422033309936523,10.217385671517558,10.22038284114715,417754400
2011-06-01,10.352517127990723,10.550871951852374,10.326749955222596,10.453193524494784,554682800
2011-06-02,10.370195388793945,10.426526325401415,10.316262347463978,10.382180864688838,338783200
2011-06-03,10.290494918823242,10.347125099677998,10.24764803704851,10.282705158572293,313250000
2011-06-06,10.128692626953125,10.39865944347332,10.121801379059011,10.358209666562272,461941200
2011-06-07,9.948914527893066,10.134086111655058,9.944719611744912,10.132588327365655,529785200
2011-06-08,9.95490837097168,10.031613817432383,9.907268103957914,9.941125873623895,333723600
2011-06-09,9.932435989379883,9.99775522824809,9.910262860522908,9.985170479437375,275088800
2011-06-10,9.764945983886719,9.937532884460422,9.75325974157757,9.904273579616591,433955200
2011-06-13,9.785918235778809,9.837154951339393,9.740074985029647,9.803895651718262,329473200
2011-06-14,9.960901260375977,9.985171449677125,9.867116909181828,9.887791455616245,334569200
2011-06-15,9.790410995483398,9.896779282856196,9.734379301439256,9.8802996552309,399196000
2011-06-16,9.742772102355957,9.848241911314453,9.53812526060861,9.79490813296833,510591200
2011-06-17,9.595952987670898,9.865321406598325,9.568986462117522,9.8575308458544,615020000
2011-06-20,9.447936058044434,9.519248050266068,9.303514251943547,9.509060394206221,640645600
2011-06-21,9.746964454650879,9.761945498515093,9.444338407490838,9.488683865521923,493382400
2011-06-22,9.666359901428223,9.854827815504626,9.65946785617421,9.742765271933436,390583200
2011-06-23,9.924644470214844,9.938426965099184,9.531829764338505,9.55639838563268,559759200
2011-06-24,9.778424263000488,9.982172505631862,9.740670822737213,9.928838750397054,439807200
2011-06-27,9.948914527893066,10.004646185191522,9.805392068695664,9.815579722198322,339813600
2011-06-28,10.045400619506836,10.088547551642929,9.990868280352059,9.99716025792022,294299600
2011-06-29,10.008848190307617,10.078661629688265,9.944127381137589,10.068774006099444,352545200
2011-06-30,10.057682037353516,10.07146613628214,9.97288758620099,10.02861845518598,322954800
2011-07-01,10.285102844238281,10.292293331028786,10.013637364862486,10.066072631614741,435313200
2011-07-05,10.469975471496582,10.48196095082128,10.262332242838083,10.277313291895203,355054000
2011-07-06,10.539788246154785,10.609902495833643,10.388475179343963,10.455592259275502,444626000
2011-07-07,10.702789306640625,10.726759467654633,10.606907062386925,10.62698314236835,399663600
2011-07-08,10.777993202209473,10.786683073247808,10.552971067927706,10.587128877923892,489633200
2011-07-11,10.60690689086914,10.779794644753933,10.571550523898258,10.677021150891596,442674400
2011-07-12,10.59941291809082,10.71716741511765,10.445701994385646,10.592820106434623,451609200
2011-07-13,10.727356910705566,10.786683424711295,10.678216452476812,10.736644455710604,391638800
2011-07-14,10.719865798950195,10.834923986048594,10.67701891577163,10.816945769268225,430533600
2011-07-15,10.934100151062012,10.936497246443338,10.761813321071418,10.8217391054074,484467200
2011-07-18,11.200172424316406,11.22564036324685,10.944887360362411,10.94938151426811,572653200
2011-07-19,11.2915620803833,11.345495139073977,11.185792221810543,11.326019134524836,819145600
2011-07-20,11.592684745788574,11.873438489289795,11.565718227870411,11.868944336336249,941340400
2011-07-21,11.604372024536133,11.687368643754002,11.50279711780861,11.59418437014938,526534400
2011-07-22,11.784452438354492,11.83688770814117,11.618157519862782,11.635236427163601,516728800
2011-07-25,11.940260887145996,11.985204834203778,11.674188848085981,11.696061147602094,589806000
2011-07-26,12.08737564086914,12.12003566262809,11.975613878512476,11.98520145912829,476582400
2011-07-27,11.763175964355469,12.064304251612374,11.749991940598097,12.002879886526976,659324400
2011-07-28,11.740108489990234,11.89501722368089,11.629545233670838,11.734116549890398,594034000
2011-07-29,11.699953079223633,11.839880704493693,11.505793177890862,11.614858603984638,632584400
2011-08-01,11.887823104858398,11.970220457078957,11.756584534886036,11.918684507307821,612836000
2011-08-02,11.652910232543945,11.922277767630664,11.636131368564287,11.914787246216445,639539600
2011-08-03,11.762575149536133,11.79193876214118,11.45305786962741,11.714933288158269,732508000
2011-08-04,11.307137489318848,11.725120912791533,11.306538215591674,11.667892272092605,871407600
2011-08-05,11.19477653503418,11.490812178556784,10.863686176094355,11.399124891376351,1204590800
2011-08-08,10.583234786987305,11.019495789269376,10.57754128483101,10.83732052234007,1143833600
2011-08-09,11.206464767456055,11.224442983865888,10.636867345733394,10.825634617543454,1082583600
2011-08-10,10.897248268127441,11.225642402441466,10.861592667088633,11.120771858070256,878656800
2011-08-11,11.197175979614258,11.249611241921645,10.928107618676748,11.101893036606986,741969200
2011-08-12,11.29575252532959,11.37515349690537,11.213054347979229,11.328111707651166,528976000
2011-08-15,11.488118171691895,11.53486073865827,11.328714504916057,11.374857797945703,460544000
2011-08-16,11.400321960449219,11.48691581544961,11.26788566473421,11.43148419482776,498750000
2011-08-17,11.399127960205078,11.521376642558973,11.326018140327273,11.455158872983517,442061200
2011-08-18,10.96795654296875,11.165713686648086,10.827729681201648,11.111479810519654,851435200
2011-08-19,10.667725563049316,10.996420362708388,10.666827052613996,10.851698575049783,775888400
2011-08-22,10.680015563964844,10.932904371628693,10.639565772271009,10.921817403444868,535315200
2011-08-23,11.194180488586426,11.195379036393724,10.696794349939246,10.7956721437453,656835200
2011-08-24,11.271483421325684,11.354780080330116,11.104289229311819,11.190283020501136,626267600
2011-08-25,11.197776794433594,11.24961279001767,10.936498957677003,10.938896053433403,871346000
2011-08-26,11.493208885192871,11.499800096382394,11.110280957720574,11.121367122110236,641477200
2011-08-29,11.684673309326172,11.730517357931193,11.62564683646871,11.631039500917693,405269200
2011-08-30,11.685274124145508,11.740705761379818,11.5720137540063,11.633138093408911,417922400
2011-08-31,11.53066635131836,11.747897962731052,11.441676167868398,11.702653978575398,522586400
2011-09-01,11.416803359985352,11.605869839889861,11.407515016304282,11.560326632118835,343725200
2011-09-02,11.207662582397461,11.326016365678335,11.141144786227656,11.228336329769046,438939200
2011-09-06,11.378153800964355,11.395831181322704,10.980843195994312,11.007510485183403,509698000
2011-09-07,11.50369644165039,11.553734602812234,11.445866921144223,11.552536055235956,350576800
2011-09-08,11.509988784790039,11.643923680381338,11.455156431568,11.457852763651672,416158400
2011-09-09,11.310436248779297,11.565720508896883,11.236726365095066,11.503697665472465,564813200
2011-09-12,11.384148597717285,11.412312876637504,11.143245240748834,11.176205312056991,467832400
2011-09-13,11.524372100830078,11.572012371344073,11.393432765716003,11.450062944019248,440560400
2011-09-14,11.66459846496582,11.751790811446481,11.558529391923424,11.596282845046895,534724400
2011-09-15,11.774262428283691,11.795237012065881,11.68257593376009,11.72841918102189,417818800
2011-09-16,12.0001859664917,12.0001859664917,11.836288936906175,11.851570023029673,698513200
2011-09-19,12.33366870880127,12.381609804263775,11.84137777028537,11.895310002496206,823860800
2011-09-20,12.388203620910645,12.670155934544495,12.320487283755671,12.442136661082468,775754000
2011-09-21,12.348952293395996,12.632102352317986,12.344757376955119,12.573674359182084,605976000
2011-09-22,12.039735794067383,12.27944055154829,11.886325677394044,12.016065675355675,968480800
2011-09-23,12.114043235778809,12.187153040406097,11.980707613390733,11.993591600257231,546277200
2011-09-26,12.080182075500488,12.104452259554002,11.724521546534579,11.981004281450202,812876400
2011-09-27,11.963029861450195,12.262359539271129,11.927074231668003,12.246779219754703,632497600
2011-09-28,11.89561653137207,12.097267025422406,11.880633881741918,11.990897893996548,429637600
2011-09-29,11.702652931213379,12.05142234622766,11.572013618986677,12.042733274572505,651086800
2011-09-30,11.425495147705078,11.652315930274709,11.421300230183842,11.599280587377013,547640800
2011-10-03,11.224138259887695,11.465041475763472,11.181292192528337,11.397025914146479,669099200
2011-10-04,11.16121768951416,11.439873585653993,10.614094351199139,11.223241323198726,1233677200
2011-10-05,11.33350658416748,11.380547575866153,10.795669965588377,11.022190654872343,786469600
2011-10-06,11.307137489318848,11.529163204596593,11.140243356744142,11.18608659672522,812582400
2011-10-07,11.080321311950684,11.318227460987513,11.041070069763304,11.259500216163962,535458000
2011-10-10,11.64991569519043,11.64991569519043,11.332307776102578,11.358675823798597,442514800
2011-10-11,11.99389362335205,12.080487508870593,11.730519523495845,11.76257947963263,605687600
2011-10-12,12.050822257995605,12.262360333471525,11.989397886452197,12.205131679117857,622286000
2011-10-13,12.237793922424316,12.237793922424316,12.070599682749496,12.13442036123893,426185200
2011-10-14,12.644389152526855,12.644389152526855,12.442737106382763,12.489480465770109,573367200
2011-10-17,12.584162712097168,12.785214674401633,12.462811766065114,12.636597970217801,686044800
2011-10-18,12.651579856872559,12.728585346275372,12.464311179713702,12.637197284505111,881602400
2011-10-19,11.943855285644531,12.237492296208643,11.919285055706702,12.025654172873809,1104059600
2011-10-20,11.844672203063965,11.995685968939389,11.811713751098836,11.985199079664344,549270400
2011-10-21,11.771563529968262,11.95943224464533,11.708042114526467,11.928270810656871,621244400
2011-10-24,12.158092498779297,12.179964799602518,11.847376531123928,11.870747416994588,502138000
2011-10-25,11.918384552001953,12.181460167487465,11.906699912251371,12.135916155674101,430427200
2011-10-26,12.003181457519531,12.06160946103642,11.779956336368139,12.037937742579286,456304800
2011-10-27,12.125728607177734,12.254870120792729,12.04183266900202,12.211722403864533,494664800
2011-10-28,12.133520126342773,12.17546849879598,12.060410311521128,12.075092121864952,322842800
2011-10-31,12.128427505493164,12.264759525014872,12.016664917145516,12.057714781539689,385501200
2011-11-01,11.880633354187012,11.97022281015954,11.78205558899355,11.90760068214602,531790000
2011-11-02,11.907599449157715,11.998387443638768,11.838683751608288,11.987900550567735,327350800
2011-11-03,12.077187538146973,12.087075155342417,11.846172699524816,11.95733518396133,441386400
2011-11-04,11.99239444732666,12.088275867787567,11.96003445791987,12.04602825941455,302229200
2011-11-07,11.977113723754883,11.98520432196442,11.86924761534733,11.982507989293719,270275600
2011-11-08,12.171869277954102,12.224904601900386,12.031942465369339,12.051418461137683,400442000
2011-11-09,11.84377384185791,12.011866509559098,11.812313173636298,11.894411267942639,558684000
2011-11-10,11.54234790802002,11.90160412763604,11.450361385714453,11.896210663773068,744752400
2011-11-11,11.524372100830078,11.64662076502863,11.393732802688321,11.583997848264948,653786000
2011-11-14,11.363767623901367,11.543246504233595,11.332006916550437,11.491409727030549,432905200
2011-11-15,11.650517463684082,11.670591939133773,11.369464406105791,11.409914194102388,430810800
2011-11-16,11.528864860534668,11.719729156877678,11.515380800579905,11.663098985422257,349210400
2011-11-17,11.308338165283203,11.523172636272054,11.251108713713835,11.50519442107292,479900400
2011-11-18,11.234328269958496,11.3856413036526,11.232530448562803,11.353581355577203,371938000
2011-11-21,11.056649208068848,11.136650262960709,10.96376336597061,11.098296738400045,447980400
2011-11-22,11.281371116638184,11.32391875719395,11.114476960430567,11.116874055678696,409021200
2011-11-23,10.996123313903809,11.261295978148322,10.992826907849084,11.22144466922265,428271200
2011-11-25,10.893649101257324,11.120768261565997,10.886157779011565,11.038969391426361,254760800
2011-11-28,11.269681930541992,11.287660140202162,11.096196607862213,11.156721646854775,346413200
2011-11-29,11.1821928024292,11.350884772551693,11.092304134927685,11.261295341893579,375855200
2011-11-30,11.451863288879395,11.45426038479175,11.3350072634484,11.424597523024511,405938400
2011-12-01,11.623552322387695,11.655612281830406,11.408417753015257,11.462051576855606,387181200
2011-12-02,11.676582336425781,11.794336833508401,11.643023804941926,11.680477215935197,379055600
2011-12-05,11.775762557983398,11.877637527874315,11.697260071917356,11.790145132584108,357210000
2011-12-06,11.71403980255127,11.824304615724591,11.66699879491988,11.760782373337973,283598000
2011-12-07,11.658304214477539,11.713735835624489,11.588490023481173,11.683472911615565,304746400
2011-12-08,11.705347061157227,11.850368119852233,11.69246307455188,11.729017976124576,376356400
2011-12-09,11.794039726257324,11.80662447872681,11.716435752942237,11.770968880211315,296993200
2011-12-12,11.740706443786621,11.802430060694451,11.66909520671226,11.735912252166793,301067200
2011-12-13,11.64991569519043,11.847372815561473,11.598678984474395,11.775460758307242,338928800
2011-12-14,11.391631126403809,11.607065601313886,11.31642428417651,11.586690297376949,406887600
2011-12-15,11.354182243347168,11.49800477505253,11.335305516058373,11.485720060484983,256200000
2011-12-16,11.416504859924316,11.510289220290076,11.373058704517025,11.39672962232194,421478400
2011-12-19,11.452157020568848,11.531259541926614,11.400320250053937,11.459947577994662,235530400
2011-12-20,11.863850593566895,11.868345546802267,11.603472146388743,11.618453190244049,337215200
2011-12-21,11.87883472442627,11.904303464001686,11.745798324800038,11.886025210809917,262948000
2011-12-22,11.941756248474121,11.959135189885844,11.868347203102104,11.89531292578519,202358800
2011-12-23,12.084979057312012,12.092769616972227,11.969920884164507,11.975913622364672,269399200
2011-12-27,12.18085765838623,12.257563089457122,12.075687127480048,12.078085022305535,265076000
2011-12-28,12.064303398132324,12.232395288605298,12.025351403521533,12.191646272798717,228662000
2011-12-29,12.138611793518066,12.154492949443965,12.000483581623712,12.087075846341941,215978000
2011-12-30,12.135019302368164,12.173372033328402,12.089775321345122,12.090373795169223,179662000
2012-01-03,12.321684837341309,12.359738319371443,12.254867816298466,12.26685329096913,302220800
2012-01-04,12.387903213500977,12.425058186866142,12.263257470992423,12.284830526396293,260022000
2012-01-05,12.525435447692871,12.541015767578921,12.364833257476315,12.433149675771922,271269600
2012-01-06,12.65637493133545,12.666861824369615,12.56109278304426,12.577572414983276,318292800
2012-01-09,12.636299133300781,12.81667656638151,12.6249129298526,12.749260256737509,394024400
2012-01-10,12.681543350219727,12.764241545054652,12.629407323015455,12.761544412558633,258196400
2012-01-11,12.660872459411621,12.669861570164374,12.563792463578503,12.664767340688382,215084800
2012-01-12,12.62611198425293,12.67135596278046,12.547009431004312,12.652779272297115,212587200
2012-01-13,12.578771591186523,12.59794835785988,12.544314538718453,12.575476784562655,226021600
2012-01-17,12.72529125213623,12.763944022347328,12.673155217930155,12.710309403198066,242897200
2012-01-18,12.857423782348633,12.86820990964565,12.773227821535668,12.793003054995578,276791200
2012-01-19,12.816676139831543,12.925141505517818,12.779521961493671,12.888587401124289,261738400
2012-01-20,12.59344482421875,12.80917850173951,12.576965201634449,12.808879265013456,413974400
2012-01-23,12.806489944458008,12.83765218798963,12.653379059857286,12.664465227218233,306062400
2012-01-24,12.596746444702148,12.737273350092748,12.570978471467525,12.737273350092748,547638000
2012-01-25,13.38327407836914,13.616685200767439,13.295482475176183,13.616385963944861,958314000
2012-01-26,13.3224458694458,13.447090770909956,13.277801188844736,13.434207589364796,323985200
2012-01-27,13.401853561401367,13.437809191277275,13.296683804071016,13.313761908161034,299709200
2012-01-30,13.573537826538086,13.600205105594513,13.34522015218765,13.354807731093535,379341200
2012-01-31,13.67751407623291,13.730248580088853,13.57533987487634,13.650846787300752,391683600
2012-02-01,13.668825149536133,13.75272189758594,13.649649984419865,13.735343754119139,270046000
2012-02-02,13.636761665344238,13.698185225593491,13.602603861069637,13.660132541922076,186796400
2012-02-03,13.773394584655762,13.78298296601566,13.649947375041368,13.702083398587243,286599600
2012-02-06,13.901938438415527,13.932201374035586,13.729053097658802,13.73444576332291,249412800
2012-02-07,14.047558784484863,14.075125385645602,13.9202150728478,13.940291149829434,316223600
2012-02-08,14.282770156860352,14.286064963730878,14.07362753016577,14.097598490301998,407890000
2012-02-09,14.776860237121582,14.884127885364906,14.399026372213191,14.40501911235508,884214800
2012-02-10,14.78434944152832,14.910193772870702,14.63842903245465,14.7106411446641,631302000
2012-02-13,15.059408187866211,15.09626233042269,14.894311038372935,14.9674208497194,517216000
2012-02-14,15.264945983886719,15.267941551634216,15.041422543283494,15.121123527685002,460398400
2012-02-15,14.911691665649414,15.76923101486202,14.888319183424132,15.408776964736186,1506120000
2012-02-16,15.047719955444336,15.128021042541965,14.580896077601594,14.726816444094476,944552000
2012-02-17,15.045024871826172,15.214316129913028,14.990491752893698,15.074687726535853,535805200
2012-02-21,15.42645263671875,15.42645263671875,15.104949058786346,15.187647239148921,605595200
2012-02-22,15.372218132019043,15.445627165862996,15.25326429335184,15.373416679514392,483302400
2012-02-23,15.472599983215332,15.515747710613073,15.266155293739091,15.433348736911402,568027600
2012-02-24,15.652979850769043,15.667661665762587,15.540020286495542,15.570881701641648,415072000
2012-02-27,15.753355026245117,15.835453164775805,15.469305548173898,15.620018560148837,547582000
2012-02-28,16.0424861907959,16.0424861907959,15.756039826368957,15.819261987581333,600387200
2012-02-29,16.253129959106445,16.408040224736347,16.05118030408883,16.22676351404789,952011200
2012-03-01,16.31395149230957,16.42601486014175,16.14316250959151,16.42481471269456,683270000
2012-03-02,16.33523178100586,16.383770561222633,16.25552916125057,16.307066710930513,431712400
2012-03-05,15.975074768066406,16.404143571297546,15.760537966155445,16.34242077539909,809124400
2012-03-06,15.888179779052734,15.99095241965375,15.467499237121665,15.69042425595807,810238800
2012-03-07,15.901063919067383,16.11350123934824,15.67963669343059,16.084137628938592,798520800
2012-03-08,16.239652633666992,16.269614729256272,15.943916956992874,16.020921654917856,516457200
2012-03-09,16.334938049316406,16.411942762625156,16.27321362376347,16.306172895614605,418919200
2012-03-12,16.53958511352539,16.53958511352539,16.389768210460645,16.44909553765373,407282400
2012-03-13,17.021984100341797,17.024381195747303,16.65194009805328,16.70557550780081,690855200
2012-03-14,17.665586471557617,17.819595821720668,17.240710192428082,17.32011356265834,1418844000
2012-03-15,17.545135498046875,17.978100788470257,17.33509524578061,17.966115313268755,1159718000
2012-03-16,17.545438766479492,17.65420417858066,17.318618796812288,17.51997002587331,825487600
2012-03-19,18.010765075683594,18.030839551254697,17.649710950726767,17.92896618829869,901236000
2012-03-20,18.156381607055664,18.184545072980114,17.72251701370177,17.963119423330674,816662000
2012-03-21,18.05270767211914,18.266943632506425,18.020049253706194,18.059898956961504,644042000
2012-03-22,17.958030700683594,18.112640168124724,17.84387102177243,17.91128733598904,623870800
2012-03-23,17.859451293945312,18.03173813328155,17.810011599072908,17.992486894431043,430488800
2012-03-26,18.18695068359375,18.19204571299662,17.835785703226485,17.971516070368725,595742000
2012-03-27,18.411670684814453,18.465603736299975,18.159381970410852,18.162977613856377,607129600
2012-03-28,18.50575828552246,18.620516463269535,18.286728025528234,18.52852909873226,655460400
2012-03-29,18.27324104309082,18.47399380417302,18.194439323593844,18.360733434505512,608238400
2012-03-30,17.964319229125977,18.294211050220902,17.916078088972846,18.240577246044285,731038000
2012-04-02,18.536006927490234,18.540201042415735,17.98918139189255,18.03262832601779,598351600
2012-04-03,18.856319427490234,18.94291410113849,18.652271876615544,18.79579356708052,834559600
2012-04-04,18.70619773864746,18.752640245306715,18.48716762515131,18.707396285919895,572980800
2012-04-05,18.986961364746094,19.01632498693921,18.67894096843381,18.786208600591483,641298000
2012-04-09,19.06336784362793,19.17153479724046,18.735873013173656,18.760741683303433,597536800
2012-04-10,18.8299560546875,19.296179997569528,18.756846231234263,19.17423054616987,889725200
2012-04-11,18.762840270996094,19.082545352191914,18.677144888254727,19.0624708731433,696614800
2012-04-12,18.660058975219727,18.916543352871987,18.592042601230535,18.72687680164703,614336800
2012-04-13,18.13450813293457,18.71788876558746,18.082972187225625,18.70020978874487,859644800
2012-04-16,17.382434844970703,18.28581791979713,17.326104718939934,18.279226709379518,1050786800
2012-04-17,18.268447875976562,18.277436185109067,17.13614655312284,17.346786945565086,1025528000
2012-04-18,18.227691650390625,18.58455154502531,18.058998900772274,18.38889227845981,954531200
2012-04-19,17.601470947265625,18.119531667886623,17.513978552067282,17.984398194521532,834719200
2012-04-20,17.16819953918457,17.81659928671261,17.09149410508349,17.719518546626155,1030985200
2012-04-23,17.129846572875977,17.278764093223554,16.678005385812906,17.097188155124655,966529200
2012-04-24,16.78767204284668,17.009697783214204,16.629466961388967,16.857485439705428,1076149200
2012-04-25,18.277435302734375,18.517140070069424,18.157583719165544,18.44642734772828,905777600
2012-04-26,18.208524703979492,18.41796657869138,18.041630485658438,18.40538102385615,536068400
2012-04-27,18.06769371032715,18.162977460731582,17.99278687280625,18.12971895928888,406722400
2012-04-30,17.4977970123291,17.929864674764037,17.468433392576866,17.911886458528812,506144800
2012-05-01,17.44236946105957,17.880727581409698,17.415402931731467,17.525366908048692,610999200
2012-05-02,17.55771827697754,17.600265911009302,17.344381633196992,17.38573071978847,427389200
2012-05-03,17.433080673217773,17.72012731833713,17.387537449445368,17.69316078845369,390549600
2012-05-04,16.936588287353516,17.329403065891444,16.934191192130502,17.291051142520324,529992400
2012-05-07,17.063329696655273,17.16190822474387,16.816134484297795,16.824225079681472,460118400
2012-05-08,17.024383544921875,17.123859817582648,16.74123341191285,17.06633112010935,497252000
2012-05-09,17.054351806640625,17.19817600261299,16.804760923711473,16.890155489940128,480704000
2012-05-10,17.094484329223633,17.255086431681804,17.032163083733856,17.21613445310346,333200000
2012-05-11,16.980335235595703,17.21284868205054,16.90962252354682,16.92909852305682,399546000
2012-05-14,16.725954055786133,17.004310039414634,16.707377361119573,16.85629335581033,352626400
2012-05-15,16.57464027404785,16.875768658061407,16.532092620167372,16.82273490933423,476336000
2012-05-16,16.362197875976562,16.686098573677345,16.211184074276975,16.60100329174223,560896000
2012-05-17,15.883986473083496,16.40474335053041,15.883986473083496,16.33912407629127,717220000
2012-05-18,15.891779899597168,16.282197629336057,15.646084010811407,15.999047523286377,732292400
2012-05-21,16.81763458251953,16.825425942160205,16.001742091250325,16.015226952144133,631106000
2012-05-22,16.688493728637695,17.195167281178417,16.556955941261815,17.065426514948545,694870400
2012-05-23,17.09569549560547,17.162812572697135,16.576436258902948,16.704376836942426,584897600
2012-05-24,16.938682556152344,17.273669341692536,16.816133089092332,17.254791820762485,496230000
2012-05-25,16.847902297973633,16.954571466437187,16.733443367852708,16.916818005717705,328507200
2012-05-29,17.146934509277344,17.198771313731218,16.938393543973962,17.105886237750184,380508800
2012-05-30,17.353673934936523,17.378243361836553,16.97584018663939,17.054942731901157,529429600
2012-05-31,17.310527801513672,17.423487317763836,17.122659856785337,17.400714912276506,491674400
2012-06-01,16.808937072753906,17.158306328226907,16.794855345415062,17.053735100969398,520987600
2012-06-04,16.907821655273438,17.004003092377868,16.43470742883522,16.824225767079707,556995600
2012-06-05,16.864086151123047,16.973152443035108,16.72925347181159,16.817344368988135,388214400
2012-06-06,17.122661590576172,17.194272020001605,16.944081171960963,17.012097558247934,401455600
2012-06-07,17.130449295043945,17.298241163316188,17.093894392282937,17.297343452737966,379766800
2012-06-08,17.38813018798828,17.39592154751202,17.04894921707622,17.126853211131206,347516400
2012-06-11,17.113969802856445,17.63322734388461,17.09778861031516,17.609856466010257,591264800
2012-06-12,17.26349449157715,17.277276996949933,16.980045019070186,17.21255858904365,435380400
2012-06-13,17.14363670349121,17.33300246657301,17.090302123314633,17.214349427703723,293580000
2012-06-14,17.124759674072266,17.183787758409245,16.996819085615464,17.1160706018008,345573200
2012-06-15,17.20265769958496,17.217339506277334,17.06542641237718,17.108873358808207,335255200
2012-06-18,17.55173110961914,17.614953307009493,17.09000216315126,17.10768114355493,440412000
2012-06-19,17.60057258605957,17.678175758214344,17.47143185687764,17.480420165562755,361404400
2012-06-20,17.5505313873291,17.655701141617335,17.40251315517808,17.624538903207508,358943200
2012-06-21,17.308727264404297,17.6248365730785,17.30183521608868,17.541539920415158,326351200
2012-06-22,17.44146728515625,17.44416361760666,17.241314606879097,17.349780780461288,284471600
2012-06-25,17.101991653442383,17.372557886684273,17.090006172424292,17.297649430420076,304382400
2012-06-26,17.139734268188477,17.21344252949189,16.998907355673428,17.11875888958648,276536400
2012-06-27,17.213748931884766,17.28086601083866,17.136444996372674,17.22872997981091,202997200
2012-06-28,17.050447463989258,17.19876493364706,16.9473755676543,17.128951534073973,282836400
2012-06-29,17.49839210510254,17.49839210510254,17.206252175182232,17.318613194321795,421500800
2012-07-02,17.753681182861328,17.782145491474807,17.48641143822734,17.520270011757397,400092000
2012-07-03,17.960132598876953,17.97781158471472,17.798034156952646,17.82440061691362,241712800
2012-07-05,18.275638580322266,18.407475644446183,17.967318944366305,17.994584708016443,484383200
2012-07-06,18.153982162475586,18.230687599030176,18.02514231217429,18.190237822765923,418930400
2012-07-09,18.39398956298828,18.3942887998579,18.100951857182725,18.136607450384997,379405600
2012-07-10,18.22380256652832,18.57317045071375,18.136908650736313,18.516240230056457,511957600
2012-07-11,18.110538482666016,18.207318397745144,17.894505485719215,18.161175116805634,469322000
2012-07-12,17.944847106933594,18.081777597386225,17.758476918066492,17.984997659526726,428041600
2012-07-13,18.126720428466797,18.193237426357165,17.977804475313516,18.06619616915176,311427200
2012-07-16,18.184846878051758,18.325971452996708,18.12821590577194,18.131213074776745,301260400
2012-07-17,18.185745239257812,18.322376453857274,18.07218406378606,18.301101835684083,293624800
2012-07-18,18.165369033813477,18.227691900532776,18.084467881664978,18.175256650149997,252700000
2012-07-19,18.406871795654297,18.43773319387043,18.15757871431586,18.315783785146316,436861600
2012-07-20,18.106647491455078,18.410472162128556,18.088669274202914,18.36822375163531,397471200
2012-07-23,18.09256362915039,18.154587276721173,17.60956007438348,17.810011990282586,487975600
2012-07-24,18.005373001098633,18.267848578019937,17.93316089358141,18.19893287712149,565132400
2012-07-25,17.227825164794922,17.4025090401869,17.078909257280973,17.212544886258794,877312800
2012-07-26,17.225133895874023,17.390528677882283,17.08970120616854,17.3713519146823,406632800
2012-07-27,17.533151626586914,17.553227699435013,17.12655434441575,17.229027766466338,403936400
2012-07-30,17.828893661499023,17.961029984730857,17.612858974028075,17.705745648622543,379142400
2012-07-31,18.30019760131836,18.32836426008717,18.05929601943273,18.07457629579811,462327600
2012-08-01,18.181856155395508,18.469202034648916,18.0676964598366,18.454520221851887,384501600
2012-08-02,18.211210250854492,18.298102534177485,17.98528967413601,18.062894415564624,332158400
2012-08-03,18.448226928710938,18.51654255892454,18.324179621155462,18.386203274933198,344920800
2012-08-06,18.653472900390625,18.722987077925243,18.435042747727685,18.49586625289771,302103200
2012-08-07,18.604324340820312,18.72687219845665,18.518329774540895,18.66005438845361,290446800
2012-08-08,18.57286834716797,18.69331998272232,18.490170161557607,18.558785012579023,244706000
2012-08-09,18.678789138793945,18.708881476880556,18.590620597034484,18.592124812171953,221642400
2012-08-10,18.707983016967773,18.709787754173806,18.617709194105494,18.61800971579519,194938800
2012-08-13,18.957733154296875,18.957733154296875,18.754614355205558,18.758828084752896,278832400
2012-08-14,19.008596420288086,19.21683222176927,18.96406135927596,19.014013845615448,340169200
2012-08-15,18.982717514038086,19.07810823197541,18.890036312256267,18.99686131693524,257342400
2012-08-16,19.148523330688477,19.161161311024554,18.97278726434684,18.994153229322446,254534000
2012-08-17,19.502696990966797,19.505104377781247,19.222845505589913,19.25865417915437,442761200
2012-08-20,20.015460968017578,20.015460968017578,19.55656285861141,19.55987341755162,613384800
2012-08-21,19.741928100585938,20.308253883788968,19.56950260907659,20.186081394549102,812719600
2012-08-22,20.127405166625977,20.13131676955222,19.50270257307817,19.69258084298021,565322800
2012-08-23,19.93963623046875,20.158401570421407,19.895099556141776,20.04435438569626,420128800
2012-08-24,19.957387924194336,20.14576198701849,19.72658566357619,19.845748136142635,437340400
2012-08-27,20.33233070373535,20.48850555082959,20.267933890626548,20.4620242879111,427008400
2012-08-28,20.305850982666016,20.344970229595724,20.1815716004125,20.311266801503955,267416800
2012-08-29,20.265823364257812,20.39220797304142,20.239644234811006,20.319386923770516,202806800
2012-08-30,19.976945877075195,20.20805024712964,19.94625249114515,20.180667420653805,302699600
2012-08-31,20.01816749572754,20.11927453009465,19.777734151612346,20.078651081979256,338321200
2012-09-04,20.310958862304688,20.31607415757641,19.995899742970867,20.033815282193512,367892000
2012-09-05,20.168325424194336,20.35248569833961,20.149366850847635,20.32901447991725,336375200
2012-09-06,20.350078582763672,20.41086429843929,20.185477922953925,20.256794751013807,391196400
2012-09-07,20.475566864013672,20.536953638614087,20.33503843011246,20.4036457601943,329666400
2012-09-10,19.942943572998047,20.56132554581927,19.92368447369352,20.47586650679083,487998000
2012-09-11,19.878244400024414,20.16441491866981,19.75516873876795,20.014258562126695,503983200
2012-09-12,20.155086517333984,20.158397076589967,19.74012398527232,20.066617445954396,712233200
2012-09-13,20.55199432373047,20.627825406149118,20.304941459127907,20.383179928514366,598360000
2012-09-14,20.8017635345459,20.973285907907087,20.699751675707258,20.762043240533014,600474000
2012-09-17,21.05753517150879,21.058136214740845,20.901961398453956,21.044595064277445,398031200
2012-09-18,21.121631622314453,21.134269601926807,20.956428287091846,21.060545375742084,373503200
2012-09-19,21.12735366821289,21.184226194571146,21.05122203999029,21.071985357420807,326874800
2012-09-20,21.025035858154297,21.065961439029955,20.872169990783156,21.038877530504962,336568400
2012-09-21,21.066865921020508,21.216721771720497,21.044898912363827,21.136678549819607,571589200
2012-09-24,20.787015914916992,20.917313771276106,20.552602553463007,20.668756604673792,639766400
2012-09-25,20.267925262451172,20.84688886234041,20.251674599953482,20.710873131411375,518789600
2012-09-26,20.01636505126953,20.24235249298164,19.896599951418487,20.123490565076768,576503200
2012-09-27,20.502044677734375,20.527622766031254,19.871023147065674,19.9895845609952,594090000
2012-09-28,20.074142456054688,20.495726121740816,20.06360973462677,20.424709801951426,535110800
2012-10-01,19.842140197753906,20.364532142427944,19.755175315396887,20.1963187188926,543594800
2012-10-02,19.89990234375,20.05156446974244,19.579125344252322,19.914947704911587,627992400
2012-10-03,20.205041885375977,20.217380952171073,19.939634633329813,20.006739357619487,424281200
2012-10-04,20.065113067626953,20.289295781868944,20.027499650754784,20.199020367240564,370725600
2012-10-05,19.63751220703125,20.041040475621724,19.59809244367279,20.016968208699048,594006000
2012-10-08,19.20358657836914,19.486147581674324,19.14159717089069,19.465684793573242,637994000
2012-10-09,19.13377571105957,19.273400946104825,18.763648790250393,19.218032650911184,838597200
2012-10-10,19.286041259765625,19.408514278641128,19.168383015582755,19.250833621592648,510356000
2012-10-11,18.900562286376953,19.47531382510658,18.900562286376953,19.454249994388174,546081200
2012-10-12,18.949020385742188,19.11963959237039,18.81631673692782,18.944506131433748,460014800
2012-10-15,19.100971221923828,19.112104982812774,18.772671518806327,19.028450711838016,432502000
2012-10-16,19.553251266479492,19.56859875978455,18.987828721245453,19.11933022225833,549771600
2012-10-17,19.39737892150879,19.64352863272536,19.379022996266958,19.52556987657491,389037600
2012-10-18,19.037181854248047,19.320644456190298,18.95773968625297,19.246319191132457,476624400
2012-10-19,18.35109519958496,19.011003815932337,18.34447408052286,18.98933893581676,744086000
2012-10-22,19.079010009765625,19.11963346431702,18.37877691218721,18.428729394101165,546730800
2012-10-23,18.45701789855957,19.07510099902979,18.407067016926263,18.987834002876006,707145600
2012-10-24,18.56143569946289,18.85392686465966,18.37516850330606,18.70015940111039,558527200
2012-10-25,18.342058181762695,18.71700137361689,18.22199260003795,18.65681671492417,656325600
2012-10-26,18.175355911254883,18.47627286281496,17.784165159880747,18.338752887067017,1018432800
2012-10-31,17.91416358947754,18.113971923083888,17.68486556366509,17.900922958737155,510003200
2012-11-01,17.950876235961914,18.14526715294511,17.879559389707257,18.001429766679014,361298000
2012-11-02,17.35685920715332,17.963205602107898,17.295171938745337,17.931308535457863,599373600
2012-11-05,17.592185974121094,17.686974058258656,17.380941708147912,17.55908519474804,529135600
2012-11-06,17.53891944885254,17.77634280538397,17.455867798675616,17.76099691619224,374917200
2012-11-07,16.867834091186523,17.367822624201747,16.799817478922993,17.34666258202525,793648800
2012-11-08,16.255693435668945,16.995702386351223,16.181330590405153,16.947334733099016,1056146000
2012-11-09,16.537124633789062,16.77351585961142,16.133868253547416,16.336403740657243,929913600
2012-11-12,16.409257888793945,16.7620317994969,16.282899813335813,16.751450971499192,515802000
2012-11-13,16.411378860473633,16.640515035270006,16.213680055204993,16.290764814626243,532949200
2012-11-14,16.229394912719727,16.548916864283164,16.208234871394023,16.489969997042344,477170400
2012-11-15,15.889019012451172,16.30859883342868,15.798332866463456,16.249048161984234,789910800
2012-11-16,15.95128345489502,16.021414921296905,15.288359395858462,15.876315224299397,1266893600
2012-11-19,17.10150718688965,17.155011894615797,16.32008531492393,16.345174828615683,823317600
2012-11-20,16.95580291748047,17.289533342970053,16.764453592734057,17.288324151364538,642754000
2012-11-21,16.979684829711914,17.15108329991316,16.825515321853256,17.056769583641245,373002000
2012-11-23,17.275928497314453,17.29104419938676,17.006890633494532,17.14503714017289,272826400
2012-11-26,17.82095718383789,17.83516397139785,17.34273249845446,17.408934514076197,630579600
2012-11-27,17.677366256713867,17.847858986302136,17.535894115789976,17.821558674223176,533330000
2012-11-28,17.621742248535156,17.708196983447078,17.298894709079097,17.450342249452703,520864400
2012-11-29,17.815813064575195,17.96363304282466,17.69157311977059,17.84181148019864,514698800
2012-11-30,17.69248390197754,17.786799219720514,17.61388807292636,17.73812966794979,391319600
2012-12-03,17.719993591308594,17.973918975750664,17.699135440495166,17.945503781287265,364280000
2012-12-04,17.407428741455078,17.587291586764522,17.294977129944286,17.587291586764522,557068400
2012-12-05,16.28713607788086,17.207913689510622,16.286530674875056,17.197636368084066,1044638000
2012-12-06,16.542573928833008,16.72606271586133,15.677717724747643,15.98938083238382,1177212400
2012-12-07,16.119661331176758,16.78318924666646,16.021416566412608,16.728777258307066,787040800
2012-12-10,16.015975952148438,16.27866587215973,15.76688741476759,15.870270838018426,630484400
2012-12-11,16.365726470947266,16.61269852695959,16.24420517684205,16.316755034504084,592345600
2012-12-12,16.293481826782227,16.565543444837218,16.2109565285005,16.558590190412172,487144000
2012-12-13,16.012046813964844,16.252369148155687,15.89445497661237,16.056181489750372,625259600
2012-12-14,15.410486221313477,15.662596933252976,15.283222481361049,15.560422699612875,1009579200
2012-12-17,15.683762550354004,15.719131001534679,15.151731154357385,15.384494890105906,757607200
2012-12-18,16.13930892944336,16.169537091813567,15.726680952068701,15.870269566549089,625685200
2012-12-19,15.909876823425293,16.133270538939783,15.885391096356038,16.065859315922452,449369200
2012-12-20,15.77142333984375,16.027463532755636,15.6852704813739,16.021417576511475,481689600
2012-12-21,15.69887638092041,15.709153701231253,15.424092865660047,15.491504079436282,596268400
2012-12-24,15.724267959594727,15.847602262306564,15.680133277575559,15.729710128483694,175753200
2012-12-26,15.507528305053711,15.702808727605476,15.450697909846435,15.68890221592104,302436400
2012-12-27,15.569799423217773,15.605771661963706,15.255416069639649,15.52385014311784,455120400
2012-12-28,15.404446601867676,15.552268267201626,15.360010018294252,15.425608263538173,354278400
2012-12-31,16.08701515197754,16.184656140391766,15.386607626613625,15.432857176655634,659492400
2013-01-02,16.596681594848633,16.777149815122606,16.372987598557668,16.741479468863204,560518000
2013-01-03,16.387189865112305,16.616024073511063,16.353937911319303,16.561913973240145,352965200
2013-01-04,15.930730819702148,16.28229552832447,15.895362377116735,16.232114895638585,594333600
2013-01-07,15.837021827697754,16.00025782245139,15.574028350273256,15.779586043761624,484156400
2013-01-08,15.879643440246582,16.07855138369569,15.756914552764075,15.997537176678588,458707200
2013-01-09,15.631457328796387,15.870568768517526,15.597901878663691,15.794693252482567,407604400
2013-01-10,15.825235366821289,15.982727318209498,15.583703796130285,15.977588657762272,601146000
2013-01-11,15.728199005126953,15.87994850018283,15.689504877681403,15.74935904886981,350506800
2013-01-14,15.167448043823242,15.34126486925993,15.069505154093958,15.195559726075105,734207600
2013-01-15,14.688922882080078,15.08401693092202,14.612140027272854,15.06315878067057,876772400
2013-01-16,15.298645973205566,15.399914574006768,14.887833963074867,14.95252330171318,690804800
2013-01-17,15.195557594299316,15.439507487240176,15.175910254667462,15.42620638360609,453678400
2013-01-18,15.114544868469238,15.181652560019414,15.005719272344676,15.069804793028274,472922800
2013-01-22,15.258739471435547,15.352751277649995,15.01267467175849,15.252391620182214,461546400
2013-01-23,15.538058280944824,15.567682666980689,15.258741488029568,15.380866606855452,861509600
2013-01-24,13.618205070495605,14.07859372108782,13.610646414715566,13.905380714690555,1460852400
2013-01-25,13.297172546386719,13.791417790866062,13.149654435091817,13.65417861293019,1208026400
2013-01-28,13.597951889038086,13.700126132307702,13.175651917432388,13.235203378169768,785517600
2013-01-29,13.853086471557617,13.91142955525605,13.667177726258176,13.86003972597775,571158000
2013-01-30,13.809557914733887,13.983980157598848,13.739124527300298,13.81469657504839,417155200
2013-01-31,13.769048690795898,13.883616743528771,13.753632712221,13.814090664011905,319334400
2013-02-01,13.712518692016602,13.889661165385563,13.553212192307306,13.878476550476607,539484400
2013-02-04,13.370929718017578,13.782649615423681,13.361256188881589,13.721284375772806,477117200
2013-02-05,13.840085983276367,13.897521757790189,13.367907315646889,13.423226601969251,573347600
2013-02-06,13.825274467468262,14.101869298131293,13.68108042857041,13.798672259904654,593706400
2013-02-07,14.236352920532227,14.290473093244739,13.807637818397769,14.085238953932596,704580800
2013-02-08,14.441896438598633,14.558348456009655,14.237267924646394,14.41209940144473,633158400
2013-02-11,14.592401504516602,14.744733376455846,14.38929613083666,14.488111874565977,517490400
2013-02-12,14.226622581481934,14.666891123064335,14.221757628062267,14.579627238961248,609053200
2013-02-13,14.199562072753906,14.401149120105158,14.084326327149373,14.205643264694961,475207600
2013-02-14,14.186796188354492,14.340342672480945,14.108654880714468,14.123857052738197,355275200
2013-02-15,13.991289138793945,14.295342297358035,13.983991707102016,14.25551007675211,391745200
2013-02-19,13.98611831665039,14.069429846376172,13.799431380434092,14.019869342755532,435783600
2013-02-20,13.647407531738281,13.916189812768234,13.64588601536719,13.916189812768234,476302400
2013-02-21,13.56257152557373,13.657132843093931,13.464058651124837,13.560747167977928,447182400
2013-02-22,13.707000732421875,13.73102022945619,13.57899444787864,13.659569045809361,330654800
2013-02-25,13.463454246520996,13.838046822630695,13.456460468275177,13.799432463056604,372579200
2013-02-26,13.651055335998535,13.729196644341407,13.307171549491077,13.49446744176887,501499600
2013-02-27,13.517271995544434,13.756561695944843,13.398083843813904,13.63463578912143,587350400
2013-02-28,13.42088508605957,13.617606388081295,13.42088508605957,13.501458857753729,322515200
2013-03-01,13.088561058044434,13.322985851257766,13.073662536034602,13.317511963770556,552448400
2013-03-04,12.771736145019531,13.01953871756255,12.739810281654842,13.007376329250587,582755600
2013-03-05,13.108928680419922,13.232070009544527,12.793018384993255,12.815214335751872,638433600
2013-03-06,12.942306518554688,13.233893629158207,12.904907588127582,13.211393215400388,460250000
2013-03-07,13.091897964477539,13.135378079004585,12.802439735980082,12.907033797077437,468473600
2013-03-08,13.126562118530273,13.239365401112966,13.032001602087028,13.068184292594152,391482000
2013-03-11,13.313553810119629,13.348216607061829,12.926494435967868,13.066663080169455,474236000
2013-03-12,13.026531219482422,13.344266701558908,13.000382897454346,13.244537556689174,465911600
2013-03-13,13.024097442626953,13.211089672091965,12.933186443991811,13.027138851201304,405549200
2013-03-14,13.150280952453613,13.215347289230927,13.087949123066691,13.160313704182553,303875600
2013-03-15,13.489603042602539,13.5069340381577,13.294704444128987,13.315380502069948,643960800
2013-03-18,13.856290817260742,13.909194764804027,13.414805913577013,13.422406999471736,606197200
2013-03-19,13.81889533996582,14.015921174947062,13.636766402088611,13.971223988366985,526775200
2013-03-20,13.745613098144531,13.914363355602811,13.669904278031996,13.907978509157152,308660800
2013-03-21,13.765377044677734,13.925004706605204,13.685412198775042,13.689060914558235,383255600
2013-03-22,14.044500350952148,14.050276267331146,13.776934312924176,13.821629870509746,395105200
2013-03-25,14.0952787399292,14.288961135783621,14.04054961194136,14.1290281523461,501135600
2013-03-26,14.021088600158691,14.16399260265572,14.002541364018459,14.151830214397066,294294000
2013-03-27,13.745613098144531,13.88912599968764,13.704566264865433,13.878788783900998,331237200
2013-03-28,13.459198951721191,13.737711141339554,13.427577554865293,13.676900825225012,442839600
2013-04-01,13.041126251220703,13.490820399867696,13.005552484088224,13.436090465629801,389732000
2013-04-02,13.067882537841797,13.32176629569329,12.964808330260983,13.001295493925346,529519200
2013-04-03,13.134774208068848,13.295618136268805,13.083692990222339,13.115922506611675,363216000
2013-04-04,13.004942893981934,13.226293473510147,12.929842181456605,13.188591696336056,358447600
2013-04-05,12.867511749267578,12.920720975415351,12.760484365703556,12.90703788385852,383695200
2013-04-08,12.959030151367188,12.998252630053306,12.845923204302185,12.91767884908474,300829200
2013-04-09,12.982439994812012,13.028655431450186,12.853825622199434,12.963589111008472,306614000
2013-04-10,13.247272491455078,13.288928260218547,12.952949226673027,13.016496479730137,375928000
2013-04-11,13.20591926574707,13.31720183409776,13.110749826771105,13.187371223795768,328364400
2013-04-12,13.068187713623047,13.200450035505725,13.046599879902743,13.200450035505725,238613200
2013-04-15,12.765654563903809,13.010112878205096,12.756532772946342,12.983051970985478,317520000
2013-04-16,12.959940910339355,12.971189898429168,12.787542759200656,12.81794790932519,305771200
2013-04-17,12.247243881225586,12.788458784287723,12.104643534517502,12.778424408163437,945056000
2013-04-18,11.920389175415039,12.33815749648868,11.850152596495867,12.313833530290879,666299200
2013-04-19,11.874173164367676,12.149949252766756,11.709071571099173,11.796335496570029,609274400
2013-04-22,12.121671676635742,12.229003547884822,11.896673962434303,11.938328117389126,429920400
2013-04-23,12.348495483398438,12.416906891808582,12.125927824057532,12.283427514103328,664238400
2013-04-24,12.328120231628418,12.625787732751547,11.93406784960909,11.965690053739564,969651200
2013-04-25,12.416903495788574,12.585956597249426,12.374944077088388,12.503558464013633,384837600
2013-04-26,12.685079574584961,12.732815727943203,12.412952241970256,12.460384741593383,764097600
2013-04-29,13.077916145324707,13.184334597367236,12.770214245103531,12.783896524719472,640326400
2013-04-30,13.462843894958496,13.537945406391993,13.137203741382857,13.229331780343616,691538400
2013-05-01,13.356731414794922,13.528217007269722,13.207746237655607,13.513926608889182,506909200
2013-05-02,13.546156883239746,13.639499546981162,13.397474548456948,13.432440192134592,421828400
2013-05-03,13.681763648986816,13.780581006209855,13.656526291892732,13.722201552970471,361300800
2013-05-06,14.008012771606445,14.053315630081483,13.813417841539717,13.855984569094993,496641600
2013-05-07,13.945683479309082,14.161256534755621,13.794873111859216,14.137540689453326,483753200
2013-05-08,14.103180885314941,14.149701609832485,13.859027054570108,13.95723548833118,472598000
2013-05-09,13.980144500732422,14.170823059994902,13.94372312077557,14.073188850938141,398487600
2013-05-10,13.863835334777832,14.070123917200737,13.787625397954233,14.016868170125203,334852000
2013-05-13,13.918009757995605,14.01472695317241,13.818845619415393,13.819151283020227,316948800
2013-05-14,13.58501148223877,13.932089219480815,13.532673539362147,13.890770694206054,447118000
2013-05-15,13.12560749053955,13.49747751627889,12.92697190932825,13.441161855908973,741613600
2013-05-16,13.300984382629395,13.401067975620924,12.821074486486095,12.953906587722594,603204000
2013-05-17,13.260580062866211,13.469622879699132,13.191715861307271,13.437792188290208,427904400
2013-05-20,13.556549072265625,13.644389771688905,13.163866926227781,13.219264781892685,451578400
2013-05-21,13.456462860107422,13.634592802439975,13.289351517490989,13.410247181666001,456022000
2013-05-22,13.508190155029297,13.722436655396345,13.412391578718385,13.590828032507842,443038400
2013-05-23,13.532368659973145,13.655407252157712,13.338017277015945,13.342914432997306,353021200
2013-05-24,13.624497413635254,13.640106693178934,13.477892451395082,13.49288958630406,276166800
2013-05-28,13.510945320129395,13.806910275477161,13.492888281076192,13.769877571866283,386145200
2013-05-29,13.618374824523926,13.69642203297568,13.448508380419064,13.466872717919179,330576400
2013-05-30,13.821293830871582,13.910665289774022,13.604905253728385,13.639796671566767,353519600
2013-05-31,13.764673233032227,13.990243171877799,13.75763316254956,13.849451569613128,384302800
2013-06-03,13.794974327087402,13.845168546420496,13.5427764894551,13.795279990726039,372352400
2013-06-04,13.751821517944336,13.90852728999171,13.693057262067887,13.871492944760904,292728800
2013-06-05,13.623268127441406,13.794970956724994,13.5804188360115,13.639795209233842,290589600
2013-06-06,13.419734001159668,13.681113931545264,13.28475984257104,13.634286112201318,416934000
2013-06-07,13.522268295288086,13.566035399688502,13.245584711279623,13.359747613604027,404535600
2013-06-10,13.432899475097656,13.744779384782435,13.368932407569348,13.611641611981746,450153200
2013-06-11,13.393415451049805,13.551345475764004,13.262419786526051,13.33648845976733,286112400
2013-06-12,13.227832794189453,13.505128511264619,13.206714219137956,13.451567097387882,265227200
2013-06-13,13.343221664428711,13.379337376752456,13.122548859425095,13.237323923018332,285832400
2013-06-14,13.162335395812988,13.353320385465878,13.114894607675291,13.326080364988862,271866000
2013-06-17,13.222018241882324,13.33526252470761,13.171824026484177,13.20487901283591,259414400
2013-06-18,13.214982032775879,13.310780627725373,13.167236384426257,13.208554922563255,195025600
2013-06-19,12.946560859680176,13.211612900994897,12.946560859680176,13.203655022162422,310940000
2013-06-20,12.758028030395508,13.037770801938215,12.70691517401811,12.83332019371127,357310800
2013-06-21,12.655801773071289,12.854744717866456,12.490526787403708,12.808528200796282,481118400
2013-06-24,12.320347785949707,12.507659876961197,12.182924235223846,12.469095598891709,480746000
2013-06-25,12.323103904724121,12.481033079534448,12.206798916136359,12.417066030501113,314162800
2013-06-26,12.183539390563965,12.389215032445698,12.109777206541395,12.361975011687692,367724000
2013-06-27,12.052239418029785,12.285155138170827,12.044894499728287,12.219658114394026,337246000
2013-06-28,12.136404991149902,12.250872739080549,11.901958560437606,11.978169321808064,578516400
2013-07-01,12.52480411529541,12.618154943263077,12.279951990000438,12.324944210611779,391053600
2013-07-02,12.808524131774902,12.904629186370332,12.532454310174693,12.547451442198625,469865200
2013-07-03,12.879225730895996,12.945948666651285,12.776694383734753,12.881062164465842,240928800
2013-07-05,12.775776863098145,12.955437618446688,12.712421942665879,12.866679106742655,274024800
2013-07-08,12.703235626220703,12.885344912128915,12.568567123890103,12.858105711552517,298138400
2013-07-09,12.926671981811523,12.961869080840527,12.56031191137695,12.658864769397463,352584400
2013-07-10,12.877082824707031,13.001652192068955,12.801179355618507,12.842497885042983,281405600
2013-07-11,13.077860832214355,13.107243766407853,12.890549530424769,12.94502875301056,326292400
2013-07-12,13.053991317749023,13.154380583125425,12.959111353927597,13.088882743648004,279563200
2013-07-15,13.082452774047852,13.205491371052162,13.00165214903735,13.00808007515587,241917200
2013-07-16,13.166927337646484,13.182535796357413,12.982369450032959,13.054294385044754,216538000
2013-07-17,13.170294761657715,13.228754160568688,13.106327696076425,13.151625577839635,198990400
2013-07-18,13.214674949645996,13.30986057243586,13.179477861817201,13.264257026628057,218878800
2013-07-19,13.006243705749512,13.282620011737102,12.987879370009441,13.255686469934073,268721600
2013-07-22,13.047867774963379,13.153154180359456,13.022158522453818,13.144278493477241,207796400
2013-07-23,12.823830604553223,13.06776410379105,12.815260579950976,13.038381979580164,369395600
2013-07-24,13.482481002807617,13.607355219478116,13.321796739291507,13.434122401569375,591936800
2013-07-25,13.42095947265625,13.509718781387708,13.338628089149445,13.488294543391644,229493600
2013-07-26,13.497172355651855,13.498702308343075,13.293638793491986,13.32302091379222,200152400
2013-07-29,13.705294609069824,13.772628863384007,13.472991104772975,13.49135462082125,248057600
2013-07-30,13.874550819396973,13.99177363647106,13.749369306145883,13.77171217286255,309422400
2013-07-31,13.850370407104492,13.997587485751021,13.755490458765886,13.925663365453408,322957600
2013-08-01,13.977386474609375,13.981059341434973,13.872712221926832,13.948923799916832,206250800
2013-08-02,14.156742095947266,14.166230744811353,13.97677650767231,14.018095037557998,274783600
2013-08-05,14.368233680725098,14.40557368017932,14.14480664581885,14.222546550128204,318855600
2013-08-06,14.23968505859375,14.442912119114274,14.14541644469746,14.324465024555723,334857600
2013-08-07,14.231417655944824,14.293243416962987,14.133170532643275,14.195301957190162,298858000
2013-08-08,14.203076362609863,14.29827507988744,14.108800690673423,14.290880845015675,255777200
2013-08-09,14.00097370147705,14.186134005792455,13.976327891743718,14.130061868139594,266865200
2013-08-12,14.39871597290039,14.43845794245141,14.068138933389626,14.07522548894383,364434000
2013-08-13,15.082972526550293,15.239788242764249,14.419969209816353,14.50900772161933,881941200
2013-08-14,15.3580904006958,15.535239415954777,15.200967026444358,15.338989450366622,756372400
2013-08-15,15.339919090270996,15.478250900792508,15.067878924607346,15.294015253392297,490294000
2013-08-16,15.476094245910645,15.494887523042117,15.369188766280084,15.408930739300008,362306000
2013-08-19,15.642765045166016,15.82761601460136,15.527540665435742,15.538015010735798,510518400
2013-08-20,15.437275886535645,15.729958729491083,15.42957396625122,15.703463531383825,358688400
2013-08-21,15.47701644897461,15.624588569002189,15.441277637299741,15.51491067905996,335879600
2013-08-22,15.495501518249512,15.576528802777036,15.348852433193796,15.557735527305457,244207600
2013-08-23,15.435737609863281,15.50752129217065,15.384287262706605,15.505056545767046,222731600
2013-08-26,15.49581241607666,15.718559316613918,15.419714615458778,15.427416535560234,330965600
2013-08-27,15.052778244018555,15.481635686073723,14.982226968700276,15.342686908132228,424188800
2013-08-28,15.12394905090332,15.274912252969818,14.972987494194388,14.972987494194388,307608000
2013-08-29,15.148601531982422,15.296483028378974,15.131040624852307,15.147061476789524,239657600
2013-08-30,15.01056957244873,15.1871015785263,14.988386868345517,15.157833966852369,272297200
2013-09-03,15.052474975585938,15.422794004488225,15.014580740686203,15.191729830813202,331928800
2013-09-04,15.363944053649902,15.47331588271443,15.289695664704528,15.390748567772782,345032800
2013-09-05,15.258574485778809,15.425250769658033,15.208356552488143,15.412002357127106,236367600
2013-09-06,15.349470138549805,15.385207309076636,15.094683198843505,15.356249012517141,359525600
2013-09-09,15.59439468383789,15.648309755094813,15.511519676997683,15.558348193936258,340687200
2013-09-10,15.239171028137207,15.633829722212914,15.08081525960104,15.595318489114149,743195600
2013-09-11,14.409499168395996,14.593733153106957,14.320152958291912,14.387931820562686,898696400
2013-09-12,14.5629243850708,14.646414761105428,14.357121422597412,14.433836216413594,404051200
2013-09-13,14.322924613952637,14.536427854062847,14.316764395312424,14.459714703987721,298835600
2013-09-16,13.867571830749512,14.221562235168552,13.778227281955173,14.202770609014703,543706800
2013-09-17,14.027777671813965,14.163027696961635,13.786854566471298,13.801026029915743,399380800
2013-09-18,14.316144943237305,14.3675952648206,14.192293966053443,14.269931793819012,456862000
2013-09-19,14.55090618133545,14.65966100577929,14.456939827981525,14.501612923059662,404541200
2013-09-20,14.400254249572754,14.74346101230367,14.35681352130729,14.726517120944008,699302800
2013-09-23,15.11594295501709,15.309112914162498,14.868240897407793,15.284157770168235,762106800
2013-09-24,15.068490982055664,15.264740967520549,15.029056704951183,15.246564706028781,364344400
2013-09-25,14.835270881652832,15.085128269428065,14.832190772668563,15.071573815468442,316957200
2013-09-26,14.979759216308594,15.051850531579824,14.908283264540993,14.972981990983884,237221600
2013-09-27,14.872855186462402,14.93200742012956,14.810313517136866,14.90458754379613,228040400
2013-09-30,14.688010215759277,14.839279474341305,14.615917219098192,14.703414055332516,260156400
2013-10-01,15.033374786376953,15.069728968260037,14.738227203007353,14.740384267159818,353883600
2013-10-02,15.082666397094727,15.151677634132962,14.903669580792776,14.96158946173167,289184000
2013-10-03,14.893192291259766,15.16862185165153,14.810934286730287,15.11193270319254,322753200
2013-10-04,14.88148307800293,14.929851645307593,14.745000693476554,14.907053575144875,258868400
2013-10-07,15.026901245117188,15.177862788506918,14.95296052796851,14.990239391059312,312292400
2013-10-08,14.817097663879395,15.115940692491916,14.804773934694976,15.094373343740331,290917200
2013-10-09,14.991162300109863,15.028131835668962,14.73514304235334,14.931085365138598,301725200
2013-10-10,15.085127830505371,15.169542887578016,15.005025254956697,15.136887480936933,278602800
2013-10-11,15.1827974319458,15.21452980593899,14.947111418884171,15.003491255410703,267738800
2013-10-14,15.282301902770996,15.329747424420152,15.076192936186697,15.090981407146005,261898000
2013-10-15,15.36363697052002,15.465922250115742,15.26628282664074,15.327590483607832,320073600
2013-10-16,15.438504219055176,15.482252628550198,15.380584345760061,15.428645237156864,251101200
2013-10-17,15.542949676513672,15.551576288309557,15.394452829708003,15.403694805381754,253593200
2013-10-18,15.678196907043457,15.689595944941303,15.580225730284015,15.58885234051762,290542000
2013-10-21,16.062379837036133,16.15295676797596,15.75922271577067,15.766924634276199,398106800
2013-10-22,16.01647186279297,16.280810023063335,15.651697805056424,16.217960666695376,534063600
2013-10-23,16.173295974731445,16.195171010781458,15.989675655201886,15.989675655201886,313723200
2013-10-24,16.38741111755371,16.404664337223835,16.09596234652108,16.174523235286056,384764800
2013-10-25,16.2041015625,16.42807917397609,16.17791404889687,16.369234600182274,337792000
2013-10-28,16.32486915588379,16.359375594644067,16.119375514071496,16.29898932681358,550440800
2013-10-29,15.918190956115723,16.61354194777088,15.852261492738688,16.521732660848613,635807200
2013-10-30,16.17144012451172,16.25215806209386,15.928667657426953,16.008462549573412,354163600
2013-10-31,16.10365867614746,16.251232407451212,16.05960259215476,16.17451927404534,275696400
2013-11-01,16.02139663696289,16.168353322154502,15.892308526284033,16.144322886541357,274890000
2013-11-04,16.22843360900879,16.230590672181737,15.983813431196532,16.054364698773103,244627600
2013-11-05,16.188385009765625,16.294367414946286,16.112904239771016,16.161582137978982,265213200
2013-11-06,16.142520904541016,16.2646158390656,16.058231956926356,16.242613098916436,223375600
2013-11-07,15.88128662109375,16.212863530636792,15.877879051170918,16.10099627034839,262620400
2013-11-08,16.131362915039062,16.14902633875013,15.884384461228402,15.946051705144995,279316800
2013-11-11,16.08458137512207,16.165770621565372,15.940794752971005,16.113710404569836,227452400
2013-11-12,16.11432647705078,16.23549135587743,16.021051051435812,16.04181257472922,204276800
2013-11-13,16.133543014526367,16.18374470492772,16.019813860297425,16.052042637210324,197220800
2013-11-14,16.366878509521484,16.401584751473678,16.171960204974933,16.201089219547466,282419200
2013-11-15,16.268644332885742,16.39569588562785,16.253150564007644,16.31791590808749,317920400
2013-11-18,16.07155990600586,16.33682248904098,16.05823579143341,16.26864790505173,244944000
2013-11-19,16.10007095336914,16.21875669861218,16.051108842611065,16.083956568631898,208938800
2013-11-20,15.959071159362793,16.127030129407387,15.93830963800845,16.090152570193453,193916800
2013-11-21,16.149335861206055,16.15150551814869,15.917852828497958,16.039636616017194,262026800
2013-11-22,16.107820510864258,16.180953383372547,16.068465459761132,16.099143533028528,223725600
2013-11-25,16.22991180419922,16.295916730419023,16.14500388002834,16.14562283653628,229311600
2013-11-26,16.529258728027344,16.61416830050491,16.237968550430644,16.241685599114707,401382800
2013-11-27,16.918476104736328,16.919715672716862,16.529260033668592,16.619437363029427,363448400
2013-11-29,17.231779098510742,17.3018122410749,16.975813978235543,17.02756472540527,318127600
2013-12-02,17.081785202026367,17.487732932530136,17.06908004477609,17.29157669073696,472544800
2013-12-03,17.54940414428711,17.55126432404007,17.281664037139603,17.300876516456427,450968000
2013-12-04,17.508499145507812,17.638341009533338,17.378966759770407,17.523992919483124,377809600
2013-12-05,17.59836196899414,17.822718790081606,17.55219013423086,17.745557758359922,447580000
2013-12-06,17.35417366027832,17.5627272513489,17.340230589067534,17.53297761952871,344352400
2013-12-09,17.55280876159668,17.6504218339989,17.38144222929813,17.38144222929813,320493600
2013-12-10,17.52553939819336,17.597743816664867,17.390739281451253,17.464492746100518,278269600
2013-12-11,17.39569854736328,17.69349938212866,17.343949479307227,17.57047432625598,359718800
2013-12-12,17.37028694152832,17.51903178125917,17.35448369184998,17.41986965808116,262290000
2013-12-13,17.180950164794922,17.442803548664898,17.15740002573505,17.441873458843983,332822000
2013-12-16,17.276079177856445,17.4353611515259,17.198919808970885,17.199229287167945,282592800
2013-12-17,17.19830322265625,17.336201443656602,17.148411022707887,17.22371354003467,229902400
2013-12-18,17.067529678344727,17.08860233308485,16.6965976650825,17.034372477550072,565863200
2013-12-19,16.871999740600586,17.043675835728823,16.849378029837403,17.02818205738623,320308800
2013-12-20,17.013303756713867,17.093564557250644,16.8831524043289,16.9020554058286,436413600
2013-12-23,17.666229248046875,17.685751203315647,17.439083784958182,17.601462232156454,501306400
2013-12-24,17.591236114501953,17.721696913140047,17.540413830277963,17.660029650944782,167554800
2013-12-26,17.47440528869629,17.647941449933207,17.45829090923107,17.604556582142234,204008000
2013-12-27,17.356340408325195,17.490210419145697,17.338058024723587,17.47192803554409,225884400
2013-12-30,17.183738708496094,17.356344842949266,17.115564117882226,17.274846136468227,253629600
2013-12-31,17.385162353515625,17.393218717750205,17.167622314579113,17.172891719616686,223084400
2014-01-02,17.140666961669922,17.261522383238084,17.10627018405821,17.219688196148553,234684800
2014-01-03,16.7641544342041,17.158327131767653,16.747109960318376,17.13229785851057,392467600
2014-01-06,16.855567932128906,16.944504031481188,16.53545656017902,16.65476290012405,412610800
2014-01-07,16.735023498535156,16.91847457820977,16.669328056458426,16.867653950557305,317209200
2014-01-08,16.841007232666016,16.906082075551673,16.693192460224434,16.69690950956502,258529600
2014-01-09,16.62593650817871,16.946357226295838,16.58967957631235,16.944497047757505,279148800
2014-01-10,16.515005111694336,16.758574416910726,16.458296120272255,16.728515308430037,304976000
2014-01-13,16.601463317871094,16.811254805576336,16.420180236801833,16.421110326464518,378492800
2014-01-14,16.931798934936523,16.942334433460147,16.661268648781554,16.6786225974964,332561600
2014-01-15,17.271751403808594,17.359759109599313,17.095117035478772,17.152756141448894,391638800
2014-01-16,17.17537498474121,17.25594526631287,17.09573313813713,17.195517555134124,229278000
2014-01-17,16.754547119140625,17.107815722065546,16.730685849033947,17.08953333540523,426739600
2014-01-21,17.01485252380371,17.04584007062926,16.746801306956854,16.76446473823591,328526800
2014-01-22,17.090463638305664,17.269575423022378,16.975806080053488,17.071870118192457,379985200
2014-01-23,17.23517608642578,17.245092629009992,16.882837621290005,17.041808470924796,403239200
2014-01-24,16.921884536743164,17.21782351713646,16.880978795304163,17.167621843761427,429354800
2014-01-27,17.059165954589844,17.192417053652324,16.911971781981716,17.045841837662127,554878800
2014-01-28,15.695674896240234,15.959075705892179,15.558393951760921,15.76570802094676,1065523200
2014-01-29,15.517483711242676,15.722628041011234,15.451478795794904,15.616647478479718,502810000
2014-01-30,15.4874267578125,15.695670863434858,15.391983335613128,15.57295529137813,678501600
2014-01-31,15.512832641601562,15.54165217445804,15.294364231510952,15.344875369808445,464797200
2014-02-03,15.541651725769043,15.733781387610954,15.472548730496209,15.57512004988358,401464000
2014-02-04,15.766634941101074,15.78739812133953,15.579774593775731,15.675529164588482,376681200
2014-02-05,15.884387016296387,15.967745878098398,15.687919666935391,15.697526730660316,328344800
2014-02-06,15.976975440979004,16.00783880208191,15.830456886807987,15.90059952714818,257765200
2014-02-07,16.200490951538086,16.30180660868762,16.128791664859886,16.25348708987321,370280400
2014-02-10,16.490718841552734,16.58424123016659,16.148116967089013,16.168691426420555,345559200
2014-02-11,16.708005905151367,16.763805687757472,16.506619901344237,16.541224224099576,282256800
2014-02-12,16.70675277709961,16.820226955522767,16.623207958480336,16.738863116006964,308100800
2014-02-13,16.972049713134766,16.985142251066716,16.653138863887747,16.66747838947369,307398000
2014-02-14,16.95832633972168,17.020364374003613,16.871664884699875,16.910942487275605,272924400
2014-02-18,17.020679473876953,17.1827828638778,17.008832259489676,17.02099080455295,260251600
2014-02-19,16.75196075439453,17.048737160109056,16.65781568269876,16.98202415225871,313768000
2014-02-20,16.558063507080078,16.740431764671914,16.49103914759047,16.615423292898935,305858000
2014-02-21,16.374130249023438,16.664671688605665,16.35386711755956,16.609181575082456,278784800
2014-02-24,16.445831298828125,16.519714902846104,16.28591053927269,16.30866764827539,288909600
2014-02-25,16.274688720703125,16.508804430380426,16.241644377357,16.502882487147748,231952000
2014-02-26,16.12786102294922,16.366342054743203,16.073306549433408,16.32301047264494,276217200
2014-02-27,16.449575424194336,16.484178086903313,16.0873329611353,16.121312962380976,301882000
2014-02-28,16.404993057250977,16.607935695757675,16.276555008814693,16.493525840566978,371968800
2014-03-03,16.452381134033203,16.542473923475008,16.29806930391544,16.317085452065722,238781200
2014-03-04,16.560863494873047,16.604508062901317,16.452690229068402,16.553383233795383,259140000
2014-03-05,16.595781326293945,16.67028593510728,16.495088308358277,16.550891429589203,200062800
2014-03-06,16.545589447021484,16.660621985269117,16.462978590104132,16.609184157068423,185488800
2014-03-07,16.53592300415039,16.583931189571565,16.399069042095807,16.556186134430632,220729600
2014-03-10,16.550893783569336,16.626022729413908,16.470463890076644,16.47108821651133,178584000
2014-03-11,16.712059020996094,16.794669882225865,16.60295008505183,16.692108880929258,279224400
2014-03-12,16.7282657623291,16.751334198698288,16.584554198574175,16.66280141573031,199326400
2014-03-13,16.54247283935547,16.823349753371236,16.49602296204651,16.75414443079135,257742800
2014-03-14,16.356678009033203,16.549956130945258,16.30399318865017,16.484490101332312,237199200
2014-03-17,16.420583724975586,16.521275078196943,16.39283866212119,16.4505114327386,199544800
2014-03-18,16.565853118896484,16.583622278599712,16.37257500700036,16.394396460783764,209647200
2014-03-19,16.561491012573242,16.716736843729212,16.491037028757415,16.59266571002944,224756000
2014-03-20,16.4816837310791,16.605445185970144,16.439599142560116,16.518780368525896,208398400
2014-03-21,16.611671447753906,16.639105167070532,16.4077948607849,16.582368080009523,374046400
2014-03-24,16.80869483947754,16.849532429640313,16.67994546689579,16.78469074738382,355700800
2014-03-25,16.98950958251953,17.01320235311521,16.821169542238373,16.8807136319267,282293200
2014-03-26,16.827098846435547,17.11452383363495,16.798419779299135,17.03721222092083,299768000
2014-03-27,16.7547664642334,16.880710556956114,16.681820181150623,16.834572012095382,222031600
2014-03-28,16.736059188842773,16.800900874786905,16.654695334533695,16.7815734007292,200564000
2014-03-31,16.732322692871094,16.859200780311408,16.707069942798338,16.8099455976306,168669200
2014-04-01,16.885377883911133,16.89223714559155,16.73324878310777,16.764110466061627,200760000
2014-04-02,16.913440704345703,16.9424327500739,16.842052744728193,16.908141423218286,180420800
2014-04-03,16.796234130859375,16.91188936595044,16.760384470912122,16.87728669412841,162344000
2014-04-04,16.578947067260742,16.83395026369861,16.54029210754426,16.828028319874356,275251200
2014-04-07,16.318639755249023,16.550263108801797,16.269386245491503,16.460481672191,289850400
2014-04-08,16.31771469116211,16.401261235880852,16.169949086433082,16.37226917638278,243888400
2014-04-09,16.532188415527344,16.537487698129297,16.273444241383523,16.292771722290233,206169600
2014-04-10,16.318954467773438,16.592038104030046,16.309289897254747,16.54340558561118,239652000
2014-04-11,16.19831085205078,16.29869085777593,16.121310615459663,16.17929304226526,271717600
2014-04-14,16.26284408569336,16.277806274850164,16.12349610858916,16.26970168635397,205674000
2014-04-15,16.146873474121094,16.26159300814848,15.940189849584831,16.218885762235633,266490000
2014-04-16,16.17960548400879,16.24444717291395,16.027787660567377,16.14967778226644,214765600
2014-04-17,16.364465713500977,16.452377503498095,16.185527161931017,16.210466912975573,284334400
2014-04-21,16.55868148803711,16.588918855779326,16.33391572259067,16.376935961686527,182548800
2014-04-22,16.575204849243164,16.579257142954056,16.413099781847034,16.46952389283958,202563200
2014-04-23,16.358551025390625,16.557441465993115,16.349197782166325,16.492911080202095,394940000
2014-04-24,17.69965934753418,17.769177699159403,17.48019439328597,17.713376219338,759911600
2014-04-25,17.829648971557617,17.831205625304875,17.58088071891328,17.59864821494613,390275200
2014-04-28,18.520153045654297,18.571902211910643,17.84866420198284,17.856459125137366,669485600
2014-04-29,18.46528434753418,18.57906990659444,18.377374202314208,18.509240252579303,337377600
2014-04-30,18.39545440673828,18.68662023514853,18.3864141612768,18.474948631470298,456640800
2014-05-01,18.438791275024414,18.54228795451057,18.27918013270417,18.45500045497257,244048000
2014-05-02,18.47307777404785,18.523581614352533,18.38360930943162,18.46559751182636,191514400
2014-05-05,18.73431396484375,18.735562617433608,18.3926476539863,18.397012943440444,287067200
2014-05-06,18.530128479003906,18.84186712681431,18.530128479003906,18.760503248167925,374564400
2014-05-07,18.46528434753418,18.619907509611327,18.32188407599219,18.55631279478239,282864400
2014-05-08,18.432376861572266,18.633632162368826,18.382533478088792,18.44052672019102,230297200
2014-05-09,18.355566024780273,18.377822428129697,18.192240788947846,18.32421720932082,291597600
2014-05-12,18.584095001220703,18.61011326459921,18.413873848848922,18.416696498102908,213208800
2014-05-13,18.613243103027344,18.637694338518624,18.517319926806305,18.558070869845896,159737200
2014-05-14,18.6166934967041,18.727352716349312,18.549922616237073,18.57155287914693,166404000
2014-05-15,18.458389282226562,18.70227723982366,18.433938039952864,18.64271699366624,230846000
2014-05-16,18.73080062866211,18.73142676782233,18.35117446482239,18.452428198539515,276256400
2014-05-19,18.952749252319336,19.038642504964137,18.725161012229925,18.741462398079307,317755200
2014-05-20,18.956512451171875,19.009489866217308,18.831746654216815,18.950242686940264,234836000
2014-05-21,19.006668090820312,19.018892874930373,18.8734393733875,18.928924691790073,196859600
2014-05-22,19.036752700805664,19.11763178243934,18.937380753601182,19.01575025660996,200760000
2014-05-23,19.25180435180664,19.270613638189076,19.011678321914996,19.036129557127765,232209600
2014-05-27,19.612316131591797,19.619525105349165,19.298834594162177,19.306671381472498,348866000
2014-05-28,19.561525344848633,19.743971250772603,19.554314699328803,19.624534366159136,315481600
2014-05-29,19.917957305908203,19.96466662978836,19.679398223579202,19.681906129212624,376474000
2014-05-30,19.843341827392578,20.193499224480576,19.714814225436868,19.99945470630735,564020800
2014-06-02,19.706981658935547,19.900713149025403,19.514191051832178,19.873440935769352,369350800
2014-06-03,19.985668182373047,20.023286765177563,19.69444476904734,19.701027602495824,292709200
2014-06-04,20.213878631591797,20.31011823159248,19.940836749297087,19.982530251922416,335482000
2014-06-05,20.293195724487305,20.356519510349376,20.144606487748668,20.257145833387263,303805600
2014-06-06,20.237390518188477,20.415763184431352,20.202909332631915,20.37312879564793,349938400
2014-06-09,20.561222076416016,20.60072075698253,20.133321098753356,20.341785334195272,301660000
2014-06-10,20.68190574645996,20.857455748723467,20.53268874678665,20.787236082651845,251108000
2014-06-11,20.596323013305664,20.793816322691235,20.5107428582667,20.65557016903699,182724000
2014-06-12,20.251815795898438,20.65338540930215,20.166235606047728,20.635830069289344,218996000
2014-06-13,20.030176162719727,20.284723467848753,19.94240117218666,20.232057469027694,218100000
2014-06-16,20.23206329345703,20.352754149455706,20.067485766642026,20.08065310722227,142244000
2014-06-17,20.20572853088379,20.341778191822645,20.144286532502512,20.256198026338883,118904000
2014-06-18,20.227672576904297,20.251810744859217,20.0455397365786,20.247421073866168,134056000
2014-06-19,20.15745735168457,20.2540100447866,20.043349319078658,20.251815208806285,142112000
2014-06-20,19.94898796081543,20.30886395643677,19.94679312540451,20.155257286881536,403592000
2014-06-23,19.931434631347656,20.1047898145373,19.88096345683156,20.03895813893701,174776000
2014-06-24,19.810745239257812,20.13112262409524,19.79099673962861,19.913880757328123,156144000
2014-06-25,19.828296661376953,19.902904321911926,19.67249683422847,19.795380827659645,147476000
2014-06-26,19.946792602539062,19.979708436164422,19.70541261290115,19.83049144134245,130516000
2014-06-27,20.18378257751465,20.188170573613824,19.91826277387586,19.929235275376815,256116000
2014-06-30,20.392250061035156,20.56780006886323,20.20792238539878,20.210117220893096,197929200
2014-07-01,20.52171516418457,20.6424059936623,20.43613500297993,20.52171516418457,152892000
2014-07-02,20.512941360473633,20.640213361124317,20.427359515966693,20.59852153081159,113860000
2014-07-03,20.63363265991211,20.64899316196528,20.451499796875133,20.55463531387605,91567200
2014-07-07,21.059345245361328,21.063733243743396,20.648997918601584,20.65777558953527,225872000
2014-07-08,20.923288345336914,21.24147255472823,20.609493807340844,21.125169701121614,260888000
2014-07-09,20.932071685791016,21.054955731449418,20.793827134425317,20.943044193083185,145744000
2014-07-10,20.855266571044922,20.967179769702636,20.521721811091947,20.574387830559903,158744000
2014-07-11,20.89476203918457,21.04178422073604,20.815764696285758,20.925483042070873,136072000
2014-07-14,21.1646671295166,21.26121980451083,20.98911878990865,21.035200291837075,171240000
2014-07-15,20.91670799255371,21.252445904827898,20.853071143129885,21.241475073377153,181911600
2014-07-16,20.7982120513916,21.307305174767517,20.78943438169227,21.27877900387168,213585200
2014-07-17,20.427358627319336,20.90792546613337,20.31325229655567,20.85306629911511,229192000
2014-07-18,20.721406936645508,20.78943177557623,20.412000396665572,20.54366375148118,199952000
2014-07-21,20.613882064819336,20.846484407740043,20.565605727797532,20.844289572192963,156316000
2014-07-22,20.785045623779297,20.82234946301019,20.653383931443095,20.776267954400982,220788000
2014-07-23,21.327049255371094,21.478459410449506,20.883786270160172,20.938645434476555,371672000
2014-07-24,21.29193878173828,21.355575613828748,21.158082285646067,21.294133617098325,182916000
2014-07-25,21.4323787689209,21.469682600344715,21.20635927078154,21.252440769746652,173876000
2014-07-28,21.728620529174805,21.776896869335115,21.406049997881016,21.46529716815197,221272000
2014-07-29,21.588176727294922,21.820780711529586,21.559650565888134,21.79664254642817,172572000
2014-07-30,21.537717819213867,21.658407029856377,21.432387440271537,21.60135467900846,132040000
2014-07-31,20.978151321411133,21.384108942268185,20.918904140188076,21.32047376302355,227372000
2014-08-01,21.09444236755371,21.201967520270458,20.80478608665053,20.824536253663883,194044000
2014-08-04,20.975954055786133,21.193197601503833,20.883791040483043,21.147116093852286,159832000
2014-08-05,20.872819900512695,20.995703919097043,20.706047536598803,20.92548424073896,223732000
2014-08-06,20.83771324157715,20.951821287263808,20.78285405496574,20.791631725723906,154232000
2014-08-07,20.83550453186035,21.15967956409238,20.751702741252267,20.9347415462686,186844000
2014-08-08,20.892839431762695,20.910482090071344,20.57086848886411,20.786986846903805,167460000
2014-08-11,21.168500900268555,21.188349312654267,20.914893140318117,21.00972033116927,146340000
2014-08-12,21.164094924926758,21.364774743335772,21.084704625941658,21.179531834035142,135180000
2014-08-13,21.44416046142578,21.44416046142578,21.179527309670906,21.203785544873032,127664000
2014-08-14,21.501502990722656,21.51693989992894,21.347133898659823,21.464013594435528,112464000
2014-08-15,21.60734748840332,21.65365819502697,21.360355370581033,21.589704833738267,195804000
2014-08-18,21.86757469177246,21.913885406731264,21.607351377363635,21.719819535479385,190288000
2014-08-19,22.16969108581543,22.202770639496087,21.902852269117833,21.922700674324627,277596000
2014-08-20,22.17852020263672,22.29319412218079,22.041792117894886,22.149852143374847,210796000
2014-08-21,22.180727005004883,22.260117292482267,22.077078480659598,22.17852125188144,133912000
2014-08-22,22.343914031982422,22.37699359385569,22.09471780653043,22.116770286947137,176736000
2014-08-25,22.392431259155273,22.531363404747378,22.335093462126714,22.4475633033183,161080000
2014-08-26,22.249086380004883,22.383608694938708,22.24247080426984,22.365966037981007,132608000
2014-08-27,22.52254295349121,22.619575893398412,22.207187581289347,22.277756533268256,209476000
2014-08-28,22.54900550842285,22.66588516997613,22.396840531874247,22.403456107811763,273840000
2014-08-29,22.6041316986084,22.6923432807607,22.537972591370174,22.683521954295873,178380000
2014-09-02,22.780567169189453,22.877598447727806,22.65266039009697,22.727639181808282,214256000
2014-09-03,21.819061279296875,22.75851022714956,21.739670990394295,22.736457743009222,501684000
2014-09-04,21.638229370117188,22.072668546566163,21.565454654330008,21.79921402716507,342872000
2014-09-05,21.825674057006836,21.918295488014987,21.680124651854186,21.788184670526842,233828000
2014-09-08,21.691152572631836,21.900653676942394,21.622789373171944,21.89844960647349,185426800
2014-09-09,21.609556198120117,22.73204552537391,21.20157939574754,21.849932792677954,759385200
2014-09-10,22.27334213256836,22.29760036255996,21.55883143030569,21.6139634652873,403478400
2014-09-11,22.36817741394043,22.37038316723875,21.969021874281438,22.143239369919062,249412400
2014-09-12,22.418893814086914,22.535773471047627,22.290987075999343,22.31965513143427,250504400
2014-09-15,22.412282943725586,22.725434302519442,22.370383724993655,22.672506317020943,245266000
2014-09-16,22.242473602294922,22.330685215683772,21.80803279441453,22.008714256936575,267632400
2014-09-17,22.40125274658203,22.449769214988123,22.18292863875461,22.332887867238682,243706000
2014-09-18,22.44756317138672,22.571058411187213,22.3968409507564,22.47843698133684,149197600
2014-09-19,22.264522552490234,22.57105655644641,22.163079802061947,22.557825405411165,283609600
2014-09-22,22.286575317382812,22.524746134047994,22.1807227427514,22.44976736722544,211153600
2014-09-23,22.63501739501953,22.70117653702535,22.17190844846941,22.185139603871825,253608800
2014-09-24,22.438735961914062,22.68131655473285,22.31744482425666,22.52915329771249,240687200
2014-09-25,21.583091735839844,22.209390905860896,21.55001217517054,22.165285946632725,400368000
2014-09-26,22.218217849731445,22.218217849731445,21.699976876584458,21.728644939078823,249482000
2014-09-29,22.07707405090332,22.149848746904816,21.750691636485175,21.7551031418469,199065200
2014-09-30,22.218217849731445,22.39243534295898,22.16970137282039,22.231449004344725,221056400
2014-10-01,21.87198829650879,22.20498637021027,21.766134013661116,22.182932202848477,205965200
2014-10-02,22.030765533447266,22.101334483795288,21.620582983769236,21.891831703155244,191031200
2014-10-03,21.969017028808594,22.09912784226667,21.84111028566591,21.929321890677983,173878400
2014-10-06,21.969017028808594,22.196160776029597,21.924910385054346,22.04179004663436,148204800
2014-10-07,21.77716064453125,22.079284896640274,21.772750820648632,21.92711989399093,168376800
2014-10-08,22.229238510131836,22.297601699208336,21.680122197400564,21.77936087581411,229618800
2014-10-09,22.277753829956055,22.577672260096705,22.18733815987489,22.39242941456671,309506000
2014-10-10,22.213796615600586,22.50048214077884,22.11896946375414,22.204975289557208,265326400
2014-10-13,22.01091766357422,22.44535845835113,22.01091766357422,22.3461214478422,214333600
2014-10-14,21.77716064453125,22.16749483426632,21.737465499600845,22.138826772787528,254754400
2014-10-15,21.510324478149414,21.865375074967357,20.989877703279518,21.60515168753241,403734400
2014-10-16,21.228044509887695,21.55001547250744,21.040595880742195,21.071469693425144,288618000
2014-10-17,21.538984298706055,21.832287145981482,21.3493299525352,21.501494916496913,272718800
2014-10-20,21.999889373779297,22.043994332101303,21.66027581071166,21.68232828987266,310069200
2014-10-21,22.597522735595703,22.718812224356014,22.332887911716284,22.718812224356014,378495600
2014-10-22,22.712200164794922,22.95919236882564,22.626194296404094,22.679120596376126,273052400
2014-10-23,23.117963790893555,23.16648024768389,22.85332903089974,22.952567696833448,284298800
2014-10-24,23.203977584838867,23.263519458826813,23.051812587707843,23.19515625489683,188215600
2014-10-27,23.179716110229492,23.261312138923,23.08929875282617,23.122378314863884,136750800
2014-10-28,23.53917694091797,23.53917694091797,23.232642912104684,23.24366999385913,192243600
2014-10-29,23.671491622924805,23.678108880947963,23.455374970731906,23.519328338318548,210751600
2014-10-30,23.592105865478516,23.673700216763716,23.353935022950665,23.587694359600302,162619200
2014-10-31,23.817039489746094,23.82586081738258,23.642822054541924,23.81924524227927,178557200
2014-11-03,24.125783920288086,24.32425962447853,23.819249875898173,23.865560593126517,209130400
2014-11-04,23.949356079101562,24.145625992475022,23.755291918264945,24.11695793948095,166297600
2014-11-05,24.00669288635254,24.103725804052896,23.845706607667505,24.05961916759994,149743600
2014-11-06,24.075355529785156,24.095290006071416,23.876020905674586,24.053207425971983,139874000
2014-11-07,24.144020080566406,24.212679718516515,24.042137437552874,24.086433651109285,134766000
2014-11-10,24.10414695739746,24.214889154180735,24.06870864332674,24.14622784311667,108782000
2014-11-11,24.296842575073242,24.30791747307352,24.00891381478003,24.075358133405146,109769200
2014-11-12,24.640146255493164,24.680013526015095,24.22375607765816,24.225969705614915,187769600
2014-11-13,24.98787498474121,25.127409576584157,24.717663691826626,24.76196159464422,238091600
2014-11-14,25.28908920288086,25.291304520052655,24.631280255584667,25.060960538150802,176254400
2014-11-17,25.247011184692383,25.975695204945072,25.09418806807948,25.30902655836628,186986800
2014-11-18,25.574806213378906,25.623533056080113,25.224860424699358,25.235935321601275,176896000
2014-11-19,25.397619247436523,25.634607520550304,25.204928874311175,25.56816320525581,167476800
2014-11-20,25.76085662841797,25.88267375556895,25.43748952428082,25.45077974074694,173582000
2014-11-21,25.796289443969727,26.0399219564532,25.698835763059563,26.026633432617064,228717200
2014-11-24,26.274700164794922,26.305707853165757,25.829517628988384,25.880458107115206,189803200
2014-11-25,26.04656982421875,26.522761708509506,26.01334682023713,26.372152221612712,275361600
2014-11-26,26.356645584106445,26.37879368781536,26.097509222148922,26.12187264316633,163073200
2014-11-28,26.341144561767578,26.445242519112067,26.146238862559972,26.41644846039591,99257600
2014-12-01,25.486215591430664,26.412020659932352,24.644574005595583,26.314566961208307,335256000
2014-12-02,25.38875961303711,25.63682278306449,24.972369492790676,25.13848281535913,237395600
2014-12-03,25.676687240600586,25.76971028551774,25.49507009537533,25.636819979951536,172253600
2014-12-04,25.579233169555664,25.957971295025615,25.53493696497593,25.641248531884045,168178000
2014-12-05,25.470712661743164,25.709916281855776,25.390978121705626,25.689981801950236,153275600
2014-12-08,24.89484977722168,25.393189734858176,24.722092195607758,25.27137262485243,230659600
2014-12-09,25.275802612304688,25.315669875486243,24.219320982889517,24.40536877433411,240832000
2014-12-10,24.795175552368164,25.437480589406686,24.704367835672656,25.340028611708053,178261200
2014-12-11,24.722091674804688,25.20492778006816,24.66007461751328,24.86384156902956,165606800
2014-12-12,24.303491592407227,24.7774682221618,24.27026858400917,24.465174308929424,224112400
2014-12-15,23.97126007080078,24.717661501880983,23.554868270168107,24.518325181343222,268872400
2014-12-16,23.643463134765625,24.398725859585284,23.53493623614128,23.559299658863985,243162800
2014-12-17,24.23261833190918,24.327855038325012,23.658972636665617,23.725418658129122,213647200
2014-12-18,24.95022201538086,24.95022201538086,24.509468461553546,24.777464425930564,236024800
2014-12-19,24.757522583007812,25.080889560103337,24.73094554010154,24.86383582400781,353719200
2014-12-22,25.01445198059082,25.13626740280483,24.799611813848475,24.841694396140053,180670000
2014-12-23,24.92585563659668,25.10082852279733,24.90813647829465,25.07868041981577,104113600
2014-12-24,24.8084659576416,24.963504348229243,24.8084659576416,24.934711987060602,57918400
2014-12-26,25.247011184692383,25.36439766911686,24.808472933831425,24.828405722601378,134884000
2014-12-29,25.22928810119629,25.419763125197967,25.18277489149561,25.202709365623306,110395600
2014-12-30,24.921428680419922,25.231507237303884,24.8306209378551,25.16949186388553,119526000
2014-12-31,24.447452545166016,25.05653477176595,24.40980059488997,24.987875134228194,165613600
2015-01-02,24.214889526367188,24.682221739158916,23.7763496768566,24.671146843393636,212818400
2015-01-05,23.53272247314453,24.064285483437537,23.346676348927705,23.984550947403974,257142000
2015-01-06,23.534942626953125,23.79407907741607,23.173921823005994,23.596958014435618,263188400
2015-01-07,23.86494255065918,23.964609848271913,23.63238326984046,23.743125462650944,160423600
2015-01-08,24.781898498535156,24.839484936863993,24.07536246185409,24.192750656468547,237458000
2015-01-09,24.8084659576416,25.083106116593303,24.409793396428064,24.954644770225418,214798000
2015-01-12,24.197174072265625,24.945790840272345,24.097506754292127,24.93914657771306,198603200
2015-01-13,24.412015914916992,24.983446191297645,24.121871831314078,24.680011891872518,268367600
2015-01-14,24.318992614746094,24.471815731969652,24.031062161775676,24.1506639642499,195826400
2015-01-15,23.658966064453125,24.376575123869163,23.62352943536436,24.36328659918488,240056000
2015-01-16,23.47513198852539,23.827293076803485,23.300159102999938,23.705475976187053,314053200
2015-01-20,24.079790115356445,24.135161228870494,23.58809435698492,23.884882714319932,199599600
2015-01-21,24.26361846923828,24.59805872103091,23.98011699709323,24.13072646769229,194303600
2015-01-22,24.89484977722168,24.91035361942313,24.30127144897852,24.42087324158633,215185600
2015-01-23,25.0233097076416,25.193851962029953,24.702156295129555,24.872700239309875,185859200
2015-01-26,25.049882888793945,25.328953679050635,24.983438589070154,25.19163275595474,222460000
2015-01-27,24.172805786132812,24.912564515082877,24.14844236845593,24.899274302846184,382274800
2015-01-28,25.539365768432617,26.16173808502866,25.539365768432617,26.053209511761636,585908400
2015-01-29,26.334495544433594,26.398726223321972,25.59473676843629,25.763065385875084,337745600
2015-01-30,25.94911766052246,26.578132655604872,25.88045633543681,26.223757891488575,334982000
2015-02-02,26.274700164794922,26.39430197270769,25.709915821075615,26.146240465741013,250956400
2015-02-03,26.279132843017578,26.376584861276278,26.048788790219216,26.245909834382662,207662800
2015-02-04,26.480680465698242,26.691091708380142,26.203824901479106,26.24590748797394,280598800
2015-02-05,26.669687271118164,26.73417145961258,26.516259315856928,26.68747466730253,168984800
2015-02-06,26.445098876953125,26.738612055777654,26.338366040807443,26.687468849685565,174826400
2015-02-09,26.620759963989258,26.647441898327116,26.333917294632176,26.360600925430763,155559200
2015-02-10,27.13218879699707,27.161096493457006,26.718603465831738,26.720825829820146,248034000
2015-02-11,27.768142700195312,27.77703724820085,27.238929817327683,27.29896589578809,294247200
2015-02-12,28.11946678161621,28.346273490964776,27.921567774388155,28.030523007292487,297898000
2015-02-13,28.25732421875,28.301795249028654,27.939351432520557,28.301795249028654,217088800
2015-02-17,28.42409324645996,28.657570397556903,28.221746155981133,28.3484904589152,252609600
2015-02-18,28.62198829650879,28.635329264529332,28.339592032694533,28.379616633216994,179566800
2015-02-19,28.561954498291016,28.690922861865086,28.535272558559186,28.568624983223973,149449600
2015-02-20,28.795425415039062,28.795425415039062,28.473006272373873,28.599748851580394,195793600
2015-02-23,29.573694229125977,29.573694229125977,28.831017308650956,28.91106654152942,283896400
2015-02-24,29.389131546020508,29.707106062803202,29.16677297786456,29.56034859351888,276912400
2015-02-25,28.63755226135254,29.262382551809083,28.495242944451096,29.25348631098426,298846800
2015-02-26,29.000003814697266,29.100064490965032,28.152818219815735,28.637558265830563,365150000
2015-02-27,28.564176559448242,29.0333531655874,28.515257414321187,28.906607182415925,248059200
2015-03-02,28.704269409179688,28.968876672675908,28.528607616942548,28.73984759768332,192386800
2015-03-03,28.764299392700195,28.799877571574093,28.4819031113867,28.675357338437337,151265200
2015-03-04,28.581966400146484,28.808773070180983,28.53305064084708,28.706490037661048,126665200
2015-03-05,28.10834312438965,28.628661280150922,27.963809737857854,28.590860736485048,226068400
2015-03-06,28.15059471130371,28.766527205699226,28.07499361156718,28.55083912068661,291368400
2015-03-09,28.27066421508789,28.81099722348831,27.808158051686863,28.452998147289698,354114000
2015-03-10,27.68585968017578,28.288451063187917,27.52798533523556,28.108341205636272,275426400
2015-03-11,27.18110466003418,27.74367143696153,27.152198663532047,27.73922501306153,275756000
2015-03-12,27.672521591186523,27.77258395917488,27.045470531678525,27.19667441748349,193450800
2015-03-13,27.481287002563477,27.88375705290027,27.25670613246225,27.661398546412165,207309200
2015-03-16,27.783706665039062,27.783706665039062,27.321202061794885,27.545783028554364,143497200
2015-03-17,28.248428344726562,28.310688462772674,27.93935011838267,27.99493975184684,204092400
2015-03-18,28.5664005279541,28.71982845602437,28.09944795575962,28.23953321847968,261083600
2015-03-19,28.3507137298584,28.7398411732094,28.328478215244832,28.62866190368054,183238000
2015-03-20,27.994945526123047,28.550840278963356,27.830400652138934,28.517487849174326,274780400
2015-03-23,28.286226272583008,28.428535585374448,28.13279835554253,28.266214820687726,150838800
2015-03-24,28.170610427856445,28.470792489858958,28.141702725300167,28.2906842705343,131369200
2015-03-25,27.434595108032227,28.199509002111668,27.434595108032227,28.13724888449329,206620800
2015-03-26,27.625825881958008,27.76813521878184,27.261157994289306,27.29673617672582,190291600
2015-03-27,27.40569496154785,27.72811422368741,27.330093858713987,27.699208219038226,158184800
2015-03-30,28.09944725036621,28.106117734643387,27.572456938477448,27.58357554324668,188398800
2015-03-31,27.668067932128906,28.12612589444831,27.65250290515089,28.037182156090765,168362400
2015-04-01,27.62804412841797,27.82149663766878,27.372331509466417,27.75478840786898,162485600
2015-04-02,27.8659725189209,27.91933809418971,27.614707976255076,27.801488337926436,128880400
2015-04-06,28.317358016967773,28.352936195517167,27.645836013226795,27.676966071227053,148776000
2015-04-07,28.019399642944336,28.488574593940104,28.01272915828701,28.38184344650085,140049200
2015-04-08,27.928234100341797,28.1061216224908,27.78814882176073,27.98382373895572,149316800
2015-04-09,28.141698837280273,28.14614695850273,27.719218930050666,27.983824463106682,129936000
2015-04-10,28.261770248413086,28.286229823662996,27.852631346889225,28.006057586730154,160752000
2015-04-13,28.20618438720703,28.58864309715633,28.152818805185365,28.54416866862595,145460400
2015-04-14,28.083887100219727,28.304021601912243,27.99716739662991,28.239537415262678,102098400
2015-04-15,28.190624237060547,28.268449411082425,28.019408854212415,28.108352637292374,115881600
2015-04-16,28.054975509643555,28.261769011778117,28.041634540622283,28.0794350838232,113476000
2015-04-17,27.739229202270508,28.04830745205387,27.674745018986492,27.917116721430638,207828000
2015-04-20,28.372949600219727,28.488575295536634,27.832618275676225,27.921562031706713,188217200
2015-04-21,28.219532012939453,28.506373126989242,28.16616472508044,28.484139301740328,129740400
2015-04-22,28.59975814819336,28.655347790616638,28.088334455775946,28.237314290319635,150618000
2015-04-23,28.833229064941406,28.999997956003867,28.493020798607734,28.528598976335616,183083600
2015-04-24,28.968875885009766,29.046702746129995,28.735398694571785,29.015572680266445,178103600
2015-04-27,29.495859146118164,29.602593688845488,29.16232133416995,29.420258056377868,387816800
2015-04-28,29.031129837036133,29.916115857851434,28.810997058474765,29.89833016079196,475696000
2015-04-29,28.604206085205078,29.26016318298656,28.52860498629819,28.942192058978048,253544400
2015-04-30,27.828170776367188,28.60420158242397,27.701426480269312,28.60420158242397,332781600
2015-05-01,28.673133850097656,28.93551869889833,27.861526513744302,28.039412332804034,234050400
2015-05-04,28.61754608154297,29.033358897210668,28.5197077719741,28.795433608675246,203953200
2015-05-05,27.97270393371582,28.561952684862618,27.968255813068883,28.49524444684628,197085600
2015-05-06,27.797042846679688,28.18394624917403,27.430150899410055,28.141697581751504,288564000
2015-05-07,27.96897315979004,28.152068713553735,27.69209562693978,27.85956113478025,175763600
2015-05-08,28.49593162536621,28.49593162536621,28.158767256911965,28.286040975612977,222201600
2015-05-11,28.205659866333008,28.482535721818746,28.05159103941516,28.44457727863671,168143200
2015-05-12,28.10517692565918,28.330695903089556,27.870724547028903,28.044888392389844,192640000
2015-05-13,28.136438369750977,28.399917500772432,28.105178278235485,28.167698461266472,138776800
2015-05-14,28.792903900146484,28.792903900146484,28.39322103167603,28.449042870725208,180814000
2015-05-15,28.752716064453125,28.913483246079785,28.627675680320152,28.819702957980056,152832000
2015-05-18,29.06978416442871,29.18812620170231,28.66116785555959,28.665634557087365,203531600
2015-05-19,29.04298973083496,29.223851954649565,28.9469743904439,29.181426809390363,178532800
2015-05-20,29.040754318237305,29.246178286398866,28.879987141920466,29.027357621393374,145819600
2015-05-21,29.33772850036621,29.391318697715725,28.989400735331884,29.0429909326814,158921600
2015-05-22,29.59450340270996,29.690518733383474,29.33995596401194,29.38461615898261,182384000
2015-05-26,28.942502975463867,29.677120208049125,28.830859309109393,29.607901680044442,282790400
2015-05-27,29.48285675048828,29.531980234316904,29.038517156439617,29.10326898125325,183332800
2015-05-28,29.424808502197266,29.46276694515732,29.272974730357046,29.442671900136368,122933200
2015-05-29,29.089879989624023,29.351125818927084,29.005029693799155,29.302002322091116,203538000
2015-06-01,29.14792823791504,29.337723842184424,29.038519620453748,29.089874755325262,128451200
2015-06-02,29.0184326171875,29.174733119075942,28.875528814447293,28.99610251387683,134670400
2015-06-03,29.054147720336914,29.237244975360273,29.00502423274989,29.1747247924485,123934000
2015-06-04,28.884449005126953,29.156859818974553,28.783970388532666,28.93357249005647,153800400
2015-06-05,28.725914001464844,28.958134735546285,28.661162174075283,28.915709597179813,142507200
2015-06-08,28.53612518310547,28.850961177235256,28.319536172144808,28.78173923393358,210699200
2015-06-09,28.451276779174805,28.598647263681052,28.049360528202932,28.290509597367066,224301600
2015-06-10,28.777271270751953,28.87998153133153,28.547283897144407,28.56291394160831,156349200
2015-06-11,28.712520599365234,29.0675466815236,28.687958853657094,28.844259323120394,141563600
2015-06-12,28.395456314086914,28.654470498138785,28.38205961613511,28.62321040055288,147544800
2015-06-15,28.339624404907227,28.41107627452459,28.069446969680733,28.15652888254105,175955600
2015-06-16,28.491464614868164,28.547286450596175,28.216822137072793,28.364190897550184,125976400
2015-06-17,28.42447853088379,28.553983890961618,28.299436464414363,28.51825880307548,131672400
2015-06-18,28.553991317749023,28.650004965264884,28.406622523624463,28.408855874556725,141628800
2015-06-19,28.2681827545166,28.540593638270437,28.223525958691983,28.516031889502628,218867600
2015-06-22,28.493701934814453,28.594180571703895,28.37535989915212,28.466906836655117,136157200
2015-06-23,28.364187240600586,28.493694291643774,28.330693802772586,28.46466755408458,121075600
2015-06-24,28.605350494384766,28.982706765889503,28.384296433445737,28.404391482827577,221123600
2015-06-25,28.469139099121094,28.848726939023745,28.469139099121094,28.772810052462177,127752400
2015-06-26,28.301671981811523,28.578547822431265,28.248083494105483,28.507095937640774,176267200
2015-06-29,27.805971145629883,28.23914911428784,27.79480780117253,28.013628432264692,196645600
2015-06-30,28.00693702697754,28.161005869183608,27.879663284495695,28.03819712488202,177482800
2015-07-01,28.2681827545166,28.34410135167553,28.131977312639684,28.335169651801092,120955200
2015-07-02,28.232458114624023,28.288279962080306,28.08285426874502,28.230224763732448,108844000
2015-07-06,28.13420295715332,28.1855597914771,27.87742219262861,27.89751893772821,112241600
2015-07-07,28.06499481201172,28.167706815102605,27.636281694637407,28.10965161212159,187787200
2015-07-08,27.368328094482422,27.83053280154354,27.361629747119487,27.794807714425502,243046400
2015-07-09,26.810115814208984,27.70103198892368,26.620321880745106,27.65414184325949,314380000
2015-07-10,27.52686882019043,27.654142562746713,27.064663996849458,27.22766453905894,245418000
2015-07-13,28.058292388916016,28.080620785729373,27.759086420265138,27.917620252251677,165762000
2015-07-14,28.047121047973633,28.21681989207839,27.91984734078184,28.143134665928642,127072400
2015-07-15,28.317304611206055,28.39098985323979,28.040428745332356,28.071688841307736,134596800
2015-07-16,28.69465446472168,28.708054566907215,28.435642039525213,28.52272396471212,144889600
2015-07-17,28.942502975463867,28.942502975463867,28.649997114750235,28.82192931492253,184658800
2015-07-20,29.48955535888672,29.69051256613425,29.183649440933447,29.243937965945232,235600800
2015-07-21,29.19482421875,29.67935741261132,29.09881228311112,29.663729068084155,307025600
2015-07-22,27.960044860839844,28.022565052133587,27.238825903164294,27.238825903164294,461802400
2015-07-23,27.946645736694336,28.377588689764913,27.924315638702303,28.178863083176353,203998000
2015-07-24,27.799274444580078,28.076150275307967,27.665302378327695,27.982369999286025,168649200
2015-07-27,27.412981033325195,27.600543250908803,27.26784565136451,27.484432901083974,177822000
2015-07-28,27.5491886138916,27.66753232312042,27.36386143510259,27.5491886138916,134472400
2015-07-29,27.462114334106445,27.575991374671265,27.301347148261407,27.49784113253757,148046800
2015-07-30,27.32367706298828,27.368333857175575,27.17630657578471,27.312512012667707,134513200
2015-07-31,27.084760665893555,27.383964946123086,26.99767872143585,27.37503324623671,171540000
2015-08-03,26.44615364074707,27.368329760709486,26.240727989009937,27.129412370118644,279904000
2015-08-04,25.597658157348633,26.28091680951395,25.287288919695296,26.218396632655303,496554400
2015-08-05,25.76736068725586,26.222867088448904,25.03051174636031,25.22030565430392,397250400
2015-08-06,25.823436737060547,26.130725715606143,25.59689691360648,26.011848009757106,211612000
2015-08-07,25.91090965270996,26.07464798007613,25.68212639758036,25.700070652053586,154681600
2015-08-10,26.85295867919922,26.913518390407532,26.13744746242508,26.13744746242508,219806400
2015-08-11,25.45558738708496,26.507545878935208,25.41970058587761,26.424554977301863,388331200
2015-08-12,25.848112106323242,25.888485832057395,24.589799650743977,25.240264471457007,404870000
2015-08-13,25.82792091369629,26.108293477433204,25.691098965692007,26.027546042176308,194143200
2015-08-14,26.009593963623047,26.08809791560347,25.57221358026226,25.641745407550946,171718000
2015-08-17,26.278762817382812,26.38866839301048,25.906427198152485,26.027548361832526,163538800
2015-08-18,26.13072967529297,26.34157044516852,26.020824081133032,26.115028876127262,138242800
2015-08-19,25.79651641845703,26.13520520520476,25.7224976592639,26.041000445099755,193146000
2015-08-20,25.267175674438477,25.648481674930427,25.038390705136656,25.587921954384836,274006400
2015-08-21,23.721763610839844,25.098953580109377,23.69709068702081,24.7692351538536,513102000
2015-08-24,23.129610061645508,24.403622752777807,20.63541571949694,21.279151586799312,648825200
2015-08-25,23.268688201904297,24.921766084001376,23.214857128295545,24.921766084001376,414406400
2015-08-26,24.603256225585938,24.64811515577482,23.562513301625625,24.020079865579447,387098400
2015-08-27,25.32773780822754,25.399513122615115,24.67727305900723,25.17297330263905,338464400
2015-08-28,25.410720825195312,25.415206032277094,25.0181993221083,25.159506447166763,212657600
2015-08-31,25.29184913635254,25.68885594036272,25.121382135566,25.12811080340812,224917200
2015-09-01,24.16138458251953,25.09446351743567,24.080637153090667,24.706428875535263,307383600
2015-09-02,25.197643280029297,25.197643280029297,24.477646711607818,24.72437594701632,247555200
2015-09-03,24.755779266357422,25.29633673971069,24.681760490568845,25.23129009231393,212935600
2015-09-04,24.50904083251953,24.77371253152588,24.33857559070775,24.44175246167526,199985200
2015-09-08,25.19091033935547,25.246984844935913,24.744557754087413,25.06530399445787,219374400
2015-09-09,24.70642852783203,25.574460815088862,24.6211941806021,25.516144558967323,340043200
2015-09-10,25.24923324584961,25.40848466751426,24.65035781974626,24.73334700904198,251571200
2015-09-11,25.617084503173828,25.617084503173828,25.067554870403075,25.074283539262197,199662000
2015-09-14,25.863805770874023,26.218197075541763,25.762872340007302,26.148665232556162,233453600
2015-09-15,26.081375122070312,26.137449630575368,25.66418064189204,26.002871152414873,173364800
2015-09-16,26.11053466796875,26.13969279601042,25.892965303615362,26.07464616152531,148694000
2015-09-17,25.55203628540039,26.128482269521882,25.50717735491766,25.94231616788589,256450400
2015-09-18,25.44661521911621,25.63726994658994,25.092225570992877,25.168486092975602,297141200
2015-09-21,25.84138298034668,25.877271496479683,25.493721964416057,25.495963713230392,200888000
2015-09-22,25.435400009155273,25.61035221983528,25.238016623765834,25.43091308971004,201384800
2015-09-23,25.641752243041992,25.73147180261867,25.412968991816815,25.486986045553678,143026800
2015-09-24,25.794279098510742,25.906428138069487,25.204375766484834,25.401757460055144,200878000
2015-09-25,25.729230880737305,26.173341803252995,25.57446466798422,26.11726728689416,224607600
2015-09-28,25.22007179260254,25.697825994691254,25.22007179260254,25.536331134475855,208436000
2015-09-29,24.461944580078125,25.460071920955418,24.192787606840596,25.307549179785273,293461600
2015-09-30,24.740076065063477,25.018205173145,24.38792818838707,24.710916222809423,265892000
2015-10-01,24.578577041625977,24.587549167630684,24.06941958622165,24.464184574138518,255716400
2015-10-02,24.758018493652344,24.89932736235935,24.123256303717053,24.22643320282759,232079200
2015-10-05,24.847736358642578,24.98007309082527,24.464186919279005,24.64586778233064,208258800
2015-10-06,24.966617584228516,25.06306582262484,24.621198351629094,24.814094828421737,192787200
2015-10-07,24.847736358642578,25.0697909369566,24.540449142000504,25.063062269622574,187062400
2015-10-08,24.56064224243164,24.71540848087715,24.27129748463551,24.71540848087715,247918400
2015-10-09,25.148300170898438,25.18418697216761,24.55839515284925,24.672787647458016,211064400
2015-10-12,25.03166389465332,25.289607013539783,24.995777093845483,25.28512180516072,121868800
2015-10-13,25.074281692504883,25.222317530278357,24.825310695502758,24.856712288704962,132197200
2015-10-14,24.719884872436523,25.013714734523628,24.57409081545337,24.962127147615472,177849600
2015-10-15,25.089975357055664,25.143806399920564,24.782686469488283,24.88137814078893,150694000
2015-10-16,24.906049728393555,25.121375599610698,24.79165727106454,25.07202976659591,156930400
2015-10-19,25.060821533203125,25.0653067411875,24.69745808117051,24.85222428113486,119036800
2015-10-20,25.518388748168945,25.608108311660388,24.85671017602895,24.973344410686988,195871200
2015-10-21,25.51614761352539,25.924370011535668,25.502688566360003,25.569978668411807,167180800
2015-10-22,25.90642738342285,25.90642738342285,25.592409739553904,25.643999049201902,166616400
2015-10-23,26.70941734313965,26.743062399364046,26.092597586974016,26.175586786234405,237467600
2015-10-26,25.85707664489746,26.496325688647662,25.77632921713342,26.485111813893756,265335200
2015-10-27,25.693347930908203,26.139700668869217,25.567739831783182,25.88400097285065,279537600
2015-10-28,26.75202751159668,26.758757890513674,26.032030980725605,26.227170899119155,342205600
2015-10-29,27.03464126586914,27.070529772051515,26.527727239221168,26.624175460513595,204909200
2015-10-30,26.803617477416992,27.18941040444977,26.792401890203436,27.1378210990291,197461200
2015-11-02,27.180438995361328,27.220812714635596,26.82829110940293,27.095206348563828,128813200
2015-11-03,27.492210388183594,27.698564171983563,27.072772442001682,27.092960155231147,182076000
2015-11-04,27.36435890197754,27.77258123681901,27.279126268991515,27.61781505280359,179544400
2015-11-05,27.238216400146484,27.636924307296095,27.07152584230477,27.447706558500503,158210800
2015-11-06,27.269752502441406,27.43869612369773,27.170640079941062,27.281016097958513,132169200
2015-11-09,27.15937614440918,27.43869578018609,27.042242657981237,27.247226688875976,135485600
2015-11-10,26.30339813232422,26.596234467227482,26.143465023397653,26.332682796964708,236511600
2015-11-11,26.154726028442383,26.44981367862618,25.951993333491004,26.21329363333577,180872000
2015-11-12,26.066871643066406,26.314655247715674,26.05110364236827,26.18851124213056,130102400
2015-11-13,25.305503845214844,26.033088543749958,25.289735840903983,25.94974239605907,183249600
2015-11-16,25.71998405456543,25.733498998042567,25.003662834351466,25.089260340679775,152426800
2015-11-17,25.60960578918457,25.915957084428005,25.526259634928262,25.88667241798415,110467600
2015-11-18,26.4205265045166,26.465577443476526,26.017314242067567,26.075881837582,186698800
2015-11-19,26.756168365478516,26.974669091548368,26.301147563701857,26.49937415837761,173183200
2015-11-20,26.87329864501953,27.012957601569642,26.77193144387025,26.850771454597467,137148400
2015-11-23,26.524154663085938,26.970166682387305,26.43179797054903,26.866546391731923,129930000
2015-11-24,26.778690338134766,26.884561951850607,26.382237200649325,26.42954120960213,171212800
2015-11-25,26.587221145629883,26.857531976870792,26.562442609801547,26.853025851129228,85553200
2015-11-27,26.53765869140625,26.672814938905013,26.49035469221491,26.645783345688645,52185600
2015-11-30,26.64803695678711,26.898073613791787,26.52414430022331,26.5782057691861,156721200
2015-12-01,26.431793212890625,26.76292300239936,26.323670252183778,26.749408061956874,139409600
2015-12-02,26.19301986694336,26.60524273261725,26.14796892014572,26.431792978421072,133546400
2015-12-03,25.949735641479492,26.3078969584324,25.728983638588,26.253835488950443,166278000
2015-12-04,26.81247901916504,26.86203609027978,25.92946742765108,25.970013965964647,231108000
2015-12-07,26.64352798461914,26.99943619763836,26.537656401884558,26.801209686902773,128336800
2015-12-08,26.63227081298828,26.71561522541016,26.323666540590864,26.4723360202465,137238000
2015-12-09,26.04435157775879,26.51063594497179,25.9227119534532,26.499372348457303,185445600
2015-12-10,26.16823959350586,26.341689336187937,26.019570104075996,26.13895665188963,116850800
2015-12-11,25.49471664428711,25.992536933126495,25.420381044780573,25.947485992046726,187544800
2015-12-14,25.337038040161133,25.38208898374484,24.73109305303525,25.269459906202233,257274800
2015-12-15,24.88877296447754,25.40912046906789,24.857236960391255,25.215398319061666,213292400
2015-12-16,25.08024787902832,25.226666056924753,24.508093547049064,25.019428919468982,224954000
2015-12-17,24.54863739013672,25.28523088788774,24.54863739013672,25.233420749936244,179091200
2015-12-18,23.884122848510742,24.670273359488462,23.834565777468676,24.53286746057647,385813200
2015-12-21,24.176958084106445,24.185968616497497,23.780503251816764,24.1656944889718,190362400
2015-12-22,24.154434204101562,24.264810225644474,23.978731388772907,24.192727680349428,131157600
2015-12-23,24.46528434753418,24.519345814682012,24.147669576051687,24.16343757557743,130629600
2015-12-24,24.334640502929688,24.55314120884414,24.316619436371415,24.55314120884414,54281600
2015-12-28,24.06208038330078,24.25805563214703,23.917915275615144,24.235528437721936,106816800
2015-12-29,24.49457359313965,24.65000228462855,24.071088840671305,24.09361431456941,123724800
2015-12-30,24.174707412719727,24.485563077335843,24.14317140552317,24.458533196072224,100855200
2015-12-31,23.710670471191406,24.10937659210281,23.611556347279446,24.104872185826398,163649200
2016-01-04,23.730945587158203,23.735451712532264,22.97633113383233,23.113738741825244,270597600
2016-01-05,23.136268615722656,23.84357919872016,23.06869218950172,23.82105372331318,223164000
2016-01-06,22.683496475219727,23.059678916016708,22.496533504828697,22.65196046967987,273829600
2016-01-07,21.726150512695312,22.555100673885242,21.72164610532615,22.228477004240506,324377600
2016-01-08,21.84103012084961,22.325335489351968,21.795979178070308,22.19919147470328,283192000
2016-01-11,22.194684982299805,22.31407152541594,21.92662723702021,22.29379911707544,198957600
2016-01-12,22.516803741455078,22.681242941827485,22.264514002903095,22.64970693933139,196616800
2016-01-13,21.937894821166992,22.793876624144982,21.91762240914001,22.597901381632845,249758400
2016-01-14,22.41769027709961,22.633939612925026,21.56621474715147,22.066288113904072,252680400
2016-01-15,21.879323959350586,22.009974101608417,21.480617781489038,21.66983380662107,319335600
2016-01-19,21.773454666137695,22.22171792530289,21.51215437447018,22.167656447868826,212350800
2016-01-20,21.802732467651367,22.11809416239586,21.043612025415776,21.42204571539257,289337600
2016-01-21,21.692358016967773,22.048264546573222,21.386006831005872,21.86355295373588,208646000
2016-01-22,22.84568214416504,22.854692676782985,22.15864578823454,22.21721167237613,263202000
2016-01-25,22.399675369262695,22.870464169969765,22.347865228447493,22.868211106825548,207178000
2016-01-26,22.5235652923584,22.72404493823475,22.091069992394825,22.5100503512919,300308000
2016-01-27,21.04361343383789,21.766691802288033,21.025592371541684,21.633790334665466,533478800
2016-01-28,21.194538116455078,21.29139918790636,20.81159995597322,21.1269617038553,222715200
2016-01-29,21.9266300201416,21.9266300201416,21.25310855531319,21.35222270266927,257666000
2016-02-01,21.721647262573242,21.784719280602793,21.48963160257156,21.73065779637512,163774000
2016-02-02,21.28239631652832,21.633798572192745,21.237343643633046,21.49413786409301,149428800
2016-02-03,21.703624725341797,21.81400074941957,21.192289426440556,21.39952653410023,183857200
2016-02-04,21.878009796142578,22.043341274884668,21.558673279542926,21.710414757132185,185886800
2016-02-05,21.293691635131836,21.95048530071671,21.21895439813523,21.859892773065564,185672400
2016-02-08,21.51790428161621,21.674174589855877,21.071737596544722,21.092120004090088,216085600
2016-02-09,21.513370513916016,21.728527908675893,21.273301867377267,21.354834941278757,177324800
2016-02-10,21.350309371948242,21.821389080960863,21.31180811355328,21.724002426962183,169374400
2016-02-11,21.221223831176758,21.452234927010696,20.969830318132942,21.241607976295857,200298800
2016-02-12,21.286897659301758,21.402403176130246,21.0649477791782,21.332194787425067,161405600
2016-02-16,21.887069702148438,21.934630387457513,21.42731468291873,21.520170765310173,196231600
2016-02-17,22.222265243530273,22.24264765726417,21.77609842299308,21.893867511909757,179452800
2016-02-18,21.801008224487305,22.396651175658235,21.762505235441324,22.38532646219024,156084000
2016-02-19,21.751184463500977,21.91425067774679,21.69682963472199,21.742125037386337,141496800
2016-02-22,21.941429138183594,21.945959715589726,21.724008076232284,21.812335328652846,137123200
2016-02-23,21.4454345703125,21.855363635836255,21.41372744523932,21.832715936199516,127770400
2016-02-24,21.76477813720703,21.828192407829796,21.13516255329631,21.284640529400786,145022800
2016-02-25,21.91425323486328,21.91425323486328,21.572267202742797,21.753452290359903,110330800
2016-02-26,21.948219299316406,22.199610986924736,21.873480342723052,22.013897103452752,115964400
2016-02-29,21.898393630981445,22.247173705330145,21.889334206307748,21.93689488991322,140865200
2016-03-01,22.768081665039062,22.82243649472265,22.063727256060517,22.115818525109407,201628400
2016-03-02,22.817899703979492,22.849606820918613,22.56650632831341,22.763544893213613,132678400
2016-03-03,22.987764358520508,23.035325042947726,22.74995920847582,22.779402771151197,147822800
2016-03-04,23.329753875732422,23.49734894099103,22.958326040343685,23.18480651206408,184220400
2016-03-07,23.071571350097656,23.28899244341536,22.8654732461108,23.189340461012108,143315600
2016-03-08,22.881324768066406,23.046656294282354,22.73864267430595,22.82470464274588,126247600
2016-03-09,22.901704788208008,23.005885592690777,22.70919501445261,22.944734900725788,108806800
2016-03-10,22.913026809692383,23.155360823111348,22.682017509985283,22.96738336201888,134054400
2016-03-11,23.15989112854004,23.16441997722652,22.987765504005953,23.155360551944863,109632800
2016-03-14,23.218782424926758,23.30711141844868,23.051187321957766,23.080630895768163,100304400
2016-03-15,23.685335159301758,23.821223136982095,23.52000360571927,23.544916603216762,160270800
2016-03-16,24.000137329101562,24.07713986478873,23.687593153195106,23.692123730534927,153214000
2016-03-17,23.96163558959961,24.113377097226152,23.771391086978394,23.898219603453242,137682800
2016-03-18,23.988811492919922,24.120170583094062,23.823481713829104,24.08393287770441,176820800
2016-03-21,23.986549377441406,24.380624943797773,23.81215843358732,23.991078226933524,142010800
2016-03-22,24.17000389099121,24.299097731735024,23.82801778631887,23.837077215412577,129777600
2016-03-23,24.036373138427734,24.24926534626152,23.98428359475072,24.11564269013365,102814000
2016-03-24,23.93218994140625,24.063549023716174,23.755535457979903,23.88689454028983,104532000
2016-03-28,23.823476791381836,24.049957219544694,23.7940332298592,24.006925385263017,77645600
2016-03-29,24.387414932250977,24.41232791999096,23.75326898090197,23.755534269217073,124760400
2016-03-30,24.813199996948242,25.007973341395775,24.595778950848203,24.607103665628895,182404400
2016-03-31,24.684106826782227,24.890204891270198,24.659193835956014,24.849438336091747,103553600
2016-04-01,24.91058921813965,24.91285450690936,24.505188923814494,24.636548025912735,103496000
2016-04-04,25.166513442993164,25.408847505611973,24.974003638259468,25.007976058383598,149424800
2016-04-05,24.86981773376465,25.078181061580132,24.781490496240938,24.80187463531264,106314800
2016-04-06,25.130277633666992,25.134808211577507,24.731671445092246,24.964947826026297,105616400
2016-04-07,24.58218765258789,25.00797026618707,24.48706628059903,24.901524180810107,127207600
2016-04-08,24.609365463256836,24.860757162220555,24.498388803456823,24.665985573310813,94326800
2016-04-11,24.690898895263672,25.051003723810304,24.647868783004864,24.67957590905189,117630000
2016-04-12,25.012502670288086,25.026090945019725,24.609367726100686,24.76337278081606,108929200
2016-04-13,25.3748722076416,25.442815312275144,25.09403690709012,25.09403690709012,133029200
2016-04-14,25.388463973999023,25.454143527045517,25.214074747427315,25.279754300473808,101895600
2016-04-15,24.87887954711914,25.433757741234675,24.8517029962933,25.390725898548595,187756000
2016-04-18,24.342119216918945,24.675044022744533,24.21981956812419,24.66145574884801,243286000
2016-04-19,24.213029861450195,24.459892764585337,24.059023060112374,24.432714483910782,129539600
2016-04-20,24.26285171508789,24.48027275522926,24.02051768543887,24.15187677049579,122444000
2016-04-21,24.000137329101562,24.217558387870543,23.898220073863335,24.217558387870543,126210000
2016-04-22,23.934457778930664,24.115642858510714,23.69438901720973,23.782716268330034,134732400
2016-04-25,23.798566818237305,23.9276606095132,23.669473026961406,23.78044796699292,112126400
2016-04-26,23.633228302001953,23.848385708801565,23.53357810558582,23.53357810558582,224064800
2016-04-27,22.154314041137695,22.355881471481243,21.66964609313091,21.74211975653636,458408400
2016-04-28,21.47714614868164,22.16791063433047,21.345787044478975,22.106761659841137,328970800
2016-04-29,21.23027801513672,21.45222962808324,20.951708014622803,21.286898130612904,274126000
2016-05-02,21.207637786865234,21.3072897781457,20.926802398967762,21.282376780325585,192640400
2016-05-03,21.556406021118164,21.683234500895185,21.216685397793906,21.334454453599935,227325200
2016-05-04,21.332197189331055,21.719478606870442,21.248398788799193,21.56094123245143,164102000
2016-05-05,21.245609283447266,21.434732996565515,21.118008579863485,21.41878290861754,143562000
2016-05-06,21.127119064331055,21.293455415162843,20.92888080536488,21.275227988494596,174799600
2016-05-09,21.143070220947266,21.36637142020525,21.097497305894343,21.19092047793112,131745600
2016-05-10,21.286624908447266,21.320804166418394,20.988129648253217,21.26611839672215,134747200
2016-05-11,21.079275131225586,21.320805556693756,21.067881465015834,21.300299043631465,114876400
2016-05-12,20.584815979003906,21.14079343395983,20.38657942691291,21.127122427175387,305258800
2016-05-13,20.625829696655273,20.887868323514734,20.50734358750293,20.50734358750293,177571200
2016-05-16,21.391437530517578,21.507646298698038,20.88331209704313,21.051927548030122,245039200
2016-05-17,21.302574157714844,21.57828381454151,21.193202622631627,21.54410629634626,187667600
2016-05-18,21.54637908935547,21.694488011170616,21.39371374555272,21.455236742172765,168249600
2016-05-19,21.464351654052734,21.56461033172737,21.320800878824148,21.56461033172737,121768400
2016-05-20,21.6967716217041,21.744621885494894,21.53726900397226,21.564612756893798,128104000
2016-05-23,21.97248649597168,22.145660162075437,21.799312829867926,21.844885762226603,152074400
2016-05-24,22.307430267333984,22.350722360838052,22.065898179024362,22.152485842890183,140560800
2016-05-25,22.69935417175293,22.726696187300238,22.355285989205374,22.48288669757087,152675200
2016-05-26,22.879358291625977,22.95227321448298,22.476046266425598,22.713020200318088,225324800
2016-05-27,22.86568260192871,22.893026346387384,22.615037695557884,22.65833152301028,145364800
2016-05-31,22.7540340423584,22.877078295710227,22.51706011795067,22.694790126649263,169228800
2016-06-01,22.435033798217773,22.6811223398301,22.405412705375742,22.56263449160384,116693200
2016-06-02,22.266414642333984,22.293756650121292,22.018047061550345,22.239070896117898,160766400
2016-06-03,22.311994552612305,22.391745003940326,22.204900344359192,22.282373453098884,114019600
2016-06-06,22.473772048950195,23.216594181455072,22.227685217578443,22.32794217168202,93170000
2016-06-07,22.564908981323242,22.75631172089091,22.548958897894998,22.615038311648792,89638000
2016-06-08,22.544403076171875,22.685674750744663,22.485159162535258,22.562630501697267,83392400
2016-06-09,22.706188201904297,22.783659558832454,22.435034975797432,22.444149559864716,106405600
2016-06-10,22.51934242248535,22.637828532439826,22.4395919890132,22.45098391469261,126851600
2016-06-13,22.17983055114746,22.58542169569288,22.125144788343775,22.487442095687204,152082000
2016-06-14,22.207176208496094,22.43959376261823,22.045396248257337,22.17527603258587,127727600
2016-06-15,22.134260177612305,22.423642565608542,22.109195506575492,22.289204626553907,117780800
2016-06-16,22.227685928344727,22.27325711453727,21.890453239860225,21.977039188997782,125307200
2016-06-17,21.721832275390625,22.02260654816734,21.714996773032112,22.015771045808826,244032800
2016-06-20,21.6694278717041,22.004381456714007,21.653477783771688,21.87450167257029,137647600
2016-06-21,21.853994369506836,21.954251316406683,21.573726562077685,21.63297048872019,142185600
2016-06-22,21.77196502685547,22.077295769638027,21.726392106599683,21.931465901677825,116876400
2016-06-23,21.897293090820312,21.9405869431981,21.703612903410196,21.86083648231507,128960800
2016-06-24,21.28206443786621,21.569167716421042,21.111169918940778,21.17041383892837,301245600
2016-06-27,20.972179412841797,21.202317893911776,20.84913512806466,21.190924228524736,181958400
2016-06-28,21.32535743713379,21.341309261800948,20.994962048588413,21.16813565519468,161779600
2016-06-29,21.509923934936523,21.544103186627478,21.334471254189793,21.411944340584558,146124000
2016-06-30,21.783353805541992,21.822089478340487,21.487137689611927,21.51903785996703,143345600
2016-07-01,21.849437713623047,21.981596582765608,21.721837005998097,21.758293605992687,104106000
2016-07-05,21.644351959228516,21.737775096051774,21.523586822108342,21.73549601655093,110820800
2016-07-06,21.76740074157715,21.797023566016613,21.503084832172828,21.555491502686447,123796400
2016-07-07,21.86082649230957,21.988427171411196,21.787911570190232,21.806138996898415,100558400
2016-07-08,22.029438018798828,22.077288264979963,21.88588728025542,21.986144193879845,115648400
2016-07-11,22.09779930114746,22.2504646399493,22.04083446680987,22.04539088864821,95179600
2016-07-12,22.198057174682617,22.261857513714595,22.129700413617865,22.14109233791423,96670000
2016-07-13,22.072736740112305,22.255023184320574,22.065899499059526,22.195781002628085,103568800
2016-07-14,22.510229110717773,22.555800292868337,22.175275532780702,22.19122562037632,155676000
2016-07-15,22.50794219970703,22.626430013563986,22.444141871520316,22.53984236380039,120548000
2016-07-18,22.747203826904297,22.81556060236729,22.46693600606127,22.48972159788227,145975600
2016-07-19,22.756317138671875,22.78593823253969,22.63555020575895,22.685679548019195,95119600
2016-07-20,22.776824951171875,22.890754648849864,22.726695606044885,22.78593953559762,105104000
2016-07-21,22.65606117248535,23.01380037612155,22.587702654214247,22.747205284037047,130808000
2016-07-22,22.480607986450195,22.62643785525426,22.400855810148364,22.61732327115036,113254800
2016-07-25,22.17983055114746,22.52161961092135,22.084130031633748,22.387183415189565,161531600
2016-07-26,22.027172088623047,22.323390061925995,21.97020722748245,22.061351352993327,224959200
2016-07-27,23.458126068115234,23.777129596654746,23.412554880507894,23.758900426240057,369379200
2016-07-28,23.77484130859375,23.799905973599945,23.428495896988863,23.430774977015435,159479200
2016-07-29,23.745223999023438,23.822697086391937,23.624458814835958,23.74066757667422,110934800
2016-08-01,24.164487838745117,24.1872734289597,23.7907985962529,23.7907985962529,152671600
2016-08-02,23.806753158569336,24.16904880484603,23.69737987117803,24.16449238131821,135266400
2016-08-03,24.10525131225586,24.116643241645214,23.87283370081375,23.88194828738301,120810400
2016-08-04,24.254154205322266,24.28393576146537,24.11898799361885,24.187716812837056,109634800
2016-08-05,24.622995376586914,24.661940892005887,24.32517282231439,24.345790419472735,162213600
2016-08-08,24.826892852783203,24.826892852783203,24.54968959670858,24.632161747114207,112148800
2016-08-09,24.927692413330078,24.957475721883466,24.74441844707523,24.794819355845505,105260800
2016-08-10,24.742122650146484,24.94830735513366,24.687140644765385,24.9047789874568,96034000
2016-08-11,24.72608757019043,24.95518131150681,24.70775965140195,24.861252038600757,109938000
2016-08-12,24.783369064331055,24.842933945839064,24.691731188437295,24.691731188437295,74641600
2016-08-15,25.0811824798584,25.09492754442996,24.760450906365758,24.774195970937317,103472800
2016-08-16,25.05826759338379,25.252998631350042,25.01932208492901,25.115541016821822,135177600
2016-08-17,25.02161407470703,25.055978479112913,24.820010501043836,24.99412220161308,101424000
2016-08-18,24.989543914794922,25.10867188261051,24.975797102774592,25.023908323076128,87938800
2016-08-19,25.053693771362305,25.129295131759978,24.824600011015427,24.91852754387737,101472400
2016-08-22,24.858964920043945,24.994129402375847,24.707762196235322,24.93914738819395,103280800
2016-08-23,24.936847686767578,25.04452200020411,24.863537776234683,24.877282838257685,85030800
2016-08-24,24.748991012573242,24.91393874877222,24.668808570767112,24.872701814722475,94700400
2016-08-25,24.64361572265625,24.71463422902995,24.439722415840986,24.602378775893236,100344800
2016-08-26,24.499286651611328,24.730670085075193,24.354956467736542,24.60696099582057,111065200
2016-08-29,24.471799850463867,24.613838636875027,24.35038041510534,24.425981789220007,99881200
2016-08-30,24.283933639526367,24.398480496316587,24.169386782736147,24.23811559594881,99455600
2016-08-31,24.306842803955078,24.41451712962516,24.201459904831218,24.20604275792366,118649600
2016-09-01,24.451173782348633,24.467210273016907,24.19687961043286,24.316007577133412,106806000
2016-09-02,24.68027114868164,24.742125693863773,24.471794991368803,24.673396867797713,107210000
2016-09-06,24.67339324951172,24.810850881486054,24.629866630709817,24.719213042785295,107521600
2016-09-07,24.824596405029297,24.9162342454262,24.52906528736866,24.703177009338134,169457200
2016-09-08,24.173969268798828,24.574883290465237,24.109823304987632,24.570302184984335,212008000
2016-09-09,23.626436233520508,24.219789915352393,23.626436233520508,23.972368262360416,186228000
2016-09-12,24.15564727783203,24.219793252740153,23.488983578936768,23.516475460117416,181171200
2016-09-13,24.730669021606445,24.923108675881988,24.568012672740075,24.629868962554077,248704800
2016-09-14,25.605812072753906,25.89447073680145,24.87958517982304,24.909368491067717,443554800
2016-09-15,26.476360321044922,26.513016154062843,25.999844978889882,26.08461028185908,359934400
2016-09-16,26.32745361328125,26.604656844016898,26.125851740340764,26.37327341248133,319547600
2016-09-19,26.020465850830078,26.616109189599428,25.944864501673187,26.389306889975177,188092000
2016-09-20,26.018178939819336,26.144181210282788,25.775340107122563,25.899050950528483,138057200
2016-09-21,26.013593673706055,26.114393726111114,25.759299494232636,26.082320743821352,144012800
2016-09-22,26.258726119995117,26.332036049706506,26.116687366496414,26.196869829017217,124296000
2016-09-23,25.821151733398438,26.297667067633842,25.555403939820497,26.212901766073433,209924800
2016-09-26,25.860097885131836,25.976936169021382,25.555404572955588,25.576022168311567,119477600
2016-09-27,25.908214569091797,25.92883391803515,25.736394235233423,25.887596967995265,98429600
2016-09-28,26.10523223876953,26.26330748633983,25.98610425724975,26.045669121932946,118564400
2016-09-29,25.699735641479492,26.07086812688124,25.612680650119508,25.924248274145206,143548000
2016-09-30,25.899051666259766,25.972361603506254,25.612684450789608,25.76388543167753,145516400
2016-10-03,25.777633666992188,25.899054849466484,25.72265164426127,25.821162048404613,86807200
2016-10-04,25.887592315673828,26.187704552234916,25.802827003645554,25.90133738060136,118947200
2016-10-05,25.899051666259766,26.038799007236946,25.816577768376618,25.979234137022054,85812400
2016-10-06,26.091487884521484,26.194579376189363,25.917376139540035,26.047959511314456,115117200
2016-10-07,26.130430221557617,26.244977086281747,26.00442971906894,26.18770365391968,97433600
2016-10-10,26.586326599121094,26.74669150213669,26.281631535545106,26.35035860204621,144944000
2016-10-11,26.643606185913086,27.191140157120522,26.62069541060492,26.964336066066327,256164000
2016-10-12,26.881853103637695,27.02847467520881,26.74668866370377,26.884144529965134,150347200
2016-10-13,26.79938507080078,26.90476797594042,26.510726484120458,26.75585670316942,140769600
2016-10-14,26.94829559326172,27.072006420704078,26.833748725020254,27.00556902738245,142608800
2016-10-17,26.929973602294922,26.996409258081005,26.753570419030886,26.879572692790912,94499600
2016-10-18,26.911643981933594,27.081172873141668,26.907061127987973,27.074300340069897,98214000
2016-10-19,26.83146095275879,26.978080814699002,26.070869763501435,26.861242511393115,80138400
2016-10-20,26.817710876464844,26.891020798516205,26.650473436088184,26.77189283062515,96503200
2016-10-21,26.71233367919922,26.783353937622838,26.639023741486966,26.760443161962247,92770800
2016-10-24,26.952878952026367,26.973496549729994,26.803967670951774,26.826876695460204,94154800
2016-10-25,27.090335845947266,27.115536298189827,26.874987162364132,27.021607022040897,192516000
2016-10-26,26.4809513092041,26.506151766847406,25.95861772868288,26.187711527006012,264536800
2016-10-27,26.226655960083008,26.54280473829721,26.139599207528576,26.435130385093643,138248000
2016-10-28,26.052534103393555,26.393883204195117,25.990677829731556,26.08689850566732,151446800
2016-10-31,26.01130485534668,26.16938010380211,25.9334120706561,26.03650530793658,105677600
2016-11-01,25.541664123535156,26.063997643480405,25.321734312392252,25.99297913354741,175303200
2016-11-02,25.5645751953125,25.73868696516534,25.482103038905272,25.52104856373447,113326800
2016-11-03,25.290552139282227,25.665891571470034,25.22607682644707,25.55536296570134,107730400
2016-11-04,25.062578201293945,25.38725964409757,24.89448213712963,24.99119508556555,123348000
2016-11-07,25.424104690551758,25.4471313329811,25.205347195422462,25.348115189396733,130240000
2016-11-08,25.573781967163086,25.725760988623172,25.26061467156694,25.401079491951407,97016800
2016-11-09,25.532333374023438,25.63365272194597,24.880670700924725,25.30206340643254,236705600
2016-11-10,24.82080078125,25.580690643591737,24.36947184170158,25.580690643591737,228538000
2016-11-11,24.968170166015625,25.069489503833324,24.53526330257498,24.6665171007387,136575600
2016-11-14,24.34183120727539,24.825397651654445,23.966491898272874,24.802371012744953,204702000
2016-11-15,24.664216995239258,24.795470809824764,24.44546122320357,24.539870998765544,129058000
2016-11-16,25.327390670776367,25.38265672229523,24.54677570048004,24.569802343536107,235362000
2016-11-17,25.318178176879883,25.410286500520794,25.06027697886951,25.285940527128584,110528000
2016-11-18,25.3435115814209,25.454041936730885,25.25140500161971,25.265220637225806,113715600
2016-11-21,25.728065490722656,25.787934420268233,25.332000846304773,25.357330684505023,117058400
2016-11-22,25.74418830871582,25.88695459325671,25.652079951605735,25.778727405413914,103862000
2016-11-23,25.612930297851562,25.67740561027784,25.405686967323877,25.642864762386477,109705600
2016-11-25,25.74187469482422,25.76029671015207,25.548447047521943,25.589895703599566,45903600
2016-11-28,25.691225051879883,25.898468413102755,25.64977637963531,25.658987390891966,108776000
2016-11-29,25.665889739990234,25.7971435479873,25.345814633526857,25.50930609564107,114115200
2016-11-30,25.449434280395508,25.836287869395303,25.391866792489708,25.698126249785442,144649200
2016-12-01,25.212257385253906,25.54614988077354,25.106333414654,25.414896074071443,148347600
2016-12-02,25.306665420532227,25.350415512183364,25.064881293576455,25.138567600211147,106112000
2016-12-05,25.124759674072266,25.336607651031624,24.92672733483875,25.329699832168703,137298000
2016-12-06,25.318178176879883,25.41258969173736,25.143174294464316,25.214557410796452,104782000
2016-12-07,25.566875457763672,25.603719497634987,25.136271721895906,25.159298368405217,119994800
2016-12-08,25.81787109375,25.889254226207107,25.467859736213335,25.52773042362734,108273200
2016-12-09,26.239255905151367,26.41195834004307,25.861613388067113,25.861613388067113,137610400
2016-12-12,26.08959197998047,26.481050281412198,25.903072083360275,26.087288788046205,105497600
2016-12-13,26.524799346923828,26.69289544716425,26.19321001618473,26.213933470945666,174935200
2016-12-14,26.524799346923828,26.757370759958963,26.476442862327794,26.490258498835086,136127200
2016-12-15,26.669870376586914,26.87941691237197,26.53401192471621,26.568551018025296,186098000
2016-12-16,26.70440673828125,26.826449532315554,26.630720423572594,26.819541714814793,177404400
2016-12-19,26.858688354492188,27.02908763527047,26.653748227886037,26.66526242876879,111117600
2016-12-20,26.930078506469727,27.056727721939062,26.867906373216236,26.881722012423488,85700000
2016-12-21,26.955398559570312,27.033691252558103,26.89092325759226,26.895529640202245,95132800
2016-12-22,26.778095245361328,26.82875492027494,26.628419412249425,26.791910881493962,104343600
2016-12-23,26.831056594848633,26.831056594848633,26.61690544877681,26.61690544877681,56998000
2016-12-27,27.001447677612305,27.12579362849788,26.824138879252935,26.831046694832164,73187600
2016-12-28,26.886322021484375,27.176460916964754,26.757369644450435,27.061325932682575,83623600
2016-12-29,26.879411697387695,26.966913644828455,26.803422193209514,26.814934636472096,60158000
2016-12-30,26.669870376586914,26.987642332774787,26.580065220342068,26.86099489139338,122345200
2017-01-03,26.74586296081543,26.78731163435732,26.425787776116692,26.66526880582309,115127600
2017-01-04,26.71591567993164,26.828749207054972,26.653743573753964,26.676770214678285,84472400
2017-01-05,26.851776123046875,26.909343604357442,26.667559480125014,26.692889312447274,88774400
2017-01-06,27.151132583618164,27.208700075222662,26.819543269793733,26.890926397200776,127007600
2017-01-09,27.399818420410156,27.50113775157672,27.158036048517403,27.160337482901994,134247600
2017-01-10,27.427457809448242,27.489629931843083,27.240939685443166,27.349165101699334,97848400
2017-01-11,27.5748291015625,27.61627776672702,27.310018282834758,27.342255938316,110354400
2017-01-12,27.459692001342773,27.471206201765387,27.220211038479082,27.379097868845456,108344800
2017-01-13,27.41133689880371,27.54489390040559,27.358374033747648,27.427455726112875,104447600
2017-01-17,27.632396697998047,27.687660999484315,27.222516428069017,27.250147700401918,137759200
2017-01-18,27.630094528198242,27.74753271041764,27.56561921460972,27.632397719917982,94852000
2017-01-19,27.581735610961914,27.65311873659486,27.48732584062354,27.49423365835313,102389200
2017-01-20,27.632396697998047,27.736017482887355,27.570224578428558,27.736017482887355,130391600
2017-01-23,27.65081787109375,27.818913962042,27.57943298717096,27.632395852222036,88200800
2017-01-24,27.62548828125,27.65542274456876,27.51726111543693,27.52877531653976,92844000
2017-01-25,28.0653018951416,28.115961567076894,27.69687031309449,27.72910796672234,129510400
2017-01-26,28.079120635986328,28.194255620707516,28.000827932829285,28.016946760417436,105350400
2017-01-27,28.081422805786133,28.17353114733806,28.00082866573588,28.12517466330791,82251600
2017-01-30,28.007732391357422,28.007732391357422,27.784372023519055,27.8465441348101,121510000
2017-01-31,27.943260192871094,27.952471202385627,27.77516410048706,27.89720690211886,196804000
2017-02-01,29.647254943847656,30.047925906640124,29.246585737875417,29.251190363700744,447940000
2017-02-02,29.596593856811523,29.79462613739134,29.423891409107274,29.46994644925383,134841600
2017-02-03,29.72324562072754,29.748575455818408,29.511397687986015,29.54593677509147,98029200
2017-02-06,30.001869201660156,30.050227435489187,29.68179412277796,29.73475873926701,107383600
2017-02-07,30.287410736083984,30.416361365033605,30.03871873154924,30.05944218685019,152735200
2017-02-08,30.404844284057617,30.446294704375685,30.216024742015342,30.24596096148724,92016400
2017-02-09,30.62455177307129,30.63148954064726,30.323902238905653,30.446474171247278,113399600
2017-02-10,30.555171966552734,30.7448136993057,30.538985017759696,30.63380588413618,80262000
2017-02-13,30.82575225830078,30.948327712231414,30.700868920481543,30.777187888155584,92141600
2017-02-14,31.225849151611328,31.24203609878774,30.816503242407816,30.867382554461336,132904800
2017-02-15,31.33916473388672,31.514930892914073,31.133336096768414,31.34147967526806,142492400
2017-02-16,31.30217742919922,31.42937221828726,31.184228293962324,31.37618147763905,90338400
2017-02-17,31.387725830078125,31.41316547764519,31.244340650449203,31.244340650449203,88792800
2017-02-21,31.6143798828125,31.625944005042655,31.447866403547273,31.505683485823404,98028800
2017-02-22,31.709205627441406,31.7115170406935,31.477937262724854,31.55194130441905,83347600
2017-02-23,31.575057983398438,31.79476214360493,31.521867267087664,31.771637432931243,83152800
2017-02-24,31.60512924194336,31.60512924194336,31.285977833286587,31.431678003129807,87106400
2017-02-27,31.66756820678711,31.785517304157608,31.51724521582886,31.7161361049175,81029600
2017-02-28,31.681446075439453,31.785516105939294,31.6143762914484,31.70225937576457,93931600
2017-03-01,32.32901382446289,32.412270604403126,31.82253890277584,31.88960519798053,145658400
2017-03-02,32.13704299926758,32.44231530580074,32.090786518358094,32.37756046717631,104844000
2017-03-03,32.326683044433594,32.33824716533462,32.05147319981067,32.095414741910034,84432400
2017-03-06,32.22492218017578,32.32436937834266,32.05378590671845,32.23185994645789,87000000
2017-03-07,32.26654815673828,32.37292957863088,32.0977197885904,32.16016320597213,69785200
2017-03-08,32.14630126953125,32.331316658871906,32.104674659588994,32.13473714603339,74828800
2017-03-09,32.0722770690918,32.0977167160437,31.6953122464613,32.086156127416366,88623600
2017-03-10,32.178672790527344,32.229552101477296,32.06303863452733,32.20411244600232,78451200
2017-03-13,32.19255828857422,32.24574902871251,32.104678702449114,32.11161647164648,69686800
2017-03-14,32.14398193359375,32.296616327969346,32.109289571651075,32.215674541184775,61236400
2017-03-15,32.48395538330078,32.55102165496475,32.15323979363848,32.24112289963792,102767200
2017-03-16,32.53714370727539,32.61346268385059,32.43769648487442,32.54408147524815,76928000
2017-03-17,32.37523651123047,32.608816122279585,32.35210827973652,32.608816122279585,175540000
2017-03-20,32.71522521972656,32.72447440183468,32.43076258342925,32.470077782920484,86168000
2017-03-21,32.3405647277832,33.02512058613141,32.31512506851309,32.865544862425665,158119600
2017-03-22,32.705963134765625,32.74759326450858,32.32205690311891,32.34287373242752,103440800
2017-03-23,32.590328216552734,32.742966140564654,32.51863560860373,32.66895859115008,81385200
2017-03-24,32.52557373046875,32.77997027326692,32.458507475844264,32.7244646105998,89582400
2017-03-27,32.581085205078125,32.6597155945606,32.05841649279786,32.23649410452276,94300400
2017-03-28,33.25638198852539,33.31188412161657,32.52094696519964,32.58801674785039,133499200
2017-03-29,33.33037185668945,33.41594349032783,33.11529412453589,33.22861328406393,116760000
2017-03-30,33.28644561767578,33.418270246070115,33.18700193986894,33.34657763576764,84829200
2017-03-31,33.22400665283203,33.36508046474853,33.073680132236916,33.237882186975554,78646800
2017-04-03,33.233253479003906,33.33038574000391,33.082930497929304,33.23556842044681,79942800
2017-04-04,33.480712890625,33.50846395747771,33.11068219784257,33.12918408536911,79565600
2017-04-05,33.3072624206543,33.640289345938676,33.25869452368603,33.35351537608284,110871600
2017-04-06,33.22400665283203,33.42289754292948,33.1754387544553,33.36970329021344,84596000
2017-04-07,33.15000534057617,33.34426991291158,33.13381839065242,33.24019985836583,66688800
2017-04-10,33.11067199707031,33.27487399273446,33.04822858701514,33.21011917077841,75733600
2017-04-11,32.75453186035156,33.152313635689204,32.391438919949145,33.05749278170043,121517600
2017-04-12,32.79385757446289,32.87479939158076,32.611153574835186,32.74760460341332,81400000
2017-04-13,32.62039566040039,32.92798293455409,32.62039566040039,32.81928654711352,71291600
2017-04-17,32.80078887939453,32.81235300209678,32.5787697216858,32.71984354935364,66328400
2017-04-18,32.65509033203125,32.849354899207185,32.6342770274499,32.70365823826272,58790000
2017-04-19,32.534828186035156,32.84010408690004,32.48163745623287,32.81235301550316,69313600
2017-04-20,32.94186019897461,33.052868004939796,32.645837030484415,32.65971256512075,93278400
2017-04-21,32.902549743652344,32.9973670869395,32.805417458342916,32.94186494040556,69283600
2017-04-24,33.21938705444336,33.29107968134823,33.113002056249755,33.187009625232285,68537200
2017-04-25,33.425228118896484,33.510796314422144,33.27259009805902,33.28184281204237,75486000
2017-04-26,33.22862243652344,33.441392344548845,33.15924478050825,33.411326341026495,80164800
2017-04-27,33.25407791137695,33.33964960930629,33.14307008005347,33.284143929206884,56985200
2017-04-28,33.22168731689453,33.37201381760551,33.13380776931816,33.323445925653,83441600
2017-05-01,33.89931106567383,34.042696296088565,33.52465751323557,33.55703493716388,134411600
2017-05-02,34.11439514160156,34.2485312163374,33.95944576101237,34.121332910219344,181408800
2017-05-03,34.01032638549805,34.109773620952154,33.36508917721564,33.670361594710705,182788000
2017-05-04,33.88774490356445,34.028818712660346,33.721231439422596,33.88543349087821,93487600
2017-05-05,34.44972610473633,34.45434892975689,33.9409330425496,33.9409330425496,109310800
2017-05-08,35.3863639831543,35.54593968681708,34.465917067774505,34.465917067774505,195009600
2017-05-09,35.613006591796875,35.81883523651143,35.48811973431324,35.58525199631485,156521600
2017-05-10,35.444183349609375,35.60144765064016,35.178226178926415,35.529755032223434,103222800
2017-05-11,35.75071716308594,35.778586322509284,35.36987172307813,35.40238278953829,109020400
2017-05-12,36.24999237060547,36.32430184835647,35.917911815248516,35.92487821805518,130108000
2017-05-15,36.157108306884766,36.377719374463794,36.0061648247098,36.229096845874075,104038800
2017-05-16,36.10369873046875,36.24070940692101,35.92953153528482,36.2128437895926,80194000
2017-05-17,34.8914909362793,35.89469557120535,34.76609212863367,35.66943907336613,203070800
2017-05-18,35.42327880859375,35.60905783309512,35.09584721998728,35.128358283517,134272800
2017-05-19,35.544029235839844,35.75767383492193,35.44417511011823,35.61834224948902,107843200
2017-05-22,35.760009765625,35.8970204419808,35.50920857952385,35.762330719253846,91865600
2017-05-23,35.71588897705078,35.97133208567546,35.60209846050506,35.97133208567546,79675600
2017-05-24,35.60905456542969,35.80179997561155,35.45346566542646,35.725166002158055,76712000
2017-05-25,35.73213577270508,35.843605313747204,35.537069391041626,35.69962470909451,76942400
2017-05-26,35.6717643737793,35.8180659533947,35.602096786179544,35.762331174626766,87710400
2017-05-30,35.68568801879883,35.862176124415456,35.6067330933998,35.62763230128075,80507600
2017-05-31,35.474369049072266,35.801804189612106,35.38612675631136,35.75536031814212,97804800
2017-06-01,35.5718994140625,35.6067349724756,35.348967431354566,35.569578460877615,65616400
2017-06-02,36.09904861450195,36.09904861450195,35.504558565386986,35.6647929311988,111082800
2017-06-05,35.74607467651367,35.86683159485282,35.63693315705113,35.84128693027032,101326800
2017-06-06,35.86683654785156,36.18265992473906,35.71124758515981,35.73911320730124,106499600
2017-06-07,36.080474853515625,36.2221309800143,35.87379659125762,35.999198955536784,84278400
2017-06-08,35.99222946166992,36.119949225164746,35.855215254172016,36.05260614156639,85003200
2017-06-09,34.596561431884766,36.038666982496004,33.909183735883566,36.038666982496004,259530800
2017-06-12,33.76985168457031,33.92544059310496,33.094082235331136,33.8441647090024,289229200
2017-06-13,34.04155731201172,34.24126916682456,33.707155737121326,34.17392607850608,136661600
2017-06-14,33.70948791503906,34.25288882633257,33.4029518870634,34.25288882633257,126124800
2017-06-15,33.507442474365234,33.551565394676025,33.02442193475349,33.282189509280364,128661600
2017-06-16,33.038360595703125,33.556216789987175,33.02210328810194,33.38901597994587,201444400
2017-06-19,33.98349380493164,34.07638507861162,33.36113821675473,33.36113821675473,130165600
2017-06-20,33.67464828491211,34.10658310827601,33.65839452120365,34.10658310827601,99600400
2017-06-21,33.87434768676758,33.920795093838045,33.581748156797836,33.79307181127359,85063200
2017-06-22,33.81861877441406,34.06709541067822,33.70018283912189,33.851129835517035,76425200
2017-06-23,33.96955871582031,34.173915960736686,33.697858402523515,33.702503851755125,141757600
2017-06-26,33.86274337768555,34.434009700347254,33.76056473956652,34.17624215179792,102769600
2017-06-27,33.377403259277344,33.94170686441449,33.351858593309146,33.67464834866677,99047600
2017-06-28,33.86506271362305,33.93008483596802,33.24502805476496,33.55388490762354,88329600
2017-06-29,33.365779876708984,33.7025058690851,33.04066927982692,33.60497269002048,125997600
2017-06-30,33.44474792480469,33.66303804957136,33.38901314504274,33.54460208550732,92096400
2017-07-03,33.323978424072266,33.74198025584956,33.23109070298372,33.64444708567476,57111200
2017-07-05,33.46097946166992,33.62353469869996,33.14283538752267,33.368091767206586,86278400
2017-07-06,33.14516830444336,33.323980901443484,33.07085883073609,33.21251491916274,96515200
2017-07-07,33.48188781738281,33.614256538801015,33.18464286168929,33.18464286168929,76806800
2017-07-10,33.686256408691406,33.89293466698357,33.2937991046057,33.46564534206682,84362400
2017-07-11,33.79539489746094,33.869707918712685,33.52834000714723,33.609615887771454,79127200
2017-07-12,33.84416580200195,33.94634089873578,33.63052116502008,33.874352368642334,99538000
2017-07-13,34.31559371948242,34.48279456304215,33.774513703996334,33.78844651705268,100797600
2017-07-14,34.6104850769043,34.67783167424964,34.21338606721773,34.362008519730395,80528400
2017-07-17,34.731258392333984,35.042436246143644,34.50135997566348,34.5594157040656,95174000
2017-07-18,34.85201644897461,34.863628303726074,34.524581279562305,34.647659144358606,71475200
2017-07-19,35.07030487060547,35.163192617256435,34.82182465598151,34.94490251484222,83692000
2017-07-20,34.91238784790039,35.23750201452352,34.877555832359356,35.18176724621783,68974800
2017-07-21,34.89613723754883,34.93561470653786,34.57334753845936,34.831115107044496,105010400
2017-07-24,35.318782806396484,35.400062245206634,34.81021404818792,34.96812747527722,85972800
2017-07-25,35.469730377197266,35.725173465298916,35.251440263595825,35.251440263595825,75415600
2017-07-26,35.636924743652344,35.74606623734805,35.54403346553693,35.6113800851006,63124000
2017-07-27,34.963478088378906,35.76000445134357,34.20643273532199,35.704269681568036,129905200
2017-07-28,34.717323303222656,34.886845026854395,34.6453347716848,34.80789009184128,68854800
2017-07-31,34.538509368896484,34.9100674095341,34.39917776123744,34.81020972444371,79383600
2017-08-01,34.84504699707031,34.88452446501993,34.4642015812408,34.62443594985058,141474400
2017-08-02,36.49150848388672,37.09761042983001,36.26393102083106,36.98846537701505,279747200
2017-08-03,36.12692642211914,36.50777192249038,35.99920308955295,36.470615399663664,108389200
2017-08-04,36.31734085083008,36.55188471492229,36.154785522081,36.243031362019245,82239600
2017-08-07,36.87930679321289,36.90485144606196,36.38235008241756,36.47291684371169,87481200
2017-08-08,37.17424774169922,37.580637876655814,36.753924797637495,36.83055879115649,144823600
2017-08-09,37.40182876586914,37.450597145794674,36.948994709879614,36.98382673593992,104526000
2017-08-10,36.210506439208984,37.30157582454633,36.049642824288746,37.2782609167138,163217200
2017-08-11,36.71407699584961,36.96819669849492,36.38535954469906,36.508920736715325,105028400
2017-08-14,37.2666015625,37.350530238108185,37.010151843320834,37.143040395265025,88490800
2017-08-15,37.674591064453125,37.81446983217427,37.33421263735661,37.45544374859917,117862000
2017-08-16,37.52305603027344,37.886745852628806,37.33654742570881,37.75386082862469,110686400
2017-08-17,36.80267333984375,37.46710918957584,36.79800964605219,37.42281299194622,111762400
2017-08-18,36.7187385559082,37.185008251856246,36.5368936590769,36.80266724347307,109712400
2017-08-21,36.65113830566406,36.809668326289646,36.161553604591084,36.71874585978823,105474000
2017-08-22,37.25029373168945,37.301583693857005,36.83997759170527,36.88893392818397,86418400
2017-08-23,37.296905517578125,37.41114285393085,37.04045936367374,37.084755546287134,77596400
2017-08-24,37.13138198852539,37.47409044200262,36.963524641624105,37.40181566310647,79275600
2017-08-25,37.26893615722656,37.4321298359122,37.13138745357405,37.21997627494317,101920400
2017-08-28,37.6442756652832,37.76783682215001,37.28524608855897,37.3342059607867,103864000
2017-08-29,37.9799919128418,38.028948229742845,37.30156877694594,37.32488368037345,118067600
2017-08-30,38.082584381103516,38.20847565209221,37.910063287850285,38.18749436648676,109078400
2017-08-31,38.234107971191406,38.35533906569599,38.11287687668682,38.15017929920435,107140400
2017-09-01,38.245784759521484,38.45327469831692,38.147868518923744,38.420635951451004,66364400
2017-09-05,37.7864990234375,38.2924012492851,37.4321330356037,38.17583381778042,117874000
2017-09-06,37.74686050415039,37.99864654293107,37.42280323853875,37.93336907628665,86606800
2017-09-07,37.5953254699707,37.8238001893692,37.38550552322698,37.78882782667486,87714000
2017-09-08,36.982181549072266,37.56967879635614,36.958866641662645,37.50207125663692,114446000
2017-09-11,37.65127944946289,37.77950433243373,37.2759321869604,37.41814459219067,126323200
2017-09-12,37.50205612182617,38.22477527158953,37.0148053468629,37.910041935354585,286856000
2017-09-13,37.219970703125,37.29224548183914,36.8143184135975,37.27126064551317,179629600
2017-09-14,36.90058517456055,37.16169507812137,36.856288982201704,37.066112489582196,95042800
2017-09-15,37.27359390258789,37.52770998723289,36.8352993291783,36.944872972530696,196458400
2017-09-18,36.99150085449219,37.4181379949622,36.835300954542234,37.32721555895089,113077600
2017-09-19,37.00548553466797,37.24794771699612,36.93787800840331,37.187330392736726,83242400
2017-09-20,36.3853645324707,36.895926961005934,35.863141090434226,36.811998257060004,211805600
2017-09-21,35.760555267333984,36.322411121667834,35.61134910242329,36.322411121667834,150046800
2017-09-22,35.41086196899414,35.499454374727826,35.10079210628271,35.329263326096644,186581600
2017-09-25,35.09844970703125,35.39686200772558,34.774392432494984,34.96789477014689,177549200
2017-09-26,35.702266693115234,35.88411157067662,35.364221910846254,35.385203191175236,146640000
2017-09-27,35.95637893676758,36.070616268553735,35.79551535680401,35.856132681053886,102016800
2017-09-28,35.73490524291992,35.96804006499396,35.59968661923437,35.877117626679286,88022000
2017-09-29,35.93074417114258,35.933077796494764,35.43649939685604,35.71859414808069,105199200
2017-10-02,35.858455657958984,36.00766175703643,35.604339631887925,35.96336558495259,74795200
2017-10-03,36.01466751098633,36.156879899456726,35.88178250782671,35.90509385639331,64921200
2017-10-04,35.78153991699219,35.870132308584026,35.54374490380764,35.81651228294703,80655200
2017-10-05,36.226810455322266,36.23846790487071,35.91441072860714,35.94471582860812,85135200
2017-10-06,36.205841064453125,36.25013725286414,36.033320003630024,36.12890614100588,69630400
2017-10-09,36.33173370361328,36.539223575154196,36.25013864157454,36.324739942791545,65051600
2017-10-10,36.34571838378906,36.83530294716818,36.15921336664957,36.38302081015903,62468000
2017-10-11,36.49726104736328,36.59750732414715,36.31075245809779,36.362042409079685,67622400
2017-10-12,36.36902618408203,36.688419698755474,36.30607879655033,36.45062478115478,64500400
2017-10-13,36.59983825683594,36.66744579232641,36.46461962849979,36.539220924304615,65576800
2017-10-16,37.27359390258789,37.30156894094005,36.75370072417806,36.81198442564828,96486000
2017-10-17,37.41115188598633,37.504404408582516,37.122063374168995,37.25028826075554,75989200
2017-10-18,37.245628356933594,37.467109346006374,37.20832947851361,37.39949823649277,65496800
2017-10-19,36.364383697509766,36.62083353154949,36.14057616721742,36.54389858133757,170336800
2017-10-20,36.42732238769531,36.77702468261719,36.35971484258026,36.51125108077079,95896400
2017-10-23,36.40867233276367,36.76303833231093,36.25247239626695,36.576529724267324,87937200
2017-10-24,36.62548828125,36.70008958734267,36.415664770818275,36.43664605465474,71028800
2017-10-25,36.46463394165039,36.73040760998325,36.19886027331753,36.58120140245176,84828400
2017-10-26,36.6977424621582,36.7956586319057,36.55086642885994,36.65577635663554,68002000
2017-10-27,38.01263427734375,38.14085914374413,36.99849635632413,37.13604505057401,177816800
2017-10-30,38.86824417114258,39.18297765530634,38.168839590650364,38.208472089995574,178803200
2017-10-31,39.409122467041016,39.55133490027049,38.919541304792574,39.14334881971863,144187200
2017-11-01,38.907875061035156,39.618937066593105,38.60946273695764,39.602615919526045,134551200
2017-11-02,39.19230651855469,39.283228983403035,38.53253435266287,38.84027411513797,165573600
2017-11-03,40.21574783325195,40.62606374788861,39.89402071223257,40.565449988323714,237594400
2017-11-06,40.62373733520508,40.79625836120741,40.03390659851328,40.18544278973433,140105200
2017-11-07,40.75429916381836,40.85687905844864,40.47220801094028,40.544479239242015,97446000
2017-11-08,41.08769226074219,41.08769226074219,40.64240378911487,40.719338725889955,97638000
2017-11-09,41.00376510620117,41.05505506598256,40.36497423451421,40.82425024696634,117930400
2017-11-10,40.86806106567383,41.03418345671718,40.774473299264116,40.97100975081118,100582000
2017-11-13,40.70426940917969,40.828274771872465,40.57090313035342,40.59430185054368,67928400
2017-11-14,40.08892822265625,40.589630240642535,40.0514916902484,40.48668156159305,99130000
2017-11-15,39.56014633178711,39.85027407149938,39.39636598281399,39.768382111940895,116632400
2017-11-16,40.03276062011719,40.212917164622496,39.845581604781515,40.051475308522264,94550000
2017-11-17,39.81050109863281,40.10062887893677,39.69117616414565,40.018736907920804,87598000
2017-11-20,39.770713806152344,39.9064185208818,39.672445613446854,39.84324483623426,65049600
2017-11-21,40.510074615478516,40.64109889041839,39.957898335272105,39.957898335272105,100525200
2017-11-22,40.93590545654297,40.94526280289188,40.48901630283123,40.56154734000195,102355600
2017-11-24,40.93825149536133,41.062256885815216,40.86337843010541,40.96866912438958,56106800
2017-11-27,40.73234176635742,40.96397622523732,40.55686208936625,40.956957323769124,82867200
2017-11-28,40.49369812011719,40.91484655268083,40.210589294086674,40.78148383440733,105715200
2017-11-29,39.65372848510742,40.45859588089686,39.1109131808278,40.390745306665664,166665600
2017-11-30,40.208248138427734,40.276098715053735,39.41039961629005,39.87600344692711,166108800
2017-12-01,40.02106857299805,40.166130640564205,39.42443691456497,39.76369693362898,159037200
2017-12-04,39.72859191894531,40.388393520644755,39.68881696158599,40.35563746339928,130169600
2017-12-05,39.691158294677734,40.13102844126435,39.401030644992964,39.55545359902563,109400800
2017-12-06,39.543758392333984,39.82218671349077,38.947130355732995,39.1904605999383,114240000
2017-12-07,39.61629867553711,39.878347217695996,39.52036891630265,39.54844452577864,102693200
2017-12-08,39.627994537353516,40.00937156075876,39.49931228026131,39.8900466501275,93420800
2017-12-11,40.400108337402344,40.45158267136319,39.49229216043162,39.58822192555354,141095200
2017-12-12,40.17314529418945,40.33458716270803,40.11699408436946,40.27843238274499,77636800
2017-12-13,40.3065185546875,40.6036616119481,40.24334486253051,40.360331330154146,95273600
2017-12-14,40.294803619384766,40.50771976499916,40.1614373841728,40.336917017782895,81906000
2017-12-15,40.70426940917969,40.751063279416755,40.35097158322487,40.62471947276233,160677200
2017-12-18,41.27750778198242,41.46000639901297,40.912510547921336,40.91719100660374,117684400
2017-12-19,40.837623596191406,41.03650196587789,40.732336517592614,40.95227158897032,109745600
2017-12-20,40.793190002441406,41.043539231567685,40.535818299466435,40.9148533800802,93902400
2017-12-21,40.94759750366211,41.18391242655621,40.734684869859905,40.751061117009336,83799600
2017-12-22,40.94759750366211,41.04352725315094,40.82827260536791,40.87038601530353,65397600
2017-12-26,39.90876007080078,40.11933425698644,39.70052075826751,39.96257283924499,132742000
2017-12-27,39.915767669677734,39.95788106693264,39.70753198625222,39.79878125044672,85992800
2017-12-28,40.02809143066406,40.20825159602638,39.887706237108844,40.00937316684711,65920800
2017-12-29,39.595237731933594,39.913441057833,39.59289928789782,39.89706480929548,103999600
2018-01-02,40.30418395996094,40.313544878374515,39.60226502500425,39.812842847577855,102223600
2018-01-03,40.29715347290039,40.83997234023749,40.2339833574163,40.367346060248224,118071600
2018-01-04,40.48432922363281,40.587277867352185,40.262055690225814,40.36968122128297,89738400
2018-01-05,40.94525909423828,41.03182792816311,40.48901263550257,40.58026192724971,94640000
2018-01-08,40.793190002441406,41.0879946684583,40.69491821029147,40.793190002441406,82271200
2018-01-09,40.78849792480469,40.959297149866934,40.5732432755148,40.83997225073741,86336000
2018-01-10,40.77914810180664,40.78149011644093,40.47732453595691,40.514761068662935,95839600
2018-01-11,41.010780334472656,41.05991622716522,40.825943266073914,40.84933842009661,74670800
2018-01-12,41.43426513671875,41.49743882718429,41.09734354776063,41.22134891451,101672400
2018-01-16,41.22368621826172,41.97239879142603,41.2119868591207,41.623777881825276,118263600
2018-01-17,41.904541015625,41.9396355168708,40.96163066730062,41.21431821655548,137547200
2018-01-18,41.941986083984375,42.13852605820033,41.70567471028857,41.96772324905173,124773600
2018-01-19,41.754817962646484,42.01686654763952,41.509145629143404,41.789912480227976,129700400
2018-01-22,41.41321563720703,41.59571426796285,41.319627877384015,41.48340824214639,108434400
2018-01-23,41.422569274902344,41.984106493976,41.371098510710866,41.48340452646805,130756400
2018-01-24,40.762752532958984,41.48338938039704,40.5240992127342,41.471690023202605,204420400
2018-01-25,40.03509521484375,40.933550117910364,39.89939053102498,40.83060149086561,166116000
2018-01-26,40.12869644165039,40.24334446403802,39.78943640292996,40.24334446403802,156572000
2018-01-29,39.298091888427734,39.812831581035425,39.08985613945785,39.812831581035425,202561600
2018-01-30,39.066463470458984,39.16005122173868,38.535343878079864,38.729541853621896,184192800
2018-01-31,39.17409133911133,39.41040631577507,38.95649819798095,39.04306705153036,129915600
2018-02-01,39.255985260009766,39.45252170117444,39.01733182708451,39.113261603180696,188923200
2018-02-02,37.552642822265625,39.026672506887714,37.45905510933252,38.83949351087909,346375200
2018-02-05,36.61442947387695,38.343489490275864,36.49978143923265,37.22509903691603,290954000
2018-02-06,38.14459991455078,38.30604177963437,36.03182500659377,36.22602293342309,272975200
2018-02-07,37.32804870605469,38.23118457700955,37.21808468690104,38.158653522396854,206434400
2018-02-08,36.30089569091797,37.66963864747033,36.272820084061365,37.503516309901045,217562000
2018-02-09,36.74490737915039,37.09259809366148,35.29540922724705,36.89995995166039,282690400
2018-02-12,38.22494125366211,38.5021531573578,37.003319024356685,37.235897847142596,243278000
2018-02-13,38.60789108276367,38.70421198505764,37.97593706314297,38.04641585957028,130196800
2018-02-14,39.31970977783203,39.359646916272006,38.26489040714786,38.30247598263867,162579600
2018-02-15,40.6400032043457,40.66349374207075,39.702643640911546,39.888234303148494,204588800
2018-02-16,40.5084342956543,41.06991289835843,40.35338530181675,40.49199128049389,160704400
2018-02-20,40.3721809387207,40.938351927509956,40.271160528345504,40.41916559216763,135722000
2018-02-21,40.188926696777344,40.90545052088274,40.174828078577754,40.60239654650913,149886400
2018-02-22,40.52488327026367,40.86552649965354,40.33929262849657,40.360435185527116,123967600
2018-02-23,41.229652404785156,41.26488999005518,40.76919431063251,40.7997359409988,135249600
2018-02-26,42.044864654541016,42.14353351551222,41.39646774614467,41.42935736646841,152648800
2018-02-27,41.908599853515625,42.399596100612726,41.85456768273009,42.075399491200336,155712400
2018-02-28,41.84516906738281,42.43248618806671,41.82872605204726,42.1129855310267,151128400
2018-03-01,41.11219787597656,42.235147908327306,40.562469918991304,41.943837330028686,195208000
2018-03-02,41.39646530151367,41.41760785946614,40.5131379769265,40.595363815229945,153816000
2018-03-05,41.53976821899414,41.75590049541586,40.9994357355902,41.16153583908132,113605600
2018-03-06,41.50452423095703,41.87570906687499,41.37766531511881,41.79583480191392,95154000
2018-03-07,41.11924362182617,41.31188534708122,40.940700517810946,41.098101067014966,126814000
2018-03-08,41.567955017089844,41.61024012699742,41.128642980010106,41.22496025858815,95096400
2018-03-09,42.282142639160156,42.286842180896265,41.673682825885265,41.807592880114115,128740800
2018-03-12,42.69091796875,42.84831856679929,42.336179628492644,42.35497062657902,128828400
2018-03-13,42.27978515625,43.109076643598875,42.10828956078416,42.895292351414525,126774000
2018-03-14,41.92034912109375,42.40899741596787,41.77234405342869,42.36201276130099,117473600
2018-03-15,41.96968460083008,42.34322105481381,41.83343016846324,41.934447003614444,90975200
2018-03-16,41.82167434692383,42.08009170333701,41.727701466201786,41.969675808925395,157618800
2018-03-19,41.182674407958984,41.69246520374782,40.79739454647945,41.65722761279198,133787200
2018-03-20,41.1685791015625,41.53506438389557,41.098100335414074,41.1685791015625,78597600
2018-03-21,40.23591613769531,41.13333469644527,40.23356457536566,41.121587638893054,148219600
2018-03-22,39.667396545410156,40.56716314673629,39.60866483810851,39.937560965118145,165963200
2018-03-23,38.748844146728516,39.91877912576028,38.748844146728516,39.55934124916197,164115200
2018-03-26,40.588314056396484,40.6658403493108,39.10122662256602,39.48415854628537,150164800
2018-03-27,39.5475959777832,41.14744769404664,39.2140001889255,40.80210484250869,163690400
2018-03-28,39.11063003540039,39.942273284293705,38.80757590603423,39.29152475547946,166674000
2018-03-29,39.41603469848633,40.348694771240936,39.20929788093871,39.42308221865727,153594000
2018-04-02,39.15761184692383,39.68854890632688,38.63842543352329,39.14821634870157,150347200
2018-04-03,39.5593376159668,39.64391143708724,38.73474554856729,39.38314245402419,121112000
2018-04-04,40.315799713134766,40.40976902587753,38.708900806216754,38.73474290492594,138422000
2018-04-05,40.595367431640625,40.93131116470009,40.426219783553385,40.54368322890842,107732800
2018-04-06,39.55699157714844,40.52018969217468,39.51470287216489,40.16545137256232,140021200
2018-04-09,39.94932556152344,40.66350185857179,39.902340891995344,39.90938841318953,116070800
2018-04-10,40.70108413696289,40.87727930638697,40.297009594974334,40.64235241382153,113634400
2018-04-11,40.51078796386719,40.858478709963855,40.336940798469165,40.461451746423364,89726400
2018-04-12,40.910152435302734,41.11218962484706,40.65173152378146,40.73865687658323,91557200
2018-04-13,41.048763275146484,41.309532195215816,40.842030106003335,41.06051033337822,100497200
2018-04-16,41.30484390258789,41.391765697170506,41.07226501136739,41.119249668312065,86313600
2018-04-17,41.87336349487305,42.03781157474124,41.44344692448237,41.462241502852926,106421600
2018-04-18,41.779388427734375,42.00961931226193,41.55386066842869,41.772340909299764,83018000
2018-04-19,40.595367431640625,41.203827218251746,40.56247781032921,40.82089523929037,139235200
2018-04-20,38.93208312988281,40.22418097949111,38.86395232674434,40.07852745991191,261964400
2018-04-23,38.819313049316406,39.213988427152856,38.54914502750533,39.19284587149001,146062000
2018-04-24,38.27898406982422,39.075386001140814,37.87490957405361,38.92033340945452,134768000
2018-04-25,38.445777893066406,38.861599424791336,38.15447089081557,38.20380352230031,113528400
2018-04-26,38.57969284057617,38.934431141828505,38.380003557038926,38.55619871850129,111852000
2018-04-27,38.13334274291992,38.60554460333177,37.7363156395032,38.52801828272076,142623200
2018-04-30,38.82401657104492,39.29387035128862,38.020567036992176,38.08869784255944,169709600
2018-05-01,39.72614288330078,39.74963342405332,38.826372365902685,39.09418890644335,214277600
2018-05-02,41.48104476928711,41.75825679274042,40.83029624761953,41.166239996519735,266157600
2018-05-03,41.556209564208984,41.69951508337644,40.980639509575454,41.31893474070514,136272800
2018-05-04,43.18660354614258,43.28527239361948,41.85691670617901,41.875711284464984,224805200
2018-05-07,43.49906539916992,44.08873062408348,43.40274451042906,43.503761356157284,169805600
2018-05-08,43.70814895629883,43.74808609775909,43.14902180645542,43.459127024429044,113611200
2018-05-09,44.01590347290039,44.02529897149268,43.513160057763855,43.825613260281884,92844800
2018-05-10,44.6454963684082,44.72302265798103,44.08402134819816,44.10516748877199,111957200
2018-05-11,44.47570037841797,44.82237483155684,44.20685116971051,44.68795202646433,104848800
2018-05-14,44.37193298339844,44.69738334833763,44.30354306537909,44.5747493038135,83115200
2018-05-15,43.968658447265625,44.117234231162634,43.652643426187645,44.048840718550096,94780800
2018-05-16,44.379005432128906,44.445041913162775,43.864891761356354,43.88140178124538,76732400
2018-05-17,44.09836196899414,44.55116036327544,43.949786202651836,44.33655172267472,69176000
2018-05-18,43.93800735473633,44.29175654638332,43.89555917902967,44.14554136536321,73190800
2018-05-21,44.249298095703125,44.63606364482012,44.07949823525937,44.336555057853765,73603200
2018-05-22,44.13846206665039,44.5440947186547,44.0488444625845,44.426178333735365,60962800
2018-05-23,44.42145538330078,44.45447182320738,43.808288815295995,43.94743286781569,80233600
2018-05-24,44.37193298339844,44.53465816586804,43.914420445273656,44.51815174366573,92936000
2018-05-25,44.47333908081055,44.725678244441816,44.25401275871705,44.390796181399885,69844000
2018-05-29,44.31296920776367,44.51342847074933,44.07006178001697,44.24222226649526,90056400
2018-05-30,44.218650817871094,44.33656722005208,44.04885091084863,44.27053432271257,74762000
2018-05-31,44.070072174072266,44.39080491138191,43.897915245512195,44.15261508971598,109931200
2018-06-01,44.86482238769531,44.86953645162613,44.277597561320896,44.33419871518947,93770000
2018-06-04,45.239803314208984,45.61477657652399,45.12660458565633,45.19499450955699,105064800
2018-06-05,45.58883285522461,45.73740865401023,45.36479244017438,45.532235292656786,86264000
2018-06-06,45.74683380126953,45.77041851462867,45.2610189336562,45.66429450155658,83734400
2018-06-07,45.62419891357422,45.798712820715565,45.36006382412186,45.784563433490234,85388800
2018-06-08,45.20914077758789,45.27989132749158,44.753985263930446,45.08414969878442,106627200
2018-06-11,45.09829330444336,45.272810825351335,44.85774650355641,45.126595679888055,73234000
2018-06-12,45.34591293334961,45.423738159030144,45.0794208210364,45.13602196658267,67644400
2018-06-13,44.97330856323242,45.48742587356639,44.91199333844062,45.37894121591051,86553600
2018-06-14,44.996891021728516,45.17848325327996,44.86010759003595,45.17376559052578,86440400
2018-06-15,44.5346565246582,44.84595748808827,44.397873095137925,44.81529807845651,246876800
2018-06-18,44.511077880859375,44.62427660179374,44.147893403349705,44.308261556652305,73939600
2018-06-19,43.791786193847656,43.94271901773257,43.26351951098928,43.662077454917885,134314000
2018-06-20,43.98281478881836,44.147897020063795,43.801222535187,43.947441310166745,82514800
2018-06-21,43.737552642822266,44.4191092904368,43.61491857931583,44.159691771196826,102847600
2018-06-22,43.610191345214844,43.900264617780905,43.558307852752996,43.893189923219936,108801600
2018-06-25,42.96165466308594,43.61019477128706,42.62205490339157,43.25172795844052,126652400
2018-06-26,43.494625091552734,43.989875223254224,43.048901412430034,43.15502901102434,98276800
2018-06-27,43.43095397949219,44.166750904211135,43.40029457478834,43.68329311517857,101141200
2018-06-28,43.74697494506836,43.91441778022943,43.34605999142176,43.416810535835204,69460800
2018-06-29,43.654998779296875,44.145531311824726,43.136167469409244,43.93327968606021,90950800
2018-07-02,44.1431770324707,44.17147941242454,43.25644709523927,43.35078236421446,70925200
2018-07-03,43.37435531616211,44.32476093119673,43.28473772713927,44.28702683071112,55819200
2018-07-05,43.723392486572266,43.961585878435855,43.459260945558434,43.690376043945534,66416800
2018-07-06,44.32949447631836,44.43797555593009,43.67623657187615,43.72812007900286,69940800
2018-07-09,44.945011138916016,44.96859225753732,44.64314547179164,44.69031130755683,79026400
2018-07-10,44.89076614379883,45.110088877632826,44.85067140893668,44.97566607914282,63756400
2018-07-11,44.308250427246094,44.75633113401517,44.24457458836112,44.45446555499824,75326000
2018-07-12,45.05113220214844,45.14074980316631,44.64549956394025,44.697383059421924,72164400
2018-07-13,45.12187957763672,45.24215298223861,45.02046962595416,45.06292139132797,50055600
2018-07-16,45.0228385925293,45.43318534216058,44.90727923050014,45.16669673769916,60172400
2018-07-17,45.150184631347656,45.24923396629142,44.61956088081296,44.749269628425964,62138000
2018-07-18,44.90256118774414,45.23272924852803,44.79171949001588,45.22801158520352,65573600
2018-07-19,45.251590728759766,45.40959824469999,44.735116413293575,44.735116413293575,81147200
2018-07-20,45.1478271484375,45.38129929328812,44.84831851576083,45.228009428517055,82704800
2018-07-23,45.18791580200195,45.27045870835064,44.70445791879335,44.96858946147332,63957600
2018-07-24,45.51572036743164,45.67137084476869,45.29167997651918,45.38601163631743,74791600
2018-07-25,45.9449462890625,45.95202098494442,45.38130246130209,45.52987827186808,66839600
2018-07-26,45.80107879638672,46.213786098393896,45.65957771057542,45.89541045457952,76304000
2018-07-27,45.03934097290039,46.032198508380596,44.83181058429597,45.9850326745397,96096000
2018-07-30,44.7869987487793,45.327054166940535,44.58890010095334,45.256303621710636,84118000
2018-07-31,44.87662124633789,45.31291335911361,44.65258080944883,44.878981877356686,157492000
2018-08-01,47.520294189453125,47.58160940261683,46.53215449381962,46.96137178153096,271742800
2018-08-02,48.90936279296875,49.14283855349093,47.24910151371287,47.30334204851275,249616000
2018-08-03,49.05085372924805,49.227728287281295,48.458911238642635,48.82445271161577,133789600
2018-08-06,49.30556106567383,49.348009238803435,48.83389550544632,49.05321826366124,101701600
2018-08-07,48.843318939208984,49.40695904402814,48.76077604077673,49.364510878106664,102349600
2018-08-08,48.8763313293457,49.00839707707768,48.23250900989143,48.59333278441692,90102000
2018-08-09,49.2607421875,49.472990206787024,48.86454132670314,49.41403202381597,93970400
2018-08-10,49.11402130126953,49.48557902120588,48.9104936737248,49.07378955771502,98444800
2018-08-13,49.43114471435547,49.92339766557186,49.15425310638555,49.53527563245895,103563600
2018-08-14,49.639408111572266,49.83110202995326,49.28678360256795,49.73643952568758,82992000
2018-08-15,49.75537872314453,49.87370867325662,49.3033574470419,49.513984613795685,115230400
2018-08-16,50.48427963256836,50.60024064494456,50.04645747690956,50.11272194430814,114001600
2018-08-17,51.49244689941406,51.580009882061766,50.44641087085181,50.51267533520291,141708000
2018-08-20,50.9907341003418,51.87110544133441,50.90790170638591,51.615515974972475,121150800
2018-08-21,50.89133071899414,51.40015154482209,50.65230557912929,51.30785435109778,104639200
2018-08-22,50.893707275390625,51.20373113650399,50.60734723529338,50.66888111445021,76072400
2018-08-23,50.997825622558594,51.36701436188184,50.78719852839893,50.799028630418015,75532800
2018-08-24,51.15639114379883,51.33151711174363,50.90789759315165,51.26052204968089,73905600
2018-08-27,51.57765579223633,51.76698442201551,51.196633233845155,51.39069246128995,82100400
2018-08-28,51.99415969848633,52.19295307283816,51.80956533499646,51.830863851289415,91107200
2018-08-29,52.77042007446289,52.89111892678054,51.9255461639556,52.10067216748591,109019200
2018-08-30,53.25557327270508,54.019983684968324,52.63315662379613,52.83431896914379,195175200
2018-08-31,53.87087631225586,54.16433217972294,53.485119647726634,53.605814856654966,173360400
2018-09-04,54.04364013671875,54.23769932388201,53.634219632745676,54.05547385071295,109560400
2018-09-05,53.69102096557617,54.353669291891656,53.27213561587266,54.19274232139055,133332000
2018-09-06,52.79881286621094,53.804617207503874,52.37282442296422,53.539555725515555,137160000
2018-09-07,52.37281799316406,53.336021566308695,52.23318956842449,52.50298161416799,150479200
2018-09-10,51.66994094848633,52.50298455848554,51.229753521678255,52.28998854549572,158066000
2018-09-11,52.976318359375,53.082814588728695,51.25106572150036,51.59422184325931,142996000
2018-09-12,52.31840133666992,53.24847293050739,52.02730708462673,53.23427391550883,197114800
2018-09-13,53.582157135009766,54.041277818620834,52.67338418396215,52.89821031768042,166825600
2018-09-14,52.97394943237305,53.683929109361706,52.66156025229259,53.425970693396906,127997200
2018-09-17,51.56344223022461,52.76330562803429,51.4190795969982,52.5739770516672,148780400
2018-09-18,51.648651123046875,52.50299339478895,51.3835896141256,51.54215129305673,126286800
2018-09-19,51.67941665649414,51.97524150544351,50.95287270526893,51.710183596350696,108495200
2018-09-20,52.072261810302734,52.60474642477888,51.86400000551983,52.121961963223164,106435200
2018-09-21,51.51138687133789,52.387027646018495,51.42382026606977,52.24976449154423,384986800
2018-09-24,52.25211715698242,52.36334755507514,51.26761510511505,51.312581046191944,110773600
2018-09-25,52.58344268798828,52.73253952080937,51.994158473109636,52.005992185596426,98217600
2018-09-26,52.16456604003906,52.95264380917307,52.008369665368996,52.30182919252401,95938800
2018-09-27,53.23663330078125,53.589257782363156,52.902942040808725,52.969210122012925,120724800
2018-09-28,53.423583984375,53.447247797438386,53.016528843808686,53.198754287850285,91717600
2018-10-01,53.78331756591797,54.294503721470214,53.56795984146107,53.946613444314615,94403200
2018-10-02,54.2613639831543,54.43175934477716,53.6342168960301,53.780944830872215,99152800
2018-10-03,54.92164993286133,55.2529722591602,54.37969688559939,54.44359605250793,114619200
2018-10-04,53.95608901977539,54.98792627312138,53.657895250567,54.61636851661356,128168000
2018-10-05,53.0804443359375,54.055485523559796,52.202438179564524,53.94898929690006,134322000
2018-10-08,52.957374572753906,53.201133924424155,52.112497192021806,52.588185792016155,118655600
2018-10-09,53.69102096557617,53.785687075702874,52.597653574398485,52.9266106334102,107564000
2018-10-10,51.20372772216797,53.567961035959435,51.130363742966665,53.35733390390222,167962400
2018-10-11,50.751705169677734,51.946838159353845,50.247622134232415,50.76827309287209,212497600
2018-10-12,52.564517974853516,52.74674706543594,51.31731958871107,52.16456226162704,161351600
2018-10-15,51.44038772583008,52.498257597389845,51.419089204933876,52.33969592325769,123164000
2018-10-16,52.573978424072266,52.77277542057539,51.29838211796035,51.811933502380235,116736000
2018-10-17,52.346797943115234,52.68995403710675,51.908975733135755,52.609490546874305,91541600
2018-10-18,51.12326431274414,52.00363928676678,50.408550519609015,51.55871759140356,130325200
2018-10-19,51.901878356933594,52.363364406501475,51.456956621379305,51.606053503217865,132314800
2018-10-22,52.21900177001953,52.860351642227485,51.814315392093164,52.01547412607482,115168400
2018-10-23,52.71125411987305,52.83431826872994,50.810875570252065,51.078302390515155,155071200
2018-10-24,50.90317153930664,53.066242647781394,50.77300788610359,52.68048950792541,163702000
2018-10-25,52.01783752441406,52.3917605334903,51.2960242350942,51.52321928773726,119423200
2018-10-26,51.189517974853516,52.110124497595585,50.330441703120535,51.09485188352168,189033600
2018-10-29,50.22868728637695,51.99180242637242,48.77322705892924,51.87347250273323,183742000
2018-10-30,50.47954177856445,50.924459797370716,49.525802965453806,49.970720984260076,146640000
2018-10-31,51.79536437988281,52.17165259816873,51.26524512370163,51.32677898331654,153435600
2018-11-01,52.59054946899414,52.62368170185567,51.3102188792331,51.84033821616022,233292800
2018-11-02,49.1021842956543,50.562375125777734,48.61703088459364,49.59207191479913,365314800
2018-11-05,47.70827102661133,48.3709195056792,46.89889455695221,48.34962098016957,264654800
2018-11-06,48.224178314208984,48.449004447935366,47.731925396254766,47.78635615026074,127531600
2018-11-07,49.68674087524414,49.712773606380615,48.30938225721915,48.74483556791726,133697600
2018-11-08,49.51337432861328,49.90047339465784,49.100148077728555,49.86722555541948,101450400
2018-11-09,48.55868148803711,48.92440772185427,48.03146315999094,48.815166373876544,137463200
2018-11-12,46.112579345703125,47.46149946228675,46.02233365648393,47.259635249162585,204542000
2018-11-13,45.6518669128418,46.82742019236441,45.46662838994701,45.5093776926308,187531600
2018-11-14,44.3623046875,46.18619210460232,44.155689779845716,46.04845004074686,243204000
2018-11-15,45.45711898803711,45.59011034254825,44.38605662645267,44.73991147050331,185915200
2018-11-16,45.9605827331543,46.30256253867102,44.994018333700204,45.241001735605465,147713200
2018-11-19,44.13907241821289,45.28850181754832,43.93246111209579,45.122262627353955,167701200
2018-11-20,42.03020477294922,43.09651653057792,41.68110061533722,42.36030964576851,271300800
2018-11-21,41.98270034790039,42.81152632280583,41.928079679401435,42.68328208090455,124496800
2018-11-23,40.9163818359375,41.93994755087107,40.87126262756311,41.54572068724167,94496000
2018-11-26,41.469730377197266,41.548101052609525,40.43429311450375,41.37948832190566,179994000
2018-11-27,41.379486083984375,41.50535314333375,40.581534441910556,40.73114788347668,165549600
2018-11-28,42.97064971923828,43.05376751403634,41.543358788745984,41.9708336400061,184250000
2018-11-29,42.64054489135742,43.41237317618883,42.201195033571544,43.379125333484275,167080000
2018-11-30,42.410179138183594,42.82577894068575,42.04207573121886,42.81627748733265,158126000
2018-12-03,43.89208984375,43.92058695583574,43.034766692325256,43.80659488375015,163210000
2018-12-04,41.96132278442383,43.314989706776934,41.861579287381176,42.973009931921005,165377200
2018-12-06,41.49349594116211,41.50774450135325,40.472306850453954,40.7905367738684,172393600
2018-12-07,40.01396179199219,41.438875810181194,39.96883893495053,41.20139014048303,169126400
2018-12-10,40.27756118774414,40.39392681826417,38.788525387961656,39.185125924591716,248104000
2018-12-11,40.04719543457031,40.797647130558154,39.66009277068402,40.76677646859411,189126800
2018-12-12,40.1588134765625,40.8285209353053,40.13981419510096,40.46754183502088,142510800
2018-12-13,40.598167419433594,40.98289660129505,40.265688989423055,40.48892605974861,127594400
2018-12-14,39.29912185668945,40.15407159200264,39.25162545444832,40.13507230635754,162814800
2018-12-17,38.93338394165039,39.98069614858021,38.64602481476613,39.29198583874038,177151600
2018-12-18,39.439239501953125,39.78596648532235,39.04026176741648,39.2753738408261,135366000
2018-12-19,38.20906066894531,39.766965732375674,37.78158583477407,39.422612313422675,196189200
2018-12-20,37.244869232177734,38.498792982639806,36.88151653310877,38.09269098875768,259092000
2018-12-21,35.79620361328125,37.560723512525044,35.53497162650569,37.25199150656966,382978400
2018-12-24,34.8700065612793,35.9909387378282,34.8130087201228,35.18348562828449,148676800
2018-12-26,37.32562255859375,37.33987111908619,34.84389801591564,35.219125811772976,234330000
2018-12-27,37.083370208740234,37.23061372589875,35.63946113582049,37.00975026203208,212468400
2018-12-28,37.10237121582031,37.64621522429912,36.70339718009544,37.40397891761338,169165600
2018-12-31,37.46098327636719,37.845708823973354,37.16174907379083,37.64859532308761,140014000
2019-01-02,37.50373077392578,37.72459429722969,36.627408207295694,36.784149594963864,148158800
2019-01-03,33.76807403564453,34.60639781423897,33.72295119720163,34.19317161474013,365248800
2019-01-04,35.20960998535156,35.27848283128066,34.15042635194018,34.323789806748884,234428400
2019-01-07,35.13125228881836,35.34499155915994,34.64915668419154,35.314117263459316,219111200
2019-01-08,35.80095291137695,36.05506423362693,35.271361057087084,35.51834447775036,164101200
2019-01-09,36.408905029296875,36.698637657876624,35.53496004218134,35.92918325716199,180396400
2019-01-10,36.52528381347656,36.56565592820539,35.82707561156554,36.21655182724987,143122800
2019-01-11,36.166690826416016,36.50154648837544,35.981452295064784,36.306810124740636,108092800
2019-01-14,35.622840881347656,35.924448615457706,35.43760239866407,35.824705095839064,129756800
2019-01-15,36.351924896240234,36.42791840883774,35.634717322934954,35.68696444823326,114843600
2019-01-16,36.7960319519043,37.019269071588305,36.335309151491586,36.35430844079915,122278800
2019-01-17,37.01449966430664,37.44197439864599,36.3970357565118,36.62027276354135,119284800
2019-01-18,37.24250030517578,37.494234507163135,37.04300961084738,37.40398880315132,135004000
2019-01-22,36.40654373168945,37.22111761208294,36.24505163700586,37.14512410332922,121576000
2019-01-23,36.553794860839844,36.84352767582212,36.0265763695602,36.60841555173996,92522400
2019-01-24,36.26405715942383,36.68678131637326,36.03607297019486,36.59891278758119,101766000
2019-01-25,37.465728759765625,37.553600900151864,36.64878130027886,36.924261855530716,134142000
2019-01-28,37.11900329589844,37.1261275746307,36.49204140125868,36.997883309964045,104768400
2019-01-29,36.73426818847656,37.55359634769264,36.598903290698956,37.107122292669665,166348800
2019-01-30,39.2444953918457,39.45823098230422,38.05231666544547,38.7695241919444,244439200
2019-01-31,39.527099609375,40.13506210044691,39.080625569606816,39.4487289349215,162958400
2019-02-01,39.54609298706055,40.130305383973045,39.40597376494257,39.650587204067136,130672400
2019-02-04,40.669403076171875,40.7667730276874,39.72658509160154,39.75745937470211,125982000
2019-02-05,41.365238189697266,41.578977394234336,40.93064275033117,41.05175909628241,144406400
2019-02-06,41.379486083984375,41.6953423197784,41.049381294111875,41.47685241143466,112958400
2019-02-07,40.59579086303711,41.30824769496477,40.45329804715444,40.94251782527925,126966800
2019-02-08,40.643497467041016,40.70312351098446,40.16887284710859,40.30482197415641,95280000
2019-02-11,40.409759521484375,40.83430028954994,40.36683051801173,40.79613874916217,83973600
2019-02-12,40.75797653198242,40.78421213565277,40.474155993899046,40.56955984328428,89134000
2019-02-13,40.58863067626953,41.13719089744632,40.52662091325393,40.87722227186637,89960800
2019-02-14,40.73649978637695,40.84620963108841,40.39782441124615,40.476531198600185,87342800
2019-02-15,40.64588165283203,40.951166710090945,40.486084289992206,40.84384055765046,98507200
2019-02-19,40.767520904541016,40.88916037492393,40.42407791568553,40.47654913050066,75891200
2019-02-20,41.02986145019531,41.33753378782997,40.781818778905716,40.82951887269788,104457600
2019-02-21,40.79853057861328,41.1109705190727,40.61726868472074,40.975025008474674,68998800
2019-02-22,41.25406265258789,41.26121748586465,40.874841931781916,40.922542033388446,75652800
2019-02-25,41.55458068847656,41.94572738329007,41.48779981174876,41.53788728893703,87493600
2019-02-26,41.57842254638672,41.809771827642344,41.30175690127716,41.430551160576144,68280800
2019-02-27,41.707210540771484,41.738217238147755,41.19681191554491,41.311296503110974,111341600
2019-02-28,41.296993255615234,41.71676290033313,41.24213831860219,41.57604632138093,112861600
2019-03-01,41.731056213378906,41.77398519788265,41.234967325397555,41.56648782754817,103544800
2019-03-04,41.94094467163086,42.39410097599845,41.4925558286642,41.902783144722314,109744800
2019-03-05,41.86463165283203,41.97672889044358,41.62851124268091,41.9624192242437,78949600
2019-03-06,41.62375259399414,41.855101951305556,41.485419725962615,41.65952676706904,83241600
2019-03-07,41.141963958740234,41.60466257047475,41.027482991072056,41.46871346445025,99185600
2019-03-08,41.23974609375,41.27790762437119,40.42644621389484,40.622021328865515,95997600
2019-03-11,42.668392181396484,42.72086338701754,41.82170533647012,41.855095772839455,128044000
2019-03-12,43.14777755737305,43.567543462773116,42.780479205774704,42.93073795318164,129870400
2019-03-13,43.33858871459961,43.71780942231808,43.15016840672244,43.46737934842093,124130000
2019-03-14,43.82037353515625,43.908622559617235,43.54132407131877,43.86091881048801,94318000
2019-03-15,44.39038848876953,44.67898009371108,43.82275112158004,44.08749085728255,156171600
2019-03-18,44.84355545043945,44.931800829531916,44.31168852645204,44.314075897314986,104879200
2019-03-19,44.48817443847656,45.07489619113061,44.34268677569581,44.92225369569541,126585600
2019-03-20,44.87693786621094,45.19414879506152,44.05886680985221,44.416623003991106,124140800
2019-03-21,46.529762268066406,46.82550865122841,45.27046095796305,45.32054841838831,204136800
2019-03-22,45.56622314453125,47.149890713415324,45.50182599858827,46.589404449121496,169630800
2019-03-25,45.0152702331543,45.78802127537282,44.50487154702467,45.67592404455743,175381200
2019-03-26,44.55017852783203,46.00267123954299,44.023086513229856,45.71169595103682,199202000
2019-03-27,44.950870513916016,45.25853921871362,44.492943053204904,45.01765137448114,119393600
2019-03-28,45.0105094909668,45.21085213029726,44.726688932272815,45.06536443379383,83121600
2019-03-29,45.303855895996094,45.334862595503004,44.96756422056934,45.27523656677985,94256000
2019-04-01,45.61152648925781,45.716465238779,44.929404601308974,45.706926675834836,111448000
2019-04-02,46.274574279785156,46.379516683711444,45.56621669256709,45.57575525688568,91062800
2019-04-03,46.5917854309082,46.866063737526034,46.06707340893333,46.090925278762874,93087200
2019-04-04,46.67287826538086,46.83505934250355,46.06469194760166,46.458222344190496,76457200
2019-04-05,46.98530578613281,47.00915765087475,46.7301046626718,46.854127808619374,74106400
2019-04-08,47.724674224853516,47.75567728467312,46.82789643538214,46.846977201039394,103526800
2019-04-09,47.58157730102539,48.38056764876141,47.51718016237022,47.77715244831723,143072800
2019-04-10,47.84870147705078,47.8773244498053,47.26675076793066,47.38600284310168,86781200
2019-04-11,47.450401306152344,47.939335555847514,47.32876549622773,47.90356138801222,83603200
2019-04-12,47.43132019042969,47.734221486599644,46.79690190331519,47.51002699837706,111042800
2019-04-15,47.517173767089844,47.66504879296179,47.226198455924894,47.36214754820143,70146400
2019-04-16,47.521949768066406,48.027577378944855,47.35738132962048,47.57203723861774,102785600
2019-04-17,48.44734573364258,48.50697176693292,47.369306032753535,47.59111312973718,115627200
2019-04-18,48.621437072753906,48.69060164781038,48.30184251067501,48.44494276091419,96783200
2019-04-22,48.78123092651367,48.87901845617408,48.258906497522965,48.375774787064636,77758000
2019-04-23,49.484832763671875,49.54922989372461,48.63098759521515,48.75739448502875,93292000
2019-04-24,49.40851593017578,49.72333948607253,49.38228033057737,49.45621602782266,70162400
2019-04-25,48.96012496948242,49.55161416212724,48.92196343723849,49.32980707961694,74172800
2019-04-26,48.72639083862305,48.89334298926619,48.20644998172418,48.86949112233834,74596400
2019-04-29,48.800331115722656,49.12469688428121,48.62145301481061,48.750243646182206,88818800
2019-04-30,47.86063003540039,48.511745382518534,47.488564122761446,48.4306548403864,186139600
2019-05-01,50.20989227294922,51.352325495464314,49.90221989618125,50.05724976982913,259309200
2019-05-02,49.88312530517578,50.71788955888418,49.639853771521906,50.04769369747791,127985200
2019-05-03,50.50324630737305,50.52471080427624,50.140719033888494,50.29813262307989,83569600
2019-05-06,49.72333526611328,49.809196890304364,48.53558583087321,48.724002474337155,129772400
2019-05-07,48.38295364379883,49.47053202213597,47.89879049413808,49.103237220053025,155054800
2019-05-08,48.392486572265625,48.97443723236416,48.11820827819037,48.153982442014374,105358000
2019-05-09,47.87253952026367,48.10150140045921,46.90421353185238,47.796216467342845,139634400
2019-05-10,47.209354400634766,47.609193424330066,46.15350333476438,47.26681714942141,164834800
2019-05-13,44.46556091308594,45.365788479732885,43.77841929201786,44.94201315243579,229722400
2019-05-14,45.169464111328125,45.4184619831724,44.39134073852921,44.63076331477503,146118800
2019-05-15,45.71055603027344,45.90927719917939,44.537386913882365,44.597242555602286,106178800
2019-05-16,45.50943374633789,46.08165343188728,45.212548501742816,45.4687323557019,132125600
2019-05-17,45.25086975097656,45.70577121307955,44.714561831332965,44.75526323345386,131516400
2019-05-20,43.83589172363281,44.13756659807393,43.1631146676168,43.938845361937226,154449200
2019-05-21,44.676265716552734,45.011455948466185,44.221360512327884,44.3458613070241,113459200
2019-05-22,43.76166915893555,44.4631793828225,43.70660297552515,44.2117848841149,118994400
2019-05-23,43.01466369628906,43.22535309271578,42.57173044037936,43.04818271299096,146118800
2019-05-24,42.849464416503906,43.608433644945144,42.76566504244201,43.143953201217286,94858800
2019-05-28,42.67228317260742,43.23732057790703,42.595669850740556,42.837485328671484,111792800
2019-05-29,42.46879196166992,42.940454887046144,42.138387526779006,42.23894460407194,113924800
2019-05-30,42.68905258178711,42.91171385804956,42.29879255396897,42.605253206009266,84873600
2019-05-31,41.91571807861328,42.61483166128946,41.89656383142089,42.19344552965514,108174400
2019-06-03,41.491939544677734,42.59807084717863,40.766489319881806,42.042612284986966,161584400
2019-06-04,43.00986862182617,43.05535949284863,41.78402628112911,42.004294598391965,123872000
2019-06-05,43.70420455932617,44.2907929158903,43.36901434411754,44.12080124391348,119093600
2019-06-06,44.345848083496094,44.40570372515362,43.61081905035835,43.83348393703956,90105200
2019-06-07,45.52621078491211,45.94998985503987,44.47754216929505,44.654712574082296,122737600
2019-06-10,46.108001708984375,46.77598911152849,45.878154420674264,45.923645296205336,104883600
2019-06-11,46.64191818237305,46.92683167348995,46.35221886941992,46.65389004356182,107731600
2019-06-12,46.493473052978516,46.91964496831461,46.3019342514873,46.43601031654152,73012800
2019-06-13,46.483890533447266,47.11596597251329,46.35221104250315,46.61557367768987,86698400
2019-06-14,46.14631271362305,46.349819729325915,45.56212099174863,45.86139923834012,75046000
2019-06-17,46.4216423034668,46.67782620889428,46.009835187677666,46.1846126421805,58676400
2019-06-18,47.51342010498047,47.95395686657399,46.73769312332653,46.93880725536278,106204000
2019-06-19,47.37456130981445,47.855803202090904,47.24048520263492,47.80791574669828,84496800
2019-06-20,47.75524139404297,48.03057596879343,47.41286511903979,47.97311321999092,86056000
2019-06-21,47.592430114746094,48.08803671259237,47.44159268874081,47.5972195902715,191202400
2019-06-24,47.54454040527344,47.92282855213777,47.446376262360126,47.53496145541416,72881600
2019-06-25,46.82387924194336,47.7073455597451,46.75683755347193,47.508624365019834,84281200
2019-06-26,47.83664321899414,48.12155673926339,47.250058493716004,47.3506155620523,104270000
2019-06-27,47.822265625,48.26040936812675,47.78156422634431,47.95394511635136,83598800
2019-06-28,47.38651657104492,47.764804685647896,47.17822009560668,47.568476416564636,124442400
2019-07-01,48.25562286376953,48.95952585004053,48.04014034472605,48.64348628342958,109012000
2019-07-02,48.538150787353516,48.633922035339324,48.21014293958858,48.22211480224925,67740800
2019-07-03,48.94038009643555,48.94756248298667,48.52857288544068,48.66983135867862,45448000
2019-07-05,48.897274017333984,49.100784678008225,48.578841537594826,48.68658462459811,69062000
2019-07-08,47.889312744140625,48.21971347045251,47.5038421856941,48.07845500360109,101354400
2019-07-09,48.181400299072266,48.24604176393507,47.59960154221708,47.69297620031747,82312000
2019-07-10,48.65785217285156,48.77756346841761,48.25801688405682,48.32745148133247,71588400
2019-07-11,48.30351257324219,48.93558813067086,48.29393727609442,48.67701126809106,80767200
2019-07-12,48.674625396728516,48.84222052079679,48.41125902083571,48.471114683238646,70380800
2019-07-15,49.13192367553711,49.2899398482274,48.8422206612221,48.86376782295718,67789600
2019-07-16,48.961917877197266,49.34738837923282,48.722495295890674,48.983465032723174,67467200
2019-07-17,48.68659210205078,49.10318513012988,48.667437853715064,48.85418720836417,56430000
2019-07-18,49.239654541015625,49.29232780714967,48.770384620902945,48.84221213411293,74162400
2019-07-19,48.50461959838867,49.44076276284486,48.44955342792026,49.27077112361806,83717200
2019-07-22,49.61315155029297,49.615544461109494,48.74883581666229,48.75841111322735,89111600
2019-07-23,50.00102233886719,50.017783676941924,49.629916523049886,49.91004422158838,73420800
2019-07-24,49.96030807495117,50.07522988754015,49.60117421397442,49.720885500966666,59966400
2019-07-25,49.56528091430664,50.0967995205445,49.49584629591255,50.01300012684126,55638400
2019-07-26,49.73765563964844,50.21410430811092,49.594000608507464,49.675403421281054,70475600
2019-07-29,50.2021369934082,50.43198433339106,49.90525526033395,49.91004473601888,86693600
2019-07-30,49.98665237426758,50.317056746119604,49.63470084424237,49.98186289912939,135742800
2019-07-31,51.006587982177734,53.00097863500099,50.58999500539061,51.81583752155325,277125600
2019-08-01,49.90284729003906,52.201305551333476,49.49822619298105,51.21248911312201,216071600
2019-08-02,48.847007751464844,49.424013533999364,48.27478779132679,49.20853462057314,163448400
2019-08-05,46.28996276855469,47.56129613952905,46.108002914969816,47.403280006312706,209572000
2019-08-06,47.166255950927734,47.42243990688443,46.45756339111695,47.00105375926209,143299200
2019-08-07,47.65467834472656,47.77917913440648,46.404895585633525,46.78557668796127,133457600
2019-08-08,48.70573806762695,48.72968178909559,47.73847236505692,47.93240408773638,108038000
2019-08-09,48.30439376831055,48.729779329509,47.895825895207196,48.37889619991547,98478800
2019-08-12,48.18181610107422,48.559139553712626,47.862173717775995,47.97513018657987,89927600
2019-08-13,50.22224044799805,50.984093390193046,48.18181792423024,48.311599418361524,188874000
2019-08-14,48.727378845214844,49.61420571033035,48.688924793129885,48.82591597848995,146189600
2019-08-15,48.48463439941406,49.301762666206294,47.98714483073128,48.89800620511257,108909600
2019-08-16,49.628604888916016,49.787225038901795,48.9893202848003,49.095067051457484,110481600
2019-08-19,50.553897857666016,51.125886205011135,50.476989765853084,50.61878493455606,97654400
2019-08-20,50.556304931640625,51.27489985948379,50.546693252789694,50.68127875978292,107537200
2019-08-21,51.1042594909668,51.346993790769034,50.854315515628436,51.18837726179461,86141600
2019-08-22,51.060997009277344,51.536853889289645,50.65002720346251,51.23643854407338,89014800
2019-08-23,48.700931549072266,50.96245911325128,48.306786768888905,50.33278606566632,187272000
2019-08-26,49.62620544433594,49.79443727851556,49.28252843498855,49.474794959984806,104174400
2019-08-27,49.06623840332031,50.12129694945658,48.91482789577303,49.95546709208185,103493200
2019-08-28,49.39548110961914,49.44114481837701,48.86434895460486,49.05180779368974,63755200
2019-08-29,50.231849670410156,50.306355759343454,49.667070999812736,50.109281524994124,83962000
2019-08-30,50.166961669921875,50.57792781692434,49.79684790345952,50.508233068974185,84573600
2019-09-03,49.436344146728516,49.743969139920104,49.08065343594684,49.61178566616297,80092000
2019-09-04,50.275108337402344,50.344803082405896,49.82568816430708,50.082841787242316,76752400
2019-09-05,51.2580680847168,51.42389794369397,50.83267892479877,50.950443061493466,95654800
2019-09-06,51.253257751464844,51.532044060281095,51.073008551878715,51.443122295315995,77449200
2019-09-09,51.471961975097656,52.0175172563899,50.72693413624486,51.63298415640306,109237600
2019-09-10,52.08000564575195,52.09923266869462,50.88074988553813,51.39746283359591,127111600
2019-09-11,53.73589324951172,53.76473561660298,52.32754595134343,52.4092617130592,177158400
2019-09-12,53.615726470947266,54.41603338856972,53.56045107438245,54.02669627568618,128906800
2019-09-13,52.57268524169922,53.062961469937115,52.156911432083696,52.8731005859375,159053200
2019-09-16,52.849063873291016,52.904342934889065,52.286687250476454,52.32754329567108,84632400
2019-09-17,53.04133605957031,53.07017842826459,52.661610598516674,52.86349251065767,73274800
2019-09-18,53.538822174072266,53.55804919622197,52.73851525459077,53.12785236837871,101360000
2019-09-19,53.10382843017578,53.77675595935053,52.96202958128968,53.35617442002631,88242400
2019-09-20,52.327545166015625,53.48835049337496,52.2650600947515,53.20476016935374,221652400
2019-09-23,52.56547546386719,52.8346464382801,52.308318169456676,52.62075086028852,76662000
2019-09-24,52.315521240234375,53.47152241710132,52.19776078738406,53.12063572645369,124763200
2019-09-25,53.12065124511719,53.23360772644387,52.18575868726323,52.524628131243276,87613600
2019-09-26,52.84666061401367,53.09901022097145,52.59190900463546,52.87309730935552,75334000
2019-09-27,52.58950424194336,53.103815105725225,52.21939052658369,53.00287233449689,101408000
2019-09-30,53.82721710205078,53.97381992879909,53.062958600700476,53.08939529625113,103909600
2019-10-01,53.976226806640625,54.84863417143314,53.882497362527516,54.09158894337955,139223200
2019-10-02,52.62316131591797,53.73349535353158,52.375615676431906,53.60852153239703,138449200
2019-10-03,53.07017135620117,53.103817725877704,51.70268021152755,52.49577373492866,114426000
2019-10-04,54.55782699584961,54.67318912519149,53.80799149102436,54.22857296123739,138478800
2019-10-07,54.569847106933594,55.25959957952468,54.27664143090137,54.3799862186076,122306000
2019-10-08,53.93055725097656,54.81017419574898,53.9137358998427,54.27183228459761,111820000
2019-10-09,54.5626335144043,54.74528471456468,54.22857181467111,54.5626335144043,74770400
2019-10-10,55.29805374145508,55.38217150680817,54.62752828997779,54.77893513356194,113013600
2019-10-11,56.768882751464844,57.112556110931,55.831584770124245,55.98539726442713,166795600
2019-10-14,56.68717956542969,57.23033292132796,56.398781533076416,56.45405693637564,96427600
2019-10-15,56.55499267578125,57.114963649042345,56.44924588810258,56.812146302927566,87360000
2019-10-16,56.32667541503906,56.53576699278494,56.04548708687691,56.08634313450599,73903200
2019-10-17,56.54536819458008,56.754456066409766,56.12238477939046,56.49970448298994,67585200
2019-10-18,56.816951751708984,57.098140062206895,56.307444855303956,56.37954526837045,97433600
2019-10-21,57.802310943603516,57.917673069593235,57.035654109180335,57.08371982808641,87247200
2019-10-22,57.670135498046875,58.208477458025,57.58841973582485,57.95853350048938,82293600
2019-10-23,58.44398880004883,58.45841181399988,57.97293969198548,58.184433223789526,75828800
2019-10-24,58.54013442993164,58.833340091019444,58.1147452876683,58.763641679499884,69275200
2019-10-25,59.26112747192383,59.297175843055165,58.37189886795237,58.43919160551697,73477200
2019-10-28,59.85474395751953,59.90280967116192,59.29476940899745,59.46300124033525,96572800
2019-10-29,58.4704475402832,60.02299591504851,58.29741164658606,59.835537001961505,142839600
2019-10-30,58.46323013305664,58.953510046434744,57.97055188420088,58.82372855934893,124522000
2019-10-31,59.78505325317383,59.883590362494004,57.02123219032763,59.4197508487146,139162000
2019-11-01,61.48180389404297,61.50823692360431,59.88119007430968,59.972513844449246,151125200
2019-11-04,61.88555908203125,61.96967684280091,61.37605584677562,61.844699369305836,103272000
2019-11-05,61.79663848876953,62.0513901112309,61.60196993451809,61.777407799701365,79897600
2019-11-06,61.82307434082031,61.88315741177333,61.373654143589235,61.710117874054276,75864400
2019-11-07,62.53658676147461,62.758359498511744,62.21839397387371,62.370259047791336,94940400
2019-11-08,62.70773696899414,62.78005016402804,61.914667933692066,62.35820602811514,69986400
2019-11-11,63.204307556152344,63.26938943205793,62.25937344945544,62.26419187702616,81821200
2019-11-12,63.14645767211914,63.34653646560139,62.8957669917644,63.047624721518574,87388800
2019-11-13,63.75152587890625,63.82625200015958,62.93194408180495,62.94640672744228,102734400
2019-11-14,63.31039047241211,63.85034877458667,63.18021932585927,63.57795673081392,89182800
2019-11-15,64.06245422363281,64.067272650884,63.39955633590938,63.56105824716516,100206400
2019-11-18,64.3854751586914,64.4650196804653,63.69365188987565,64.07210078681992,86703200
2019-11-19,64.19022369384766,64.60242366565966,63.97327672744023,64.5783168124191,76167200
2019-11-20,63.442955017089844,64.13959672655233,62.77041280435066,64.00943296128311,106234400
2019-11-21,63.15850067138672,63.64060821168935,62.958421922589864,63.563469239710386,121395200
2019-11-22,63.10307312011719,63.44054702045154,62.87648192495427,63.29832613946704,65325200
2019-11-25,64.20948028564453,64.22635581211776,63.28142196250441,63.32722275928835,84020400
2019-11-26,63.708099365234375,64.39992246936977,63.276611081313426,64.34689034868465,105207600
2019-11-27,64.5638656616211,64.59761673344,63.953999683634294,64.01908157822496,65235600
2019-11-29,64.421630859375,64.60242121725912,64.09620674390789,64.2649473538178,46617600
2019-12-02,63.67678451538086,64.66269385769631,63.50563834538534,64.42645844153186,94487200
2019-12-03,62.541412353515625,62.560693421017824,61.779681450558876,62.266607486055904,114430400
2019-12-04,63.09342956542969,63.471885858788234,62.83791308419663,62.93192761261715,67181600
2019-12-05,64.0190658569336,64.09379930384016,63.332068402488204,63.58758484552913,74424400
2019-12-06,65.25567626953125,65.32558393574297,64.43368187672564,64.4770771543204,106075600
2019-12-09,64.34210205078125,65.2773848846026,63.8575814192928,65.08454473165352,128042400
2019-12-10,64.71814727783203,65.10142205791261,64.08657994334212,64.74707256593162,90420400
2019-12-11,65.27014923095703,65.34970112214458,64.72295963208492,64.79768573812183,78756800
2019-12-12,65.43645477294922,65.70161539296117,64.43849598392988,64.54937865907041,137310400
2019-12-13,66.32595825195312,66.3621148543044,65.3087108196568,65.43646905221725,133587600
2019-12-16,67.46131134033203,67.68549695987365,66.76708259212,66.77190101970982,128186000
2019-12-17,67.59391784667969,67.92174758501162,67.20581728332861,67.3914334748193,114158400
2019-12-18,67.43241119384766,67.95308846634468,67.28295896270495,67.44687383838529,116028400
2019-12-19,67.49989318847656,67.77951652381924,67.24197117220628,67.37454784079026,98369200
2019-12-20,67.36007690429688,68.13385757058333,67.14794837558046,68.03261909048223,275978000
2019-12-23,68.45928192138672,68.51954537378231,67.58425541558223,67.62282490788083,98572000
2019-12-24,68.52435302734375,68.67381254514265,68.19893632067681,68.62559884825562,48478800
2019-12-26,69.8839111328125,69.90078666508992,68.628022839031,68.6569481192903,93121200
2019-12-27,69.85737609863281,70.86257350590702,69.45240755088105,70.1755688245993,146266000
2019-12-30,70.27201080322266,70.55404702486167,68.75337459667797,69.7754404953618,144114400
2019-12-31,70.78544616699219,70.79267748666231,69.78989280626304,69.88872574600676,100805600
2020-01-02,72.40050506591797,72.46076851156026,71.15666666509587,71.40977019424241,135480400
2020-01-03,71.69664001464844,72.45595811976894,71.47246171476719,71.62914523544616,146322800
2020-01-06,72.26791381835938,72.30648330246464,70.56848776436438,70.81918573286022,118387200
2020-01-07,71.92805480957031,72.53309491165653,71.70869494472285,72.2775784441153,108872000
2020-01-08,73.0851058959961,73.38642316119072,71.63155170295238,71.63155170295238,132079200
2020-01-09,74.63750457763672,74.83034471463299,73.81069163960515,74.06138234642438,170108400
2020-01-10,74.80624389648438,75.37031642330658,74.30485508599608,74.87133314916862,140644800
2020-01-13,76.40442657470703,76.43094632364196,75.0039042885127,75.1220256778742,121532000
2020-01-14,75.37271881103516,76.55147571173875,75.24978634537415,76.3417600315841,161954400
2020-01-15,75.04971313476562,76.05249814521463,74.61822463542303,75.17265296599935,121923600
2020-01-16,75.98978424072266,76.10067426588142,75.23046637506901,75.59204701170188,108829200
2020-01-17,76.83108520507812,76.83349074089385,75.93195182564011,76.23808752279956,137816400
2020-01-21,76.31041717529297,76.90099467937888,76.17301471865545,76.459869381581,110843200
2020-01-22,76.58280944824219,77.13481745633268,76.48879491769239,76.79493065234263,101832400
2020-01-23,76.95161437988281,77.03115890447519,76.08863757604202,76.63583446102108,104472000
2020-01-24,76.72984313964844,77.93993070377184,76.53940855639385,77.19748815287878,146537600
2020-01-27,74.47359466552734,75.1533609751762,73.49250366771739,74.74116092508633,161940000
2020-01-28,76.58036804199219,76.75151414831822,75.25457238901554,75.35340531136629,162234000
2020-01-29,78.18338775634766,79.02948893915872,77.46987057591716,78.209907499375,216229200
2020-01-30,78.0700912475586,78.12312337660362,76.83589699674123,77.26738534868132,126743200
2020-01-31,74.60856628417969,77.78324080814086,74.31448034488959,77.36139664518089,199588400
2020-02-03,74.40370178222656,75.56798894697503,72.85131399164085,73.35270289463361,173788400
2020-02-04,76.86001586914062,77.050450456367,75.60171457078681,76.00668324335653,136616400
2020-02-05,77.48674774169922,78.28463523931488,76.88411323556181,77.98572352193352,118826800
2020-02-06,78.39311218261719,78.39552507490272,77.1999001655233,77.7567339114429,105425600
2020-02-07,77.32754516601562,78.141823360646,76.83704482888538,77.89294895065062,117684000
2020-02-10,77.69480895996094,77.69480895996094,75.83429386411699,75.91402717049185,109348800
2020-02-11,77.22605895996094,78.26263625107545,77.0085971005104,78.19015142253798,94323200
2020-02-12,79.05999755859375,79.06482742202022,77.67547849475221,77.67547849475221,113730400
2020-02-13,78.49701690673828,78.82321339617904,78.12974813739189,78.33271303943899,94747600
2020-02-14,78.51634979248047,78.76522420824622,78.00893385896474,78.4656030374421,80113600
2020-02-18,77.07869720458984,77.25991671212415,76.01795548104556,76.19917498857986,152531200
2020-02-19,78.19496154785156,78.42450907000605,77.32027709305024,77.32027709305024,93984000
2020-02-20,77.39277648925781,78.44385067885128,76.88777921917897,77.95576899229526,100566000
2020-02-21,75.6409912109375,77.4290289157497,75.0248480652508,76.9868493533589,129554000
2020-02-24,72.04801177978516,73.49776723386336,69.88546431842104,71.8257200728422,222195200
2020-02-25,69.60758209228516,73.0990790994302,69.13641603822464,72.71731344350151,230673600
2020-02-26,70.71183013916016,71.97553646481957,69.22583207719232,69.23308056046676,198054800
2020-02-27,66.08952331542969,69.10501764925158,65.95421338126829,67.92105203842019,320605600
2020-02-28,66.05084991455078,67.27106508637516,61.94562839291094,62.160678974985316,426510000
2020-03-02,72.20024108886719,72.83571844288954,67.10435128397388,68.20616489725688,341397200
2020-03-03,69.9072265625,73.45429398937054,69.05669843915538,73.37456066472664,319475600
2020-03-04,73.14981079101562,73.30928474411743,70.82778980651666,71.62757081642688,219178400
2020-03-05,70.77706146240234,72.3790349760971,70.41220399588842,71.40528289969257,187572800
2020-03-06,69.83714294433594,70.26965542799252,67.95246362121284,68.13851293457299,226176800
2020-03-09,64.31358337402344,67.19376061426469,63.54762585590985,63.72884532127841,286744800
2020-03-10,68.94554138183594,69.21133137729244,65.08677501833562,66.96421319736713,285290000
2020-03-11,66.55101776123047,67.95003374263217,65.68841155580724,67.0246098194062,255598800
2020-03-12,59.97880172729492,65.23899909398826,59.92322879744106,61.8417392125565,418474000
2020-03-13,67.16475677490234,67.6359302649127,61.119275269390535,64.00429300943405,370732000
2020-03-16,58.52421951293945,62.60044418179931,57.99022457275424,58.46139441002403,322423600
2020-03-17,61.0975227355957,62.245242026979696,57.60361074150865,59.80482274842446,324056000
2020-03-18,59.601863861083984,60.406478598445545,57.29433564123959,57.93464652653443,300233600
2020-03-19,59.14518737792969,61.09269153777121,58.62085961850456,59.77583112302971,271857200
2020-03-20,55.39033126831055,60.84866031438535,55.09071377836536,59.72509749228031,401693200
2020-03-23,54.2136116027832,55.21152792629808,51.37209184292637,55.110045472758834,336752800
2020-03-24,59.65260696411133,59.84832336499044,56.61295251663222,57.11070131069981,287531200
2020-03-25,59.32400131225586,62.39989846973341,59.029217373030974,60.58770393527842,303602000
2020-03-26,62.445796966552734,62.50378482179249,59.526955709117544,59.5656167372231,252087200
2020-03-27,59.86039352416992,61.82480931270065,59.693671086293996,61.070937788654504,204216800
2020-03-30,61.568702697753906,61.74025873047765,60.26150553022684,60.585287078823825,167976400
2020-03-31,61.44304275512695,63.42437421285298,60.889721118005006,61.75957575160097,197002000
2020-04-01,58.21009826660156,60.09719601446135,57.78000444616135,59.560786204803335,176218400
2020-04-02,59.181434631347656,59.23459262853542,57.241178794751,58.07237254686632,165934000
2020-04-03,58.33090591430664,59.36747934105108,57.74133816366961,58.666765747737614,129880000
2020-04-06,63.419551849365234,63.57418859482583,60.25666962435699,60.62393834693367,201820400
2020-04-07,62.68501281738281,65.64976767726971,62.58111543792132,65.43229844270063,202887200
2020-04-08,64.2894058227539,64.6035165473233,63.1199373363336,63.48478743589154,168895200
2020-04-09,64.75332641601562,65.25591244712727,63.95838246710248,64.9248861243381,161834800
2020-04-13,66.02427673339844,66.13301133720609,64.23140932290158,64.83064420547504,131022800
2020-04-14,69.35870361328125,69.64865760923763,67.18407076511772,67.65524416508772,194994800
2020-04-15,68.72565460205078,69.18474234820361,67.80747910974512,68.23515430833677,131154400
2020-04-16,69.27174377441406,69.63660131632508,68.22308804264783,69.43846626880793,157125200
2020-04-17,68.33179473876953,69.3345480225858,66.89653644635722,68.7884711835537,215250000
2020-04-20,66.9134521484375,68.06117506076643,66.8941253228232,67.15991526149827,130015200
2020-04-21,64.84514617919922,66.99078550242736,64.13476539316186,66.75640806793423,180991600
2020-04-22,66.71292114257812,67.14784486961675,65.77058148476895,66.11126755910753,116862400
2020-04-23,66.45437622070312,68.0781026916564,66.41571518879498,66.65734110784256,124814400
2020-04-24,68.3729019165039,68.38256902010487,66.9303945618597,66.97872270602501,126161200
2020-04-27,68.42121124267578,68.75223755503086,67.64317552817161,68.09017755648323,117087600
2020-04-28,67.31214141845703,69.06392923095741,67.22032976851494,68.88270980207805,112004800
2020-04-29,69.52301788330078,69.991772685642,68.59517537860054,68.79814023520653,137280800
2020-04-30,70.98968505859375,71.16607461666706,69.67282835408629,70.06184250590752,183064000
2020-05-01,69.8468017578125,72.24614521202258,69.06876605288338,69.16541493960355,240616800
2020-05-04,70.8350601196289,70.9631215704607,69.18233960605242,69.87097499683554,133568000
2020-05-05,71.8982162475586,72.72941009570229,71.14917433658927,71.2941513796541,147751200
2020-05-06,72.63999938964844,73.27063948300304,72.21473542323028,72.59891973995855,142333600
2020-05-07,73.3914566040039,73.73698728324429,72.96378136839786,73.26581377672255,115215200
2020-05-08,75.13829803466797,75.19159993074032,73.72338371341871,74.05046319414457,133838400
2020-05-11,76.32061767578125,76.81486350373997,74.4380975285037,74.64646215282984,145946400
2020-05-12,75.44839477539062,77.45447232361859,75.32725480896673,77.00382780374734,162301200
2020-05-13,74.53743743896484,76.54836579208815,73.46171369194431,75.62769739388037,200622400
2020-05-14,74.995361328125,75.05593133463293,73.05469595359499,73.77669309293739,158929200
2020-05-15,74.55196380615234,74.5979975896763,72.7348641211466,72.76878686428954,166348400
2020-05-18,76.30850219726562,76.68161544536761,75.18432690881329,75.87482634655969,135178400
2020-05-19,75.86756134033203,77.17102150533867,75.83606375790906,76.32546668705436,101729600
2020-05-20,77.3430404663086,77.41329633678234,76.68645639876391,76.72522208271401,111504800
2020-05-21,76.76641845703125,77.74523171426733,76.52898139842385,77.20494465969075,102688800
2020-05-22,77.26068878173828,77.34306311157628,76.4030153334949,76.5047688140829,81803200
2020-05-26,76.73735809326172,78.55687612704607,76.68163102348302,78.37759126728832,125522000
2020-05-27,77.07168579101562,77.21705526702166,75.85544287582236,76.59440129810365,112945200
2020-05-28,77.1056137084961,78.36304756047794,76.47084126097369,76.74703662948228,133560800
2020-05-29,77.03047943115234,77.80819591494127,76.67432764803091,77.3478655392773,153532400
2020-06-01,77.97782135009766,78.09896135300481,76.8536385740957,76.98447184749915,80791200
2020-06-02,78.33878326416016,78.36301273331688,77.270328000373,77.7112792001193,87642800
2020-06-03,78.77007293701172,79.03173947926652,78.08684155798949,78.65862620653965,104491200
2020-06-04,78.09169006347656,78.89121109253435,77.71857679947686,78.59321142956854,87560400
2020-06-05,80.31584167480469,80.3764116911507,78.31218819584709,78.34126062068505,137250400
2020-06-08,80.7906723022461,80.82459504521165,79.30307721267422,80.01295571139336,95654400
2020-06-09,83.34190368652344,83.734396145206,80.43939371025141,80.47089129660488,147712400
2020-06-10,85.48606872558594,85.95366732051313,83.85067883247099,84.28920501230608,166651600
2020-06-11,81.3818359375,85.05480096655532,81.2800824962617,84.63081104253492,201662400
2020-06-12,82.08448028564453,84.2650007968266,80.9748408787819,83.51878147516098,200146000
2020-06-15,83.09959411621094,83.75132774522946,80.57745905775505,80.73978987055543,138808800
2020-06-16,85.30193328857422,85.57329308072946,83.51875616005826,85.15172088189794,165428800
2020-06-17,85.18321990966797,86.10630607045023,85.06207991592963,86.04573607358105,114406400
2020-06-18,85.21715545654297,85.63387739334637,84.60903023062069,85.1396240743936,96820400
2020-06-19,84.73016357421875,86.38735791979117,83.62294217777347,85.92218445110363,264476000
2020-06-22,86.94702911376953,87.08997343752344,85.07662707395669,85.12266086900618,135445200
2020-06-23,88.80288696289062,90.22022642343374,87.77077181014047,88.18991886652088,212155600
2020-06-24,87.2353286743164,89.35043555341034,86.86221543627708,88.4321923624518,192623200
2020-06-25,88.39342498779297,88.4321906709593,86.63205223537432,87.39038973838228,137522400
2020-06-26,85.6774673461914,88.50972079929527,85.52967271907464,88.28924513838203,205256800
2020-06-29,87.65206909179688,87.74656185266537,85.10812877290344,85.58542072848591,130646000
2020-06-30,88.38374328613281,88.66963931267749,87.22080221413067,87.24018136135113,140223200
2020-07-01,88.2165756225586,89.00398569728229,88.16812405423994,88.46128081179627,110737200
2020-07-02,88.2165756225586,89.75748041356287,88.10271110979996,89.122707936332,114041600
2020-07-06,90.5763931274414,91.04399182339071,89.61211592036983,89.64361350812392,118655600
2020-07-07,90.29532623291016,91.73204473813118,90.183879512503,90.95432807349727,112424400
2020-07-08,92.3983383178711,92.42983590629935,91.18451294296761,91.27173760275355,117092000
2020-07-09,92.795654296875,93.34320200495762,91.74900304495738,93.2899001154489,125642800
2020-07-10,92.95799255371094,93.01614478395153,91.78051525297649,92.39105821700926,90257200
2020-07-13,92.52915954589844,96.86839541410872,92.31595195399946,94.26146013937891,191649200
2020-07-14,94.06035614013672,94.25175199437801,90.97855460222202,91.91132657887599,170989200
2020-07-15,94.7072525024414,96.18273684605151,93.51038868590005,95.93318873658312,153198000
2020-07-16,93.54187774658203,94.39712579079603,92.94344589283693,93.58064343111674,110577600
2020-07-17,93.3529052734375,94.14758336972574,92.8804563206502,93.99252801605422,92186800
2020-07-20,95.32022094726562,95.45832232514117,93.09609226760277,93.44013312925429,90318000
2020-07-21,94.00464630126953,96.185166447433,93.75509818029391,96.11006023390243,103433200
2020-07-22,94.26873016357422,94.94953641432485,93.6194214977863,93.70663875417605,89001600
2020-07-23,89.97795104980469,94.07974983333283,89.168736705882,94.00221845583387,197004400
2020-07-24,89.75503540039062,90.0990762102355,86.3921882418588,88.17779782726093,185438800
2020-07-27,91.88226318359375,91.97433076494785,90.59333922603253,90.81623268150157,121214000
2020-07-28,90.37284851074219,91.63028207050725,90.36799817960483,91.45341504133539,103625600
2020-07-29,92.10515594482422,92.28929109136294,90.81864987240843,90.85499038980474,90329200
2020-07-30,93.21966552734375,93.32384416441144,90.8719714748946,91.27900014562395,158130000
2020-07-31,102.97867584228516,103.12888823385559,97.71150450591125,99.70789639582766,374336800
2020-08-03,105.5735092163086,108.19013023936542,104.56078059833798,104.85878026409463,308151200
2020-08-04,106.27853393554688,107.36879381499179,105.0404794276689,105.76247640960193,173071600
2020-08-05,106.66373443603516,106.98354570391498,105.53470912522043,105.99988982339075,121776800
2020-08-06,110.38519287109375,110.87944616652167,106.40695920907454,106.99569786453769,202428800
2020-08-07,107.87549591064453,110.36334336865978,107.07938502036484,109.90703455219526,198045600
2020-08-10,109.44344329833984,110.46042737696229,106.79540187658976,109.31965534861051,212403600
2020-08-11,106.18861389160156,109.20558233257063,105.9289051039155,108.7080157903305,187902400
2020-08-12,109.71770477294922,109.97498398938008,107.08422600127558,107.2783964791796,165598000
2020-08-13,111.65946197509766,112.66188375277733,110.60849386446708,111.09635710424106,210082000
2020-08-14,111.5599365234375,111.64974056440289,109.75169319709691,111.48469489954057,165565200
2020-08-17,111.2686767578125,112.70556367842538,110.64247058340116,112.68129051352851,119561600
2020-08-18,112.19583892822266,112.62059332113643,110.686140161124,111.02109052467661,105633600
2020-08-19,112.33663940429688,113.74925328645519,112.24198368199546,112.6036294278006,145538000
2020-08-20,114.82933044433594,114.94340764743272,112.3608970952543,112.37788905057565,126907200
2020-08-21,120.74675750732422,121.22976157375017,115.77591472831364,115.78804760558032,338054800
2020-08-24,122.19092559814453,125.03314486284968,120.32686221834298,124.9481850882098,345937600
2020-08-25,121.18849182128906,121.5331529265973,119.4676306472173,121.0647112936665,211495600
2020-08-26,122.8365707397461,123.29287960664668,121.43851930194522,122.50404983764719,163022400
2020-08-27,121.36813354492188,123.77102883487844,120.22493186903937,123.43850794155522,155552400
2020-08-28,121.1715087890625,122.75887130249573,120.94820607750371,122.34139811689965,187630000
2020-08-31,125.28070068359375,127.18360697027765,122.32927082637391,123.86324282555849,225702700
2020-09-01,130.27096557617188,130.87291336835037,126.72730590113318,128.89233580510103,151948100
2020-09-02,127.57196044921875,133.96026921891615,123.30015014927834,133.5816315551226,200119000
2020-09-03,117.35845184326172,125.08655566898445,116.98952488777601,123.21278864677252,257599600
2020-09-04,117.43611907958984,120.09629366493147,107.65948471911047,116.57204769157234,332607200
2020-09-08,109.53325653076172,115.52350643380636,109.39733569135389,110.63033399373361,231366600
2020-09-09,113.90214538574219,115.66912348309229,111.90216122256825,113.84389572106855,176940500
2020-09-10,110.1837158203125,116.98949692716701,109.22255937183643,116.85357611251904,182274400
2020-09-11,108.73714447021484,111.87304930648419,106.79540974753245,111.23227329257654,180860300
2020-09-14,111.99923706054688,112.55263104986112,109.51381948146934,111.37788266577749,140150100
2020-09-15,112.17399597167969,115.36814991421778,110.300221999526,114.88271631943319,184642000
2020-09-16,108.86334991455078,112.62060910915572,108.7759754111815,111.87304453196484,154679000
2020-09-17,107.12548828125,108.93130194991431,105.54297733812126,106.52355532978139,178011000
2020-09-18,103.72744750976562,107.64975186458288,102.99929711385688,107.18373975919344,287104900
2020-09-21,106.8730697631836,106.97986575435861,100.0964130289504,101.49446425369291,195713800
2020-09-22,108.55268859863281,109.57210239698612,105.97989574902564,109.39734595747215,183055400
2020-09-23,103.99929809570312,108.84392339466623,103.65948864684648,108.36820053624751,150718700
2020-09-24,105.06725311279297,107.03811241012444,101.94105943821374,102.10610509006938,167743300
2020-09-25,109.00896453857422,109.16430684101944,104.53326629739041,105.27112741974788,149981400
2020-09-28,111.61090850830078,111.96042134324223,109.49441741099088,111.65945483814875,137672400
2020-09-29,110.76625061035156,111.9507099432901,110.26140285567331,111.21285610238571,99382200
2020-09-30,112.43612670898438,113.84388857632474,110.30993260341256,110.47497824771594,142675200
2020-10-01,113.3875961303711,114.29050304173128,112.45556438431055,114.2128318777771,116120400
2020-10-02,109.72742462158203,112.00896881944756,108.9507351859753,109.60121453266758,144712000
2020-10-05,113.10603332519531,113.25166489244758,110.2419779334605,110.59149073201426,106243800
2020-10-06,109.86335754394531,112.73712413305032,108.97986466252809,112.32935419932602,161498200
2020-10-07,111.7273941040039,112.1837028525209,110.80506586141273,111.28079610104412,96849000
2020-10-08,111.62063598632812,113.00897678679443,111.25170160129653,112.86334518255202,83477200
2020-10-09,113.56233215332031,113.59145698279072,111.5720515253858,111.92156429328776,100506900
2020-10-12,120.77589416503906,121.53316947743221,115.80505089927543,116.56232621166858,240226800
2020-10-13,117.57202911376953,121.73705073964729,116.16427448485399,121.62054399652054,262330500
2020-10-14,117.6594009399414,119.44579307201987,116.13513969852242,117.47493379758126,150712000
2020-10-15,117.1933822631836,117.66910513115165,114.70796452850907,115.26135855246798,112559200
2020-10-16,115.5526351928711,118.00893594757436,115.34875392683747,117.74679760043794,115393800
2020-10-19,112.60120391845703,116.91185012257559,112.29052664782569,116.46525200898868,120639300
2020-10-20,114.08661651611328,115.513792607474,112.2613812832418,112.81477533834804,124423700
2020-10-21,113.46527099609375,115.25166338254114,113.05750107559587,113.2710930798733,89946000
2020-10-22,112.37789916992188,114.60118635769001,111.25168945435153,114.02837075211397,101988000
2020-10-23,111.6885757446289,113.15458745033783,110.95071451824744,112.99924512599237,82572600
2020-10-26,111.69828796386719,113.15458894171616,109.59150025316038,110.688585063703,111850700
2020-10-27,113.203125,113.86331505621116,111.20314074462335,112.12546171107986,92276800
2020-10-28,107.96044158935547,112.06721355762778,107.863356340069,111.6982866474873,143937800
2020-10-29,111.96041870117188,113.52351567412646,108.93131000553764,109.09636307884779,146129200
2020-10-30,105.68860626220703,108.72741799712837,104.58181822292556,107.82451118538518,190272600
2020-11-02,105.60123443603516,107.4555945603439,104.19347979423505,105.9313331743507,122866900
2020-11-03,107.22259521484375,108.24200151383607,105.56241289323033,106.46531984784082,107624400
2020-11-04,111.60118103027344,112.22253544210156,109.07692780633057,110.8147809731129,138235500
2020-11-05,115.56233215332031,116.13514770518474,113.46526266207991,114.51379370413532,126387100
2020-11-06,115.4310531616211,115.92704441463144,112.94133971591968,115.07120982324268,114457900
2020-11-09,113.12611389160156,118.64042665215963,112.86353074963101,117.19134078148167,154515300
2020-11-10,112.78573608398438,114.36124992222891,110.99625432436308,112.37727008295128,138023400
2020-11-11,116.20906829833984,116.34522361614252,113.24281896631516,113.97222563450443,112295000
2020-11-12,115.93675231933594,117.22050769938583,115.31432591809406,116.33549817445764,103162300
2020-11-13,115.98540496826172,116.38414348107418,114.633571669367,116.16046289142338,81581900
2020-11-16,116.99684143066406,117.66789057082231,114.90587400574458,115.65472831052979,91183000
2020-11-17,116.11180877685547,117.35666156399112,115.69361534806072,116.26741908520137,74271000
2020-11-18,114.78916931152344,116.53002096182686,114.75999422898965,115.35324564020682,76322100
2020-11-19,115.38240814208984,115.79087409284412,113.60265410249275,114.36123584529591,74113000
2020-11-20,114.11811828613281,115.50885417388024,114.06949561951376,115.38242633677936,73604300
2020-11-23,110.72395324707031,114.39044233270789,110.62670048886426,113.96252129270948,127959300
2020-11-24,112.00769805908203,112.66902713847026,109.49853707376413,110.78230006896696,113874200
2020-11-25,112.84410095214844,113.54433271367105,112.00771383920868,112.3772847244068,76499200
2020-11-27,113.38868713378906,114.26397656378495,113.02885128250198,113.36923955530375,46691300
2020-11-30,115.7811508178711,117.64843004399634,113.60265096748358,113.75826127961471,169410200
2020-12-01,119.35037994384766,120.0797865936806,116.71479147284033,117.68733367261757,127728200
2020-12-02,119.70050048828125,119.98253862781858,117.57063061172147,118.66960066999447,89004200
2020-12-03,119.56434631347656,120.38127824003541,118.85438720785504,120.1284151780445,78967600
2020-12-04,118.893310546875,119.48656201518021,118.1833513172949,119.23369890903952,78260400
2020-12-07,120.35211944580078,121.14960390007961,118.89330587676078,118.95165604515132,86712000
2020-12-08,120.96479797363281,121.54832923828494,119.71021762648395,120.95507789382133,82225500
2020-12-09,118.43618774414062,122.49168693103906,117.67760601650876,121.11067878997038,115089200
2020-12-10,119.85610961914062,120.46881600995408,116.85095750767795,117.1913458248472,81312200
2020-12-11,119.04890441894531,119.38929273400028,117.23997517904313,119.0683519998447,86939800
2020-12-14,118.43618774414062,119.96307869896347,118.20277969407886,119.23367205010081,79184500
2020-12-15,124.36871337890625,124.38816838110739,120.7216795566684,120.9259125603246,157243700
2020-12-16,124.30062866210938,124.84524997430788,123.08495079030278,123.91161767905837,98208600
2020-12-17,125.16621398925781,126.02205611890447,124.52433239202283,125.36071951695374,94359800
2020-12-18,123.18220520019531,125.5552106694522,122.65703149372492,125.41905534776451,192541500
2020-12-21,124.7091064453125,124.78691161724761,120.06035501087901,121.5872462655349,121251600
2020-12-22,128.25888061523438,130.71941139606707,126.09010064650239,127.99629004452623,168904800
2020-12-23,127.3641586303711,128.79378229896713,127.18909328249408,128.53120653688052,88223700
2020-12-24,128.34637451171875,129.79546749710363,127.50026768364367,127.71422812013846,54930100
2020-12-28,132.9368133544922,133.56895993255333,129.84412103088945,130.3109520335808,124486200
2020-12-29,131.16676330566406,134.979126993658,130.65131712079605,134.2594552546887,121047300
2020-12-30,130.04837036132812,132.25604575507535,129.7371496715403,131.85729981121693,96452100
2020-12-31,129.04666137695312,131.04037638768824,128.10329400367584,130.3984948026051,99116600
2021-01-04,125.8567123413086,129.94138734935098,123.27947356294186,129.85386209713596,143301900
2021-01-05,127.41277313232422,128.12273976147537,124.9036119861187,125.35098801490136,97664900
2021-01-06,123.12386322021484,127.4516812419368,122.90990271047859,124.21311335164054,155088000
2021-01-07,127.32528686523438,128.01579870287375,124.34930861589092,124.83557995963524,109578200
2021-01-08,128.42422485351562,128.98830121735807,126.65419059044255,128.79378086858412,105158200
2021-01-11,125.4384994506836,126.59582714131227,124.97168331019907,125.64273985954293,100384500
2021-01-12,125.26344299316406,126.12900498980764,123.3767086805256,124.97167735433455,91951100
2021-01-13,127.29608154296875,127.84070294426009,124.96198558320008,125.22456136179542,88636800
2021-01-14,125.37043762207031,127.4030475675069,125.22454736600265,127.20854206590191,90221800
2021-01-15,123.6490249633789,126.64445696844105,123.51286963768597,125.2439937099894,111598500
2021-01-19,124.32007598876953,125.17591790643084,123.4545139910682,124.27144590893572,90757300
2021-01-20,128.40472412109375,128.8520999882003,125.02028198318088,125.12726220097937,104319500
2021-01-21,133.11187744140625,135.8349992091979,129.92193946307938,130.12617990258715,120150900
2021-01-22,135.25144958496094,136.0100313065284,131.31265074462775,132.53804856258682,114459400
2021-01-25,138.99574279785156,141.10615779384105,132.79091821695442,139.14163304575837,157611700
2021-01-26,139.22914123535156,140.33783872046894,137.48828243304504,139.6570621664172,98390600
2021-01-27,138.1593475341797,140.3378474829839,136.55465878230473,139.49172564743122,140843800
2021-01-28,133.32582092285156,138.09128711738055,132.94653001780165,135.68910643879175,142621100
2021-01-29,128.33665466308594,132.98540444648626,126.63470608598875,132.10038762484038,177523800
2021-02-01,130.45681762695312,131.66277536673383,127.3349504556567,130.07752674070377,106239800
2021-02-02,131.28350830078125,132.5672565949287,130.91393742770222,132.00318020332065,83305400
2021-02-03,130.26231384277344,132.0420679752551,129.9413731133275,132.0323330550851,89880900
2021-02-04,133.6175994873047,133.62731956895118,130.8944778045398,132.55753183488522,84183100
2021-02-05,133.20364379882812,133.84648451427685,132.32705363193958,133.77831254493844,75693800
2021-02-08,133.34976196289062,133.39846472288602,131.411505066242,132.49264094535826,71297200
2021-02-09,132.47315979003906,134.29454199245745,132.3173317614118,133.0672978062939,76774200
2021-02-10,131.8692626953125,133.42766158836056,130.90500170826476,132.93091432442992,73046600
2021-02-11,131.61602783203125,132.84325691578465,130.291393245221,132.3659937299951,64280000
2021-02-12,131.8497772216797,132.0056200817279,130.21347177715296,130.85631242835694,60145100
2021-02-16,129.7264862060547,132.4731462786685,129.33687901923372,131.96667922879305,80576300
2021-02-17,127.43757629394531,128.78169493091983,126.10320712430666,127.83691804290048,97918500
2021-02-18,126.33696746826172,126.61941963432317,124.09677476387137,125.84022023340577,96856700
2021-02-19,126.4927978515625,127.31096541209789,125.45063033694109,126.85318631272438,87668800
2021-02-22,122.72343444824219,126.34669893995918,122.33383475744539,124.68116007602796,103916400
2021-02-23,122.58708190917969,123.4149766498793,115.31133387912055,120.54169271715817,158273000
2021-02-24,122.09033966064453,122.29487783267318,119.05147832650884,121.69100535268275,111039900
2021-02-25,117.84371948242188,123.17147632846172,117.40542445743719,121.43776543888308,148199500
2021-02-26,118.10670471191406,121.6033452358005,118.04825992472897,119.40211317040608,164560400
2021-03-01,124.46688842773438,124.60324720609326,119.59691082635653,120.53194563410155,116307900
2021-03-02,121.86632537841797,125.37270785746594,121.75918527388905,125.07077161615514,102260900
2021-03-03,118.88590240478516,122.44098788620711,118.67162218049718,121.56439034639122,112966300
2021-03-04,117.0060806274414,120.38584631369558,115.53535272389263,118.58395606502583,178155000
2021-03-05,118.26254272460938,118.76902459264008,114.51266119025206,117.8339897181949,153766600
2021-03-08,113.3341293334961,117.85346835184752,113.1880285063647,117.78528895665244,154376600
2021-03-09,117.94113159179688,118.88590857647793,115.700946019303,115.93470289838993,129525800
2021-03-10,116.8599853515625,118.99303047984385,116.34376148572666,118.52551679323263,111943300
2021-03-11,118.78849792480469,120.00599237807343,118.10670400337277,119.35341713456053,103026500
2021-03-12,117.8826675415039,118.01902630934984,116.06130081484937,117.26905308619719,88105100
2021-03-15,120.76569366455078,120.77543569972144,117.28853020817765,118.25279105319385,92403800
2021-03-16,122.30463409423828,123.9117284110974,121.47673927373422,122.4312508542222,115227900
2021-03-17,121.51567077636719,122.58706425301885,119.15859621053912,120.82413491933752,111932600
2021-03-18,117.39566802978516,119.97675740638225,117.19112988113343,119.68455580488242,121229700
2021-03-19,116.86972045898438,118.27227638684158,116.56778422545804,116.78206442899135,185549500
2021-03-22,120.18132019042969,120.64884136246526,117.13271654370864,117.20089594056832,111912300
2021-03-23,119.35340881347656,121.00919818208511,118.9638091293934,120.12286614601692,95467100
2021-03-24,116.96712493896484,119.70405755554833,116.94764829711929,119.62613612617307,88530500
2021-03-25,117.45410919189453,118.49629146995656,115.90545997424265,116.43141841542507,98844700
2021-03-26,118.05801391601562,118.32099690748782,115.82756294666447,117.22037704784019,94071200
2021-03-29,118.23331451416016,119.3923715504468,117.59048134086395,118.48655542775977,80819200
2021-03-30,116.78205871582031,117.26905645239088,115.76910253203405,116.98659687346046,85671900
2021-03-31,118.97356414794922,120.30793336547684,117.99956854695249,118.48656634745086,118323800
2021-04-01,119.80146789550781,120.95078308800542,119.3047280211155,120.44430860719166,75089100
2021-04-05,122.62603759765625,122.87927851383142,119.86962848939254,120.64882787870255,88651200
2021-04-06,122.927978515625,123.82405264578033,122.38254338092113,123.21043811923847,80171300
2021-04-07,124.57403564453125,124.59351228641088,121.88580577435263,122.55786509964642,83466700
2021-04-08,126.97006225585938,126.99928093380576,125.17791398584798,125.59672494440802,88844600
2021-04-09,129.54144287109375,129.58039616425768,126.10323884700867,126.42465924809835,106686700
2021-04-12,127.82718658447266,129.39532007888374,127.23304868008105,129.07389975073812,91420000
2021-04-13,130.9342041015625,131.15823376064404,128.49921542278324,128.99596262492872,91266500
2021-04-14,128.59661865234375,131.48938634080065,128.2362450900617,131.43094899145666,87222800
2021-04-15,131.00241088867188,131.48940869866695,130.16477406100063,130.34010100083557,89347100
2021-04-16,130.67123413085938,131.16796646381349,129.81411337251544,130.80759290041487,84922400
2021-04-19,131.33355712890625,131.9471790846723,129.87256379574342,130.0381412567294,94264200
2021-04-20,129.64854431152344,132.00561168739057,128.3823471626382,131.50887932231677,94812300
2021-04-21,130.0283660888672,130.27186490176769,127.8855795077404,128.91801209652044,68847100
2021-04-22,128.50897216796875,130.66149395921403,127.99275572778816,129.58035833012048,84566500
2021-04-23,130.8270721435547,131.6062565911259,128.72323846633472,128.72323846633472,78657500
2021-04-26,131.21670532226562,131.54786030204147,130.08686671385888,131.32384544654548,66905100
2021-04-27,130.895263671875,131.88874331170373,130.62254610203854,131.49913616765673,66015800
2021-04-28,130.10633850097656,131.50889459107745,129.61934068424674,130.81735115204378,107760100
2021-04-29,130.00892639160156,133.50558183329358,129.00571212903608,132.92117853809344,151101000
2021-04-30,128.04147338867188,130.08685531571498,127.66161568350715,128.35314426527148,109839500
2021-05-03,129.0933837890625,130.58361088598772,128.40185516343865,128.6063859381181,75135100
2021-05-04,124.52533721923828,128.070688075214,123.40524078183631,127.77848641989287,137564700
2021-05-05,124.7688217163086,127.05770208141733,124.64219755336535,125.84020778231982,84000900
2021-05-06,126.36620330810547,126.37593791446682,123.82406658932013,124.56430537762937,78128300
2021-05-07,127.03942108154297,128.06384189779067,126.3271857055777,127.66383662383032,78973300
2021-05-10,123.76119995117188,126.38569336703041,123.7221730582719,126.25886899143829,88071200
2021-05-11,122.8440933227539,123.19532046962064,119.78054551827158,120.4927732833166,126142800
2021-05-12,119.78054809570312,121.60501628867115,119.27321336720668,120.39521236408822,112172300
2021-05-13,121.92697143554688,123.07823863645709,121.23426088704589,121.54646856304096,105861300
2021-05-14,124.34656524658203,124.77585354473081,122.78552704006465,123.17578845259833,81918000
2021-05-17,123.1953125,123.83924502210618,122.12209907344122,123.73192293508849,74244600
2021-05-18,121.80989837646484,123.8977887358132,121.74160317568686,123.47825894714309,63342900
2021-05-19,121.65379333496094,121.87818865261369,119.86835215925528,120.16105011854478,92612000
2021-05-20,124.20999145507812,124.61001150333645,122.05380598133526,122.1806452374261,76857100
2021-05-21,122.37579345703125,124.88321393915864,122.16114924209418,124.70759662181192,79295400
2021-05-24,124.00511169433594,124.82466155300955,122.87336158160026,122.94165678285485,63092900
2021-05-25,123.80998229980469,125.19541091008112,123.24410353248182,124.7075784829674,72009500
2021-05-26,123.76119995117188,124.28805183989326,123.3416701570207,123.86852204574208,56575900
2021-05-27,122.22942352294922,124.5319579811851,122.03429651202822,123.3611810284224,94625600
2021-05-28,121.57575225830078,122.73677818956268,121.51721563777299,122.51237540484098,71311100
2021-06-01,121.25377655029297,122.29772171588232,120.92205913488071,122.03429950032661,67637100
2021-06-02,122.01477813720703,122.19039542274523,121.02937706510446,121.25377238108098,59278900
2021-06-03,120.53179931640625,121.80989840712398,120.13177925202119,121.64403969713835,76229200
2021-06-04,122.8245849609375,123.08801464449839,120.83425795335646,121.04890215666704,75169300
2021-06-07,122.83433532714844,123.24410653680496,121.7903901347652,123.09775754946514,71057600
2021-06-08,123.65387725830078,125.33200387040455,123.13678395621102,123.51728685562117,74403800
2021-06-09,124.03437042236328,124.63927604647924,123.43922338156383,124.11242420165917,56877900
2021-06-10,123.03923034667969,125.06858426923962,122.87337162202547,123.92706803553762,71186400
2021-06-11,124.24903106689453,124.33684344114933,123.02946851727127,123.44899833208643,53522400
2021-06-14,127.3028335571289,127.36137018700008,123.97587025549274,124.70760790336342,96906500
2021-06-15,126.48326873779297,127.41989931286103,126.23935623136502,126.77596672295411,62746300
2021-06-16,126.98081970214844,127.70280593735949,125.331983991057,127.19546385620482,91815000
2021-06-17,128.58091735839844,129.3224209462561,126.49302678487064,126.6393832290609,96721700
2021-06-18,127.28331756591797,128.30773825283313,127.06867335467656,127.52723008894328,108953300
2021-06-21,129.07850646972656,129.18582857227696,126.06375134431808,127.12720634134745,79663300
2021-06-22,130.71755981445312,130.81513075216756,128.4150256244004,128.9126165646152,74783600
2021-06-23,130.44436645507812,131.0492794134617,129.98580988913096,130.5126690823285,60214200
2021-06-24,130.16148376464844,131.36152922245495,129.69316099657445,131.1761533209972,68711000
2021-06-25,129.86880493164062,130.6298109330751,129.57610688018707,130.21028847287667,70783700
2021-06-28,131.49807739257812,131.95663398446408,130.10290533994575,130.1614419453381,62111300
2021-06-29,133.0103759765625,133.16648356087228,131.07859300425446,131.51763255879192,64556100
2021-06-30,133.6250457763672,134.0640853489463,132.56157584088896,132.8542738516881,63261400
2021-07-01,133.92747497558594,133.98601159157678,132.4542339993765,133.27379128495963,52485800
2021-07-02,136.55197143554688,136.5909908825578,134.39577852908815,134.54212006442484,78852600
2021-07-06,138.56182861328125,139.6643030810213,136.65931393358588,136.65931393358588,108181800
2021-07-07,141.04969787597656,141.36189806872017,139.18620319634806,140.0447648918188,104911600
2021-07-08,139.75210571289062,140.55213093920304,137.24467816832617,138.13252320539087,105575500
2021-07-09,141.57659912109375,142.10344367127877,139.17649311255218,139.27406408607257,99890800
2021-07-12,140.98141479492188,142.75710481226085,140.49358983023356,142.64978272453996,76299700
2021-07-13,142.09365844726562,143.86934850619764,140.1326074026889,140.5228614286861,100827100
2021-07-14,145.5181884765625,145.9279745686904,144.0839818158266,144.4937679079545,127050800
2021-07-15,144.864501953125,146.34749406137325,143.50834910364574,145.6060054508676,106820300
2021-07-16,142.82537841796875,146.11331359035626,142.32780236268064,144.84498071759424,93251400
2021-07-19,138.98133850097656,140.56190161268026,138.2203326975493,140.24968646910114,121434600
2021-07-20,142.5912322998047,143.5181116494979,139.47892150687957,139.9667464752501,96350000
2021-07-21,141.8594970703125,142.57173225410514,141.10825732605966,141.9863363279922,74993500
2021-07-22,143.2253875732422,144.59129128070637,142.25948895259933,142.38632818516166,77338200
2021-07-23,144.94252014160156,145.09862766986717,143.3424551949622,143.95711928298726,71447400
2021-07-26,145.36209106445312,146.18163344756866,144.10349429509156,144.6596219111436,72434100
2021-07-27,143.19613647460938,145.57672455410125,142.00584243486344,145.48890475095865,104818600
2021-07-28,141.44972229003906,143.39127100475073,139.06913408549428,141.28386358886817,118931200
2021-07-29,142.09365844726562,142.98150347673163,141.05947187985987,141.16679397009463,56699500
2021-07-30,142.3083038330078,142.76686050541852,140.60091640214495,140.86434605990442,70440600
2021-08-02,141.97657775878906,143.37174997131473,141.71314811709883,142.7961201026742,62880000
2021-08-03,143.7717742919922,144.43520909857267,141.64484970305608,142.2595139229218,64786600
2021-08-04,143.37179565429688,144.1913382593153,142.7181117988245,143.6840108679653,56368300
2021-08-05,143.4790802001953,144.24008597517638,142.61075233452527,143.40102641721816,46397700
2021-08-06,142.79510498046875,143.74290453377364,142.29678337483543,143.0003050001657,54126800
2021-08-09,142.74624633789062,143.34228507821692,142.18930041536296,142.8537292225246,48908700
2021-08-10,142.26748657226562,144.32919310328901,141.9743500451473,143.0882569205625,69023100
2021-08-11,142.52151489257812,143.36183156118472,142.19906623850963,142.70716850336376,48493500
2021-08-12,145.482177734375,145.63851920327534,142.5019837127135,142.84397881224007,72282600
2021-08-13,145.6873321533203,146.0195464885417,144.8763278106057,145.56030288592572,59375000
2021-08-16,147.66111755371094,147.72952253031957,143.1175540441941,145.1401675406519,103296000
2021-08-17,146.75245666503906,148.20834403268694,145.67762747925198,146.79153458563758,92229700
2021-08-18,143.01007080078125,147.2702784625577,142.8048707810112,146.37133747643588,86326000
2021-08-19,143.34228515625,144.61253336364982,141.1926423719419,141.71051038649435,86960300
2021-08-20,144.79818725585938,145.10108950161558,143.42045616108942,144.06535347049768,60549600
2021-08-23,146.28338623046875,146.75239563031982,144.50503593715925,144.91542102572143,60131800
2021-08-24,146.19544982910156,147.40707372149436,145.73620613091066,146.02934262692168,48606400
2021-08-25,144.96432495117188,146.87947087329786,144.41714466186295,146.3811342523207,58991300
2021-08-26,144.16307067871094,145.70690913613237,144.13375851701343,144.95454377317253,48597200
2021-08-27,145.1988067626953,145.34536755607812,143.4693148530707,144.10443150378484,55802400
2021-08-30,149.61534118652344,149.97688265994054,145.2085727146907,145.58964568755835,90956700
2021-08-31,148.35487365722656,149.3026732146875,147.8272249811444,149.16587817080352,86453100
2021-09-01,149.019287109375,151.43275399237308,148.85317992388826,149.3319699829077,80313700
2021-09-02,150.1332244873047,151.17874128646721,148.91183471793337,150.34819027947748,71115500
2021-09-03,150.7683563232422,151.0908050119508,149.58604446464392,150.24070759279422,57808700
2021-09-07,153.10365295410156,153.660598936694,150.85629279363835,151.42301943650597,82278300
2021-09-08,151.55979919433594,153.44561765373206,150.4556581818044,153.38699333617137,74420200
2021-09-09,150.5436248779297,152.53692642541913,150.42636132134103,151.93112186962642,57305700
2021-09-10,145.5603485107422,151.92134106933233,145.2965241455898,151.45233157203938,140893200
2021-09-13,146.1270751953125,147.9542695218118,145.34538275990522,147.18235774668085,102404300
2021-09-14,144.7298126220703,147.61230470977705,143.54751554982687,146.90878293557242,109296300
2021-09-15,145.61895751953125,146.0195769004921,143.01983678244974,145.15971382126716,83281300
2021-09-16,145.38441467285156,145.56030249720038,143.85035735869758,145.04243459087402,68034100
2021-09-17,142.7169647216797,145.41380316434896,142.42382816362286,145.41380316434896,129868800
2021-09-20,139.66836547851562,141.52487196661303,138.0365905336095,140.50868223734292,123478900
2021-09-21,140.1471405029297,141.29037444715544,139.51202378684255,140.6356964105484,75834000
2021-09-22,142.51174926757812,143.0784609405733,140.4109501394529,141.14378392401113,76404300
2021-09-23,143.46932983398438,143.71360778815728,142.30656438659437,143.29344195401745,64838200
2021-09-24,143.5572967529297,144.09471134794907,142.22842380413005,142.3261409703322,53477900
2021-09-27,142.04275512695312,142.61926249136263,140.52824357765476,142.14047228283127,74150700
2021-09-28,138.66195678710938,141.43695107445913,138.4469909709511,139.9712831876772,108972300
2021-09-29,139.5608673095703,141.14378350850296,138.77917495976774,139.2091064976362,74602000
2021-09-30,138.26132202148438,141.07540882378817,138.04635622911155,140.37188712321222,89056700
2021-10-01,139.38499450683594,139.64881887167329,135.9260252404235,138.65216064526572,94639600
2021-10-04,135.955322265625,138.95506236159227,135.1052398519007,138.51535016597074,98322000
2021-10-05,137.88023376464844,138.9843747661612,136.17028827499877,136.29731756814027,80861100
2021-10-06,138.74984741210938,138.8964081885175,135.20292752763442,136.27775625309343,83221100
2021-10-07,140.01034545898438,140.91906720020722,139.4533994772065,139.78561391612965,61732700
2021-10-08,139.62924194335938,140.87994360098938,139.29702757701324,140.73338282452485,58773200
2021-10-11,139.5413055419922,141.49552874663496,138.5641939396708,139.01367183693614,64452200
2021-10-12,138.27108764648438,139.97126757292082,137.8118439004276,139.9517211619384,73035900
2021-10-13,137.684814453125,138.16358964828814,136.0139468710265,138.00726310614547,78762700
2021-10-14,140.46958923339844,140.58685278975153,138.27108764845218,138.85736070158842,69907100
2021-10-15,141.52487182617188,141.58349614959462,140.22531132197605,140.4793699361988,67940300
2021-10-18,143.1957550048828,143.479110901774,139.88334618906478,140.16670208595596,85589200
2021-10-19,145.35513305664062,145.75575243725564,143.1957245202807,143.64518755891186,76378900
2021-10-20,145.84368896484375,146.32247907181252,144.7297822080243,145.29650879090318,58418800
2021-10-21,146.05862426757812,146.21496568738968,144.485474140878,145.40396134534794,61421000
2021-10-22,145.28675842285156,146.74264548774926,145.23789985010384,146.26387023963363,58883400
2021-10-25,145.23788452148438,145.95117189778182,144.24122639888336,145.27696242983234,50720600
2021-10-26,145.90232849121094,147.38752756365847,145.5994113354405,145.91209424092938,60893400
2021-10-27,145.4430694580078,146.30291753836434,145.09130868119013,145.94139101285785,56094900
2021-10-28,149.07797241210938,149.66423061689264,146.29319748336883,146.39091463893837,100077900
2021-10-29,146.37132263183594,146.5081176612954,143.05891485963772,143.85037288076313,124953200
2021-11-01,145.55055236816406,146.27360541935798,144.41709931929685,145.57986452377787,74588300
2021-11-02,146.58633422851562,148.10086068451773,145.24768076131065,145.25746142260692,69122000
2021-11-03,148.0226593017578,148.49166875101167,146.39088452432864,146.94783044977856,54511500
2021-11-04,147.5048065185547,148.94114717338857,147.19212358039826,148.11061107430388,60394600
2021-11-05,148.03321838378906,148.93347149692437,146.83940090236302,148.63012712450208,65463900
2021-11-08,147.21121215820312,148.31696452355757,146.93722280009231,148.1603949099799,55020900
2021-11-09,147.5732879638672,148.17997664131613,146.83938459031998,146.97637928946335,56787900
2021-11-10,144.74530029296875,146.9078752619248,144.67681041564214,146.80023551358215,65187100
2021-11-11,144.6964111328125,146.22292804332957,144.51048652142552,145.76302891424749,41000000
2021-11-12,146.7708740234375,147.1720631299846,144.3147348567186,145.2443426792842,63804000
2021-11-15,146.78065490722656,148.6203105600799,146.22288125155492,147.1427090779816,59222800
2021-11-16,147.7592010498047,148.23868992516853,146.13482479249984,146.72195341819835,59256200
2021-11-17,150.1957550048828,151.67334153749616,147.7494107865361,147.75919078814144,88807000
2021-11-18,154.4817657470703,155.2645990140686,149.7652210699027,150.411059635024,137827700
2021-11-19,157.104248046875,157.5641620110988,153.1705218782956,154.2664794451428,117305600
2021-11-22,157.56419372558594,162.14374442137012,157.54461878472307,158.210017461011,117467900
2021-11-23,157.94578552246094,158.3274146566765,155.64621578340464,157.66200120676388,96041900
2021-11-24,158.46446228027344,158.66016691398406,156.21382166433506,157.29999955243147,69463600
2021-11-26,153.44451904296875,157.00639624695634,153.00417999336176,156.1452930856568,76959800
2021-11-29,156.80087280273438,157.73048055072377,155.38198131594635,155.94953492440175,88748200
2021-11-30,161.7523193359375,161.9675988704111,156.4877806077615,156.5562854284138,174048100
2021-12-01,161.23365783691406,166.64497001692308,160.99880341826756,163.88548659020162,152052500
2021-12-02,160.24534606933594,160.6759050938818,154.4132690949476,155.33309702351337,136739200
2021-12-03,158.36654663085938,161.4195945786872,156.29205136899398,160.49976670029744,118023100
2021-12-06,161.77188110351562,164.27693555746282,160.7541933995356,160.76397340255957,107497000
2021-12-07,167.50607299804688,167.8974970290668,164.7270295686555,165.45115282756737,120405400
2021-12-08,171.3224334716797,172.1835516828611,167.03643228768738,168.43574938085717,116998900
2021-12-09,170.8135528564453,172.95655298827864,170.18728927314578,171.15604705270513,108923700
2021-12-10,175.5985870361328,175.77473158616564,170.94075296583623,171.4495967498973,115402700
2021-12-13,171.96823120117188,178.22108688608395,171.76273170193855,177.23275419312068,153237000
2021-12-14,170.58853149414062,173.92534966083014,168.51403571018346,171.48878466324098,139380400
2021-12-15,175.45181274414062,175.64751729804553,168.6118288401074,171.3517373886768,131063300
2021-12-16,168.5629119873047,177.2523322197485,167.08532532021002,175.43225135839342,150185800
2021-12-17,167.46693420410156,169.74692873915046,166.04805758616632,166.28289706807027,195432700
2021-12-20,166.10679626464844,166.91898445345717,163.8659512088188,164.66834446331637,107499100
2021-12-21,169.2772674560547,169.48275204230814,165.49031583648394,167.8779505711604,91185900
2021-12-22,171.87039184570312,172.08567137280502,168.45528928513505,169.32618739702795,92135300
2021-12-23,172.4966278076172,173.0544014741378,171.50831008728667,172.07586375572322,68356600
2021-12-27,176.45973205566406,176.54779687853835,173.26970404402934,173.28926405046633,74919600
2021-12-28,175.44203186035156,177.43825729141835,174.69834852343934,176.29336988152778,79144300
2021-12-29,175.53009033203125,176.7532624077505,174.31669825764985,175.48116046274254,62348900
2021-12-30,174.3754119873047,176.6945564474762,174.26777224500728,175.6181590245021,59773000
2021-12-31,173.7589569091797,175.38331824017646,173.45559766181222,174.2677857929612,64062300
2022-01-03,178.10366821289062,178.9550062933326,173.89596741451703,174.0133871781769,104487900
2022-01-04,175.84324645996094,179.01371442958575,175.27569272230144,178.71037008888723,99310400
2022-01-05,171.1658172607422,176.3031403228598,170.8918278919333,175.75516158524204,94537600
2022-01-06,168.3084716796875,171.53764883189484,167.95619753705944,168.99344503165895,96904000
2022-01-07,168.47486877441406,170.40258963561612,167.35933616352636,169.1794172582698,86709100
2022-01-10,168.49444580078125,168.79779016511287,164.56071920573362,165.45119229098708,106765600
2022-01-11,171.3224334716797,171.42027831211996,167.15386700004245,168.62167398838997,76138300
2022-01-12,171.7627410888672,173.37732250749067,171.0679876032979,172.3400748149154,74805200
2022-01-13,168.49444580078125,172.8293615927784,168.1030216763988,172.00739332853072,84505800
2022-01-14,169.35556030273438,170.05031384521072,167.41804452412237,167.66267899736397,80440800
2022-01-18,166.15573120117188,168.83691537487223,165.77410203397278,167.82902257608225,90956700
2022-01-19,162.66232299804688,167.40823697043027,162.3785536255594,166.35141442818917,94815000
2022-01-20,160.97923278808594,166.0382709410417,160.6563135530504,163.3962221186515,91420500
2022-01-21,158.92433166503906,162.76019814543096,158.81669190708894,160.89118731707072,122848900
2022-01-24,158.15126037597656,158.8166737850042,151.37978119467465,156.58560899416545,162294600
2022-01-25,156.3507843017578,159.26682305990172,153.65002507588994,155.56795099632697,115798400
2022-01-26,156.2626953125,160.86181974023197,154.43283450239605,159.99092174206848,108275300
2022-01-27,155.8027801513672,160.3236197319786,154.88295228679408,158.9634528706825,121954600
2022-01-28,166.67433166503906,166.69390660020625,159.30594382680772,162.15349217595866,179935700
2022-01-31,171.0288543701172,171.24413390438698,165.8719554140601,166.5080140130585,115541600
2022-02-01,170.8625030517578,171.08756258764447,168.61186289898112,170.27537434014533,86213900
2022-02-02,172.0660858154297,172.105235689561,169.6099612749151,170.9994831805343,84914300
2022-02-03,169.1891632080078,172.45749049022623,168.42590499267487,170.7352545735362,89418100
2022-02-04,168.90505981445312,170.580497991328,167.22962163757825,168.20940619823992,82465400
2022-02-07,168.1897735595703,170.43347298885462,167.4941201406985,169.36551170876842,77251200
2022-02-08,171.29576110839844,171.8052533391249,167.9644841540523,168.258422554484,74829200
2022-02-09,172.7163848876953,173.0789003149091,171.36427769381476,172.49103867215615,71285000
2022-02-10,168.64051818847656,171.93259499604034,168.08204874852603,170.61968723864308,90865900
2022-02-11,165.23086547851562,169.58111126110254,164.64298876993468,168.8462728505392,98670700
2022-02-14,165.4660186767578,166.15186486791518,163.19291135712115,163.98653444619794,86185500
2022-02-15,169.29693603515625,169.45370512365702,166.80829029407985,167.5137362420102,62527400
2022-02-16,169.0618133544922,169.83583650795123,166.612352178537,168.37596721528965,61177400
2022-02-17,165.4660186767578,168.43476465088062,165.06430342539218,167.57254946752525,69589300
2022-02-18,163.91795349121094,167.0924457737123,162.83039207397334,166.3870146722984,82772700
2022-02-22,160.99819946289062,163.32028399061443,158.87205389872815,161.64484588368407,91162800
2022-02-23,156.83409118652344,162.79116699621056,156.52055301215938,162.1934979328617,90009200
2022-02-24,159.4501495361328,159.5579264390306,148.9272576589058,149.49553451506446,141147500
2022-02-25,161.51748657226562,161.78201763247694,157.61793335879435,160.52789462372328,91974200
2022-02-28,161.7820281982422,162.07596656799925,159.1464052349538,159.76367431641097,95056600
2022-03-01,159.9008331298828,163.23210951924372,158.69570233786408,161.37050993245586,83474400
2022-03-02,163.19290161132812,163.97673219026618,159.65587901852524,161.0667710705488,79724800
2022-03-03,162.8695831298828,165.49541352335572,162.203336805619,165.06430592514928,76678400
2022-03-04,159.87144470214844,162.20333673673338,158.82308299816066,161.16476749621853,83737200
2022-03-07,156.0796661376953,161.68403439715155,155.82491261205914,160.05758861933697,96418800
2022-03-08,154.25729370117188,159.58732445146612,152.65044751471495,155.6094012673305,131148300
2022-03-09,159.65589904785156,160.10660654613918,156.1874681101056,158.2156144765831,91454900
2022-03-10,155.31544494628906,157.14763719865718,152.82678391494153,156.9614757494235,105342000
2022-03-11,151.60203552246094,156.0600575177212,151.37668929729986,155.7171269987306,96970100
2022-03-14,147.5751495361328,151.00439558659642,147.06567231572745,148.38837253642478,108732100
2022-03-15,151.9547576904297,152.42506496258488,147.33998157862231,147.8494586979721,92964300
2022-03-16,156.3638458251953,156.7655611637564,151.33756018660605,153.8751991198654,102300200
2022-03-17,157.3730010986328,157.74532403885397,154.4434546489776,155.40363939181822,75615400
2022-03-18,160.6650848388672,161.15497717032517,156.53039236533564,157.2652308625226,123511700
2022-03-21,162.0367889404297,162.98718123956166,159.71468917177347,160.20458149296203,95811400
2022-03-22,165.40724182128906,165.99510360566663,161.57628048257416,162.1641422669517,81532000
2022-03-23,166.76913452148438,169.15000379737148,164.2608735199057,164.5940116285297,98062700
2022-03-24,170.5511016845703,170.61967882805246,166.76913277034842,167.60194065734933,90131400
2022-03-25,171.18795776367188,171.73663471959298,169.25778100424003,170.36494232979024,80546200
2022-03-28,172.05018615722656,172.17754799227433,168.5229555265403,168.6895171187773,90371900
2022-03-29,175.34222412109375,175.39120138120336,172.77517880756406,173.11810933027303,100589400
2022-03-30,174.17628479003906,175.97908457885987,173.12790825883917,174.9405154603071,92633200
2022-03-31,171.0801544189453,174.4310152677539,170.87439311711938,174.24485383998842,103049300
2022-04-01,170.78623962402344,171.34472398421482,168.46415506398156,170.5119011506989,78751300
2022-04-04,174.83274841308594,174.8817406281064,170.9136104166494,171.0409871856376,76468400
2022-04-05,171.52105712890625,174.695564012496,170.89399570193683,173.9117334912033,73401800
2022-04-06,168.35635375976562,170.1199686542609,166.69072328453476,168.87563829115544,89058800
2022-04-07,168.6600799560547,169.85541807711806,166.41638033883945,167.69989546465595,77594700
2022-04-08,166.65155029296875,168.30738857225097,165.77954264267717,168.30738857225097,76575500
2022-04-11,162.39927673339844,165.61296861541499,162.1543306146452,165.29944535757966,72246700
2022-04-12,164.2707061767578,166.43602198876223,163.27132159796375,164.62342926631288,79265200
2022-04-13,166.9552764892578,167.58233798502656,163.39866884231074,164.00613046155772,70618900
2022-04-14,161.94857788085938,167.80770011623432,161.70363174912274,167.17083120352376,75329400
2022-04-18,161.7330322265625,163.23210129361956,160.2633554980497,160.60627109784113,69023900
2022-04-19,164.01589965820312,164.4274222551572,160.59646173132168,161.68402299396155,67723800
2022-04-20,163.849365234375,165.4660187034269,162.74221886501599,165.34843439183405,67929800
2022-04-21,163.0557403564453,168.06243992326603,162.55605562621574,165.49540922825548,87227800
2022-04-22,158.51937866210938,164.47647213215333,158.23524764386613,163.09498690506743,84882400
2022-04-25,159.58729553222656,159.87142644375086,155.25665006996203,157.8628653370747,96046400
2022-04-26,153.6302490234375,159.05824986254345,153.5518644508096,158.9700728247103,95623200
2022-04-27,153.40487670898438,156.55976925790796,152.23893068313222,152.75821530720194,88063200
2022-04-28,160.33192443847656,161.19413952588084,155.71713316880462,156.0306713643422,130216800
2022-04-29,154.46304321289062,162.84020491275837,154.071135335253,158.56834326506834,131747600
2022-05-02,154.76678466796875,155.0313157503038,150.17159242252777,153.5420538968097,123055300
2022-05-03,156.2560577392578,157.46120366883235,153.1599494897431,154.9529423111533,88966500
2022-05-04,162.66380310058594,163.11449553252916,156.04045128046997,156.4421664548319,108256500
2022-05-05,153.60081481933594,160.76303686900772,151.8175999162394,160.5376906280676,130525300
2022-05-06,154.326904296875,156.44635165846242,151.28510401095104,153.08074566682737,116124600
2022-05-09,149.2049560546875,152.90417564451926,148.64566602154656,152.0210648420898,131577900
2022-05-10,151.60894775390625,153.79708852885074,150.05861170075954,152.59999379126018,115366700
2022-05-11,143.74932861328125,152.53128118939546,143.07228159830737,150.61789721596364,142689800
2022-05-12,139.88330078125,143.45495579096956,136.19390367446763,140.08936442340104,182602000
2022-05-13,144.34788513183594,145.31930242919321,140.422988536555,141.8751960845671,113990900
2022-05-16,142.8073272705078,144.75016147394118,141.472862097978,142.817149092285,86643800
2022-05-17,146.4379119873047,146.9579596403424,143.92596533868675,146.06504198237434,78336300
2022-05-18,138.17596435546875,144.59316242526515,137.27322514239307,144.09274359887067,109742900
2022-05-19,134.7711181640625,139.0001910759216,134.03520018713232,137.25361360845713,136095600
2022-05-20,135.00657653808594,138.05818309823013,130.12008629719486,136.47841221071587,137426100
2022-05-23,140.42300415039062,140.57018180016163,135.06551311431642,135.202883911534,117726300
2022-05-24,137.72463989257812,139.30441157484717,134.75153153593112,138.1661878220446,104132700
2022-05-25,137.88160705566406,139.12775081330722,135.7425308510417,135.83083742178036,92482700
2022-05-26,141.08041381835938,141.62989697300142,134.56508575048807,134.8103917996885,90601500
2022-05-27,146.83035278320312,146.86959515379783,142.53258704704527,142.6601509529846,90978500
2022-05-31,146.0453643798828,147.83119909756292,144.08291654363944,146.27105666109873,103718400
2022-06-01,145.91781616210938,148.89092345071006,144.9071417470177,147.08546005363647,74286600
2022-06-02,148.37088012695312,148.42975116841052,144.10254995382152,145.05433838348728,72348100
2022-06-03,142.65032958984375,145.1916957944632,141.74760543511636,144.1417790773301,88570300
2022-06-06,143.39608764648438,145.78046996633253,142.17936438712687,144.2693764860653,71598400
2022-06-07,145.91781616210938,146.20236451194296,141.3943732786537,141.63967925937843,67808200
2022-06-08,145.1819305419922,147.0560572730291,144.69131847131706,145.79028471849585,53950200
2022-06-09,139.96177673339844,145.17207325562853,139.85384150532468,144.3184132523197,69473000
2022-06-10,134.55526733398438,138.11710068108783,134.48657445941151,137.6461172993445,91437900
2022-06-13,129.40379333496094,132.6614484092865,128.97205248808118,130.37519526815413,122207100
2022-06-14,130.2672882080078,131.37607607962988,129.0113227305463,130.63035125622758,84784300
2022-06-15,132.88717651367188,134.7613181921413,129.67858439406757,131.76858160626196,91533000
2022-06-16,127.61798858642578,129.90424225906582,126.61713593346167,129.60006522049088,108123900
2022-06-17,129.08985900878906,130.58132405033675,127.3727165836019,127.62784446904057,134520300
2022-06-21,133.3189239501953,134.48658311474856,130.8168142802015,130.91492771438774,81000500
2022-06-22,132.80870056152344,135.17343948860204,131.395735327504,132.2592024365102,73409200
2022-06-23,135.6738739013672,135.98785785879153,133.08344262037107,134.25110181028134,72433800
2022-06-24,139.0001983642578,139.24550436943025,137.14568556404583,137.27323450557805,89116800
2022-06-27,139.0001983642578,140.79584011879487,138.32315139441545,140.02066475796738,70207900
2022-06-28,134.85946655273438,140.7271835163408,134.74172443104214,139.4614107912665,67083400
2022-06-29,136.61582946777344,138.02879459026983,134.1038981265762,134.87907356263912,66242400
2022-06-30,134.1529541015625,135.77196780465343,131.2583461315228,134.67300165333307,98964500
2022-07-01,136.32144165039062,136.42937688810812,133.11284998534265,133.48570492012948,71051600
2022-07-05,138.902099609375,138.9511638153359,134.3590266331402,135.18326636531972,73353800
2022-07-06,140.23654174804688,141.41400763305737,138.43109305954474,138.69602774966668,74064300
2022-07-07,143.60215759277344,143.79839942455877,140.58979232323185,140.5995991745189,66253700
2022-07-08,144.27920532226562,144.77963926575595,142.27751446518533,142.53262737695925,64547800
2022-07-11,142.14991760253906,143.88668829327412,141.08038702449986,142.93489980535588,63141600
2022-07-12,143.12135314941406,145.66272006961017,142.32656399441228,143.02322474684678,77588800
2022-07-13,142.75828552246094,143.700252180436,139.4515504526769,140.30522551606126,71185600
2022-07-14,145.68234252929688,146.1533259024835,140.56035155748177,141.3747693527097,78140700
2022-07-15,147.3504180908203,148.02746510063992,145.4174054581408,146.96774129904725,76259900
2022-07-18,144.30865478515625,148.72416382298212,143.94559163866427,147.90974591488566,81420900
2022-07-19,148.16482543945312,148.39050276940443,144.1516228338136,145.1426536934173,82982400
2022-07-20,150.16653442382812,150.83377461851506,147.5466677906739,148.28258588894056,64823400
2022-07-21,152.4331817626953,152.6490522792443,149.08720372847873,151.59913522400217,65086600
2022-07-22,151.1968231201172,153.34570636779952,150.5295978961148,152.47241748797757,66675400
2022-07-25,150.07821655273438,152.12897123891142,149.42079823109208,151.1183116577891,53623900
2022-07-26,148.7535858154297,150.21560020375307,147.96860350790257,149.40118236976926,55138700
2022-07-27,153.84613037109375,154.37599980512033,149.30307266450654,149.7151850174758,78620700
2022-07-28,154.39564514160156,154.6801935925864,151.51084338722362,154.0325819799109,81378700
2022-07-29,159.45875549316406,160.5577368895676,156.505275742224,158.21261141307434,101786900
2022-08-01,158.4774932861328,160.51844113720935,157.8691391572039,157.98688125382472,67829400
2022-08-02,157.00567626953125,159.36062329417274,156.6328212608233,157.0939978250213,59907000
2022-08-03,163.01077270507812,163.46212742924678,157.73178199101062,157.82008857109244,82507500
2022-08-04,162.69674682617188,164.05084071884252,161.34265293350123,162.89298862903826,55474100
2022-08-05,162.4707794189453,162.96207295817032,160.1616937873522,160.36804367078585,56697000
2022-08-08,161.99916076660156,164.88796978137128,161.3408290852841,163.4730416930684,60276900
2022-08-09,162.04824829101562,162.93258559805665,160.40732977942574,161.16392597706255,63135500
2022-08-10,166.29306030273438,166.3913100252121,163.99379489901474,164.76021170255777,70170500
2022-08-11,165.55609130859375,168.0125588424397,165.26131220591463,167.09874512344325,57149200
2022-08-12,169.10325622558594,169.1720295303759,166.4502588992338,166.8629587003345,68039400
2022-08-15,170.1742401123047,170.370754508125,168.36628368181792,168.53332166791955,54091700
2022-08-16,170.0170135498047,170.68518045173758,168.67087426733767,169.7713668198312,56377100
2022-08-17,171.51055908203125,173.08268924248625,169.56504107416526,169.76155547008622,79542000
2022-08-18,171.11752319335938,171.85446345688476,170.10545976423154,170.72449438338106,62290100
2022-08-19,168.53330993652344,170.7146540623893,168.32696008976907,170.01701076373877,70346300
2022-08-22,164.65211486816406,166.90223255698254,164.22959465128477,166.73519456201245,69026800
2022-08-23,164.3180389404297,165.77227866474297,163.74813661491604,164.17065687050786,54147100
2022-08-24,164.61279296875,165.18269520734955,163.35508285359487,164.40645810232692,53841500
2022-08-25,167.0692901611328,167.17737534622174,165.41855096314578,165.841056236527,51218200
2022-08-26,160.77090454101562,168.07153485537452,160.71195171096292,167.59989722186273,78961000
2022-08-29,158.5699005126953,160.06342201093398,157.03706713692557,158.34389469961232,73314000
2022-08-30,156.14291381835938,159.7293506019625,154.97363281420544,159.3068453614504,77906200
2022-08-31,154.48236083984375,157.78385443277264,154.40375206464415,157.51855169061037,87991100
2022-09-01,155.20944213867188,155.66142374222144,151.97672265788725,153.91242016030444,74229900
2022-09-02,153.09689331054688,157.56766760419046,152.2715237467297,156.9682888748041,76957800
2022-09-06,151.83917236328125,154.35459275815265,151.0138028574181,153.7453935980758,73714800
2022-09-07,153.24427795410156,153.9419063408882,150.93519246411637,152.1241293530868,87449600
2022-09-08,151.7703857421875,153.63729493578492,150.0213671908206,151.9472441951636,84923800
2022-09-09,154.6297149658203,155.07189112050955,152.0553417641127,152.76280561990976,68028800
2022-09-12,160.58421325683594,161.39976240335073,156.5261384587271,156.81108213975503,104956000
2022-09-13,151.1611785888672,157.7445084078153,150.6993615052029,157.11565333541313,122656600
2022-09-14,152.60560607910156,154.36444545311878,150.93521094229624,152.09465656902455,87965400
2022-09-15,149.716796875,152.53683214610933,148.7440452074938,151.95709434204855,90481100
2022-09-16,148.07583618164062,148.71452663381027,145.78640700828322,148.57696507371128,162278800
2022-09-19,151.79005432128906,151.86866309017464,146.50374580326707,146.71008070263835,81474200
2022-09-20,154.1678924560547,155.32735289857166,150.41441795742156,150.72883799724963,107689800
2022-09-21,151.0432891845703,155.97588059110078,150.92538353116046,154.60024966459952,101696800
2022-09-22,150.08035278320312,151.7802241971407,148.28221666613402,149.72662084225365,86652500
2022-09-23,147.81056213378906,148.8324610577634,145.97312915554878,148.55733788432917,96029900
2022-09-26,148.14466857910156,151.0924300246352,147.03434030349507,147.0539962445305,93339400
2022-09-27,149.11740112304688,152.02586530633175,147.33892101138343,150.08034720002962,84442700
2022-09-28,147.2308807373047,148.0169535935615,142.31794412706554,145.069191627418,146691400
2022-09-29,139.99900817871094,144.16518295071455,138.23034837016746,143.55598373619551,128138200
2022-09-30,135.79351806640625,140.60820327947016,135.59700366840286,138.8198877735382,124925300
2022-10-03,139.96951293945312,140.57872706512543,135.2924042908768,135.80335372086685,114311700
2022-10-04,143.55596923828125,143.67387488258018,141.7479977315321,142.504593932989,87830100
2022-10-05,143.8507080078125,144.81365391024482,140.5197392053699,141.56129385451618,79471000
2022-10-06,142.89761352539062,144.970872598081,142.6912786611767,143.27100136570334,68402200
2022-10-07,137.65061950683594,140.60821619318722,137.02176437961742,140.05795483791823,85925600
2022-10-10,137.97488403320312,139.41928832461434,136.15710682488464,137.97488403320312,74899000
2022-10-11,136.55995178222656,138.88869341854974,135.8131909792421,137.46393012049913,77033700
2022-10-12,135.9311065673828,137.91593686444165,135.7542480720767,136.70735883391194,70433700
2022-10-13,140.50013732910156,141.08968060374895,132.03022618093473,132.6394403890868,113224000
2022-10-14,135.97039794921875,142.00348171103434,135.78370401470698,141.79713183786654,88598000
2022-10-17,139.9302215576172,140.41167960335844,137.82748592791265,138.61355854500806,85250900
2022-10-18,141.2468719482422,144.14550040873658,138.1615495711484,142.95657861316172,99136600
2022-10-19,141.35496520996094,142.42598143245377,139.03605931008337,139.22275323737964,61758300
2022-10-20,140.89315795898438,143.34962560942563,140.16603813694184,140.52960554450746,64522000
2022-10-21,144.70559692382812,145.27549920361895,140.1660346242772,140.38220497154572,86548600
2022-10-24,146.84762573242188,147.6140424012265,143.45770354454174,144.62698448602487,75981900
2022-10-25,149.6873016357422,149.83469868322362,146.75919654145045,147.47648086131204,74732300
2022-10-26,146.74940490722656,149.34343452593197,145.46220307585523,148.33137090531034,88194300
2022-10-27,142.27859497070312,146.45458955551916,141.62026350591435,145.49165853167307,109180200
2022-10-28,153.0281219482422,154.75746986477446,145.24603383421282,145.619406740808,164762400
2022-10-31,150.66990661621094,151.55424402730603,149.27463469355658,150.49304812984573,97943200
2022-11-01,148.0267333984375,152.74315424703352,146.5332118743015,152.3796018355527,80379300
2022-11-02,142.50460815429688,149.5202795588878,142.47513174028055,146.35634784769096,93604600
2022-11-03,136.461669921875,140.313408670562,136.33392883040858,139.58628898595558,97918500
2022-11-04,136.19595336914062,140.41823769444377,132.25908536615194,139.84739003185524,140814800
2022-11-07,136.7274169921875,136.95378268582516,133.52871190234,134.94598671425354,83374600
2022-11-08,137.2982635498047,139.19779504119253,135.31999290082103,138.1939045722533,89908500
2022-11-09,132.7413330078125,136.363259132224,132.46575346788492,136.31404528196006,74917800
2022-11-10,144.55194091796875,144.55194091796875,137.298266687944,139.0108096143879,118854000
2022-11-11,147.33731079101562,147.6424157179768,142.09143135008082,143.51855829432515,93979700
2022-11-14,145.93968200683594,147.9081158240503,145.10309162733654,146.6187940766482,73374100
2022-11-15,147.6719512939453,151.165925575541,146.21531395208936,149.8175527331586,89868300
2022-11-16,146.44161987304688,147.50457588314197,144.96529458424104,146.77626501882386,64218300
2022-11-17,148.3411865234375,149.0891860323431,143.8433076526517,144.11888720950952,80389400
2022-11-18,148.9021759033203,150.28992540848853,147.60301733738748,149.90608139833125,74829600
2022-11-21,145.6739501953125,147.99670287508093,145.3885338782466,147.790025718782,58724100
2022-11-22,147.80972290039062,148.0459404204949,144.6110171948753,145.79208977743497,51804100
2022-11-23,148.68568420410156,149.4336837921187,146.98297781162248,147.09124229312135,58301400
2022-11-25,145.7723846435547,146.5302359602774,144.79800437919693,145.96922504559745,35195900
2022-11-28,141.9438018798828,144.32560563619245,141.1170630589414,142.84927987681326,69246000
2022-11-29,138.94192504882812,142.52447466230237,138.13487484288268,142.01267756953146,83763800
2022-11-30,145.69366455078125,146.3727767919922,138.3317244213744,139.16829999405587,111380900
2022-12-01,145.96923828125,146.77630352615344,144.29607218523327,145.87082558028513,71250400
2022-12-02,145.4770965576172,145.66410017016838,143.35118446433725,143.65630431626485,65447400
2022-12-05,144.3157501220703,148.53803463745106,143.46932286260514,145.4377569527139,68826400
2022-12-06,140.6544647216797,144.97517704731527,139.68008441838234,144.74881132681773,64727200
2022-12-07,138.71556091308594,141.10720126498546,137.79039443330282,139.9458322919547,69721100
2022-12-08,140.39854431152344,141.25482328488022,138.8730200272998,140.1131279990439,62128300
2022-12-09,139.9163055419922,143.2724894333561,138.6761823933455,140.09345741010685,76097000
2022-12-12,142.2095489501953,142.2193857157506,138.83367613735973,140.44779174822483,70462700
2022-12-13,143.174072265625,147.60304951034107,141.96348935709867,147.14046624112265,93886200
2022-12-14,140.94972229003906,144.3452679150581,138.9320744491566,143.05594605605327,82291200
2022-12-15,134.3456268310547,139.5619801804679,133.88304361781863,138.88286801559113,98931900
2022-12-16,132.38702392578125,135.47746472052233,131.61933586337778,134.5326248058533,160156900
2022-12-19,130.2808074951172,133.06614357854048,129.24739159594094,132.9775676474043,79592600
2022-12-20,130.21192932128906,131.146932591331,127.8399624333377,129.31628812854967,77432800
2022-12-21,133.31219482421875,134.6507305969255,130.65481182459862,130.88117753836192,85928000
2022-12-22,130.14300537109375,132.4362327068824,128.24347383297044,132.2295555538223,77852100
2022-12-23,129.77886962890625,130.3300288114699,127.5939064280565,128.85370313619094,63814900
2022-12-27,127.9777603149414,129.3359848460805,126.6884381958862,129.30645953174815,69007800
2022-12-28,124.05071258544922,128.96195335269854,123.88339749624971,127.62341762114275,85438400
2022-12-29,127.56438446044922,128.42064856881274,125.7140589354878,125.9699499861123,75703700
2022-12-30,127.87931823730469,127.8990067839709,125.41878304163788,126.38331908581098,77034200
2023-01-03,123.09603118896484,128.83401111884518,122.21023430585915,128.2238013285794,112117500
2023-01-04,124.36566925048828,126.62937150933897,123.10587260552037,124.8873030948284,89113600
2023-01-05,123.04680633544922,125.75340309203497,122.79091532129203,125.12350481122068,80962700
2023-01-06,127.57421112060547,128.2336347517989,122.91886860960567,124.02119442530204,87754700
2023-01-09,128.09580993652344,131.30436630158056,127.83991897613902,128.4107665197256,70790800
2023-01-10,128.66668701171875,129.18832083166095,126.09787998496417,128.20410381019116,63896200
2023-01-11,131.38314819335938,131.402821722743,128.40097153395064,129.17849644752224,69458900
2023-01-12,131.30441284179688,132.14098840377943,129.36550386584642,131.76699610111268,71379600
2023-01-13,132.633056640625,132.7905349401524,129.5819934315568,129.9461488585014,57809700
2023-01-17,133.7944793701172,135.12316348796887,132.01304876349633,132.70199775252627,63646600
2023-01-18,133.0759735107422,136.42230495988363,132.8988066595986,134.66056331872014,69672800
2023-01-19,133.1350555419922,134.0995841255356,131.6587298451973,131.9638347529944,58280400
2023-01-20,135.69398498535156,135.84162653742413,132.1015991542997,133.14486670992753,80223600
2023-01-23,138.88287353515625,141.0579999020067,135.72353008280908,135.94005904305521,81760300
2023-01-24,140.2804718017578,140.90053342355856,138.0856717213938,138.0955084866108,66435100
2023-01-25,139.6210174560547,140.18201330953534,136.61915274790366,138.6663258108729,65799300
2023-01-26,141.68788146972656,141.9732977828438,139.6603818984353,140.9103416541343,54105100
2023-01-27,143.6267852783203,144.9062704324847,140.82177572822627,140.90051489349364,70555800
2023-01-30,140.7430419921875,143.2527985417942,140.59541543784155,142.6721140707524,64015300
2023-01-31,142.01268005371094,142.06189391275458,140.0344090710312,140.4477784546675,65874500
2023-02-01,143.13465881347656,144.29604258311244,139.0895417079852,141.69771052689384,77663600
2023-02-02,148.43963623046875,148.79393998354684,145.83145179927072,146.54992610628193,118339000
2023-02-03,152.06150817871094,154.89605760293438,145.4967833818238,145.69362375451536,154357300
2023-02-06,149.33523559570312,150.68362304726807,148.40023248441526,150.16198925829823,69858300
2023-02-07,152.20916748046875,152.7800151967711,148.26246234257331,148.26246234257331,83322600
2023-02-08,149.5222625732422,152.14028370808583,148.7840997356859,151.45133472995892,64120100
2023-02-09,148.4888153076172,151.89421276586904,148.04592065726195,151.35289040745275,56007100
2023-02-10,148.853515625,149.17880490718028,147.08908410868764,147.32566223415182,57450700
2023-02-13,151.65298461914062,152.0571182724141,148.7648180243575,148.79438841262413,62199000
2023-02-14,151.0122528076172,151.57412024796835,148.70567235340334,149.94767374239032,61707600
2023-02-15,153.11187744140625,153.2794480234058,150.69686663828347,150.92357800911904,65573800
2023-02-16,151.51498413085938,154.09756497312395,151.16012443154224,151.3178281549916,68167900
2023-02-17,150.37155151367188,150.81512239489066,148.69583093968438,150.17441057100683,59144100
2023-02-21,146.3596649169922,149.1394018439348,146.29067235544917,148.05510409777494,58867200
2023-02-22,146.78353881835938,147.8086807909047,145.0585291708209,146.74410160351695,51011300
2023-02-23,147.26654052734375,148.19311959888688,145.13739706863274,147.946689634791,48394200
2023-02-24,144.61492919921875,145.08807039598366,143.6390613800591,145.00921102304162,55469600
2023-02-27,145.80764770507812,147.03979725813033,145.34435826985944,145.60065500306268,44998500
2023-02-28,145.30496215820312,146.95111245136155,144.73324285815977,144.9501024216552,50547000
2023-03-01,143.23492431640625,145.12750429739225,142.9392054041828,144.73322244168676,55479000
2023-03-02,143.82635498046875,144.61493369350907,141.8450488958328,142.31820514818978,52238100
2023-03-03,148.87326049804688,148.9521198871165,145.22610023869615,145.9259528752422,70732300
2023-03-06,151.63327026367188,154.06799923846452,151.26855877090114,151.59383305095145,87558000
2023-03-07,149.43511962890625,151.83041139396585,148.9718301446463,151.50512207262017,56182000
2023-03-08,150.68698120117188,151.278419098267,149.66183922588297,150.62784041964048,47204800
2023-03-09,148.43951416015625,152.33310365607178,148.08465449485655,151.36710263865677,53833600
2023-03-10,146.37939453125,148.78455331931613,145.50210448552664,148.0649820559655,68572400
2023-03-13,148.3212432861328,150.95311305935627,145.59079552733544,145.69922529511118,84457100
2023-03-14,150.41098022460938,151.209410853691,147.95654755608294,149.11968969699433,73695900
2023-03-15,150.80528259277344,151.06156433450928,147.77911548729296,149.03098388604963,77167900
2023-03-16,153.6244354248047,154.22572509887632,149.47454848721353,149.98712698991974,76161100
2023-03-17,152.7865753173828,154.50173325502132,152.07685582876627,153.85115455030763,98944600
2023-03-20,155.1522674560547,155.5662829465371,151.94867858194203,152.85555389921097,73641400
2023-03-21,157.00543212890625,157.1237136794573,154.30455474450915,155.07342994575768,73938300
2023-03-22,155.57615661621094,159.82460651427928,155.5564380089166,157.0251659140942,75701800
2023-03-23,156.66041564941406,159.2430113419942,155.4282660956086,156.5618527096425,67622100
2023-03-24,157.96157836914062,158.0502895303303,155.59585715875076,156.59142861861952,59196500
2023-03-27,156.0197296142578,158.47417734472043,155.61558088418133,157.6560281012329,52390300
2023-03-28,155.39871215820312,156.22672817707905,153.7525619849842,155.714149696992,45992200
2023-03-29,158.47418212890625,158.75018247951246,157.07446176772007,157.09416533498404,51305700
2023-03-30,160.04144287109375,160.14987263415844,158.96701206310877,159.2232937572216,49501700
2023-03-31,162.545166015625,162.64374399803975,159.59787385661696,160.1203040734608,68749800
2023-04-03,163.79701232910156,163.91529385949798,161.87486225572792,161.92415124035523,56976200
2023-04-04,163.26478576660156,164.4574983782598,162.75220722625122,164.22093523724538,46278300
2023-04-05,161.42147827148438,162.69306530915642,159.48947577581393,162.38749456021097,51511700
2023-04-06,162.3086395263672,162.60435849941234,159.6866210280676,160.11047335808198,45390100
2023-04-10,159.71617126464844,159.71617126464844,157.7940207437735,159.11488161033475,47716900
2023-04-11,158.5037384033203,160.04145880285023,158.21787125365222,160.03160702009572,47644200
2023-04-12,157.81373596191406,159.7457382241708,157.49829842634344,158.9177372546322,50133100
2023-04-13,163.19578552246094,163.4323637150449,159.11490570596376,159.32191350458623,68445600
2023-04-14,162.85076904296875,163.94491858408577,161.48061917083933,162.23961256067847,49386500
2023-04-17,162.87046813964844,163.02818690758198,161.68760746192598,162.73246797792896,41516200
2023-04-18,164.09278869628906,165.01936778477705,163.28449117964493,163.72807715584273,49923000
2023-04-19,165.2362060546875,165.7586363174907,163.17604035173306,163.43233711220313,47720200
2023-04-20,164.27017211914062,165.47275128415967,163.19574132050678,163.71817152684758,52456400
2023-04-21,162.66348266601562,164.07305473489896,162.14105238473394,162.69305305620966,58337300
2023-04-24,162.96905517578125,163.23520373133107,161.54961626736943,162.643765839196,41949600
2023-04-25,161.4313507080078,163.93507261234095,161.3919134894812,162.8310711478655,48714100
2023-04-26,161.42147827148438,162.91977666468185,160.47519563222698,160.73147738017352,45498800
2023-04-27,166.00506591796875,166.1529178634098,162.83104713478986,162.83104713478986,64902300
2023-04-28,167.25692749023438,167.424513091262,165.4826438930684,166.08393356927388,55275900
2023-05-01,167.168212890625,168.01593249804148,166.2317821133474,166.86264216717663,52472900
2023-05-02,166.1332244873047,167.91739013162538,165.14750459229282,167.66109333275145,48425700
2023-05-03,165.0587921142578,168.47924132633688,164.7729399649435,167.07952089132834,65136000
2023-05-04,163.42247009277344,164.65461977543495,161.96360907995128,162.535328337613,81235400
2023-05-05,171.0913848876953,171.8109560965244,168.32149974515366,168.5383592942621,113453200
2023-05-08,171.0223846435547,171.36739258858663,169.65223472844943,170.0169462399646,55962800
2023-05-09,169.3170928955078,171.06180609803263,169.14952233576255,170.57881302608763,45326900
2023-05-10,171.08154296875,171.5448325237521,169.44524432941884,170.54926084220077,53724500
2023-05-11,171.268798828125,172.09679977091955,169.71135988855104,171.3673768150292,49514700
2023-05-12,170.3409423828125,171.8116866019269,168.79121464447562,171.3773676163626,45533100
2023-05-15,169.84739685058594,170.97267098611968,169.25514096380277,170.9233138186056,37266700
2023-05-16,169.84739685058594,170.9035679392614,169.58088019536424,169.768428394902,42110300
2023-05-17,170.45938110351562,170.6962714054677,168.21869827349877,169.49204389326178,57951600
2023-05-18,172.78892517089844,172.97647339745131,170.35082834910114,170.76540150488879,65496700
2023-05-19,172.89752197265625,174.11163026725697,172.68036243226308,174.11163026725697,55809500
2023-05-22,171.9499053955078,172.45332751081392,171.2095929310653,171.73274586766902,43570900
2023-05-23,169.343994140625,171.140492823502,169.06761204505847,170.89372201948225,50747300
2023-05-24,169.62037658691406,170.19288666082696,168.317434571077,168.88006417332414,45143500
2023-05-25,170.7555389404297,171.65377326209193,169.47232768730396,170.18302884098296,56058300
2023-05-26,173.16400146484375,173.49962120538788,170.87397623432938,171.08127033696854,54835000
2023-05-30,175.00987243652344,176.6780456265802,174.28930584342234,174.6742677286896,55964400
2023-05-31,174.9604949951172,177.03337571367211,174.4768188110026,175.03946345752533,99625300
2023-06-01,177.76382446289062,177.79343575638538,174.64463768008144,175.40469602373648,68901800
2023-06-02,178.61270141601562,179.43198227661338,176.94452840385708,178.69166987914852,61996900
2023-06-05,177.26039123535156,182.56102285189482,175.7402747725204,180.27099781019854,121946500
2023-06-06,176.89520263671875,177.79343698174293,175.13818052764557,177.64538051324874,64848400
2023-06-07,175.5231475830078,178.86935913776645,175.02960596689772,176.135134367242,61944600
2023-06-08,178.23760986328125,178.50411146672758,175.16778069465795,175.60208462454239,50214900
2023-06-09,178.62255859375,179.87614324556046,178.29681937394096,179.15557682326966,48900000
2023-06-12,181.41604614257812,181.51476050436432,178.63247886823135,178.92860689189297,54274900
2023-06-13,180.94223022460938,181.77137654932005,180.08347260699438,180.43882318354116,54929100
2023-06-14,181.57394409179688,182.00826309164242,179.668880824476,181.00143405215442,57462900
2023-06-15,183.60733032226562,184.11075236554325,181.40613912687283,181.58382192499832,65433200
2023-06-16,182.53143310546875,184.57470266619666,181.88983501651188,184.31805138125782,101256200
2023-06-20,182.62025451660156,183.69618663444365,182.02801364300083,182.02801364300083,49799100
2023-06-21,181.58384704589844,183.01511479137184,180.23153270863293,182.51169267844918,49515700
2023-06-22,184.58457946777344,184.63393664574576,181.29759022920584,181.36669329070625,51245300
2023-06-23,184.26866149902344,185.13729942612093,182.6202345686034,183.1532678644832,53117000
2023-06-26,182.8769073486328,185.6209974197008,182.83741558637178,184.4167547195407,48088700
2023-06-27,185.630859375,185.9565986299679,183.27173119056016,183.48889069387212,50730800
2023-06-28,186.80548095703125,187.4470789620611,185.17679982937508,185.5025240055518,51216800
2023-06-29,187.14111328125,187.6149240946042,186.49951518133068,186.63770623646846,46347300
2023-06-30,191.46450805664062,191.96791501002735,188.78950625721086,189.15473724224137,85213200
2023-07-03,189.97402954101562,191.37568580561538,189.28305928715224,191.27697146600818,31458200
2023-07-05,188.85861206054688,190.4872931571664,188.15777642969255,189.09551742767218,46920300
2023-07-06,189.33241271972656,189.53970680413252,186.75612514844465,187.3878577490578,45094300
2023-07-07,188.21702575683594,190.1813268348204,187.78272178125238,188.93760736945495,46815000
2023-07-10,186.1737518310547,187.53593138541007,184.62402407003376,186.8153498480431,59922200
2023-07-11,185.65060424804688,186.85484691926047,184.18972537508213,186.71665587805697,46638100
2023-07-12,187.3188018798828,189.2238654174545,186.0355905787657,187.22995293607858,60750200
2023-07-13,188.07884216308594,188.72045533421505,187.32866429002723,188.03936545890204,41342300
2023-07-14,188.2268829345703,188.71054402484233,187.1805772351739,187.7728180713282,41616200
2023-07-17,191.48426818847656,191.81000743962883,189.33241906132668,189.421252931179,50520200
2023-07-18,191.2275848388672,191.81984066189028,189.93450852234776,190.8525035418644,48288200
2023-07-19,192.5799102783203,195.66947000209956,190.16154474141445,190.60574416603285,80507300
2023-07-20,190.63536071777344,193.93221460154035,190.0134935554866,192.57003512669965,59581200
2023-07-21,189.46075439453125,192.45161532627134,188.75991868585442,191.59285775033445,71951700
2023-07-24,190.26028442382812,192.3923877240068,189.76674282999198,190.9117629424984,45377800
2023-07-25,191.11903381347656,191.92844922240585,190.4280786239598,190.83278632842445,37283200
2023-07-26,191.9876708984375,193.112945076557,190.82292002182845,191.16839008411552,47471900
2023-07-27,190.72421264648438,194.65279947329122,190.06286872536143,193.48804855415668,47460200
2023-07-28,193.30050659179688,194.09017617119656,191.63233355900982,192.15548645475204,48291400
2023-07-31,193.91249084472656,193.95198260711592,192.7378594315981,193.52752900074864,38824100
2023-08-01,193.0833282470703,194.1888565133771,192.75758901252786,193.7051954277144,35175100
2023-08-02,190.09246826171875,192.65887532596588,189.37190180440743,192.52068429221174,50389300
2023-08-03,188.70069885253906,189.885195713569,188.22690312046603,189.09554118067888,61235200
2023-08-04,179.63926696777344,184.9596445164711,179.57016391801557,183.12366926443607,115956800
2023-08-07,176.53985595703125,180.76457131743229,175.0592309925441,179.77748800777417,97576100
2023-08-08,177.4775390625,177.9414693105031,175.2862134413724,177.36895932229305,67823000
2023-08-09,175.88833618164062,178.59293417746048,174.7235703168388,178.53371160261662,60378500
2023-08-10,175.6711883544922,178.41527829006225,175.30597241092943,177.1616784798233,54686900
2023-08-11,175.7305145263672,176.55090180538758,174.50488805624465,175.26597277471524,52036700
2023-08-14,177.3811492919922,177.60848075837384,175.2560457553654,175.90840396188517,43675600
2023-08-15,175.39442443847656,177.40090780634856,174.99906405268155,176.80786722765603,43622600
2023-08-16,174.52464294433594,176.47180884084688,174.45544657600635,175.07815356283987,46964900
2023-08-17,171.9844207763672,175.4537562487029,171.47044012349116,175.08804707675128,66062900
2023-08-18,172.46873474121094,173.07166917955516,169.96804315644715,170.30410101859755,61172200
2023-08-21,173.8031005859375,174.08974972921308,171.7274356199635,173.04203097276417,46311900
2023-08-22,175.17701721191406,175.6218015319945,174.20837345764443,175.00898825019638,42038900
2023-08-23,179.0219268798828,179.44695366375947,176.264252478764,176.45205395893973,52722800
2023-08-24,174.33685302734375,179.00217866700072,173.9711287799832,178.57715186115848,54945800
2023-08-25,176.541015625,177.07475372946672,173.78334110152613,175.3252679389123,51449600
2023-08-28,178.10269165039062,178.49805204021447,176.48168992086147,178.0038440119186,43820700
2023-08-29,181.98715209960938,182.75811538578077,177.42067493043544,177.61835511729424,53003900
2023-08-30,185.4762725830078,185.67396786591692,182.5999932338842,182.79767343476072,60813900
2023-08-31,185.6937255859375,186.9292456956689,185.30824391498263,185.66407430986655,60794500
2023-09-01,187.26531982421875,187.7199827815663,186.09898099052413,187.29497110047913,45766500
2023-09-05,187.50254821777344,187.7793035443977,185.43676200045883,186.09899903788357,45280000
2023-09-06,180.7912139892578,186.66240873519862,179.36789222272253,186.21760937163043,81755800
2023-09-07,175.503173828125,176.1456533918577,171.52973657694065,173.15073850258275,112488800
2023-09-08,176.11599731445312,178.15214742516778,175.73051558651892,176.2840413464044,65551300
2023-09-11,177.28231811523438,178.21143169284028,175.28571330476424,177.98410020535158,58953100
2023-09-12,174.25778198242188,178.04341790139725,172.79493020499618,177.4108321261293,90370200
2023-09-13,172.1919708251953,175.24617287306006,171.96462426919445,174.46531572894506,84267900
2023-09-14,173.70425415039062,174.060084556446,171.56927171405846,171.98440467411754,60895800
2023-09-15,172.98268127441406,174.45542656560403,171.80647888602266,174.4356540223445,109259500
2023-09-18,175.90841674804688,177.30208708635865,174.1292647291417,174.43567131089117,67257600
2023-09-19,176.9956817626953,177.54919237650395,175.07815207769175,175.46363376102514,51826900
2023-09-20,173.45713806152344,177.61836118650515,173.36816915467014,177.18345571133617,58436200
2023-09-21,171.9152069091797,174.25776334751873,171.846025624082,172.5280351536478,63149100
2023-09-22,172.76524353027344,175.0287248458324,172.03382526857388,172.6466384244914,56725400
2023-09-25,174.04034423828125,174.9200341436397,172.13269293306647,172.1821167645658,46172700
2023-09-26,169.96804809570312,173.1705067749598,169.67152023376326,172.7949188930673,64588900
2023-09-27,168.45574951171875,171.0355161486817,167.09174554279588,170.6203831944849,66921800
2023-09-28,168.7127685546875,170.03724268196555,165.6783234920371,167.37840061261642,56294400
2023-09-29,169.22674560546875,171.06520035560507,168.36681324873706,170.02736032081233,51861100
2023-10-02,171.73728942871094,172.28092127496365,168.94994891630552,169.2365980179806,52164500
2023-10-03,170.40292358398438,171.61868620307462,168.84123947337378,170.26454593815689,49594600
2023-10-04,171.64837646484375,172.1920084405094,168.9895342327991,169.10813936129497,53020300
2023-10-05,172.88388061523438,173.41761872545223,170.67970163713667,171.77684421895017,48527900
2023-10-06,175.43399047851562,175.92819856079907,171.17390414032383,171.78673241813826,57266700
2023-10-09,176.91661071777344,176.9759132731787,173.76356081110382,174.76185568517045,42390800
2023-10-10,176.32357788085938,177.63817333039142,175.88867230873925,176.03694379852678,43698000
2023-10-11,177.71722412109375,177.76664794425923,175.54271164011269,176.13575227199846,47551100
2023-10-12,178.61668395996094,180.227791982292,176.96601576479657,177.98409824545533,56743100
2023-10-13,176.77822875976562,179.82253713140665,176.07644667980117,179.31845034069394,51427100
2023-10-16,176.6497344970703,177.0055649122618,174.46532818230494,174.70255348644375,52517000
2023-10-17,175.09793090820312,176.35322375615226,172.77516179309222,174.60372278813253,57549400
2023-10-18,173.8031005859375,175.5229501994882,173.08156098457755,173.5461178040648,54764400
2023-10-19,173.427490234375,175.7799102245973,173.16061367257353,174.00075828264139,59302900
2023-10-20,170.87738037109375,173.38795063159753,170.64015507731645,173.2792242572037,64244000
2023-10-23,170.99598693847656,171.99428177951037,167.96154224302492,168.93020088937016,55980100
2023-10-24,171.43089294433594,171.65822442721412,169.4639394511676,171.045411263789,43816600
2023-10-25,169.11801147460938,171.0552987076063,168.67321213575732,169.88897487497013,57157000
2023-10-26,164.95677185058594,169.39476582537458,163.75090293239452,168.3964558542296,70625300
2023-10-27,166.27134704589844,167.00278034322866,164.8974493569631,164.9765244498122,58499100
2023-10-30,168.31736755371094,169.18717852998205,166.91381853056686,167.06208999172168,51131000
2023-10-31,168.79185485839844,168.92033872091713,165.95508983700142,167.38830552985596,44846000
2023-11-01,171.95472717285156,172.21170989502042,168.1493196629443,169.01913054110156,56934900
2023-11-02,175.51307678222656,175.72063574409248,173.4275179386151,173.4868204991482,77334800
2023-11-03,174.6037139892578,174.77175801380423,171.34195262679097,172.2216424329047,79829200
2023-11-06,177.15380859375,177.35148879200258,174.16880291146146,174.33683183407777,63841300
2023-11-07,179.71383666992188,180.32664987384885,176.89684453064555,177.10440348202485,70530000
2023-11-08,180.7714385986328,181.32494925868284,179.48649451949703,180.23770048559436,49340300
2023-11-09,180.2969970703125,181.98718027395728,179.70394133589065,180.8406289798602,53763500
2023-11-10,184.48348999023438,184.65175539538808,181.6430032262288,182.07848170612579,66133400
2023-11-13,182.89993286132812,184.1172820619318,182.31600272709323,183.9094496896321,43627500
2023-11-14,185.5127716064453,186.17588095169376,184.3844935246658,185.77009288758788,60108400
2023-11-15,186.0769500732422,187.55163591900057,185.84931907084464,185.91860660743325,53790500
2023-11-16,187.75946044921875,188.99660829200764,186.7103463929358,187.62090049490251,54412900
2023-11-17,187.7396697998047,188.42257785422723,186.63119011836693,188.29390964052354,50922700
2023-11-20,189.4815673828125,189.93684445013852,187.92771748948175,187.93760923589429,46505100
2023-11-21,188.6798858642578,189.55084275358138,187.78914548337832,189.44197314241592,38134500
2023-11-22,189.343017578125,190.94635649331246,188.8679569924961,189.52117473642568,39617700
2023-11-24,188.01675415039062,188.9371847613316,187.30415588944916,188.9074944256174,24048300
2023-11-27,187.838623046875,188.7095799535061,186.95777439426936,187.9672912540552,40552600
2023-11-28,188.44236755371094,189.11538388382388,187.45264920500045,187.82874701011957,38415400
2023-11-29,187.4229278564453,190.11496252773426,187.02704662321503,188.93719547130772,43014200
2023-11-30,187.9969940185547,188.36320007044645,186.2550951920731,187.88812439803064,48794400
2023-12-01,189.2737579345703,189.59045997908729,187.28441422563267,188.3731105390764,45704800
2023-12-04,187.48233032226562,188.09596593756666,185.52269231677565,188.02667840765253,43389500
2023-12-05,191.4313201904297,192.40123993854135,188.22462732075607,188.25433276481266,66628400
2023-12-06,190.34262084960938,192.7575206909756,190.1347733725338,192.45071045016567,41089700
2023-12-07,192.2725830078125,192.99507315570867,191.59956669458757,191.63916388460834,47477700
2023-12-08,193.69778442382812,193.9749043529612,191.67875053796885,192.20330005396386,53406400
2023-12-11,191.19378662109375,191.50061200003438,189.45188773429211,191.12451418849048,60943700
2023-12-12,192.70803833007812,192.71793007544312,189.74877546060196,191.094792823406,52696900
2023-12-13,195.92466735839844,195.96424945082313,192.84664243214013,193.08416519049783,70404200
2023-12-14,196.0730743408203,197.5675433947849,194.1431268600313,195.98400332676113,66831600
2023-12-15,195.53866577148438,196.36011872958818,194.9745190512041,195.4990685795855,128538400
2023-12-18,193.8759307861328,194.6083278162061,192.39135323196817,194.07387143964067,55751900
2023-12-19,194.9151153564453,194.92500710230044,193.87590816937887,194.14313632648785,40714100
2023-12-20,192.82684326171875,195.64753172216422,192.82684326171875,194.87555255598716,52242800
2023-12-21,192.67835998535156,195.05369307239374,191.51049958819766,194.08377332368417,46482500
2023-12-22,191.60946655273438,193.40085423729087,190.98593919883143,193.17320815773428,37149600
2023-12-26,191.0651092529297,191.89646895007564,190.8473700319769,191.61934905102697,28919300
2023-12-27,191.1641082763672,191.51051576683653,189.1252907315366,190.51090559150927,48087700
2023-12-28,191.5896759033203,192.65857351066379,191.18388776405135,192.14391575114956,34049900
2023-12-29,190.55047607421875,192.40124458871406,189.75869835988954,191.90638540499626,42672100
2024-01-02,183.73130798339844,186.5025222946912,181.99930092657837,185.22577720716953,82488700
2024-01-03,182.35560607910156,183.96885182302105,181.5440297827802,182.32591573673892,58414500
2024-01-04,180.03965759277344,181.2075179249861,179.0202489631632,180.27718031693732,71983600
2024-01-05,179.317138671875,180.8808952614232,178.31752871293088,180.1188231104021,62379700
2024-01-08,183.6521453857422,183.69174257913158,179.63389106527006,180.21782130157615,59144500
2024-01-09,183.2364501953125,183.24634194188326,180.85122540618832,182.0289926299427,42841800
2024-01-10,184.27566528320312,184.48349768333688,182.02900036017593,182.4545871112419,46792900
2024-01-11,183.68182373046875,185.12681915669637,181.73207738578324,184.62205313633504,49128400
2024-01-12,184.00840759277344,184.81998377301193,183.28591752878404,184.14696753794814,40477800
2024-01-16,181.7419891357422,182.3655014396163,179.06973745492456,180.28710192352952,65603000
2024-01-17,180.80172729492188,181.04915686376333,178.44620806884475,179.40623600410183,47317400
2024-01-18,186.6905517578125,187.19530261085842,183.91933773499053,184.17665903424702,78005800
2024-01-19,189.59043884277344,189.97642838325277,186.8786203129096,187.38337121910467,68903000
2024-01-22,191.89646911621094,193.3216657993532,190.28322355100102,190.32282073770045,60133900
2024-01-23,193.17324829101562,193.73739508116287,191.83713738608208,193.0149048095215,42355600
2024-01-24,192.50021362304688,194.36088890095834,192.34185506707502,193.41075266703035,53631300
2024-01-25,192.17359924316406,194.2520137003454,191.124500268323,193.21280647175473,54822100
2024-01-26,190.4415740966797,192.75751105858055,189.966513589549,192.27255880614135,44594000
2024-01-29,189.75869750976562,190.22386634852867,187.63080907007364,190.03581744325376,47145600
2024-01-30,186.1066436767578,189.82799457367844,185.54251203451676,188.97683613469175,55859400
2024-01-31,182.50405883789062,185.17631048108575,182.45458500160478,185.11691469411622,55467800
2024-02-01,184.9387664794922,185.02783750412453,181.93002942176474,182.0982797244824,64885400
2024-02-02,183.9391632080078,185.40394215196616,177.40701599262258,178.01074479617154,102551700
2024-02-05,185.7503204345703,187.30418539055444,183.9292424150712,186.21548923655902,69668800
2024-02-06,187.35366821289062,187.36355995873058,184.8496822422945,184.93875326056028,43490800
2024-02-07,187.46253967285156,189.08567701882757,186.6707620426896,188.67988890685803,53439000
2024-02-08,186.3837432861328,187.5911856262693,185.42371540021887,187.44273393335544,40962000
2024-02-09,187.14683532714844,188.27655346933713,186.30449512518672,186.9486269587983,45155200
2024-02-12,185.4621124267578,186.96840797825126,185.10535861511914,186.72066269575697,41781900
2024-02-13,183.37115478515625,184.53061609699293,181.85495475727518,184.0945819491523,56529500
2024-02-14,182.48919677734375,183.85675578337245,180.79462725534452,183.64865818230027,54630500
2024-02-15,182.2018280029297,182.826151079826,179.71447030737514,181.89462620990932,65434500
2024-02-16,180.66578674316406,183.18288755084293,180.03155935687485,181.76577652013776,49752500
2024-02-20,179.9225616455078,180.78471053407532,178.3766332434525,180.15048310961222,53665600
2024-02-21,180.6757049560547,181.24055639365764,179.03067248659073,180.2991272502037,41371400
2024-02-22,182.70718383789062,183.29187418944446,180.81442139510878,181.825211247954,52292200
2024-02-23,180.87388610839844,183.37114775196545,180.58649310326592,183.34141952676862,45119700
2024-02-26,179.5261688232422,181.11172976770854,179.02075870271764,180.59643039937333,40867400
2024-02-27,180.98291015625,182.26126931281985,177.94059046680667,179.46671005654383,54318900
2024-02-28,179.7838134765625,181.46847854843006,178.50545433930714,180.8639793914523,48953900
2024-02-29,179.11984252929688,180.9234354771045,177.9108443188521,179.63515696026653,136682600
2024-03-01,178.0396728515625,178.90182159301432,175.78023709238585,177.93066432277888,73563100
2024-03-04,173.5208282470703,175.30458245485661,172.2226300679557,174.56134649455421,81510100
2024-03-05,168.58572387695312,170.48840604509627,168.0902332564625,169.21995126633416,95132400
2024-03-06,167.59475708007812,169.69564777442116,167.1587228770791,169.5172632726602,68587700
2024-03-07,167.47584533691406,169.19023880968834,166.9704503005263,167.6244864884472,71765100
2024-03-08,169.19021606445312,172.13343143853632,167.41636636953461,167.4758228221548,76267000
2024-03-11,171.19198608398438,172.80729012575145,170.4983023339276,171.38027491353657,60139500
2024-03-12,171.6676788330078,172.4604668624585,169.4676992338398,171.58839851794536,59825400
2024-03-13,169.58663940429688,171.62805851944387,169.2199660307435,171.21184817645832,52488700
2024-03-14,171.4397430419922,172.73792596009017,170.49831395125625,171.35055836544484,72913500
2024-03-15,171.06317138671875,171.06317138671875,168.75418335618096,169.62625165850892,121752700
2024-03-18,172.1532745361328,176.1072954101753,171.95508129819135,173.98659600973463,75604200
2024-03-19,174.4919891357422,175.0172080151,171.46949314620932,172.76767622994936,55215200
2024-03-20,177.05862426757812,177.05862426757812,173.51090945491785,174.1352325028599,53423100
2024-03-21,169.82444763183594,175.8892630091755,169.29922879245808,175.45322885093574,106181300
2024-03-22,170.72622680664062,171.48928650593083,168.52624750200687,170.21091238831212,71160100
2024-03-25,169.3091583251953,170.38932429506946,167.92177545566648,169.0316847755244,54288300
2024-03-26,168.17942810058594,169.87399750483326,168.0505957042821,168.4668059986792,57388400
2024-03-27,171.74696350097656,172.0343565405087,168.57582642397568,168.87312383270142,60273300
2024-03-28,169.93345642089844,170.67669234048742,168.97220342186947,170.20102558587905,65672700
2024-04-01,168.49652099609375,169.70551918920845,167.95147834818596,169.64606274055888,46240500
2024-04-02,167.31727600097656,167.81276664190898,166.71277681419204,167.5551169522469,49329500
2024-04-03,168.11996459960938,169.14067408704202,167.05962251511946,167.2677201117247,47691700
2024-04-04,167.29745483398438,170.3694875068381,167.29745483398438,168.7541832986243,53704400
2024-04-05,168.0506134033203,168.85330584999502,167.4262903353845,168.06051777285862,42104800
2024-04-08,166.9307861328125,167.67402205960258,166.72268854116854,167.50555706407098,37425500
2024-04-09,168.1397705078125,168.54607640984824,166.83168324813985,167.17851757917794,42373800
2024-04-10,166.26681518554688,167.56499806522814,165.60285963338822,167.27762018668898,49709300
2024-04-11,173.4613494873047,173.87757491447604,166.64340884278624,166.8217782077108,91070300
2024-04-12,174.95773315429688,176.75140669942581,172.63884078505302,172.68837774790788,101670900
2024-04-15,171.13255310058594,175.0370216134587,170.94426424521788,173.77847120218846,73531800
2024-04-16,167.85240173339844,172.19288913903023,166.7524119884344,170.20102235595408,73711200
2024-04-17,166.48484802246094,169.11094225529814,166.48484802246094,168.08032842085646,50901200
2024-04-18,165.5334930419922,167.11906901091456,165.0479219314042,166.51456987389489,43122900
2024-04-19,163.51190185546875,164.89926951971245,162.6002009445124,164.7109957890585,68149400
2024-04-22,164.3443145751953,165.75150603037284,163.28397258003716,164.0272084619306,48116400
2024-04-23,165.394775390625,165.54343166054898,163.4326366212621,163.8587664496344,49537800
2024-04-24,167.4956512451172,167.77312477902248,164.71099641624178,165.03800691456527,48251800
2024-04-25,168.35780334472656,169.07131105182287,166.63349053238153,168.0010494911784,50558300
2024-04-26,167.77313232421875,169.79472746518425,167.65420428921547,168.34790327634968,44838400
2024-04-29,171.93524169921875,174.44242297655094,171.53885525962073,171.80640930182136,68169400
2024-04-30,168.79383850097656,173.41181476528868,168.46681287321124,171.76678225756265,65934800
2024-05-01,167.77313232421875,171.1523820898212,167.58484346320657,168.05060587060277,50383100
2024-05-02,171.469482421875,171.8559644998941,169.34878317714927,170.95416794412498,94214900
2024-05-03,181.7261505126953,185.313497878847,181.01264278710423,184.9666483851495,163224100
2024-05-06,180.0712127685547,182.53874644704828,178.79283846563771,180.70544017490002,78569700
2024-05-07,180.75497436523438,183.23242749590466,179.68472791941784,181.79550770435065,77305800
2024-05-08,181.0919189453125,181.4189445721307,179.81354466582562,181.20092748758523,45057100
2024-05-09,182.90542602539062,182.99461071341904,180.46760537105857,180.9135439323752,48983000
2024-05-10,181.64515686035156,183.66949389545601,180.7322193628195,183.48094965782863,50759500
2024-05-13,184.85035705566406,185.6640710757596,183.2030934113359,184.01680743143146,72044800
2024-05-14,185.9915313720703,186.8548647149755,184.8602810891409,186.07091921634225,52393600
2024-05-15,188.26397705078125,189.18683240943687,185.9320062923224,186.46787049037354,70400000
2024-05-16,188.38302612304688,189.63336565724362,188.2044148419799,189.00819589014523,52845200
2024-05-17,188.4127960205078,189.34558420614056,187.7280891548122,188.05555831413108,41282900
2024-05-20,189.57382202148438,190.44707314635468,187.5594028379898,187.87695420764547,44361300
2024-05-21,190.87379455566406,191.2508679069906,189.45476137627725,189.62345487533878,42309400
2024-05-22,189.4348907470703,191.34016861791716,188.80973611420333,190.79438668312676,34648500
2024-05-23,185.44577026367188,189.5341459487459,185.19768892080702,189.51429520164533,51005900
2024-05-24,188.52195739746094,189.11735863774422,186.59684388111853,187.37087155015982,36327000
2024-05-28,188.5319061279297,191.51880009814326,187.64873713728954,190.04022981736387,52280100
2024-05-29,188.82958984375,190.7745542503335,188.05557725890648,188.15481585355153,53068000
2024-05-30,189.82188415527344,190.70505299300459,189.16696101953212,189.2959530014381,49889100
2024-05-31,190.77456665039062,191.09211806054816,188.45252874493116,189.9707854632458,75158300
2024-06-03,192.54087829589844,193.49351725389894,191.04247253185534,191.41954585254337,50080500
2024-06-04,192.8584442138672,193.82100104656786,191.548567440495,193.1462119125533,47471400
2024-06-05,194.36676025390625,195.38885414673365,193.3744349100596,193.90036613096368,54156800
2024-06-06,192.98744201660156,194.99194358986873,192.679823561343,194.1881624282746,41181800
2024-06-07,195.37892150878906,195.42854080055034,192.65002702042116,193.15610745634936,53103900
2024-06-10,191.63784790039062,195.7857753291456,190.67529119421684,195.38883614317194,97010200
2024-06-11,205.56019592285156,205.57012886730556,192.14396771907968,192.1638033246204,172373300
2024-06-12,211.4347686767578,218.51003809526938,205.3121079690946,205.77850209290926,198134300
2024-06-13,212.59579467773438,215.08652592836702,209.9760562824749,213.09195736730385,97862700
2024-06-14,210.85922241210938,213.5186471242216,209.67835280423736,212.20878551515116,70122700
2024-06-17,215.00714111328125,217.26964179829142,211.08745883873982,211.7324642876032,93728300
2024-06-18,212.6453857421875,216.95208913019513,211.36529274424583,215.9200623200828,79943300
2024-06-20,208.0707550048828,212.59577094768608,207.2471383568116,212.28813739547695,86172500
2024-06-21,205.89756774902344,210.26379271124952,205.52047931568958,208.7753048638977,241805100
2024-06-24,206.54257202148438,211.0675726312926,205.0044648921964,206.12579724338954,80727000
2024-06-25,207.4654541015625,209.75772308170346,207.0089778092255,207.54482679949032,55549700
2024-06-26,211.61338806152344,213.2110325348534,209.0234182045521,209.87681864015101,66213200
2024-06-27,212.45687866210938,214.08429174664712,210.72030917561003,213.04234702641065,49772700
2024-06-28,209.00357055664062,214.41175609103416,208.686034302842,214.1140554431902,82542700
2024-07-01,215.08653259277344,215.84069445328046,210.29359904602236,210.46229254870087,60402900
2024-07-02,218.5795135498047,218.6886699462021,213.44919320249295,214.4911227279333,58046200
2024-07-03,219.84970092773438,219.84970092773438,217.34903661716913,218.31159349071294,37369800
2024-07-05,224.60292053222656,224.71207692855523,219.94891212590596,219.94891212590596,60412400
2024-07-08,226.07156372070312,226.1013322692385,221.53662969916704,225.34715532852172,59085900
2024-07-09,226.92495727539062,227.63943274976205,224.63268810415036,226.180713251394,48076100
2024-07-10,231.1919403076172,231.29117889263895,227.49057123987387,227.54019053238477,62627700
2024-07-11,225.823486328125,230.60648662367137,224.03729767642758,229.61416127735984,64710600
2024-07-12,228.77069091796875,230.8545803134063,226.92496506939614,227.1631286162611,53046500
2024-07-15,232.60105895996094,235.409341553401,231.30111515749465,234.66509753137677,62631300
2024-07-16,233.0178680419922,234.4567369075411,230.54697223527828,233.1964793539142,43234300
2024-07-17,227.12342834472656,229.6836295353235,224.9006141352506,227.68904591405493,57345900
2024-07-18,222.45947265625,228.6714385621368,220.5641428905974,228.5126628842939,66034600
2024-07-19,222.5885009765625,225.0593965950336,221.56640705838353,223.09459660515446,49151500
2024-07-22,222.24118041992188,226.03185518490554,221.37784711424985,225.2677604657143,48201800
2024-07-23,223.2831268310547,225.19832267550643,220.97100689389265,222.64803919770813,39960300
2024-07-24,216.86279296875,223.0747598557794,215.46362561910502,222.28089648286087,61777600
2024-07-25,215.8208465576172,219.15506035064124,212.97286249707204,217.24978234747041,51391200
2024-07-26,216.2872314453125,217.80548795978973,214.35218497553956,217.02154248476683,41601300
2024-07-29,216.56507873535156,217.61694112977094,214.09418328948692,215.29490356378676,36311800
2024-07-30,217.12078857421875,218.63904514115285,214.46134877521007,217.50779485320817,41643800
2024-07-31,220.3756103515625,222.10226187087767,218.93674165630796,219.7405227481965,50036300
2024-08-01,216.68414306640625,222.7571687754724,215.35443086006643,222.64801239186647,62501000
2024-08-02,218.17263793945312,223.86859053089324,216.03914463167754,217.46808032420208,105568600
2024-08-05,207.66395568847656,211.86148819381572,194.49579244022425,197.5620745135683,119548600
2024-08-06,205.63958740234375,208.37841518370308,199.52687447574846,203.72440665766518,69660500
2024-08-07,208.20970153808594,212.00037630720823,204.80601788828693,205.31209833985366,63516400
2024-08-08,211.6728973388672,212.55606620855394,207.22728444417172,211.47443531656216,47161100
2024-08-09,214.58042907714844,215.1162780786914,210.3431957915856,210.47220292637738,42201600
2024-08-12,216.1103973388672,218.07747160820446,214.1929998012183,214.65993379251097,38028100
2024-08-13,219.8260040283203,220.441953079239,217.58074300671984,217.58074300671984,44155300
2024-08-14,220.27305603027344,221.57450454206742,218.2662343099079,219.13056699635618,41960600
2024-08-15,223.2534637451172,223.87935717471936,221.30624816369337,223.13425172393934,46414000
2024-08-16,224.57479858398438,225.34970708383625,222.19045191126241,222.45869413327577,44340200
2024-08-19,224.41583251953125,224.51518597934856,221.58442566604344,224.2469437652095,40687800
2024-08-20,225.0317840576172,225.68748051768907,223.97870407222223,224.29662301984854,30299000
2024-08-21,224.9224853515625,226.4921759358446,223.58130467937312,225.04171252806572,34765500
2024-08-22,223.064697265625,226.84983046212884,222.43880384726458,226.30341677619586,43695300
2024-08-23,225.35963439941406,226.73063334528243,222.866020162344,224.187342377279,38677300
2024-08-26,225.69741821289062,225.79677167752968,222.42889539152742,225.28016094798537,30602200
2024-08-27,226.5418701171875,227.35652605602343,223.4223624308928,224.52511915345738,35934600
2024-08-28,225.0119171142578,228.35991942602843,224.20719049274723,226.43257756563742,38052200
2024-08-29,228.29037475585938,231.39995310375193,227.3863249726349,228.59836441740794,51906300
2024-08-30,227.5055389404297,228.89639643358683,225.99545426270925,228.68777538921813,52990800
2024-09-03,221.3162078857422,227.50554667965343,219.72664341730942,227.05848641015993,50190600
2024-09-04,219.40872192382812,220.33264539565292,216.06070449558098,220.2134333758585,43840200
2024-09-05,220.92872619628906,224.00848612752256,220.07433805346514,220.18362078658942,36615400
2024-09-06,219.37890625,223.77005891628232,218.3357556594125,222.48846914066658,48423000
2024-09-09,219.46835327148438,219.82600453136772,215.29576534565257,219.37894424631622,67180000
2024-09-10,218.67355346679688,220.03460793809228,215.31560663834654,217.49131703149231,51591000
2024-09-11,221.2069091796875,221.63409569372266,216.46803428284608,220.01474349397893,44587100
2024-09-12,221.3162078857422,222.09111639532034,218.38546260882887,221.04796566036197,37455600
2024-09-13,221.04795837402344,222.57790161811045,220.46181236980377,222.12091208096655,36766600
2024-09-16,214.90830993652344,215.80243050187988,212.52396316355507,215.12686027714844,59357400
2024-09-17,215.37521362304688,215.48449636527135,213.10016491936787,214.34200737227792,45519300
2024-09-18,219.24977111816406,221.25659276615585,216.12031904206836,216.13026348358338,59894900
2024-09-19,227.37637329101562,228.32018565098164,223.16405353373213,223.52170475455895,66781300
2024-09-20,226.71075439453125,231.56884144729943,226.1345376792504,228.46920754640476,318679900
2024-09-23,224.99203491210938,227.95258288382507,224.336338501163,225.8563523524968,54146000
2024-09-24,225.88616943359375,227.85325878901892,224.25687274556688,227.15781488965328,43556100
2024-09-25,224.89268493652344,225.80667911779153,222.5580303354434,223.46208007568333,42308700
2024-09-26,226.0352020263672,227.00880227293717,223.9389713421174,225.81663654010723,36636700
2024-09-27,226.3034210205078,228.02214184296878,225.8166284941723,226.9690618971705,34026000
2024-09-30,231.47943115234375,231.47943115234375,228.1512873446241,228.5387415800987,54541900
2024-10-01,224.73374938964844,228.15128705136544,222.2798675150603,228.02214574584622,63285000
2024-10-02,225.30001831054688,225.8861642954019,221.56456176324298,224.41582711263038,32880600
2024-10-03,224.197265625,225.3298253274289,221.8626109260752,223.67072564154154,34044200
2024-10-04,225.3199005126953,226.5120662505933,222.66732681912907,226.41271278943105,37245100
2024-10-07,220.24325561523438,224.2171516536621,219.8856043654075,223.0349151567562,39505400
2024-10-08,224.296630859375,224.50525191173782,221.79307211654884,222.83622285599392,31855700
2024-10-09,228.04200744628906,228.25064364916537,223.36275355639287,223.7601370790405,33591100
2024-10-10,227.54527282714844,228.00227752622936,225.68748134269669,226.29350107451606,28183500
2024-10-11,226.06500244140625,227.91286461183438,225.85636623992795,227.80358186995707,31759200
2024-10-14,229.79052734375,230.21771386522883,227.1081507143634,227.20748901369805,39882100
2024-10-15,232.32388305664062,235.9401275315396,230.853530735341,232.08544385770335,64751400
2024-10-16,230.26739501953125,230.60517253033711,228.34005309673006,230.0885769817669,34082200
2024-10-17,230.63497924804688,232.3238971476739,229.0156269629083,231.9066247344228,32993800
2024-10-18,233.46636962890625,234.6386615701971,232.4828249974097,234.6386615701971,46431500
2024-10-21,234.9367218017578,235.30431748145634,232.9199708414818,232.9199708414818,36254500
2024-10-22,234.32077026367188,234.67842149785605,231.0820505913223,232.36362533760988,38846600
2024-10-23,229.25404357910156,233.60546433739609,226.27362172475395,232.55238437433343,52287000
2024-10-24,229.06529235839844,229.31366084202813,226.91938502162782,228.4791312160334,31109500
2024-10-25,229.8998260498047,231.69801159617745,228.07183749564092,228.24072625952675,38802300
2024-10-28,231.8768310546875,233.1981533252385,231.03238723011694,231.79736647290133,36087100
2024-10-29,232.1450653076172,232.80076177889833,230.80388451731673,231.5787930163908,35417200
2024-10-30,228.59835815429688,231.94636045913163,228.05194445904854,231.09197226998216,47070900
2024-10-31,224.43569946289062,228.330115454563,223.89921505082026,227.84330777090054,64370100
2024-11-01,221.4552764892578,223.87935529424118,218.83250593091054,219.5279346472888,65276700
2024-11-04,220.56114196777344,221.33605042122997,218.2761640538016,219.54780947276666,44944500
2024-11-05,221.9917755126953,222.4885125423318,219.69685286124863,220.35254937857943,28111300
2024-11-06,221.2665252685547,224.5946691536601,219.74651129717958,221.15724252476647,54561100
2024-11-07,225.99545288085938,226.39285156162418,223.10445516924474,223.16406118155706,42137700
2024-11-08,225.7269287109375,227.4176895436531,225.17991383614745,225.9357792784742,38328800
2024-11-11,223.01174926757812,224.47376393957063,220.29658566640109,223.77757009002366,42005600
2024-11-12,223.01174926757812,224.36436096493557,222.14648085284745,223.33001798502116,40398300
2024-11-13,223.89691162109375,225.4185978724207,221.54973296285615,222.79294167641658,48566200
2024-11-14,226.98008728027344,227.62654977508777,223.77758025105393,223.79747584076947,44923900
2024-11-15,223.777587890625,225.68715481951833,223.05155818805096,225.16997570047775,47923700
2024-11-18,226.78115844726562,228.49181480220403,223.94663659117114,224.02620376766677,44633700
2024-11-19,227.03973388671875,228.90952454109907,225.42854034251505,225.7467938634959,36211800
2024-11-20,227.75584411621094,228.68078414631773,224.6627401240164,226.82094870348703,35169600
2024-11-21,227.27845764160156,228.90954693288327,224.48372676835862,227.63650237265796,42108300
2024-11-22,228.62110900878906,229.46649702017746,226.82094518602503,226.82094518602503,38168300
2024-11-25,231.6048126220703,231.98275293866183,228.49182822914253,230.20248468460477,90152800
2024-11-26,233.78292846679688,234.2901673751303,232.0623317186483,232.0623317186483,45986200
2024-11-27,233.6536102294922,234.40949083683986,232.53970008294309,233.19611792325418,33498400
2024-11-29,236.04058837890625,236.51797629056327,232.698842645531,233.5342752849028,28481400
2024-12-02,238.28829956054688,239.4817769036961,235.8715090788613,235.9809120539101,48137100
2024-12-03,241.33168029785156,241.441083276618,237.60205398884364,238.50711361537608,38861000
2024-12-04,241.68971252441406,242.78374225546824,239.9392801306149,241.55047375645148,44383900
2024-12-05,241.7195587158203,243.21140922639395,240.81451427308068,242.6644095132275,40033900
2024-12-06,241.52064514160156,243.3009285590703,240.76477968960373,241.5902721155965,36870600
2024-12-09,245.40940856933594,245.89675186527563,240.43657354260168,240.516140724136,44649200
2024-12-10,246.4238739013672,246.861485816723,244.0070681600661,245.54865007065558,36914800
2024-12-11,245.15081787109375,249.43739908317045,244.92205654138039,246.61283253090062,45205800
2024-12-12,246.6128387451172,247.3885997871069,244.34521203481492,245.54864477609476,32777500
2024-12-13,246.7819061279297,247.9355922748061,244.90217516923994,246.47359279661413,33155300
2024-12-16,249.67608642578125,250.01425073054844,246.3045049916291,246.6426692963963,51694800
2024-12-17,252.10284423828125,252.45094876599273,248.42294929569397,248.7213224371769,51356400
2024-12-18,246.7023468017578,252.89849494785605,246.39403346062903,250.7900177691265,56774100
2024-12-19,248.43287658691406,250.6308762664829,245.7475488049507,246.15532490458142,60882300
2024-12-20,253.10736083984375,253.6145845456153,244.35516822034685,246.69239156062656,147495300
2024-12-23,253.88311767578125,254.26104280923545,252.07299848460428,253.38583418491564,40858800
2024-12-24,256.7972412109375,256.80716624287646,253.90303208844082,254.101957652135,23234700
2024-12-26,257.61273193359375,258.6868812844183,256.23029959445824,256.78725468311694,27237100
2024-12-27,254.20135498046875,257.29447387899233,251.68510189149424,256.4291751646687,42355300
2024-12-30,250.82977294921875,252.1227129740064,249.3876539575231,250.85960874260036,35557500
2024-12-31,249.05946350097656,251.90392569582917,248.07483671879714,251.0684930674946,39480700
2025-01-02,242.52516174316406,247.74663833648884,240.50619200781614,247.57754859678104,55740700
2025-01-03,242.03781127929688,242.853348279154,240.57579666249651,242.03781127929688,40244100
2025-01-06,243.66891479492188,245.98625772407811,241.87869116125097,242.98266113735735,45045600
2025-01-07,240.89407348632812,244.215923537777,240.0387452815234,241.6598791297847,40856000
2025-01-08,241.38140869140625,242.38593107741448,238.74581220273618,240.6056476428208,37628900
2025-01-10,235.5631866455078,238.85520080045117,231.73409784256125,238.70600665338932,61710900
2025-01-13,233.12649536132812,233.39503269669683,228.47192915300568,232.2612269401141,49630700
2025-01-14,232.01258850097656,234.8371551382162,231.20699165927476,233.47460320476435,39435300
2025-01-15,236.57765197753906,237.66174156203553,233.15633900368562,233.36520475508792,39832000
2025-01-16,227.0198516845703,236.7168796666606,226.79110553013876,236.06047699847062,71759100
2025-01-17,228.7305145263672,231.0279618693864,227.2386640256131,230.85888730040747,68488300
2025-01-21,221.43040466308594,223.20073277609362,218.18812158355374,222.78301644137267,98070400
2025-01-22,222.61392211914062,222.90233985709415,218.59586314481808,218.59586314481808,64126500
2025-01-23,222.44485473632812,225.7965406078772,221.09224303438072,223.51898889751178,60234800
2025-01-24,221.5696258544922,224.4041477572621,220.2070739772995,223.55875977197638,54697900
2025-01-27,228.6111602783203,230.88871192185238,222.76310174211312,222.80289291870474,94863400
2025-01-28,236.9655303955078,238.88505261672515,229.5560092044273,229.59580038333414,75707600
2025-01-29,238.0595245361328,238.55680796680022,232.73858575763728,232.84798871941953,45486100
2025-01-30,236.2991485595703,239.48175963713217,235.92122345328548,237.3732826437262,55658300
2025-01-31,234.71778869628906,245.84699474947953,232.1716998572169,245.84699474947953,100959800
2025-02-03,226.77122497558594,230.5704783469237,224.47377754488917,228.74047863837345,73063300
2025-02-04,231.5352020263672,231.86341095944582,225.4186058340825,226.0153521080233,45067300
2025-02-05,231.20700073242188,231.40591110501148,227.02982220448578,227.28840417126338,39620300
2025-02-06,231.95291137695312,232.5297620441898,229.17806101517482,230.03338922164468,29925300
2025-02-07,226.39328002929688,232.72866665415378,226.0252799376335,231.33627899238985,39707200
2025-02-10,226.66209411621094,229.58933825388894,226.21404995469493,228.57377553913867,33115600
2025-02-11,231.6105194091797,234.20919368357846,227.140013897382,227.2097022258532,53718400
2025-02-12,235.84210205078125,235.93172304376256,229.67896101319025,230.19670873650108,45243300
2025-02-13,240.4818878173828,241.28837041996871,234.54775953627293,235.88194100703416,53614100
2025-02-14,243.53854370117188,244.48441805735465,239.9442089936196,240.203075232316,40896200
2025-02-18,243.40911865234375,244.11602908498713,240.7905267294893,243.0905000064508,48822500
2025-02-19,243.807373046875,244.94242536854557,242.10480216065562,243.5982928571997,32204200
2025-02-20,244.76321411132812,245.70908851524857,243.2298884862767,243.87707690453925,32316900
2025-02-21,244.48443603515625,247.61080936192474,244.15586625078134,244.88269415360097,53197400
2025-02-24,246.0277099609375,247.7800669312537,243.3593319822528,243.86711335623195,51326400
2025-02-25,245.9679718017578,248.91513366913293,243.84722519384715,246.92381259977986,48013300
2025-02-26,239.31695556640625,243.91690216055417,238.0922974197643,243.26972892021308,44433600
2025-02-27,236.27024841308594,241.40786042901627,236.0312844149354,238.37109275336516,41153600
2025-02-28,240.79054260253906,241.03945773883657,229.20105446423008,235.9217631442628,56833400
2025-03-03,236.99705505371094,242.97101773746803,235.0853888180174,240.74073286620586,47184000
2025-03-04,234.9061737060547,239.02822274747484,233.6615980851158,236.6784633674393,53798100
2025-03-05,234.7169952392578,235.5234777567522,228.23523611666363,234.3983766092207,47227600
2025-03-06,234.30877685546875,236.82779659290307,232.14819548977783,233.42263965762712,45170400
2025-03-07,238.03256225585938,240.32256924437755,233.74125275300776,234.08974000390756,46273600
2025-03-10,226.4928436279297,235.13518456664028,223.24699590534985,234.5178647329352,72071200
2025-03-11,219.88165283203125,224.8599551431671,216.50636447278404,222.8387656202518,76137400
2025-03-12,216.0384063720703,220.78771110845915,213.9773970817033,219.18469713036333,62547500
2025-03-13,208.77008056640625,215.899013195213,207.51555384047248,215.01287598245443,61368300
2025-03-14,212.5635528564453,213.02154815111564,208.67051688888432,210.3332680009786,60107600
2025-03-17,213.0713348388672,214.28604179494317,209.05882446828872,212.3843267022667,48073400
2025-03-18,211.7670135498047,214.21632963340127,210.57222410469132,213.23063555765447,42432400
2025-03-19,214.3059844970703,217.81069873114322,212.82244479269733,213.2904064715071,54385400
2025-03-20,213.17091369628906,216.5462020975973,211.29906714235267,213.0613904363763,48862900
2025-03-21,217.3228302001953,217.8903488075446,210.36315756009637,210.6419412957371,94127800
2025-03-24,219.7721405029297,220.5188858867363,217.63147647971348,220.04097309502072,44299500
2025-03-25,222.77903747558594,223.12752472855482,219.1249652538438,219.81197343150768,34493600
2025-03-26,220.56866455078125,224.04352508950674,219.51326687455483,222.5400680439697,34466100
2025-03-27,222.87860107421875,224.0136533961419,219.6028696378956,220.4292696466093,37094800
2025-03-28,216.9544219970703,222.8387793372666,216.73537546649092,220.7080664246457,39818600
2025-03-31,221.1660614013672,224.6409066608951,215.29165561007284,216.0682695484103,65299300
2025-04-01,222.22146606445312,222.70932997882656,217.95007407622174,218.85612876373423,36412700
2025-04-02,222.91842651367188,224.21278818927524,220.06088576879955,220.3595869543347,35905900
2025-04-03,202.30825805664062,206.58960121618028,200.37667426890133,204.64805110026137,103419000
2025-04-04,187.5625457763672,199.01264249852213,186.52705026060866,193.04863012782926,125910900
2025-04-07,180.6725616455078,193.30748067285785,173.86223225537526,176.43103817745248,160466300
2025-04-08,171.67178344726562,189.5140179775097,168.47572171547168,185.88981432593783,120859500
2025-04-09,197.98709106445312,199.7394480269994,171.14407803694525,171.20381523449285,184395900
2025-04-10,189.5936737060547,193.93475416517637,182.20587449762067,188.24954112448538,121880000
2025-04-11,197.2901153564453,198.67408279715283,185.2525839628914,185.2924188893916,87435900
2025-04-14,201.64114379882812,212.01592310379547,200.28704507843972,210.5224325383335,101352900
2025-04-15,201.2628173828125,202.62686743682656,198.93297540670014,200.98403365195668,51343900
2025-04-16,193.42697143554688,199.82906121923162,191.5352073519423,197.49921927320653,59732400
2025-04-17,196.1251983642578,197.9671763411939,193.5763099497932,196.34424488667963,52164700
2025-04-21,192.32179260253906,192.9590147372882,188.98632373298676,192.43131586910098,46742500
2025-04-22,198.87322998046875,200.7151927551101,195.11958571249494,195.26892870764283,52976400
2025-04-23,203.71212768554688,207.0973670311424,201.9199358938783,205.1060461943045,52929200
2025-04-24,207.4657745361328,207.92378505310097,202.0593452871763,204.00088023313933,47311000
2025-04-25,208.371826171875,208.8397878176709,205.30519003897632,205.47445049920006,38222300
2025-04-28,209.2281036376953,210.5822025692478,206.55974070372147,209.08871177088434,38743100
2025-04-29,210.29345703125,211.31898611202763,207.46576971677675,207.78438836336602,36827600
2025-04-30,211.57785034179688,212.65316547487808,205.7731479657814,208.39173986928208,52286500
2025-05-01,212.39430236816406,213.62891164873253,207.99346964638974,208.1726964341785,57365700
2025-05-02,204.45889282226562,206.0917754590827,201.2827333487594,205.19567188008233,101010600
2025-05-05,198.02691650390625,203.21431440062256,197.34987465543003,202.21865389928206,69018500
2025-05-06,197.64854431152344,199.77925700053618,196.165020010421,197.3498583398735,51216500
2025-05-07,195.39837646484375,198.574535944944,192.41139491378883,198.30570335142838,68536700
2025-05-08,196.6330108642578,199.18189948520052,193.8351919089676,196.86200854076802,50478900
2025-05-09,197.66847229003906,199.6697443694255,196.6827629534363,198.1364339272832,36453900
2025-05-12,210.15049743652344,210.6290521628615,206.1227607044075,210.32995926202443,63775800
2025-05-13,212.28399658203125,212.75257189298435,208.36592688565332,209.79158118866218,51909300
2025-05-14,211.68580627441406,213.29092224655892,209.9411156617564,211.78549375335473,49325800
2025-05-15,210.80848693847656,212.31391554357438,208.90427796298633,210.31000386923802,45029500
2025-05-16,210.6190643310547,211.92510277199543,209.1335944967917,211.71573318604425,54737900
2025-05-19,208.14659118652344,208.84446444770495,203.64029993754312,207.27923550566183,46140500
2025-05-20,206.232421875,207.83753801206538,204.40797196423648,207.03996203611737,42496600
2025-05-21,201.47689819335938,206.4118779017609,200.10109516487896,204.54755595275296,59211800
2025-05-22,200.74911499023438,202.13489740214874,199.0941474443519,200.1010930441042,46742400
2025-05-23,194.67758178710938,197.10020219746903,192.8730755135501,193.0824298832746,78432900
2025-05-27,199.60260009765625,200.1309909415137,196.83102019804124,197.6983910952664,56288500
2025-05-28,199.81195068359375,202.11494001836002,199.2935240345892,199.98143310081724,45339700
2025-05-29,199.34336853027344,203.19165828241367,197.90773491315443,202.96236033905296,51396800
2025-05-30,200.24066162109375,201.3472946799051,196.18300200128658,198.7651407343476,70819900
2025-06-02,201.08807373046875,201.51677709467234,199.51286535414474,199.67238359256916,35423300
2025-06-03,202.6533203125,203.1518034040851,200.35033086337637,200.73914706631285,46381600
2025-06-04,202.20468139648438,205.6143037964219,201.48686455307688,202.29440469878628,43604000
2025-06-05,200.0213165283203,204.12881205428334,199.54276184010462,202.8826044104843,55126100
2025-06-06,203.3013458251953,205.07594444547604,201.43702389784912,202.38413874603313,46607700
2025-06-09,200.8388214111328,205.3750202901374,199.41316716451473,203.76990423179717,72862600
2025-06-10,202.0551300048828,203.73004106569937,199.96151019448254,199.99141796230995,54672600
2025-06-11,198.1769256591797,203.8795731269679,197.80805305990708,202.88260699920767,60989900
2025-06-12,198.5956573486328,199.07419684911244,196.7612432530472,198.47602627663701,43904600
2025-06-13,195.85398864746094,199.76209396079906,195.1062640673262,199.12403626091725,51447300
2025-06-16,197.81802368164062,198.08720880439395,195.96366601516638,196.701426450214,43020700
2025-06-17,195.0464630126953,197.7881200100286,194.61777485692886,196.60172782081946,38856200
2025-06-18,195.9835968017578,196.97059871241268,194.4781834746436,195.34553910938874,45394700
2025-06-20,200.3902130126953,201.0880863339216,196.26277341287403,197.63859168364695,96813500
2025-06-23,200.888671875,201.686247808318,198.3563846401482,201.01828233775666,55814300
2025-06-24,199.6923065185547,202.82277936444737,199.59260382672892,201.9753521214132,54064000
2025-06-25,200.948486328125,203.052085424857,200.01133575244882,200.83881944772682,39525700
2025-06-26,200.3902130126953,202.02523702778157,198.85489170599743,200.81890119127095,50799100
2025-06-27,200.469970703125,202.6034778198992,199.39324535272064,201.27751091280393,73188600
2025-06-30,204.5475311279297,206.76079706763053,198.65545787730727,201.39711462840114,91912800
2025-07-01,207.18951416015625,209.55231908550664,205.51460310500556,206.04299395149746,78788900
2025-07-02,211.7954864501953,212.69274987948137,207.5085290616707,208.2761972389462,67941800
2025-07-03,212.90213012695312,213.9987837940836,211.16740350258758,211.5063683517463,34955800
2025-07-07,209.3130340576172,215.57398008038285,208.16652910348648,212.03474730839852,50229000
2025-07-08,209.3728485107422,210.78853856973336,207.81758380403343,209.46258702266434,42848900
2025-07-09,210.4994354248047,210.6888614301138,206.59132988433592,208.8943192909964,48749400
2025-07-10,211.7655792236328,212.83232507172787,209.39279496736208,209.87133445003573,44443600
2025-07-11,210.5193634033203,211.48642172848318,209.22330444266433,209.93115706069412,39765800
2025-07-14,207.98707580566406,210.27013683517245,206.91035052542594,209.29309904361602,38840100
2025-07-15,208.4755859375,211.24715053377864,208.28615994072268,208.5852528191871,42296300
2025-07-16,209.52239990234375,211.75559423754484,208.00700716596054,209.6619745482938,47490500
2025-07-17,209.38284301757812,211.1574416148312,208.95413964633332,209.93117746335784,48068100
2025-07-18,210.539306640625,211.1474566075158,209.06380098140497,210.23024956462245,48974600
2025-07-21,211.83535766601562,215.12534891613055,210.98794558852114,211.45652088357517,51377400
2025-07-22,213.74954223632812,214.29787667610697,211.5861274580158,212.49337032996837,46404100
2025-07-23,213.5002899169922,214.4972560435483,211.76557859278188,214.3477172095632,46989300
2025-07-24,213.11148071289062,215.03563331063384,212.8821827557749,213.25105536667797,46022600
2025-07-25,213.2311248779297,214.58699944946258,212.7525701732737,214.04862920984866,40268800
2025-07-28,213.40060424804688,214.19818019857897,212.41360229785764,213.3806606658472,37858000
2025-07-29,210.6290283203125,214.15828155569844,210.18039662608902,213.53018805628847,51411700
2025-07-30,208.415771484375,211.74563469104578,207.0898047125579,211.25711581327238,45512500
2025-07-31,206.9402618408203,209.2033639475293,206.5315020865265,207.85746883247032,80698400
2025-08-01,201.76600646972656,212.93202387361222,200.88867142379772,210.23023901853355,104434500
2025-08-04,202.7330780029297,207.24933356384108,201.06813110178,203.8895472057539,75109300
2025-08-05,202.3043670654297,204.71702329589334,201.54667827641916,202.78290655256814,44155100
2025-08-06,212.60302734375,214.72657006985978,204.96626313259566,205.00615029681612,108483100
2025-08-07,219.36245727539062,220.1799768073744,215.92292715514498,218.2159523061407,90224800
2025-08-08,228.65419006347656,230.29917810781973,218.58482597462978,220.16003429974123,113854000
2025-08-11,226.74781799316406,229.12329528601256,224.3324234952035,227.4864157407103,61806100
2025-08-12,229.21310424804688,230.36092560837628,226.63802588155738,227.57622481823222,55626200
2025-08-13,232.88612365722656,234.55294488479396,229.99163136972763,230.6304284784954,69878500
2025-08-14,232.33717346191406,234.67271834509882,230.41085227691244,233.61473725595164,51916300
2025-08-15,231.1494140625,233.834298979768,228.9036945156081,233.5548328767578,56038700
2025-08-18,230.45074462890625,232.67649791960375,229.6722297518056,231.2592012143754,37476200
2025-08-19,230.1213836669922,232.42698672077375,228.9136940815642,230.84001516813981,39402600
2025-08-20,225.5800323486328,230.0315543310328,225.3404986724704,229.54248102593337,42263900
2025-08-21,224.47213745117188,226.08906587116957,223.3542730460458,225.8395414786139,30621200
2025-08-22,227.3267059326172,228.65417758009713,224.98118568943215,225.73973438952316,42477800
2025-08-25,226.7278594970703,228.86378779922748,225.79962078901826,226.0491451945495,30983100
2025-08-26,228.87376403808594,229.0534295301293,224.26255788237486,226.43840339540802,54575100
2025-08-27,230.05152893066406,230.46073738560713,227.82576024347395,228.17510050695543,31259500
2025-08-28,232.11758422851562,232.9659733126178,228.90370861616245,230.3809040856524,38074700
2025-08-29,231.69837951660156,232.9360260407387,230.92984008944924,232.0676707602769,39418400
2025-09-02,229.28298950195312,230.4108447009183,226.53822101083426,228.81388239599917,44075600
2025-09-03,238.01634216308594,238.395624134605,233.9141603097862,236.75874463665696,66427800
2025-09-04,239.3238525390625,239.4436193831587,236.28964239378743,237.9963808412042,47549400
2025-09-05,239.2340087890625,240.86091270031892,238.03629475202086,239.54341659874092,54870400
2025-09-08,237.42745971679688,239.69313028194867,235.89038089866295,238.84475646782593,48999500
2025-09-09,233.9041748046875,238.3257397896772,232.9160527142261,236.54912730927947,66313900
2025-09-10,226.35855102539062,231.97784546194652,225.52015268533836,231.7482872752143,83440800
2025-09-11,229.59239196777344,230.01159113632517,226.21881717306923,226.44839058875493,50208600
2025-09-12,233.62472534179688,234.0638755168574,228.58432913969838,228.78394562468256,55824200
2025-09-15,236.24969482421875,237.7368657054393,234.58287368836292,236.54912714503797,42699500
2025-09-16,237.6969451904297,240.76111223381088,235.87043992435724,236.72878926810645,63421100
2025-09-17,238.5353546142578,239.6432435766681,237.27774187166392,238.5153883976145,46508000
2025-09-18,237.42745971679688,240.74113579799257,236.199788714976,239.5134800259323,44249600
2025-09-19,245.032958984375,245.83144010441063,239.7530294205925,240.77107799962133,163741300
2025-09-22,255.5928192138672,256.15178189089505,247.64797087114997,247.82763635806887,105517400
2025-09-23,253.9459686279297,256.8504363399061,253.0975947938589,255.39322235208516,60275200
2025-09-24,251.8300018310547,255.2534845023776,250.56241362070242,254.73446948849343,42303700
2025-09-25,256.3813171386719,256.6807646844572,251.2311452680336,252.72829161839874,55202100
2025-09-26,254.97401428222656,257.10994249251326,253.2972024297037,253.61660096533106,46076300
2025-09-29,253.9459686279297,254.5148915782133,252.52867184357527,254.0757261912774,40127700
2025-09-30,254.14559936523438,255.4331385813304,252.6284867333586,254.37515755125318,37704300
2025-10-01,254.9640350341797,258.29769267334166,254.44502000530687,254.55481135314994,48713900
2025-10-02,256.6408386230469,257.68882891050583,253.66649683440303,256.09186667190835,42630200
2025-10-03,257.5291442871094,258.7468246365968,253.46689477740222,254.18552630266564,49155600
2025-10-06,256.2016906738281,258.5771679771474,254.56481112131073,257.49920544747016,44664100
2025-10-07,255.99208068847656,256.91031341337026,254.94405994391948,256.3214394907812,31955800
2025-10-08,257.5690612792969,258.0281776413904,255.62275879770374,256.03198246417537,36496900
2025-10-09,253.55670166015625,257.50917476461467,252.65841993311406,257.3195337882977,38322000
2025-10-10,244.80340576171875,255.8922708493858,243.53581752909898,254.45500785015722,61999100
2025-10-13,247.18885803222656,249.2149949644775,245.09284695690994,248.90558714178317,38142900
2025-10-14,247.29864501953125,248.37659224814226,244.23447809703134,246.13087266264282,35478000
2025-10-15,248.8656463623047,251.3409393203658,246.99920876557604,249.01537013681215,33893600
2025-10-16,246.979248046875,248.56621957555782,244.66366953460536,247.7777291727393,39777000
2025-10-17,251.81002807617188,252.89796599708643,246.79958926324147,247.5481624372989,49147000
2025-10-20,261.7411193847656,263.87706298772724,255.14370850365398,255.4032084113237,90483000
2025-10-21,262.2701110839844,264.7853366806196,261.33189684706855,261.38182000576944,46695900
2025-10-22,257.9583435058594,262.349966966352,254.94406918261987,262.15033525743416,45015300
2025-10-23,259.0861511230469,260.12418111371363,257.51916110368444,259.4454820834593,32754900
2025-10-24,262.32000732421875,263.6275126875418,258.68691759501684,260.69310343226954,38253700
2025-10-27,268.2986145019531,268.60802232244004,264.1465248140549,264.37609822840903,44888200
2025-10-28,268.4882507324219,269.3765722048576,267.63986169210665,268.4782600095115,41534800
2025-10-29,269.1869201660156,270.8936584399069,266.6018207191691,268.76770579477784,51086700
2025-10-30,270.8836669921875,273.6184749716116,267.969239224885,271.4725408872279,69886500
2025-10-31,269.85565185546875,276.79244258078194,268.647962249571,276.4630533049319,86167100
2025-11-03,268.53814697265625,270.33474092754267,265.74348587775046,269.90556627002525,50194600
2025-11-04,269.5262756347656,270.9734988318123,267.11086611942017,267.8195068636227,49274800
2025-11-05,269.6260986328125,271.18312844251227,266.4221834255846,268.0989800730272,43683100
2025-11-06,269.25677490234375,272.8798740142925,267.38037702601645,267.38037702601645,51204000
2025-11-07,267.9592590332031,271.7719991063764,266.26248096015127,269.28671541495146,48227400
2025-11-10,269.1781311035156,273.4741297822401,267.20997142836535,268.7085692371889,41312400
2025-11-11,274.99267578125,275.65206242273547,269.5477586519058,269.55775905965567,46208300
2025-11-12,273.21435546875,275.4722525277038,271.4460210796085,274.74292397164845,48398000
2025-11-13,272.6948547363281,276.4413491841305,271.83564282199285,273.85374352181776,49602800
2025-11-14,272.15533447265625,275.70200347225597,269.3479639093673,270.7965900477885,47431300
2025-11-17,267.2099609375,270.2371271729127,265.48159771217263,268.5687054184609,45018300
2025-11-18,267.19000244140625,270.4569347049811,265.0719890725528,269.7376065335732,45677300
2025-11-19,268.3089294433594,271.9555110777923,265.2517925781922,265.2817633125939,40424500
2025-11-20,266.0010986328125,275.17250947675234,265.67142054546326,270.5768036466949,45823600
2025-11-21,271.2361755371094,273.0744516711978,265.4216397990326,265.70137680880595,59030800
2025-11-24,275.6620788574219,276.7410558404627,270.64675212306133,270.64675212306133,65585800
2025-11-25,276.7110900878906,280.1179060838009,274.9926967216935,275.012667049666,46914200
2025-11-26,277.29052734375,279.26868736786383,276.3714044558947,276.70108254872224,33431400
2025-11-28,278.5893249511719,278.73917862681736,275.73198274965245,277.0008150112318,20135600
2025-12-01,282.8353576660156,283.1550658399818,275.88187257202503,277.75011957449965,46587700
2025-12-02,285.9224548339844,287.1313151163589,282.36578537497866,282.7354345985028,53669500
2025-12-03,283.8843688964844,288.35019153510143,283.0351573834178,285.9324708384744,43538700
2025-12-04,280.4375915527344,284.46382276925783,278.32954829392816,283.83440686502166,43989100
2025-12-05,278.5193786621094,280.8771882481053,277.79005013345267,280.27774306596746,47265800
2025-12-08,277.6302185058594,279.4085531850005,275.8918244790692,277.86998437615557,38211800
2025-12-09,276.9208679199219,279.7682096639769,276.6611317163261,277.8999627322321,32193300
2025-12-10,278.5193786621094,279.48847306800184,276.1815698919154,277.490342786908,33038300
2025-12-11,277.77008056640625,279.3286197507982,273.5540244422053,278.83908758708685,33248000
2025-12-12,278.0198669433594,278.9589906850317,276.5612402656973,277.64021728323,39532900
2025-12-15,273.8537292480469,279.8880911943856,272.5849275039148,279.8880911943856,50409100
2025-12-16,274.353271484375,275.2424541197232,271.53593087885605,272.5649667835892,37648600
2025-12-17,271.58587646484375,275.90184538512057,271.38608172110213,274.75292651919426,50138700
2025-12-18,271.935546875,273.374203136776,266.7004552212896,273.35420232069225,51630700
2025-12-19,273.4141845703125,274.34330788170604,269.64768928264715,271.8955859651445,144632000
2025-12-22,270.7166748046875,273.62395794129594,270.25711338978425,272.6048920133635,36571800
2025-12-23,272.1053771972656,272.2452609569047,269.30800689497966,270.5868091030317,29642000
2025-12-24,273.55401611328125,275.17249671786806,271.9455359163183,272.085389177814,17910600
2025-12-26,273.1444091796875,275.1125687682936,272.6049054553,273.9037084592662,21521800
2025-12-29,273.50408935546875,274.10350406329195,272.0954038139857,272.4350823114352,23715200
2025-12-30,272.82470703125,273.82377221524894,272.02546707967076,272.5549704076282,22139600
2025-12-31,271.6058349609375,273.42414083736213,271.49595243002375,272.80472532736104,27293600
