Price,Close,High,Low,Open,Volume
Ticker,GOOG,GOOG,GOOG,GOOG,GOOG
Date,,,,,
2004-08-19,2.4787824153900146,2.5706797860416795,2.3705797113609197,2.470382275403168,897427216
2004-08-20,2.6756720542907715,2.694693801779577,2.4827350923925824,2.4953336480405794,458857488
2004-08-23,2.702598810195923,2.803390322660547,2.69395273391453,2.735948941257915,366857939
2004-08-24,2.5906903743743896,2.756946547425978,2.5585751284706366,2.748053589497031,306396159
2004-08-25,2.618605375289917,2.668013719926121,2.5662332630545763,2.592913319851621,184645512
2004-08-26,2.66579008102417,2.666778082454013,2.585502313323226,2.592666387836651,142572401
2004-08-27,2.6223111152648926,2.683330016311062,2.6109474436768685,2.670483633172347,124826132
2004-08-30,2.5200376510620117,2.606007018511326,2.5200376510620117,2.6008184738831805,104429967
2004-08-31,2.5289306640625,2.5620336757243605,2.5237430657167876,2.5272017799167417,98825037
2004-09-01,2.4765589237213135,2.5437531949802263,2.462230537041712,2.5370831206344513,183633734
2004-09-02,2.5076849460601807,2.528930521310549,2.444196048305586,2.4503723570964535,303810504
2004-09-03,2.4706289768218994,2.5133672457441087,2.453583944283436,2.493851500515932,103538639
2004-09-07,2.5094149112701416,2.519790818344228,2.46074862715487,2.495333644031416,117506800
2004-09-08,2.5272018909454346,2.545235872566575,2.482734969844772,2.488663214757117,100186120
2004-09-09,2.527448892593384,2.5373298530278894,2.495086760762479,2.5328833735369356,81620792
2004-09-10,2.6020541191101074,2.632439772348342,2.5024974924639594,2.509908685077458,174804764
2004-09-13,2.6556613445281982,2.678141806413413,2.6299692867406113,2.6341688840920745,157628624
2004-09-14,2.754230260848999,2.76682881663688,2.638121406946397,2.654426505331682,217608605
2004-09-15,2.7668285369873047,2.821918244542337,2.722361617692401,2.7312555218010237,215279909
2004-09-16,2.815495014190674,2.8607028194407573,2.758182654260323,2.7752276890699226,186207345
2004-09-17,2.9024529457092285,2.9024529457092285,2.805119201796548,2.8266116608385956,190350817
2004-09-20,2.948648452758789,3.003985037915959,2.884665792207539,2.8891122709459807,213585582
2004-09-21,2.9110991954803467,2.974834984173685,2.902947119421155,2.959765715621603,145262446
2004-09-22,2.924438714981079,2.956307083166269,2.885654100019607,2.900229604731303,152344894
2004-09-23,2.9847168922424316,3.0294306972038894,2.8908416204793976,2.9358034899490586,171524515
2004-09-24,2.9602596759796143,3.0657445544058755,2.958530791714941,2.9876803810692354,183336625
2004-09-27,2.9214749336242676,2.986198483543953,2.910111262336318,2.9535892352831814,141994242
2004-09-28,3.133927345275879,3.147266781652005,2.969647181266198,2.996574118489697,340190355
2004-09-29,3.238178014755249,3.3355108177105386,3.118364513752256,3.12997530419505,613229953
2004-09-30,3.201616048812866,3.2683165506677656,3.1867936625168607,3.2090272419608694,276468402
2004-10-01,3.275233745574951,3.3162419535630323,3.184322951905953,3.2312605873711733,303934969
2004-10-04,3.336498498916626,3.3812125388151255,3.311053560724719,3.3411930427176086,261693228
2004-10-05,3.4182682037353516,3.422220682258109,3.2668344068266344,3.326617713658109,300887589
2004-10-06,3.3864006996154785,3.4202448307104993,3.359720879058998,3.398011489262025,268900140
2004-10-07,3.4301257133483887,3.4555708863403565,3.37330712281528,3.3824481453151125,283643194
2004-10-08,3.4024579524993896,3.45063046796968,3.384917972344058,3.4269151245805634,222442656
2004-10-11,3.341439962387085,3.430374042478409,3.30660711858732,3.3844241726304642,210437827
2004-10-12,3.39430570602417,3.3994930676335953,3.295489967225654,3.3211820214769325,234419380
2004-10-13,3.480769157409668,3.5462347738446893,3.460512527321118,3.540552228654077,397203256
2004-10-14,3.5079431533813477,3.5173310590280105,3.42296296785327,3.4834869249102973,209835578
2004-10-15,3.560068368911743,3.594407449475632,3.506708250374447,3.580325945799341,265150137
2004-10-18,3.6848227977752686,3.6858105626777533,3.488427136271144,3.537587653935204,282061287
2004-10-19,3.65468430519104,3.7648637231285025,3.6401090381396677,3.717926089783394,363918964
2004-10-20,3.470640182495117,3.6806231039823634,3.448653723458787,3.6569068149073054,456613107
2004-10-21,3.6902573108673096,3.708785056384996,3.49855595484949,3.567232219853171,585767401
2004-10-22,4.259681224822998,4.450888581323398,4.0534036546170285,4.212990709908752,1481207196
2004-10-25,4.629497051239014,4.8031653782321895,4.262644886108243,4.357755039517357,1315480331
2004-10-26,4.491156578063965,4.758946143107477,4.446689414336645,4.603312015970466,895628499
2004-10-27,4.594170570373535,4.681868573691718,4.490414353500283,4.513882813277507,536262538
2004-10-28,4.775249481201172,4.802176184031007,4.58503013007015,4.611709950795104,596097978
2004-10-29,4.709537506103516,4.939529460550045,4.708549031815042,4.913343405081185,849672890
2004-11-01,4.842690467834473,4.883204669267786,4.725100814616455,4.781425401514902,490828877
2004-11-02,4.814035415649414,4.922237891478208,4.776238802928312,4.910627337325217,455553149
2004-11-03,4.734982490539551,4.9802915668697665,4.71225514667043,4.895804910204261,557630330
2004-11-04,4.562796115875244,4.703608290546221,4.5294462249182015,4.655188660593175,578544429
2004-11-05,4.183592319488525,4.503507038079232,4.163829929196853,4.495602081962563,796297573
2004-11-08,4.2626447677612305,4.3340400472737555,4.184827715644628,4.2226257451589335,449349985
2004-11-09,4.167535781860352,4.32811035624693,4.082801306265532,4.300936299371646,444226854
2004-11-10,4.146783828735352,4.2619037163401075,4.108987221676275,4.2162016799928725,427355853
2004-11-11,4.521294593811035,4.5393283393575175,4.139620041234147,4.178158718282536,601666773
2004-11-12,4.496096134185791,4.688786191472166,4.38245895381022,4.575890130339651,672354740
2004-11-15,4.5669965744018555,4.652224820892237,4.415809656162815,4.457805628211791,477844390
2004-11-16,4.2623982429504395,4.433595866548629,4.22015538599369,4.384929344632392,839832142
2004-11-17,4.261409282684326,4.384928358055309,4.174946166401723,4.175440403507624,728034662
2004-11-18,4.13887882232666,4.308841056900952,4.094164787823602,4.206813961376176,667677273
2004-11-19,4.18482780456543,4.199156426376232,4.11368082451457,4.177416611544064,352086780
2004-11-22,4.078601837158203,4.187298547320834,3.984974868215683,4.063038804656902,496582362
2004-11-23,4.13838529586792,4.220155304761923,4.1131872385034685,4.1495020858816485,498393124
2004-11-24,4.3172407150268555,4.377764668522171,4.2616572414738085,4.318722480646148,613531078
2004-11-26,4.431620121002197,4.447430510370761,4.331075711804068,4.342933622069067,260175560
2004-11-29,4.472628116607666,4.519565042712848,4.385176037262178,4.45558237232846,428263241
2004-11-30,4.495602130889893,4.520800183813641,4.452864572116126,4.464228242253873,309154460
2004-12-01,4.4457011222839355,4.5084479591121,4.435572334634037,4.494861403134391,315743063
2004-12-02,4.431866645812988,4.483991402648481,4.4108679516831915,4.444217845101253,251374696
2004-12-03,4.456571102142334,4.472875255085248,4.387400119623839,4.4454547847121635,235647968
2004-12-06,4.355037689208984,4.46398223345677,4.348367615071365,4.425196672242577,251097661
2004-12-07,4.234976768493652,4.352814730117982,4.2132374279837554,4.347872831521486,275866153
2004-12-08,4.199156284332275,4.2905608375191076,4.16827662975731,4.208297070718919,302802741
2004-12-09,4.284384727478027,4.286114321174434,4.161853631910538,4.205826553409971,307307563
2004-12-10,4.240411281585693,4.320204802290006,4.231518323901323,4.284384197647191,173335277
2004-12-13,4.210766792297363,4.27820911873742,4.186063447267159,4.253257945693818,193466452
2004-12-14,4.4143266677856445,4.417538026897425,4.1897689529763635,4.224354202815545,445198482
2004-12-15,4.441253185272217,4.463733644027857,4.364178205024954,4.397034332891535,460559845
2004-12-16,4.35948371887207,4.458793222996546,4.3466382827908765,4.3713420995371575,344197318
2004-12-17,4.44866418838501,4.459039857054889,4.3614599518689365,4.366647313249702,296555412
2004-12-20,4.5707011222839355,4.655682475956169,4.492884078589479,4.496095910452372,394854485
2004-12-21,4.539328098297119,4.641354729563464,4.530681076206454,4.602570118364807,221479058
2004-12-22,4.602323055267334,4.61590961074673,4.521047293807116,4.543033515987317,156865776
2004-12-23,4.641848564147949,4.659141662683007,4.594912113220324,4.630731774927225,145125936
2004-12-27,4.74091100692749,4.775249374633894,4.671493152262356,4.6727289816218525,245079187
2004-12-28,4.7619099617004395,4.78142594542856,4.718678160599722,4.745851746415425,166453579
2004-12-29,4.765368938446045,4.780685089373036,4.737700168018337,4.737700168018337,107525527
2004-12-30,4.881476402282715,4.897039433922165,4.739429331153061,4.767097153158404,237057231
2004-12-31,4.762650489807129,4.937800557393126,4.756967945327998,4.921743290009771,307889737
2005-01-03,5.007713317871094,5.030687543234689,4.828610748110005,4.876535201669235,636143518
2005-01-04,4.804893970489502,5.013147053978914,4.779695443869939,4.97535044643506,552298420
2005-01-05,4.780438423156738,4.864183965738897,4.748817172505859,4.778955711468102,330698912
2005-01-06,4.657906532287598,4.839479800693189,4.637402075604817,4.819222226106373,417041336
2005-01-07,4.78883695602417,4.798718861522662,4.663588273248178,4.709537667658078,387964757
2005-01-10,4.818729400634766,4.893828867858291,4.738935389039747,4.8048950144358376,302714411
2005-01-11,4.781178951263428,4.884194057607137,4.772284574048674,4.832563063381732,279391317
2005-01-12,4.826633930206299,4.840221433054666,4.70607978192278,4.800694753983017,328338096
2005-01-13,4.825398921966553,4.876288325746961,4.7937776741170905,4.826633805499584,275002929
2005-01-14,4.940025329589844,4.9410128581070385,4.7957544129508864,4.841950221340256,387057368
2005-01-18,5.037110805511475,5.0647786291822365,4.907662754118122,4.964727995154756,528878966
2005-01-19,4.874065399169922,5.071695950008545,4.859489895379826,5.055638680582315,451995865
2005-01-20,4.790566444396973,4.848126875039454,4.7431357490425725,4.755487423651945,361413608
2005-01-21,4.6512370109558105,4.826140226933953,4.647284532180414,4.8058821769894084,371724110
2005-01-24,4.464476108551025,4.677175925490878,4.454594202734725,4.661365538320729,563010421
2005-01-25,4.375542163848877,4.502025731185873,4.355037233410616,4.494614538475285,427966132
2005-01-26,4.674951553344727,4.679150913523873,4.42569003801915,4.428654514829928,494161321
2005-01-27,4.646296501159668,4.665565130663529,4.575148572975423,4.663094417609648,266089645
2005-01-28,4.702127456665039,4.809836654632751,4.6033121646844215,4.694221552252369,490158373
2005-01-31,4.832562446594238,4.850843071087844,4.736217426026918,4.784883936938839,385306832
2005-02-01,4.740664482116699,4.8582550970455,4.709291062009303,4.801929556669377,756384528
2005-02-02,5.088000297546387,5.355789363721334,5.031181464696106,5.324910180156084,1316889593
2005-02-03,5.209049224853516,5.271056366738059,5.084294767659496,5.088741956614542,521471303
2005-02-04,5.048474311828613,5.132219845315572,5.004995156025003,5.100599544007395,594993855
2005-02-07,4.842690467834473,5.098868940104123,4.829844559203688,5.070707356086178,520359150
2005-02-08,4.907167911529541,4.941258922674374,4.805634578452009,4.865665708189268,460921194
2005-02-09,4.732759475708008,4.980291430256445,4.680387360442507,4.959540562796822,689434520
2005-02-10,4.643826007843018,4.748322891748137,4.576384619002653,4.74239393686509,762154073
2005-02-11,4.629497051239014,4.751040617581303,4.596640919614973,4.611216423636705,526606480
2005-02-14,4.7675909996032715,4.769814830174341,4.471392564206584,4.517094599917556,1548269624
2005-02-15,4.822928428649902,4.936813451200315,4.769815664545949,4.7826611024182855,1035177611
2005-02-16,4.901485919952393,4.924213261086981,4.799953531124196,4.809835436182382,663770685
2005-02-17,4.888887882232666,4.934589451420392,4.8619607049571405,4.887157815585779,418137429
2005-02-18,4.890122413635254,4.912108636276665,4.858254758557957,4.903956797408867,340708289
2005-02-22,4.7275710105896,4.913590529971182,4.703361429547215,4.854302406763981,541369609
2005-02-23,4.7913079261779785,4.804400245633298,4.660623573519337,4.775249710642019,625776806
2005-02-24,4.666306018829346,4.69002136311027,4.501778482668892,4.529940542681409,1036442333
2005-02-25,4.591700077056885,4.69175070264467,4.582806173121163,4.672728957237024,400435325
2005-02-28,4.644072532653809,4.690515220740467,4.5912066529533035,4.594912249470091,313908211
2005-03-01,4.596393585205078,4.6875512509917385,4.496096079470886,4.676187580387891,373844027
2005-03-02,4.5746541023254395,4.63616699682775,4.554397001546355,4.593675846768343,292512314
2005-03-03,4.6198625564575195,4.638143184282246,4.553163236881879,4.598123687127712,305484756
2005-03-04,4.592441082000732,4.625790974397117,4.571937571560706,4.612203946164946,271979640
2005-03-07,4.664330005645752,4.683846939083759,4.62035802259598,4.638886008527108,347995502
2005-03-08,4.575149059295654,4.690022093975356,4.569467932121478,4.671494108873096,323050350
2005-03-09,4.480039596557617,4.561562253635541,4.450642177091283,4.550692818267437,456119263
2005-03-10,4.446194648742676,4.476333182067678,4.38245886804136,4.471639584604912,440063306
2005-03-11,4.392340660095215,4.470157720895934,4.376283389067675,4.457559164575602,322335682
2005-03-14,4.322923183441162,4.407162479663604,4.263139877339408,4.4054338319641495,447535208
2005-03-15,4.412350654602051,4.446688549305864,4.303653006762523,4.330581127816147,418446584
2005-03-16,4.337993144989014,4.412351493397742,4.323417639291555,4.36516673444477,285317446
2005-03-17,4.429149150848389,4.437795227945632,4.34293337019029,4.37578950365922,331662510
2005-03-18,4.447677135467529,4.456571040606566,4.404940041281215,4.417291715123867,284663002
2005-03-21,4.468428611755371,4.500295795428655,4.37875365030512,4.428655052067807,300470030
2005-03-22,4.412103652954102,4.494614296755606,4.393575672174063,4.475839433883234,226112360
2005-03-23,4.4214911460876465,4.452617686272525,4.3965399699675265,4.3965399699675265,194526410
2005-03-24,4.428161144256592,4.467934229700253,4.426926260778461,4.463981751252632,148763520
2005-03-28,4.4817681312561035,4.565267735134311,4.470157576817358,4.488191796186937,350830087
2005-03-29,4.436066150665283,4.527717585931669,4.399010186823286,4.472627877337977,259890496
2005-03-30,4.457805633544922,4.482509925527922,4.436807411018191,4.46249923146274,250378977
2005-03-31,4.459287166595459,4.481026980242892,4.38838754547856,4.396045620198554,271758815
2005-04-01,4.447677135467529,4.51956523934008,4.446442251855829,4.490168293430909,248206866
2005-04-04,4.577371597290039,4.578112243530576,4.44273573184067,4.445453799493522,324266893
2005-04-05,4.6584014892578125,4.700150582408197,4.6336971954010595,4.637649674318257,350777892
2005-04-06,4.674458026885986,4.685081052375751,4.633943819615416,4.674952264080982,210891521
2005-04-07,4.786613464355469,4.807859042432601,4.660129889147844,4.663588603612751,389141150
2005-04-08,4.744369983673096,4.819716323572773,4.729547597806196,4.7848846626940365,205431131
2005-04-11,4.773520469665527,4.812305081683707,4.751040481935071,4.770062228301258,217231195
2005-04-12,4.7915544509887695,4.802918121825254,4.6791512072071715,4.767838162059836,293881426
2005-04-13,4.766108989715576,4.800446880543097,4.687056593805534,4.7794481888244205,263214910
2005-04-14,4.729547500610352,4.801435597633223,4.696197606049432,4.774508421513141,247030473
2005-04-15,4.570208549499512,4.702127329634139,4.56180935395802,4.69619837443913,464831797
2005-04-18,4.618874549865723,4.641355011440675,4.532905182261988,4.559832359727872,262994085
2005-04-19,4.728312969207764,4.743135355873794,4.645060721751649,4.677176208164224,338463908
2005-04-20,4.89382791519165,4.953116981613563,4.839726683465148,4.905685350112667,620376641
2005-04-21,5.045015335083008,5.064284435534516,4.9239664884932495,4.9511410185762665,712737539
2005-04-22,5.331332683563232,5.533656813956326,5.2930408928420905,5.506482757564221,1333182435
2005-04-25,5.522046089172363,5.5519377420134886,5.3735762992941,5.380987491978199,796574608
2005-04-26,5.403961658477783,5.484249420711042,5.392597987468591,5.440276502241001,693469588
2005-04-27,5.429407119750977,5.455840060624346,5.354307658042937,5.385187314908567,412131000
2005-04-28,5.421255111694336,5.4862257828620145,5.3782697188164805,5.422489995239882,348613811
2005-04-29,5.434842109680176,5.4904255797418315,5.380987287240073,5.482025440095759,368182886
2005-05-02,5.491414546966553,5.526246684428939,5.440030428258632,5.485485119047723,392160425
2005-05-03,5.587759494781494,5.636178662208824,5.467451276707977,5.480544543011195,713873782
2005-05-04,5.644824504852295,5.678915993887522,5.607769011463917,5.613451083954542,485151677
2005-05-05,5.607275009155273,5.647789691705176,5.580101420956113,5.647789691705176,301509913
2005-05-06,5.632966041564941,5.663351455471723,5.594675198628307,5.642352763069905,271570110
2005-05-09,5.583558559417725,5.644823625975051,5.568983530228404,5.632472427374307,222302131
2005-05-10,5.627531051635742,5.627531051635742,5.551443600178391,5.5699715806283105,254783425
2005-05-11,5.713747501373291,5.730792769652506,5.630742152758546,5.656434442124024,460873014
2005-05-12,5.650259971618652,5.736969983935543,5.637413115476337,5.701890021715323,359269602
2005-05-13,5.663105010986328,5.7088065764175,5.6156733790504765,5.661623245442544,297731805
2005-05-16,5.707819938659668,5.721901206587833,5.646554859439882,5.673975802977286,228107811
2005-05-17,5.75920295715332,5.767107913563727,5.686820155377905,5.695714059009454,313526787
2005-05-18,5.908166408538818,5.928176152689875,5.768836007954422,5.771059838364706,494325936
2005-05-19,5.908660411834717,5.957820686971333,5.886179954297474,5.937317177858429,390116793
2005-05-20,5.968692302703857,5.97017501444692,5.920272659922502,5.9588113413845365,327763952
2005-05-23,6.3105926513671875,6.3760580331393495,5.995866662665285,6.006983452378723,858738744
2005-05-24,6.3241801261901855,6.55738440816055,6.262420341261704,6.347895471186616,1166078427
2005-05-25,6.443005561828613,6.447204922579969,6.191520181673133,6.243398059976482,725023418
2005-05-26,6.403232097625732,6.51588128756687,6.380998518181724,6.4467112550787675,543895039
2005-05-27,6.5712175369262695,6.572453366325213,6.404466645738509,6.434358298885089,489190760
2005-05-31,6.849629878997803,6.877545528543543,6.654470052002779,6.655951817556228,892805959
2005-06-01,7.114702224731445,7.235504678382854,6.966974011299799,6.996125020939798,1412944285
2005-06-02,7.112232208251953,7.158674897480593,7.0307095558323125,7.132736194179519,721658854
2005-06-03,6.923494338989258,7.146816694070873,6.85308801099727,7.084809559837053,754108027
2005-06-06,7.187331199645996,7.2567495292199045,6.96227924156404,6.976113625648403,904413304
2005-06-07,7.241185188293457,7.40101912571039,7.171521394420354,7.339507171011712,976566743
2005-06-08,6.90620231628418,7.242915967802582,6.867664582655117,7.234516772737126,1031889331
2005-06-09,7.072951793670654,7.127053495804431,6.930905206813678,7.033673421591487,660109011
2005-06-10,6.9788312911987305,7.096915665982629,6.917565273010487,7.089751355284573,509767599
2005-06-13,6.985007286071777,7.020580064034978,6.831101837680001,6.912624481931589,514047581
2005-06-14,6.876310348510742,6.947704212765979,6.861487962034428,6.882239776055527,405189077
2005-06-15,6.78861141204834,6.850370243769748,6.606543911096364,6.793551891568039,838454999
2005-06-16,6.853829860687256,6.875075438874175,6.745874267851169,6.775271685614896,500364485
2005-06-17,6.924482345581055,6.924482345581055,6.8157861104559245,6.892368279768818,418940428
2005-06-20,7.082587718963623,7.106549945781675,6.712770606245967,6.8204793141633875,844140229
2005-06-21,7.110749244689941,7.171521499860408,7.039849620361412,7.116431789893047,607560783
2005-06-22,7.146817684173584,7.221423382903244,7.131254650889287,7.155958471394322,420530365
2005-06-23,7.156945705413818,7.282935507547322,7.0776459440350745,7.114701434341948,564363474
2005-06-24,7.343212604522705,7.361740586222243,7.153733899932469,7.18634362067788,713512433
2005-06-27,7.512433052062988,7.5215738380835155,7.259465925470371,7.383973486076465,714785186
2005-06-28,7.460555553436279,7.63965954957951,7.460555553436279,7.566288735742176,764314139
2005-06-29,7.231304168701172,7.519350321081065,7.217222902413454,7.4729076345645895,734691521
2005-06-30,7.266631126403809,7.3847155103529385,7.189802543266468,7.271325197515319,606039101
2005-07-01,7.1949896812438965,7.318261896715225,7.144841395846415,7.288617124111538,370487492
2005-07-05,7.305168628692627,7.3118382291401405,7.16979115791575,7.215987907519482,300883574
2005-07-06,7.20166015625,7.351859074733536,7.198201441829294,7.344447881656487,321211484
2005-07-07,7.300969123840332,7.30739136910247,7.127300809677885,7.149040623045544,428484066
2005-07-08,7.318014621734619,7.349388986358723,7.264160742652768,7.318508385948671,299422117
2005-07-11,7.2468671798706055,7.327154938565726,7.189306762192317,7.322213513108036,336869956
2005-07-12,7.208082675933838,7.272806458833915,7.187083982203618,7.247855286815819,235475323
2005-07-13,7.382986068725586,7.3923727910765935,7.2159878264092985,7.226115668018835,459230882
2005-07-14,7.43313455581665,7.577898751425473,7.41287745317483,7.543066618265734,428307406
2005-07-15,7.440545558929443,7.495141029122705,7.40571342665766,7.441780442393511,338801168
2005-07-18,7.399784088134766,7.458085628280257,7.355564287054357,7.411147759274577,249242734
2005-07-19,7.655715465545654,7.666832254241286,7.455614687886917,7.4630258803506715,506748324
2005-07-20,7.70759391784668,7.722663185076971,7.4556147895071785,7.5487479878140835,574561556
2005-07-21,7.755518913269043,7.850874991458385,7.6880775373726085,7.758235562145233,794543021
2005-07-22,7.4704365730285645,7.639658642691755,7.320485022564551,7.568510722341046,938978379
2005-07-25,7.308627128601074,7.4924232825298684,7.286640906298455,7.470189705176067,387800142
2005-07-26,7.314556121826172,7.3617408747215265,7.215741319116037,7.287876300087505,394147846
2005-07-27,7.335308074951172,7.367422141541318,7.223399531920968,7.3553173504438645,289798178
2005-07-28,7.25057315826416,7.347165072109375,7.24513749538329,7.347165072109375,237912424
2005-07-29,7.108773231506348,7.234268793042508,7.0897510132350305,7.216975695357963,335785908
2005-08-01,7.203883171081543,7.2258693956369635,7.117172683471205,7.1176669206700005,227344963
2005-08-02,7.391138076782227,7.399290388812637,7.191777937583391,7.203635373037031,292701018
2005-08-03,7.344447612762451,7.404230919425704,7.302451168832906,7.361740711278599,238113174
2005-08-04,7.355070114135742,7.386443532858172,7.293805042287587,7.301216235042249,210245108
2005-08-05,7.222164630889893,7.3743405184040265,7.19647280676993,7.3493902866448035,238478538
2005-08-08,7.1949896812438965,7.3036863925336615,7.176214816246313,7.25304434289562,179943955
2005-08-09,7.202894687652588,7.230316573651296,7.1273009949166175,7.21252923818173,232038489
2005-08-10,7.057389259338379,7.221669433962044,7.037626394390375,7.196224024086306,276191367
2005-08-11,7.017121315002441,7.079622213564689,6.932387312085198,7.062576470960966,301722708
2005-08-12,7.157193183898926,7.16905109313055,6.95758614872652,7.000077305442683,264423423
2005-08-15,7.015887260437012,7.232539568409525,7.010205187913077,7.15916922757524,328213631
2005-08-16,7.056648254394531,7.109514131816253,6.999581597541618,7.037626508397786,285433881
2005-08-17,7.043060302734375,7.079375144714757,7.015886246487225,7.053189089781663,155914222
2005-08-18,6.916823863983154,6.929423364181278,6.793552132352542,6.816032591940277,476692087
2005-08-19,6.917071342468262,6.952892424592239,6.907684619420499,6.941528752769363,222547046
2005-08-22,6.769094944000244,6.953385815139401,6.7527907929328235,6.947703743056206,273541472
2005-08-23,6.906695365905762,6.910648790326478,6.771812602729163,6.822209186770121,233740846
2005-08-24,6.980559825897217,7.034414650406659,6.829372913947426,6.857041208993723,345012362
2005-08-25,6.981053829193115,7.015886433654571,6.916330045834886,6.9800658278527035,175720183
2005-08-26,7.0055108070373535,7.041085003914201,6.982783465389587,7.0030400942399185,150775031
2005-08-29,7.125818252563477,7.142370231524174,6.972407982895635,6.972407982895635,237005036
2005-08-30,7.096668720245361,7.152004364829273,7.0623294056243395,7.099632251433078,192398464
2005-08-31,7.0652947425842285,7.127054527818461,7.024780062399824,7.120384453986811,202114747
2005-09-01,7.071471214294434,7.102350398188099,7.040590611537977,7.063072019520845,110095123
2005-09-02,7.125818252563477,7.163863163258034,7.076164207498279,7.077893801093709,137894934
2005-09-06,7.092715740203857,7.149041281514004,7.085057664877064,7.139406257393608,169123549
2005-09-07,7.284417629241943,7.299980661618222,7.047507753755285,7.0625770219000925,301104399
2005-09-08,7.2972636222839355,7.3933608253565275,7.247114394582091,7.283429238411719,265523531
2005-09-09,7.388667583465576,7.388914465580001,7.326166680359821,7.343953543500201,176278267
2005-09-12,7.651763439178467,7.693265646472667,7.435852262495362,7.454380244749129,417017246
2005-09-13,7.699688911437988,7.794797638891941,7.563570324178808,7.633482415937644,413540262
2005-09-14,7.485259532928467,7.7392146791179846,7.41855926882447,7.626812373443578,452722579
2005-09-15,7.475872993469238,7.577899158483616,7.35951726041278,7.399290821508125,620966845
2005-09-16,7.416088581085205,7.522315523554636,7.407936268750349,7.510457614703936,304328438
2005-09-19,7.504775047302246,7.559370517064494,7.428687592120187,7.435851902562933,231339881
2005-09-20,7.606555461883545,7.690300993851371,7.540348964458721,7.5630763068686395,375441994
2005-09-21,7.705122947692871,7.751072813014059,7.5583827586738,7.618906707674391,406305245
2005-09-22,7.692030429840088,7.8859553744865805,7.662386132472103,7.695242261927804,522206047
2005-09-23,7.7905988693237305,7.836300911342007,7.722169956786632,7.7322987449794836,340623975
2005-09-26,7.763918399810791,7.928692335682501,7.72142819363927,7.892872675680206,397259466
2005-09-27,7.755518913269043,7.865944257909142,7.74168453021239,7.780469138689395,275954483
2005-09-28,7.559370994567871,7.784175606051368,7.549489561538071,7.762437210112598,321095049
2005-09-29,7.648799896240234,7.675973958228633,7.5613487552296705,7.576171142843087,225393676
2005-09-30,7.81777286529541,7.843464685791934,7.714758701193427,7.762437218631198,367424053
2005-10-03,7.872615337371826,7.9079421801486856,7.727109551621579,7.7478613640900535,367785402
2005-10-04,7.682889938354492,7.9368455526435575,7.676466746886923,7.90398989488194,367143003
2005-10-05,7.67572546005249,7.779234802835226,7.60877831657415,7.724638858938215,334384676
2005-10-06,7.7261223793029785,7.768859470824822,7.660409643494382,7.760460276380958,320950509
2005-10-07,7.73205041885376,7.82296121131314,7.671526463828362,7.776517577183742,271827070
2005-10-10,7.674244403839111,7.777259991933431,7.637188909852977,7.739957142864849,223723439
2005-10-11,7.56184196472168,7.723651914069882,7.531208717265237,7.673256272835958,342984790
2005-10-12,7.435111999511719,7.588769646473252,7.386444529914445,7.5396093585037525,373643277
2005-10-13,7.347906589508057,7.46055530531575,7.180908336260176,7.46055530531575,424292413
2005-10-14,7.315791130065918,7.416830711252302,7.226858231769551,7.40867745293755,342041267
2005-10-17,7.534667491912842,7.53960891806661,7.276759856120018,7.349389550676824,303802474
2005-10-18,7.492176532745361,7.607790191118455,7.478835913143276,7.533678738251179,284173173
2005-10-19,7.626071453094482,7.65497510478122,7.508974607799495,7.509963555088566,281479113
2005-10-20,7.490200519561768,7.686102437343625,7.441040233232886,7.657940374968542,558553779
2005-10-21,8.396830558776855,8.558147683462876,8.226374066317993,8.542582759357913,919128253
2005-10-24,8.61298942565918,8.62904811549561,8.453403298564647,8.482553363045373,378682093
2005-10-25,8.5700044631958,8.582109253807484,8.469953833159156,8.542088812611134,276163262
2005-10-26,8.780728340148926,8.794563198933476,8.552218584877819,8.554442415932275,357635500
2005-10-27,8.721933364868164,8.821489283887177,8.687840932319796,8.809384493383833,206145800
2005-10-28,8.848170280456543,8.867439383131098,8.770353223378956,8.776529060174505,237025111
2005-10-31,9.193281173706055,9.257759021698567,8.881273278740458,8.89930607701126,575866428
2005-11-01,9.372138977050781,9.483799691776895,9.11595952405315,9.186365385484235,656696267
2005-11-02,9.379549980163574,9.510973558506752,9.317542841555046,9.429451382041336,424200069
2005-11-03,9.534440994262695,9.550004971493648,9.421544931878561,9.446990814429299,299052737
2005-11-04,9.64511489868164,9.678711673370646,9.52209005167302,9.63399763721084,354319116
2005-11-07,9.75875186920166,9.81902988387218,9.687605366676072,9.760481935719234,385098052
2005-11-08,9.6320219039917,9.772587694178116,9.599413599470312,9.739483733590554,317084071
2005-11-09,9.366455078125,9.592249091164986,9.338787257117486,9.55222865222458,420245300
2005-11-10,9.661665916442871,9.667842698613278,9.323965249333964,9.346940419645911,366516664
2005-11-11,9.644373893737793,9.8049484764326,9.606082573308777,9.760976029783958,283615089
2005-11-14,9.806676864624023,9.83755793585928,9.672287875905987,9.686863378300204,313486637
2005-11-15,9.703662872314453,9.807418619517039,9.657960361745115,9.742694836801025,346289130
2005-11-16,9.835827827453613,9.853120924580901,9.736024087655057,9.78765555103958,349111670
2005-11-17,9.966757774353027,9.975652151044056,9.86991851002277,9.925996689553518,369869183
2005-11-18,9.886717796325684,9.99269642712008,9.877825311493634,9.967746201355267,282077347
2005-11-21,10.11275863647461,10.128075732487822,9.720708894765233,9.861026850473989,414953540
2005-11-22,10.288402557373047,10.309153895830125,10.035435436505528,10.095217793230196,385278727
2005-11-23,10.446259498596191,10.492208890735505,10.271356306683975,10.30248331426222,404912042
2005-11-25,10.588552474975586,10.591764779593358,10.506536549124993,10.518393509779818,194329675
2005-11-28,10.461577415466309,10.65327806373641,10.435884649602226,10.61819904812381,441986487
2005-11-29,9.968981742858887,10.533710821731495,9.934396493528762,10.485785426042955,863054861
2005-11-30,10.002826690673828,10.09027877252975,9.771846231236971,9.98676989327943,626202395
2005-12-01,10.229607582092285,10.262957477120326,10.08632609616403,10.1088065569303,391257051
2005-12-02,10.318787574768066,10.363995373136923,10.223925262818248,10.300012239680846,302870996
2005-12-05,10.02604866027832,10.31384889711083,9.987263572915479,10.3014962776471,413118688
2005-12-06,9.993685722351074,10.286920159211313,9.92352675157866,10.096452992855696,607279734
2005-12-07,9.9857816696167,10.047046269395434,9.85707379593382,10.033706122244379,468385066
2005-12-08,10.144625663757324,10.144625663757324,9.946748243421847,10.012460501435765,357735875
2005-12-09,10.108806610107422,10.271357198391643,10.092994803991719,10.252088096789407,306881974
2005-12-12,10.193044662475586,10.257275626884116,10.127333351411492,10.242947006348354,279046027
2005-12-13,10.31360149383545,10.326200048879784,10.169083704453113,10.190328808912586,327775997
2005-12-14,10.34991455078125,10.36893771554202,10.264192543756245,10.302483863565339,266210095
2005-12-15,10.43860149383545,10.45317699772321,10.289144169136772,10.35362107529586,242738446
2005-12-16,10.626350402832031,10.684404586627338,10.443542248423837,10.507525386239234,655668429
2005-12-19,10.489245414733887,11.023095354239786,10.37832440203279,10.676994060575554,880760980
2005-12-20,10.61622142791748,10.676993205550191,10.49097274940915,10.5697792167915,404899997
2005-12-21,10.531982421875,10.79211387480278,10.393146704953342,10.710343870476363,450558497
2005-12-22,10.673041343688965,10.693298920270339,10.522101777352278,10.666371742807602,302995460
2005-12-23,10.64561939239502,10.68440447522062,10.592506634775882,10.675757926380077,184492943
2005-12-27,10.490233421325684,10.668594879481892,10.443791204363778,10.668594879481892,269116950
2005-12-28,10.540873527526855,10.567800698240813,10.406732383982128,10.482819353381409,285783185
2005-12-29,10.379312515258789,10.59127073551592,10.355102934310727,10.572743226645493,278873383
2005-12-30,10.248629570007324,10.331387100429726,10.220961747800727,10.308165047945215,304621533
2006-01-03,10.751848220825195,10.762716709974258,10.331635918252667,10.437861447533768,526815259
2006-01-04,10.999131202697754,11.09102999151827,10.863507796123688,10.96602819084479,613747887
2006-01-05,11.147355079650879,11.15501315441768,10.906738673168666,11.017906563110415,433952486
2006-01-06,11.503584861755371,11.623151479655668,11.196762413770468,11.286437377195691,712938289
2006-01-09,11.53421688079834,11.694791465930361,11.386981496992517,11.5221120900331,513593887
2006-01-10,11.60486888885498,11.616973678854881,11.414155779923977,11.4729515552474,365247927
2006-01-11,11.651066780090332,11.737036624313482,11.590542821696099,11.642173347929317,361646478
2006-01-12,11.4534330368042,11.734068890343789,11.400814050742596,11.70269405844839,406530084
2006-01-13,11.518159866333008,11.533969780298735,11.403533733493424,11.470233522495416,307411953
2006-01-17,11.53940486907959,11.60832943981993,11.426261912419909,11.439354232344387,332051965
2006-01-18,10.990979194641113,11.298542265889363,10.94997122656528,11.050021852803766,822499417
2006-01-19,10.781986236572266,11.202939165144553,10.696757989237351,11.14562562344437,583671575
2006-01-20,9.86819076538086,10.87042427129629,9.751588631755519,10.837569087477497,1650832619
2006-01-23,10.560885429382324,10.582872125696964,10.023084443185029,10.063845530673863,913065614
2006-01-24,10.944537162780762,10.991967853962173,10.733319572727432,10.77160994982939,620902605
2006-01-25,10.696756362915039,11.221218086683464,10.603375344447931,11.147847759413485,752401655
2006-01-26,10.728130340576172,10.869436765268002,10.463552181581733,10.858319503328188,518982008
2006-01-27,10.708861351013184,10.825710368197425,10.597447523803448,10.746164196790176,339355237
2006-01-30,10.544088363647461,10.703674477964146,10.499127440976277,10.603623844437756,344843732
2006-01-31,10.688356399536133,10.859802298832099,10.473681539998926,10.636726826706493,885948351
2006-02-01,9.925503730773926,9.930938920884927,9.573227549721217,9.610530396435003,1088966472
2006-02-02,9.78370475769043,10.042107121875949,9.782222518921422,9.97590108746601,474078326
2006-02-03,9.425745010375977,9.73083737591773,9.20390393933213,9.723919947423171,734012987
2006-02-06,9.513443946838379,9.632021138064616,9.376584237128911,9.518631308767292,358956433
2006-02-07,9.089032173156738,9.47885808468573,8.976135158178698,9.461319049623997,667701363
2006-02-08,9.11768913269043,9.157462695403657,8.761706854866684,9.102866745710877,835283155
2006-02-09,8.862991333007812,9.249111137031132,8.797279077286351,9.170059681220655,478282024
2006-02-10,8.957855224609375,9.004546216774717,8.723910283151367,8.941551544761685,611222457
2006-02-13,8.54011344909668,8.661162310183034,8.445991766265907,8.56333550362208,791668286
2006-02-14,8.481318473815918,8.688089346569042,8.458591129825253,8.530972995622466,588357072
2006-02-15,8.458096504211426,8.54752363241731,8.345693260414201,8.43067461903263,519821141
2006-02-16,9.052966117858887,9.066305321377856,8.51022266337624,8.539373675576467,855815829
2006-02-17,9.109536170959473,9.193281228217854,8.98280525084558,9.136957110540461,574955025
2006-02-21,9.05617618560791,9.227868036784564,9.019614930406103,9.052471062027617,348742290
2006-02-22,9.029001235961914,9.114476356990844,8.988733915242133,9.070009202961318,260018976
2006-02-23,9.339776039123535,9.418086853101622,9.026531837302747,9.031966081300187,503945859
2006-02-24,9.323223114013672,9.389182252211942,9.226631678395131,9.320753347197828,260344190
2006-02-27,9.643880844116211,9.6764891489249,9.394370983476694,9.418828394468875,410019113
2006-02-28,8.958102226257324,9.820760434599617,8.362492924622453,9.713545482135535,1583416872
2006-03-01,9.011957168579102,9.126830192189937,8.925492615827642,9.104843494335732,484256334
2006-03-02,9.299755096435547,9.414628103203682,8.947724883890992,8.999109465392165,735960259
2006-03-03,9.342494010925293,9.566310145881038,9.282709757274391,9.493680455074003,480273461
2006-03-06,9.093480110168457,9.471448163735424,9.069764289538321,9.40993667283892,358928328
2006-03-07,9.003308296203613,9.102124507421253,8.847674206046117,9.01739003432567,416708092
2006-03-08,8.742191314697266,8.894120316017606,8.659680653583113,8.743426671326542,471585016
2006-03-09,8.473413467407227,8.857063555583771,8.436357501381728,8.779493382006565,558501584
2006-03-10,8.337539672851562,8.510467796341926,8.190553085360166,8.485763508440922,775921484
2006-03-13,8.326669692993164,8.549992014090792,8.286897087980767,8.422273587711171,547741403
2006-03-14,8.674996376037598,8.704888032169782,8.216987455459012,8.328649122223862,740794310
2006-03-15,8.510469436645508,8.703159514142332,8.412393858270567,8.665361009919282,512666424
2006-03-16,8.368914604187012,8.615458046481326,8.347421674821017,8.611999805579904,402169802
2006-03-17,8.394113540649414,8.44327524566969,8.274053152151472,8.369657075113478,343350155
2006-03-20,8.601625442504883,8.64856331341739,8.437344786128081,8.45710765213459,417864410
2006-03-21,8.39732551574707,8.687348665417556,8.376575118385222,8.64658757123345,394717975
2006-03-22,8.40473461151123,8.500586345609987,8.337540117761185,8.393124532027468,304978867
2006-03-23,8.445991516113281,8.541348552666015,8.404241952356431,8.457354715003351,298502683
2006-03-24,9.036659240722656,9.14263881738841,8.955383007721691,9.106323502256746,609500025
2006-03-27,9.132759094238281,9.182661449489174,9.016898530790316,9.06852906109321,282001062
2006-03-28,9.318284034729004,9.334588660160604,9.169320466694014,9.182660614774413,359173242
2006-03-29,9.757516860961914,9.856825889075694,9.375348122957439,9.385970673970105,763952790
2006-03-30,9.595954895019531,9.720955754426365,9.476635161929183,9.614482404370351,590673723
2006-03-31,9.634491920471191,9.680688197588776,9.487009657826013,9.603365856856154,1466331647
2006-04-03,9.627080917358398,9.695510774054956,9.583355352263572,9.622882029644646,326125835
2006-04-04,9.988744735717773,10.00257864644593,9.58854317754731,9.632020912433392,630984252
2006-04-05,10.078916549682617,10.24146716366459,9.951197129086923,10.084103912595209,538430634
2006-04-06,10.157718658447266,10.224666271081766,10.01567254053003,10.041858122656187,345229172
2006-04-07,10.033707618713379,10.198976771223913,9.980841732354282,10.188106389466524,282089392
2006-04-10,10.286179542541504,10.305695526177345,10.011225705040765,10.056434454647754,374201361
2006-04-11,10.120169639587402,10.353372965911682,10.035188277448757,10.287167886744642,445953300
2006-04-12,10.102629661560059,10.161425439758935,10.009743342380336,10.103865018011806,241582128
2006-04-13,9.934889793395996,10.12263841611454,9.893881827853427,10.094723714222473,263098475
2006-04-17,10.050010681152344,10.190328634481881,9.902281535009328,9.966758439532354,331618345
2006-04-18,9.986274719238281,10.124368832786253,9.918585513975676,10.077430966051471,326724069
2006-04-19,10.140921592712402,10.218491766742071,10.047787439906983,10.192058353171612,272284779
2006-04-20,10.25208854675293,10.27679283955315,10.08410276098211,10.153521095401166,492699864
2006-04-21,10.798044204711914,11.134509568802999,10.775069976661095,11.089548641278647,905433112
2006-04-24,10.882035255432129,10.985790051181331,10.78371281137124,10.85486025427358,354780840
2006-04-25,10.552485466003418,10.895374405764398,10.523829172489103,10.860542276621928,384194678
2006-04-26,10.523089408874512,10.623633808679571,10.462812334597718,10.566815921845972,292203159
2006-04-27,10.376349449157715,10.546311233533038,10.360537642747365,10.447495956644817,334766100
2006-04-28,10.32471752166748,10.517159758806363,10.284203316695692,10.341762791999521,297964674
2006-05-01,9.85435676574707,10.361774258976425,9.845711161836586,10.337810612426296,416001453
2006-05-02,9.753069877624512,9.9430423261142,9.594965081296872,9.908210197197153,526136725
2006-05-03,9.737507820129395,9.918585910530565,9.65623158332785,9.791361225345891,324098263
2006-05-04,9.751835823059082,9.853615574627943,9.689088038671796,9.7587523058051,186777474
2006-05-05,9.740718841552734,9.898328938091979,9.67846482563876,9.822241011722149,243509324
2006-05-08,9.752577781677246,9.810384142379313,9.63572781194548,9.760729621193715,205511431
2006-05-09,10.09892463684082,10.103865116787647,9.727131528470144,9.775304755108474,366994449
2006-05-10,9.955147743225098,10.170812988293935,9.927479919743034,10.086820097561857,248415646
2006-05-11,9.560379981994629,9.997885300369889,9.510478586454319,9.966016701807693,357045296
2006-05-12,9.242444038391113,9.507762872731242,9.228115415716646,9.47490673934085,405016432
2006-05-15,9.2935791015625,9.391159965305032,9.097184855340156,9.286910446844294,344891912
2006-05-16,9.172530174255371,9.309883636185408,9.137697098697732,9.288390706305687,260617209
2006-05-17,9.251583099365234,9.38350233871365,9.145851337278607,9.155485415512716,427347823
2006-05-18,9.164873123168945,9.432168884822948,9.157955694520254,9.357316309784405,234274840
2006-05-19,9.140910148620605,9.251583339668784,8.90745992084082,9.221444801753389,457636930
2006-05-22,9.163884162902832,9.215267800141874,9.02307245173696,9.08730247123997,345466056
2006-05-23,9.2782621383667,9.483303861856,9.228360741370487,9.244418482161079,360666820
2006-05-24,9.418334007263184,9.472435242147732,9.180189253381927,9.321989446061492,383584400
2006-05-25,9.461319923400879,9.461566805537318,9.197483321774715,9.364728469904387,329012615
2006-05-26,9.420804977416992,9.532713519623272,9.388195727966243,9.499857388055371,147229793
2006-05-30,9.188340187072754,9.412157243317258,9.176235397587845,9.34496275002669,173287097
2006-05-31,9.185378074645996,9.344223563171699,9.0608709608171,9.234291955257163,320448635
2006-06-01,9.452178001403809,9.461318314349047,9.179941777985489,9.227867173378579,252061259
2006-06-02,9.37362003326416,9.562358097306115,9.32446022387953,9.556428197072673,256413512
2006-06-05,9.250102043151855,9.423275195030785,9.242937731869487,9.29308601902899,223173385
2006-06-06,9.634244918823242,9.634491800926893,9.296049543617542,9.302966972061972,411930250
2006-06-07,9.548276901245117,9.754553066072559,9.548030019118938,9.714533568009903,357788070
2006-06-08,9.716014862060547,9.739977560506603,9.35262143400957,9.578908271776704,415933198
2006-06-09,9.549757957458496,9.768633596796588,9.519619423625908,9.688593664673304,247223193
2006-06-12,9.425498008728027,9.646596538834487,9.412157862027428,9.593483780042838,201516513
2006-06-13,9.548521995544434,9.560379902649002,9.341009567122834,9.409687243042363,307512327
2006-06-14,9.495903968811035,9.661665911190166,9.350892420061083,9.63029296568718,312045255
2006-06-15,9.659194946289062,9.690075069660729,9.461564426890394,9.55099249231354,272445379
2006-06-16,9.65178394317627,9.657466014631256,9.585084161825044,9.612258216887273,212979318
2006-06-19,9.588543891906738,9.753071432124084,9.559887594010474,9.655491511642865,306468429
2006-06-20,9.564579010009766,9.68068737111213,9.548275333274011,9.585825058000122,162201701
2006-06-21,9.934149742126465,9.98034601784252,9.628315792060084,9.660678157043773,351087046
2006-06-22,9.880295753479004,10.029753073914735,9.585085290139924,9.920563076654044,237362370
2006-06-23,10.001591682434082,10.122392708408565,9.899810984160034,9.949713331890498,213388847
2006-06-26,9.9857816696167,10.086572946627307,9.961818024440154,10.048281625857127,142580431
2006-06-27,9.938843727111816,10.079161680331984,9.906481360866778,10.022588786976145,164899777
2006-06-28,10.032470703125,10.04161196252106,9.909445848297652,9.980593299325593,148976315
2006-06-29,10.321505546569824,10.331139623593828,10.025305682932894,10.078914095427574,267326263
2006-06-30,10.359055519104004,10.359055519104004,10.18612832546652,10.266909850408728,251258261
2006-07-03,10.454660415649414,10.468741209712459,10.362020974016176,10.37659647822936,86591354
2006-07-05,10.411675453186035,10.444778467228627,10.267898306327544,10.413156745904937,200171490
2006-07-06,10.454413414001465,10.50851370463926,10.424521759554409,10.459107011968817,148036806
2006-07-07,10.386723518371582,10.570520148808352,10.273827454740886,10.525065464833979,242581861
2006-07-10,10.331140518188477,10.504808369017587,10.286179596366411,10.46058809353455,178121149
2006-07-11,10.488255500793457,10.500360290027215,10.203420738861965,10.338797250978645,239747276
2006-07-12,10.307672500610352,10.443296870398708,10.294827062322403,10.42723912663021,197003661
2006-07-13,10.099665641784668,10.33459904538467,10.05025800283666,10.22738504587168,278018189
2006-07-14,9.967995643615723,10.165378380601911,9.84719271687377,10.136722081100322,303216285
2006-07-17,10.076443672180176,10.153273192121386,9.973428569331015,9.995909028941258,233347377
2006-07-18,9.956877708435059,10.14265035134892,9.825700065577509,10.12239277522393,342751921
2006-07-19,9.856828689575195,9.90969457757368,9.749613728830214,9.758260279711319,342017177
2006-07-20,9.563344955444336,9.991215273483391,9.527277467798307,9.98726232224099,503427925
2006-07-21,9.637210845947266,9.677726002478472,9.330389315816571,9.53913620608396,471946365
2006-07-24,9.65672492980957,9.73058997078824,9.417345783061759,9.704156560574907,324656348
2006-07-25,9.618682861328125,9.66685514548874,9.48132937421138,9.511467912077846,231307761
2006-07-26,9.52332592010498,9.681677632516013,9.461566605052273,9.59002666141606,222105397
2006-07-27,9.44674301147461,9.572485456517091,9.33681142580403,9.569520979504137,226489769
2006-07-28,9.588048934936523,9.623621711332753,9.430191015164015,9.436860615141939,163956253
2006-07-31,9.550498962402344,9.613988337419944,9.469223670840407,9.585085158888392,184500973
2006-08-01,9.276534080505371,9.529995937490925,9.276534080505371,9.513691312743354,219347097
2006-08-02,9.071986198425293,9.317542129321616,9.021836972359104,9.278756100960562,284976172
2006-08-03,9.27357006072998,9.33582408556433,8.976383568851645,9.016404013388012,254028606
2006-08-04,9.235526084899902,9.404252512445854,9.183647733568394,9.376584689008045,204571922
2006-08-07,9.336812019348145,9.380784467230034,9.168825293237871,9.177471842726725,158467758
2006-08-08,9.412158012390137,9.49862161226879,9.364974206933864,9.457118932981684,230589077
2006-08-09,9.311861038208008,9.503068875752444,9.297532416134796,9.456624768029004,173086347
2006-08-10,9.244174003601074,9.329896027621457,9.201189077559869,9.236268099240613,171114986
2006-08-11,9.10335922241211,9.270851225682758,9.091007550312328,9.249111412551402,151224711
2006-08-14,9.126333236694336,9.267145889853971,9.107558846878648,9.177470936322296,199476896
2006-08-15,9.411417961120605,9.428711062291166,9.204647068965564,9.241950866737326,268932260
2006-08-16,9.578168869018555,9.59620261571999,9.439827850262807,9.473424630506267,235005569
2006-08-17,9.530736923217773,9.63449268394294,9.484293760313152,9.545312427753453,203969673
2006-08-18,9.470458984375,9.562604655401879,9.405982081229938,9.543335554498645,198830482
2006-08-21,9.320754051208496,9.362750495242246,9.26937041156704,9.340516916769944,161535213
2006-08-22,9.345211029052734,9.36917372951846,9.259982779837763,9.331377116988973,167188323
2006-08-23,9.225150108337402,9.344716721592567,9.206127889162682,9.329152743755627,146238089
2006-08-24,9.232561111450195,9.298520253072272,9.196245794515766,9.25010109170429,139822131
2006-08-25,9.22095012664795,9.27184094700498,9.202175735791899,9.216503411038603,99037832
2006-08-28,9.41092300415039,9.41092300415039,9.26393450055479,9.279003768678278,167184308
2006-08-29,9.361515998840332,9.444768248228137,9.318284194379398,9.40672380626641,179068687
2006-08-30,9.40598201751709,9.50232752138065,9.35064542803673,9.367937580175846,162382376
2006-08-31,9.351140022277832,9.440568105678604,9.34298818264309,9.424263480500597,118839777
2006-09-01,9.35286808013916,9.41907410182316,9.318035948717117,9.411910737407041,107316747
2006-09-05,9.495163917541504,9.520855738514383,9.324213656610587,9.38424290231512,163582859
2006-09-06,9.390913009643555,9.466259348284456,9.379054155239675,9.43933217206086,149522354
2006-09-07,9.350152969360352,9.430686679033528,9.323224844212348,9.372386550279414,154256030
2006-09-08,9.334342956542969,9.406972660817251,9.306427300309915,9.306427300309915,123798294
2006-09-11,9.488492965698242,9.503315351378411,9.332365097745079,9.34446988839914,181847062
2006-09-12,9.68143081665039,9.701934330492197,9.508009833963133,9.510974311375026,218503948
2006-09-13,10.043834686279297,10.048528284002346,9.760482134984242,9.761716545509953,392192544
2006-09-14,9.979852676391602,10.036671511525505,9.929209678218964,9.987757634192993,215448538
2006-09-15,10.125604629516602,10.129803517096647,10.04803446171096,10.066315088287208,314703180
2006-09-18,10.244430541992188,10.343245822057131,10.115475778567019,10.128569990290822,285333506
2006-09-19,9.975652694702148,10.264192608952216,9.702180156186705,10.263451962634166,573858932
2006-09-20,9.807418823242188,10.064092020591094,9.74862399319691,10.056927710171303,367283528
2006-09-21,10.050751686096191,10.090277414852839,9.87807232249496,9.888941756016777,429287065
2006-09-22,9.974910736083984,10.065574166077427,9.915127432285828,10.004555505886113,186681114
2006-09-25,9.979852676391602,10.114982334957293,9.943291418890176,10.019379357215675,230352192
2006-09-26,10.051247596740723,10.071258293395374,9.92525729936817,10.017402986657837,212369039
2006-09-27,9.953665733337402,10.158707465323898,9.940077758784145,10.037163907910303,235949093
2006-09-28,9.969970703125,10.0539645445995,9.894871239741928,9.982323322873588,205061752
2006-09-29,9.928466796875,10.02036557602499,9.916362007810397,10.008260786960387,132932403
2006-10-02,9.917104721069336,10.029753915017919,9.90129480573017,9.92846886627005,146623529
2006-10-03,9.981334686279297,10.041117997456775,9.836816888609643,9.913399535354223,219407321
2006-10-04,10.269380569458008,10.27110969005009,9.956877021050861,10.004308652872155,267470802
2006-10-05,10.173284530639648,10.332130011265084,10.149815593054134,10.24467792603702,232460064
2006-10-06,10.387959480285645,10.422791614556187,10.122392833727476,10.13400386045382,294559960
2006-10-09,10.597940444946289,10.670817010049701,10.460093216965914,10.494184700830875,304468963
2006-10-10,10.539888381958008,10.816570397029725,10.434649441803911,10.661183172711848,393011603
2006-10-11,10.536182403564453,10.620422176111715,10.468493191896846,10.499621148542424,226260915
2006-10-12,10.559404373168945,10.614740965403652,10.474423009039132,10.587072196332057,194486260
2006-10-13,10.555943489074707,10.610292544115806,10.512958576736217,10.567307631777314,145443121
2006-10-16,10.418839454650879,10.60288297519259,10.40871066667978,10.565827010608375,173423607
2006-10-17,10.391419410705566,10.468247049742361,10.29408542002722,10.383018796796778,209221284
2006-10-18,10.358561515808105,10.492949559603847,10.313847479937332,10.449470880100556,241594173
2006-10-19,10.525313377380371,10.610294745481712,10.364985665448128,10.381290290752418,461864718
2006-10-20,11.355608940124512,11.366231492672522,11.205410019911387,11.338809605017419,467662368
2006-10-23,11.877105712890625,11.972462745113626,11.372901503139095,11.420084363215631,606444615
2006-10-24,11.692567825317383,11.804970122236046,11.645630903871611,11.765938157411913,347706422
2006-10-25,12.020881652832031,12.067818575713428,11.73703533888424,11.795829224106544,368877480
2006-10-26,11.983826637268066,12.153293702237594,11.961593059297176,12.047561948209507,282322262
2006-10-27,11.739258766174316,11.987285430639517,11.6723111470744,11.954182417216597,265150137
2006-10-30,11.773101806640625,11.86920042844827,11.611045935388868,11.729870953317842,263508004
2006-10-31,11.768655776977539,11.911196608104383,11.705660168243263,11.809910626662766,252358369
2006-11-01,11.54903793334961,11.836343411089176,11.493701347993156,11.827203098542393,217865564
2006-11-02,11.608574867248535,11.702942473727115,11.521370625148512,11.549038446100944,210253137
2006-11-03,11.655265808105469,11.703438089359027,11.488762267593406,11.665888360356288,197043811
2006-11-06,11.782489776611328,11.849437391216426,11.668358358008666,11.703932082012122,200408375
2006-11-07,11.674287796020508,11.833627968437954,11.654523984593572,11.782490265108626,196618221
2006-11-08,11.734318733215332,11.90082228104289,11.576213907166842,11.619445710319297,319794191
2006-11-09,11.67577075958252,11.845238784436846,11.65674853920944,11.771374679787765,195899538
2006-11-10,11.69849681854248,11.727399996159072,11.617962175844598,11.704178890408656,112287309
2006-11-13,11.883282661437988,11.886741849013399,11.713073038828682,11.731848377681386,174326980
2006-11-14,12.087583541870117,12.103640339235195,11.87018916712923,11.875130593310978,290019003
2006-11-15,12.152552604675293,12.348207137645602,12.152552604675293,12.189608566584141,336083018
2006-11-16,12.250628471374512,12.294600920036805,12.168116872501452,12.22839489196936,204467533
2006-11-17,12.322023391723633,12.343515379879866,12.178986884482182,12.185163667311292,221266263
2006-11-20,12.229629516601562,12.312387046733292,12.170339975069309,12.312387046733292,205748315
2006-11-21,12.59030532836914,12.598950931568089,12.248897646946865,12.266437627266132,338363534
2006-11-22,12.549790382385254,12.67306210973047,12.494700677728405,12.622913830505066,180702789
2006-11-24,12.475433349609375,12.537193609006218,12.450729056668932,12.463081676093417,69567783
2006-11-27,11.975181579589844,12.395887655071546,11.975181579589844,12.385758866194168,294086191
2006-11-28,12.092523574829102,12.101417952445528,11.78446671622282,11.885752706482508,313073093
2006-11-29,11.972710609436035,12.221972644598496,11.913421062068956,12.209620970866535,253558852
2006-11-30,11.976662635803223,12.114756758981994,11.896127988821966,11.961346485886374,223936234
2006-12-01,11.877599716186523,12.065102425172492,11.820780885446862,12.005565999361995,226100315
2006-12-04,11.977651596069336,12.041387862183221,11.84178128745714,11.931950022965756,196730641
2006-12-05,12.03076457977295,12.091041654552482,11.978640290561252,12.040645540214022,164735162
2006-12-06,12.07300853729248,12.164165746491918,11.969499653944178,12.029776731862876,178679233
2006-12-07,11.923054695129395,12.149341531326678,11.917619505285483,12.110556447934766,187271318
2006-12-08,11.959369659423828,12.070289725262292,11.857836789319576,11.905762188258471,159591956
2006-12-11,11.954922676086426,12.077700647855156,11.951711316875993,11.979380085142369,131025281
2006-12-12,11.901809692382812,12.014952638483686,11.86475372928932,11.95294644849761,167866857
2006-12-13,11.8328857421875,11.993709103314012,11.784219696389371,11.973698409250776,187182988
2006-12-14,11.910207748413086,11.950475068408307,11.790147380602107,11.864012420562332,190668002
2006-12-15,11.865248680114746,11.959370362830919,11.853885480901956,11.923055988321787,208410256
2006-12-18,11.432931900024414,11.925525092348495,11.381547313617148,11.919843966012284,321865927
2006-12-19,11.576953887939453,11.593753222348786,11.326704343382406,11.406251461990925,264467588
2006-12-20,11.435401916503906,11.647854857762415,11.421321122550271,11.610799838123851,175366863
2006-12-21,11.26988697052002,11.49345719561388,11.174529925432282,11.467023780030338,279174507
2006-12-22,11.254569053649902,11.33016321868506,11.184163196424322,11.30200068661314,160129965
2006-12-26,11.302741050720215,11.350666442683282,11.230111370636921,11.277789880523203,83282999
2006-12-27,11.562131881713867,11.56336818412342,11.341527101334568,11.363760680628006,169894428
2006-12-28,11.427000999450684,11.575718609614247,11.419342925059796,11.539650176486905,125115211
2006-12-29,11.375617980957031,11.474186370930001,11.360301831343843,11.415638421544012,102751700
2007-01-03,11.551263809204102,11.775326839131832,11.391182978432646,11.511984011416319,309415434
2007-01-04,11.938371658325195,11.955416929411928,11.570037727950002,11.58609547056756,316686586
2007-01-05,12.035457611083984,12.04311568613316,11.811146766097421,11.919597065076916,275914333
2007-01-08,11.946274757385254,12.101661947172715,11.91218327730557,12.047806659629728,190888826
2007-01-09,11.993709564208984,12.061644714426388,11.88748214510964,11.992473261767685,216062832
2007-01-10,12.091534614562988,12.192572764831715,11.908231757782872,11.967273467484352,239634856
2007-01-11,12.34499740600586,12.395146638718273,12.25754627028094,12.282743381792216,289408724
2007-01-12,12.475433349609375,12.475433349609375,12.351914722632737,12.401074534571617,179618741
2007-01-16,12.457645416259766,12.673062821555359,12.433435835556077,12.538426943245613,303890804
2007-01-17,12.284720420837402,12.543863416352952,12.213079199812748,12.43565999252038,268968395
2007-01-18,12.051268577575684,12.264956872222786,12.041386671604322,12.216535816735663,238169384
2007-01-19,12.098699569702148,12.123650744416125,12.024341701620196,12.054974002853703,199878396
2007-01-22,11.878588676452637,12.170339948020233,11.820780427678724,12.166634824636926,216982266
2007-01-23,11.834369659423828,11.975181389297001,11.790890973081796,11.877353635596018,187319498
2007-01-24,12.328940391540527,12.34055141947371,11.939114435551314,11.967770736262986,243280470
2007-01-25,12.057690620422363,12.4630804901072,11.997660433429726,12.37661689190631,255694828
2007-01-26,12.2491455078125,12.300035382358553,12.031505216459282,12.127849775604517,220684089
2007-01-29,12.165892601013184,12.321032929020458,12.117226559896398,12.302505421248597,191744020
2007-01-30,12.211597442626953,12.302507770110449,12.135015738276774,12.203691538735464,167846782
2007-01-31,12.388969421386719,12.475433025569655,12.240993387438156,12.265203915499837,490074058
2007-02-01,11.901069641113281,12.500384015240384,11.895633505043184,12.50013713312549,628695706
2007-02-02,11.894893646240234,11.981357254869918,11.803736439391352,11.922314589161706,252402534
2007-02-05,11.540640830993652,11.808430364857697,11.516677185073574,11.79607774576595,289356529
2007-02-06,11.647357940673828,11.692319800957225,11.543108438565955,11.563859775340347,213673912
2007-02-07,11.611045837402344,11.71825982835522,11.580659475009911,11.705166563872714,165409681
2007-02-08,11.636242866516113,11.703437363169671,11.490984439518865,11.562625651669535,163679219
2007-02-09,11.410451889038086,11.677005125829849,11.400816864871807,11.651561132599067,195072449
2007-02-12,11.321516990661621,11.422802977787967,11.240735461434543,11.380559651436377,231042771
2007-02-13,11.341526985168457,11.432437304267637,11.296072298573113,11.342762341656856,163113105
2007-02-14,11.51025390625,11.589306313411218,11.34449101709027,11.363760118190879,228806420
2007-02-15,11.400074005126953,11.51519389671709,11.381546497041072,11.511982537654877,162302076
2007-02-16,11.609314918518066,11.614503225873486,11.414648869816052,11.432930440692658,248006116
2007-02-20,11.662676811218262,11.678734553344224,11.480114585382076,11.573000904967685,163313855
2007-02-21,11.755562782287598,11.82522704695724,11.554967763394586,11.606846111697413,226469694
2007-02-22,11.755313873291016,11.962579419431908,11.71924733376069,11.825472841622307,230617182
2007-02-23,11.626114845275879,11.782489585643955,11.556449636898227,11.752844816121549,155886118
2007-02-26,11.485551834106445,11.740494054584559,11.456400824164012,11.680711687806323,159391206
2007-02-27,11.086336135864258,11.358819245006437,11.046809460698151,11.240241111324961,373908266
2007-02-28,11.103135108947754,11.2073855732813,10.944783409652885,11.126849980207746,322496281
2007-03-01,11.07299518585205,11.176504044975493,10.869682590619263,10.93564172590033,348710170
2007-03-02,10.837075233459473,11.084607195432968,10.837075233459473,10.99592070473717,264331078
2007-03-05,10.893152236938477,11.005554533755353,10.795571379058096,10.796065143250122,255156819
2007-03-06,11.303236961364746,11.339056625192487,11.051997983055058,11.054221813985105,302477526
2007-03-07,11.256051063537598,11.441329930128255,11.222701170241976,11.430212668424097,262343656
2007-03-08,11.233325004577637,11.499632308971995,11.218008853631563,11.344491958862852,215316044
2007-03-09,11.189845085144043,11.324235036334981,11.119192340999719,11.31435313015802,199854306
2007-03-12,11.234065055847168,11.246417674708907,11.144143211948524,11.180211648261947,139135567
2007-03-13,10.944537162780762,11.164401302663368,10.939596682553402,11.119439432732849,256048147
2007-03-14,11.067314147949219,11.08361877173229,10.84498026090603,10.949477604016042,321877972
2007-03-15,11.022601127624512,11.112277039664049,10.967017650732533,11.063855982142172,158359353
2007-03-16,10.890682220458984,11.035200008982399,10.866967349099331,11.009260360891147,227212468
2007-03-19,11.048293113708496,11.079667954123934,10.885247804306081,10.949972542171762,208687290
2007-03-20,11.000120162963867,11.057433703933953,10.958617482308266,11.012719663974273,137372985
2007-03-21,11.278531074523926,11.279024838701476,10.998389900984993,11.000612785692352,232801338
2007-03-22,11.414155006408691,11.417366365263476,11.179221640857808,11.255309562778296,228079706
2007-03-23,11.408967971801758,11.44750617417493,11.291625189930492,11.399580776270087,165068406
2007-03-26,11.487278938293457,11.487278938293457,11.255557848606381,11.377347347739219,189118214
2007-03-27,11.4531888961792,11.492962457254707,11.372159535391264,11.451459775420876,150208917
2007-03-28,11.41020393371582,11.498148824014232,11.36746495315832,11.409956105707364,184352418
2007-03-29,11.386486053466797,11.511981604264214,11.240240111495336,11.476161001475777,160137995
2007-03-30,11.318305969238281,11.447754493098987,11.268403620517443,11.415639007774667,135714793
2007-04-02,11.327445030212402,11.327445030212402,11.169094276485849,11.308423756741396,138457033
2007-04-03,11.675027847290039,11.715789878610614,11.462574925500798,11.463810281890575,261046814
2007-04-04,11.635995864868164,11.684909734833854,11.600422141256754,11.663664631868732,151718555
2007-04-05,11.648102760314941,11.662429490570634,11.601411770472657,11.6429135062424,109039179
2007-04-09,11.56657886505127,11.684910119648618,11.501854133823926,11.684415409532114,122943100
2007-04-10,11.524334907531738,11.630314492544093,11.491231894705138,11.538910411150583,119618686
2007-04-11,11.475669860839844,11.595978077825151,11.428238222379365,11.51346647478376,153051532
2007-04-12,11.5463228225708,11.561392092001496,11.419098119888703,11.462576807314598,108721995
2007-04-13,11.519146919250488,11.58041151572424,11.446764115221269,11.572506559067694,112211024
2007-04-16,11.71628475189209,11.78347925431765,11.565096412003202,11.572754487254652,203877329
2007-04-17,11.67996883392334,11.768656264839631,11.65032406291558,11.704673125065959,128885290
2007-04-18,11.759269714355469,11.855366451477991,11.599187942132586,11.641925980331163,227670177
2007-04-19,11.651559829711914,11.906009192652181,11.60066995712386,11.721964738756549,442034667
2007-04-20,11.919102668762207,12.166635573435231,11.907738523991558,12.11772169876942,488283372
2007-04-23,11.835108757019043,11.981355658262133,11.814851182237192,11.860306811492975,227834792
2007-04-24,11.796819686889648,11.857343644004196,11.747904865129744,11.823499982808581,148341946
2007-04-25,11.808182716369629,11.891681844502266,11.761739554258652,11.857837237884397,159266742
2007-04-26,11.88698673248291,11.967768255167213,11.786442345740305,11.810897861337077,165614446
2007-04-27,11.833379745483398,11.917126701067183,11.816582302214481,11.859566276593698,117466650
2007-04-30,11.644889831542969,11.891187367374664,11.644889831542969,11.836838305164981,146193924
2007-05-01,11.586095809936523,11.68021654570914,11.466776071108898,11.664900394903333,146876473
2007-05-02,11.506548881530762,11.63747869302354,11.505312579171795,11.577448504341758,122967190
2007-05-03,11.690592765808105,11.711345053871536,11.494444435698563,11.517418662987163,144306878
2007-05-04,11.638468742370605,11.730366599551113,11.509020206010334,11.613764447742717,158592223
2007-05-07,11.543356895446777,11.680462541834094,11.523594030173019,11.663665099555274,121256803
2007-05-08,11.53199291229248,11.565590635044481,11.480610218590195,11.515194523870713,116639561
2007-05-09,11.592269897460938,11.653535437347987,11.459610030750024,11.51568820907922,156179212
2007-05-10,11.400074005126953,11.598199251776684,11.388957689457106,11.537674356060995,148004686
2007-05-11,11.530263900756836,11.53668756520033,11.38846465331238,11.408968165383824,118205408
2007-05-14,11.407733917236328,11.549286284584465,11.36376052349452,11.499138000239782,155488633
2007-05-15,11.314352035522461,11.426507450487351,11.299776532741852,11.412178829803294,165377561
2007-05-16,11.675274848937988,11.688368113350235,11.339550193181031,11.41316740813638,263150670
2007-05-17,11.634512901306152,11.739750881189593,11.630807778281746,11.671568861091997,187122763
2007-05-18,11.618703842163086,11.677498672068014,11.604622103456348,11.66094716646645,148390126
2007-05-21,11.62562084197998,11.838072812068052,11.529769107192804,11.599186486139706,247295463
2007-05-22,11.755562782287598,11.83337888587918,11.68491004329985,11.68491004329985,154135581
2007-05-23,11.70887279510498,11.942077062564906,11.703437605193303,11.878092977776264,203166675
2007-05-24,11.717765808105469,11.838074016532175,11.647854657866377,11.738023384226379,167569747
2007-05-25,11.944792747497559,11.980119587255192,11.790394016676903,11.850424199329826,214741900
2007-05-29,12.033479690551758,12.149341173110464,11.9566520641514,11.981355408004244,209502334
2007-05-30,12.317329406738281,12.3232574154327,11.931949249364378,11.969005215632738,290918361
2007-05-31,12.30028247833252,12.568812648900808,12.279284256312252,12.365747857304573,358310019
2007-06-01,12.361794471740723,12.475924936692547,12.300774869367242,12.376615909828278,192679513
2007-06-04,12.526569366455078,12.611550729178832,12.292377564175515,12.300282521247258,285104652
2007-06-05,12.817334175109863,12.821287126926446,12.515207201665474,12.592777377944671,419450332
2007-06-06,12.802757263183594,12.865258158918463,12.728892224257523,12.765701302677904,316650452
2007-06-07,12.723952293395996,13.006564187856396,12.66095763077461,12.8398128313458,426813829
2007-06-08,12.734576225280762,12.837096627986366,12.585612660340837,12.752116206895684,255281284
2007-06-11,12.632054328918457,12.802758647791475,12.598951315922768,12.698261300818311,186604829
2007-06-12,12.469751358032227,12.640206900090794,12.430224681251033,12.567084392567082,257742474
2007-06-13,12.481362342834473,12.562885469290624,12.31955239236782,12.527064859256766,282414606
2007-06-14,12.422072410583496,12.497171864177664,12.39390893310015,12.484820191947614,185540856
2007-06-15,12.497418403625488,12.574246975716385,12.382298513581185,12.554236283507588,247889682
2007-06-18,12.727411270141602,12.747173188392235,12.456656342120118,12.504582682920656,194161046
2007-06-19,12.705425262451172,12.77805400499278,12.63699540751528,12.698014069752187,174864989
2007-06-20,12.598211288452148,12.815110950179967,12.575730826527868,12.770891618612337,174178426
2007-06-21,12.700484275817871,12.729633389423292,12.507053572955732,12.623160992728726,177049146
2007-06-22,12.969014167785645,12.969261049876005,12.749643823011784,12.757549725353677,289228049
2007-06-25,13.029291152954102,13.216299132740424,12.92948741320825,13.067828406519947,318188194
2007-06-26,13.099451065063477,13.172079807997944,13.000141082359887,13.160468781721987,228433026
2007-06-27,13.001378059387207,13.043374505118452,12.83512139720633,12.969509456001212,245842035
2007-06-28,12.969757080078125,13.080678101159101,12.939865423754105,12.966545720525577,167360967
2007-06-29,12.912691116333008,13.02879854331373,12.83265023340915,12.994707056142456,155805818
2007-07-02,13.102416038513184,13.138730411356102,12.94974640821319,12.98161406524421,140026895
2007-07-03,13.200242042541504,13.20172428105587,13.031268743720432,13.119213634361682,75152639
2007-07-05,13.38033390045166,13.448764706756647,13.146142084292565,13.230381859769496,198457088
2007-07-06,13.325244903564453,13.43567026281973,13.308693396486769,13.370947419049958,110291857
2007-07-09,13.403308868408203,13.55597850195569,13.34649003601706,13.414179249007509,149751208
2007-07-10,13.422577857971191,13.512993468068737,13.380828294406701,13.433695120598317,154818129
2007-07-11,13.450491905212402,13.500641133821581,13.340313434171632,13.429247747200188,132868163
2007-07-12,13.471736907958984,13.520896712502323,13.345499758873233,13.4848301717886,138179998
2007-07-13,13.64046573638916,13.653065238279124,13.519170937075952,13.535474616848882,210269197
2007-07-16,13.660969734191895,13.799063864689781,13.570059412404788,13.59451682305444,264969462
2007-07-17,13.710623741149902,13.77806512415673,13.645899953214165,13.711613161422914,173792986
2007-07-18,13.574751853942871,13.698270460951598,13.434187032165616,13.683201194680166,244111573
2007-07-19,13.552271842956543,13.674061333482015,13.395402393395797,13.672579095014447,446756299
2007-07-20,12.848954200744629,12.924547418176962,12.586598932705726,12.645888472580829,713556598
2007-07-23,12.660959243774414,12.84599124985948,12.652065811736607,12.82153383880124,255221059
2007-07-24,12.697768211364746,12.813628763006589,12.527558593579135,12.581659831689247,223719424
2007-07-25,12.593023300170898,12.772372276493629,12.489266599594226,12.771384748046167,222631361
2007-07-26,12.549545288085938,12.66293702699384,12.324245940857958,12.567826863529504,276368027
2007-07-27,12.645642280578613,12.762491300202106,12.48778434500077,12.56263786613219,221189978
2007-07-30,12.74989128112793,12.829684333064149,12.61130339860231,12.671086703506203,159126217
2007-07-31,12.598952293395996,12.856860880509329,12.598952293395996,12.851672572120707,171460275
2007-08-01,12.67158031463623,12.75977303240918,12.55300218057536,12.611303246257455,177791919
2007-08-02,12.623902320861816,12.722222884177544,12.574247802032307,12.690849938202415,126669014
2007-08-03,12.426025390625,12.67800501015096,12.426025390625,12.600187955544568,127524207
2007-08-06,12.598952293395996,12.602658363089091,12.413674348272087,12.426026022098638,146607469
2007-08-07,12.747669219970703,12.843026255456419,12.575236722502224,12.59277670374428,171211346
2007-08-08,12.988778114318848,12.988778114318848,12.77410134909568,12.829684822669696,163362034
2007-08-09,12.715801239013672,13.014469947217405,12.713330526084919,12.865753271347728,194586635
2007-08-10,12.741000175476074,12.81436957117489,12.490996549056984,12.603399806457691,235888868
2007-08-13,12.734822273254395,12.839813382127108,12.673803610691568,12.834626020164334,127648672
2007-08-14,12.564366340637207,12.781759760714708,12.549543954505957,12.740258025455704,145892800
2007-08-15,12.291390419006348,12.640703103317717,12.27063907677908,12.57424924258135,217191045
2007-08-16,12.142424583435059,12.263719362787436,11.869199889553277,12.154776255252196,347120233
2007-08-17,12.35290241241455,12.376618231256286,12.145636825586081,12.28867238502103,219997525
2007-08-20,12.300530433654785,12.415156577384291,12.2530987954345,12.412685864257469,108296406
2007-08-21,12.515207290649414,12.553497668891344,12.296825382924252,12.325728564682167,144965337
2007-08-22,12.666889190673828,12.75335280473355,12.580425576614106,12.597965559936238,130595677
2007-08-23,12.653053283691406,12.750386318232549,12.52484012159188,12.747174013105173,123529289
2007-08-24,12.7224702835083,12.736056365287022,12.56189382617531,12.663427629567904,99278731
2007-08-27,12.679488182067871,12.78299801870446,12.633539723940146,12.708392312399907,93352602
2007-08-28,12.510017395019531,12.721975610866204,12.494948127767119,12.636747369200465,131446855
2007-08-29,12.670099258422852,12.680474928888351,12.530522890244521,12.545592158745375,102354216
2007-08-30,12.633539199829102,12.732353541874172,12.613281621221557,12.657254074374757,106465569
2007-08-31,12.728646278381348,12.759526405392094,12.63526619694715,12.675533519340322,119550431
2007-09-04,12.973215103149414,13.043620962577746,12.71308365184074,12.7229655576534,148301796
2007-09-05,13.038680076599121,13.080181809539582,12.90157348549893,12.929981953770175,133012703
2007-09-06,12.932947158813477,13.088828138065404,12.802511116251841,13.077217112122156,145579631
2007-09-07,12.82993221282959,12.87662320271646,12.76693848979914,12.793125020947782,147093283
2007-09-10,12.709624290466309,12.897126994867852,12.620690923004442,12.877610065621203,129515644
2007-09-11,12.878846168518066,12.886751125392404,12.740504220720712,12.771631229918249,108549350
2007-09-12,12.911455154418945,13.043127508747352,12.82128642712799,12.85908303877333,119887690
2007-09-13,12.964075088500977,13.02410527927814,12.925536884624021,12.94628822517315,75927532
2007-09-14,13.062149047851562,13.099698778141997,12.900833809830283,12.925042446435645,111010541
2007-09-17,12.976921081542969,13.075241652381782,12.946535661677704,13.007306501408234,88229471
2007-09-18,13.223217010498047,13.272130884224081,12.951475474695437,13.007058949157143,169260059
2007-09-19,13.509288787841797,13.573517869070631,13.311905108287405,13.322033896862093,221904647
2007-09-20,13.657015800476074,13.755089473627597,13.489030038604918,13.512991789808352,221828362
2007-09-21,13.836612701416016,13.853658917723601,13.657016846277228,13.743726382733794,321669193
2007-09-24,14.032267570495605,14.117248928446955,13.834142323340075,13.858845667517649,212674178
2007-09-25,14.056475639343262,14.070310495271139,13.904795447393395,13.932957031605397,109633398
2007-09-26,14.035725593566895,14.125400547682224,13.928263777884055,14.09106218091857,134345680
2007-09-27,14.019421577453613,14.124166755811908,13.976931367385843,14.123918927783462,82560301
2007-09-28,14.013739585876465,14.070064650268865,13.93592253565698,14.0070699854158,105975740
2007-10-01,14.391213417053223,14.4356805719359,14.071545557910689,14.080439934795644,189158364
2007-10-02,14.436670303344727,14.743491806935587,14.328466883708137,14.41171912883647,283759629
2007-10-03,14.427528381347656,14.550306353572426,14.337112775271518,14.482618090069376,155761653
2007-10-04,14.304256439208984,14.453961585417321,14.25559039554027,14.453961585417321,119915795
2007-10-05,14.675308227539062,14.723481453832749,14.501393497206886,14.50386421011686,203507949
2007-10-08,15.05994701385498,15.075756928190895,14.672837752019678,14.698777400268675,201873847
2007-10-09,15.19729995727539,15.409752886235127,15.029561066502563,15.19557083663471,352026555
2007-10-10,15.4495267868042,15.456690151630196,15.237320735248806,15.349969920577317,216231462
2007-10-11,15.365779876708984,15.845281690290141,15.044630708323723,15.653333213954618,473729022
2007-10-12,15.745973587036133,15.770923816239131,15.272894463869964,15.414695611074782,273971076
2007-10-15,15.319089889526367,15.806990426164196,15.206441649394614,15.772653002660771,278793083
2007-10-16,15.217557907104492,15.462619143980895,15.118494804853823,15.27906938900292,241915372
2007-10-17,15.649381637573242,15.662227075728643,15.355653384023501,15.574529056015713,242124152
2007-10-18,15.801061630249023,15.844293431563933,15.526355618108518,15.697058992524221,493410518
2007-10-19,15.926803588867188,16.267222798688213,15.890242335309111,16.17013664680231,633927242
2007-10-22,16.076017379760742,16.181009450228853,15.718552846062941,15.777595514686574,267575192
2007-10-23,16.69410514831543,16.73931200389562,16.30452519506916,16.33540532160228,272766578
2007-10-24,16.69533920288086,16.73610028567211,16.293653544897907,16.618508742734278,297278110
2007-10-25,16.514753341674805,16.773156605951232,16.39222225576866,16.765992295519904,232688918
2007-10-26,16.66520118713379,16.713126581282914,16.50363625162976,16.65111850312297,134658850
2007-10-29,16.779579162597656,16.798601380895335,16.603193727967884,16.743511674597134,123111730
2007-10-30,17.163480758666992,17.29045763347228,16.737091660127614,16.737091660127614,277058606
2007-10-31,17.465606689453125,17.465606689453125,17.194851728083428,17.309724749899743,276103037
2007-11-01,17.371978759765625,17.631615512260154,17.33665286041025,17.36160403518656,262066622
2007-11-02,17.570594787597656,17.628155205735037,17.226965182967607,17.552314161801906,234535815
2007-11-05,17.926332473754883,18.039476376273115,17.442632689517897,17.465359087781504,356679932
2007-11-06,18.32505226135254,18.32505226135254,17.910277038196725,18.220555852160008,338716853
2007-11-07,18.106420516967773,18.4596851228979,17.864322843361695,18.308744636488207,332180444
2007-11-08,17.140504837036133,18.154596401750176,16.728940012883612,18.14743398196511,662963671
2007-11-09,16.40260124206543,16.845046189435184,16.33441826092544,16.69435349603861,457231416
2007-11-12,15.614547729492188,16.549834626310403,15.469784000314396,16.24869519516705,410625377
2007-11-13,16.318111419677734,16.327252678273325,15.614545711674673,15.933718847189688,339082217
2007-11-14,15.851951599121094,16.68718784872643,15.718304188753995,16.632591902576184,325001637
2007-11-15,15.554765701293945,15.995729336910824,15.415189331341661,15.775124550994292,279752666
2007-11-16,15.653085708618164,15.699034156642,15.218051069546636,15.660743783288803,363067785
2007-11-19,15.460890769958496,15.730657257283456,15.279317954914122,15.553283330140383,221924722
2007-11-20,16.02141571044922,16.282289640735456,15.634307485410087,15.723488661881184,395099399
2007-11-21,16.317371368408203,16.550823470742415,15.861833199921202,15.903581816174809,281591533
2007-11-23,16.717077255249023,16.756109215669905,16.50487218543464,16.55156032770039,109958613
2007-11-26,16.452749252319336,17.129633764467698,16.42804401569247,16.80354318079851,272622038
2007-11-27,16.63975715637207,16.710410849029966,16.063910737630234,16.67014352238463,357515050
2007-11-28,17.101472854614258,17.151868972029796,16.604431947642546,16.85072951596142,317846919
2007-11-29,17.218570709228516,17.361605329896765,16.99055187771128,17.064170051011164,249250764
2007-11-30,17.119752883911133,17.565903893552527,16.850728925436268,17.564422600765504,317003771
2007-12-03,16.836397171020508,17.16915827741692,16.82676214833722,17.070588949541925,173652461
2007-12-04,16.9013671875,17.095045703020283,16.727452480761382,16.756851311858068,169906473
2007-12-05,17.255868911743164,17.266245527255425,16.98388050904248,17.113080250117108,169015145
2007-12-06,17.669660568237305,17.70177605521573,17.218815961245678,17.23833194638172,197096005
2007-12-07,17.660022735595703,17.737346963360725,17.552068102141266,17.662987212509748,154661545
2007-12-10,17.747724533081055,17.905335598986454,17.638534525748835,17.687695284806566,154826159
2007-12-11,17.27291488647461,17.8112124796065,17.262540162355908,17.7852737774928,246484434
2007-12-12,17.27662467956543,17.646440919042146,17.008588213591377,17.638536906148204,247287433
2007-12-13,17.145689010620117,17.233883618611163,16.82849376108592,17.201520308396383,202387766
2007-12-14,17.04465103149414,17.285267430712366,16.97795124545114,16.984128027407362,147490767
2007-12-17,16.532543182373047,17.179535130360506,16.39518970237573,16.996233199559178,220262515
2007-12-18,16.63432502746582,16.717328507888848,16.119249412710822,16.654334778176576,287742502
2007-12-19,16.733631134033203,16.786250128858914,16.526859332190234,16.65556720211086,177506855
2007-12-20,17.037981033325195,17.070344344909728,16.81367208798383,16.942625894662267,177551020
2007-12-21,17.210906982421875,17.274396352734016,17.12567874577312,17.240305814801218,216086922
2007-12-24,17.31070899963379,17.31070899963379,17.121232209167967,17.16890977290174,65380146
2007-12-26,17.560468673706055,17.619262559017333,17.24845888128544,17.267727036311356,101579322
2007-12-27,17.310958862304688,17.68793932275819,17.310958862304688,17.467334554864124,118141168
2007-12-28,17.355180740356445,17.489075992449436,17.20720658487705,17.41447029049483,102892225
2007-12-31,17.082204818725586,17.35419326606455,17.059970291445573,17.25735492841379,95404263
2008-01-02,16.92681312561035,17.22770658527799,16.742523685308164,17.116539647352873,172921733
2008-01-03,16.930274963378906,16.967825642723348,16.712634638736727,16.92854773428719,130587647
2008-01-04,16.23041343688965,16.82231753348155,16.181006747381364,16.79094364242605,215195594
2008-01-07,16.038957595825195,16.360850233304838,15.744983445548645,16.154820027149338,257096061
2008-01-08,15.604915618896484,16.303540037533963,15.588116282776252,16.131600345797075,214364490
2008-01-09,16.13654136657715,16.139999608205073,15.378380535984443,15.564400072040954,270598482
2008-01-10,15.976704597473145,16.235353783435354,15.813165552672853,15.93421439328421,254317685
2008-01-11,15.767216682434082,16.04439529333239,15.566127894178827,15.877149218053392,199826201
2008-01-14,16.15185546875,16.240296014349212,15.940144137652814,16.085649446508025,178566813
2008-01-15,15.752394676208496,16.0340190636639,15.696317437558898,15.956201064385427,223562839
2008-01-16,15.21632194519043,15.81020302412694,14.86997471340944,15.537966776723543,423983259
2008-01-17,14.841813087463379,15.45817273419249,14.773135401636718,15.335147876143932,329903943
2008-01-18,14.828471183776855,15.069086627107769,14.784004030986738,15.028819307510336,342864341
2008-01-22,14.435681343078613,14.760536581356762,13.863786972861245,13.88429143080388,381484558
2008-01-23,13.553011894226074,14.031772060507015,12.82128461709985,13.851680567558,681171664
2008-01-24,14.19210147857666,14.320561525219878,13.689379500243813,13.804499399634263,377445475
2008-01-25,13.992247581481934,14.698776868771018,13.986812391551975,14.619971344328862,279684411
2008-01-28,13.734834671020508,14.136518503640518,13.552520264705764,14.105144610164087,233540097
2008-01-29,13.59995174407959,13.866999685774474,13.35661867437785,13.845754580873752,252262009
2008-01-30,13.5443696975708,13.844767566923448,13.426779070040464,13.567097043487797,318774383
2008-01-31,13.94036865234375,14.155292285014593,13.199007263311524,13.315608446670392,597081651
2008-02-01,12.744704246520996,13.2578028311347,12.598951103858292,13.060171339026642,706658840
2008-02-04,12.239018440246582,12.667629449592813,12.167870039951747,12.575977536464565,528256642
2008-02-05,12.519898414611816,12.574246525715695,12.068312301375556,12.090792759613073,449811709
2008-02-06,12.394157409667969,12.627856413248685,12.300777317814926,12.627114820947096,306600924
2008-02-07,12.474197387695312,12.702461184080434,12.222465601950491,12.274343952471764,318344779
2008-02-08,12.76422119140625,12.789913013002263,12.56683751244519,12.584376548417106,274179856
2008-02-11,12.874645233154297,12.93763989709866,12.68294459230026,12.858835319597137,233913491
2008-02-12,12.798805236816406,13.107849604991609,12.673803436315199,12.929735045518454,267490877
2008-02-13,13.207160949707031,13.216301263917662,12.813628944849967,12.907750628096844,265981240
2008-02-14,13.148612976074219,13.365759523571139,13.117732845959809,13.299306611087905,260039050
2008-02-15,13.084135055541992,13.158740747945098,12.952958361517778,13.051278925031522,210389647
2008-02-19,12.573012351989746,13.218029219571532,12.512488399468385,13.215064742472181,254968114
2008-02-20,12.574247360229492,12.623901877314365,12.32276246977941,12.438623009644111,267486862
2008-02-21,12.422566413879395,12.678251141868122,12.339562001969416,12.669356764764846,227963272
2008-02-22,12.544604301452637,12.5742481275257,12.291389329033969,12.402804106079879,221462998
2008-02-25,12.016929626464844,12.512488221496142,11.99963652832845,12.49890024672701,336167332
2008-02-26,11.467269897460938,11.52359496668165,11.038905761376375,11.393405792310181,934983461
2008-02-27,11.681450843811035,11.746421505479855,11.354865577258334,11.36697036655129,406393575
2008-02-28,11.743952751159668,11.835356837212343,11.545581546199182,11.623151720168567,264463573
2008-02-29,11.639947891235352,11.851413284701596,11.478632670121664,11.656994106784136,378429149
2008-03-03,11.290143013000488,11.677992914014606,11.119438696387727,11.648102206596239,303312645
2008-03-04,10.983321189880371,11.199726121397745,10.765433073938576,11.140190644565402,546910299
2008-03-05,11.059903144836426,11.219736134434715,10.96849906478889,10.999378246347105,298578968
2008-03-06,10.689347267150879,11.198246060590524,10.651797535918213,11.059657217055179,299923991
2008-03-07,10.705404281616211,10.869684950282453,10.529760413452705,10.594977970743802,324082204
2008-03-10,10.217996597290039,10.647349184421211,10.203668921592975,10.593741713319362,320701579
2008-03-11,10.865730285644531,10.873388360116216,10.490478961081507,10.505548227930374,354399416
2008-03-12,10.874129295349121,11.064349589448522,10.822005011137705,10.869930407814152,267073318
2008-03-13,10.944042205810547,11.042117783130339,10.592507607141554,10.688605289779662,310222448
2008-03-14,10.818299293518066,11.100417438797566,10.637961844867311,10.943301097028149,263961699
2008-03-17,10.372396469116211,10.714296985684982,10.180694870315007,10.57299055365899,316710676
2008-03-18,10.848933219909668,10.890435902277993,10.512220054687509,10.597448304453913,290573072
2008-03-19,10.672053337097168,11.054962758941603,10.663900552042408,10.897105770766807,248086416
2008-03-20,10.710342407226562,10.763456106942513,10.313846950400576,10.55643838926991,398022314
2008-03-24,11.377593994140625,11.506548747261366,10.813358657629138,10.830898638023022,271554050
2008-03-25,11.135991096496582,11.301259276401854,11.017906722302394,11.301012394294268,234138331
2008-03-26,11.319047927856445,11.434661607428879,11.099183768815513,11.180706902167529,209811488
2008-03-27,10.970475196838379,11.08238373581347,10.881789656649316,11.017906831033589,234162421
2008-03-28,10.822253227233887,11.204914822156107,10.729119079561343,11.053974316240982,175704123
2008-03-31,10.881295204162598,10.936138037266826,10.672301434690658,10.761976405055446,178522648
2008-04-01,11.5048189163208,11.52433489986704,11.039398842446538,11.060891774694388,244637537
2008-04-02,11.504571914672852,11.752598571928019,11.373395221278885,11.608328613632919,240859429
2008-04-03,11.243206977844238,11.445036428371735,11.070526644804382,11.406499168650681,272152284
2008-04-04,11.637725830078125,11.80423031654089,11.26988566911777,11.289895417147228,236772166
2008-04-07,11.779280662536621,11.992227391128985,11.698004411636806,11.784468025321578,238631108
2008-04-08,11.556696891784668,11.713071637197025,11.413414465076695,11.68589852546949,182561731
2008-04-09,11.467269897460938,11.660206859959654,11.30299017973283,11.589307232136303,242830791
2008-04-10,11.5880708694458,11.706155242128919,11.409461598931895,11.48629112064774,203656504
2008-04-11,11.300765991210938,11.543110586195453,11.240488918066621,11.464305057386852,167413162
2008-04-14,11.157730102539062,11.300764693776062,11.12042725928366,11.293600383632628,154280120
2008-04-15,11.038657188415527,11.35684185039674,10.961580789709073,11.317563950687756,183790319
2008-04-16,11.240982055664062,11.321269818613752,10.894387958496946,10.978379898919403,306372069
2008-04-17,11.105358123779297,11.348196457985448,11.03075243638809,11.25580390902481,536122013
2008-04-18,13.325491905212402,13.53028677454058,12.963827567465867,13.221736145918255,732158060
2008-04-21,13.285470008850098,13.404049087542226,13.100191144302059,13.324996683716945,298703433
2008-04-22,13.710623741149902,13.854647766741357,13.279788912671044,13.280035794785055,318730218
2008-04-23,13.50039291381836,13.817096276203817,13.3635341624318,13.783251675003891,197597880
2008-04-24,13.415166854858398,13.69802566193105,13.340561158411058,13.618974195460096,166023975
2008-04-25,13.4403657913208,13.661217471918363,13.407509656879213,13.56289689664092,167200368
2008-04-28,13.63947582244873,13.755336356877578,13.315361260282355,13.48532397069207,160945009
2008-04-29,13.796345710754395,13.918136157097935,13.58735196163884,13.60760953764671,174491595
2008-04-30,14.18716049194336,14.448281372861276,13.796346095712602,13.88873865498397,317304895
2008-05-01,14.651346206665039,14.697048722164487,14.253367498500221,14.286470512665687,265101957
2008-05-02,14.360088348388672,14.8828210258563,14.310927592517425,14.78499327834387,281001329
2008-05-05,14.696307182312012,14.797593173952558,14.504358697528414,14.79413493243294,252181709
2008-05-06,14.485337257385254,14.624665795963143,14.402330948688308,14.599961503639937,185866070
2008-05-07,14.303516387939453,14.809697558296683,14.240027956271444,14.58192847033252,265511486
2008-05-08,14.402578353881836,14.557966532634794,14.301293305631168,14.481384831696007,205684075
2008-05-09,14.160234451293945,14.451739809184298,14.113297524664993,14.303516890141351,180068420
2008-05-12,14.45025634765625,14.494970388408149,14.05425459142811,14.198525501912771,195285244
2008-05-13,14.40233039855957,14.524614607185239,14.292398808577918,14.482124398938877,207314163
2008-05-14,14.236814498901367,14.604654631604026,14.210875798498996,14.488547212076277,175688063
2008-05-15,14.352924346923828,14.40109662946494,14.219769752287789,14.303516707872443,174359100
2008-05-16,14.329946517944336,14.443831043355729,14.286714723552429,14.363544235977901,171604815
2008-05-19,14.26695442199707,14.547589393949993,14.168139144478529,14.292399360687638,225020282
2008-05-20,14.293635368347168,14.389486172988535,14.153070520894033,14.19556167862599,133040807
2008-05-21,13.586858749389648,14.363053307357339,13.534980396695962,14.291658970111257,259693761
2008-05-22,13.573763847351074,13.69110757672869,13.34624259116702,13.635277221084737,203813089
2008-05-23,13.454197883605957,13.661215623242436,13.285965228126706,13.512005186683798,177924414
2008-05-27,13.856375694274902,13.898373084253398,13.435175897118102,13.462597783545197,155199554
2008-05-28,14.037702560424805,14.117990325085925,13.861317117006664,14.030291367595956,162623276
2008-05-29,14.40233039855957,14.473477849660604,14.160233640127194,14.199512489134989,194526410
2008-05-30,14.471501350402832,14.573281097741628,14.36033440777974,14.413940930467326,129491554
2008-06-02,14.204700469970703,14.424317723300526,14.112555738750114,14.38997935270934,147518872
2008-06-03,14.014481544494629,14.340573107182372,13.849214296954672,14.241756880183685,172857493
2008-06-04,14.136024475097656,14.278812199814231,13.94654576126702,13.965814863174245,135032244
2008-06-05,14.483853340148926,14.526838257989857,14.234591328182926,14.25608426005762,157255230
2008-06-06,14.00706958770752,14.34600560104027,14.00706958770752,14.322042903029681,190089843
2008-06-09,13.781523704528809,14.081181843799776,13.47346778954098,14.03325644343139,212324874
2008-06-10,13.690119743347168,13.804992757241575,13.507558466732531,13.576234257873782,146844353
2008-06-11,13.468524932861328,13.768429922396086,13.45024430701487,13.741255865720259,153087667
2008-06-12,13.659981727600098,13.78473570589775,13.510028747256394,13.556472853880308,220487355
2008-06-13,14.118483543395996,14.221992410979565,13.86724553507515,13.870950658392077,248303226
2008-06-16,14.150599479675293,14.305985754124,13.9947184951023,13.9947184951023,142243171
2008-06-17,14.067842483520508,14.280543265733675,14.04116218670508,14.238052107354399,139035192
2008-06-18,13.892938613891602,14.056230800822695,13.813392437329183,13.945557612759718,135754943
2008-06-19,13.83908462524414,13.927525181916085,13.607115690348337,13.7192720659349,228176066
2008-06-20,13.498910903930664,13.759536093474402,13.451480220121368,13.759536093474402,240221045
2008-06-23,13.46877384185791,13.664922154126081,13.38996831444641,13.472478965379983,145981130
2008-06-24,13.39688777923584,13.616505060216257,13.219020067248914,13.467046767880655,187604562
2008-06-25,13.611809730529785,13.779795513744862,13.430729735880373,13.4628452214412,165506041
2008-06-26,13.063878059387207,13.461856766622343,13.050044147481874,13.441353253838756,227228528
2008-06-27,13.045348167419434,13.093027626341417,12.724692786336208,13.03571503625129,218716743
2008-06-30,13.00458812713623,13.290658282287712,12.921583712266301,13.15404734214162,151176531
2008-07-01,13.209877014160156,13.25903776704296,12.771877899649047,12.83561415551752,199139637
2008-07-02,13.019904136657715,13.34945294750964,12.995694557087045,13.253849039687994,169553154
2008-07-03,13.265954971313477,13.32104467730005,13.031268472631972,13.114766645993113,96379907
2008-07-07,13.43665885925293,13.562400361364274,13.231369294199196,13.39688530073596,170845981
2008-07-08,13.699013710021973,13.715318334599054,13.340066979028219,13.488042064888003,198035514
2008-07-09,13.378355979919434,13.727421714999428,13.358098405859884,13.605878162458913,166782808
2008-07-10,13.354147911071777,13.574753636422919,13.11081578819517,13.46358668633623,173917451
2008-07-11,13.18690299987793,13.327714724622757,12.831909210738951,13.25360373860846,200002860
2008-07-14,12.886011123657227,13.34154930262418,12.733588375124132,13.31536277192466,177655409
2008-07-15,12.749398231506348,13.031269501826928,12.379087355289046,12.754091829423494,243750224
2008-07-16,13.23137092590332,13.25360450676879,12.613774925749452,12.69875629731017,190398997
2008-07-17,13.178009033203125,13.267190230012638,12.957157376853685,13.195796842051173,352813493
2008-07-18,11.890445709228516,12.32671476758874,11.813122422845627,12.311151735833187,453389067
2008-07-21,11.581154823303223,11.958875944133537,11.504572180805924,11.879576652476727,236944811
2008-07-22,11.786442756652832,11.864012923046696,11.502100791938934,11.529769559311895,188363396
2008-07-23,12.08560562133789,12.28348304938667,11.810898670607157,11.897610098949558,196497772
2008-07-24,11.749632835388184,12.274589272528106,11.749632835388184,12.270389439416581,142166886
2008-07-25,12.153789520263672,12.182198937053691,11.894893409694149,12.018165155232275,127817302
2008-07-28,11.786690711975098,12.156506887564836,11.737529954775585,12.156506887564836,126873778
2008-07-29,11.934664726257324,12.037185111176827,11.808428527135394,11.840542115687262,112532223
2008-07-30,11.924535751342773,12.006552625528393,11.68021424922615,11.993707190310467,140151360
2008-07-31,11.703437805175781,11.879823247314402,11.646372093761839,11.723448498622746,115033564
2008-08-01,11.557931900024414,11.69034489970752,11.425520792158283,11.672804918615803,120766974
2008-08-04,11.437872886657715,11.685157968135712,11.410698826615103,11.564355990690641,99852875
2008-08-05,11.854130744934082,11.859812816719138,11.520134270984359,11.551262224755394,143917423
2008-08-06,12.014458656311035,12.099193132729484,11.67280410165004,11.81756876423665,135538133
2008-08-07,11.836097717285156,11.95665280480736,11.769150100007096,11.90724422222425,111367875
2008-08-08,12.228641510009766,12.2469230832871,11.751363520144942,11.861542940403844,150132633
2008-08-11,12.372664451599121,12.571283475200108,12.148847372164846,12.165893588771013,170207597
2008-08-12,12.416390419006348,12.503348733727826,12.302506818706046,12.401321150622149,110641162
2008-08-13,12.352654457092285,12.439363993336283,12.200725478791218,12.39143954146865,145563571
2008-08-14,12.487537384033203,12.539909498147393,12.260262064755572,12.295095144067346,117181585
2008-08-15,12.602657318115234,12.615256818936786,12.487784301691004,12.524593383895946,142359606
2008-08-18,12.309917449951172,12.598951131191251,12.24099288401287,12.5949991256401,133855851
2008-08-19,12.117227554321289,12.30942291364519,12.02162363888309,12.115497487721212,122316761
2008-08-20,11.981355667114258,12.270143400613424,11.92132548083622,12.22147641222641,159881036
2008-08-21,12.019152641296387,12.10240488190134,11.839802723305377,11.929971446512939,141090868
2008-08-22,12.119449615478516,12.225429193771385,12.09202867657159,12.141930074758312,92232419
2008-08-25,11.932195663452148,12.277802245823636,11.894892816523276,12.008778306039007,80874004
2008-08-26,11.713566780090332,11.943311867971554,11.62537311170357,11.943311867971554,132823998
2008-08-27,11.575719833374023,11.730118585699177,11.483327274915231,11.70294358045774,176141757
2008-08-28,11.704179763793945,11.770137962694283,11.618951517166694,11.67231116090923,121642242
2008-08-29,11.445034980773926,11.63574903595676,11.421320110833003,11.6046220276545,154504960
2008-09-02,11.493456840515137,11.911693148957156,11.398841390686183,11.778044782314655,245376296
2008-09-03,11.47270393371582,11.716778598636381,11.353385142316268,11.579425115565348,173230887
2008-09-04,11.12314510345459,11.44380146065445,11.101899998739423,11.36376057593548,194666935
2008-09-05,10.974676132202148,11.177494045053804,10.871660077267183,11.005308432449276,182051827
2008-09-08,10.374370574951172,11.189349102949947,10.315081041458793,11.166621763747308,362068052
2008-09-09,10.34250259399414,10.681440483382016,10.252086995939248,10.453917358002402,290267933
2008-09-10,10.23133659362793,10.486279710763405,10.120663421897664,10.486031882769069,250005583
2008-09-11,10.715286254882812,10.748389270955137,10.03914230084113,10.087808350501236,259826256
2008-09-12,10.811877250671387,10.91884341482543,10.597941138729537,10.627832791351345,242023777
2008-09-15,10.718003273010254,10.918351443098647,10.46725993067475,10.47442424237773,263680649
2008-09-16,10.942068099975586,11.098936633991677,10.511233224431374,10.522843306417599,280676114
2008-09-17,10.239489555358887,10.84843894876784,10.21355085304493,10.832134324313545,366444394
2008-09-18,10.846955299377441,10.849426012003505,10.140919843320475,10.440823871247064,344863807
2008-09-19,11.095724105834961,11.41489727689907,10.950712551217453,11.388464810151747,401740198
2008-09-22,10.626103401184082,11.218748130792381,10.597940869905498,11.218748130792381,176952786
2008-09-23,10.60461139678955,10.889199294218182,10.516912444039791,10.702931955126676,208948265
2008-09-24,10.748883247375488,10.993203866763675,10.625364612958052,10.631045739899829,170316002
2008-09-25,10.85980224609375,11.11672137396981,10.770374173638443,10.84102691015665,201564693
2008-09-26,10.648337364196777,10.799524749575783,10.401052301599616,10.573237908672693,212493504
2008-09-29,9.412158012390137,10.462317873803578,9.40499370176655,10.363502601344676,432129680
2008-09-30,9.894375801086426,10.501101306173972,9.691803844029316,9.782220389254377,123914728
2008-10-01,10.171059608459473,10.301001892812057,9.95811290988995,10.156978814963862,250326782
2008-10-02,9.646596908569336,10.128075672848125,9.535677789065554,10.123382074999054,240293315
2008-10-03,9.558158874511719,10.190329413223559,9.463295599249781,9.816066512313038,320914374
2008-10-06,9.170308113098145,9.2883924985,8.823219268234839,9.238737975183314,450506303
2008-10-07,8.547772407531738,9.263442149222142,8.531962490650695,9.222681054437055,443833384
2008-10-08,8.35261058807373,8.8684268000702,8.056165696073984,8.156216331902014,474829130
2008-10-09,8.127065658569336,8.611014232546507,7.946480364016258,8.51096359258952,324210683
2008-10-10,8.20167064666748,8.44599123863356,7.665597828137475,7.736251042855772,425500926
2008-10-13,9.412652969360352,9.435628142688465,8.541349151477737,8.78937583838804,357555200
2008-10-14,8.960325241088867,9.745660082063521,8.81926663884622,9.721697382512051,312559174
2008-10-15,8.378795623779297,8.86867304492963,8.370396903542039,8.761211235041785,269863738
2008-10-16,8.720945358276367,8.806915198761885,7.644352497743437,8.220446249528075,652022815
2008-10-17,9.203164100646973,9.535678381333138,8.981076128008176,9.361763638461403,572104380
2008-10-20,9.370655059814453,9.411663027784632,8.883248312237441,9.381277611432683,271148536
2008-10-21,8.961313247680664,9.480834535631647,8.942784793320225,9.199457992174597,232146894
2008-10-22,8.786410331726074,9.132757552864051,8.49811635063502,8.819019580049892,263383540
2008-10-23,8.703654289245605,8.843971320430963,8.349647986732341,8.736510425298507,260127380
2008-10-24,8.381760597229004,8.657948825366251,8.022321078482008,8.065058166163677,295463334
2008-10-27,8.139664649963379,8.473414313741747,8.043566956729329,8.27108919198831,248957670
2008-10-28,9.109536170959473,9.123370081800548,8.115454512676367,8.375832835370476,325431241
2008-10-29,8.843969345092773,9.165119439822895,8.704886755726358,9.036412519835139,391726805
2008-10-30,8.885720252990723,9.189824178359636,8.853111001424073,9.102373040521273,320753774
2008-10-31,8.877567291259766,9.18883454279225,8.751824845046782,8.798514885481232,298044974
2008-11-03,8.5596284866333,8.967242184992497,8.434626687615454,8.833594782924909,239072757
2008-11-04,9.064823150634766,9.198717450341533,8.535172068809077,8.731321339057919,295097969
2008-11-05,8.454635620117188,9.112745597779456,8.431661400954017,8.94648898311396,278901487
2008-11-06,8.182402610778809,8.508492265686252,8.048754254404159,8.398560672866122,344277618
2008-11-07,8.180424690246582,8.427710679526584,8.036894444933859,8.229337612422443,187953866
2008-11-10,7.875086784362793,8.138429612424002,7.645093853532762,8.102855884226194,324415448
2008-11-11,7.694253921508789,7.813820540632979,7.423994617875605,7.6258250081778645,407385278
2008-11-12,7.188812255859375,7.719697647460405,7.108772801115255,7.461790530609846,403550960
2008-11-13,7.709570407867432,7.7322991714568605,6.91707167142586,7.207835919418865,531372276
2008-11-14,7.658681392669678,8.028497106071182,7.4743905048140125,7.4914362496555436,382110897
2008-11-17,7.4141130447387695,7.662140198881234,7.360506515329909,7.485260029365253,302883041
2008-11-18,7.347412586212158,7.50329405481665,7.049237624988585,7.449933935965211,335095329
2008-11-19,6.921517848968506,7.415841578421097,6.881992117381011,7.297263910704376,314558640
2008-11-20,6.412125110626221,6.9897011061303465,6.399279673000153,6.790835191871941,392642224
2008-11-21,6.483025550842285,6.654470034210505,6.10925598467313,6.485001080590198,411315956
2008-11-24,6.359752655029297,6.66879750362779,6.1514995557703305,6.651752706060104,403695499
2008-11-25,6.967714786529541,7.081599805343097,6.603827096668796,6.6374243477805654,432462924
2008-11-26,7.215741157531738,7.298992926094303,6.823196712829954,6.923988462014086,255217044
2008-11-28,7.2372331619262695,7.32345035937033,7.121619492241415,7.178438798581891,103004645
2008-12-01,6.57097053527832,7.099385258761686,6.57072365317556,7.082093106575632,229304279
2008-12-02,6.79626989364624,6.862229508479265,6.486731286586997,6.663363135562106,234463545
2008-12-03,6.902989864349365,6.950668381077264,6.554913517478046,6.666327820266537,237077306
2008-12-04,6.777247905731201,7.003286909563345,6.639647554849448,6.831348664439286,196196647
2008-12-05,7.0156402587890625,7.021815622504816,6.522304512467517,6.695231722861824,261825722
2008-12-08,7.463273048400879,7.644352087643436,6.966479562876942,7.163863226164465,326993073
2008-12-09,7.558630466461182,7.855817419030664,7.3372836199964935,7.354082955023011,276629001
2008-12-10,7.6290364265441895,7.7792353479728575,7.522562599218985,7.639412097055507,210265182
2008-12-11,7.41658353805542,7.729334002584181,7.35680070053394,7.514163461296417,248094446
2008-12-12,7.800480365753174,7.818020346104004,7.2629248513560745,7.305168649688486,229741913
2008-12-15,7.67473840713501,7.867922247684968,7.53738492446794,7.757248587447558,270526212
2008-12-16,8.035661697387695,8.13991217300957,7.689560844926284,7.7698490916285206,283442445
2008-12-17,7.787633895874023,7.957843497821372,7.71796963127791,7.871627254433776,232456049
2008-12-18,7.665103435516357,7.913871226484932,7.636200727894533,7.82370249731832,191254191
2008-12-19,7.662385940551758,7.850628335565951,7.633482290211563,7.682642569158937,225345496
2008-12-22,7.339754104614258,7.645834006457294,7.179673283964204,7.622612899321428,157291365
2008-12-23,7.362234115600586,7.492917038793121,7.3288837496051835,7.421770537244679,151674390
2008-12-24,7.484025001525879,7.567770540530805,7.37112798040016,7.447710154085529,77148090
2008-12-26,7.420042037963867,7.541090421115733,7.369399043011376,7.511692530977172,78657728
2008-12-29,7.347412586212158,7.4452393919474185,7.203142144772366,7.416583566086647,148631025
2008-12-30,7.487976551055908,7.579380154199701,7.379280323214187,7.430910369303113,154316255
2008-12-31,7.600131988525391,7.682889516042893,7.475624428194952,7.514903748219276,115904817
2009-01-02,7.9378342628479,7.95018593602007,7.547019869921481,7.623601094906583,144961322
2009-01-05,8.104089736938477,8.182896209319464,7.781705685065997,7.929928596443914,196293007
2009-01-06,8.25256061553955,8.419064156821875,8.063081903036057,8.225880320777959,257971329
2009-01-07,7.954879283905029,8.174742464728224,7.874345109836915,8.110760269999087,180453860
2009-01-08,8.033437728881836,8.033437728881836,7.839512759108185,7.862735287126584,144567852
2009-01-09,7.7834343910217285,8.090503714103937,7.742179065737885,8.090503714103937,174270770
2009-01-12,7.724639415740967,7.879285999321701,7.663868577104183,7.81406749883406,132667413
2009-01-13,7.764906406402588,7.920046738088112,7.6678202580504005,7.701911270440422,177964564
2009-01-14,7.435111999511719,7.752061845316361,7.355565344192187,7.658187512676106,219535801
2009-01-15,7.386196613311768,7.499587861883329,7.084809843648712,7.351117598389816,238269759
2009-01-16,7.402996063232422,7.614954759394858,7.304921908680749,7.535160758907644,209759293
2009-01-20,6.985007286071777,7.398795870451817,6.985007286071777,7.389901966529702,202684876
2009-01-21,7.487236022949219,7.497610746614162,7.12334836044274,7.12334836044274,197718329
2009-01-22,7.571722507476807,7.642128839591391,7.291334427295847,7.362728287852008,331919470
2009-01-23,8.021332740783691,8.200682674174143,7.515398427139517,7.640153357705708,430921167
2009-01-26,8.000828742980957,8.102855377128295,7.919059211804872,8.025038324519853,185119281
2009-01-27,8.188824653625488,8.247867317572382,8.01071007919783,8.06456443490927,197830749
2009-01-28,8.613484382629395,8.703900947945678,8.308145086657174,8.349399944323011,308809170
2009-01-29,8.481318473815918,8.524055566621604,8.402019179017842,8.511457011054464,292444059
2009-01-30,8.362985610961914,8.616693361839538,8.300484717505748,8.515160506709892,187580472
2009-02-02,8.413382530212402,8.522819406015756,8.201670251328867,8.258242196799035,209056670
2009-02-03,8.410417556762695,8.47341221675394,8.246877566144402,8.462788719804204,263243015
2009-02-04,8.473413467407227,8.756025391780843,8.378797076504034,8.401030656119334,273718132
2009-02-05,8.738237380981445,8.7792462977416,8.32519035752554,8.421781803181384,291665150
2009-02-06,9.172039985656738,9.234540905268693,8.780729839133683,8.805928847812645,282579221
2009-02-09,9.357068061828613,9.412157768709413,9.073714570686931,9.172037022296214,199838246
2009-02-10,8.856569290161133,9.325694482817141,8.84125314037348,9.28814475467235,285213056
2009-02-11,8.844958305358887,9.016897032886598,8.720450265974069,8.867438765929736,210048373
2009-02-12,8.968725204467773,8.98280599858211,8.682900975209732,8.724403657096111,222844155
2009-02-13,8.836064338684082,8.967241970706377,8.77553944333166,8.947478160443296,166489714
2009-02-17,8.46501350402832,8.574451331609321,8.39164316681573,8.560122709943949,228067661
2009-02-18,8.723167419433594,8.72983796558864,8.41214611064139,8.578156821417824,241883252
2009-02-19,8.464518547058105,8.888435933490225,8.434133129819227,8.830876458210735,200295955
2009-02-20,8.55864143371582,8.61965915219648,8.275782636559768,8.351128976733344,249616129
2009-02-23,8.153745651245117,8.64139933085506,8.141146149727476,8.57222787834151,209626799
2009-02-24,8.533937454223633,8.636952567189223,8.174249119228715,8.17746142455286,244749957
2009-02-25,8.439813613891602,8.703157315409735,8.372620073660203,8.452412166207921,258529413
2009-02-26,8.329635620117188,8.707851432138465,8.329141855914461,8.546535261837246,225064447
2009-02-27,8.349647521972656,8.493670615130009,8.179684778064583,8.225140414458336,217612620
2009-03-02,8.082103729248047,8.416593980035707,8.053447433053813,8.234526469384784,232407869
2009-03-03,8.04060173034668,8.243420597505505,7.963279384277893,8.153992514196208,261970262
2009-03-04,7.878544330596924,8.127559460094622,7.791092256495954,7.983288557106574,313908211
2009-03-05,7.550478458404541,7.8824980320549205,7.476366997102682,7.818268004335788,262175027
2009-03-06,7.622859477996826,7.662879918043401,7.269101073587882,7.589509584245566,290452622
2009-03-09,7.186096668243408,7.573452820224923,7.1505229413871625,7.410654400160713,259822241
2009-03-10,7.612977504730225,7.67053792440491,7.269101008822862,7.3679167516406086,270217058
2009-03-11,7.853593349456787,7.905224817656073,7.552207045244473,7.660656397811461,237832124
2009-03-12,7.992430210113525,8.028744587576131,7.748356465458437,7.8444546318710655,201717262
2009-03-13,8.014415740966797,8.089516153001574,7.881263500262805,8.05591937191144,156841686
2009-03-16,7.897566318511963,8.145592966421157,7.870392261301577,8.053200415179106,198613673
2009-03-17,8.2841796875,8.2841796875,7.882742829834508,7.909669528221934,189206544
2009-03-18,8.22884464263916,8.39930113226761,8.104089720658479,8.271087968926684,201239478
2009-03-19,8.15078067779541,8.300485826880324,8.087539129657976,8.193765596159846,165064391
2009-03-20,8.156216621398926,8.226127776580633,8.061847108783978,8.159673917157075,190226352
2009-03-23,8.611753463745117,8.632751684365092,8.227114946533415,8.240208210636379,171500425
2009-03-24,8.576428413391113,8.741202835556857,8.498116649060488,8.559875960630857,153372732
2009-03-25,8.499844551086426,8.679441333623918,8.306660740869724,8.656220229300823,174102141
2009-03-26,8.727614402770996,8.872625951145915,8.609283148018312,8.723662397284444,241032074
2009-03-27,8.589519500732422,8.695746901340002,8.534429797865283,8.646338324081036,133410187
2009-03-30,8.465754508972168,8.493422330112686,8.301720747082868,8.462295321898292,124227898
2009-03-31,8.598414421081543,8.733050310785062,8.551971258482371,8.619906408645766,146760038
2009-04-01,8.74737548828125,8.77578489676253,8.41436848768743,8.492679286074482,132542948
2009-04-02,8.9551362991333,9.134487155811161,8.901282895391663,8.975146991634212,180192885
2009-04-03,9.134981155395508,9.182906552340748,8.843969586564462,9.00454511126801,152160204
2009-04-06,9.096938133239746,9.135969155151436,8.927962932884455,9.066303940969869,131703815
2009-04-07,8.860027313232422,8.98601664157744,8.777516666189705,8.957607227583459,147755757
2009-04-08,8.942785263061523,9.016897192579323,8.799750657954892,8.979841227820422,111022586
2009-04-09,9.202176094055176,9.24787766245124,9.047776398148702,9.12806416434739,135811153
2009-04-13,9.340763092041016,9.36522049946403,9.147826157013476,9.17327109279933,122461301
2009-04-14,9.113489151000977,9.313096661817678,9.03172008771587,9.311861305271314,137658049
2009-04-15,9.375102043151855,9.41364024532405,8.996144631639357,9.068774320348494,197967259
2009-04-16,9.60336685180664,9.706134140621655,9.412652769382547,9.424511624909533,408931050
2009-04-17,9.68982982635498,9.877083763032166,9.506280067328193,9.536171721549385,430840867
2009-04-20,9.370162010192871,9.650550098875497,9.285921291211496,9.539382202692266,177820024
2009-04-21,9.423768043518066,9.493680136919632,9.291109113209547,9.292838233852736,148370051
2009-04-22,9.482810020446777,9.634491158730494,9.362996535487113,9.430684793255468,140597024
2009-04-23,9.503315925598145,9.628316791175891,9.414876316301651,9.572981142504329,104751167
2009-04-24,9.621892929077148,9.713050122733176,9.399805930769398,9.536911571442499,135923572
2009-04-27,9.534440994262695,9.621893065912943,9.455389535338112,9.494668382701382,91967429
2009-04-28,9.479104995727539,9.611024230668702,9.425498470107227,9.480094416002082,118185333
2009-04-29,9.670806884765625,9.757269535740432,9.531476466271556,9.534935653364611,144941247
2009-04-30,9.781973838806152,9.974169187346748,9.753070661077341,9.776785531113964,174881049
2009-05-01,9.7256498336792,9.821994391155375,9.672783011390989,9.758751899271898,97471985
2009-05-04,9.930444717407227,9.940819441128177,9.752823923199271,9.836322098529282,128600225
2009-05-05,9.955395698547363,10.005050219724756,9.813595500140272,9.88103688488721,96391952
2009-05-06,9.967252731323242,10.086078693460681,9.9062340707047,10.049269613047244,105710750
2009-05-07,9.797783851623535,10.004801567245137,9.696250996334637,9.982815819702493,120441759
2009-05-08,10.06260871887207,10.131780163546022,9.758011074662306,9.951935542483845,155183494
2009-05-11,10.078668594360352,10.17797669284958,9.911175625634831,9.950702305238682,102755715
2009-05-12,9.857074737548828,10.153026824249833,9.760730167051749,10.12881724055845,152200354
2009-05-13,9.623127937316895,9.792349054269161,9.593730050846618,9.735530229837984,114138220
2009-05-14,9.572733879089355,9.689089147617857,9.503316486122166,9.604849367200629,117920344
2009-05-15,9.634491920471191,9.7360247881055,9.612011460133411,9.6616659785619,120799094
2009-05-18,9.803465843200684,9.815076867977545,9.52085397308601,9.751340618650476,134570520
2009-05-19,9.853863716125488,9.922045753397532,9.708605263084028,9.785187914568043,113925426
2009-05-20,9.811866760253906,10.021602115789946,9.758012403214057,9.93316250465855,91702440
2009-05-21,9.795066833496094,9.95168845380696,9.729354577260386,9.790126353946372,109199779
2009-05-22,9.720955848693848,9.848181486073758,9.683899883724383,9.799019784290529,69001669
2009-05-26,9.989239692687988,10.00505055391409,9.63449277565485,9.682666005719042,124645457
2009-05-27,10.018882751464844,10.17451684035007,10.000354298178083,10.020859699972569,121826932
2009-05-28,10.138452529907227,10.168591069241375,9.995416963231772,10.095961370362021,107152133
2009-05-29,10.307177543640137,10.307177543640137,10.145862315942558,10.18069444884238,106325044
2009-06-01,10.537663459777832,10.61276291014295,10.339292282694922,10.344232762192831,133394127
2009-06-02,10.58311939239502,10.621658542304706,10.459600768987151,10.530006630265845,105337356
2009-06-03,10.663407325744629,10.683417074410185,10.474423318198067,10.523830957512047,141841672
2009-06-04,10.876601219177246,10.900317983963463,10.733813487562614,10.753576354657833,146069460
2009-06-05,10.976405143737793,11.051010843134643,10.856344754732259,10.994933600475107,147783862
2009-06-08,10.839299201965332,10.892411965844435,10.724426178438955,10.857332948062485,124412588
2009-06-09,10.761480331420898,10.882036363666279,10.66612424625319,10.834604730234247,130684007
2009-06-10,10.68687629699707,10.81755923382855,10.540382499333356,10.776550316058842,134859599
2009-06-11,10.597940444946289,10.71479039874353,10.582377414396909,10.666370294762967,115037579
2009-06-12,10.495174407958984,10.565827150764447,10.405498499521391,10.54507581032202,117173555
2009-06-15,10.295812606811523,10.412661615012029,10.22738370272072,10.412661615012029,150036273
2009-06-16,10.276790618896484,10.402533048930037,10.262461999741358,10.35856060909215,122445241
2009-06-17,10.256041526794434,10.368691664493753,10.167107207558129,10.281486466035622,140127270
2009-06-18,10.228867530822754,10.343245844107901,10.20268099913637,10.268887974729678,123870563
2009-06-19,10.377830505371094,10.386970818954573,10.241712384157212,10.331387345210148,171002566
2009-06-22,10.063102722167969,10.31360006288795,9.928219975276447,10.300258971537856,165594371
2009-06-23,10.021849632263184,10.103619647427077,9.944526333445742,10.045813280831794,116418737
2009-06-24,10.111028671264648,10.183658356001946,10.043587294105645,10.097441642995806,98680498
2009-06-25,10.271109580993652,10.274320940046051,10.042352036995666,10.054456826920129,122236461
2009-06-26,10.507031440734863,10.578919534033762,10.205397329030333,10.219478121630859,130756276
2009-06-29,10.477882385253906,10.568298003417873,10.430944509366931,10.523831786667827,87097243
2009-06-30,10.414886474609375,10.55372124502397,10.331635177964674,10.474422899893588,104144903
2009-07-01,10.350656509399414,10.533711556105915,10.329905169172944,10.479363438499384,92778458
2009-07-02,10.091266632080078,10.262216887696331,10.049763951694198,10.262216887696331,101081463
2009-07-06,10.11893367767334,10.14437861377988,9.922538499083878,10.042105105166076,90843231
2009-07-07,9.79827880859375,10.108559483630554,9.782221066661986,10.085089603045557,130860666
2009-07-08,9.94304370880127,10.029753247080322,9.833605881634393,9.88153128053528,138163938
2009-07-09,10.138205528259277,10.238503052066562,10.024813792064675,10.032718750016045,131515110
2009-07-10,10.237265586853027,10.310635922956424,10.096453868913517,10.11819368319638,117502785
2009-07-13,10.481834411621094,10.487268655971544,10.256535086621385,10.280992496878172,162434571
2009-07-14,10.49146842956543,10.541863592053804,10.397098930892174,10.467257903749601,116266167
2009-07-15,10.82447624206543,10.837074797090217,10.585343011439505,10.61424713681622,151646285
2009-07-16,10.93391227722168,11.011728371357004,10.723929142595049,10.78766539133611,263162715
2009-07-17,10.628819465637207,10.758021089114731,10.541121463459364,10.696756496176798,275191634
2009-07-20,10.626846313476562,10.693052343574713,10.530007035511105,10.619682002241516,126612804
2009-07-21,10.570768356323242,10.669583639368412,10.516913998686368,10.645867820092203,119173022
2009-07-22,10.565579414367676,10.627586554116943,10.462071485190625,10.573238435473495,103855823
2009-07-23,10.803971290588379,10.89957520205019,10.511478430140672,10.59003612569037,139649486
2009-07-24,11.035694122314453,11.128827327733655,10.746164771884917,10.766174520383661,145619780
2009-07-27,10.988262176513672,11.036434457551225,10.810641374411254,11.01889447665152,100551484
2009-07-28,10.865978240966797,10.939101697674547,10.773338800056289,10.894388602809075,101679697
2009-07-29,10.7767972946167,10.815335496306856,10.669335474396442,10.801253757350462,79777911
2009-07-30,11.009014129638672,11.153037216544746,10.934161549915054,10.934161549915054,128423566
2009-07-31,10.94503116607666,11.183422800847215,10.929714070316574,11.116228301278936,114844859
2009-08-03,11.171318054199219,11.213068565689614,11.058421977181645,11.08559603794779,104000363
2009-08-04,11.208867073059082,11.215537619715203,11.077937257900214,11.101159311276245,95950302
2009-08-05,11.14488410949707,11.28742494152731,11.06434946639024,11.26494542786236,94031136
2009-08-06,11.125616073608398,11.23727678995649,11.080408268037482,11.222949113707191,84752487
2009-08-07,11.292118072509766,11.349430661471583,11.239993791031948,11.25679123210777,102105287
2009-08-10,11.28001594543457,11.324482159405733,11.210350728289725,11.243700625245229,69941178
2009-08-11,11.214055061340332,11.295331299930323,11.175517804736883,11.207385460782886,68756755
2009-08-12,11.328679084777832,11.406989885759126,11.238262549569061,11.250368283796538,94007046
2009-08-13,11.420083999633789,11.480361068653922,11.336832706579367,11.416872640501856,80107140
2009-08-14,11.363760948181152,11.44231865095906,11.286931420273508,11.432437690535002,67255147
2009-08-17,10.990485191345215,11.165882149594331,10.946758683398789,11.153777359705513,105200846
2009-08-18,11.000120162963867,11.059903470986368,10.926997653496263,10.995673447179339,94396500
2009-08-19,10.96776008605957,10.99320408149611,10.834111714029975,10.86943856252131,90538092
2009-08-20,11.37388801574707,11.417613576483646,11.14710648183555,11.16612869934112,160555554
2009-08-21,11.493208885192871,11.51420710740139,11.429225744212255,11.500620078084612,142953825
2009-08-24,11.579423904418945,11.613020679400003,11.47295150764427,11.545332419338356,98503838
2009-08-25,11.64464282989502,11.718260046616582,11.579177452171574,11.589306239824374,93990986
2009-08-26,11.561391830444336,11.684911406462822,11.529277289306489,11.678982451679397,79810030
2009-08-27,11.513465881347656,11.575719903618289,11.381794471706938,11.575719903618289,80255695
2009-08-28,11.48110294342041,11.6693453321815,11.447258341623128,11.592516761829938,71129616
2009-08-31,11.405014991760254,11.40970858951432,11.31435250406698,11.358572778433135,78609548
2009-09-01,11.259016036987305,11.532239805413692,11.225913024330648,11.355855307954002,104185053
2009-09-02,11.191081047058105,11.322504625171037,11.18070537695597,11.26049843257962,72462593
2009-09-03,11.302496910095215,11.320530656974695,11.240242883495362,11.26049951551341,66094814
2009-09-04,11.395875930786133,11.427990469608073,11.259509980601269,11.303730256156832,60192775
2009-09-08,11.329668045043945,11.536439838579271,11.260992257170217,11.469739107453616,106666319
2009-09-09,11.461833000183105,11.518651820505113,11.334113622538794,11.340537285867136,88145156
2009-09-10,11.63401985168457,11.63401985168457,11.41316726370495,11.528040273142171,101764012
2009-09-11,11.663665771484375,11.692322069668446,11.552250992216871,11.620680851254015,76401301
2009-09-14,11.737281799316406,11.778784476698126,11.612033120886494,11.623397264520007,79324216
2009-09-15,11.797065734863281,11.830910339574324,11.67774600395034,11.736293954011677,96283547
2009-09-16,12.06263256072998,12.089312857270166,11.820287952686124,11.852897204013017,103799614
2009-09-17,12.147367477416992,12.28694385605497,12.034471396261107,12.118958059045823,179996150
2009-09-18,12.140941619873047,12.27730756015715,12.135260493951552,12.272119252518221,131832295
2009-09-21,12.277802467346191,12.324740338928045,12.011495171919393,12.049044901639775,84973311
2009-09-22,12.328692436218262,12.401074301076477,12.29781230710127,12.374641833759036,122103967
2009-09-23,12.313871383666992,12.524842110359321,12.295343871735131,12.371183986309125,108573440
2009-09-24,12.272120475769043,12.386745668541,12.178986324256197,12.363524560624192,101482963
2009-09-25,12.16614055633545,12.350184077556495,12.154283593533211,12.210854596114036,82291296
2009-09-28,12.31559944152832,12.388969782389939,12.186397795726183,12.224443182619863,73847766
2009-09-29,12.31559944152832,12.345737979038736,12.179234430445712,12.340303734546948,84282733
2009-09-30,12.249391555786133,12.355371131174202,12.03669175874501,12.35191289012084,126139035
2009-10-01,12.035704612731934,12.264709057867652,12.03076413269499,12.178986101071185,112949783
2009-10-02,11.970979690551758,12.14785984563603,11.92206676336436,11.950229296358954,104421937
2009-10-05,12.068313598632812,12.164905987766215,11.940347317427879,12.046821612328023,86105539
2009-10-06,12.320786476135254,12.336349507533098,12.146871752206017,12.146871752206017,109701653
2009-10-07,12.785218238830566,12.821038845675872,12.297811481994035,12.327209370508262,195698788
2009-10-08,12.7022123336792,12.926276278383797,12.681461941049333,12.835366913617824,172797268
2009-10-09,12.753351211547852,12.88329349855141,12.710119409918633,12.763233117543399,109934523
2009-10-12,12.945794105529785,12.988284313929638,12.829191022723501,12.930477009701228,133386097
2009-10-13,12.996929168701172,13.03027906165005,12.880080156423668,12.954438962748776,121951397
2009-10-14,13.224452018737793,13.230874736730055,13.09302750653679,13.153799283097737,130824531
2009-10-15,13.09080696105957,13.263486352793986,13.025588457486357,13.185669293075684,244930632
2009-10-16,13.583399772644043,13.704449579443216,13.451976186962254,13.521145748445933,355001664
2009-10-19,13.6387357711792,13.6760386184593,13.555731355120876,13.653558157244703,129198459
2009-10-20,13.629595756530762,13.659981173568836,13.357358575985883,13.62761880787685,162354271
2009-10-21,13.614279747009277,13.818086143132282,13.562401394103803,13.584881856044754,147374332
2009-10-22,13.688142776489258,13.710623236664361,13.537696983743748,13.587104619707986,93810311
2009-10-23,13.678263664245605,13.782020375919938,13.616751229564397,13.716801871438928,96066737
2009-10-26,13.691106796264648,13.87465654083392,13.609090861112039,13.729151232772363,119261352
2009-10-27,13.544861793518066,13.6997543075861,13.442834212740014,13.611067820050279,129142249
2009-10-28,13.347476959228516,13.587103934271044,13.29683396938601,13.534484941780358,103096990
2009-10-29,13.613044738769531,13.632313841770278,13.364771176661172,13.41442664580968,101282213
2009-10-30,13.24421501159668,13.591302857270646,13.19777090902132,13.587103969870808,139260032
2009-11-02,13.191595077514648,13.32672470456339,13.04954802281023,13.267928934260949,128564090
2009-11-03,13.27311897277832,13.278307280673909,13.05103196350185,13.093275289355828,95564863
2009-11-04,13.34821891784668,13.475937374425811,13.251627472055786,13.359829944601644,93657741
2009-11-05,13.553752899169922,13.581422611293258,13.405776882994946,13.426282284998559,74185025
2009-11-06,13.614279747009277,13.63107813645678,13.475937787897522,13.53078061811188,73341877
2009-11-09,13.896149635314941,13.897879701946655,13.691602599389045,13.721741135758474,106393299
2009-11-10,14.001141548156738,14.051043899406814,13.883551873175659,13.901585619604173,89566463
2009-11-11,14.095014572143555,14.167643308083681,13.978905266474067,14.093037623664552,93135792
2009-11-12,14.028067588806152,14.152821556582339,13.970013406330903,14.070310912284533,75734813
2009-11-13,14.131824493408203,14.143188637921938,13.997435491606627,14.06364151814277,66921903
2009-11-16,14.236321449279785,14.25386048388709,14.149857849054106,14.204699729566583,88297726
2009-11-17,14.266213417053223,14.26646029916591,14.17308021424418,14.201488683555914,76955370
2009-11-18,14.245462417602539,14.298081415660413,14.132319464149308,14.245462417602539,62216331
2009-11-19,14.155047416687012,14.179998592182923,14.081182364624683,14.174315573668272,87045048
2009-11-20,14.080194473266602,14.12070868094443,14.066359615301671,14.068830328347234,80548789
2009-11-23,14.386273384094238,14.491264492570409,14.225945685348556,14.241508717086548,102281946
2009-11-24,14.404553413391113,14.434198183003934,14.24274348281428,14.39047262077923,64448667
2009-11-25,14.470019340515137,14.502627642424496,14.394672057224103,14.486570846528828,58667077
2009-11-27,14.322291374206543,14.38899211386212,14.105144829523951,14.13058976885225,55591593
2009-11-30,14.40233039855957,14.418882850788044,14.256825083027401,14.343783394120376,69262644
2009-12-01,14.572046279907227,14.60539617474507,14.402330436764004,14.52906136141966,93159882
2009-12-02,14.51374626159668,14.649617509603974,14.48187860302172,14.599962041011143,66777363
2009-12-03,14.470019340515137,14.61107793774291,14.451738713859486,14.551541514151204,57362205
2009-12-04,14.451985359191895,14.694576819287327,14.30796228724936,14.649862781799916,100920864
2009-12-07,14.48261833190918,14.54289540363315,14.35292387485775,14.432222220125398,65693315
2009-12-08,14.50238037109375,14.591561563035404,14.377627347031543,14.414682363557908,61188493
2009-12-09,14.551047325134277,14.558705399701358,14.416658332292949,14.513497598591615,71507025
2009-12-10,14.612314224243164,14.691613518075064,14.58538704675536,14.586128639025372,66982128
2009-12-11,14.58785629272461,14.692600521670858,14.519180499795747,14.690872346889085,69057879
2009-12-14,14.716811180114746,14.755843147728374,14.639734773343012,14.707423038427919,76822876
2009-12-15,14.652828216552734,14.732868155571813,14.599714508717899,14.656781168148285,91557900
2009-12-16,14.766960144042969,14.831437998707333,14.739292319661942,14.787711485283001,112797213
2009-12-17,14.672589302062988,14.763994320542142,14.668143532681707,14.734349551944403,105947635
2009-12-18,14.733857154846191,14.795864296548672,14.698778137104267,14.724223076493718,141789477
2009-12-21,14.789688110351562,14.8183434626063,14.715329296853934,14.763253751266896,103233500
2009-12-22,14.84996509552002,14.859352291469147,14.793887856035118,14.855399339849699,75513988
2009-12-23,15.11083698272705,15.140234872559429,14.892701972708883,14.90876066107351,83218760
2009-12-24,15.278820991516113,15.304513754831175,15.125410733334578,15.141715356015593,34476745
2009-12-28,15.387272834777832,15.464348294792511,15.278822536659169,15.357381181157765,68170566
2009-12-29,15.301551818847656,15.435940836114979,15.274131820589389,15.433471068781865,57205620
2009-12-30,15.383814811706543,15.383814811706543,15.267213611461537,15.279318403092324,58843737
2009-12-31,15.315878868103027,15.449774107324332,15.315878868103027,15.433716364720759,48974884
2010-01-04,15.483123779296875,15.5513058085073,15.421116640649643,15.48806425929252,78541293
2010-01-05,15.414941787719727,15.510050993887603,15.354416887514274,15.493746369362842,120638494
2010-01-06,15.026350021362305,15.46113684800329,14.979413097344569,15.46113684800329,159744526
2010-01-07,14.676543235778809,15.069334554179608,14.640722628976402,15.054512168888374,257533695
2010-01-08,14.872199058532715,14.90258447804645,14.553272756975291,14.624666148726332,189680313
2010-01-11,14.849717140197754,14.932474668838841,14.675060823836974,14.932474668838841,289597429
2010-01-12,14.587115287780762,14.776840875264353,14.525850689250849,14.764242320610514,194859654
2010-01-13,14.503369331359863,14.53523698716736,14.177526570839124,14.241508764560553,260838034
2010-01-14,14.571553230285645,14.679015058820323,14.397637545017885,14.424564722682083,170239717
2010-01-15,14.32822036743164,14.663204413453677,14.279800255803973,14.65776922305315,218194794
2010-01-19,14.516463279724121,14.585634730480058,14.236568955074109,14.357864693629432,173315202
2010-01-20,14.338348388671875,14.475948748933767,14.2118643448334,14.475948748933767,130515377
2010-01-21,14.401836395263672,14.496699661823609,14.136764470526003,14.413200539373147,253253712
2010-01-22,13.58735179901123,14.096003673054634,13.213087978839628,13.945310048999602,273035583
2010-01-25,13.340065956115723,13.58413965000968,13.229145897800686,13.50286341547141,177458675
2010-01-26,13.399848937988281,13.577221895832396,13.248414680041781,13.28991641069629,174873019
2010-01-27,13.391944885253906,13.529050532145648,13.2242050471445,13.371440427678863,159170382
2010-01-28,13.199007987976074,13.51299284166305,13.107849843929959,13.450985704488433,129648138
2010-01-29,13.091547012329102,13.364523914270862,12.984578947391721,13.302764601118573,166240784
2010-02-01,13.167633056640625,13.236557621881296,13.100438557958089,13.206665968899516,90369462
2010-02-02,13.120697975158691,13.215559356621842,13.033986541471764,13.215559356621842,164462143
2010-02-03,13.360323905944824,13.391945627341572,13.049302567407564,13.06017200206416,120413655
2010-02-04,13.013481140136719,13.2906568888068,12.983342607364452,13.265954491488749,135614418
2010-02-05,13.124897003173828,13.179492005590484,12.906761983815528,13.053503611237316,126713179
2010-02-08,13.178751945495605,13.389475780924215,13.130826541966352,13.15478924373098,108175956
2010-02-09,13.252120018005371,13.37786246018239,13.218276361135732,13.328702654397658,113206742
2010-02-10,13.202960014343262,13.28547066339269,13.035962713471655,13.193572818787121,107380987
2010-02-11,13.25113296508789,13.352171121042424,13.080676480519749,13.175044090153587,96761331
2010-02-12,13.170104026794434,13.269660893279402,13.105380239723326,13.166398903316793,91529795
2010-02-16,13.372180938720703,13.442093031908884,13.19925468630293,13.262743115239441,146723904
2010-02-17,13.295846939086914,13.424059152097161,13.281024553899297,13.389473901962196,81492313
2010-02-18,13.419612884521484,13.463833159458803,13.24470967937731,13.279294930666818,93826371
2010-02-19,13.358842849731445,13.439623437679177,13.332656318153635,13.353159831319385,102506786
2010-02-22,13.409236907958984,13.52534433193873,13.364769751928387,13.521639208557069,86105539
2010-02-23,13.218276977539062,13.429741432991356,13.149599294495749,13.414178401256468,115334688
2010-02-24,13.129343032836914,13.301528644708824,13.105628161411888,13.191350171224887,93412827
2010-02-25,13.00483512878418,13.055725951287219,12.845990608398122,13.02188134562638,132864148
2010-02-26,13.013975143432617,13.136259343193787,12.931958264106118,13.029291292187096,82279251
2010-03-01,13.1594820022583,13.174304388580055,13.037197788058092,13.07326622538003,89851528
2010-03-02,13.366253852844238,13.479890571755549,13.216794632731029,13.228406605606171,174925214
2010-03-03,13.471491813659668,13.54066231921289,13.321539775617993,13.398367410543166,124039193
2010-03-04,13.700494766235352,13.738538256359647,13.493229208437917,13.500640400787896,127829347
2010-03-05,13.938145637512207,14.023620763850374,13.831672289229429,13.867492896771234,157074555
2010-03-08,13.895408630371094,13.962109365957229,13.859093312486632,13.9522274601972,95813793
2010-03-09,13.838836669921875,13.94926202431684,13.747679470992265,13.830437948646622,127540267
2010-03-10,14.240520477294922,14.291162521394257,13.888737142083613,13.927028460160217,227043838
2010-03-11,14.356383323669434,14.481632021417576,14.184939289794185,14.186420582592167,169966698
2010-03-12,14.316855430603027,14.532766607392483,14.307468234892655,14.529308366006235,110548817
2010-03-15,13.912701606750488,14.067594116943742,13.735327690207537,13.999164261280166,186853758
2010-03-16,13.962603569030762,14.042149744105805,13.85291885741679,13.879352270372046,137774484
2010-03-17,13.971495628356934,14.117001890319889,13.93913420783728,14.039184838353027,133362007
2010-03-18,13.992247581481934,14.042643691660889,13.907266220796705,13.950744902511028,71354455
2010-03-19,13.83414363861084,14.031774194454673,13.766949136114917,13.83414363861084,192486794
2010-03-22,13.772382736206055,14.003363161554336,13.692836569631542,13.738044369608897,160792439
2010-03-23,13.562399864196777,13.792392765906744,13.389473617199688,13.761018875578271,220876809
2010-03-24,13.768183708190918,13.83043772701642,13.332655296243583,13.47618460694534,263592319
2010-03-25,13.905290603637695,14.130588975338801,13.801040139110894,13.809933570565553,157825359
2010-03-26,13.900596618652344,14.01670499645256,13.834638418241672,13.964332879972742,108252241
2010-03-29,13.894668579101562,13.950745819090738,13.848224471358012,13.908254663002184,124645457
2010-03-30,13.999905586242676,14.022632928357881,13.84105918172249,13.904053846176911,79412546
2010-03-31,14.010034561157227,14.074758347107462,13.903560267873832,13.958896858328705,121686407
2010-04-01,14.051534652709961,14.166407653732131,13.971246898442402,14.114529310646041,84423257
2010-04-05,14.106133460998535,14.201736436706573,14.05647799241445,14.10341586577533,76345092
2010-04-06,14.037208557128906,14.103167699228036,13.967543345724238,14.067840856360787,82712870
2010-04-07,13.921594619750977,14.050302496854322,13.880092884531019,14.01448094214709,103626969
2010-04-08,14.019174575805664,14.077476591954552,13.835378879299956,13.916160410890766,78191988
2010-04-09,13.987800598144531,14.050795261708254,13.932957773411268,14.019173542968142,82572346
2010-04-12,14.1486234664917,14.179998306257263,13.987801991401668,14.015716697793826,94448695
2010-04-13,14.495464324951172,14.547588610118291,14.10909572151742,14.14368191810304,157078570
2010-04-14,14.550554275512695,14.63306397921113,14.427281592367521,14.576739859585285,136618166
2010-04-15,14.70618724822998,14.76893502742529,14.533013177261886,14.62886396659828,271485795
2010-04-16,13.59080982208252,14.051783172357771,13.577964385284066,13.908253861349888,491254466
2010-04-19,13.589576721191406,13.685674407968293,13.463587378494955,13.556226823632592,156343827
2010-04-20,13.711613655090332,13.825744139008899,13.613291194305502,13.69012072177028,119542401
2010-04-21,13.69333267211914,13.840320240622527,13.640465842830471,13.746693265674919,96018557
2010-04-22,13.514476776123047,13.648864835993718,13.42282486277534,13.636513162658241,131719875
2010-04-23,13.463338851928711,13.570306914150848,13.396145296037021,13.51917015497155,83889263
2010-04-26,13.133543014526367,13.463338738266946,13.073512824178463,13.462844974036424,175407013
2010-04-27,13.069806098937988,13.298811478201442,13.024598296858946,13.067088503989499,154364435
2010-04-28,13.073019027709961,13.212347563954387,12.87143552450834,13.144906180772528,136754676
2010-04-29,13.142435073852539,13.253602965250018,13.010764616651697,13.176280624348971,122814620
2010-04-30,12.986802101135254,13.282753213768594,12.980379382622173,13.120944219028573,97781139
2010-05-03,13.107848167419434,13.16516169949291,12.97148412967824,13.006563140371988,74590540
2010-05-04,12.509275436401367,13.012493032777165,12.455915797328078,13.007057843078078,243963019
2010-05-05,12.593023300170898,12.740257737873165,12.36352414834289,12.37612270331582,183975008
2010-05-06,12.319056510925293,12.7847234511818,11.363759931959484,12.568071636697647,200753664
2010-05-07,12.18244743347168,12.483340030827309,11.890695151452618,12.35117483577696,204322993
2010-05-10,12.886751174926758,12.915655299389796,12.663181929472785,12.69702558785427,165738910
2010-05-11,12.575483322143555,12.843025966970622,12.554979810043967,12.739022384258787,133402157
2010-05-12,12.485068321228027,12.649348037660141,12.401321364435221,12.649348037660141,154649500
2010-05-13,12.620692253112793,12.895399233263744,12.608093697011784,12.759527981900655,133530637
2010-05-14,12.537933349609375,12.623408475454854,12.259274393805306,12.593269940217105,165257111
2010-05-17,12.548802375793457,12.55843645310872,12.31115139702425,12.519404487832622,112170874
2010-05-18,12.3116455078125,12.622914656296004,12.279530969949123,12.598951011565928,113443627
2010-05-19,12.214313507080078,12.338079007585304,12.04904438111787,12.259521310062631,138344613
2010-05-20,11.734564781188965,11.995683756414273,11.704673128066554,11.983085201686972,197268650
2010-05-21,11.661441802978516,11.981356569051137,11.472456853012131,11.587576754538514,389084940
2010-05-24,11.787677764892578,12.099687566892774,11.778785279327526,11.875870487384152,174475535
2010-05-25,11.785452842712402,11.794840036786715,11.46282149022744,11.565094042676936,121148398
2010-05-26,11.745928764343262,12.098946524876279,11.734317738203359,11.90897405678392,139545096
2010-05-27,12.116239547729492,12.161942063353584,11.883776855666527,11.980121421159867,112785168
2010-05-28,11.996920585632324,12.190104439253583,11.931949909438066,12.172565402506736,116226017
2010-06-01,11.916385650634766,12.131060524948126,11.8608012309174,11.868460251839604,107071833
2010-06-02,12.188127517700195,12.200479190905897,11.893905516198142,12.022858384410247,102012942
2010-06-03,12.490253448486328,12.549542038048791,12.220981718070297,12.231109558789601,146575349
2010-06-04,12.320292472839355,12.580423927356259,12.270391070754902,12.344996764721445,157399770
2010-06-07,11.994202613830566,12.37439444208797,11.935653717388503,12.328691928549434,145852650
2010-06-08,11.975920677185059,12.0762181867237,11.797065471766981,12.051761724026978,107806577
2010-06-09,11.71010684967041,12.077206337850766,11.660205451293338,12.036197424473084,109569158
2010-06-10,12.031010627746582,12.067818763586613,11.755068320457866,11.866976858349123,103502504
2010-06-11,12.067818641662598,12.073006949504265,11.89785686567378,11.91959667955255,71535130
2010-06-14,11.93664264678955,12.216042262985075,11.93664264678955,12.21554849874597,81921917
2010-06-15,12.30225944519043,12.361795869990157,11.911691947491677,11.933924580091935,171022641
2010-06-16,12.383286476135254,12.450727855625999,12.255814909730134,12.257297148245407,91915234
2010-06-17,12.353888511657715,12.496924054544323,12.270143454924433,12.437141696008618,79388456
2010-06-18,12.352654457092285,12.437635818589175,12.305716587743115,12.413920001807861,115346733
2010-06-21,12.06930160522461,12.37587525741216,11.978639119791739,12.349442792202648,119787316
2010-06-22,12.012235641479492,12.267919414646892,11.999389259343067,12.102404360804634,89120799
2010-06-23,11.908480644226074,12.028046312698704,11.812382019012999,12.028046312698704,81468223
2010-06-24,11.736788749694824,11.925772763503572,11.691334060546838,11.849438889953952,76027907
2010-06-25,11.67700481414795,11.799782790623262,11.624632698619259,11.785207286655528,90144622
2010-06-28,11.662181854248047,11.79731244308384,11.586341752741045,11.674781354754094,70756221
2010-06-29,11.221960067749023,11.476162562728181,11.144389898167159,11.448741622235916,140609069
2010-06-30,10.99196720123291,11.310153783877531,10.986286074967643,11.239253214577962,144668227
2010-07-01,10.857085227966309,11.077196233758487,10.712320560201857,11.00036671127244,141070793
2010-07-02,10.784455299377441,10.926007658881318,10.770868270623684,10.909703981103556,77730264
2010-07-06,10.772597312927246,11.059161216996852,10.712320244282708,10.968498731930424,102787835
2010-07-07,11.121662139892578,11.148589315159912,10.755552065823634,10.827933924770193,125657235
2010-07-08,11.278779029846191,11.297801249300939,11.10832253881569,11.204420218630021,107156148
2010-07-09,11.548791885375977,11.691332719255776,11.432436634700956,11.659218181980718,173909421
2010-07-12,11.75482177734375,11.84400297527794,11.637478991975224,11.66934664885628,133875926
2010-07-13,12.085112571716309,12.178739542331119,11.864754670225564,11.91342071735745,159648166
2010-07-14,12.137978553771973,12.199491930852187,12.017424404487492,12.101912007744826,125187481
2010-07-15,12.204185485839844,12.220983875218906,11.9240442731087,12.147613535077213,195056389
2010-07-16,11.354126930236816,11.624633121342566,11.351903099289043,11.589060339354932,314165171
2010-07-19,11.516430854797363,11.602152870741286,11.302496611087033,11.388712391291225,182694226
2010-07-20,11.897116661071777,11.931701912969322,11.378582872905948,11.389205425180364,162787890
2010-07-21,11.7960786819458,11.998649732680123,11.74494191850928,11.956654229705867,131675710
2010-07-22,11.976662635803223,12.07967774343936,11.91910221369724,11.937629722863576,86230004
2010-07-23,12.10635757446289,12.11944989307008,11.858083096501302,11.876858432967895,90915501
2010-07-26,12.079432487487793,12.12340399445937,11.978392423131,12.082396019117573,80107140
2010-07-27,12.169845581054688,12.290152832627978,12.109074750037543,12.119202591268134,98415508
2010-07-28,11.965296745300293,12.23456846964206,11.923795017315275,12.226910395801223,100214225
2010-07-29,11.981107711791992,12.077206331143804,11.841285421938789,12.00482447344138,107421137
2010-07-30,11.977651596069336,12.039658741296677,11.836592978888929,11.849192481191313,86085465
2010-08-02,12.11500358581543,12.185903208816264,12.029281577185769,12.07992457043285,74626675
2010-08-03,12.100675582885742,12.16564720086429,12.024835476101835,12.117228035941002,72362219
2010-08-04,12.508041381835938,12.524839769690539,12.130813098913743,12.158728748576731,153071607
2010-08-05,12.55201530456543,12.564366978332206,12.439860820327484,12.497420301134811,97178890
2010-08-06,12.357348442077637,12.493713446934896,12.254334278568415,12.485314725500633,133277692
2010-08-09,12.484078407287598,12.487784476725341,12.385510959689151,12.407497656476014,75168699
2010-08-10,12.443565368652344,12.500137318323677,12.316586611585782,12.409968590542316,83270954
2010-08-11,12.147858619689941,12.30250518048754,12.141929665973631,12.295834634602503,89253294
2010-08-12,12.15453052520752,12.222218790434887,11.919844008895579,11.955169907149903,88514535
2010-08-13,12.0147066116333,12.134273230453875,12.00630789000655,12.080171993440468,77678069
2010-08-16,11.995931625366211,12.101665281291474,11.870189166222241,11.948747815875569,52395658
2010-08-17,12.117721557617188,12.220983550103169,12.006801489969604,12.068560801404399,75911472
2010-08-18,11.91094970703125,12.126367122977223,11.896128266896808,12.115744570631202,107858771
2010-08-19,11.560649871826172,11.919843467897374,11.542862063586407,11.882787504707117,157588475
2010-08-20,11.413663864135742,11.650078576473682,11.38895957003358,11.560651434431618,157291365
2010-08-23,11.464303970336914,11.56756595357717,11.307682347859839,11.40081554386094,119895720
2010-08-24,11.151061058044434,11.323493559341994,11.139450030997715,11.306942052110752,110922211
2010-08-25,11.230854034423828,11.309659564217041,11.116722605412527,11.116722605412527,104072633
2010-08-26,11.140932083129883,11.2960724282301,11.127592881445839,11.266427655802223,71346425
2010-08-27,11.334856986999512,11.36351423200995,11.058668720804716,11.179965410117608,92842698
2010-08-30,11.183175086975098,11.357831396440506,11.176504540981998,11.342761183910433,49440624
2010-08-31,11.117217063903809,11.237029616714567,11.067314715674758,11.119439002943729,78163883
2010-09-01,11.37191104888916,11.485796525743515,11.178480352923273,11.239745892636389,129616018
2010-09-02,11.4423189163208,11.47319999256485,11.37141928729527,11.433920194356427,67620512
2010-09-03,11.618210792541504,11.657241814237866,11.547557104380484,11.623645036771094,101996882
2010-09-07,11.472455978393555,11.551262446801774,11.438365438844718,11.474926691193264,68652365
2010-09-08,11.625126838684082,11.67255847568757,11.475174798175711,11.491974133553462,96432101
2010-09-09,11.763469696044922,11.867719219906855,11.625126791408334,11.804230785974768,97588419
2010-09-10,11.762479782104492,11.852649453866963,11.736294197653237,11.833628180243066,79268006
2010-09-13,11.913914680480957,11.965298319551422,11.84622641737865,11.880070075975576,89996068
2010-09-14,11.868460655212402,11.97518089071623,11.859814105548411,11.907491677943534,88992319
2010-09-15,11.873647689819336,11.904527818092111,11.820780864812738,11.856602418990585,96472251
2010-09-16,11.884023666381836,11.918361091038298,11.843261631156334,11.856602724717249,79075287
2010-09-17,12.108579635620117,12.134519282812503,11.886987340470899,11.950475769158706,226509844
2010-09-20,12.556461334228516,12.609080331834411,12.155765037834012,12.166635418226745,176800216
2010-09-21,12.684427261352539,12.84549751279215,12.572024950005007,12.591047170666446,179321632
2010-09-22,12.747174263000488,12.791147656312893,12.640454030818304,12.669604092376305,101864387
2010-09-23,12.684921264648438,12.838332486122203,12.631066911053832,12.712836915810906,93043447
2010-09-24,13.026082038879395,13.039422187150267,12.803006533879312,12.888975432383047,134779299
2010-09-27,13.103157997131348,13.262250350527223,13.064619792350715,13.064619792350715,124761892
2010-09-28,13.023117065429688,13.181715654033743,12.807699644250134,13.1789980588751,146735949
2010-09-29,13.035961151123047,13.16565653633425,12.962342996328298,13.039913156194903,87213678
2010-09-30,12.989026069641113,13.139225942255928,12.819311157748286,13.072278318779578,130250387
2010-10-01,12.984827041625977,13.108346625369409,12.920103245131454,13.093030473190536,89333594
2010-10-04,12.904044151306152,13.049797301637392,12.817581492226097,12.968275122699724,77910939
2010-10-05,13.296341896057129,13.340067463328847,13.0078000691264,13.053008820958368,140809819
2010-10-06,13.200490951538086,13.338832918818268,13.091547822866806,13.321787646240004,110906151
2010-10-07,13.093276977539062,13.270897798985335,13.071784042770867,13.246440386725565,96191202
2010-10-08,13.249896049499512,13.280777120919298,13.034231772827935,13.161457398062494,114796679
2010-10-11,13.311409950256348,13.453703901931801,13.270154153895724,13.302516519157354,105445761
2010-10-12,13.374404907226562,13.488041619466687,13.285470594288482,13.343030069683028,150706777
2010-10-13,13.421587944030762,13.525095855311354,13.397624302293508,13.512991066359287,122682126
2010-10-14,13.363041877746582,13.46976306217459,13.268673312862692,13.443328702286399,266358649
2010-10-15,14.858116149902344,14.86280974762891,14.614783093077738,14.804261798236823,595214680
2010-10-18,15.259800910949707,15.30871383690185,14.835883525883249,14.835883525883249,284992232
2010-10-19,15.015727043151855,15.188407369236845,14.892949065854571,15.040925099664019,184203863
2010-10-20,15.019432067871094,15.25164880465545,15.007574159749051,15.02338407330615,141532518
2010-10-21,15.118494987487793,15.217558090935162,14.970518956463623,15.10663802467257,117257870
2010-10-22,15.131836891174316,15.188407896847052,15.070570395548074,15.116766676440376,90582257
2010-10-25,15.229909896850586,15.433469403840055,15.192113285418033,15.207429435683709,126809538
2010-10-26,15.281786918640137,15.34675663760553,15.094778934671348,15.145914743177851,100892759
2010-10-27,15.229168891906738,15.316372193521415,15.1268944306801,15.211875793304726,90012128
2010-10-28,15.281293869018555,15.341077178682019,15.15085781500059,15.317608242634739,87699492
2010-10-29,15.160738945007324,15.291670656550293,15.143199909214335,15.243991191649991,91473585
2010-11-01,15.192854881286621,15.33267908297693,15.099227907213365,15.210888627770355,123946848
2010-11-02,15.20767593383789,15.316372167465166,15.182477878216224,15.283516036904011,80203500
2010-11-03,15.320818901062012,15.36157998871986,15.15579760173469,15.25461382155165,135726838
2010-11-04,15.421858787536621,15.561434201708874,15.368250371651245,15.430998155047021,143367369
2010-11-05,15.441866874694824,15.451996607890921,15.34379319860576,15.394929953327416,70892731
2010-11-08,15.483616828918457,15.550811326573658,15.393694989242036,15.41568168495691,84367048
2010-11-09,15.435444831848145,15.584408387079984,15.328971484392522,15.563411111206953,89823423
2010-11-10,15.387518882751465,15.390483359741655,15.254859956303093,15.367756018119671,100254375
2010-11-11,15.246953964233398,15.312666221827445,15.173336750014714,15.30896015265725,90803081
2010-11-12,14.903572082519531,15.239791464085759,14.852187496774235,15.167902420464412,136228712
2010-11-15,14.710387229919434,14.92111198797131,14.67530821453461,14.898383699400014,139677591
2010-11-16,14.420117378234863,14.770170672611828,14.413447777594305,14.643440693173442,132791878
2010-11-17,14.415919303894043,14.562907813384205,14.362064001965898,14.451739913865362,98066204
2010-11-18,14.737314224243164,14.821801821289954,14.539683679497035,14.550554059430326,103988318
2010-11-19,14.595763206481934,14.770171714789749,14.583658414903498,14.748185016700418,92244464
2010-11-22,14.60539722442627,14.66024005540365,14.396156580931512,14.512757780189016,87791837
2010-11-23,14.402578353881836,14.550802221387274,14.283753323658269,14.501394580854974,86828238
2010-11-24,14.69803524017334,14.738303508522728,14.502380699988889,14.50880436422888,96215292
2010-11-26,14.57525634765625,14.648874505339837,14.501145371704775,14.586620490977555,52640573
2010-11-29,14.38034439086914,14.57031685994118,14.326983803497892,14.55475288233701,114816754
2010-11-30,13.728163719177246,14.187902673065652,13.668874175488032,14.187902673065652,285763111
2010-12-01,13.941605567932129,14.119967980924866,13.893433281859213,13.908255669252199,150726852
2010-12-02,14.126142501831055,14.163445348976316,13.966308560926208,14.048078566107243,102298006
2010-12-03,14.155292510986328,14.241261397882008,14.031772951570598,14.067593557587571,105642495
2010-12-06,14.287705421447754,14.377628210995855,14.244473620327401,14.34230042112532,84065923
2010-12-07,14.504605293273926,14.649369966807177,14.47644275970424,14.606631929264921,122144116
2010-12-08,14.588597297668457,14.637511168791942,14.419376170321295,14.623924140020158,70539412
2010-12-09,14.612314224243164,14.713105505277804,14.550554911868966,14.671110005262836,75036204
2010-12-10,14.629855155944824,14.673827607596936,14.582423516655487,14.652829383271312,68443585
2010-12-13,14.689390182495117,14.896407928499334,14.676296917333595,14.751149492974891,96299607
2010-12-14,14.696555137634277,14.780054271713912,14.636524941357958,14.750409496785217,65978380
2010-12-15,14.58266830444336,14.734597279267845,14.554258890558911,14.67901380791278,87033003
2010-12-16,14.617501258850098,14.668392081330472,14.527579414492664,14.645664738126145,64115423
2010-12-17,14.595022201538086,14.63850183520895,14.517698904874793,14.599962682038084,123946848
2010-12-20,14.700258255004883,14.769923466578227,14.542154386813507,14.690130413210483,79227857
2010-12-21,14.898137092590332,14.938899126779676,14.763253380866901,14.78697014422126,75461793
2010-12-22,14.95792007446289,14.995222920522801,14.903324129922723,14.921111938527973,48481040
2010-12-23,14.92679214477539,14.970517706589206,14.872444031601535,14.954214029363772,44598542
2010-12-27,14.881091117858887,14.915675422120264,14.809943668886627,14.889983603071983,48505130
2010-12-28,14.795616149902344,14.91790036397723,14.773135688322142,14.872939440816827,42751645
2010-12-29,14.847000122070312,14.881832255492087,14.795615536368839,14.871704413526333,40920808
2010-12-30,14.794134140014648,14.85515185712549,14.757818822369751,14.77288809006617,39728356
2010-12-31,14.673332214355469,14.783264750144376,14.625405870205057,14.74176207037365,61802787
2011-01-03,14.929757118225098,14.960389416950285,14.735337936435352,14.735337936435352,94962614
2011-01-04,14.87466812133789,14.97496563510489,14.825260483747785,14.961132669506176,73253547
2011-01-05,15.04636001586914,15.077486078422593,14.8235314228533,14.824025187049886,101671667
2011-01-06,15.155797004699707,15.27758744456426,15.070568763367907,15.086131794761574,82620526
2011-01-07,15.228426933288574,15.27314192006377,15.072546887370665,15.215334613692292,84363033
2011-01-10,15.17333698272705,15.20248798870938,15.033760626677319,15.187912485718217,63404769
2011-01-11,15.217804908752441,15.286728529963531,15.180502062034806,15.2598013533353,57787794
2011-01-12,15.239048957824707,15.300315449470729,15.187171553658667,15.300315449470729,65552790
2011-01-13,15.234602928161621,15.308220145453665,15.172102027027414,15.241519410781269,53560006
2011-01-14,15.419634819030762,15.42185864979303,15.24423785316295,15.252142810066516,94978674
2011-01-18,15.801308631896973,15.859608752299847,15.446560808371459,15.466076791175626,145222296
2011-01-19,15.60664176940918,15.883571600523817,15.555011248885176,15.862821207017872,136754676
2011-01-20,15.483616828918457,15.664202100486088,15.397647940601201,15.61800582422886,220254485
2011-01-21,15.114542961120605,15.853187758751508,15.10293193452649,15.800074051681351,357511035
2011-01-24,15.096014976501465,15.13084711146139,14.852681904207017,15.009305435237442,184657557
2011-01-25,15.3141508102417,15.333418966422949,14.983365661260889,15.024868342684968,146418764
2011-01-26,15.229909896850586,15.377885929166657,15.199771360550871,15.32452533944412,81829572
2011-01-27,15.23707389831543,15.308961050257887,15.149621822490593,15.264247956856481,81070738
2011-01-28,14.84675407409668,15.325267438994489,14.816368654675333,15.293398835012153,169878368
2011-01-31,14.831191062927246,14.932722991907307,14.712365088431689,14.911231004369286,112616538
2011-02-01,15.095026969909668,15.152092682581827,14.899125540128713,14.933216081737305,110223602
2011-02-02,15.118741989135742,15.17655024052934,15.008315686227407,15.094038643038363,70691981
2011-02-03,15.073038101196289,15.1051526353631,14.973729076039294,15.056486597003456,60028160
2011-02-04,15.093544006347656,15.104908150989184,14.985588415887117,15.073040493841434,62264511
2011-02-07,15.175314903259277,15.276599952971976,15.049819324232192,15.073288261244079,72253814
2011-02-08,15.276351928710938,15.307233002804814,15.180748958800438,15.191123682991378,68050116
2011-02-09,15.229909896850586,15.302785524624701,15.127141668984084,15.239049264678338,73976246
2011-02-10,15.228426933288574,15.254614410206651,15.107872786340593,15.165680092712071,93725996
2011-02-11,15.42754077911377,15.439892452436593,15.14344661723775,15.162962601614876,103984303
2011-02-14,15.517708778381348,15.554516914498482,15.317360635850841,15.398882811039572,85439051
2011-02-15,15.41889476776123,15.565635451848893,15.392956063695971,15.497206536033524,83993653
2011-02-16,15.420623779296875,15.476947903088735,15.368251661369529,15.455456861144809,67612482
2011-02-17,15.446314811706543,15.49547556764104,15.32328995376687,15.347252653491504,59373716
2011-02-18,15.565387725830078,15.59256178497919,15.41963552407188,15.46459644649863,129198459
2011-02-22,15.074522018432617,15.438162332926945,15.014244948444619,15.317113482832251,146141730
2011-02-23,15.101943016052246,15.185442138775468,14.921111805398557,15.077486553016596,116017237
2011-02-24,15.040184020996094,15.145668896077606,14.855645791268545,15.103672451733972,108874565
2011-02-25,15.070322036743164,15.185935695754598,15.05698189002164,15.115282956686968,77585724
2011-02-28,15.153326988220215,15.229662747912359,15.020173344271022,15.069335045346348,91602065
2011-03-01,14.841070175170898,15.29710302203528,14.805002687702371,15.261528352845566,133426247
2011-03-02,14.841813087463379,14.970519071895449,14.70347113325628,14.817355677577915,81371863
2011-03-03,15.058464050292969,15.106142564935537,14.945813923007725,14.979906354805115,78103658
2011-03-04,14.837611198425293,15.044136112877128,14.827236474896276,15.028078371572553,120891439
2011-03-07,14.616267204284668,14.913453685709733,14.501147300952274,14.835884458387705,139027162
2011-03-08,14.632323265075684,14.772394336024792,14.580198033373293,14.64763941489104,91738575
2011-03-09,14.61898422241211,14.686672486772142,14.470267546509026,14.599961057128294,86362499
2011-03-10,14.335630416870117,14.491758282370748,14.314632195137806,14.46260822159663,125592995
2011-03-11,14.24694538116455,14.32822068137636,14.163446249955243,14.284248230682758,121734587
2011-03-14,14.080933570861816,14.285975299743813,14.032267528940077,14.15035189744839,113066217
2011-03-15,14.070310592651367,14.105884315154894,13.722974925882331,13.772382558501102,160824559
2011-03-16,13.762503623962402,14.075995702322858,13.618727410387947,14.032023249787722,152509508
2011-03-17,13.867741584777832,14.056477765966557,13.847484007902603,13.944817048754501,116406692
2011-03-18,13.860329627990723,14.031526763961365,13.827720379451039,13.94876828615242,132438559
2011-03-21,14.241756439208984,14.323279563833813,14.056971320665044,14.086616093255891,121288923
2011-03-22,14.262015342712402,14.309199155219034,14.143190305081932,14.260779986088096,75758903
2011-03-23,14.38158130645752,14.388745617819737,14.13059014800805,14.209394735266793,72920303
2011-03-24,14.498429298400879,14.535485263219504,14.298574916402826,14.462360862038427,84262658
2011-03-25,14.321796417236328,14.498922503374503,14.309443798834264,14.49818185706094,114764559
2011-03-28,14.213595390319824,14.45149328052278,14.197537646905914,14.379357349179221,89068604
2011-03-29,14.370957374572754,14.374909380117959,14.15553996556294,14.22940406537482,64432607
2011-03-30,14.373675346374512,14.464090954786835,14.342547389962142,14.436422185702776,57105245
2011-03-31,14.495217323303223,14.529803521860586,14.371204934733466,14.402330999981487,81480268
2011-04-01,14.61972427368164,14.703470276856537,14.544624819498914,14.544624819498914,104919797
2011-04-04,14.517945289611816,14.692353787599469,14.404801392277504,14.649369814296463,82488031
2011-04-05,14.058700561523438,14.365027337879381,13.974459846707948,14.354899496096166,242806701
2011-04-06,14.184444427490234,14.20865401080118,14.031774788262819,14.135036786438404,107132058
2011-04-07,14.32822036743164,14.344031228473202,14.184691045154446,14.22273548614108,101639547
2011-04-08,14.282764434814453,14.449021086804985,14.280294667863615,14.449021086804985,76357137
2011-04-11,14.263248443603516,14.28128218810401,14.155292858704653,14.23434431925515,74606600
2011-04-12,14.096250534057617,14.25188463781156,14.033008985752822,14.20469988573869,83736694
2011-04-13,14.236321449279785,14.268929751513506,14.124412911564272,14.217300176120563,83086265
2011-04-14,14.291411399841309,14.314633454387778,14.13306063554778,14.209394508453908,219070062
2011-04-15,13.110320091247559,13.482113181259063,13.09451017783502,13.470749037443204,563853569
2011-04-18,13.014965057373047,13.035222635303418,12.821287439985237,13.00458938627115,202347616
2011-04-19,12.883787155151367,13.114767601498421,12.868224122894597,13.091793376284029,107766427
2011-04-20,12.987543106079102,13.014470283245572,12.880329107556824,12.991742939803032,122858785
2011-04-21,12.971981048583984,13.050539701021505,12.905033423812243,13.031023715457321,99174342
2011-04-25,12.970743179321289,13.018915455605319,12.89564372906319,12.975684604720543,65476506
2011-04-26,13.16269302368164,13.276825395428709,12.97469655025144,13.00705891720776,140524754
2011-04-27,13.284729957580566,13.293376506773878,13.200489242335188,13.290657965872272,92280599
2011-04-28,13.289917945861816,13.321539667025212,13.1938202635958,13.292141776745906,80299860
2011-04-29,13.441352844238281,13.441352844238281,13.303257773787786,13.340066856282105,169773978
2011-05-02,13.304492950439453,13.481619985912443,13.26892017080605,13.480878393676088,85667905
2011-05-03,13.189126014709473,13.389721036823996,13.083888023799222,13.269166896233559,83572079
2011-05-04,13.236063003540039,13.31536134165321,13.16763220692702,13.220746854878671,84997401
2011-05-05,13.198513984680176,13.325737724124261,13.130083184404018,13.188385197090922,80211530
2011-05-06,13.223958969116211,13.37613483876308,13.220995437747076,13.29436483150607,82552271
2011-05-09,13.282752990722656,13.302763684075034,13.120202406471522,13.216546966183794,78240168
2011-05-10,13.405776977539062,13.449503484832452,13.279293890831235,13.340065667370451,82022292
2011-05-11,13.227662086486816,13.427763326469625,13.184184354220385,13.34352451077214,93902656
2011-05-12,13.217782974243164,13.264473017853042,13.115508509388407,13.222476572225178,58149143
2011-05-13,13.081910133361816,13.239274290094205,13.069558461664315,13.206911926502029,84664157
2011-05-16,12.806955337524414,13.025585017676201,12.757053944483175,13.001869204457929,118771522
2011-05-17,13.104393005371094,13.123168344372028,12.723213611720038,12.733094572534375,132639308
2011-05-18,13.088335037231445,13.101180474323176,12.986802167423699,13.081664490665107,78420843
2011-05-19,13.123908042907715,13.2545909670203,13.086110488225943,13.16046834937197,99118132
2011-05-20,12.945548057556152,13.142189198085255,12.92331447757416,13.1374955999627,93047462
2011-05-23,12.8062162399292,12.845989797475081,12.682944507791243,12.761995966867165,92344839
2011-05-24,12.80300521850586,12.943816934322927,12.800287623522905,12.855130449668634,76284867
2011-05-25,12.837839126586914,12.914419879818077,12.77805487082519,12.780031819617843,52259149
2011-05-26,12.799793243408203,12.898362582111618,12.722471846812677,12.789170691216972,85057626
2011-05-27,12.868224143981934,12.890210840776994,12.754585536475988,12.808440835995295,70093747
2011-05-31,13.068819046020508,13.069559692356076,12.932453096696362,12.969509061186619,107894906
2011-06-01,12.984331130981445,13.172079769982028,12.97716682036961,13.04460820114631,118679178
2011-06-02,13.045101165771484,13.100437752702241,12.907253935580217,13.032997321967686,88510520
2011-06-03,12.922078132629395,13.033739796424449,12.883047109111851,12.895398782647272,70202152
2011-06-06,12.872176170349121,13.014470129689265,12.827462130344282,12.933441717028341,77975179
2011-06-07,12.822025299072266,12.96036818096287,12.82103777074009,12.917382321262373,76590006
2011-06-08,12.825486183166504,12.876622942007863,12.741740175064182,12.760268630553066,66383894
2011-06-09,12.765209197998047,12.84599072944795,12.738282020848079,12.84599072944795,67817246
2011-06-10,12.586846351623535,12.764220268709133,12.581412107508832,12.699742418390816,97961814
2011-06-13,12.468761444091797,12.60389202939417,12.405519898836046,12.598950603799388,97455925
2011-06-14,12.558686256408691,12.699743926661853,12.524594765477692,12.553251065740023,94011061
2011-06-15,12.424789428710938,12.558189952120584,12.366983071248216,12.47617306776857,83242849
2011-06-16,12.361053466796875,12.514217805115228,12.269650330666106,12.421331484492551,110693357
2011-06-17,11.981851577758789,12.51718381637407,11.976417332892511,12.504585259825083,210602442
2011-06-20,11.970979690551758,12.011741724419222,11.838815466756017,11.981356306510872,121598077
2011-06-21,12.178986549377441,12.202209549540525,11.974686388723164,12.035458173639363,111030616
2011-06-22,12.031010627746582,12.162928913165915,12.024094145099077,12.140695334852243,96644896
2011-06-23,11.86327075958252,11.92848925580752,11.702943059922594,11.910455511093682,192787918
2011-06-24,11.731353759765625,11.876365313900752,11.685404363368779,11.874636193193146,152794573
2011-06-27,11.927006721496582,12.065347710602925,11.699730482706356,11.709612387317533,138304463
2011-06-28,12.195045471191406,12.258287024470052,11.957147581145547,11.957147581145547,109011074
2011-06-29,12.29188346862793,12.35808949237469,12.163669362804717,12.266437585601134,94071286
2011-06-30,12.509523391723633,12.516687702602963,12.388969246892765,12.401074037798866,97500090
2011-07-01,12.87143611907959,12.875142188696023,12.509523948634515,12.518418326532245,146013250
2011-07-05,13.153305053710938,13.226428504747352,12.976919617301105,12.976919617301105,154545110
2011-07-06,13.22544002532959,13.303257073956305,13.168126487783049,13.179490631634184,108228151
2011-07-07,13.503110885620117,13.603904052847627,13.23828678732201,13.364769882275825,158010049
2011-07-08,13.14218807220459,13.282012259032099,13.025586883691261,13.165904834728783,191523195
2011-07-11,13.025835037231445,13.240758700381605,12.98186164099475,13.048068617478897,113997696
2011-07-12,13.192091941833496,13.32573936192831,12.99421449295605,13.047574140595435,114073981
2011-07-13,13.29708194732666,13.438882141390131,13.253108553990552,13.265955882941917,112026334
2011-07-14,13.066840171813965,13.389472478586109,13.012244234525353,13.318325037248913,266976958
2011-07-15,14.763500213623047,14.82847182510557,14.52980218814377,14.76053573664216,551342851
2011-07-18,14.697295188903809,14.872939043076649,14.624665497943957,14.63677028878585,179401931
2011-07-19,14.885293006896973,14.937912012021979,14.711872956875343,14.726942227218451,119144917
2011-07-20,14.707423210144043,14.89220832613577,14.707423210144043,14.876151529461255,89446014
2011-07-21,14.994976043701172,15.021409455647408,14.674319696737836,14.674814406863007,139300182
2011-07-22,15.2726469039917,15.304020796605755,14.927781913260013,14.95544973643178,141656982
2011-07-25,15.291173934936523,15.450020341768285,15.143445736083684,15.152339167376677,125733520
2011-07-26,15.378626823425293,15.501651683582542,15.247697005891956,15.268200518645827,94067271
2011-07-27,15.00065803527832,15.339841910836656,14.939640314656307,15.246708704289725,157965884
2011-07-28,15.09255599975586,15.217063093092243,14.896407691204429,14.950508925779209,124802042
2011-07-29,14.913453102111816,15.191866126453773,14.913453102111816,14.926793249299346,166116320
2011-08-01,14.989541053771973,15.205205348062691,14.802039292470361,15.099473590683305,159238637
2011-08-02,14.634546279907227,15.06118124151509,14.6140418233215,14.970517812312305,128503865
2011-08-03,14.851200103759766,14.896407907616684,14.41789551074011,14.680743612511424,153601587
2011-08-04,14.26695442199707,14.79388788729817,14.265720011402603,14.686426060167342,197320845
2011-08-05,14.30450439453125,14.57525841087216,13.883551456503977,14.390968000304403,238052949
2011-08-08,13.488783836364746,14.05647645755747,13.447528040082911,13.907759787897346,300987964
2011-08-09,14.165421485900879,14.195066256225795,13.365016470761875,13.858845941047731,259758001
2011-08-10,13.56264877319336,13.93592318190696,13.531027052339637,13.868234916200365,215589063
2011-08-11,13.886763572692871,14.044125857439457,13.547826583205477,13.6814730499228,193948251
2011-08-12,13.927278518676758,14.093534244003921,13.844025323129658,14.0688308961853,126644924
2011-08-15,13.76571273803711,13.957415270772799,13.489524501719874,13.671838893250118,286867234
2011-08-16,13.315363883972168,13.647383467932778,13.100440213863891,13.64713658579568,278616423
2011-08-17,13.170845031738281,13.431223352893486,13.112049255671447,13.340806803987466,163775579
2011-08-18,12.472468376159668,12.966791638344905,12.364018076295986,12.931712622100576,252571164
2011-08-19,12.127601623535156,12.71925783722582,12.126118439242735,12.335607815555477,217211120
2011-08-22,12.306705474853516,12.524839522371968,12.216783637392135,12.450727598140933,196971541
2011-08-23,12.816839218139648,12.880822358100165,12.328691807147889,12.438376514288448,174523715
2011-08-24,12.927266120910645,13.093029018759943,12.777560965805035,12.829438371733106,144318923
2011-08-25,12.846978187561035,13.272625657438486,12.803993268021756,13.102416045910717,132213719
2011-08-26,13.015458106994629,13.10414459136495,12.676521137423087,12.845743213057869,144391193
2011-08-29,13.317337989807129,13.326478302379792,13.180973001561995,13.205677290443317,93782206
2011-08-30,13.357358932495117,13.413931826394096,13.113039287329574,13.295352740332435,120008140
2011-08-31,13.363783836364746,13.495701190026189,13.241252733342424,13.457163929390449,108135806
2011-09-01,13.154786109924316,13.434680388651662,13.12316533992237,13.35859341334828,96982155
2011-09-02,12.965558052062988,13.041645043786104,12.864025174510495,12.956416791862434,96408011
2011-09-06,12.899845123291016,12.91417374628001,12.61130517368958,12.61871636732034,109039179
2011-09-07,13.192584037780762,13.239768788389592,13.028798099937802,13.104144436560428,110645177
2011-09-08,13.215560913085938,13.317835391636525,13.139967679196307,13.18690461121039,95576908
2011-09-09,12.965804100036621,13.207900863951153,12.875388491456775,13.127614043443545,131242091
2011-09-12,13.095993995666504,13.142189330980717,12.784231054422236,12.795595199608568,107216373
2011-09-13,13.081170082092285,13.18887878302841,12.929981754331854,13.142434679189195,94520965
2011-09-14,13.1441650390625,13.264719179148202,12.989765348741356,13.157010475808184,108179971
2011-09-15,13.403308868408203,13.463092178070337,13.205679257462045,13.228900365479127,118875912
2011-09-16,13.505088806152344,13.509041757869785,13.417637671387817,13.458646589492144,141901897
2011-09-19,13.504841804504395,13.584634863160849,13.225935949436007,13.348713928720812,99106087
2011-09-20,13.503853797912598,13.797582029005138,13.406025105072137,13.572282709252093,111580670
2011-09-21,13.32030200958252,13.71062259932856,13.311903288863165,13.53003828000739,100948969
2011-09-22,12.86229419708252,13.062889224859285,12.697767605566897,13.00038926793398,176671736
2011-09-23,12.982107162475586,13.004587622495976,12.710118757393417,12.761008631545439,111508400
2011-09-26,13.139718055725098,13.165409874601455,12.679238480936355,13.025091926228548,105762945
2011-09-27,13.323762893676758,13.514229142354667,13.24248664961692,13.295600359176577,120887424
2011-09-28,13.064370155334473,13.439374588880153,13.03620857087967,13.37712152030149,90871336
2011-09-29,13.031270027160645,13.27336774714018,12.831415636046891,13.242239789364252,116699786
2011-09-30,12.723459243774414,12.944804662716221,12.707153673624806,12.851177696770147,109352349
2011-10-03,12.241239547729492,12.648359488101747,12.228394111054728,12.595245783041019,179646846
2011-10-04,12.398850440979004,12.436894878135426,11.872658606313442,12.1056159891689,166975528
2011-10-05,12.468021392822266,12.54460403411203,11.876858870137772,12.261745241648361,182043797
2011-10-06,12.715307235717773,12.72815267252544,12.41614287709963,12.537192673797032,137485405
2011-10-07,12.725435256958008,12.858342018002377,12.606362407250966,12.767679529116986,114664185
2011-10-10,13.270153999328613,13.277565191824785,12.92504120292238,12.973955073397105,93236167
2011-10-11,13.41862678527832,13.508053927209085,13.178505057556482,13.178505057556482,114563810
2011-10-12,13.550048828125,13.716305482687565,13.454444914164842,13.540908514676067,127588447
2011-10-13,13.80919361114502,13.809440493268518,13.53819176631709,13.587846288121344,228356741
2011-10-14,14.616761207580566,14.812415764612178,14.515228332418168,14.809204405169885,342474886
2011-10-17,14.38775634765625,14.620465918678123,14.278812282275103,14.420117769199477,160928949
2011-10-18,14.58785629272461,14.63850023241596,14.263989528079428,14.33291409493692,152601853
2011-10-19,14.345513343811035,14.62614926704935,14.308951141801725,14.50954617792587,117699519
2011-10-20,14.418883323669434,14.547836191202261,14.3161150951226,14.375157757533799,135666613
2011-10-21,14.587363243103027,14.643194547600167,14.493736271863677,14.563154606345178,136148412
2011-10-24,14.733857154846191,14.821556118063798,14.488795903087007,14.494230147577431,137589795
2011-10-25,14.406283378601074,14.698777194718472,14.398625303653509,14.651839324776756,102000897
2011-10-26,14.484100341796875,14.579704255864113,14.15183391440765,14.564141223954383,115354763
2011-10-27,14.78943920135498,14.88899606424439,14.656780272747614,14.783264311084748,151778780
2011-10-28,14.82575511932373,14.879116657492778,14.680249793062194,14.686920340049026,100696024
2011-10-31,14.640474319458008,14.814636867947796,14.616512567585103,14.701000160966442,102695490
2011-11-01,14.294868469238281,14.464337428561246,14.247932491555733,14.33069002254014,125472546
2011-11-02,14.447291374206543,14.524861544077277,14.34007832474884,14.449268322905782,85153986
2011-11-03,14.760537147521973,14.760537147521973,14.420117918191911,14.50114727871747,107192283
2011-11-04,14.72693920135498,14.815873512230281,14.63528729555153,14.661720706713094,113817021
2011-11-07,15.02807903289795,15.039196295024349,14.63034722741337,14.65727440353455,134799374
2011-11-08,15.1271390914917,15.177288313346754,14.911227948232163,15.044628453900089,121630197
2011-11-09,14.84576416015625,15.054265079780299,14.789192214724013,14.927534160237096,148996390
2011-11-10,14.700754165649414,14.969284337073953,14.613795854252484,14.968790572853514,115166059
2011-11-11,15.028573036193848,15.120965592369547,14.787710685827786,14.854411421921908,159676271
2011-11-14,15.14344596862793,15.268940591175394,15.014492158807768,15.01992640296463,128026081
2011-11-15,15.231390953063965,15.268940681797703,15.081686748261458,15.1385046326318,107441212
2011-11-16,15.1056489944458,15.274377316001692,15.084404835311922,15.120719208761708,104731092
2011-11-17,14.843789100646973,15.12590630761735,14.742749993532287,15.070569715077623,140255750
2011-11-18,14.695813179016113,14.93346322968787,14.667897527466101,14.871704863948501,132000924
2011-11-21,14.351442337036133,14.538203461563299,14.132813554396819,14.519921887555183,120501984
2011-11-22,14.32822036743164,14.450998348426769,14.210630694711295,14.32822036743164,96572626
2011-11-23,14.08389949798584,14.33439593552122,14.08389949798584,14.213348023492332,93380707
2011-11-25,13.908254623413086,14.186666711510258,13.866999769861938,13.962356806283529,62730250
2011-11-28,14.53054428100586,14.546107312737547,14.241755593424271,14.31265616131151,113580136
2011-11-29,14.400602340698242,14.58415115027301,14.361075663351746,14.522886550316615,73546641
2011-11-30,14.80722713470459,14.81019161195747,14.626889678335273,14.771654353578542,136389312
2011-12-01,15.162467956542969,15.217557664961685,14.797592283206018,14.822295628416581,145366836
2011-12-02,15.32526683807373,15.415188682191877,15.223979903520934,15.243496833270259,164040568
2011-12-05,15.455949783325195,15.610348533470553,15.375662017049876,15.505110539093534,128379401
2011-12-06,15.409505844116211,15.52931839037278,15.322301599406277,15.390236743347307,93408812
2011-12-07,15.40011978149414,15.456197021394273,15.269436845868297,15.35787550759326,90630437
2011-12-08,15.218792915344238,15.500417309281897,15.200265405413877,15.342065603818467,96885796
2011-12-09,15.499674797058105,15.541918122573502,15.242507828746056,15.26696523765638,111062736
2011-12-12,15.4495267868042,15.469041824401604,15.323536508447054,15.362816303477338,87683432
2011-12-13,15.455455780029297,15.725468190544081,15.386778095557858,15.53277812200896,161731947
2011-12-14,15.268692970275879,15.423092656361359,15.130845735696015,15.362073995767947,156733281
2011-12-15,15.305009841918945,15.415189266304266,15.284010672779571,15.378627064288763,96705121
2011-12-16,15.463606834411621,15.546611244358498,15.352686775112005,15.423092630785057,179040582
2011-12-19,15.361578941345215,15.526354293236508,15.316371141066563,15.514248557501856,86061375
2011-12-20,15.572550773620605,15.608865143579326,15.51375499836354,15.514001880459844,95886062
2011-12-21,15.460147857666016,15.608370754447131,15.290678912827154,15.563656719553864,100290510
2011-12-22,15.556000709533691,15.60614899470774,15.48954779950026,15.512768907330683,73165217
2011-12-23,15.64098072052002,15.679025159500188,15.57724540728074,15.612819133316698,58365953
2011-12-27,15.816625595092773,15.921368879071569,15.612819207571844,15.614053618141343,64496847
2011-12-28,15.803038597106934,15.933968411772396,15.763511919275267,15.87838493742046,85406931
2011-12-29,15.869739532470703,15.884561918604506,15.691870898865057,15.84725812524402,63252199
2011-12-30,15.956201553344727,15.977448550395305,15.860351697671495,15.860351697671495,71559220
2012-01-03,16.438173294067383,16.505862504030002,16.116034706240807,16.130117391510836,147611217
2012-01-04,16.509071350097656,16.557738336150738,16.31984048724262,16.42878453878155,114989399
2012-01-05,16.280067443847656,16.402598527183766,16.211390709804093,16.35714384455293,131808205
2012-01-06,16.0579833984375,16.304526888475735,16.052300380013186,16.283527719198148,108119746
2012-01-09,15.377144813537598,15.983377583394953,15.346758448271725,15.971024018136196,233776981
2012-01-10,15.393942832946777,15.65728659604583,15.240038791054157,15.557235962573802,176483032
2012-01-11,15.463606834411621,15.548341310862503,15.344040226225674,15.402835056017564,96359832
2012-01-12,15.554515838623047,15.634804543619381,15.476945674368459,15.593548748751154,75289148
2012-01-13,15.439644813537598,15.488063975971238,15.342558660652859,15.47101870545756,92637933
2012-01-17,15.52833080291748,15.612324634073051,15.456689589992937,15.612324634073051,76658261
2012-01-18,15.635300636291504,15.662226868817347,15.368745501277186,15.480160284678048,110882061
2012-01-19,15.799825668334961,15.83490562899766,15.599477529733797,15.83490562899766,253157352
2012-01-20,14.4761962890625,14.599961797563429,14.370217644374321,14.588351716387207,424637703
2012-01-23,14.464584350585938,14.542154519801114,14.406283282620455,14.476442259047287,137027695
2012-01-24,14.351195335388184,14.517945763739917,14.278812524056987,14.484348039220528,122690156
2012-01-25,14.068583488464355,14.296352584513139,13.991753960783557,14.266707811511449,200255805
2012-01-26,14.034242630004883,14.191853673849543,13.946544623067288,14.130094367485144,129531704
2012-01-27,14.327726364135742,14.336126031722138,14.064631370613192,14.10045103414491,145242371
2012-01-30,14.271154403686523,14.32822011826558,14.165175759987427,14.280047835509897,93569411
2012-01-31,14.330938339233398,14.427036026819781,14.208407237144034,14.40233173315099,86017210
2012-02-01,14.348722457885742,14.464089226520978,14.306972900087922,14.450254370677786,93175942
2012-02-02,14.454456329345703,14.486571815101176,14.379603751168046,14.448528320709112,96950036
2012-02-03,14.731633186340332,14.749913813198098,14.52708521185737,14.591562115983045,127215053
2012-02-06,15.046854972839355,15.089838946785651,14.674320261975819,14.699024554206693,147735682
2012-02-07,14.989541053771973,15.054265786997131,14.915182242741619,14.998929195373991,83997668
2012-02-08,15.065628051757812,15.102684013920518,14.939391844216683,15.0357363999313,73731331
2012-02-09,15.105402946472168,15.180503356444811,15.044632105246617,15.11923780504336,90927546
2012-02-10,14.968295097351074,15.023136975720456,14.92111129354926,15.016962085555303,93356617
2012-02-13,15.123682975769043,15.164198129524815,15.06982956596382,15.081687475178482,72924318
2012-02-14,15.063405990600586,15.118742585294582,14.939887363426157,15.107379386168772,72418428
2012-02-15,14.959650039672852,15.141717564576796,14.885538107585589,15.141717564576796,97399715
2012-02-16,14.983365058898926,15.039937006390549,14.76621852832614,14.891960978138098,101615457
2012-02-17,14.936922073364258,15.010786174342803,14.881585481681212,14.945073912599904,98331193
2012-02-21,15.168149948120117,15.264000749149961,14.893442982582249,14.917900392989894,99603946
2012-02-22,15.018445014953613,15.236827861566875,14.988059595469322,15.117755004874736,78974912
2012-02-23,14.973237037658691,15.018444843181314,14.830944020171442,14.995223735115804,82508106
2012-02-24,15.066864013671875,15.110095813614409,14.958413717701907,15.003869348417783,77714204
2012-02-27,15.052288055419922,15.127634390978125,14.947296949836055,14.985093558664563,72827958
2012-02-28,15.276598930358887,15.310691364003647,15.012021705524655,15.069335246587018,114330940
2012-02-29,15.273141860961914,15.454714672947969,15.20520576659836,15.281788410558512,125946315
2012-03-01,15.375661849975586,15.457184971846118,15.270670738853932,15.372203608592994,89843498
2012-03-02,15.347251892089844,15.41518798223077,15.324277667874881,15.365779400723675,63167885
2012-03-05,15.17432689666748,15.377886410022109,15.103426323602907,15.326996531683452,63970883
2012-03-06,14.944825172424316,15.039935311829996,14.67011825096672,15.021160922756769,127451937
2012-03-07,14.990281105041504,15.098731399069338,14.967059998841096,15.045864576569812,50769586
2012-03-08,14.998682022094727,15.106390726093325,14.97916509293462,15.070322290780766,54021731
2012-03-09,14.828471183776855,15.11626948284748,14.822294402076803,15.018690520612301,107224403
2012-03-12,14.949522018432617,14.995224536549724,14.804016687861335,14.822297316744754,67010233
2012-03-13,15.261529922485352,15.263259989135356,14.95940296333945,15.038454428661554,90168712
2012-03-14,15.217310905456543,15.3850497990401,15.154810003789414,15.192853496247231,117916329
2012-03-15,15.34428882598877,15.40283583071875,15.188653775932261,15.232380286759515,97769094
2012-03-16,15.440881729125977,15.462373717497078,15.317609033888141,15.338360375857476,122477361
2012-03-19,15.661730766296387,15.743006999632074,15.347004339915125,15.39344749643192,87237768
2012-03-20,15.649627685546875,15.713117064268086,15.495969578777395,15.586139252734164,61850967
2012-03-21,15.809953689575195,15.993008721075812,15.625416419610099,15.67729381995848,99154267
2012-03-22,15.959905624389648,16.027840765387353,15.588113491633155,15.77339235278304,96769361
2012-03-23,15.874432563781738,16.020431643125445,15.83268300197988,15.973493773407707,77898894
2012-03-26,16.04093360900879,16.044887506000272,15.799083756668558,15.933966506763628,73040752
2012-03-27,15.983870506286621,16.143950380172807,15.929028625056056,15.984118334305565,80588939
2012-03-28,16.199785232543945,16.269697342830963,16.084172490455995,16.10764048472228,101936657
2012-03-29,16.01820945739746,16.220285782842108,15.916677530436248,16.142469673883575,77260510
2012-03-30,15.841082572937012,16.143705191706076,15.83515456428561,16.10071932523818,92774443
2012-04-02,15.981398582458496,15.99572720286512,15.68297677982945,15.829469613363512,91710470
2012-04-03,15.87517261505127,16.006844967734573,15.776852049578354,15.944097182590685,82102591
2012-04-04,15.69063663482666,15.7857458431803,15.590586000443269,15.772158813415494,65348026
2012-04-05,15.62072467803955,15.722256606056916,15.528085235957189,15.618747729246428,93095642
2012-04-09,15.584161758422852,15.69508276923548,15.447056109346859,15.525860689881473,87635252
2012-04-10,15.485841751098633,15.674577928971988,15.428775091058741,15.650369292631844,99652126
2012-04-11,15.710647583007812,15.711635111562366,15.595527671441815,15.661486822435698,88289696
2012-04-12,16.082439422607422,16.135058423745445,15.816873703769742,15.868505176375585,231127086
2012-04-13,15.430011749267578,16.032538453788046,15.403825217641968,15.996964725953342,327595322
2012-04-16,14.972249984741211,15.410495087805458,14.863304968390409,15.390485338503224,228537416
2012-04-17,15.058712005615234,15.259307983897354,14.99547045499215,15.033761777059414,121409373
2012-04-18,15.006340980529785,15.138505209515984,14.891714841247664,15.021163366898529,107180238
2012-04-19,14.80500316619873,15.223979118944607,14.797591973608927,14.962860149498859,132277959
2012-04-20,14.724964141845703,15.040925976273,14.719283015067958,14.927289252089773,122794545
2012-04-23,14.763006210327148,14.784005378204158,14.580198048964688,14.646898784228082,88241516
2012-04-24,14.853668212890625,14.986079296061032,14.756087365566717,14.778815650475732,77453230
2012-04-25,15.062416076660156,15.102683396245359,14.89344089610903,14.921110607936757,73117037
2012-04-26,15.20446491241455,15.266965815683982,15.061924070712289,15.091815724805626,84013728
2012-04-27,15.19235897064209,15.235836705038665,15.084156507026561,15.193346499027566,65701345
2012-04-30,14.942110061645508,15.219534623931494,14.837365828209625,15.14319980681773,96652926
2012-05-01,14.931735038757324,15.108860188178136,14.826990807413994,14.915923232346149,80392204
2012-05-02,15.001646041870117,15.022643317122812,14.837364449979532,14.851939952924337,64701612
2012-05-03,15.09453296661377,15.18865464838588,15.043396205897798,15.059947713250754,75000069
2012-05-04,14.747444152832031,15.017210642924928,14.743492147012786,14.968543649291565,88626955
2012-05-07,15.008810043334961,15.083414790011988,14.698777192472717,14.698777192472717,80079035
2012-05-08,15.138257026672363,15.239790837528444,14.839588331775905,14.958908058837752,107493407
2012-05-09,15.04833698272705,15.226946271474786,14.86701104464484,14.990777501998599,93501157
2012-05-10,15.159749031066895,15.222249926745123,15.075014559105401,15.142455934210453,61666277
2012-05-11,14.951497077941895,15.1817368684681,14.940132933905257,15.077980171333191,84290763
2012-05-14,14.921113014221191,15.032279968181916,14.83662541032056,14.84156589056746,73249532
2012-05-15,15.096756935119629,15.192854620674044,14.914936288796568,14.95446296864914,84399167
2012-05-16,15.53697681427002,15.565880939027211,15.216074532100572,15.265976878721329,194128926
2012-05-17,15.391718864440918,15.757336142709025,15.3467579421962,15.658027102386118,134654835
2012-05-18,14.832178115844727,15.623195038267978,14.740774032345058,15.442362874108628,239835606
2012-05-21,15.170866966247559,15.209899879385153,14.822295910319873,14.83489541117999,123477094
2012-05-22,14.842059135437012,15.163455174143717,14.723480999858369,15.154315806838929,122533571
2012-05-23,15.05599308013916,15.05945226722512,14.751148552793717,14.863056140045234,127600492
2012-05-24,14.912714004516602,15.116767293210817,14.794382734135885,15.048584311615725,75935562
2012-05-25,14.613054275512695,14.86503292448147,14.532765569848515,14.846999180684492,143813034
2012-05-29,14.682473182678223,14.800803499088884,14.53375650141168,14.718787556142988,104618672
2012-05-30,14.53153133392334,14.622193818186172,14.415423913181845,14.529802213332895,76553871
2012-05-31,14.349464416503906,14.575257494999873,14.30351596724218,14.54363672115332,119177037
2012-06-01,14.105390548706055,14.146646345631927,14.040419881099714,14.125401241907173,122774470
2012-06-04,14.293387413024902,14.340325283300782,14.081428242265579,14.08661560433468,97672734
2012-06-05,14.09131145477295,14.282024592992023,13.993978409724592,14.215818560970094,93946821
2012-06-06,14.342299461364746,14.376884710764951,14.170361688658042,14.2412613080422,84146223
2012-06-07,14.284493446350098,14.523132902573902,14.260283865784423,14.515968592063453,70603652
2012-06-08,14.339335441589355,14.352923416412937,14.19432389321802,14.225698730455983,56627461
2012-06-11,14.044123649597168,14.459642272209058,13.99940961570196,14.432220388969396,106842978
2012-06-12,13.960131645202637,14.088591683436245,13.799062360263687,14.075498419153153,129451404
2012-06-13,13.86107063293457,14.007070662901231,13.801534206484567,13.876633665367832,78460993
2012-06-14,13.810673713684082,13.959390384156968,13.748172813667571,13.866257185296194,94147570
2012-06-15,13.945556640625,13.945804468638634,13.76225471774708,13.842542480988396,120497969
2012-06-18,14.102180480957031,14.185184895143495,13.815615618031051,13.89886691432829,100250360
2012-06-19,14.366015434265137,14.43395057294459,14.158256121266595,14.169867146430759,83359284
2012-06-20,14.266707420349121,14.32821984968683,14.16789214365847,14.32352625174167,94219840
2012-06-21,13.962849617004395,14.32426609767112,13.926287418044975,14.32426609767112,80753554
2012-06-22,14.117744445800781,14.117744445800781,13.9779202464672,14.031774602879445,89450029
2012-06-25,13.851436614990234,14.033997913282034,13.76867907493837,14.015223520151968,63501129
2012-06-26,13.94975757598877,13.997188263876396,13.821296585821553,13.902325942192686,54210435
2012-06-27,14.063889503479004,14.179750059005775,13.982862030567988,14.024363768511403,67945726
2012-06-28,13.940617561340332,13.988049199371407,13.765220577749309,13.979897359539088,77124000
2012-06-29,14.329946517944336,14.331428756300106,14.135528303080541,14.203710321537635,101157748
2012-07-02,14.339831352233887,14.402331312112613,14.241756718639646,14.373181249098678,66468209
2012-07-03,14.521650314331055,14.535978935940216,14.278811960580603,14.328466480170734,47758342
2012-07-05,14.721504211425781,14.823778670321326,14.539189817563907,14.544625007494021,94187720
2012-07-06,14.475950241088867,14.662216665791433,14.397886298240305,14.635784196581465,86796118
2012-07-09,14.476689338684082,14.540673425553537,14.359099672715846,14.450503754413617,68861145
2012-07-10,14.370217323303223,14.635288316071637,14.297092920878937,14.57995172297119,77212330
2012-07-11,14.110579490661621,14.275107029732554,13.956179793790303,14.2368157081595,140496649
2012-07-12,14.093040466308594,14.128861077338302,13.885774875783156,14.010036044790517,92738308
2012-07-13,14.242249488830566,14.307221103150242,14.045360534917718,14.134293902319433,79336261
2012-07-16,14.20272445678711,14.308209328568342,14.125154289052219,14.238544117687347,58723287
2012-07-17,14.247438430786133,14.344770517264415,14.041654158229587,14.289433927718788,67455897
2012-07-18,14.346994400024414,14.419377210570323,14.232617035533284,14.253614312505894,62160121
2012-07-19,14.65085220336914,14.784746496479196,14.47644275768164,14.479900999132498,187688877
2012-07-20,15.089591979980469,15.141964095471156,14.777335289876664,15.038701157188653,259517101
2012-07-23,15.205452919006348,15.275611899591548,14.779065736975767,14.834154503074396,143002005
2012-07-24,15.009305953979492,15.26523664465098,14.929511947071843,15.192854777081244,80677269
2012-07-25,15.01968002319336,15.152833671071159,14.954956234008044,15.027832808564032,73193322
2012-07-26,15.152338981628418,15.239048516809463,15.070075216130913,15.19285318616369,67660662
2012-07-27,15.685942649841309,15.686930178296091,15.254614057685735,15.288951481476047,142520206
2012-07-30,15.620230674743652,15.874679115060788,15.551059223938736,15.712870115408261,87795852
2012-07-31,15.636781692504883,15.72398689139014,15.519438902053297,15.520427376463605,74903709
2012-08-01,15.629615783691406,15.798344091695448,15.597502192495583,15.743748148937259,74060561
2012-08-02,15.532530784606934,15.761782100608428,15.40061250141698,15.45249084993882,79404516
2012-08-03,15.843304634094238,15.902347290976191,15.715091479012226,15.810448505562949,76168432
2012-08-06,15.88011360168457,16.042170422183464,15.791180234459398,15.800814312094646,71563235
2012-08-07,15.82379150390625,15.915689359974715,15.723247097527222,15.85467068943171,79569131
2012-08-08,15.86553955078125,15.955461395215357,15.773393875493563,15.78698090500475,53086237
2012-08-09,15.86850357055664,15.967812607955773,15.847999112869086,15.921864158602512,42972470
2012-08-10,15.859855651855469,15.865785551832882,15.714844105175414,15.775616830290872,57599089
2012-08-13,16.30477523803711,16.308233479718847,15.975472308707413,15.993752937465954,131205956
2012-08-14,16.518461227416992,16.621970106225074,16.27982363940279,16.2859985302978,147016998
2012-08-15,16.49079132080078,16.656554202786317,16.405810909041154,16.55848052678385,96789436
2012-08-16,16.62246322631836,16.666190684227757,16.479428619147132,16.490053063363586,68965534
2012-08-17,16.727951049804688,16.730667699020042,16.593562045409662,16.65334535450052,87434502
2012-08-20,16.68842124938965,16.770685009193077,16.61727380484252,16.68743372104319,70587592
2012-08-21,16.539457321166992,16.749191689084327,16.358130472991384,16.628391624780374,89221174
2012-08-22,16.72893714904785,16.813423797337133,16.470040122579807,16.486839456125313,76654246
2012-08-23,16.719552993774414,16.81046237676673,16.576270543841588,16.65705113762716,71635505
2012-08-24,16.764759063720703,16.8097199888036,16.65235675101346,16.689907428534728,57277890
2012-08-27,16.53229522705078,16.600971966520632,16.285751748331972,16.37839024148275,104939872
2012-08-28,16.730667114257812,16.73980648187667,16.421621791374623,16.428044509873075,82652646
2012-08-29,16.996479034423828,17.020688613474576,16.703491481312284,16.73363001408227,120060335
2012-08-30,16.840105056762695,16.98116460395255,16.803050038176966,16.903346605560486,65319921
2012-08-31,16.924345016479492,17.010560786452043,16.79958915334036,16.897416895228112,85402916
2012-09-04,16.824295043945312,16.922120897819905,16.638028640026562,16.911004581491014,75867307
2012-09-05,16.816387176513672,16.959175826878386,16.777355214004235,16.79860031573848,68584110
2012-09-06,17.277856826782227,17.289962563764774,16.915450903190834,16.945837267843693,122196311
2012-09-07,17.444608688354492,17.595301367544145,17.235118338344247,17.292678760879234,129804723
2012-09-10,17.311704635620117,17.609138051191884,17.252908844201954,17.53379074977927,102783820
2012-09-11,17.099742889404297,17.30873759657606,17.0703459439539,17.242283738358914,75232938
2012-09-12,17.067380905151367,17.166937775183946,16.82034176482901,17.031065585870696,106088160
2012-09-13,17.441890716552734,17.515013227708387,17.058981277831915,17.121976892521243,106758663
2012-09-14,17.53181266784668,17.613828611268225,17.46585257550392,17.52983571905708,105132591
2012-09-17,17.53922462463379,17.61086395093656,17.416197873054738,17.493028345216146,60558139
2012-09-18,17.744264602661133,17.753651798198284,17.460170456386585,17.48487380167561,82981875
2012-09-19,17.972034454345703,17.99822098521947,17.698069084094655,17.72499720723128,124396528
2012-09-20,17.987350463867188,18.067885112802653,17.816893970130206,17.897180791040995,116731906
2012-09-21,18.132362365722656,18.15533848341149,18.036759392696286,18.088390862763283,255317419
2012-09-24,18.51255226135254,18.528855937867696,18.039968876786254,18.058495437950437,143086320
2012-09-25,18.50712013244629,18.895710702425202,18.470063220356344,18.60321687057784,243248350
2012-09-26,18.613346099853516,18.805543364302988,18.305538001813755,18.5241658426912,227766537
2012-09-27,18.68844223022461,18.845065738370405,18.568629692262423,18.77367235812634,157833389
2012-09-28,18.639039993286133,18.75761909503665,18.55628245011325,18.630392496890128,111757330
2012-10-01,18.818880081176758,18.898425303444107,18.68128067583527,18.751438702990235,127194978
2012-10-02,18.70055389404297,18.922887835421786,18.534545030407177,18.903371847714904,112026334
2012-10-03,18.836668014526367,18.87174797600776,18.582218636364928,18.66917600192025,88663090
2012-10-04,18.973772048950195,19.01922862246853,18.760083776718226,18.84284319344592,98535958
2012-10-05,18.963891983032227,19.13014863286054,18.898673488389623,19.039485201368628,109846193
2012-10-08,18.72154998779297,18.86334924157589,18.630390892310622,18.799613925782914,78637653
2012-10-09,18.381874084472656,18.80751971406274,18.343335876082264,18.766758620450283,120578269
2012-10-10,18.393478393554688,18.466848717391905,18.238585908079806,18.3267786151072,81901842
2012-10-11,18.56443214416504,18.737853114517325,18.535035200178477,18.59951210634683,95713418
2012-10-12,18.39817237854004,18.648174057863944,18.38211463876069,18.573570268019616,96528461
2012-10-15,18.30504035949707,18.375446216315535,18.051086645836367,18.32875617584155,121216653
2012-10-16,18.39693832397461,18.45351121326991,18.19337883734492,18.28404226520032,82636586
2012-10-17,18.663494110107422,18.684493279386476,18.287255210223602,18.378414306699323,92059774
2012-10-18,17.169160842895508,18.76058002855175,16.699787795559505,18.664731118834254,499561487
2012-10-19,16.842819213867188,17.458191231899555,16.60096937085374,17.430523413109885,461009524
2012-10-22,16.765748977661133,16.91298343105866,16.54415475933314,16.823555342521846,162832055
2012-10-23,16.807249069213867,16.97968251986562,16.600972902963036,16.601220730999454,117101285
2012-10-24,16.731901168823242,16.971528142403795,16.68175099756325,16.966586716950886,100234300
2012-10-25,16.743267059326172,16.84801129041293,16.638275000214193,16.79860270617877,96403996
2012-10-26,16.678791046142578,16.873457132654227,16.581209228939713,16.71213999776531,78324483
2012-10-31,16.806013107299805,16.823304312767622,16.67508235902605,16.79514272801993,61710442
2012-11-01,16.986103057861328,17.067873056660705,16.766979590010056,16.786249636230135,82311371
2012-11-02,16.99425506591797,17.18274623755249,16.98066992913363,17.163971847154528,93324497
2012-11-05,16.871723175048828,16.968067727059307,16.68891502995243,16.909767610042657,65681270
2012-11-06,16.84109115600586,16.95917646814234,16.7380760564085,16.933977468516296,63549309
2012-11-07,16.480419158935547,16.754878311053506,16.464855179500663,16.675085248624374,89626688
2012-11-08,16.114059448242188,16.588372000830123,16.08787291854379,16.55650434494445,104269368
2012-11-09,16.379377365112305,16.510555950235506,16.064898746946525,16.1723596233635,125030896
2012-11-12,16.450279235839844,16.546623798130696,16.326019022496233,16.39716458288801,56446786
2012-11-13,16.28106117248535,16.49227690040171,16.260803592662082,16.378641109661682,64007018
2012-11-14,16.1204833984375,16.358381285139004,16.069841347645756,16.320830608379868,66986143
2012-11-15,15.989797592163086,16.30452400491225,15.906792241868052,16.05748490249689,74233205
2012-11-16,15.987822532653809,16.13209438438932,15.711633339715812,15.958425589208035,138043489
2012-11-19,16.507347106933594,16.524886145262446,16.194101887706644,16.198301722146297,95083064
2012-11-20,16.550827026367188,16.749197317963834,16.417425526115057,16.539462879561338,83861158
2012-11-21,16.44953727722168,16.546623429598277,16.314406686639092,16.526613682064472,84804682
2012-11-23,16.501415252685547,16.551563537266336,16.455218973781886,16.55082383682605,37038310
2012-11-26,16.332937240600586,16.47745504529971,16.280318238101582,16.463620186405798,88514535
2012-11-27,16.56910514831543,16.675084740068332,16.255120270714052,16.308726798952364,100724129
2012-11-28,16.889265060424805,16.919897359104542,16.400623898703802,16.50240175422944,122136087
2012-11-29,17.092330932617188,17.141985450287205,16.848010349731073,16.99079712062535,111476280
2012-11-30,17.252410888671875,17.273408164337678,16.93916763160435,17.0780023977352,127018318
2012-12-03,17.175336837768555,17.438185912518986,17.147175247681215,17.348018123539894,88028721
2012-12-04,17.07108497619629,17.18175815001012,16.93941263605482,17.169158650213532,79966615
2012-12-05,16.991788864135742,17.156810181393222,16.856164493408247,17.09875598883478,74775229
2012-12-06,17.073558807373047,17.184230109583996,16.910018783596502,16.986105776820814,58711242
2012-12-07,16.902606964111328,17.215604330861566,16.858387629635118,17.16916211121339,77059760
2012-12-10,16.932498931884766,17.086403928148684,16.89223160498253,16.931757339582877,54872909
2012-12-11,17.215600967407227,17.340108998152264,16.989315084745392,17.04563825445611,107906951
2012-12-12,17.23240089416504,17.379389388984176,17.1316086753281,17.27365763631745,97403730
2012-12-13,17.359378814697266,17.69955017228875,17.281560823555584,17.6859612524081,138312493
2012-12-14,17.341096878051758,17.48586248600464,17.253893580979177,17.272174207069042,85523366
2012-12-17,17.8060245513916,17.83418613751861,17.391987183730798,17.428548436820318,121871097
2012-12-18,17.813190460205078,18.01156072095143,17.664472829836754,17.70276320699332,120646524
2012-12-19,17.789470672607422,17.860865948041234,17.704738088505962,17.80429305748842,77031655
2012-12-20,17.845056533813477,17.901627534131478,17.71190100234899,17.867289165848295,66528434
2012-12-21,17.678796768188477,17.757604178726357,17.55256151161788,17.637789748220182,141568653
2012-12-24,17.527366638183594,17.667684596557876,17.47721646144951,17.651131197847125,33762076
2012-12-26,17.511802673339844,17.610863886752764,17.35221655874251,17.492038861172382,47473277
2012-12-27,17.44806480407715,17.51106041586654,17.258340160108173,17.46906397194592,66142994
2012-12-28,17.292926788330078,17.463383281167072,17.292926788330078,17.33442946906811,56290202
2012-12-31,17.474994659423828,17.55380019307263,17.19386496101753,17.29268024426791,80195470
2013-01-02,17.867040634155273,17.959681011557834,17.701525581388214,17.772427091819164,102033017
2013-01-03,17.87742042541504,18.081473714684158,17.80454384528668,17.908546492931055,93075567
2013-01-04,18.230682373046875,18.31714597091103,17.97648083310707,18.01748974722621,110954331
2013-01-07,18.151138305664062,18.26551566861387,18.048123195511632,18.168429512884845,66476239
2013-01-08,18.115318298339844,18.189430234962362,17.89619479398307,18.170655841623706,67295297
2013-01-09,18.234390258789062,18.240071385391822,17.999209022151785,18.089872462481633,81291563
2013-01-10,18.317392349243164,18.404351605224182,18.120257460189386,18.35074318950965,73703226
2013-01-11,18.280590057373047,18.340867143837283,18.189432835250166,18.33024458905426,51600690
2013-01-14,17.867040634155273,18.33517827122716,17.84480800299607,18.20671823433104,114985384
2013-01-15,17.908544540405273,18.15731279263314,17.591595205640985,17.770203534812637,157696879
2013-01-16,17.667930603027344,17.893970574001255,17.630379927334054,17.84604517386331,81239368
2013-01-17,17.572328567504883,17.777863144939282,17.564916428091866,17.73018557028719,88791570
2013-01-18,17.404094696044922,17.608147977734028,17.325535100125897,17.54861060251928,129555794
2013-01-22,17.36358070373535,17.424599375805183,17.182007872213116,17.40780193085857,152264594
2013-01-23,18.31788444519043,18.50316330080951,18.176826805762328,18.181768231075303,237249950
2013-01-24,18.631874084472656,18.696598820599565,18.293431801023914,18.31146649279306,135815168
2013-01-25,18.618534088134766,18.73735911086485,18.534045543076246,18.546892871994572,89369729
2013-01-28,18.545902252197266,18.66620854754704,18.475742340424876,18.571347185954984,65327951
2013-01-29,18.6187801361084,18.699562612243675,18.442394689750035,18.447582051862465,70145942
2013-01-30,18.622486114501953,18.79837779577313,18.59975782562008,18.620263229581344,69579828
2013-01-31,18.66843605041504,18.716113625076893,18.5340470387789,18.5404697578479,65613015
2013-02-01,19.160287857055664,19.184993094399616,18.727971743065087,18.73044056416424,150405652
2013-02-04,18.75069808959961,19.03355688139436,18.732171526412507,18.96488014323259,122075862
2013-02-05,18.91670799255371,19.049367865352075,18.76181548816334,18.802822510150097,75108474
2013-02-06,19.026147842407227,19.09507052114552,18.737853842271956,18.751934636569526,83435569
2013-02-07,19.119524002075195,19.239584362794215,18.91077716813324,19.014533852872926,114033831
2013-02-08,19.40164566040039,19.43376114747428,19.258117280727816,19.272198075396226,121256803
2013-02-11,19.328765869140625,19.343094489467205,19.114585723688613,19.229458730666472,87037018
2013-02-12,19.286279678344727,19.4641483294541,19.253424489408154,19.312220275494393,74638720
2013-02-13,19.339641571044922,19.401154010725747,19.26824816957868,19.272200175929385,48107646
2013-02-14,19.462167739868164,19.484896027197376,19.213893267091706,19.262314318714076,69672173
2013-02-15,19.58741569519043,19.5965569541901,19.443639506714458,19.451791345503693,109601278
2013-02-19,19.932281494140625,19.93598756314455,19.64645825300272,19.663997286047845,117711564
2013-02-20,19.576791763305664,19.98465231200257,19.56024025888737,19.893988887869252,110982436
2013-02-21,19.65263557434082,19.897697762205585,19.546162222928746,19.71365423919121,140781714
2013-02-22,19.755897521972656,19.79394006770235,19.60989655391411,19.744779314142658,82463941
2013-02-25,19.535043716430664,19.97081992512721,19.52812723432969,19.819877540720697,92501423
2013-02-26,19.51923179626465,19.663009869721986,19.37768039112914,19.63953999104683,88430220
2013-02-27,19.757627487182617,19.880404516415815,19.54344542945235,19.634600738109995,81347773
2013-02-28,19.79270362854004,19.935740111715987,19.788505687103058,19.790232915824088,90971711
2013-03-01,19.915977478027344,19.939445466581336,19.667950824309376,19.708711911079575,87342157
2013-03-04,20.294193267822266,20.327296279766713,19.88658050884622,19.89399075560507,111440145
2013-03-05,20.71662712097168,20.754919384259345,20.47700014951118,20.47774174168591,162370331
2013-03-06,20.53826904296875,20.850031024497756,20.474779664649542,20.7766606860188,115350748
2013-03-07,20.56840705871582,20.667716097485272,20.493801365628762,20.604474548793537,82415761
2013-03-08,20.541728973388672,20.625721871194983,20.381895017873514,20.61534525412963,116912581
2013-03-11,20.623249053955078,20.743803197694575,20.541231221620603,20.54592671130677,64027093
2013-03-12,20.445138931274414,20.550870712140252,20.34780492770399,20.521721590138053,80633104
2013-03-13,20.38831329345703,20.521219094698445,20.314201372775603,20.45229642732727,65898080
2013-03-14,20.295181274414062,20.429818102026896,20.19266182290261,20.429818102026896,66295564
2013-03-15,20.11632537841797,20.264547331420463,20.092609563246885,20.22008017797468,124452737
2013-03-18,19.955503463745117,20.078282381652862,19.799375597226003,19.88658078982809,73807616
2013-03-19,20.04270362854004,20.238605004777572,19.922395453705658,20.04072857217423,84242583
2013-03-20,20.12645149230957,20.195620088282688,20.04566903465824,20.178822649312025,58771467
2013-03-21,20.041227340698242,20.181049637049984,20.006393315847077,20.041967041111906,59325536
2013-03-22,20.01775550842285,20.139544994069396,20.001204003849452,20.127193322637265,59751126
2013-03-25,20.001203536987305,20.238113848776194,19.931539279336807,20.06963243834175,68736680
2013-03-26,20.069883346557617,20.108915314416542,19.95550409215908,20.096563641377042,47854701
2013-03-27,19.828773498535156,19.935988433619546,19.795916423869166,19.92808063927916,86852328
2013-03-28,19.619531631469727,19.895721762828934,19.597546827394673,19.86162933065988,91855009
2013-04-01,19.792461395263672,19.818647928045078,19.596312119264947,19.63979175247655,72562968
2013-04-02,20.0851993560791,20.129420577594715,19.86187793083709,19.875217132244856,81966082
2013-04-03,19.91622543334961,20.113855978126136,19.7796116592035,20.095573459558178,69800653
2013-04-04,19.641271591186523,19.90510817292247,19.54813933234699,19.86805315344432,98270968
2013-04-05,19.344331741333008,19.441665724438344,19.180052031111078,19.41868960733797,137870844
2013-04-08,19.141759872436523,19.25786824781074,18.982421587236054,19.238106327630224,113708616
2013-04-09,19.210933685302734,19.36162637801476,19.098777307329826,19.15781902783512,86615444
2013-04-10,19.520471572875977,19.574078099418053,19.17017138605744,19.341121645724353,79440651
2013-04-11,19.52565574645996,19.59260335556066,19.36928007050612,19.5871681662042,81452163
2013-04-12,19.517257690429688,19.567901627455594,19.34136601896971,19.56518308664475,65713390
2013-04-15,19.31666374206543,19.68895061655975,19.195368006324035,19.41597278118217,98491793
2013-04-16,19.599275588989258,19.664246261512858,19.365825366544733,19.43178356756198,69941178
2013-04-17,19.33222770690918,19.53677473933258,19.22204828765742,19.435736579590166,81785407
2013-04-18,18.920909881591797,19.412269632963394,18.806036858313554,19.40115142414262,133398142
2013-04-19,19.759851455688477,19.848044183814636,18.929555645876096,19.001196866464912,232998073
2013-04-22,19.765779495239258,19.86088870216646,19.14546594972905,19.777885232103785,115768308
2013-04-23,19.958221435546875,20.14597101647854,19.771953147218913,19.787764952559613,92035684
2013-04-24,20.09532928466797,20.20773159591828,19.960694339203847,19.963410988517243,73438237
2013-04-25,19.98786163330078,20.169930063774846,19.95154821348626,20.164494874656473,79986690
2013-04-26,19.798141479492188,19.954269355779772,19.67857485922842,19.95081300605632,99880980
2013-04-29,20.233917236328125,20.323839081366526,19.83717294502809,19.84334972749149,92376959
2013-04-30,20.37003517150879,20.445876222007826,20.19982461510929,20.232433864216326,92613843
2013-05-01,20.26776123046875,20.373738923079195,20.167216836081717,20.337673325122687,58418148
2013-05-02,20.49454116821289,20.61657659329946,20.233669093208434,20.25960779309158,81034603
2013-05-03,20.892518997192383,20.919199289402307,20.65239825911986,20.67611407441757,100880714
2013-05-06,21.283584594726562,21.29099673443561,20.955271074137784,20.955271074137784,85973045
2013-05-07,21.176856994628906,21.340890737160308,21.01480020045168,21.319645636665218,78653713
2013-05-08,21.582006454467773,21.588181345469827,21.070143178195504,21.171181345670284,99102072
2013-05-09,21.52889060974121,21.730966915783362,21.4486019036632,21.513078804712936,88353936
2013-05-10,21.74505043029785,21.752708505766417,21.545690748262906,21.62350875130737,76192522
2013-05-13,21.6783504486084,21.80038778261359,21.575830991067082,21.711947227528814,58157173
2013-05-14,21.914764404296875,21.954042305080353,21.668714708896655,21.677606247943103,63408784
2013-05-15,22.625988006591797,22.638091850994346,22.08571537454147,22.12227662757737,160033605
2013-05-16,22.32904624938965,22.72702586963062,22.283097801584066,22.70281628932067,128865215
2013-05-17,22.46022605895996,22.566699409273795,22.246289938062326,22.480977399191875,112098604
2013-05-20,22.444169998168945,22.74234496699191,22.35696479705696,22.35696479705696,91248746
2013-05-21,22.405630111694336,22.521490657754246,22.174402783800986,22.43156881402811,79617311
2013-05-22,21.972078323364258,22.463436151682117,21.909330539337713,22.296685731775828,102807910
2013-05-23,21.808292388916016,21.985419440131576,21.59114773063459,21.665257773616585,91345105
2013-05-24,21.574344635009766,21.71021491528218,21.517277982205293,21.622270029191625,92216359
2013-05-28,21.770742416381836,22.03927259603041,21.74924948350746,21.825832127261318,90638467
2013-05-29,21.450578689575195,21.689711901783518,21.35126965788582,21.63338683986239,80837869
2013-05-30,21.511106491088867,21.71219529439133,21.40364371442421,21.490355149682724,85145956
2013-05-31,21.5224666595459,21.665255322467914,21.4310635268157,21.445885912098554,79071272
2013-06-03,21.433778762817383,21.590400380466704,21.12226464803634,21.566438629398974,99399181
2013-06-04,21.223058700561523,21.506905019843103,21.09879659780363,21.43921581034494,75024159
2013-06-05,21.237882614135742,21.478743086626203,21.1743932336384,21.307299057478676,84587872
2013-06-06,21.35991668701172,21.401667195006905,20.92957562913846,21.351517019808917,103550684
2013-06-07,21.732696533203125,21.73936707948265,21.376715244810555,21.502704572824626,107385002
2013-06-10,21.991840362548828,22.01111040993087,21.741590817320425,21.791245336625007,93862506
2013-06-11,21.73467254638672,21.91229333274048,21.72750823621277,21.837439817912763,70567517
2013-06-12,21.541242599487305,21.887588861756836,21.483682179903017,21.874249661122878,88522565
2013-06-13,21.66525650024414,21.730968763267594,21.381162343392788,21.467132182706873,83106340
2013-06-14,21.616838455200195,21.85547793767092,21.594357992786907,21.741840269048392,90136592
2013-06-17,21.893766403198242,21.972324100764293,21.696877449158766,21.72034543804033,86173794
2013-06-18,22.248762130737305,22.258149327116097,21.945645738195527,21.953057877536946,87000883
2013-06-19,22.250244140625,22.501233391938854,22.171684548475557,22.267289411666432,117073180
2013-06-20,21.856460571289062,22.258144327397357,21.821134678784528,22.084971213913715,135385563
2013-06-21,21.76234245300293,21.983440993959217,21.56817014296304,21.945398446534366,159889066
2013-06-24,21.487140655517578,21.648457772191353,21.325577602650164,21.538772121646282,121128323
2013-06-25,21.398452758789062,21.731459802060503,21.356704146768532,21.671676500970197,102510801
2013-06-26,21.58249855041504,21.689959428624814,21.50641156450375,21.584969263351713,73530581
2013-06-27,21.666982650756836,21.85522598236872,21.6566079278255,21.709720682438416,77348840
2013-06-28,21.74850845336914,21.784823773333954,21.595840709785044,21.613379745594262,94324230
2013-07-01,21.934036254882812,22.03779296577251,21.86288879598702,21.898708461662753,69250599
2013-07-02,21.796432495117188,22.011108293910542,21.671924466795904,21.991344484206337,75943592
2013-07-03,21.898212432861328,21.965901643030474,21.702312896745475,21.736897202254198,42036977
2013-07-05,22.072622299194336,22.12005393243334,21.92069237602143,21.986652463948644,68331166
2013-07-08,22.35918617248535,22.38833718023454,22.161309684294427,22.213928681603527,79075287
2013-07-09,22.362892150878906,22.553358391207933,22.183542227042626,22.50518705580037,79472771
2013-07-10,22.381418228149414,22.508642905600983,22.242829407390015,22.31867044968527,68592140
2013-07-11,22.733448028564453,22.747528821079403,22.443918708550253,22.554591883737295,103755449
2013-07-12,22.80162811279297,22.80162811279297,22.60992655608633,22.727516198649532,103113050
2013-07-15,22.8433780670166,22.925148059455477,22.637595707450195,22.83374493647271,78713937
2013-07-16,22.717884063720703,22.924406120485163,22.576824538607312,22.903656675432742,79617311
2013-07-17,22.691701889038086,22.896990520711437,22.636118413291225,22.7522248990137,60469809
2013-07-18,22.49728012084961,22.727519910513653,22.312249079150707,22.702568737692285,145924920
2013-07-19,22.149450302124023,22.30631975515606,21.63091654681879,21.902659010675215,295475379
2013-07-22,22.497774124145508,22.546441113883247,22.15933186447195,22.28285237346929,116563276
2013-07-23,22.327320098876953,22.55459352788337,22.22282180613939,22.497774697677528,82134711
2013-07-24,22.305089950561523,22.48789814989734,22.250741822626185,22.412798677791766,83451629
2013-07-25,21.929588317871094,22.155626390724397,21.88956693028793,22.082010117738168,120493954
2013-07-26,21.87153434753418,21.986159537685822,21.788776814225326,21.91204760792529,71374530
2013-07-29,21.795448303222656,22.10548120023444,21.761357757008316,21.86041898183748,75959652
2013-07-30,22.00913429260254,22.124994842023096,21.76085979488433,21.87425152310093,70487217
2013-07-31,21.930824279785156,22.14723113718683,21.892040136071124,22.060273761165394,87265872
2013-08-01,22.33769416809082,22.345846007079253,22.109925089722164,22.109925089722164,85856610
2013-08-02,22.3957462310791,22.406368781922254,22.253699173188096,22.318422006571158,68812965
2013-08-05,22.356966018676758,22.369813349315223,22.21368356721213,22.366601043701305,52584363
2013-08-06,22.148710250854492,22.473319559110674,22.12795891040561,22.349305280649045,60469809
2013-08-07,22.002460479736328,22.195151473147483,21.963922281054096,22.110910765812495,55374783
2013-08-08,22.0521183013916,22.130675996302966,21.870049847249046,22.122028501457937,59743096
2013-08-09,21.99653434753418,22.122769608058867,21.98640366849706,22.000238524855313,53146462
2013-08-12,21.875486373901367,21.912295456702044,21.780129339488663,21.909824743738188,55286453
2013-08-13,21.770248413085938,21.94935050962135,21.645492542754393,21.908095656875577,57004870
2013-08-14,21.487634658813477,21.745048508289695,21.422170226972728,21.699100059539607,83600184
2013-08-15,21.236892700195312,21.366834043683976,21.1958837827623,21.35497613463429,75048249
2013-08-16,21.168954849243164,21.305566722089782,21.159813590593703,21.276909481605088,67255147
2013-08-19,21.38486671447754,21.54173616653324,21.182294751293504,21.18871746945232,72707508
2013-08-20,21.379188537597656,21.54445578738637,21.332744427862966,21.451569459734085,49504863
2013-08-21,21.475778579711914,21.663032507267555,21.405866486554455,21.50838593562213,70555472
2013-08-22,21.583980560302734,21.609671433085378,21.4985044915203,21.559029387907277,34926424
2013-08-23,21.497516632080078,21.689959822999022,21.4861543792719,21.6857599892937,43245489
2013-08-26,21.403148651123047,21.613378701732728,21.3947489838561,21.492328902241063,42257801
2013-08-27,21.0019588470459,21.337436642951893,20.94637537251796,21.235904717747168,69623993
2013-08-28,20.962432861328125,21.13189993203659,20.943162813859004,21.004429305836965,53395392
2013-08-29,21.13239288330078,21.254678034531743,20.96341958331707,20.9752774915136,59361671
2013-08-30,20.921672821044922,21.196873554961023,20.888569806367816,21.14054848603992,74743109
2013-09-03,21.254682540893555,21.39821282610474,21.095836102984038,21.105964892700797,82210996
2013-09-04,21.5325984954834,21.578794778503504,21.125975100595188,21.25393950453322,81954037
2013-09-05,21.728496551513672,21.73640245415461,21.53210136824877,21.57879140825318,51845604
2013-09-06,21.728992462158203,21.83274726702079,21.58472061521732,21.799644255287774,62698130
2013-09-09,21.938232421875,21.980228863483834,21.79914983283052,21.831511251370127,49569103
2013-09-10,21.953548431396484,22.0358121935172,21.838181658752625,21.986899269921597,51697050
2013-09-11,22.139320373535156,22.158588527138342,21.889564617959426,21.950335447433662,64665477
2013-09-12,22.062000274658203,22.181564997216903,21.986652989487588,22.169213324401827,43984248
2013-09-13,21.963428497314453,22.126722550355108,21.858932108304842,22.09757154633148,53214717
2013-09-16,21.93107032775879,22.159333184810542,21.859676937354347,22.139571264301644,53660381
2013-09-17,21.890308380126953,21.94663344582121,21.76407121948992,21.922423864465973,50564822
2013-09-18,22.315458297729492,22.331516038541515,21.81520707892854,21.89623548334887,77678069
2013-09-19,22.193674087524414,22.381423704681794,22.119809975674784,22.381423704681794,64155573
2013-09-20,22.310274124145508,22.335473127229836,22.12524306591233,22.193671980369032,174463490
2013-09-23,21.899940490722656,22.272721076946965,21.867825010655547,22.13833209500026,71362485
2013-09-24,21.908340454101562,21.98887509848568,21.77395335054342,21.899942678991835,59694916
2013-09-25,21.670936584472656,21.901176376098956,21.630669261853118,21.901176376098956,66207234
2013-09-26,21.69415855407715,21.807302446711237,21.61584679398906,21.697370859153352,50584897
2013-09-27,21.65018653869629,21.67810029621748,21.524690976586776,21.61140050977731,50540732
2013-09-30,21.638328552246094,21.76011994718304,21.450580849361067,21.469603069313397,69154239
2013-10-01,21.912296295166016,21.928845910659756,21.7406044394122,21.74554397371194,67644602
2013-10-02,21.936752319335938,21.97059503228228,21.685513356430633,21.806809090304387,60036190
2013-10-03,21.642776489257812,22.08769212556429,21.544209038580497,21.93699944037559,84997401
2013-10-04,21.550384521484375,21.677857048001133,21.49233033081906,21.61584895964329,54523605
2013-10-07,21.3870906829834,21.59089801288875,21.346823359584977,21.4293349550758,51937949
2013-10-08,21.088916778564453,21.393020689902293,21.038520664832134,21.37671701077976,78039419
2013-10-09,21.14301872253418,21.310756677168325,20.824834020679816,21.153393446982538,106449509
2013-10-10,21.4488525390625,21.463427097794472,21.25048038440034,21.340154405487343,90550137
2013-10-11,21.541488647460938,21.578297728170302,21.376221418099306,21.394254216440345,56567236
2013-10-14,21.643268585205078,21.64672871827852,21.378444491081005,21.409818382218234,49930453
2013-10-15,21.78902244567871,21.87845052436947,21.591145960756904,21.634623697730337,63914673
2013-10-16,22.184776306152344,22.192188444598706,21.838428151393646,21.88437849103726,80604999
2013-10-17,21.956512451171875,22.15686152251938,21.880919236693494,22.060269141898804,170902191
2013-10-18,24.985698699951172,25.08574933588948,24.06152904991925,24.125264365971923,464390148
2013-10-21,24.785348892211914,25.173197830018687,24.69270851333311,24.986931435686998,145675990
2013-10-22,24.876752853393555,25.024976707821402,24.599823019536355,24.827346163128876,88675135
2013-10-23,25.47977066040039,25.56228224620057,24.719387094759572,24.728526461284865,106927293
2013-10-24,25.335010528564453,25.706062051304368,25.316482073093912,25.491138400023804,83997668
2013-10-25,25.07932472229004,25.415790032753506,24.96914530624762,25.415790032753506,81524432
2013-10-28,25.074382781982422,25.282635873473875,25.024728264923382,25.079324207614235,46521724
2013-10-29,25.599092483520508,25.616383689031817,25.037326945166555,25.175667940157787,64440637
2013-10-30,25.455318450927734,25.630468540117537,25.346126559890966,25.628491591399055,53162522
2013-10-31,25.459270477294922,25.72952977232509,25.29597829664904,25.418509389138794,65845885
2013-11-01,25.3718204498291,25.593168735381237,25.323896937016553,25.489164194074483,51524405
2013-11-04,25.348844528198242,25.503491113272325,25.24805419101564,25.481998179722545,45722740
2013-11-05,25.235454559326172,25.485704117930712,25.134170458414697,25.20655137852514,47433127
2013-11-06,25.265838623046875,25.37082878398361,25.08352423110725,25.33624447974943,36652871
2013-11-07,24.900222778320312,25.294990104197588,24.892564703479287,25.262380856165294,67435822
2013-11-08,25.09982681274414,25.160845471463784,24.913806359676496,24.919983141493315,51825529
2013-11-11,24.96544075012207,25.097360933932926,24.901459498810144,24.938760454815977,44670812
2013-11-12,24.994836807250977,25.137623572096278,24.82734480680608,24.89404459174634,48906630
2013-11-13,25.505958557128906,25.51534575214734,24.86439996457813,24.870576746467528,63412799
2013-11-14,25.574142456054688,25.685803163774285,25.453586425364424,25.541779144685236,46842923
2013-11-15,25.53289031982422,25.642574090564814,25.452601602893125,25.565251742817228,51243355
2013-11-18,25.483230590820312,25.907890499468028,25.426165827801096,25.586987285150936,70651832
2013-11-19,25.32636260986328,25.562285425642884,25.273249849128018,25.48743379639083,45433661
2013-11-20,25.25497055053711,25.52794839918162,25.206797321311473,25.44370767799923,38692487
2013-11-21,25.545488357543945,25.65023259563923,25.346128670176356,25.370832018037866,43835693
2013-11-22,25.49163055419922,25.597362306536205,25.425672359469864,25.529427163190984,50356042
2013-11-25,25.838472366333008,26.01782227911286,25.568952787057096,25.621819608915402,64761837
2013-11-26,26.146780014038086,26.223114835391033,25.76461214300139,25.904436347368094,91794785
2013-11-27,26.26288604736328,26.38368801963258,26.18605746861724,26.236205752712685,45112461
2013-11-29,26.175926208496094,26.349593097620524,26.172467967411556,26.239415579829288,47890836
2013-12-02,26.04969024658203,26.342925645402154,25.95779145838262,26.272765724880852,55133884
2013-12-03,26.01955223083496,26.271037128117904,25.91480800398486,25.96248557374801,67295297
2013-12-04,26.141096115112305,26.284378546005726,25.939017905749207,25.97286251068574,47842656
2013-12-05,26.120342254638672,26.177654843102165,25.96594352234425,26.11688401361833,45517975
2013-12-06,26.429882049560547,26.433092462676207,26.188030297575196,26.427905101000814,57366220
2013-12-09,26.634183883666992,26.73720088612172,26.38418216005826,26.457552498439313,59526286
2013-12-10,26.79525375366211,26.984238707873853,26.57267202078209,26.585025585999944,74433955
2013-12-11,26.61318588256836,26.959779988695733,26.560812822401278,26.86294166317079,68728650
2013-12-12,26.432104110717773,26.752759481664718,26.408388296007153,26.669508194000752,64099363
2013-12-13,26.2055721282959,26.58848153801741,26.133930915286484,26.56649484236674,86820208
2013-12-16,26.5067138671875,26.548956249766494,26.235712968712036,26.28487372618876,64320188
2013-12-17,26.429637908935547,26.698909691239773,26.393076652288823,26.502762314046063,61658247
2013-12-18,26.797475814819336,26.80241534858887,26.162339930721988,26.478795484468677,88743390
2013-12-19,26.83379364013672,26.9763344951503,26.657408176302596,26.699156797177487,66877738
2013-12-20,27.18952178955078,27.203108816699107,26.877759865447636,26.88517011124825,130953011
2013-12-23,27.547237396240234,27.5645304954866,27.300693912279446,27.367887468677257,69122119
2013-12-24,27.466703414916992,27.550694410765246,27.374310860121916,27.544025756118195,29478078
2013-12-26,27.605539321899414,27.643583761752865,27.388886547336668,27.520311074269493,53712576
2013-12-27,27.628759384155273,27.675201596320637,27.49387662546995,27.668285113870166,63023345
2013-12-30,27.407909393310547,27.680639413592555,27.397039012584976,27.676687407791004,49629328
2013-12-31,27.685823440551758,27.692987750828188,27.328854634011034,27.476582825420014,54519590
2014-01-02,27.498323440551758,27.612702692426407,27.37826306242207,27.556131690626742,73129082
2014-01-03,27.297727584838867,27.592444277049783,27.295998464213127,27.544766708111183,66917888
2014-01-06,27.60207748413086,27.64012002721072,27.333299510809063,27.49560414547267,71037271
2014-01-07,28.13420295715332,28.154708363751727,27.696947248408033,27.791808638117782,102486711
2014-01-08,28.192750930786133,28.343197683363204,27.99660166140608,28.31058843250912,90036218
2014-01-09,27.921253204345703,28.26661385532373,27.805640484329437,28.247345699260016,83692529
2014-01-10,27.91977310180664,28.13963819017452,27.72387166029819,28.13963819017452,86061375
2014-01-13,27.74190330505371,28.33306580624975,27.598373051334345,27.828119075035556,97118665
2014-01-14,28.394575119018555,28.434102738893326,27.868137370852924,28.111718240814458,99676216
2014-01-15,28.375308990478516,28.53292004159687,28.255990205608562,28.483265522935653,78300393
2014-01-16,28.56305694580078,28.605301215179626,28.35999122117669,28.387165277842957,67608467
2014-01-17,28.422494888305664,28.672002839817424,28.266119192533413,28.57862275605984,108457005
2014-01-21,28.747844696044922,28.755254943175174,28.44151601438238,28.679413892063415,79492846
2014-01-22,28.780454635620117,28.851354262467346,28.62827876551407,28.81973254080469,63091600
2014-01-23,28.658912658691406,28.71795437967166,28.5173593333485,28.65644194551251,78256228
2014-01-24,27.76290512084961,28.49710233981882,27.742401606315163,28.43435454778352,156283602
2014-01-27,27.204593658447266,27.828861072041846,26.736210064966993,27.818980112413005,174796734
2014-01-28,27.74264144897461,27.810330652601337,27.419763190948423,27.429150385705153,88739375
2014-01-29,27.34516143798828,27.711519373268956,27.15988255344377,27.64654870098052,95552818
2014-01-30,28.048477172851562,28.47091422081117,27.84738838269398,28.28588128105029,204419353
2014-01-31,29.17447853088379,29.31207794197937,28.437316937561786,28.936826598895472,223486554
2014-02-03,28.000059127807617,29.193006778908266,27.96498105664695,29.130752756274024,183449044
2014-02-04,28.11690902709961,28.53292148028213,28.088499611001264,28.11270919332866,112897588
2014-02-05,28.24141502380371,28.42842302641287,27.866411490109588,28.24586268557885,96139007
2014-02-06,28.655452728271484,28.660394154338075,28.34887810408719,28.43731865814044,78155853
2014-02-07,29.08727264404297,29.09863678794697,28.67027269535784,28.844927120089196,105843245
2014-02-10,28.975860595703125,29.20980456766715,28.879268207476127,28.947943053436177,78099643
2014-02-11,29.40199851989746,29.44374902547917,28.958072350257613,29.15471346683198,82339476
2014-02-12,29.31578254699707,29.397552545192028,29.184605860861446,29.37284730940488,69238554
2014-02-13,29.64212417602539,29.64212417602539,29.142116937361852,29.16904506083948,73731331
2014-02-14,29.71375846862793,29.753038258780887,29.466721260240252,29.53613769043254,87795852
2014-02-18,29.913366317749023,29.962527067148766,29.64459024026615,29.67942236979544,84672187
2014-02-19,29.70240020751953,29.872362934542707,29.582833592351413,29.775522716450865,84459392
2014-02-20,29.746126174926758,29.814802914943083,29.650027547781992,29.72216252923818,68287001
2014-02-21,29.73822021484375,29.888419131884664,29.714752225248912,29.837529255213877,74771214
2014-02-24,29.953636169433594,30.142621108911754,29.77058018407096,29.777004794210182,67223027
2014-02-25,30.138669967651367,30.249836921574683,29.902007437412454,30.038373394539516,57763704
2014-02-26,30.14286994934082,30.35803953354211,29.984517303535277,30.23748349853831,79585191
2014-02-27,30.119152069091797,30.243166344771527,30.064803952121906,30.098896385145938,50588912
2014-02-28,30.031208038330078,30.242177793772044,29.79825158581281,30.147068586340986,92890878
2014-03-03,29.71104621887207,29.83827091081916,29.450420052536153,29.81134278791693,84507572
2014-03-04,30.012928009033203,30.039856132627122,29.879280595003948,30.015150894042538,58928052
2014-03-05,30.095685958862305,30.214758816135976,29.926464815088412,30.016386663357935,49597208
2014-03-06,30.1290340423584,30.290597095895922,30.104082869502033,30.194992237948448,50914126
2014-03-07,30.009963989257812,30.31135125659462,29.92720645205292,30.30665765847357,60831159
2014-03-10,29.9304141998291,30.080367173763616,29.745630985140796,30.032193948487723,48766105
2014-03-11,29.644346237182617,29.99835248740847,29.561586812079717,29.984763566123917,68776830
2014-03-12,29.82493019104004,29.838517219903242,29.254025258956815,29.555658434810034,78866507
2014-03-13,29.37432861328125,29.90397864125384,29.26810121410245,29.840983037163888,94175675
2014-03-14,28.9726505279541,29.419049357977034,28.965979980984194,29.199678034795863,92099924
2014-03-17,29.449430465698242,29.5722093791592,29.103823904748854,29.131987382170937,86808163
2014-03-18,29.922760009765625,29.929430556984233,29.473150749421233,29.51292431287104,72872123
2014-03-19,29.626068115234375,29.940794596359584,29.506499597264188,29.936100998063868,64757822
2014-03-20,29.57443618774414,29.881998352678075,29.529969026822894,29.643358868309253,67640587
2014-03-21,29.22561264038086,29.882489269452982,29.211038083758627,29.800471443933734,128821050
2014-03-24,28.605302810668945,29.27156478397508,28.30934886414134,29.254025749346518,121939352
2014-03-25,28.624814987182617,28.899521919548576,28.335287562087917,28.804660550273976,96769361
2014-03-26,27.963991165161133,28.942261013765798,27.952379193281605,28.706092272559427,103586819
2014-03-27,27.61979103088379,28.09161209342542,27.345801060246774,28.09161209342542,262719
2014-03-28,27.69546127319336,28.01396380075624,27.630178451936633,27.755303228739688,824257
2014-03-31,27.546098709106445,28.042153907203502,27.544121760458175,28.036713041832762,216593
2014-04-01,28.050067901611328,28.113869431664867,27.632156055904083,27.632156055904083,158434
2014-04-02,28.042158126831055,29.913118015465486,27.804269684599223,29.67374638857005,2942055
2014-04-03,28.17766761779785,29.04514520565094,27.900213724731273,28.18310848372216,101983228
2014-04-04,26.862110137939453,28.574808013986665,26.855186087713697,28.42050196025335,127386783
2014-04-07,26.615318298339844,27.126209144928406,26.071290385809245,26.743411333157695,88033033
2014-04-08,27.443723678588867,27.448668888050268,26.786438370849165,26.835402376694613,63024560
2014-04-09,27.90070915222168,27.961540529955645,27.34728455521395,27.67716258870328,66616395
2014-04-10,26.753795623779297,27.943237624239828,26.701865251580355,27.943237624239828,80737057
2014-04-11,26.24191665649414,26.706811748645126,26.04062544342359,26.338357699904545,78496923
2014-04-14,26.336872100830078,26.909583679078985,26.190479536645846,26.620260575373326,51501009
2014-04-15,26.530746459960938,26.63015576577218,25.641507356871415,26.549539769644248,77101101
2014-04-16,27.52483558654785,27.54758468693643,26.706813881099222,26.855187202876813,97865955
2014-04-17,26.51392936706543,27.176655531756072,26.26911690826311,27.14252904655187,136190888
2014-04-21,26.14398956298828,26.543603713482916,25.994630622001072,26.51392867423877,51334553
2014-04-22,26.45013427734375,26.56982008603074,26.08909611878147,26.14498417948219,47307527
2014-04-23,26.060903549194336,26.403642126737008,26.026778955794168,26.39968444576389,41046384
2014-04-24,25.972871780395508,26.293848813237926,25.822521511584323,26.2157073096865,37663121
2014-04-25,25.528745651245117,25.950121394438593,25.491159031813286,25.841809197824414,42007014
2014-04-28,25.576719284057617,25.648430495204398,24.867009852092185,25.578202468501743,66710653
2014-04-29,26.09848976135254,26.185534147786658,25.535668564305972,25.56435418364701,53981801
2014-04-30,26.047054290771484,26.11332652595418,25.842301064027794,26.093543797419297,35023895
2014-05-01,26.279010772705078,26.357152274712192,25.909565394156203,26.069312315133875,38110345
2014-05-02,26.109867095947266,26.41007197041051,25.995126502315372,26.398202710473385,33770463
2014-05-05,26.10392951965332,26.157838731160012,25.782954422436767,25.956053767736133,20482080
2014-05-06,25.477310180664062,26.054473250159415,25.47335439150988,25.976331752783263,33780490
2014-05-07,25.22112464904785,25.55347718350991,24.89174226741627,25.50946027528907,64486563
2014-05-08,25.27255630493164,25.58067271020205,25.047524706294,25.14693399938868,40426688
2014-05-09,25.654861450195312,25.712726455011868,24.936251000998663,25.260194383310036,48789585
2014-05-12,26.208284378051758,26.221636821199,25.66870795063844,25.891265065504918,38250730
2014-05-13,26.365062713623047,26.51244470161137,26.188007579089614,26.25625865386857,33068541
2014-05-14,26.04656410217285,26.360615197253175,25.979302437557415,26.360615197253175,23835261
2014-05-15,25.71668243408203,26.007986300836972,25.590072584278648,25.99957717446602,34087331
2014-05-16,25.74883270263672,25.806697713775108,25.492150951851855,25.786419325754302,29705333
2014-05-19,26.155860900878906,26.2013609884708,25.598132476985775,25.702835081774488,25555972
2014-05-20,26.200868606567383,26.520360548607332,26.029252429956905,26.199383530244404,35695734
2014-05-21,26.654390335083008,26.666407156592285,26.30670653353389,26.355668649006446,23925508
2014-05-22,26.957067489624023,27.08268791978172,26.745390197512727,26.76270032274906,32316482
2014-05-23,27.334918975830078,27.381408487264515,26.8898047002404,27.0658723266008,38643806
2014-05-27,27.990222930908203,27.992695535527965,27.416520012801417,27.498125424337765,42083223
2014-05-28,27.779043197631836,28.083697619852547,27.74541236724511,27.921973753821177,33040464
2014-05-29,27.69991111755371,27.893782621346425,27.632153803568993,27.861634976814866,27082150
2014-05-30,27.690513610839844,27.762720475944228,27.493673852393478,27.73551804161872,35422988
2014-06-02,27.3957462310791,27.740461725595974,26.990199369454377,27.730571307706384,28700582
2014-06-03,26.95113182067871,27.317115175178063,26.832929201103852,27.250347276894498,37332215
2014-06-04,26.937284469604492,27.13263916283236,26.644993076096796,26.78099957993203,36329469
2014-06-05,27.39426612854004,27.44619650375263,26.926896535260603,27.023337579617163,33782496
2014-06-06,27.514446258544922,27.600007459514593,27.148462936750672,27.600007459514593,34735104
2014-06-09,27.800804138183594,27.839382071713995,27.500107383430592,27.55500413093869,29350361
2014-06-10,27.723155975341797,27.87399999619158,27.59209468385837,27.72117713486009,27034019
2014-06-11,27.638582229614258,27.69001694395059,27.449655947901828,27.59703793335025,22002242
2014-06-12,27.268152236938477,27.59654706905963,27.12521978951298,27.562420582763803,29169867
2014-06-13,27.288427352905273,27.31513413170149,26.981794106861088,27.313155291252325,24410836
2014-06-16,26.918489456176758,27.18259088722552,26.781987295348888,27.16478699782852,34051232
2014-06-17,26.855682373046875,26.969927320679698,26.67368010132494,26.914534913673638,28891103
2014-06-18,27.368059158325195,27.37745581453021,26.904645283951883,26.947179010840827,34835379
2014-06-19,27.443723678588867,27.448668888050268,27.12769187639067,27.411082269236523,49136535
2014-06-20,27.51593017578125,27.576267784209932,27.220770793783544,27.540164350358644,90166875
2014-06-23,27.940765380859375,27.94323798549841,27.411575017233815,27.456085684370162,30736155
2014-06-24,27.92444610595703,28.32138903213853,27.745905880439192,27.95263607046502,44142862
2014-06-25,28.618328094482422,28.683117148687383,27.954120631461123,27.95609758014697,39387843
2014-06-26,28.487268447875977,28.806266636078675,28.282021434268533,28.734555419603694,34839390
2014-06-27,28.548595428466797,28.678667308373,28.378462431130686,28.545629059363563,44738493
2014-06-30,28.451658248901367,28.663827402997494,28.4254452343125,28.61882297141157,26275943
2014-07-01,28.8171443939209,28.90270369928352,28.519412162048432,28.602005098711444,28959290
2014-07-02,28.80057716369629,28.954141613524847,28.70438206009186,28.850776524027935,21127848
2014-07-03,28.919029235839844,28.93287733693053,28.73059857833497,28.85078004254099,14283107
2014-07-07,28.79637336730957,29.003105450414385,28.664818306985573,28.87105473404407,21292298
2014-07-08,28.244434356689453,28.661752161195803,27.999374057573263,28.569367169671835,38190565
2014-07-09,28.491222381591797,28.52287436821741,28.159662571896963,28.26866527140054,22335153
2014-07-10,28.24492645263672,28.51644568831939,27.943734069014813,27.98824473683211,27134293
2014-07-11,28.644542694091797,28.72713564193907,28.260755448891995,28.284989625032075,32434806
2014-07-14,28.925949096679688,28.94276545634712,28.587663872927596,28.813683011434488,37081529
2014-07-15,28.921499252319336,28.972194270313192,28.514962930837978,28.968980073366833,32460877
2014-07-16,28.816652297973633,29.10053646614128,28.793901306654323,29.080753735705056,27942506
2014-07-17,28.375003814697266,28.734061247124764,28.121782199860977,28.661854370858833,60331186
2014-07-18,29.430912017822266,29.515977574928197,28.784012718586293,29.32804067791902,80283816
2014-07-21,29.153453826904297,29.39727687358958,28.94390482828429,29.26621746928322,41242922
2014-07-22,29.414093017578125,29.656926642195486,29.20933977649086,29.21527629810234,33983045
2014-07-23,29.475419998168945,29.567905253596248,29.303308167150277,29.339413493716236,24663528
2014-07-24,29.345346450805664,29.649507087872134,29.267203064160388,29.49866307164783,20702684
2014-07-25,29.13119888305664,29.27165683596062,29.03277899563154,29.199449964838806,18649061
2014-07-28,29.20933723449707,29.303305666396966,28.920163578680622,29.084212471841614,19736037
2014-07-29,28.962553024291992,29.16483178738887,28.858940091844783,29.117848508940728,26997920
2014-07-30,29.052066802978516,29.154938131693296,28.88292323570318,29.00903931892664,20329662
2014-07-31,28.269655227661133,28.86561351055851,28.19052430839267,28.714769486271653,42055146
2014-08-01,27.99616050720215,28.485291696440992,27.8369092400288,28.210310413253406,39105069
2014-08-04,28.3463134765625,28.455117537134775,27.898726644109743,28.143045326887663,28546159
2014-08-05,27.94670295715332,28.288452142096762,27.825038310092783,28.193000512244335,31024946
2014-08-06,28.011192321777344,28.225145460100354,27.695953199470427,27.78398700620397,26687069
2014-08-07,27.86212730407715,28.185083133550258,27.750354983930173,28.09160846548787,22218835
2014-08-08,28.129690170288086,28.202886452600467,27.71326157296871,27.87201905194549,29895854
2014-08-11,28.085674285888672,28.21475673181774,27.99269527233899,28.19002879403578,24294518
2014-08-12,27.830974578857422,27.987753240975575,27.73947873931352,27.919502157458385,30840441
2014-08-13,28.426929473876953,28.43781120493293,27.98033203178331,28.057486002168556,28784812
2014-08-14,28.420501708984375,28.581236155467963,28.23404801059179,28.4961706047443,19709966
2014-08-15,28.36263656616211,28.65443230831551,28.216242093129278,28.57925717715097,30383189
2014-08-18,28.79192543029785,28.908149212416777,28.48726910005206,28.492709965965204,25682318
2014-08-19,29.02437400817871,29.04811442150575,28.88292662403368,28.932384399602153,19573592
2014-08-20,28.90715980529785,29.016459536965307,28.81220193889688,28.97590654608649,20734771
2014-08-21,28.851764678955078,28.907650841975986,28.741475537362277,28.874021904774818,18296094
2014-08-22,28.81170654296875,28.944054274599385,28.71674868194545,28.862647498536635,15781209
2014-08-25,28.694984436035156,28.932379066460573,28.635636251382998,28.918530967526724,27228551
2014-08-26,28.579254150390625,28.774115061887404,28.515950177453156,28.747408284469486,32793789
2014-08-27,28.239980697631836,28.61041357231596,28.19561759238924,28.550075965552317,34067276
2014-08-28,28.15096092224121,28.35126273173273,28.04710205600578,28.16876670465998,25858801
2014-08-29,28.269655227661133,28.291416798005045,28.04556761844557,28.25630278364763,21675347
2014-09-02,28.553043365478516,28.577771302840823,28.24937650038419,28.282017907411138,31568434
2014-09-03,28.583215713500977,28.832973398109694,28.43781254821283,28.685095736143253,24302540
2014-09-04,28.78302001953125,28.981836734189194,28.646517862114205,28.68509390075227,29163850
2014-09-05,28.985795974731445,29.009040730371108,28.781538383646676,28.881937112530604,32647388
2014-09-08,29.165817260742188,29.26720351070563,28.99667369758478,29.01151121733518,28620362
2014-09-09,28.735048294067383,29.130209131988913,28.685094866842444,29.125263922416256,25744488
2014-09-10,28.83841323852539,28.858195968529117,28.53375692628764,28.759282318510483,19547521
2014-09-11,28.751861572265625,28.774612562264522,28.500125065098402,28.702899459163895,24420864
2014-09-12,28.468473434448242,28.76620568956576,28.41110408633675,28.734553700670347,32033708
2014-09-15,28.343841552734375,28.435337383449223,28.101995468727168,28.335928082800535,31951483
2014-09-16,28.68262481689453,28.75928503118391,28.322084197501226,28.327029407514367,29607064
2014-09-17,28.921001434326172,29.05700791724462,28.62450646916463,28.685585661668732,33856699
2014-09-18,29.143564224243164,29.156916668799205,28.932382581660804,29.031296234765453,28891103
2014-09-19,29.480365753173828,29.500148483427235,29.154939178369343,29.253852829636376,74732617
2014-09-22,29.04959487915039,29.374972262658417,28.856217132584135,29.368593055851186,33790518
2014-09-23,28.74098014831543,29.023874864169397,28.73455175485518,29.023874864169397,29428575
2014-09-24,29.08025550842285,29.16136526358488,28.710812056988033,28.757301563993483,34562632
2014-09-25,28.440776824951172,29.079762574233612,28.39725557732416,29.058496660537664,38519466
2014-09-26,28.541669845581055,28.648003199683647,28.42099462734318,28.49023512692784,28873054
2014-09-29,28.505075454711914,28.595579985487653,28.24839181674822,28.27707743966111,25648224
2014-09-30,28.55452537536621,28.67767318474513,28.331474508645222,28.53325946361833,32434806
2014-10-01,28.104963302612305,28.565408818034363,28.04264685612356,28.487761087928597,28909153
2014-10-02,28.194482803344727,28.284989220529518,27.860153335512425,28.05748687515684,23568530
2014-10-03,28.451658248901367,28.54785146143024,28.31416667404029,28.34136910885361,22834521
2014-10-06,28.554035186767578,28.734554252597583,28.410115211782852,28.625748292147083,24292512
2014-10-07,27.880922317504883,28.45116323116753,27.880922317504883,28.408135747248334,38226664
2014-10-08,28.31416893005371,28.382420012810126,27.57181803821958,27.971432223542244,39817018
2014-10-09,27.739477157592773,28.26421609677721,27.649464507744387,28.24888481232216,50496258
2014-10-10,26.928876876831055,27.949671089604088,26.907115305269393,27.583193965531184,61638766
2014-10-13,26.371000289916992,27.176657050672713,26.365561316002378,26.953604257480187,51633371
2014-10-14,26.60493278503418,27.062410081120905,26.369021312820205,26.6524117163832,44451708
2014-10-15,26.213727951049805,26.350723880546468,25.633596586443844,26.262194411282838,74387672
2014-10-16,25.940723419189453,26.18405270603539,25.470387442618655,25.66821474685494,74171079
2014-10-17,25.280963897705078,26.260707412767346,25.150396381405024,26.07623257831423,110787334
2014-10-20,25.75921630859375,25.80471829029958,25.129133424800358,25.1959013210395,52150788
2014-10-21,26.041122436523438,26.05348735260674,25.673655897352504,25.974354538217426,46725935
2014-10-22,26.34627342224121,26.696923611836414,26.15289566285474,26.206804882673918,58385859
2014-10-23,26.903656005859375,27.063894807040125,26.501569196932017,26.673185386222716,46976621
2014-10-24,26.695934295654297,26.948164576027896,26.498598868128216,26.922447216217815,39462046
2014-10-27,26.744897842407227,26.924921262533097,26.559927320655348,26.559927320655348,23706909
2014-10-28,27.146982192993164,27.150937982395785,26.786935360124538,26.85518644299322,25419598
2014-10-29,27.168245315551758,27.408608211342482,27.05202154846923,27.201382379183524,35410955
2014-10-30,27.21671485900879,27.33986268110949,26.880406565977967,27.149453200402625,29113713
2014-10-31,27.650453567504883,27.674687742148105,27.43630367669586,27.663806011270058,40701440
2014-11-03,27.459550857543945,27.59209533661586,27.361130972595795,27.473398957609692,27645693
2014-11-04,27.404653549194336,27.47340028863003,27.166765123616273,27.349756802312335,24884132
2014-11-05,26.999601364135742,27.537694688095137,26.907116101125943,27.537694688095137,40645286
2014-11-06,26.80770492553711,27.04732433883268,26.75478513295599,26.97882543454007,26665008
2014-11-07,26.756763458251953,27.01393892690998,26.641033456856597,27.01393892690998,32675465
2014-11-10,27.077245712280273,27.18110645855108,26.757258131105722,26.779019700583923,22692131
2014-11-11,27.215726852416992,27.297332271113667,27.01839331155016,27.126705511027183,19310873
2014-11-12,27.068344116210938,27.224133351248515,26.96250641624886,27.220673218024267,22593862
2014-11-13,26.97289276123047,27.191494105241073,26.87892431995042,27.191494105241073,26787343
2014-11-14,26.924421310424805,27.03718304861548,26.813142756576745,27.03718304861548,25790614
2014-11-17,26.534208297729492,26.89425511543284,26.413088501337025,26.883869040394266,34520517
2014-11-18,26.461013793945312,26.802761089383786,26.41848007065741,26.58317220608544,39253475
2014-11-19,26.55794906616211,26.619767969368823,26.216199897368167,26.459529179990614,27844237
2014-11-20,26.451120376586914,26.464968476993914,26.265657989250872,26.274065223978837,31267610
2014-11-21,26.58316993713379,26.81265111232825,26.536680428310945,26.786438097180156,44485801
2014-11-24,26.67070770263672,26.84034692277597,26.490190535404786,26.59058736571113,34127440
2014-11-25,26.760229110717773,26.903655329621472,26.637673417666104,26.65735777421889,35798014
2014-11-26,26.72511100769043,26.78346977156268,26.56051727282343,26.750332708933456,30459397
2014-11-28,26.797319412231445,26.80572664646286,26.53865885698294,26.737475568747573,22966883
2014-12-01,26.400175094604492,26.776544456920398,26.304229719582057,26.65240722965046,42307838
2014-12-02,26.397708892822266,26.48425952717685,26.20235417904396,26.385839632058534,30533600
2014-12-03,26.277524948120117,26.508786312849892,26.175643044566073,26.283459577515316,25559983
2014-12-04,26.573774337768555,26.57525941410432,26.142508169862065,26.269613677850753,27842232
2014-12-05,25.977815628051758,26.355174464866046,25.929349169402318,26.261699788966563,51312493
2014-12-08,26.062885284423828,26.261702020897978,25.905117195795075,26.070303099346944,46587556
2014-12-09,26.3789119720459,26.419466850620722,25.742400721829334,25.823508587162095,37426473
2014-12-10,26.01738166809082,26.525304226661657,25.99265183806133,26.364569790554278,34245764
2014-12-11,26.130144119262695,26.40611480339665,26.068817090364384,26.103437339888988,32216207
2014-12-12,25.651399612426758,26.13805817350441,25.651399612426758,25.89126686793576,39891221
2014-12-15,25.411035537719727,25.870985371713704,25.38482252512617,25.85318148447944,56268061
2014-12-16,24.50053596496582,25.373948210605523,24.184506019817007,25.300258149346167,79285081
2014-12-17,24.970375061035156,25.074729573162205,24.570762793207866,24.580159447759723,57663883
2014-12-18,25.277503967285156,25.414499888235248,24.960978405979866,25.36899979992798,58534266
2014-12-19,25.53715705871582,25.604912489317545,25.070330371274448,25.297783545119085,73804074
2014-12-22,25.958528518676758,26.037165674066397,25.523800333202537,25.523800333202537,54475152
2014-12-23,26.241422653198242,26.437766763210433,26.028755946870703,26.06387185238827,43952341
2014-12-24,26.151412963867188,26.299241445903746,26.06486233035632,26.23746794129106,14118657
2014-12-26,26.41155433654785,26.422436067667206,26.079203717704683,26.151410587204598,20810980
2014-12-29,26.228559494018555,26.483264238813913,26.212783634347232,26.32055097409743,45570772
2014-12-30,26.233013153076172,26.26911658650707,26.070299874625217,26.11777880298485,17525986
2014-12-31,26.034196853637695,26.34083199828,26.00452181351147,26.27406410390445,27364925
2015-01-02,25.95555877685547,26.27505258970549,25.920444764347867,26.163278374900965,28951268
2015-01-05,25.414499282836914,25.931820385968408,25.374440060893726,25.878900593032547,41196796
2015-01-06,24.82546615600586,25.528499383228933,24.7804617228449,25.470386550497906,57998800
2015-01-07,24.782934188842773,25.086797823877696,24.71122108453902,25.074729923691617,41301082
2015-01-08,24.86107635498047,24.90064181528337,24.28341760765092,24.62912256697824,67071641
2015-01-09,24.539112091064453,24.971859554615378,24.470861009115723,24.963947975916774,41427428
2015-01-12,24.360074996948242,24.52951557824538,24.113283697764697,24.478277609129634,46535413
2015-01-13,24.539602279663086,24.875908647129034,24.352159186689093,24.67115732293393,47409807
2015-01-14,24.77155876159668,24.888276299129583,24.382330670235294,24.46393608548133,44714427
2015-01-15,24.817060470581055,25.009448806197422,24.617748084535897,25.004007940341356,54316718
2015-01-16,25.128143310546875,25.133584175995562,24.728529148056424,24.729024804088258,45965854
2015-01-20,25.069782257080078,25.346740444614248,25.026062372150538,25.27255663467301,44640224
2015-01-21,25.620737075805664,25.68206410615246,25.03516486442852,25.08709523994197,45374234
2015-01-22,26.429359436035156,26.525306720883883,25.70283737066071,25.790869293011514,53538588
2015-01-23,26.7043399810791,26.81413536363385,26.360613860642918,26.48870878892629,45634948
2015-01-26,26.469913482666016,26.657356600952063,26.19592352113706,26.63411184570756,30874534
2015-01-27,25.64991569519043,26.2468633841269,25.62815412536506,26.210758058549473,38080263
2015-01-28,25.223102569580078,25.865550387009897,25.223102569580078,25.85516431156756,33676205
2015-01-29,25.25574493408203,25.277010850012026,24.787881540902507,25.27256129621189,83727244
2015-01-30,26.435791015625,26.700386235322437,25.496106527405004,25.51292288990181,112127002
2015-02-02,26.137067794799805,26.36061244541352,25.64595780643306,26.297802232954346,56996054
2015-02-03,26.17465591430664,26.38039668800156,25.878902487973136,26.113328882768492,40773638
2015-02-04,25.85417366027832,26.34439261418195,25.78048360720586,26.174655015553707,33273101
2015-02-05,26.092557907104492,26.138059891525515,25.82103864425489,25.9051166707651,36995292
2015-02-06,26.26169776916504,26.56833100541761,26.034689210737756,26.095522472163548,35270570
2015-02-09,26.104921340942383,26.311157768263914,26.015404345409657,26.1133285755708,25355423
2015-02-10,26.55547523498535,26.59306374735161,26.059915658467716,26.177622621622188,34997823
2015-02-11,26.50749969482422,26.630153746325046,26.37930640368378,26.474362631461037,27555446
2015-02-12,26.851720809936523,26.94519548324695,26.44335510448995,26.57080680942667,32404724
2015-02-13,27.152423858642578,27.19693453095568,26.861615628563627,26.872497360421196,38006060
2015-02-17,26.847274780273438,27.201387006975626,26.760724145478108,27.044608335789643,32336537
2015-02-18,26.69197654724121,26.97833331310808,26.58366435086834,26.776054568364987,29061570
2015-02-19,26.848756790161133,26.86062605046597,26.608395755811376,26.609878940395213,19782163
2015-02-20,26.65488052368164,26.89227514660508,26.499089415599038,26.861610689156254,28887092
2015-02-23,26.306705474853516,26.530696597246504,26.183061996929204,26.51145681925042,29157834
2015-02-24,26.51343536376953,26.54805561287455,26.12569235742713,26.21224108837278,20101036
2015-02-25,26.898210525512695,27.014434289833954,26.481534094499658,26.50403725518333,36519991
2015-02-26,27.472408294677734,27.505051596901865,26.78100026258503,26.865572049465793,46230579
2015-02-27,27.6168212890625,27.928895390496358,27.344806408638956,27.41108053522377,48203982
2015-03-02,28.256797790527344,28.296857013464496,27.634132742090873,27.722166549890513,42592618
2015-03-03,28.370548248291016,28.457096977658214,28.018413025892876,28.212780181544698,34095352
2015-03-04,28.357194900512695,28.542163516462214,28.09210594608448,28.283009191719426,37536775
2015-03-05,28.454132080078125,28.58173135001178,28.35917421987397,28.43879890366352,27792094
2015-03-06,28.076032638549805,28.520899086439922,28.03028471935303,28.43187585289255,33182854
2015-03-09,28.133651733398438,28.203879764903775,27.87078754177073,28.03522995280835,21242161
2015-03-10,27.449167251586914,27.93582396274123,27.43531915027551,27.906150811229022,35846146
2015-03-11,27.25974464416504,27.6039664364113,27.2350167031778,27.455595006853724,36415706
2015-03-12,27.47389030456543,27.516422129467855,27.224130761133203,27.374976664096458,27792094
2015-03-13,27.06884002685547,27.616823733341565,26.91552339514572,27.37448386999432,34071287
2015-03-16,27.424434661865234,27.540164670674002,27.003554582424268,27.248367043926006,32819860
2015-03-17,27.242929458618164,27.38932204367111,27.102471503573632,27.285956945041935,36110871
2015-03-18,27.671226501464844,27.685074601653458,27.05301287797633,27.325025888566454,42690887
2015-03-19,27.596548080444336,27.73552096004785,27.505298177438675,27.66578669221413,23945563
2015-03-20,27.71375846862793,27.78102202117717,27.64897130449908,27.777559996112757,52337299
2015-03-23,27.63709831237793,27.812672158691846,27.489716320749224,27.717220539570782,32876014
2015-03-24,28.199918746948242,28.417530649651418,27.755795835321525,27.82256183377582,51665459
2015-03-25,27.635866165161133,28.30230034761432,27.63364138828825,28.215255952462694,43045859
2015-03-26,27.45707893371582,27.64155190079219,27.233530486591427,27.57676284413741,31452115
2015-03-27,27.119281768798828,27.462514078488024,27.108895694940074,27.349752342176362,37949906
2015-03-30,27.301780700683594,27.37299814429188,27.110875575116957,27.281502316355336,25750504
2015-03-31,27.102468490600586,27.434325320837893,27.039162624520156,27.201382132772995,31760961
2015-04-01,26.833423614501953,27.257763829137872,26.682083934915724,27.132143400823253,39261497
2015-04-02,26.48573875427246,26.748850751578594,26.402502595992093,26.748850751578594,34327989
2015-04-06,26.54682159423828,26.6281791895328,26.19097836102079,26.32203966753896,26488525
2015-04-07,26.559429168701172,26.839851294135272,26.50898387139295,26.611855198290723,26057345
2015-04-08,26.786436080932617,26.897220871025624,26.626691072813536,26.626691072813536,23570536
2015-04-09,26.74538803100586,26.803253031848968,26.483761116741732,26.75775105387537,31157308
2015-04-10,26.70730972290039,26.820071480745757,26.573775813370734,26.820071480745757,28189181
2015-04-13,26.66576385498047,26.907609954362325,26.573774254216666,26.628177235176352,32906096
2015-04-14,26.23152732849121,26.586628889309008,26.117876440571248,26.52134607881642,52082601
2015-04-15,26.337369918823242,26.446175884453897,25.876926243249496,26.147949845193605,46376979
2015-04-16,26.400175094604492,26.48870454821972,26.192951170323546,26.207293032616413,25997180
2015-04-17,25.917972564697266,26.204327426302836,25.76762231020487,26.14596865927738,43037837
2015-04-20,26.478321075439453,26.513435088388302,25.940227819091845,25.99463079686083,33585958
2015-04-21,26.408586502075195,26.67664370686172,26.393994918718796,26.583662800549817,36895018
2015-04-22,26.67540740966797,26.760227021117224,26.2987920652078,26.42985335754596,31871263
2015-04-23,27.053010940551758,27.248861277895482,26.718187738863485,26.75627001165488,83697161
2015-04-24,27.94620704650879,28.246905669933557,27.559947219402087,27.99764176483422,98650102
2015-04-27,27.54237937927246,28.06707293712473,27.434763368259528,27.940114988929828,47960000
2015-04-28,27.458568572998047,27.574616414447306,27.294216966824393,27.506178040865283,29820000
2015-04-29,27.230440139770508,27.45856677556609,27.122574414121125,27.299374164907086,33976000
2015-04-30,26.64822006225586,27.206139571747734,26.534652401142353,27.170431527511965,41644000
2015-05-01,26.67599105834961,26.75732215659161,26.38835165705384,26.702274069860763,35364000
2015-05-04,26.818819046020508,26.981980691223402,26.535148660708806,26.70723589831097,26160000
2015-05-05,26.323881149291992,26.76723975947044,26.303597089919357,26.691362772591344,27662000
2015-05-06,25.997562408447266,26.402239082058415,25.842089107227068,26.3457040240936,31340000
2015-05-07,26.318923950195312,26.45580069325353,25.875067739177297,25.986155232990576,30926000
2015-05-08,26.69186019897461,26.837168762646506,26.036243487720064,26.61400058295981,30552000
2015-05-11,26.5668888092041,26.87833297256008,26.552011560024855,26.699302759077298,18106000
2015-05-12,26.23659896850586,26.443351858700787,26.049138827507623,26.363556911812456,32684000
2015-05-13,26.265365600585938,26.498550970934183,26.217508304515032,26.311981864667967,25046000
2015-05-14,26.700790405273438,26.730546796204557,26.403729719306863,26.471174890206818,28078000
2015-05-15,26.475139617919922,26.744131389281687,26.303052384275837,26.739469952408868,39426000
2015-05-18,26.398269653320312,26.52324307071351,26.227173742496205,26.383888062054446,40068000
2015-05-19,26.649211883544922,26.812869184195236,26.43497118130414,26.481587442751916,39338000
2015-05-20,26.743932723999023,26.924947441488126,26.431597535637295,26.705250743621114,28616000
2015-05-21,26.904613494873047,26.97057168976053,26.58077228446607,26.678469490844368,29254000
2015-05-22,26.785593032836914,26.987930423326837,26.755836643968653,26.787575657004627,23524000
2015-05-26,26.399263381958008,26.730545126482983,26.278257093304102,26.68690280087354,48130000
2015-05-27,26.76972198486328,26.80741265319779,26.36901246113346,26.423067345755353,30500000
2015-05-28,26.769227981567383,26.810390136476467,26.594164909188397,26.681447671438622,20596000
2015-05-29,26.38884735107422,26.71219290408174,26.356117027687667,26.649706193402707,51948000
2015-06-01,26.48208236694336,26.620943619001636,26.272306358500227,26.620943619001636,38086000
2015-06-02,26.73946762084961,26.92891225814873,26.350163895055207,26.429512364904486,38780000
2015-06-03,26.795509338378906,26.953710635797695,26.636812384929264,26.775673638060383,34340000
2015-06-04,26.616479873657227,26.809396016745573,26.498449413272404,26.669049683453242,26966000
2015-06-05,26.449352264404297,26.641277090215105,26.409181424076383,26.59912173394559,27764000
2015-06-08,26.126995086669922,26.48852693367248,26.097736249572957,26.448357989661105,30412000
2015-06-09,26.12005615234375,26.244533926852682,25.93755445884088,26.16320282250432,29106000
2015-06-10,26.615985870361328,26.698805838554723,26.25197567026092,26.25247132633627,36300000
2015-06-11,26.512828826904297,26.72954968503986,26.43397601050767,26.702025642292455,24350000
2015-06-12,26.39975929260254,26.438936927740443,26.292141399297467,26.36355559355217,19116000
2015-06-15,26.145349502563477,26.19990193686819,25.986652543759018,26.1850227963561,32654000
2015-06-16,26.192459106445312,26.266353470978252,26.064014204244497,26.204858073807035,21436000
2015-06-17,26.24750518798828,26.332805309546078,26.041198797158568,26.252961187246918,25884000
2015-06-18,26.617969512939453,26.688390509669716,26.323387117580097,26.333801570271913,36662000
2015-06-19,26.615985870361328,26.69335172990879,26.433484168327233,26.641775120816174,37870000
2015-06-22,26.69037437438965,26.965614825825845,26.65764215711871,26.75980405730743,25006000
2015-06-23,26.80394172668457,26.854475941084644,26.54457173086006,26.762283917419463,23950000
2015-06-24,26.673015594482422,26.780135941499466,26.564903935421917,26.780135941499466,25732000
2015-06-25,26.5435791015625,26.82477121200604,26.5435791015625,26.724098170769377,26714000
2015-06-26,26.36802101135254,26.669050722023318,26.351159246095637,26.64425467611036,42182000
2015-06-29,25.863658905029297,26.215271969569212,25.815058132253927,26.036737437519495,38756000
2015-06-30,25.81357192993164,26.098235520167048,25.81307627388734,26.086829755697288,44344000
2015-07-01,25.879528045654297,26.0704615490936,25.70049974540489,26.022852087234877,39220000
2015-07-02,25.956897735595703,26.018888798023873,25.841843095590395,25.841843095590395,24718000
2015-07-06,25.93011474609375,26.04864275118471,25.738687468052177,25.763483512339395,25610000
2015-07-07,26.037235260009766,26.09476352090112,25.549242975861514,25.943505190429633,31944000
2015-07-08,25.631067276000977,25.92386375350861,25.595361126769994,25.840349503333677,25934000
2015-07-09,25.822002410888672,25.975243360528104,25.80563630319589,25.943008692977845,36846000
2015-07-10,26.2906551361084,26.41116576447424,26.063519815424897,26.100219171473768,39134000
2015-07-13,27.104970932006836,27.132742806284927,26.40323355860118,26.427036400710644,44130000
2015-07-14,27.826549530029297,28.06206563280329,27.112908799147633,27.115387079636612,64882000
2015-07-15,27.78290367126465,28.094495378208276,27.61280095228322,27.778440875134113,35692000
2015-07-16,28.756412506103516,28.797574659735307,28.019958428780257,28.025910084967663,95366000
2015-07-17,33.37251663208008,33.44879091464807,31.987388676347145,32.18576083571801,223298000
2015-07-20,32.88105392456055,33.171667312792906,32.38462974509682,32.69359375999472,117218000
2015-07-21,32.845340728759766,33.375983983702184,32.44859648163325,32.493727662656404,67544000
2015-07-22,32.83542251586914,33.65568784658892,32.68168590574886,32.775414083192736,78586000
2015-07-23,31.95168113708496,32.91130154507686,31.789015141042047,32.79426239231366,60582000
2015-07-24,30.92411231994629,32.14459333726049,30.872535718425937,32.08656753225618,72514000
2015-07-27,31.107608795166016,31.456741712393672,30.772359922173404,30.797155966292326,53508000
2015-07-28,31.144306182861328,31.383840470985607,30.911716754562853,31.383840470985607,34546000
2015-07-29,31.339208602905273,31.410125255075403,30.878986280613567,31.1839831260016,31502000
2015-07-30,31.371938705444336,31.5023681359623,30.849231563087027,31.243493790948268,29484000
2015-07-31,31.025781631469727,31.387809190015716,31.020325631266726,31.311932194127426,34122000
2015-08-03,31.303497314453125,31.395046113373773,31.012388327837325,31.012388327837325,26090000
2015-08-04,31.206298828125,31.482034938416334,31.102649958739732,31.165136674002117,29818000
2015-08-05,31.926883697509766,32.12922488359343,31.40020939367503,31.458231423081386,46686000
2015-08-06,31.87233543395996,32.00618907615635,31.355082311383597,31.987391979329836,31452000
2015-08-07,31.50633430480957,31.872328991930956,31.22911123536237,31.750828941349013,28078000
2015-08-10,31.42847442626953,31.910021287543653,31.305434437727182,31.713633665375188,36184000
2015-08-11,32.769962310791016,33.47021078564478,32.44711239825747,33.187531714117334,100584000
2015-08-12,32.70945358276367,32.979237991737406,32.34891116054992,32.88401907477412,58734000
2015-08-13,32.55522537231445,32.9544479741873,32.31772664969678,32.69765650046835,36214000
2015-08-14,32.58845138549805,32.72408709876406,32.367267706461426,32.483811202333435,21442000
2015-08-17,32.77442169189453,32.79971528327108,32.29684387727515,32.5725799677998,21034000
2015-08-18,32.53935623168945,32.92965323339929,32.406944169415205,32.82550870219291,29122000
2015-08-19,32.77590560913086,33.078422230923024,32.443138838612825,32.56266003287193,42682000
2015-08-20,32.07814025878906,32.879563110601296,31.88324149185927,32.50612600981823,57106000
2015-08-21,30.37462615966797,31.7418989852804,30.3671875356309,31.728510597103824,85304000
2015-08-24,29.240436553955078,29.722479066903478,28.02243753942233,28.416699748290707,115406000
2015-08-25,28.866010665893555,30.6211002041909,28.81889685993366,30.495135473383247,70760000
2015-08-26,31.1750545501709,31.328297397490736,29.708593733553663,30.26899342198032,84718000
2015-08-27,31.62089729309082,31.917462318745063,30.846752510216806,31.709667024905762,69826000
2015-08-28,31.262338638305664,31.584692907125305,30.97370979145069,31.383346821990415,39574000
2015-08-31,30.660776138305664,31.531131078992125,30.632508610763267,31.121494082185645,43534000
2015-09-01,29.646106719970703,30.393470885046046,29.463109377724,29.87274638668722,74042000
2015-09-02,30.466867446899414,30.466867446899414,29.741325396137558,30.032930053321174,51512000
2015-09-03,30.06566047668457,30.73318046327925,29.895606957373,30.598783906799447,35192000
2015-09-04,29.790424346923828,29.92779675101677,29.52014422700273,29.75570950384804,41780000
2015-09-08,30.482738494873047,30.5645671447266,29.96002947479314,30.375122488332167,45590000
2015-09-09,30.38652801513672,31.070909813605862,30.231798200771372,30.808068337506832,34042000
2015-09-10,30.814516067504883,30.953872987994618,30.32255660691172,30.4053765744015,38106000
2015-09-11,31.033714294433594,31.03420995045949,30.619614494784386,30.735164778775314,27470000
2015-09-14,30.908245086669922,31.038176962142106,30.719296091656233,31.03024268212681,34046000
2015-09-15,31.49839973449707,31.674949764330584,30.935024224876706,31.07983524234974,41688000
2015-09-16,31.54006004333496,31.637757260135338,31.358549655164243,31.51476834101119,25730000
2015-09-17,31.88324546813965,32.279986019724184,31.492452789821478,31.62982520374119,45494000
2015-09-18,31.206298828125,31.73942231569738,31.095706990377245,31.580229699412214,102668000
2015-09-21,31.513277053833008,31.565349314499034,31.042146535859352,31.461700449199476,35770000
2015-09-22,30.880970001220703,31.121991264813992,30.52092507395674,31.09471504796898,51258000
2015-09-23,30.864604949951172,31.190430703308838,30.747565798256478,30.849232044855142,29418000
2015-09-24,31.03520393371582,31.11058337969957,30.370659721667902,30.58093328275832,44802000
2015-09-25,30.349334716796875,31.232088704102015,30.30122959334618,31.232088704102015,43480000
2015-09-28,29.502288818359375,30.48001202199967,29.2290328742689,30.268499310421298,62554000
2015-09-29,29.506258010864258,30.003673466103457,29.27069084442859,29.6208169919315,46190000
2015-09-30,30.173280715942383,30.19014248134942,29.791913099553554,29.918373502380746,48268000
2015-10-01,30.31561279296875,30.355286087541348,29.7482701135896,30.170801767917297,37352000
2015-10-02,31.090251922607422,31.111576483088886,29.910932974029066,30.11277659818174,53696000
2015-10-05,31.812326431274414,31.888699085796826,31.09471671040732,31.34268095547944,36072000
2015-10-06,32.00920486450195,32.1981557508326,31.56733319586373,31.681892167026067,43326000
2015-10-07,31.856460571289062,32.265550849895504,31.35011765927967,32.197661107208745,41854000
2015-10-08,31.697763442993164,31.960109263817557,31.023300438702307,31.806868308927545,43642000
2015-10-09,31.918458938598633,32.03648942447772,31.507234596307587,31.739428693356093,32974000
2015-10-12,32.0702018737793,32.16095610540445,31.69032129304898,31.84306657490955,25504000
2015-10-13,32.34941864013672,32.62277108330022,31.89564359569076,31.89564359569076,36154000
2015-10-14,32.29287338256836,32.70102528368357,32.17831630980627,32.39453961585163,28310000
2015-10-15,32.81757354736328,32.886507576919016,32.45653539849464,32.466456087088694,37714000
2015-10-16,32.84038543701172,32.97775784156152,32.592421190321666,32.935108717588584,32222000
2015-10-19,33.03379440307617,33.06950055533715,32.710448841343535,32.78979542596417,29546000
2015-10-20,32.249237060546875,32.96535790504764,31.947465761675183,32.93163437498955,49964000
2015-10-21,31.868858337402344,32.52645766436143,31.825214122257016,32.44115942541593,35822000
2015-10-22,32.32412338256836,32.62217537507164,31.938291078971623,32.071694450029085,81420000
2015-10-23,34.814178466796875,36.20277975154256,34.78938431248998,36.07879762910577,133078000
2015-10-26,35.348793029785156,35.664700011972656,34.777483162186655,34.79186475632382,54332000
2015-10-27,35.13603973388672,35.39045131045381,34.940645286577414,35.080991637106905,44916000
2015-10-28,35.35721969604492,35.3587066642041,34.86773853366333,35.0785096488667,43578000
2015-10-29,35.55410385131836,35.62055581322169,35.2114163468176,35.23571862725404,29120000
2015-10-30,35.25109100341797,35.607664438928765,35.21339844323123,35.49508619803374,38176000
2015-11-02,35.76190185546875,35.787195451246774,35.00511444288278,35.26349505052458,37726000
2015-11-03,35.813968658447266,35.93745132445199,35.44499627753511,35.65031137093138,31308000
2015-11-04,36.10904312133789,36.35651167818984,35.80107426291783,35.80603082295874,34134000
2015-11-05,36.2647705078125,36.672918682831984,36.17649454119114,36.17649454119114,37232000
2015-11-06,36.389244079589844,36.471072724288796,36.054490877060836,36.27716528395142,30232000
2015-11-09,35.94935989379883,36.43636279593584,35.678584115971915,36.21269704689008,41396000
2015-11-10,36.11946487426758,36.232039342194426,35.63246196732482,35.925061749806815,32160000
2015-11-11,36.4705810546875,36.74829979410634,36.21418687678589,36.32477871649261,27328000
2015-11-12,36.26377868652344,36.58960254674799,36.13558159856877,36.252371029945216,36744000
2015-11-13,35.558067321777344,36.259806512240885,35.54467704213163,36.16161365059482,41510000
2015-11-16,36.15120315551758,36.17748427666238,35.27688103139685,35.48863967048576,38118000
2015-11-17,35.969688415527344,36.29427499554551,35.85696261816316,36.16756488820724,30218000
2015-11-18,36.698707580566406,36.768632921249434,36.05399904204879,36.082766011650705,33686000
2015-11-19,36.619850158691406,36.797885243238404,36.57124560443267,36.63621437301252,26542000
2015-11-20,37.52195358276367,37.587414240353255,36.84749049388997,37.02255168719411,44246000
2015-11-23,37.49119567871094,37.824855398400686,37.28488927880389,37.564098728878,28290000
2015-11-24,37.109336853027344,37.4564360799008,36.58117182389276,37.293819276737466,46662000
2015-11-25,37.10289001464844,37.29381975303299,36.999241145136594,37.102394358595795,22442000
2015-11-27,37.20753479003906,37.363753489490094,37.07016237381719,37.11826750230054,16770000
2015-11-30,36.82765197753906,37.43912889037565,36.761691881868096,37.135620886340654,41952000
2015-12-01,38.03969955444336,38.1344190494382,37.0309789310863,37.051312180511175,42692000
2015-12-02,37.808589935302734,38.48181184965137,37.63898477859733,38.13193547331386,44608000
2015-12-03,37.32060241699219,38.13665285821586,36.97791866724544,37.98861817003168,51812000
2015-12-04,38.028289794921875,38.11160541226041,37.194634181868544,37.34837079239077,55146000
2015-12-07,37.851741790771484,38.123512670958,37.44706697427278,38.07590320131682,36246000
2015-12-08,37.808101654052734,37.92861418918728,37.4029273946129,37.5859266497169,36590000
2015-12-09,37.27448654174805,37.900345090219645,36.54998485845429,37.64940688348898,54000000
2015-12-10,37.16785430908203,37.48475256790498,36.88864861135268,37.33597629860551,39768000
2015-12-11,36.642662048339844,36.98187613414503,36.53752622686963,36.75622780504004,44488000
2015-12-14,37.084041595458984,37.131651059205275,35.913650160933116,36.787476596818145,48250000
2015-12-15,36.86731719970703,37.59534127588362,36.84797904835974,37.34341181603069,53324000
2015-12-16,37.5958366394043,37.719818744358015,36.67068147605108,37.19463148611519,39866000
2015-12-17,37.16636657714844,37.82347026622665,37.145042016823425,37.81057564209826,31068000
2015-12-18,36.66448974609375,37.39945690171984,36.60696337203706,37.021558870829246,62974000
2015-12-21,37.084041595458984,37.194633426965005,36.69870498127214,37.00270860390767,30514000
2015-12-22,37.19463348388672,37.435159083106555,36.97295416451137,37.27646213158732,27308000
2015-12-23,37.21001052856445,37.40342234151237,36.89708127856113,37.3667248734232,31318000
2015-12-24,37.11528396606445,37.26158573667899,37.0270117880202,37.17231846292854,10544000
2015-12-28,37.815040588378906,37.838847212665925,37.170831519027914,37.33944537864755,30306000
2015-12-29,38.51380157470703,38.68142410354004,38.00943945299766,38.02233407577457,35300000
2015-12-30,38.236083984375,38.5633985881863,38.03275528073816,38.51380649829687,25866000
2015-12-31,37.6350212097168,38.1616955065504,37.608240647690124,38.1616955065504,30018000
2016-01-04,36.78995132446289,36.90004748931385,36.26516137103558,36.847481470402776,65456000
2016-01-05,36.826656341552734,37.29381782243431,36.63125814154166,37.018577382107345,39014000
2016-01-06,36.87823486328125,37.05478680160326,36.149219363128424,36.202780488645686,38940000
2016-01-07,36.02374267578125,36.6243112360295,35.66022631449395,36.21814575920418,59274000
2016-01-08,35.43259811401367,36.36295958341381,35.35969884388613,36.27468362600758,49018000
2016-01-11,35.50996398925781,35.65006438475442,34.89054906956582,35.53873095768605,41812000
2016-01-12,36.007877349853516,36.14078505176928,35.57378861966331,35.7901632815888,40490000
2016-01-13,34.742767333984375,36.43785060615285,34.64606142655195,36.2449344473729,50034000
2016-01-14,35.44499969482422,35.80231473507945,34.17443270934238,34.981803441839844,44516000
2016-01-15,34.43975067138672,35.04924866679912,33.98944906649985,34.33262843232412,72162000
2016-01-19,34.803768157958984,35.20993373842204,34.388181327958414,34.87865384906198,45362000
2016-01-20,34.638118743896484,35.05469677221312,33.3888727476446,34.15012463670177,68900000
2016-01-21,35.04180908203125,35.66668003175498,34.440249101791494,34.8231074657169,48244000
2016-01-22,35.96721649169922,36.110044903631724,35.71285410729204,35.88538783226813,40236000
2016-01-25,35.29374313354492,36.18691159459544,35.21141882171223,35.88439490977739,34234000
2016-01-26,35.3616828918457,35.621550430772984,35.03635470397138,35.401853732252086,26634000
2016-01-27,34.71449661254883,35.619318604180734,34.43677788516297,35.39292487048683,43884000
2016-01-28,36.25038528442383,36.38577504899795,35.32746243492149,35.816943559014625,53528000
2016-01-29,36.845008850097656,36.946179449673174,36.04408534178604,36.27865932218482,69486000
2016-02-01,37.2938232421875,37.584440412486465,36.860880882418996,37.21745058296157,102784000
2016-02-02,37.921165466308594,39.17189853688485,37.921165466308594,38.905583699499104,126962000
2016-02-03,36.051517486572266,38.40965583652546,35.73164531030284,38.19740155346325,123420000
2016-02-04,35.11223220825195,36.05399760120439,34.80723348052091,35.84620421169612,103374000
2016-02-05,33.90018081665039,34.912866580117814,33.73057187090819,34.90691492438238,102114000
2016-02-08,33.8590202331543,33.922993913912094,32.883031887313656,33.12058355354843,84948000
2016-02-09,33.62940216064453,34.71003066156571,33.166205933284914,33.342262195325496,72178000
2016-02-10,33.92745590209961,34.7799539392373,33.828763605192655,34.06333753293918,52760000
2016-02-11,33.87737274169922,34.18683242060489,33.171074129652624,33.47517618216195,60480000
2016-02-12,33.84215545654297,34.40503529154093,33.65370401272987,34.231956751460494,42828000
2016-02-16,34.26865005493164,34.61580218861608,33.973572065571496,34.36684290485566,50400000
2016-02-17,35.131568908691406,35.198520307576004,34.28750076126159,34.62026756434162,49852000
2016-02-18,34.58357238769531,35.32746509763303,34.51810795253834,35.21092160371874,37664000
2016-02-19,34.76012420654297,34.867787511160685,34.419914974492144,34.468515752837405,31786000
2016-02-22,35.03536605834961,35.37160248815486,34.83947218536402,35.08446249470494,38996000
2016-02-23,34.509185791015625,35.131574724769,34.396611317955866,34.78690455290807,40186000
2016-02-24,34.693172454833984,34.71499267171999,33.76181961156334,34.16550308303934,39272000
2016-02-25,35.000152587890625,35.01156024503048,34.24807961618592,34.71549086818341,32844000
2016-02-26,34.966426849365234,35.38102228041199,34.757638382218936,35.140496694958586,44870000
2016-02-29,34.604400634765625,35.255057023746126,34.599935946751735,34.730861030942165,49622000
2016-03-01,35.64783477783203,35.64783477783203,34.70358724933836,34.89452078074101,43028000
2016-03-02,35.649818420410156,35.70684913391489,35.31010485230673,35.65725704462235,32580000
2016-03-03,35.3309326171875,35.679571766373016,35.01353871559243,35.64138355083289,39160000
2016-03-04,35.25505447387695,35.532776966423945,35.01353757159688,35.458386945498255,39442000
2016-03-07,34.47496032714844,35.1162446141676,34.065325227914094,35.05718209258585,59702000
2016-03-08,34.415950775146484,34.902949885543826,33.98796122194472,34.14914025034779,41526000
2016-03-09,34.97486114501953,34.996681362484246,34.41743726119979,34.639116595522644,28430000
2016-03-10,35.35076904296875,35.53029489169378,34.88162117400037,35.11768207650321,56670000
2016-03-11,36.045074462890625,36.05003480725582,35.564272937442354,35.70685162295999,39416000
2016-03-14,36.22707748413086,36.47553735387171,35.962249615296116,36.04457391587055,34366000
2016-03-15,36.11996078491211,36.31634653507027,35.943408845295124,36.05003544103354,34420000
2016-03-16,36.50479507446289,36.573233437509764,35.93050761205798,36.02275259719082,32488000
2016-03-17,36.5886116027832,36.85095743764982,36.50033563651306,36.522651510203055,37216000
2016-03-18,36.579681396484375,36.79788732887803,36.29352897219833,36.79094436125233,59614000
2016-03-21,36.8023567199707,36.822689969447055,36.37714813988103,36.52513363551167,36730000
2016-03-22,36.73588943481445,36.94666048796404,36.572731617812394,36.572731617812394,25394000
2016-03-23,36.60248947143555,36.98237003102595,36.50776621360598,36.81573882372361,28642000
2016-03-24,36.46561813354492,36.586970619920045,36.25236874980819,36.302456493849405,31898000
2016-03-28,36.377838134765625,36.64861767246844,36.326759078244535,36.5395128077394,26026000
2016-03-29,36.93526077270508,37.05825156949752,36.14128037697174,36.43040674554661,38076000
2016-03-30,37.220924377441406,37.58543214693189,37.13215274747415,37.19959981404121,35648000
2016-03-31,36.944190979003906,37.23678694625413,36.74532318767985,37.157440362314695,34376000
2016-04-01,37.19017028808594,37.21149484891006,36.549926456415854,36.62927682717587,31534000
2016-04-04,36.9610481262207,37.33349008961125,36.819211057275496,37.19760467615864,22684000
2016-04-05,36.589603424072266,36.83756766932473,36.46909467756208,36.59952411271747,22646000
2016-04-06,36.98088455200195,37.00816076503111,36.47850884647284,36.48892518916521,21074000
2016-04-07,36.71258544921875,37.045847862172685,36.51421334376051,36.965014322318595,29064000
2016-04-08,36.65654754638672,36.968981071218856,36.4780130225874,36.895586151271004,25816000
2016-04-11,36.50529098510742,36.94666697242286,36.50281270513681,36.84847411471708,24402000
2016-04-12,36.85194396972656,36.888645215354835,36.25286234843253,36.599518856109036,27060000
2016-04-13,37.27993392944336,37.4118541125261,36.91002316769073,37.15297787417008,34142000
2016-04-14,37.35333251953125,37.5571606661181,37.32878430221478,37.39350336158565,22706000
2016-04-15,37.64097595214844,37.74016014408446,37.32824343516209,37.39202037646344,36186000
2016-04-18,38.01837158203125,38.0897838848252,37.55666232668842,37.713372868021466,31176000
2016-04-19,37.389530181884766,38.18152792773903,37.161403563130925,38.16218599293616,40610000
2016-04-20,37.327049255371094,37.59792719177532,37.19513285056702,37.59138150468767,30584000
2016-04-21,37.64790725708008,37.7128722394527,37.1723121287007,37.461438461141235,61210000
2016-04-22,35.645851135253906,36.50628735854467,35.38995261236651,36.019284466814206,119038000
2016-04-25,35.863067626953125,35.90174771593269,35.48814356385283,35.51343715622575,39184000
2016-04-26,35.11867904663086,35.99280062113704,34.865058286889685,35.97564184168535,54892000
2016-04-27,35.00461196899414,35.16033497852006,34.336350379970185,35.07651992623204,61972000
2016-04-28,34.26964569091797,35.41772123798955,34.196746420025555,35.12462583546657,57346000
2016-04-29,34.36833953857422,34.596961832782405,34.169471741282045,34.25377867163334,49754000
2016-05-02,34.626220703125,34.74673322627841,34.26865594925333,34.59745751826386,32906000
2016-05-03,34.33610153198242,34.607868592001886,34.318246564404326,34.55976347274189,30876000
2016-05-04,34.50173568725586,34.70258606670471,34.16996025166827,34.24335895016364,33870000
2016-05-05,34.78590774536133,34.83004761681113,34.50273302745921,34.600925890811276,33670000
2016-05-06,35.2664680480957,35.30316551689433,34.621116252223054,34.63465409564624,36586000
2016-05-09,35.354736328125,35.6428713661158,35.21091663712047,35.31010080433503,30206000
2016-05-10,35.86455535888672,35.88042391964533,35.494591631901265,35.545674473771086,31392000
2016-05-11,35.4732666015625,35.92902422218325,35.34978014218597,35.87596254046323,33842000
2016-05-12,35.37507247924805,35.669654852825666,35.16132744093233,35.5610456457724,27214000
2016-05-13,35.252079010009766,35.54130373627645,35.17421940041392,35.30663143741538,26290000
2016-05-16,35.532779693603516,35.63146821731675,34.99519341801311,35.16777631231714,26342000
2016-05-17,35.023948669433594,35.78222278930793,34.91881285732462,35.50797371351367,40024000
2016-05-18,35.043792724609375,35.29026997915669,34.74623641419437,34.89699530167941,35336000
2016-05-19,34.73086166381836,35.012549429922764,34.5562961429281,34.8320322527835,33404000
2016-05-20,35.198020935058594,35.43805085002732,34.74077641411501,34.79532883950033,36568000
2016-05-23,34.92526626586914,35.284215814233654,34.922288546123355,35.038832032285576,26614000
2016-05-24,35.7113151550293,35.754955589854454,35.05519896267663,35.05519896267663,38590000
2016-05-25,35.968204498291016,36.079291991706654,35.69221866911107,35.74453875967481,32584000
2016-05-26,35.91117477416992,36.11995948613463,35.72073690384123,35.8491837134637,31526000
2016-05-27,36.334693908691406,36.39797518522878,35.90522119495722,35.90571685099467,39500000
2016-05-31,36.486446380615234,36.68531416875603,36.265262720814356,36.289069344158754,42590000
2016-06-01,36.408592224121094,36.560346227973575,36.23551365744542,36.42743850648843,25072000
2016-06-02,36.22261428833008,36.352548056252914,35.91365032044786,36.326758808352096,26836000
2016-06-03,35.82289505004883,36.177482063951174,35.734619092673825,36.166573848053346,24526000
2016-06-06,35.53574752807617,35.950342928051775,35.43953730110512,35.950342928051775,31306000
2016-06-07,35.540706634521484,35.805035029697216,35.535746291467774,35.6989079035999,26724000
2016-06-08,36.11747360229492,36.13185519239133,35.73560662990091,35.903232935094536,31674000
2016-06-09,36.13235855102539,36.17996801873409,35.822698370129324,35.84918380873386,19778000
2016-06-10,35.677589416503906,35.9989485687495,35.52980068070066,35.680563352662155,24328000
2016-06-13,35.625518798828125,35.97663626565715,35.53377323760796,35.53377323760796,25178000
2016-06-14,35.621055603027344,35.829344650384634,35.36564896245043,35.53228398397018,26122000
2016-06-15,35.65328598022461,35.854632045782054,35.57344374259625,35.65725501194066,24290000
2016-06-16,35.22877502441406,35.54071293072047,34.87666249425193,35.45441959428446,39650000
2016-06-17,34.304359436035156,35.152400369288905,34.14229127442205,35.14396664999499,68048000
2016-06-20,34.40305709838867,34.837985848490376,34.38817984875492,34.65399528511547,41650000
2016-06-21,34.51364517211914,34.85236363504717,34.318742629030865,34.63564087597058,29312000
2016-06-22,34.58902359008789,34.757637431474535,34.371903567779945,34.66837016731883,23686000
2016-06-23,34.8077278137207,34.811696845518625,34.070282462393145,34.5885305600037,43428000
2016-06-24,33.486083984375,34.18931019704619,33.398303675895654,33.48360192048007,88980000
2016-06-27,33.14091491699219,33.34127347418124,32.89414252098004,33.27680035006406,52580000
2016-06-28,33.72511672973633,33.739498321615734,33.3759857091943,33.67205505004236,43476000
2016-06-29,33.926963806152344,34.09155944909648,33.79306100159639,33.87191571619799,38652000
2016-06-30,34.323204040527344,34.334116039296774,33.904143937993766,33.99440251311329,31954000
2016-07-01,34.67580795288086,34.74722403265999,34.324690560169664,34.328163935599456,26894000
2016-07-05,34.46454620361328,34.56323471613872,34.163516538887734,34.51959428737407,29252000
2016-07-06,34.604400634765625,34.79830808902322,34.17393282118213,34.2180726943771,28238000
2016-07-07,34.4848747253418,34.625716679370804,34.130533713178394,34.61976502469405,26084000
2016-07-08,34.99420166015625,34.998166908461044,34.53819432147078,34.690194245276686,31504000
2016-07-11,35.46335220336914,35.533773202368494,35.07404651730416,35.114217361188544,22236000
2016-07-12,35.73859405517578,35.852655495004505,35.504020079024336,35.66321270887087,26738000
2016-07-13,35.55707550048828,35.90521898265675,35.55062818876477,35.886372703493144,18718000
2016-07-14,35.75395965576172,35.816446363579345,35.609148649506565,35.78520111785377,19004000
2016-07-15,35.69940948486328,35.99150979580903,35.65998402094371,35.9910141397847,25586000
2016-07-18,36.39023971557617,36.506783212755956,35.76586820200205,35.841249543938055,25910000
2016-07-19,36.54794692993164,36.549433898191786,36.15318901775368,36.19732511127688,24550000
2016-07-20,36.757728576660156,36.80434295293687,36.55489171807099,36.5662993759017,25794000
2016-07-21,36.630767822265625,36.782521828574794,36.49195762905069,36.716565514672794,20526000
2016-07-22,36.834590911865234,36.859385064311105,36.52810522125438,36.790946695710325,25196000
2016-07-25,36.68730163574219,36.82814741943239,36.57472716691385,36.73193716858821,20648000
2016-07-26,36.6203498840332,36.782516428250894,36.41453912405371,36.65109569220663,23734000
2016-07-27,36.78648376464844,36.91988711864999,36.549923423764525,36.61340522855885,30250000
2016-07-28,36.99179458618164,37.12767620450527,36.66398439126779,37.047833977181874,70604000
2016-07-29,38.12648391723633,38.61051286049587,38.0263084241681,38.32089081440126,76830000
2016-08-01,38.32931900024414,38.70374361747339,37.744618934571434,37.744618934571434,54010000
2016-08-02,38.23955535888672,38.47611192329477,38.079867097329135,38.12152490469198,35690000
2016-08-03,38.34419631958008,38.345683287666304,38.02878503814585,38.04664000608194,25748000
2016-08-04,38.26633834838867,38.38833405847892,38.126733605802684,38.296588501977716,22806000
2016-08-05,38.792518615722656,38.8331851153521,38.30254177951934,38.37395409008931,36024000
2016-08-08,38.76970672607422,38.81285150565878,38.587747978814626,38.78160625530279,22158000
2016-08-09,38.89368438720703,39.125776259604876,38.710685161560335,38.73697006460312,26378000
2016-08-10,38.91451644897461,39.02024631657836,38.82019045415062,38.86839395090383,15728000
2016-08-11,38.922950744628906,39.16595466344342,38.829714425945724,38.93038936984322,19502000
2016-08-12,38.84210968017578,38.85078933664031,38.70225899916365,38.75681143460634,14810000
2016-08-15,38.80343246459961,39.053875003227226,38.68788027276556,38.868397465706046,18764000
2016-08-16,38.54057693481445,38.73101476632858,38.35728260298043,38.697291242679896,20560000
2016-08-17,38.67795181274414,38.72258733773398,38.36154924075554,38.54950880462091,18484000
2016-08-18,38.558441162109375,38.824260383811435,38.53364322347105,38.68291894411458,14388000
2016-08-19,38.455284118652344,38.53859973575918,38.34171834901286,38.43445521437564,17230000
2016-08-22,38.293113708496094,38.41164360548232,38.18896918733077,38.348661236751425,19028000
2016-08-23,38.289649963378906,38.5058733188695,38.27501864912475,38.458263847118786,18564000
2016-08-24,38.168636322021484,38.409657583031574,38.04118461518604,38.21525447490614,21440000
2016-08-25,38.157230377197266,38.2802211730229,37.84851235579194,38.03770917343992,18538000
2016-08-26,38.16368103027344,38.48801791983302,37.980681788542256,38.13690046886722,23334000
2016-08-29,38.293113708496094,38.4339594778105,38.018618641411564,38.12400419447306,16952000
2016-08-30,38.141353607177734,38.40796732224532,38.029770479794514,38.15325691729769,22600000
2016-08-31,38.04019546508789,38.14136227319373,37.95737549864954,38.03820905719442,24972000
2016-09-01,38.1259880065918,38.237075499296246,37.90381302118289,38.14929897534357,18502000
2016-09-02,38.25889205932617,38.38088774497615,38.10763375441567,38.3357603516583,21454000
2016-09-06,38.6863899230957,38.78160507219005,38.23608450865843,38.357588346642395,28856000
2016-09-07,38.69978332519531,38.81781379670619,38.49397253827964,38.682424011097154,17874000
2016-09-08,38.450321197509766,38.69977615971132,38.364031649990146,38.61249151655907,25406000
2016-09-09,37.6737060546875,38.34742374016714,37.6737060546875,38.19145477205598,37710000
2016-09-12,38.13788604736328,38.20086840935092,37.393002135041655,37.44904152969495,26220000
2016-09-13,37.67518997192383,37.999031195046925,37.48227383168107,37.91273785732326,27900000
2016-09-14,37.814056396484375,38.07144192234038,37.64643381737532,37.671227974770055,21748000
2016-09-15,38.27377700805664,38.374943813236065,37.68858125956853,37.833887938681045,26102000
2016-09-16,38.13094711303711,38.174091889542325,37.92166675891482,38.174091889542325,40986000
2016-09-19,37.97323989868164,38.38486140544149,37.91080237588955,38.30650235217376,23456000
2016-09-20,38.25641632080078,38.3516352499528,38.11358792707276,38.13689889514498,19572000
2016-09-21,38.494964599609375,38.54158275853826,38.10223848775296,38.31841265318134,23356000
2016-09-22,39.039981842041016,39.17090691585342,38.605053158553005,38.68241711497997,29724000
2016-09-23,39.02461242675781,39.125283575221495,38.88823134108962,39.00923573839172,28238000
2016-09-26,38.3952751159668,38.81830429091396,38.33874006000275,38.81830429091396,30664000
2016-09-27,38.831695556640625,38.979480512266164,38.4001380601944,38.459253555898165,23064000
2016-09-28,38.759788513183594,38.77218748290466,38.43297331372467,38.575801726297314,22196000
2016-09-29,38.43495559692383,38.97006364549716,38.39637387793592,38.75383651234812,26294000
2016-09-30,38.54801940917969,38.729036011849175,38.38932246160714,38.50041373017824,31706000
2016-10-03,38.31344985961914,38.487273794564345,38.16169586247536,38.39726492256741,25576000
2016-10-04,38.50537872314453,38.61845264052928,38.32982186543214,38.48554112739923,24028000
2016-10-05,38.50735855102539,38.78507727673323,38.4666920542419,38.648200538024696,29224000
2016-10-06,38.52669906616211,38.70622493680801,38.461238412645734,38.63283000258973,21414000
2016-10-07,38.43842697143555,38.66556231045154,38.22368681775073,38.66556231045154,18664000
2016-10-10,38.97700500488281,39.14760528492676,38.477603133849954,38.56885682220188,23498000
2016-10-11,38.83466720581055,39.29141610971496,38.7111807542194,39.01270608743635,27450000
2016-10-12,38.98691940307617,39.08561170981462,38.784582012819605,38.868888943457016,18748000
2016-10-13,38.5926628112793,38.742929853670525,38.33527729382479,38.742929853670525,27306000
2016-10-14,38.60952377319336,38.87831695609651,38.48405466749029,38.7642555085972,17050000
2016-10-17,38.6804313659668,38.97253164070598,38.55843189369713,38.6724970869273,21860000
2016-10-18,39.439208984375,39.75412463018622,38.958407470806556,39.07172731067447,41138000
2016-10-19,39.74866485595703,39.90240146017568,39.57657762832678,39.58699018825023,35336000
2016-10-20,39.524009704589844,39.871161896104034,39.47739155163624,39.837934023428225,35150000
2016-10-21,39.643035888671875,39.64948320150983,39.37672478884826,39.42631688354724,25324000
2016-10-24,40.324440002441406,40.42709756318998,39.91331788701243,39.91728313556265,33950000
2016-10-25,40.054656982421875,40.50148905270636,39.92918788708669,40.50148905270636,31528000
2016-10-26,39.62815475463867,40.02043435258392,39.49177745349148,39.98869723123161,32954000
2016-10-27,39.44367599487305,39.847359502954056,39.25274245844771,39.723873031116995,54984000
2016-10-28,39.444664001464844,40.442472597976895,39.356388037589845,40.0883774303799,85398000
2016-10-31,38.90757369995117,39.51855491655902,38.88079313857422,39.44962088890619,48546000
2016-11-01,38.861446380615234,39.15305101600269,38.46123254503578,38.82574023108686,48128000
2016-11-02,38.12202072143555,38.764247146137336,37.861657532503166,38.59315122816367,37448000
2016-11-03,37.79619598388672,38.184014688747816,37.64245936581322,38.05011188028106,38864000
2016-11-04,37.790748596191406,38.20435281984574,37.22246182618952,37.22737298379334,42696000
2016-11-07,38.80739212036133,38.939804167598226,38.31295064359624,38.40965653899366,31702000
2016-11-08,39.203636169433594,39.45769957990102,38.691835440540736,38.85102802903192,27338000
2016-11-09,38.94575881958008,39.23920234242608,38.26931315578289,38.67944773654954,52142000
2016-11-10,37.8175163269043,39.23636758052186,37.3027454067178,39.23636758052186,94904000
2016-11-11,37.39399719238281,37.72924606555732,37.21348002360954,37.51897061691815,48636000
2016-11-14,36.50429916381836,37.58393627842559,36.080774365467335,37.47234935953472,73088000
2016-11-15,37.61567687988281,37.90956307117957,37.04436708812952,37.04436708812952,47680000
2016-11-16,37.91273498535156,38.0059712841679,37.21992519039327,37.45251271416721,29452000
2016-11-17,38.247493743896484,38.32039302278884,37.90034152831272,38.03374868430304,26080000
2016-11-18,37.717342376708984,38.43445448435329,37.6905618169142,38.25443297340722,30942000
2016-11-21,38.146820068359375,38.17161800730478,37.72032124721139,37.82000487544691,26612000
2016-11-22,38.1006965637207,38.531656235520245,38.03771041209388,38.31691988365932,31862000
2016-11-23,37.73965835571289,38.101339692051596,37.4549966685306,38.07391591443882,29568000
2016-11-25,37.77388000488281,37.93852862305093,37.716353633188994,37.90183115665667,11748000
2016-11-28,38.099212646484375,38.65911865813239,37.68065186751579,37.69056877344648,43764000
2016-11-29,38.22814178466797,38.60802233593957,38.09919935076009,38.26236096282058,32332000
2016-11-30,37.593360900878906,38.33477530073288,37.43416829112322,38.18996428316432,47858000
2016-12-01,37.09148025512695,37.68312328490548,36.551166001141425,37.56360586121763,60358000
2016-12-02,37.21942901611328,37.39300320443562,36.85243926522201,36.926333628119785,29050000
2016-12-05,37.81553268432617,37.883971047257525,37.33845055139955,37.57699350967962,27884000
2016-12-06,37.64643096923828,38.12847354537497,37.558650653651625,37.9251410384945,33814000
2016-12-07,38.24550247192383,38.25393240687205,37.48226796664714,37.74014906012396,35220000
2016-12-08,38.504878997802734,38.59216365313085,38.049121350850236,38.309484564994456,29762000
2016-12-09,39.14313507080078,39.150078038479975,38.633865553806665,38.682417140324056,36438000
2016-12-12,39.142147064208984,39.240339932016255,38.898397799031734,38.932367264474614,42082000
2016-12-13,39.480865478515625,39.891495701253724,39.34398873760292,39.371760610620925,42904000
2016-12-14,39.52897262573242,39.872651463757386,39.37721862844614,39.54533684330156,34084000
2016-12-15,39.567657470703125,39.82306034733303,39.32316281150861,39.5423638759908,32530000
2016-12-16,39.21802520751953,39.71673087618484,39.1927316139424,39.69411609551012,48876000
2016-12-19,39.38663864135742,39.55823022695009,38.99336772326297,39.189261590045945,24642000
2016-12-20,39.49673080444336,39.60732263141363,39.34051592332797,39.51359445947112,19020000
2016-12-21,39.40449142456055,39.50943050776577,39.034527712434844,39.46796944867931,24226000
2016-12-22,39.24083709716797,39.34299900089897,39.107929382921874,39.295389533299726,19444000
2016-12-23,39.17387771606445,39.31422780996496,39.043448308695645,39.22297414185981,12468000
2016-12-27,39.25521469116211,39.56814768294331,39.06215099838366,39.212069916169895,15782000
2016-12-28,38.932865142822266,39.388127138061336,38.84111958199852,39.361846015268455,23076000
2016-12-29,38.82078552246094,38.97650854984767,38.628860684299944,38.84756608440285,14886000
2016-12-30,38.27675247192383,38.82029043205709,38.206827129671744,38.81880346384623,35400000
2017-01-03,38.98691940307617,39.1599979523571,38.47413106740492,38.62340299216513,33146000
2017-01-04,39.02461242675781,39.24480478801585,38.839134906975865,39.09701604599339,21460000
2017-01-05,39.377708435058594,39.40051996177968,38.931372102391,38.98394190704563,26704000
2017-01-06,39.979270935058594,40.06605992725718,39.28764916110463,39.439206396761904,32804000
2017-01-09,40.00407409667969,40.168522194189144,39.81462752736099,39.99167512708397,25492000
2017-01-10,39.91182327270508,40.127059062016556,39.84834524933766,40.06407669466996,23536000
2017-01-11,40.066558837890625,40.07846215080525,39.742221938222976,39.92224346561168,21318000
2017-01-12,39.989688873291016,40.04076793168294,39.63311542574184,40.02836896321255,27062000
2017-01-13,40.06507110595703,40.2309077859007,40.00605398221162,40.045233512688846,21984000
2017-01-17,39.90290069580078,40.02836978395375,39.69262901807655,40.02539584760418,27242000
2017-01-18,39.975303649902344,39.98199689776075,39.72337040589312,39.96240902655499,25888000
2017-01-19,39.78214645385742,40.144421883650914,39.76354989061396,39.92819852664702,18386000
2017-01-20,39.92323303222656,40.016964995971385,39.75808876138451,40.016964995971385,33400000
2017-01-23,40.63190841674805,40.70927236705537,39.85974831429942,40.033818148399206,39272000
2017-01-24,40.858055114746094,40.95872625294688,40.55806594409973,40.78019550329438,29480000
2017-01-25,41.44325256347656,41.448212907288266,40.917070188795705,41.14321419282467,29890000
2017-01-26,41.268680572509766,41.55880202020327,41.01377340157991,41.549376989213876,59478000
2017-01-27,40.83028793334961,41.754697824262564,40.687955189645244,41.39564609247008,59316000
2017-01-30,39.78933334350586,40.45982732020681,39.664359916363715,40.40130963857859,64932000
2017-01-31,39.51508331298828,39.736266977482856,39.204136720297925,39.518552905179966,43212000
2017-02-01,39.460784912109375,39.73329738246556,39.23736887926488,39.65841169417708,40594000
2017-02-02,39.60137939453125,39.808181501060055,39.277538124468855,39.36680541135496,30642000
2017-02-03,39.7481689453125,39.9718308823808,39.69262520305339,39.82255896687628,29268000
2017-02-06,39.7407341003418,39.75709831751571,39.43871308127282,39.65940110326192,23690000
2017-02-07,40.01993942260742,40.19500438380097,39.76255393664161,39.872154462498955,24824000
2017-02-08,40.08986282348633,40.26145440037589,39.83247734996888,40.02142445514211,23106000
2017-02-09,40.14839172363281,40.202944166000414,39.8994361401328,40.14590965939414,19794000
2017-02-10,40.35220718383789,40.43056623720083,40.15929105376468,40.254509978773456,22700000
2017-02-13,40.628440856933594,40.71368990332428,40.44246770313682,40.46775750945147,24266000
2017-02-14,40.688446044921875,40.814910212720896,40.46775805080945,40.61653808929058,21094000
2017-02-15,40.61554718017578,40.81491061757392,40.59025358963837,40.634389675445235,26272000
2017-02-16,40.87244415283203,40.88434746618883,40.6155543052925,40.66266433536415,25752000
2017-02-17,41.066349029541016,41.066349029541016,40.74820973083401,40.81590651059289,32220000
2017-02-21,41.244388580322266,41.333160202936995,41.08023561607625,41.095608521313814,25246000
2017-02-22,41.19974899291992,41.32323544599444,41.094613163291534,41.09560447532099,19658000
2017-02-23,41.22801971435547,41.28405911228825,40.80895958624508,41.1680112847279,29456000
2017-02-24,41.09461212158203,41.11246708856083,40.87441978034491,41.049484723583284,27844000
2017-02-27,41.12635803222656,41.18686212456142,40.86450785311793,40.89178407109316,22030000
2017-02-28,40.8253288269043,41.08965728959221,40.6760531102895,40.94435060516074,45216000
2017-03-01,41.42192840576172,41.47226586930965,41.02617544896228,41.10503016016211,29930000
2017-03-02,41.19330978393555,41.38572649593623,41.144209564259356,41.352998060997564,18850000
2017-03-03,41.11643600463867,41.22950990499133,40.95134470485324,41.18983471947693,17928000
2017-03-06,41.051971435546875,41.1065238760589,40.785160889868806,41.01080927711087,22180000
2017-03-07,41.25678634643555,41.33117637377111,40.98948017425698,41.03312060837978,20752000
2017-03-08,41.42837905883789,41.56624711691707,41.25083581394774,41.336134060320674,19796000
2017-03-09,41.592529296875,41.75717792105706,41.37084995497311,41.45962157967574,25230000
2017-03-10,41.81916809082031,41.90149240115469,41.63319490847103,41.82065884264823,34080000
2017-03-13,41.932735443115234,42.088704398988476,41.81916588852081,41.856362793212234,24472000
2017-03-14,41.936702728271484,42.0170444140186,41.69766786254861,41.83850985700328,15598000
2017-03-15,42.01506423950195,42.08598089692674,41.696183325501856,42.03440617797261,27630000
2017-03-16,42.09341049194336,42.196068035372065,41.96198976684191,42.105809458839126,19552000
2017-03-17,42.25905990600586,42.32253793908851,42.01059999073862,42.233770094172726,34246000
2017-03-20,42.07456588745117,42.164828251208476,41.91339066229467,42.15441190783893,24630000
2017-03-21,41.184871673583984,42.32749121273033,41.113459371249974,42.22334669531252,49270000
2017-03-22,41.1417236328125,41.437297289864844,41.022206221184476,41.256780140669804,28030000
2017-03-23,40.54612350463867,40.79359209610298,40.28213935011739,40.71572868896676,69742000
2017-03-24,40.38990020751953,40.761846536369355,40.11515542884215,40.67010098601585,39620000
2017-03-27,40.64182662963867,40.74696623546997,39.84139897692486,40.018942192126666,37886000
2017-03-28,40.711753845214844,40.96318762600722,40.36991014775906,40.68646025689532,32410000
2017-03-29,41.23198699951172,41.29918433638686,40.784163666298454,40.91409743575955,35726000
2017-03-30,41.236454010009766,41.34456378561088,41.11247188958498,41.33563819289597,21106000
2017-03-31,41.1402473449707,41.2434005689514,41.03262943242685,41.110988500344554,28038000
2017-04-03,41.586082458496094,41.7001438848588,41.12337809004517,41.12337809004517,33430000
2017-04-04,41.388702392578125,41.41895254585061,41.11425650544624,41.229509778596096,20908000
2017-04-05,41.23198699951172,41.77949394969077,41.19776781512553,41.43531948170034,31106000
2017-04-06,41.05692672729492,41.47896082153251,40.986505732853814,41.281084335003335,25088000
2017-04-07,40.897735595703125,41.086932432884296,40.69157672706281,41.06089346333224,21146000
2017-04-10,40.90071105957031,41.12982902820039,40.85310159050463,40.93344327898438,19578000
2017-04-11,40.83226776123047,41.03445758092292,40.51834723725421,40.89971481624446,21594000
2017-04-12,40.880374908447266,40.99642274458271,40.71671760662461,40.76184879209048,18010000
2017-04-13,40.84268569946289,40.98253637514763,40.737546081045934,40.7722609219476,22448000
2017-04-17,41.517642974853516,41.54640615869003,40.88781173204973,40.91459229179649,17900000
2017-04-18,41.50028610229492,41.604926283686105,41.29646173971381,41.37134363984084,16734000
2017-04-19,41.569217681884766,41.76808547223928,41.47399875471464,41.6475729533926,19084000
2017-04-20,41.73982238769531,41.91587488522624,41.62427020040551,41.72940604284892,19180000
2017-04-21,41.81619644165039,41.85041563015063,41.68774962484298,41.80082353553844,26472000
2017-04-24,42.786720275878906,42.820939457477444,42.14697216860061,42.21342790783067,27450000
2017-04-25,43.25983810424805,43.39373711397238,42.78919948711872,42.89780868981269,33440000
2017-04-26,43.2315673828125,43.44581185510352,43.0340919748969,43.355549490541236,24744000
2017-04-27,43.35654830932617,43.41357902436133,43.16462347550685,43.32431174778569,40536000
2017-04-28,44.92913818359375,45.469202769935706,44.91971693458339,45.162225181197805,65526000
2017-05-01,45.2569465637207,45.411178835729416,44.70547055994066,44.72977284100711,42320000
2017-05-02,45.4488639831543,45.66360411264887,45.102358810762205,45.110641184887186,31744000
2017-05-03,45.974552154541016,46.027118178921846,45.25560497806912,45.370510152935715,29990000
2017-05-04,46.20366668701172,46.415429087880504,45.853044935944894,45.9264436426068,28442000
2017-05-05,45.9790153503418,46.364351986621195,45.883300761337544,46.29690492714419,38226000
2017-05-08,46.3345947265625,46.46477442980593,45.88627574564026,45.928924865414714,26596000
2017-05-09,46.22896957397461,46.49329804849986,46.09804447693911,46.466021828966035,31636000
2017-05-10,46.06084442138672,46.2205326953185,45.88131855427346,46.21954138320452,23478000
2017-05-11,46.15110778808594,46.246822387867795,45.775691797851685,45.88925758480083,16700000
2017-05-12,46.231441497802734,46.2919455852758,46.0147225232369,46.19722231406773,21012000
2017-05-15,46.47246170043945,46.530483722852345,46.08861206406593,46.267642258686784,22162000
2017-05-16,46.76605224609375,46.77150446216067,46.49725912908451,46.61727220432861,19390000
2017-05-17,45.6065673828125,46.58419017232981,45.53317246029059,46.40253414463626,47242000
2017-05-18,46.13324737548828,46.2785540424826,45.56342457935566,45.67500771955796,31938000
2017-05-19,46.320213317871094,46.50593676548737,46.170937614436205,46.19424858214113,27860000
2017-05-22,46.70951843261719,46.710661090097624,46.36931297780415,46.36931297780415,22408000
2017-05-23,47.054683685302734,47.185953072648104,46.74497434936121,47.01004815862627,25416000
2017-05-24,47.35918426513672,47.36563157712761,47.08840472878694,47.26098761719096,20496000
2017-05-25,48.082244873046875,48.23543662816561,47.38447095763386,47.476715943550545,33210000
2017-05-26,48.1779670715332,48.352036944107226,47.85858672953768,48.090186759319195,25040000
2017-05-30,48.396663665771484,48.412536009370214,48.07976542069124,48.12043191628102,29334000
2017-05-31,47.850154876708984,48.564788747638566,47.618059200147435,48.35401763227654,48962000
2017-06-01,47.95380401611328,48.17945238161544,47.609629531396514,48.0529881982333,28210000
2017-06-02,48.38277816772461,48.396664103728064,47.90668731176325,48.07827888770126,35020000
2017-06-05,48.78348922729492,48.943676936050096,48.35798554165593,48.42989350407396,25042000
2017-06-06,48.430885314941406,49.010129403122214,48.35996866387686,48.75770426436263,36292000
2017-06-07,48.64760208129883,48.79836474094017,48.39963787755805,48.600983933192595,29078000
2017-06-08,48.770103454589844,48.82762982537833,48.46213078445703,48.717533644294186,29638000
2017-06-09,47.104774475097656,48.82415611089649,46.40055695933459,48.82415611089649,66188000
2017-06-12,46.76109313964844,47.08121503900971,45.389007553128714,46.59545322202652,75270000
2017-06-13,47.28181838989258,47.608141683286,46.82010910660742,47.20792780254151,40266000
2017-06-14,47.15089416503906,47.66616457988293,46.72886005961909,47.60516483227592,29794000
2017-06-15,46.731842041015625,46.78287191764366,45.84561649915472,46.318237834467325,42662000
2017-06-16,46.606361389160156,46.71844397115485,46.20044559529882,46.61727338883854,61894000
2017-06-19,47.47870635986328,47.608640140883395,47.06609348639408,47.11122467476972,30666000
2017-06-20,47.14445114135742,47.68947605994235,47.11370154737944,47.48614356574073,22520000
2017-06-21,47.58185577392578,47.61409233447384,47.15089230919052,47.29372070404128,24044000
2017-06-22,47.464813232421875,47.64483473530996,47.338848502727046,47.54465925220891,18828000
2017-06-23,47.8863525390625,47.90668578639397,47.32149008514301,47.45191950494402,30558000
2017-06-26,47.225772857666016,48.26920815759894,47.15237793588856,48.10009487665425,31968000
2017-06-27,45.98893737792969,47.02840382292845,45.965130752181466,46.73927742328597,51598000
2017-06-28,46.641578674316406,46.753657479900795,45.42704730312723,46.07175583053071,54428000
2017-06-29,45.51581573486328,46.18383140075077,45.16023362250989,46.11737565828304,65984000
2017-06-30,45.06650924682617,45.92545849297812,45.04568034150161,45.92545849297812,41804000
2017-07-03,44.569095611572266,45.32488789031439,44.375184359748594,45.237607017005736,34196000
2017-07-05,45.21428680419922,45.353146150290534,44.55916581405407,44.720840469598535,36278000
2017-07-06,44.965335845947266,45.37467583495663,44.61868310159675,44.83788414167799,28490000
2017-07-07,45.55549621582031,45.701794213832535,45.07246234579929,45.07246234579929,32756000
2017-07-10,46.061832427978516,46.140191482967204,45.605083512427136,45.71319706323577,23856000
2017-07-11,46.12581253051758,46.19226449389359,45.72460355184279,46.0985363132439,22264000
2017-07-12,46.80721664428711,46.9297080054442,46.343025313212905,46.55181001081003,30642000
2017-07-13,46.97235870361328,47.33388868138214,46.766547951860424,46.92921014560263,25894000
2017-07-14,47.41026306152344,47.455889901237036,47.01426416681704,47.21238658226798,21076000
2017-07-17,47.28281021118164,47.64582716145339,47.07556167608684,47.46034965458197,23310000
2017-07-18,47.87693786621094,48.007862960002505,47.142962021071945,47.26198758534368,23080000
2017-07-19,48.14919662475586,48.25582321095844,47.80899118497712,47.99793829337584,24490000
2017-07-20,48.013309478759766,48.39765096363009,47.68401229317959,48.35301922356777,32490000
2017-07-21,48.24987030029297,48.26524320432322,47.61656946256732,47.720713982240625,34220000
2017-07-24,48.61784744262695,48.90846456833731,48.14324734155184,48.21515530121965,64966000
2017-07-25,47.14792251586914,47.59425892422628,46.885081015290545,47.30215479674789,93220000
2017-07-26,47.00410079956055,47.361169911077866,46.73029812233689,47.3453013499188,41766000
2017-07-27,46.324180603027344,47.20148045475708,45.62541908622052,47.20148045475708,64260000
2017-07-28,46.693153381347656,46.80721859474977,45.997365795406495,46.09159341588502,36928000
2017-07-31,46.146141052246094,46.795310416497976,45.92495361678247,46.711003493064446,39402000
2017-08-01,46.16250991821289,46.49066449168231,46.08465029855587,46.239378225772036,25554000
2017-08-02,46.140689849853516,46.250290375165655,45.4607708248046,46.05241388561636,36488000
2017-08-03,45.80643081665039,46.23243393581667,45.736505479409296,46.13820631833644,24050000
2017-08-04,46.020179748535156,46.13657568659563,45.77568887555165,45.96017509418737,21646000
2017-08-07,46.089603424072266,46.205651252652544,45.94777013196701,46.07472617644494,20644000
2017-08-08,45.962154388427734,46.40967882233824,45.90363292291573,45.97703163691763,21232000
2017-08-09,45.76924133300781,45.921986643799904,45.48904052210815,45.65567177024498,23842000
2017-08-10,44.99261474609375,45.5887225018852,44.93756665477607,45.50391612902146,36480000
2017-08-11,45.34720230102539,45.515320499177164,44.910287194424974,45.028813305092775,24136000
2017-08-14,45.75783157348633,45.85691738015517,45.53565658617937,45.750888605132985,21290000
2017-08-15,45.73552322387695,45.95025962210384,45.616501430187995,45.83520307747824,17668000
2017-08-16,45.9705810546875,46.25524273081102,45.79626148610422,45.887761098169015,20134000
2017-08-17,45.1780891418457,45.96562223895814,45.1780891418457,45.91206490315073,25544000
2017-08-18,45.162715911865234,45.39108847642387,44.9883471515073,45.14486094430249,26854000
2017-08-21,44.96384811401367,45.27826807675232,44.80217344484613,45.12948803132742,18868000
2017-08-22,45.858009338378906,45.9160313635495,45.202638551039556,45.26438367192374,23334000
2017-08-23,45.97256851196289,46.11787519315093,45.59367918409369,45.72113467994048,21804000
2017-08-24,45.688899993896484,46.16300827516476,45.40225565184626,46.054894712027135,25406000
2017-08-25,45.421592712402344,45.90090726276417,45.40225455856002,45.7984994224401,21068000
2017-08-28,45.31843185424805,45.58797033421613,45.22222162278972,45.427041052533845,21730000
2017-08-29,45.689395904541016,45.790566499517,44.88152946387787,44.88648980831908,23712000
2017-08-30,46.10002136230469,46.16196323141254,45.60805815975871,45.62789575182593,26024000
2017-08-31,46.584049224853516,46.715469969303356,46.20863327261485,46.20863327261485,31652000
2017-09-01,46.48535919189453,46.740266391969044,46.3767499805404,46.673314989951585,18948000
2017-09-05,46.04447937011719,46.46849609283367,45.72262076416533,46.274092980264534,26528000
2017-09-06,46.01274108886719,46.16672743231853,45.58921999804635,46.12878893249577,30554000
2017-09-07,46.41642379760742,46.43923532577165,45.80494317235013,46.20713966137461,24254000
2017-09-08,45.947776794433594,46.46800379897968,45.86743510523602,46.44320964388353,20230000
2017-09-11,46.07571792602539,46.53693152502072,45.968599471911205,46.33211586474348,25340000
2017-09-12,46.224002838134766,46.293928173618866,45.81689519666066,46.249792085830215,22688000
2017-09-13,46.37377166748047,46.480890116964545,46.11439980387328,46.154074985297115,22052000
2017-09-14,45.878841400146484,46.25872204899312,45.82379330739771,46.183340706506776,27952000
2017-09-15,45.639793395996094,45.94727035940318,45.44489465899908,45.856516130100495,50108000
2017-09-18,45.37745666503906,45.728574125451175,45.15924691949345,45.6259165651768,26138000
2017-09-19,45.71518325805664,45.74543341226079,45.25595224289468,45.497469171369865,18734000
2017-09-20,46.19969940185547,46.31376460590626,45.72459987364221,45.7732006480487,33396000
2017-09-21,46.24284744262695,46.445184817780614,45.81535738158462,46.27012365740121,25812000
2017-09-22,46.04844284057617,46.35591984199629,45.94678038378472,46.00976275215535,21054000
2017-09-25,45.67351531982422,45.94280406249239,45.11460458962896,45.8956902617884,37136000
2017-09-26,45.86643981933594,46.16201351598627,45.68195361399571,45.809904761599036,33338000
2017-09-27,46.839942932128906,47.10824039373231,46.00926508404374,46.00926508404374,44788000
2017-09-28,47.088401794433594,47.14741891072884,46.644547524945274,46.68471836246974,20406000
2017-09-29,47.56499481201172,47.59851780730681,47.18808813296878,47.21238662910705,31620000
2017-10-02,47.275367736816406,47.73509054299852,47.006075198488965,47.60813450867315,25668000
2017-10-03,47.49953079223633,47.509947136124325,47.07055374138646,47.31157499892712,17766000
2017-10-04,47.19651794433594,47.6284727101099,47.14742151253009,47.46035072715205,19048000
2017-10-05,48.10307693481445,48.150190742856665,47.37009247746005,47.385469165211695,24276000
2017-10-06,48.54594421386719,48.57421174446608,47.775766568162794,47.941406503185995,23478000
2017-10-09,48.452205657958984,48.870028534695514,48.40806957181194,48.600985699062626,17828000
2017-10-10,48.23400115966797,48.67884676094428,47.91065560473118,48.6009871460472,19368000
2017-10-11,49.059730529785156,49.132134156743135,48.21664977259152,48.28955283928395,33866000
2017-10-12,48.98929977416992,49.30124147030181,48.84895344225628,48.97045727739344,25248000
2017-10-13,49.081050872802734,49.45448420032298,49.047327342723925,49.196103616282635,23396000
2017-10-16,49.19610595703125,49.290681677659265,48.799365425030444,49.2010663014761,18210000
2017-10-17,49.20503234863281,49.41629533537547,49.02699345184264,49.11130038411931,25804000
2017-10-18,49.236270904541016,49.4301783507711,48.94689859507786,49.184696192847866,21152000
2017-10-19,48.821678161621094,49.041374867706196,48.521144115907845,48.89854646922163,26272000
2017-10-20,49.007652282714844,49.146511651848044,48.82812641495921,49.06914768670727,23664000
2017-10-23,48.02819061279297,49.07311296095462,47.91263843817215,49.07311296095462,29568000
2017-10-24,48.13184356689453,48.21565484513925,47.6587266121045,48.10506300495981,24244000
2017-10-25,48.270206451416016,48.40708319511447,47.63492295138281,48.02422483760233,24226000
2017-10-26,48.232017517089844,48.977896627957875,48.21416633212804,48.600989932330464,40842000
2017-10-27,50.548500061035156,51.99264119422451,49.99950614726325,50.04860257947828,103354000
2017-10-30,50.441383361816406,50.83118470982173,49.96479679576077,50.2871510802022,41702000
2017-10-31,50.41807174682617,50.783075124110816,50.10960342705624,50.34765075295227,26614000
2017-11-01,50.85747146606445,51.064273569018695,50.43345091477599,50.44634554065864,27468000
2017-11-02,50.861427307128906,50.98590507075747,50.23804717696837,50.67198455363735,20980000
2017-11-03,51.2036247253418,51.21205466204638,50.60007833690751,50.68934561548526,21528000
2017-11-06,50.87730026245117,51.322149677017045,50.832668515996076,51.03054500600191,22504000
2017-11-07,51.24577331542969,51.27751421860942,50.83911214808507,50.94523928997185,22246000
2017-11-08,51.56911849975586,51.75122478883873,51.00376038782277,51.10641793686487,21774000
2017-11-09,51.143123626708984,51.278513412506854,50.568143641834254,51.278513412506854,24904000
2017-11-10,50.98491668701172,51.11832005009524,50.84655297992109,50.90507444503009,14400000
2017-11-13,50.8698616027832,51.158987993339544,50.712159738510636,50.75431320467812,17716000
2017-11-14,50.882259368896484,50.922430209909315,50.29458535306222,50.713149852171576,19184000
2017-11-15,50.62983322143555,50.78753507882769,50.35756671577141,50.54552250914502,17080000
2017-11-16,51.20460891723633,51.374217858039394,50.70967181356112,50.70967181356112,22594000
2017-11-17,50.53957748413086,51.2998382607808,50.47312551472646,51.27950500999339,27942000
2017-11-20,50.50436019897461,50.7141399915349,50.460719766693565,50.597596503142256,19070000
2017-11-21,51.30330276489258,51.3340523578883,50.716374117879546,50.74885661521783,21940000
2017-11-22,51.37620544433594,51.561978085575326,51.151548397426026,51.32859597887401,14926000
2017-11-24,51.606807708740234,51.73416481952488,51.328593338178585,51.371738113409634,10740000
2017-11-27,52.281272888183594,52.34326394554962,51.49919576675053,51.57655972854029,26158000
2017-11-28,51.94403839111328,52.68619813241975,51.57655675606536,52.3249140892977,28488000
2017-11-29,50.66703414916992,51.778904304156235,50.36898213313221,51.70947461296,49188000
2017-11-30,50.654632568359375,51.005750038726006,50.33674297355993,50.70224203753063,34480000
2017-12-01,50.09720230102539,50.70818725814724,49.69302319590078,50.37641176793388,38192000
2017-12-04,49.52737808227539,50.39128757819123,49.37314582525033,50.22068732215014,38128000
2017-12-05,49.84825134277344,50.614955599715685,49.01162174459267,49.39150238880502,41346000
2017-12-06,50.50436019897461,50.831179135955715,49.64938003583227,49.6672350037475,25440000
2017-12-07,51.12675476074219,51.2909077194901,50.48903839367694,50.60602835528776,29164000
2017-12-08,51.43026351928711,51.67822775732392,51.20570484119438,51.45208373658384,25816000
2017-12-11,51.6311149597168,51.76501398608481,51.182300285445876,51.353396218429616,23856000
2017-12-12,51.60036087036133,52.08785937697159,51.26362881770235,51.55820740677633,25590000
2017-12-13,51.606807708740234,51.907092014750695,51.496215878938564,51.880065519137666,25654000
2017-12-14,52.030330657958984,52.49402252007112,51.730787954945626,51.82451990954534,31174000
2017-12-15,52.776206970214844,52.94631157197362,52.04768722855278,52.30110744334435,65518000
2017-12-18,53.41843795776367,53.48538936098701,52.667602280462226,52.86994345828521,31092000
2017-12-19,53.09806823730469,53.40355883388289,52.74447252003172,53.32222584076863,26774000
2017-12-20,52.813899993896484,53.23196503076865,52.643795390639276,53.1526184487386,25372000
2017-12-21,52.74843978881836,53.03111886777803,52.65738663687066,52.81390422409777,19914000
2017-12-22,52.574371337890625,52.7767087381691,52.540647807238535,52.623467773854,15102000
2017-12-26,52.40674591064453,52.574368458960215,52.08240524686598,52.47270221650519,15212000
2017-12-27,52.04124069213867,52.48757704263091,51.975780045337785,52.43897626763771,25438000
2017-12-28,51.98024368286133,52.308050133525775,51.81311301804047,52.15183525173507,16742000
2017-12-29,51.893951416015625,52.05760870852171,51.819561393637066,51.9098199757967,17750000
2018-01-02,52.81637954711914,52.912589786807075,51.83593031005391,51.990162573715985,24752000
2018-01-03,53.683265686035156,53.87221279899987,52.727610553587404,52.78216298810071,28604000
2018-01-04,53.87766647338867,54.23324859447431,53.75874307935551,53.95701684148589,20092000
2018-01-05,54.662723541259766,54.76290281754479,54.15538741483947,54.2545753790277,25582000
2018-01-08,54.896305084228516,55.11104144153555,54.63247229367596,54.66272244655804,20952000
2018-01-09,54.86258316040039,55.076328211883414,54.6131811421756,55.018306184614204,18050000
2018-01-10,54.68157196044922,54.78026048881455,54.35921768559047,54.408314121739245,20856000
2018-01-11,54.82588577270508,54.87572379972059,54.5317990366128,54.86456586306186,19566000
2018-01-12,55.656070709228516,55.75674564745841,54.609165617389806,54.671652335852926,34410000
2018-01-16,55.63126754760742,56.531375054846734,55.43646717344985,56.16438908435697,31506000
2018-01-17,56.13811492919922,56.16886452507879,55.395709126872454,55.85246189116307,24052000
2018-01-18,56.029502868652344,56.16439699154701,55.42000860255978,56.10984455510879,23964000
2018-01-19,56.41236114501953,56.42972045823742,55.955612188235776,56.13067337044268,35564000
2018-01-22,57.31990051269531,57.52174221942785,56.293328885413686,56.41135932896187,32360000
2018-01-23,58.02214813232422,58.104321100421764,57.465715532299875,57.52026797055525,26662000
2018-01-24,57.73796844482422,58.51260683146805,57.57976716793639,58.38713776653747,28332000
2018-01-25,58.0419807434082,58.31821250355369,57.66457839640763,58.14909920275428,29610000
2018-01-26,58.313255310058594,58.313255310058594,57.43397279687178,58.27556653074333,40376000
2018-01-29,58.300357818603516,58.86125506158461,58.121823268524885,58.34499334794013,27578000
2018-01-30,57.7107048034668,58.34697964138584,57.70227108293207,57.91601614369812,31126000
2018-01-31,58.020660400390625,58.17241439988764,57.48456105774746,58.05190186777486,30774000
2018-02-01,57.90956115722656,58.221998489926854,57.404707134998155,57.657136037929185,48242000
2018-02-02,55.14228820800781,55.69623870893562,54.91306809389299,55.643173242287766,97158000
2018-02-05,52.36012649536133,55.04805777788504,52.17316201513916,54.08595537713037,75966000
2018-02-06,53.59002685546875,53.6450749434405,50.740273343167175,50.94077944845874,68960000
2018-02-07,52.00206756591797,53.648549909995324,51.98619522170952,53.636646597747465,47384000
2018-02-08,49.66822814941406,52.49997924825062,49.625579027614855,52.34078663375631,57182000
2018-02-09,51.46646499633789,51.773446355570556,49.223874868055326,50.448323145359524,70118000
2018-02-12,52.168697357177734,52.642805589817705,51.62257900615778,51.97330294075386,41154000
2018-02-13,52.176639556884766,52.48758619659466,51.7792520063816,51.82453075887494,25302000
2018-02-14,53.04946517944336,53.14964066479402,51.91131033171968,52.020411408924936,31116000
2018-02-15,54.03240203857422,54.129554410652176,52.783651449307214,53.51415389603849,36868000
2018-02-16,54.294254302978516,54.78373549445657,53.9725432363484,53.97735601907334,33590000
2018-02-20,54.67412567138672,55.243944671381215,53.98279906277193,54.084465296926105,28462000
2018-02-21,55.11451721191406,56.236803608048405,54.866057315027334,54.873000283501405,30258000
2018-02-22,54.88093185424805,55.683837877295886,54.680577090512735,55.3550400949493,26344000
2018-02-23,55.88072204589844,55.905020542104815,54.78590869027769,55.17898283756641,25220000
2018-02-26,56.72182083129883,56.732237175963256,55.87601591472748,55.93081428733008,31182000
2018-02-27,55.45918655395508,56.73620086230676,55.44480496115473,56.5973414948317,35482000
2018-02-28,54.78670883178711,55.917425203581686,54.712814456323166,55.694258892592714,37652000
2018-03-01,53.04054260253906,55.05401094785221,52.91561836217691,54.942427800609266,50318000
2018-03-02,53.5067138671875,53.65940998344137,51.97900732875607,52.22523487682587,45432000
2018-03-05,54.102325439453125,54.408311699550765,53.01475391704429,53.31925320900479,24044000
2018-03-06,54.30714416503906,54.64388003707292,54.04504804387165,54.51345060067265,30656000
2018-03-07,55.03020477294922,55.15815592147393,53.83214357525849,54.01603196776667,25850000
2018-03-08,55.8415412902832,55.920891656405374,55.18691590431014,55.31188932568222,27102000
2018-03-09,57.52968978881836,57.56738235334018,56.16197032475095,56.33747798364565,42560000
2018-03-12,57.75087356567383,58.37326626821569,57.39975608924168,57.7186407853451,43446000
2018-03-13,56.445091247558594,58.358879785405385,56.20506129334194,58.0236308991782,38144000
2018-03-14,57.00647735595703,57.45777405525167,56.6072548079786,56.79422306978856,25828000
2018-03-15,57.01094055175781,57.58125900303467,56.265065282658746,57.02978683097875,27908000
2018-03-16,56.32407760620117,57.323373072119615,56.137113136272376,57.237083524598745,61840000
2018-03-19,54.5432014465332,55.64267240958086,54.0071021806248,55.54447954952218,56118000
2018-03-20,54.43856430053711,54.81001120225854,53.7318647384448,54.50253798156944,36638000
2018-03-21,54.0998420715332,54.864563658955035,53.81567603519843,54.19208706468725,37578000
2018-03-22,52.02685546875,53.70408720403879,51.86964928274477,53.65350380851294,53340000
2018-03-23,50.66256332397461,52.735048814234155,50.645207795094976,51.925199805863265,43134000
2018-03-26,52.23168182373047,52.35169869251879,50.00942496329803,51.87411706486848,53302000
2018-03-27,49.845767974853516,52.808394768864346,49.44009812222889,52.717194062561575,61906000
2018-03-28,49.81899642944336,50.794485474906004,48.632736247882605,49.49366819558841,67386000
2018-03-29,51.169403076171875,51.725339970366576,49.73666578331514,50.169611874398925,54536000
2018-04-02,49.91371154785156,51.318676916868206,49.115266452390934,50.72455182747304,53608000
2018-04-03,50.25788879394531,50.63380039498629,49.29876028727931,50.282682947275106,45502000
2018-04-04,50.83960723876953,51.01705209045269,49.24569480232653,49.26602804964934,49694000
2018-04-05,50.97202682495117,51.71492827072684,50.59120404008507,51.64252464617445,27260000
2018-04-06,49.94198226928711,51.151053861914654,49.743114466736344,50.58470439165194,34928000
2018-04-09,50.35905456542969,51.55672225043239,50.2911118518317,50.426005966950896,35032000
2018-04-10,51.16196823120117,51.3920775102674,50.155233986880916,50.90408329372323,39490000
2018-04-11,50.583213806152344,51.14827301681533,50.37988133003341,50.98094938281073,29678000
2018-04-12,51.205108642578125,51.6107785123278,50.65586878665414,50.83464926937182,27140000
2018-04-13,51.04443359375,51.89494915353333,50.73249187387911,51.620204341274196,24460000
2018-04-16,51.476383209228516,51.737242076889636,50.91896310277536,51.4277824295362,24224000
2018-04-17,53.27064895629883,53.455135151386216,51.98619234214184,52.140428385878224,46406000
2018-04-18,53.16749572753906,53.43281547266102,52.877128327400804,53.43281547266102,26882000
2018-04-19,53.942134857177734,54.262752412636566,52.97408459874287,53.03458868580348,34954000
2018-04-20,53.21113967895508,54.17274646081307,53.04302147216183,53.65945868070433,37794000
2018-04-23,52.93788528442383,53.695168261302186,52.60313205756389,53.454146997380526,46826000
2018-04-24,50.58371353149414,52.41963870193291,50.11803520666109,52.171674462503454,95206000
2018-04-25,50.643218994140625,51.20411621370133,50.35210999624,50.858454784241545,47822000
2018-04-26,51.57854461669922,51.972311194721925,50.49494209713969,51.056331230336866,41590000
2018-04-27,51.08311080932617,52.04769153437944,50.861927134957554,51.87411732620159,32396000
2018-04-30,50.45228958129883,51.42777847623927,50.42848295752948,51.081125732576886,33426000
2018-05-01,51.44316101074219,51.50068738533333,50.000007248801026,50.27028737525089,28558000
2018-05-02,50.801918029785156,51.59584922610736,50.72703235290112,50.98640043851152,32062000
2018-05-03,50.76918411254883,51.064508058678676,49.90477898514976,50.535105841998444,36302000
2018-05-04,51.98371505737305,51.9985923053267,50.4309647321672,50.4309647321672,38774000
2018-05-07,52.31003952026367,52.65173573416849,51.92867190259187,52.034303400004035,29322000
2018-05-08,52.266395568847656,52.59569279158673,51.930900753833946,52.496009173718775,24354000
2018-05-09,53.69715118408203,53.83005889329943,52.38814626993062,52.47418988923523,40656000
2018-05-10,54.43162536621094,54.573954331063796,53.83998228183216,53.85932043584133,28860000
2018-05-11,54.46583557128906,54.61808899391858,54.101331645447615,54.234735004669076,25074000
2018-05-14,54.56205368041992,55.08525841628816,54.508000680683054,54.55213677489631,30362000
2018-05-15,53.52207946777344,54.058674364613665,53.23642649268708,54.05619608469948,29898000
2018-05-16,53.64805221557617,54.01999854830147,53.37479440210212,53.426868553482514,21946000
2018-05-17,53.49034881591797,53.900975253715664,53.23791989570354,53.55481815418066,20876000
2018-05-18,52.88383102416992,53.061374270377094,52.60214324953695,52.660660934428265,31304000
2018-05-21,53.53944396972656,53.957017149408486,53.24535724714782,53.265690495316235,20464000
2018-05-22,53.05095672607422,53.88709065460476,52.90019404539061,53.736827413610214,21800000
2018-05-23,53.544898986816406,53.59895576226293,52.65321758722718,52.82282653752755,21214000
2018-05-24,53.5225830078125,53.58357896744218,52.87340983136544,53.51067969604555,15336000
2018-05-25,53.34503936767578,53.68722741745737,53.25155712941625,53.51167059659672,17988000
2018-05-29,52.58428192138672,53.23146867119718,52.331361147352204,52.81092157618532,37302000
2018-05-30,52.955238342285156,53.02516367737718,52.411204781788314,52.71868177741915,22770000
2018-05-31,53.807743072509766,54.41277640829524,52.94333784662856,52.94333784662856,61766000
2018-06-01,55.51919174194336,55.54398967936097,54.47774269218215,54.51989615888486,48432000
2018-06-04,56.50063705444336,56.62957952056136,55.64342448251457,55.65954276373358,37792000
2018-06-05,56.51898193359375,56.82040511264638,56.19811466093475,56.58493823632701,33560000
2018-06-06,56.38111877441406,56.68462676193841,55.82880279656841,56.64346460730246,33964000
2018-06-07,55.735416412353516,56.32854642376464,55.37140434943119,56.105380131340134,30400000
2018-06-08,55.587127685546875,55.874767076556,55.15467728703871,55.453724333251486,25816000
2018-06-11,56.03942108154297,56.399959775266936,55.47455858823582,55.47455858823582,21586000
2018-06-12,56.50212097167969,56.52542815640921,56.076367568807896,56.09298150519545,18240000
2018-06-13,56.2774658203125,56.85820067028018,56.20754048013651,56.59139015065513,30128000
2018-06-14,57.13691329956055,57.30304889289779,56.56758986405862,56.726782488670224,26868000
2018-06-15,57.14385223388672,57.20138238757614,56.70867757906339,56.97523837206394,42450000
2018-06-18,58.19522476196289,58.23737822946196,56.71388660852097,56.71686054492293,28274000
2018-06-19,57.92742156982422,58.086614187191906,57.23064266494322,57.45331331010901,32420000
2018-06-20,58.01569366455078,58.831297541127874,57.98197013686288,58.28696507048725,32970000
2018-06-21,57.41165542602539,58.38541147377951,57.142465001042815,58.26415735479297,24762000
2018-06-22,57.30353546142578,57.65153137657707,56.89588299557332,57.485047715297014,26220000
2018-06-25,55.78253173828125,56.7297531503906,55.18592833475973,56.71438024559286,43146000
2018-06-26,55.467613220214844,56.19910692022951,55.37829676148579,55.94073013747557,31264000
2018-06-27,54.74951171875,56.13096942675684,54.731656750372764,55.610443560140865,25878000
2018-06-28,55.2573356628418,55.65854460501504,54.35425042230734,54.65577575303472,21448000
2018-06-29,55.3282585144043,55.95198676092589,55.296021954520015,55.54398617853132,26302000
2018-07-02,55.91395568847656,55.94073625121379,54.24465790753888,54.502542846087096,24346000
2018-07-03,54.69545364379883,56.328545669265175,54.553120907099895,56.328545669265175,13580000
2018-07-05,55.7557487487793,55.91593266932374,54.97267654669032,55.07434278688848,21334000
2018-07-06,56.54427719116211,56.5819697537572,55.58054019018628,55.721533530132426,19922000
2018-07-09,57.23261642456055,57.26336601340307,56.705446563130685,56.95638469912356,18180000
2018-07-10,57.172611236572266,57.50736443914873,57.01143601081834,57.377926332358705,15968000
2018-07-11,57.22518539428711,57.74045579696599,56.58543721905249,56.763476113475136,22400000
2018-07-12,58.692142486572266,58.73826498460985,57.326106846991145,57.52224664812079,25038000
2018-07-13,58.956966400146484,59.28412963978436,58.519555641466084,58.76751986028586,24438000
2018-07-16,58.71098327636719,59.06507462789759,58.483847967036404,58.98523239142813,21114000
2018-07-17,59.451908111572266,59.66218358460846,58.05338987189512,58.1337315614039,32208000
2018-07-18,59.30708694458008,59.73457700280959,59.0323421746279,59.34081047082273,27872000
2018-07-19,58.864723205566406,59.51141433173829,58.68420603575597,59.065077967523486,25534000
2018-07-20,58.7630615234375,59.355695919121494,58.72884233646579,58.86472777221347,24948000
2018-07-23,59.784175872802734,59.833272304810976,58.5691489059787,58.569644562004676,52384000
2018-07-24,61.89583969116211,62.78454341677604,61.27493779283616,62.61543389741809,66364000
2018-07-25,62.670475006103516,62.77759345490509,61.4519785303219,61.4519785303219,42556000
2018-07-26,62.90009689331055,62.97155838918052,61.94245912104966,62.040651991321155,48112000
2018-07-27,61.42074203491211,63.17583366762427,61.048795671619985,63.032509609177964,42612000
2018-07-30,60.490379333496094,61.24300088972411,60.08024854291272,60.90051390771347,36998000
2018-07-31,60.36738967895508,60.87958400634414,59.7891368843767,60.503770768928106,32894000
2018-08-01,60.50376510620117,61.171285116865434,60.017757355682114,60.900013714131184,31344000
2018-08-02,60.80826950073242,60.99325136856994,59.748965480718724,59.80401357225417,30626000
2018-08-03,60.687259674072266,60.99919757033487,60.25827885312154,60.98035129090539,21792000
2018-08-06,60.739830017089844,60.805196077435376,60.29483304306238,60.75123767348842,21634000
2018-08-07,61.605228424072266,62.049082754067776,61.3051900253619,61.34635218049084,29880000
2018-08-08,61.773345947265625,62.31341430218697,61.39634086836079,61.518438738677816,27406000
2018-08-09,61.94642639160156,62.26590130522964,61.793181650593404,61.986097793247666,16972000
2018-08-10,61.37660598754883,61.77756525715195,61.098387807157245,61.64391216728424,22174000
2018-08-13,61.24765396118164,61.954996672770996,61.17976044203857,61.345351161237,19946000
2018-08-14,61.599273681640625,61.78623816657876,60.756692467503754,61.25658617677698,26962000
2018-08-15,60.22456359863281,61.25906966580273,59.98304289104563,60.962504651133344,36576000
2018-08-16,59.83326721191406,60.800821744968985,59.63786902893122,60.73783938232676,26864000
2018-08-17,59.55902099609375,59.95873918915355,58.92819845984274,59.61208645800038,27792000
2018-08-20,59.89674377441406,60.05692767685302,59.24489563344453,59.760362709518645,17416000
2018-08-21,59.591758728027344,60.367388563047655,59.52897310546726,59.908161337462346,24112000
2018-08-22,59.87493133544922,60.09859328401325,59.4618228393474,59.51141492839429,17748000
2018-08-23,59.778228759765625,60.566753235245564,59.7216936994375,59.86550963057603,19852000
2018-08-24,60.53550338745117,60.585095472388076,59.82677206907505,59.94882073649014,18932000
2018-08-27,61.58538818359375,61.648370553740484,60.78674630411323,60.88017936000675,23126000
2018-08-28,61.05623245239258,61.62134466862604,60.93423674286429,61.559103890108524,26080000
2018-08-29,61.95634460449219,62.023791664165785,61.314564605511194,61.36867057170285,25978000
2018-08-30,61.45148849487305,62.17132862298262,61.12764727162114,61.70490494083336,26628000
2018-08-31,60.41350555419922,61.42866959781237,60.07106779044166,61.24616981219741,36328000
2018-09-04,59.36263656616211,60.155629491968,59.13947026728631,59.723179047255904,36620000
2018-09-05,58.84091567993164,59.46231316450153,57.62688010920884,59.20393261477162,41226000
2018-09-06,58.09504699707031,58.83199678069184,57.13096186891652,58.83199678069184,37770000
2018-09-07,57.76723861694336,58.28449166402753,57.389586532679346,57.46174421811796,28026000
2018-09-10,57.7578125,58.24878441558279,57.53315923103275,58.13224092100209,22308000
2018-09-11,58.38862991333008,58.45409055941741,57.34122930686348,57.608535458229156,24186000
2018-09-12,57.66754913330078,58.450621312725424,57.44636547503913,58.158521008208375,25910000
2018-09-13,58.287960052490234,58.45062604526977,57.669044554237125,58.06032906399,28624000
2018-09-14,58.14909744262695,58.540635434026804,57.940808402730525,58.47492506607256,18880000
2018-09-17,57.331809997558594,58.382680231631085,57.231630725547845,58.030571486962415,26130000
2018-09-18,57.588199615478516,58.32514926265175,57.38338018336817,57.38338018336817,24072000
2018-09-19,58.07768630981445,58.18282214393477,57.25890794210161,57.77467399198505,23828000
2018-09-20,58.860260009765625,59.01003137490748,58.19026168224469,58.519063253642024,24508000
2018-09-21,57.82971954345703,59.12508437557246,57.82723747975254,59.114668032007756,88112000
2018-09-24,58.19075393676758,58.42037131512901,56.87852923141389,57.38735229141102,25420000
2018-09-25,58.750160217285156,58.860755830004884,57.924442702872675,58.328621804397116,19554000
2018-09-26,58.54385757446289,59.22525973253663,58.259937486176376,58.774958136470005,29246000
2018-09-27,59.24559783935547,59.6155615716773,58.69958161710794,58.85331823371359,25216000
2018-09-28,59.18756866455078,59.283778898232974,58.74271930186073,59.10821830192757,27612000
2018-10-01,59.27882766723633,60.0023871550567,59.030367765301,59.50596300725612,27152000
2018-10-02,59.51687240600586,60.005362251694514,58.84836104026377,59.06309740187526,33758000
2018-10-03,59.65771484375,59.82930642863324,59.20543058800731,59.75938108894443,25124000
2018-10-04,57.93387222290039,59.387934207975675,57.308308841296714,59.27982064351862,44190000
2018-10-05,57.396278381347656,58.19720175358037,56.78975811031589,57.89964544591697,23686000
2018-10-08,56.98069381713867,57.92444561555863,55.90918762079686,57.037228874557556,38648000
2018-10-09,56.477325439453125,57.247499232401545,56.41543275787944,56.8408380560439,26174000
2018-10-10,53.62077713012695,56.147533209084806,53.61631244220106,56.09347643247691,53514000
2018-10-11,53.52655029296875,54.86952465701237,52.978551462052536,53.210147692498296,58980000
2018-10-12,55.052024841308594,55.296020024960754,53.87776278489414,54.94887163691222,42026000
2018-10-15,54.167789459228516,55.21895870491087,54.006614210767005,54.994006518845076,27448000
2018-10-16,55.60746383666992,55.75326616377859,54.676111034677454,54.77975989801766,38570000
2018-10-17,55.33024215698242,55.98982791306569,54.660739496555024,55.86435883067134,29344000
2018-10-18,53.955528259277344,55.6352385005462,53.41595935560233,55.6352385005462,41890000
2018-10-19,54.3765754699707,55.06591574821084,53.94462067813248,54.22333072575158,25352000
2018-10-22,54.60966110229492,55.15865506901756,54.10579832391573,54.70388872758877,30284000
2018-10-23,54.735130310058594,54.943419356989416,53.0643456793264,53.60441023321859,36974000
2018-10-24,52.107696533203125,54.85563619230012,52.00999932701597,54.76289932991496,39648000
2018-10-25,54.33243179321289,55.096657702071774,53.04202729186915,53.15311477829911,50916000
2018-10-26,53.13725280761719,54.87597650207533,51.28346879704052,51.42927492469403,83752000
2018-10-29,50.58866500854492,54.40532948909306,49.38603714465446,53.68276145881813,77614000
2018-10-30,51.38859939575195,51.45207741562607,49.63003463249677,50.012397286989156,64254000
2018-10-31,53.400089263916016,54.15241188326891,52.419636225467656,52.5589950272742,50596000
2018-11-01,53.06434631347656,53.75740589657211,52.690417336617706,53.35198573427597,29640000
2018-11-02,52.45881652832031,53.70781299740782,52.30111088366775,53.2493273757476,36780000
2018-11-05,51.581024169921875,52.49253940177348,50.64619796989362,52.3204521668099,48828000
2018-11-06,52.360626220703125,52.78390136596483,51.48084805563168,51.550773397185104,24666000
2018-11-07,54.224327087402344,54.326984654617405,52.86101930890358,53.01475972349334,41168000
2018-11-08,53.679298400878906,54.21837545127792,53.1736989448953,54.12464348400249,29764000
2018-11-09,52.8734130859375,53.34008271734048,52.22672193342179,53.26222309730942,26864000
2018-11-12,51.50861740112305,52.673552875571005,51.130223741972344,52.63735106640819,29436000
2018-11-13,51.380672454833984,52.4000515810849,51.137664772486886,51.73972419437888,30274000
2018-11-14,51.7580680847168,52.29882882006277,51.130223232378064,52.07248805873916,31318000
2018-11-15,52.802005767822266,53.15609718725836,51.168913515249656,51.810148728161465,36722000
2018-11-16,52.64230728149414,52.91556130037709,52.02190109580796,52.53915407854751,33162000
2018-11-19,50.58470153808594,52.607594851656664,50.39922402669133,52.429555964268125,37172000
2018-11-20,50.870357513427734,51.16692631350633,49.39546671169983,49.59284754650501,48982000
2018-11-21,51.458030700683594,52.001072937848484,51.25271560385299,51.415877238097174,30686000
2018-11-23,50.777130126953125,51.45704922531332,50.70368221633894,51.0806381425016,13830000
2018-11-26,52.00404357910156,52.03826275973865,51.27453257057713,51.49472490100128,38856000
2018-11-27,51.795265197753906,52.44840364509692,51.50167412696582,51.6261518979286,36064000
2018-11-28,53.86923599243164,53.89948614437331,51.36628280136158,52.0109912929124,49508000
2018-11-29,53.97189712524414,54.26672545495241,53.361903432997586,53.3658724650792,29378000
2018-11-30,54.27589416503906,54.33242921761234,53.45513323983464,54.01007498965858,51604000
2018-12-03,54.871009826660156,55.774590757368266,54.73388715532404,55.699708861493065,39824000
2018-12-04,52.1131591796875,54.77133625153202,52.07150136715848,54.70686312478412,46904000
2018-12-06,53.001365661621094,53.12386081500317,51.118822308104576,51.291900865519544,55384000
2018-12-07,51.40694808959961,53.32520117555662,51.00623858162137,52.568909558441156,42024000
2018-12-10,51.55424118041992,51.995617183269026,50.74786182047333,51.331071115303864,36154000
2018-12-11,52.15928268432617,52.59817669256704,51.56863088908438,52.39435231435417,27894000
2018-12-12,52.750919342041016,53.64210516243739,52.70678325049309,52.965163838209875,30476000
2018-12-13,52.66263961791992,53.548365527506775,52.26738234030926,52.968625845820675,26596000
2018-12-14,51.68069839477539,52.69735313383153,51.61573340854701,52.07149097500827,33732000
2018-12-17,50.412620544433594,52.228712011355164,49.98463475676305,51.453078341947055,47708000
2018-12-18,51.01665496826172,52.046696266263666,50.65611251507182,50.88672120412073,43850000
2018-12-19,50.733985900878906,52.66760848914378,49.992075728669725,51.27851521614088,49586000
2018-12-20,50.05950927734375,51.289905239472745,49.41232256768813,50.4919596569431,53470000
2018-12-21,48.57817840576172,50.784067266030206,48.28806070559499,50.351616824039034,91920000
2018-12-24,48.41352844238281,49.768402317515736,48.11051612616439,48.298471920888325,31806000
2018-12-26,51.54977798461914,51.57655854455349,48.74976790700744,49.04781987483286,47466000
2018-12-27,51.768978118896484,51.76947377491373,49.44406384186867,50.44335934350068,42196000
2018-12-28,51.4317512512207,52.348226876731076,51.23437041324217,52.05364447976565,28296000
2018-12-31,51.35884475708008,52.20638629700766,50.762740818130816,52.120096744416216,29866000
2019-01-02,51.866676330566406,52.187543610726614,50.371948017107485,50.414597137219346,30652000
2019-01-03,50.38930892944336,52.418645844105605,50.29061662245859,51.6261523701415,36822000
2019-01-04,53.09955978393555,53.10600709656193,50.952585761178184,51.20908210522474,41878000
2019-01-07,52.9844970703125,53.26271522566942,52.308547121002434,53.13873311563929,39638000
2019-01-08,53.375789642333984,53.78641987679838,52.5947037995804,53.36735970570577,35298000
2019-01-09,53.29545593261719,53.69070950945358,52.88581697805131,53.64210872646171,23986000
2019-01-10,53.08070755004883,53.12137404555239,52.45484912483147,52.948295503468735,29128000
2019-01-11,52.42906188964844,52.75563111444696,51.99710711007343,52.726122553728125,30416000
2019-01-14,51.80915069580078,52.148364821023996,51.638800149138376,51.91974252949457,22886000
2019-01-15,53.4189338684082,53.56275358019409,51.94057347569189,52.080919811470324,29272000
2019-01-16,53.60837936401367,54.17398723149762,53.527542025305586,53.56027424235046,26636000
2019-01-17,54.05124282836914,54.14547044833175,53.237920441125276,53.53398979793839,24854000
2019-01-18,54.46583557128906,54.96632707821221,54.10083220579088,54.55212890652543,39112000
2019-01-22,53.09013366699219,54.131087004511066,52.74050319989867,53.95701714682754,32270000
2019-01-23,53.340576171875,53.80476372022906,52.556016996793645,53.42885213260834,19340000
2019-01-24,53.25775909423828,53.534240583581735,52.60313365284739,53.38571024617029,27226000
2019-01-25,54.10529708862305,54.254572792018934,53.65053079408873,53.80823643353932,22382000
2019-01-28,53.06831741333008,53.709056931013045,52.756871355527636,53.56573287107723,25686000
2019-01-29,52.599159240722656,53.31974470042331,52.363348057668055,53.19724956128922,20436000
2019-01-30,54.009586334228516,54.10579658072613,52.908128843739085,52.98648790481214,25596000
2019-01-31,55.36396789550781,55.41157736225452,54.324501474867084,54.70091252070904,30766000
2019-02-01,55.08525085449219,55.79195040642711,54.7946375103884,55.16707950245767,29244000
2019-02-04,56.17877960205078,56.17877960205078,54.99946245203756,55.17997963816582,51530000
2019-02-05,56.83290100097656,56.8755501190004,55.40750406292067,55.784013443203854,71044000
2019-02-06,55.307430267333984,56.88299215039271,55.18543077798479,56.51451918581757,42112000
2019-02-07,54.488155364990234,54.792158987729444,53.85782846388635,54.75843545991292,40896000
2019-02-08,54.30714416503906,54.498077695123385,53.885110044739726,53.90742591895326,21516000
2019-02-11,54.304664611816406,54.84696153084543,54.198041803983706,54.40087485871385,21304000
2019-02-12,55.61193084716797,55.80658367793773,54.84224890014569,54.889362709746926,32182000
2019-02-13,55.55192184448242,56.274489974506636,55.46959753844244,55.79145613838715,20996000
2019-02-14,55.62680435180664,55.95213252545686,55.070125897544635,55.447278501541405,18952000
2019-02-15,55.22907257080078,56.12273663537167,55.08029630114308,56.043885704325504,28996000
2019-02-19,55.472572326660156,55.637716586051226,55.048056194619946,55.048056194619946,20928000
2019-02-20,55.23651123046875,55.713101543898034,54.8139814786282,55.54349258572769,21756000
2019-02-21,54.4018669128418,55.14427268020311,54.18117888596881,55.08972024357077,28302000
2019-02-22,55.06641387939453,55.10955865982205,54.33392500610819,54.59676650455057,20990000
2019-02-25,55.01830291748047,55.47157845918613,54.912667646327286,55.34561372380048,28262000
2019-02-26,55.302467346191406,55.5196819708551,54.54815835652813,54.83728472249298,29426000
2019-02-27,55.34809875488281,55.44380955979526,54.60172398336759,54.89680202944254,19368000
2019-02-28,55.54001235961914,55.92336631846885,55.09814072562884,55.11252231642216,30850000
2019-03-01,56.58494186401367,56.68313473220272,55.77955375845002,55.786992382789556,29006000
2019-03-04,56.92266845703125,57.442403545275894,56.07413558211426,56.88249761582181,28920000
2019-03-05,57.62837219238281,58.0042837589589,56.84306768540193,57.03474278053014,28864000
2019-03-06,57.421573638916016,57.90291996912539,57.30403883722424,57.65118724229829,21986000
2019-03-07,56.699501037597656,57.36677134961658,56.28341482490001,57.3154425730279,23332000
2019-03-08,56.650901794433594,56.886962715711064,55.70764563778105,55.87774646864932,24248000
2019-03-11,58.30928421020508,58.33061255489602,56.75653379964303,56.75653379964303,34384000
2019-03-12,59.1741828918457,59.51141439140904,58.43326414814285,58.43326414814285,40262000
2019-03-13,59.18013381958008,59.55753615486373,59.111695451719605,59.54340049905178,28718000
2019-03-14,58.7947998046875,59.406280454613395,58.741734338538876,59.23914977577441,23456000
2019-03-15,58.74073791503906,59.3413065123939,58.64899236700305,59.183105223442986,49236000
2019-03-18,58.7308235168457,59.01548520444704,58.39165858461225,58.68321405296469,25852000
2019-03-19,59.454383850097656,59.51141456296969,58.81066665761139,58.95646898764018,30414000
2019-03-20,60.700157165527344,60.85736336930389,59.32147287136135,59.379994336470304,44548000
2019-03-21,61.07557678222656,61.0879757511745,60.16356583496378,60.3049034867948,24080000
2019-03-22,59.784175872802734,60.99919905599298,59.65151410499503,60.81669926395497,34284000
2019-03-25,59.16426467895508,59.828708601005516,58.86869099438895,59.35916343682047,29936000
2019-03-26,58.7486686706543,59.65175385635048,58.3568847836277,59.438504494643176,38024000
2019-03-27,58.173404693603516,58.89443292756844,57.496459580641535,58.792323993871214,28004000
2019-03-28,57.9487419128418,58.101241270543596,57.49948081037818,58.10000023867841,19234000
2019-03-29,58.187782287597656,58.46947004401165,57.6705292713873,58.26663321700796,25398000
2019-04-01,59.23518753051758,59.345779372848675,58.61874650523074,58.72289481861832,25050000
2019-04-02,59.53571701049805,59.578366131263714,58.80273254276133,59.279319062601914,16558000
2019-04-03,59.80500411987305,60.319775058082996,59.536210995028334,59.882368079047325,20286000
2019-04-04,60.25530242919922,60.28853029892742,59.71622924091354,59.80599216296225,19000000
2019-04-05,59.86600112915039,60.315810867487514,59.76086529644787,60.25481112318874,18144000
2019-04-08,59.70185470581055,59.94238031822994,59.50447387172085,59.90270513226439,17204000
2019-04-09,59.37503433227539,59.62498118733602,59.16823225451201,59.313043274550395,17528000
2019-04-10,59.618534088134766,59.69912170162392,59.334614001341365,59.54513537861431,14492000
2019-04-11,59.74053192138672,59.90617184200676,59.51786128845669,59.70780348899228,14204000
2019-04-12,60.39764404296875,60.42144688505703,59.91361508416619,60.007347051588354,18668000
2019-04-15,60.557823181152344,60.71155978950609,59.96320621211728,60.4040865727986,23748000
2019-04-16,60.856868743896484,61.039867982882335,60.50922467415205,60.75123725164972,17126000
2019-04-17,61.313621520996094,61.52290188149626,60.89108798435855,61.14798159436216,24438000
2019-04-18,61.31510543823242,61.59431112368872,61.22782079120911,61.45446045294982,26636000
2019-04-22,61.93353271484375,61.94592789975374,60.91539086422932,61.29626281129705,16146000
2019-04-23,62.7126350402832,62.9333230561818,61.811532352156306,62.02527739980394,26398000
2019-04-24,62.288612365722656,62.884224430042295,62.2390202776067,62.691308293873206,20376000
2019-04-25,62.658084869384766,62.85437223719531,62.09173538861541,62.723545522272126,22146000
2019-04-26,63.091033935546875,63.135170028934375,62.50286042596497,62.93332827686842,24828000
2019-04-29,63.85475158691406,63.938566640848805,62.79917075281161,63.18128370477637,49988000
2019-04-30,58.940101623535156,59.154837967028804,58.27159031419705,58.76751874240298,124140000
2019-05-01,57.928409576416016,58.91877950584741,57.883777832172164,58.91877950584741,52784000
2019-05-02,57.657142639160156,58.23142640470932,57.279838647879544,57.912545507385424,38896000
2019-05-03,58.787353515625,58.85678318955507,57.97403123504416,58.204636126961844,39614000
2019-05-06,58.98523712158203,59.057640740177526,57.83815282760233,57.83815282760233,31278000
2019-05-07,58.22696304321289,59.03730770533541,57.579276803680955,58.54286620717969,31028000
2019-05-08,57.838645935058594,58.54058188438668,57.812361031410006,58.12330762010271,26186000
2019-05-09,57.645729064941406,58.00676717621538,57.07392363841696,57.47959349281443,23714000
2019-05-10,57.739463806152344,58.1525723043193,56.659826579652325,57.70574027735975,26290000
2019-05-13,56.140594482421875,56.929614623919925,55.64863123942601,56.633049597853514,37212000
2019-05-14,55.5658073425293,56.55667294342558,55.52167125362492,56.39748033266153,36732000
2019-05-15,57.736488342285156,58.089592204510524,55.37864869101371,55.43835821964277,45786000
2019-05-16,58.468971252441406,58.92423318725749,57.66853977100563,57.75135972788197,30628000
2019-05-17,57.64176559448242,58.52699591310215,57.528196041845085,57.94775184486003,24172000
2019-05-20,56.478816986083984,56.872931664736086,56.11148286958447,56.75901400928398,27066000
2019-05-21,57.013427734375,57.166074674269574,56.43368794477886,56.95689267151795,23196000
2019-05-22,57.102195739746094,57.45430450369276,56.827946596311726,56.87059950242676,18290000
2019-05-23,56.574031829833984,56.832060522184904,56.00143182124669,56.560641549726206,23978000
2019-05-24,56.212005615234375,57.02012174121358,56.12224268121966,56.900850245304554,22240000
2019-05-28,56.245731353759766,57.1104809480327,56.19464850855181,56.23829272894095,27300000
2019-05-29,55.36843490600586,55.995288496890474,54.9597872812592,55.916929433258545,30764000
2019-05-30,55.44232177734375,55.69921538561745,55.15319539175057,55.32280434924564,19038000
2019-05-31,54.73215103149414,55.02822037678354,54.56105511080422,54.616103199042115,30156000
2019-06-03,51.38959503173828,52.84117859362554,50.8326668298229,52.84117859362554,102612000
2019-06-04,52.2237434387207,52.37252348107794,51.263627482046026,51.72037638528693,56670000
2019-06-05,51.6866569519043,52.248545511490434,51.10493458315786,52.148861891471874,43368000
2019-06-06,51.79179000854492,51.94800867864347,51.26412444634906,51.824026568059544,34064000
2019-06-07,52.867958068847656,53.109974437215634,51.99314025653558,52.10373587981424,36048000
2019-06-10,53.57911682128906,54.188115360497626,53.179497001499,53.212127058173714,29284000
2019-06-11,53.49679183959961,54.6508152254309,53.44139565990375,54.25357909989925,28734000
2019-06-12,53.412986755371094,53.60639856068069,52.94234808330159,53.46109187866829,21220000
2019-06-13,53.99519729614258,54.26299909329177,53.5677072461404,53.740785778032524,21154000
2019-06-14,53.825599670410156,54.18960796808493,53.56880442725291,53.87866135436533,22230000
2019-06-17,54.18018341064453,54.51146325353294,53.87171509606684,53.87171509606684,18832000
2019-06-18,54.73067092895508,55.36496316332937,54.50204861120565,55.03269196810695,27734000
2019-06-19,54.66767501831055,54.899271215266545,54.22877733409722,54.82984154341321,26776000
2019-06-20,55.11848068237305,55.54993980960173,54.78720083054389,55.54349249739563,25240000
2019-06-21,55.6372184753418,55.74781029940246,54.952834844834676,55.01036499245664,38952000
2019-06-24,55.321815490722656,55.643174667887834,55.09814974556827,55.52464854661866,27912000
2019-06-25,53.875186920166016,55.26378427635019,53.74872274695368,55.1799730059808,30938000
2019-06-26,53.55036163330078,54.20349635665413,53.17543753442633,53.88263282356989,36218000
2019-06-27,53.362396240234375,53.912381467643115,53.326690087942076,53.75864485855753,20086000
2019-06-28,53.60540008544922,53.60986098939673,53.23146736600189,53.38123871617849,33864000
2019-07-01,54.45046615600586,54.92804779109222,54.23984638545123,54.45294821991352,28726000
2019-07-02,55.110050201416016,55.13583944998556,54.46137644066784,54.663218173970485,19832000
2019-07-03,55.62234878540039,55.879242419029964,55.23949418268336,55.415546686111895,15340000
2019-07-05,56.11876678466797,56.18274424981233,55.35255822375228,55.43488252954275,25286000
2019-07-08,55.36297607421875,55.84055392182536,55.10806886968146,55.8003830799116,24728000
2019-07-09,55.78351974487305,55.94196697501524,54.907710692106484,55.137324289269834,26608000
2019-07-10,56.55965042114258,56.63751382709503,56.088024215371355,56.10042318428656,24190000
2019-07-11,56.74462890625,57.18402230698681,56.51501530152156,56.69701944132732,23910000
2019-07-12,56.77885055541992,56.899858738941184,56.47534256813517,56.73372315235389,17280000
2019-07-15,57.048622131347656,57.07242875128386,56.50607940313844,56.87603927134287,18076000
2019-07-16,57.20931625366211,57.45728048417117,56.783808786574575,56.83340087594961,24776000
2019-07-17,56.85076141357422,57.44636972221935,56.821998228134774,57.07987936862358,23400000
2019-07-18,56.849761962890625,56.912990261110465,56.17529903523387,56.62213100857898,25814000
2019-07-19,56.04487228393555,57.088303842144825,56.021065661274854,56.942005865063074,32944000
2019-07-22,56.440128326416016,56.49864979006386,55.754261464169126,56.21101038297544,26030000
2019-07-23,56.843814849853516,56.87803403331323,56.12918102898296,56.73421433157869,21874000
2019-07-24,56.42723083496094,56.73421216232338,55.89063591980156,56.13413922649252,31796000
2019-07-25,56.14505386352539,56.62015343635027,55.58961638958166,56.427732944695755,44196000
2019-07-26,62.01139450073242,62.7622302043358,60.7016479337331,60.70363055800651,96116000
2019-07-29,61.46587371826172,61.86063161452873,60.91142376128673,61.54720671681592,44474000
2019-07-30,60.758174896240234,61.240713040818,60.666925004582524,60.771565175569194,29066000
2019-07-31,60.338619232177734,61.19756838398426,59.896448673687765,60.65204787336914,34510000
2019-08-01,59.958248138427734,61.20302965137207,59.7950864921131,60.207203684289816,33970000
2019-08-02,59.21336364746094,59.853607475506585,58.96291735184711,59.54811309017066,32902000
2019-08-05,57.146827697753906,58.283495602957466,56.54278570148163,58.0256106927065,51950000
2019-08-06,58.021148681640625,58.51757277322474,57.52769852614017,57.69185147396436,34188000
2019-08-07,58.22150802612305,58.44244198221229,57.01312883794283,57.329330914328864,28886000
2019-08-08,59.74945831298828,59.759870872693604,58.17339708203919,58.65990047574186,29360000
2019-08-09,58.91679382324219,59.70383123168245,58.69823601206324,59.411730934251075,21314000
2019-08-12,58.2572135925293,58.76554103065881,57.90817714387684,58.48037989042325,20060000
2019-08-13,59.37602996826172,59.74847199777399,58.09604166312754,58.09604166312754,25888000
2019-08-14,57.74045944213867,58.633627906904344,57.554486255631105,58.3365634376606,31574000
2019-08-15,57.88774108886719,58.31324853079533,57.63233824923502,57.70127227097154,24374000
2019-08-16,58.400535583496094,58.65445146556629,58.11339182921293,58.49724148031816,26266000
2019-08-19,59.434547424316406,59.85806848652145,59.01995195451537,59.01995195451537,24632000
2019-08-20,58.65296173095703,59.316020867721804,58.624198546153636,59.275850026751314,18310000
2019-08-21,59.077476501464844,59.46182180625989,58.88802995721849,59.17170411756053,14814000
2019-08-22,58.992183685302734,59.41282921142927,58.449141378203244,59.21733261876516,18950000
2019-08-23,57.09574508666992,59.21782257848609,56.92018826284,58.61824526765973,33740000
2019-08-26,57.96858596801758,57.997349154880524,57.1785707232649,57.39182012799821,24522000
2019-08-27,57.91651153564453,58.63858405840218,57.59961325831645,58.54584718565057,21544000
2019-08-28,58.07421112060547,58.34201293335422,57.39380026446724,57.61250186212337,16040000
2019-08-29,59.15682601928711,59.316018625399906,58.575099898532486,58.575099898532486,21768000
2019-08-30,58.92125701904297,59.43702305307227,58.708158982857924,59.43702305307227,22596000
2019-09-03,57.943782806396484,58.861253468662625,57.686397332421635,58.372267985169735,29598000
2019-09-04,58.58948516845703,58.69214272562296,58.073223446318515,58.356398180706414,21378000
2019-09-05,60.075775146484375,60.15809944302654,59.09135696348282,59.09135696348282,28162000
2019-09-06,59.75590133666992,60.10726846925459,59.63648229355748,59.91460206362982,21442000
2019-09-09,59.73011779785156,60.50326929251891,59.14541774706918,59.70978455032736,29438000
2019-09-10,59.8089714050293,60.00734354537715,59.242621952325095,59.270889480993176,25202000
2019-09-11,60.51170349121094,60.63221601680014,59.62052148037358,59.68052991514313,26140000
2019-09-12,61.2099723815918,61.58737094728432,60.65304416986645,60.71652219619983,34518000
2019-09-13,61.47330856323242,61.53876921272389,60.85091592704094,61.06615172306266,26028000
2019-09-16,61.063663482666016,61.47330234521604,60.78148009758685,60.975391313533585,21066000
2019-09-17,60.95705032348633,61.24716803382097,60.686274550567475,61.019041384249306,19102000
2019-09-18,61.118717193603516,61.27741414734609,60.33118408090563,60.8757133108551,22702000
2019-09-19,61.43115997314453,61.715326033461224,61.09938444413156,61.101367068433944,19920000
2019-09-20,60.9957275390625,61.659777990560464,60.65601775285979,61.153928839747564,45400000
2019-09-23,61.199058532714844,61.449996694204465,60.71007305012332,60.8008272906693,21248000
2019-09-24,60.44178009033203,61.829390057117806,60.04107053821769,61.49513247055579,31664000
2019-09-25,61.8184700012207,61.9067459567112,60.011803876025304,60.29596989381958,29060000
2019-09-26,61.564064025878906,61.74309423300029,61.1116776175212,61.592331555041866,30760000
2019-09-27,60.75570297241211,61.694494457127156,60.22803359098688,61.64440671022081,27078000
2019-09-30,60.453678131103516,60.800826528741595,60.121406981416534,60.551375338464965,28082000
2019-10-01,59.764339447021484,61.06019999133708,59.688958109630434,60.4536796999591,25470000
2019-10-02,58.35243225097656,59.36164471451466,58.087604360853476,59.36164471451466,32302000
2019-10-03,58.907867431640625,58.96886717560395,57.648208719353065,58.51955687940074,32424000
2019-10-04,59.95774841308594,60.07875280184926,58.97432148116357,59.10921558917114,23248000
2019-10-07,59.89229202270508,60.41420652276942,59.69739324198292,59.72962980527528,16858000
2019-10-08,58.972347259521484,59.81294592337536,58.96639560289272,59.391903107324104,20786000
2019-10-09,59.625972747802734,59.9255116745568,59.39387709121669,59.4791753286735,17354000
2019-10-10,59.941383361816406,60.255307680163945,59.379498597966254,59.44099399921374,16932000
2019-10-11,60.27762222290039,60.91935299809757,60.19281963890035,60.61287109432873,25454000
2019-10-14,60.36143493652344,60.817196338490305,60.09462821024084,60.123391394953536,17350000
2019-10-15,61.64440155029297,61.85864224040341,60.52310657339331,60.52310657339331,27634000
2019-10-16,61.6756477355957,62.22612864248118,61.418262250876545,61.55315258568563,21892000
2019-10-17,62.143310546875,62.65188393915501,61.98808695842225,62.03718339434578,19048000
2019-10-18,61.767391204833984,62.43193347833653,61.54868583101957,62.162644706730916,27056000
2019-10-21,61.80012512207031,62.2206230647735,61.524884670354005,62.103137446982,20544000
2019-10-22,61.63398742675781,62.02081101404673,61.563566434087704,61.88443371661489,20476000
2019-10-23,62.44384002685547,62.481528803242554,61.61216704622171,61.61216704622171,18230000
2019-10-24,62.53607940673828,62.68535510710133,62.17529101528216,62.53161471897237,20562000
2019-10-25,62.741397857666016,62.96307718435356,61.991553507322706,62.042136908959286,24262000
2019-10-28,63.97477340698242,64.43648269708366,63.108881198159466,63.25319656629662,52264000
2019-10-29,62.616920471191406,63.55769456128865,62.34872136402791,63.291879143498115,37728000
2019-10-30,62.550960540771484,62.9511744202463,62.090242571042054,62.138347692891664,28178000
2019-10-31,62.49243927001953,62.86735953511096,62.03286020049355,62.55046129308116,29114000
2019-11-01,63.168392181396484,63.212032614744714,62.5117841388424,62.73495043325418,33402000
2019-11-04,64.04270935058594,64.17958608788612,63.298075079035044,63.302785703148786,30020000
2019-11-05,64.07544708251953,64.41763893502002,64.03571892626947,64.11809620416246,25654000
2019-11-06,64.06403350830078,64.15975187623707,63.60282368230817,63.947989459577336,23060000
2019-11-07,64.91008758544922,65.64802477186247,64.18528717473266,64.18702007890002,40600000
2019-11-08,65.03456115722656,65.36336647821916,64.68716306106933,64.7325439616238,25028000
2019-11-11,64.4305419921875,64.78934404459484,64.3422622338118,64.62841093801366,20238000
2019-11-12,64.41118621826172,64.96662363237175,64.26091542576312,64.47069520769716,21718000
2019-11-13,64.37152099609375,64.6839508062377,64.14884655635979,64.17661843136229,16534000
2019-11-14,65.03902435302734,65.31376911184681,64.2549646964652,64.34671024018753,23870000
2019-11-15,66.19999694824219,66.20049638787557,65.17887748324127,65.40998182269189,35652000
2019-11-18,65.49728393554688,66.23269381484778,65.3385831752421,66.06859002465279,29748000
2019-11-19,65.23741149902344,65.84442748415529,65.10549131266656,65.84442748415529,25384000
2019-11-20,64.62195587158203,65.214594027543,64.03180734677322,65.05291934801255,26172000
2019-11-21,64.53765106201172,65.09507873858247,64.12355501219967,64.54409837450834,19910000
2019-11-22,64.23959350585938,64.90364393369066,64.04469853054464,64.74940788683121,27714000
2019-11-25,64.80247497558594,65.03158912705393,64.37795884838697,64.4300292145478,20724000
2019-11-26,65.14268493652344,65.20467599801269,64.72313288303855,64.95968568847725,21394000
2019-11-27,65.11490631103516,65.3812211548829,64.9482750814859,65.21458992533363,19912000
2019-11-29,64.71668243408203,64.9767921329715,64.6675860000671,64.823804678212,11740000
2019-12-02,63.970802307128906,64.75981856811028,63.5284349945137,64.52029185583464,30218000
2019-12-03,64.23661804199219,64.39437286450267,63.429247369919466,63.45751489711704,22876000
2019-12-04,65.48933410644531,65.75019294806704,64.71221358137151,64.81834450657878,30750000
2019-12-05,65.8657455444336,65.92664691281553,65.286002051084,65.85929823257209,24254000
2019-12-06,66.48516082763672,66.65278337929178,66.12908303574793,66.12908303574793,26296000
2019-12-09,66.6309585571289,67.41899103710952,66.34728442039524,66.35720510738695,27086000
2019-12-10,66.68551635742188,66.94909942159872,66.25802627756777,66.52879824594098,21882000
2019-12-11,66.70338439941406,67.00986638093075,66.58684088203576,66.99201519220952,17008000
2019-12-12,66.96372985839844,67.23674174983219,66.47921282905311,66.74899349709194,25620000
2019-12-13,66.84273529052734,67.10373795140538,66.64634196885596,66.84868316363773,30992000
2019-12-16,67.5042953491211,67.67836520680227,67.082753137584,67.27269155552068,27946000
2019-12-17,67.20425415039062,67.69423473755066,67.01595025956607,67.58959455902944,37080000
2019-12-18,67.08027648925781,67.46958217204825,66.99994236943307,67.2776611144941,30452000
2019-12-19,67.2498779296875,67.35203603398644,66.89999777336413,67.04059759394741,29398000
2019-12-20,66.93001556396484,67.62679451476367,66.90075293659741,67.61241670457538,66300000
2019-12-23,66.89281463623047,67.43634876882511,66.77726245940671,67.24145379082276,17662000
2019-12-24,66.6309585571289,66.96322968231466,66.59227468840155,66.87594882513521,6950000
2019-12-26,67.46610260009766,67.5120813178095,66.67609500107172,66.76040192898937,13350000
2019-12-27,67.04405975341797,67.67091698181409,66.9161124101972,67.59454056029013,20768000
2019-12-30,66.26299285888672,67.09913064878332,66.15785322729747,66.95035057848848,21018000
2019-12-31,66.3066177368164,66.35522229239552,65.91309715394533,65.96393405327284,19236000
2020-01-02,67.811767578125,67.84995201011368,66.53127996922048,66.53127996922048,28132000
2020-01-03,67.47898864746094,68.06617069936922,66.72934494889475,66.84420092136546,23728000
2020-01-06,69.14282989501953,69.25639185844823,66.95032803095513,66.95032803095513,34646000
2020-01-07,69.09970092773438,69.57827011056023,68.95290348967677,69.32783136564986,30054000
2020-01-08,69.64421844482422,70.00426142366348,68.97570340920772,69.03719501781758,30560000
2020-01-09,70.41342163085938,70.7853680299881,69.93930953481828,70.45012288484241,30018000
2020-01-10,70.90438079833984,71.16221273646424,70.34001398848667,70.79675912001144,36414000
2020-01-13,71.3755111694336,71.43948484872311,70.7203901217484,71.22177456327726,33046000
2020-01-14,70.96141052246094,71.50296204215371,70.83693653451394,71.36460211780435,31178000
2020-01-15,71.37401580810547,71.48287094379806,70.92817513868587,70.92817513868587,25654000
2020-01-16,71.99392700195312,72.00831237664282,71.45931471837719,71.78266404004518,23474000
2020-01-17,73.41676330566406,73.46164477643468,72.31729213171786,72.54987970305585,47924000
2020-01-21,73.61561584472656,73.98508009594632,72.96098669831254,73.35376569961439,40734000
2020-01-22,73.69248962402344,74.54865786004517,73.64190243937945,73.94293591616665,32216000
2020-01-23,73.72718811035156,74.16708087462175,73.50154736023529,73.77629210215196,27024000
2020-01-24,72.73831939697266,74.16584649891621,72.66590821809966,74.07136916918171,35692000
2020-01-27,71.11119079589844,71.31799668335638,70.48135945120916,70.96737485345128,35104000
2020-01-28,72.03659057617188,72.2071946463806,71.04026885996775,71.56248606489588,31548000
2020-01-29,72.33761596679688,72.67484368608115,71.74795176318436,72.34604590305221,21554000
2020-01-30,72.1992416381836,72.27065393702287,71.23515668568568,71.41170859245895,26788000
2020-01-31,71.1275405883789,72.90792171864511,70.84485776961345,72.84692198093046,48344000
2020-02-03,73.6919937133789,73.89334358225949,72.3554703936322,72.5047423236359,60736000
2020-02-04,71.76432800292969,72.8766937856958,70.73428653529048,72.2602565180651,78660000
2020-02-05,71.82185363769531,72.59600034228271,70.94554880802797,72.52557934139425,39724000
2020-02-06,73.21044921875,73.49659788821806,71.88830373345907,71.92599629501353,33588000
2020-02-07,73.35922241210938,73.6870288608665,72.72046181869683,72.76757562441631,23446000
2020-02-10,74.8197250366211,74.86039152922719,73.11572029684962,73.11572029684962,28398000
2020-02-11,74.8251953125,75.85871012834814,74.66887824922452,74.97496668861213,26892000
2020-02-12,75.29531860351562,75.41558517465585,74.79145971137443,75.10736283091255,23352000
2020-02-13,75.11629486083984,75.73719669041428,74.61739251081347,75.01859387582277,18590000
2020-02-14,75.41783142089844,75.41783142089844,74.75328149590585,75.16292042472107,23956000
2020-02-18,75.36475372314453,75.95788370450909,75.01364008584298,75.13315750620852,22414000
2020-02-19,75.71290588378906,75.98149848810453,75.45055627543236,75.63256420125067,18986000
2020-02-20,75.28937530517578,75.85919809656423,74.72749057713531,75.48030502522627,21932000
2020-02-21,73.65082550048828,74.99503698497209,73.41922929206862,74.78748955127412,34634000
2020-02-24,70.50068664550781,71.26342933886559,69.99484510495328,70.72484423331122,57342000
2020-02-25,68.85719299316406,71.32145879686445,68.55715837034766,71.06655536248853,49566000
2020-02-26,69.09175872802734,70.20859665737065,68.38853252553207,69.2385561572989,44048000
2020-02-27,65.36783599853516,68.02670141812484,65.32220537479418,67.54842740281785,59566000
2020-02-28,66.42118835449219,66.51095128817234,63.03250896450946,63.354863232792546,75782000
2020-03-02,68.8899154663086,68.97720389917308,65.80053302612448,67.0301837575287,48630000
2020-03-03,66.52335357666016,69.9333537206133,66.05767147100971,69.40122343462653,48046000
2020-03-04,68.76146697998047,68.83933416265685,66.60864747883483,67.40808388764576,38266000
2020-03-05,65.41495513916016,67.39222179097587,64.72362464769245,66.9602669855515,51226000
2020-03-06,64.391845703125,64.7791611498998,62.53905703741642,63.3330374336799,53212000
2020-03-09,60.283084869384766,62.22712368919606,59.51142024133179,59.7742617420162,67308000
2020-03-10,63.49818420410156,63.53587676445679,60.44227179174793,62.48698535745458,52228000
2020-03-11,60.275634765625,62.534588813434645,59.31651016373296,61.97617369893665,52170000
2020-03-12,55.291561126708984,59.207414272085515,55.21171888091454,55.84154638907441,84534000
2020-03-13,60.48988342285156,60.49137039100556,55.40230323207435,58.46996772101614,74002000
2020-03-16,53.77501678466797,57.144206967284475,53.28454426318189,54.35376527929909,85048000
2020-03-17,55.5340690612793,56.082563531431106,52.370538809534686,54.210432890602604,77230000
2020-03-18,54.393436431884766,54.874487668120736,51.44166836134549,52.395340897099366,84668000
2020-03-19,55.31040573120117,57.42702731100827,52.573775192398216,54.20746130353997,73022000
2020-03-20,53.17940139770508,56.733720556661275,52.84068292764188,56.32358599756474,72036000
2020-03-23,52.40079879760742,53.12981430298767,50.26413893826436,52.63388579958714,80882000
2020-03-24,56.26110076904297,56.28788133018292,54.086949025296136,54.73909617393733,66890000
2020-03-25,54.675621032714844,56.977224607740055,53.8583295696651,55.86485886779716,81630000
2020-03-26,57.6144905090332,58.02214300806184,54.2312634583614,55.13732648255728,71434000
2020-03-27,55.08326721191406,57.064998343395295,54.84522368008292,55.825177246176374,64170000
2020-03-30,56.87407302856445,57.11261603441226,54.37757060261394,55.793940036869465,51482000
2020-03-31,57.66706085205078,58.286971475130365,56.44360760732863,56.89787829353579,49728000
2020-04-01,54.830841064453125,56.02454351034657,54.42567062720293,55.64317213039015,46884000
2020-04-02,55.58564376831055,55.88419139127797,54.37359452502577,54.46583573281138,39298000
2020-04-03,54.44699478149414,55.719544364938564,53.5508524475065,55.495137039412775,46268000
2020-04-06,58.86273956298828,59.24658920793496,56.08653234433062,56.436658461574886,53294000
2020-04-07,58.8424072265625,60.751235353486514,58.63014915297558,60.55286321601367,47746000
2020-04-08,60.02122497558594,60.45714496867992,58.92423230539766,59.83376484940254,39502000
2020-04-09,60.079254150390625,60.779506436682354,59.34949708585612,60.705612063884026,43508000
2020-04-13,60.38226318359375,60.5285649530198,58.896365855544225,59.96667641062924,34796000
2020-04-14,62.944725036621094,63.581499256024976,61.3428782593448,61.747556813545664,49408000
2020-04-15,62.60947799682617,63.50165503792342,61.51496357674615,61.773340354351014,33434000
2020-04-16,62.6590690612793,63.42924660502383,61.62505874444982,63.186242735077165,50362000
2020-04-17,63.640018463134766,64.19446460775627,63.04391450926049,63.7193688333118,38980000
2020-04-20,62.81479263305664,63.55818962461764,62.554925105690124,63.03250291412984,33910000
2020-04-21,60.32176208496094,62.20281832216117,59.992960525553144,61.84227585894478,43060000
2020-04-22,62.64617919921875,63.75720546304819,61.59431383533903,61.769874449157605,41848000
2020-04-23,63.29584503173828,64.13892191877248,62.768179439176556,63.059784108750144,31324000
2020-04-24,63.44462585449219,63.49867884995032,61.96378339226332,62.5450101142497,32792000
2020-04-27,63.27452087402344,64.2797718864122,62.93332411191439,64.27233326199239,32012000
2020-04-28,61.18119812011719,63.87805476662308,61.108298854004,63.87210689480443,59026000
2020-04-29,66.52780151367188,67.44576396661877,65.72737385112596,66.5268102017003,75872000
2020-04-30,66.88388061523438,67.09018701850572,65.58603376740912,65.7045674394497,53378000
2020-05-01,65.49280548095703,67.05299435560296,65.01621899501687,65.88409373143328,41450000
2020-05-04,65.7997817993164,65.84243848597423,64.42110134123789,64.87884534974093,30080000
2020-05-05,67.0053939819336,68.13760114511875,66.32845640054424,66.35127171542406,33030000
2020-05-06,66.81643676757812,67.99774019126139,66.81594489519226,67.53008306132087,24308000
2020-05-07,68.06916046142578,68.31910733537178,67.21169814896533,67.74085452360723,27952000
2020-05-08,68.85321807861328,69.36848844277789,68.21396560720446,68.59335055268106,27738000
2020-05-11,69.5916519165039,70.24974685692581,68.29687740122128,68.35282220602477,28242000
2020-05-12,68.22686004638672,70.17387251068926,68.17875492836775,69.78308369446536,27812000
2020-05-13,66.91710662841797,68.70998890642262,65.8791273292821,68.29182173742244,36252000
2020-05-14,67.25435638427734,67.31833007246495,65.65647466241447,66.20744748438503,32062000
2020-05-15,68.10040283203125,68.16437651604467,66.40482021675804,66.95034456978946,34154000
2020-05-18,68.63351440429688,69.04935085689185,67.16110587321302,67.53305217758681,36448000
2020-05-19,68.11502075195312,69.03323292643849,68.11502075195312,68.78512494419972,25612000
2020-05-20,69.76325225830078,69.94675094840994,68.79768395195626,68.91322857232315,33108000
2020-05-21,69.56884765625,70.19817951482796,69.10515573096625,69.82673258871532,27700000
2020-05-22,69.94673919677734,70.06278323735867,69.02480391460554,69.26682025016942,26188000
2020-05-26,70.2740478515625,71.46328930381696,70.03153963793783,71.27830745584195,41212000
2020-05-27,70.31471252441406,70.50812430309784,68.99802319120768,70.28545746997564,33716000
2020-05-28,70.25968170166016,71.45536309674016,69.23162287129195,69.27427199660077,33844000
2020-05-29,70.86421203613281,71.04522865687635,70.09205556424409,70.27009068134761,36418000
2020-06-01,71.0080337524414,71.31253304675782,70.32265872857073,70.34200066540495,24342000
2020-06-02,71.37500762939453,71.39434956396636,70.36380886845413,70.94503551579085,25562000
2020-06-03,71.23416137695312,71.73861806980271,70.90670304969993,71.32938029248538,25124000
2020-06-04,70.03401947021484,71.36211266696125,69.6645552256751,70.93759655491728,29686000
2020-06-05,71.3338623046875,71.6641508698637,69.72755066772461,70.0831290439948,34698000
2020-06-08,71.74150848388672,71.80994685711737,70.53788907957735,70.53788907957735,28084000
2020-06-09,72.21512603759766,72.80230825057976,71.57289951225997,71.67952232791713,28184000
2020-06-10,72.69567108154297,73.11269560871756,72.22056777874072,72.38273431446721,30504000
2020-06-11,69.62042236328125,72.13155206814369,69.52916868121383,71.53668914855498,39826000
2020-06-12,70.0836181640625,71.26492169051431,68.73668227271367,70.84288757946392,38928000
2020-06-15,70.41439819335938,70.65988034383709,68.8309021119671,68.97372671456009,30078000
2020-06-16,71.548583984375,72.15857379997503,70.71442902210995,71.67256608486987,34184000
2020-06-17,71.96517181396484,72.40555653697243,70.98620949961257,71.76878607729063,30992000
2020-06-18,71.21333312988281,71.97954918917922,70.76948264751202,71.86796226905375,31638000
2020-06-19,71.0030746459961,71.8005285316036,70.48879551369863,71.61207327769715,63158000
2020-06-22,72.00186920166016,72.04600150571602,70.58103148872615,70.86817145398668,30848000
2020-06-23,72.62425994873047,73.19611839851154,71.67356892368223,72.18933121509058,28596000
2020-06-24,71.0154800415039,73.17029008678557,70.90538384847834,72.48045030038074,35120000
2020-06-25,71.47965240478516,71.55751202044834,70.42183921066282,70.9128110955732,24610000
2020-06-26,67.44132232666016,71.08887448149189,67.04904268475059,70.98671635410172,85354000
2020-06-29,69.18053436279297,69.21177961361228,66.80206626276431,67.35601300428192,36204000
2020-06-30,70.10494995117188,70.35490441063794,68.6345236596067,68.95589043580496,40848000
2020-07-01,71.3165054321289,71.56248706814357,69.91699205892213,69.98047387595673,35504000
2020-07-02,72.6386489868164,73.54371699815358,71.73209022358978,71.75787947455035,37182000
2020-07-06,74.17601776123047,74.71607848579934,73.04331137241347,73.40038044187747,31280000
2020-07-07,73.65431213378906,75.2224317656183,73.57347100521886,73.89334700875635,29164000
2020-07-08,74.19090270996094,74.68087574388413,73.67662361131148,74.10758708958852,24994000
2020-07-09,74.93429565429688,75.51602180984509,73.79837306396279,74.70914673130567,28466000
2020-07-10,76.45927429199219,76.56292316109031,74.21768304558893,74.69426958102004,37126000
2020-07-13,74.95165252685547,78.21446160699429,74.64928721165765,76.8689106040172,36928000
2020-07-14,75.40988159179688,75.52741638295451,73.57098273815004,73.90870986468656,31700000
2020-07-15,75.06571197509766,76.14138391474197,74.29008219156457,75.53635060957889,32214000
2020-07-16,75.28195190429688,75.31617109373265,73.710351254412,74.3892790423351,30386000
2020-07-17,75.16043853759766,75.55172684197788,74.3109143070214,75.46147203408852,29134000
2020-07-20,77.64851379394531,77.87515346300708,74.56780342093248,75.14605618591928,31146000
2020-07-21,77.2864761352539,78.70334856533637,77.08116103848886,78.70334856533637,24324000
2020-07-22,77.785888671875,77.86077435954509,76.67550554937395,77.38964379884865,18640000
2020-07-23,75.16687774658203,77.95350126110768,74.75585405103264,77.71050117068346,32552000
2020-07-24,74.97793579101562,75.26388771076272,73.81399161212126,74.33620877052465,30880000
2020-07-27,75.8869857788086,76.42109874731706,75.14358485628864,75.16292679541628,24920000
2020-07-28,74.40612030029297,75.70247635838481,74.27321639191425,75.63801081175393,34044000
2020-07-29,75.4813003540039,75.93914274895256,74.45522426355107,74.70269661768238,22130000
2020-07-30,75.94895935058594,76.26734454597072,74.00343011725805,74.24048232600035,33428000
2020-07-31,73.5442123413086,74.83312997421159,72.1094885875636,74.63773554581938,68798000
2020-08-03,73.1221923828125,73.9166648748622,72.68527337544054,73.72672640998577,46604000
2020-08-04,72.65202331542969,73.67314278505046,72.3386022422577,73.22730210302637,38070000
2020-08-05,73.08051300048828,73.51693248448915,72.5771458958924,72.8667679466478,39590000
2020-08-06,74.39423370361328,74.50780327060521,72.70312322102698,72.98828060328691,39908000
2020-08-07,74.11601257324219,75.22465510088256,73.47874270652974,74.3892666032964,31556000
2020-08-10,74.19585418701172,74.59135742047405,73.05422594989197,73.75348686620923,25786000
2020-08-11,73.41327667236328,74.88519341230798,73.29822393954036,74.0143447181489,29088000
2020-08-12,74.71756744384766,75.00351932942833,73.65776413254623,73.67413213107781,28740000
2020-08-13,75.30426788330078,76.23661593677048,74.78627319987025,74.90206754694344,29104000
2020-08-14,74.77261352539062,75.47534779254109,74.53208793791012,75.16588440100371,27096000
2020-08-17,75.28096008300781,75.65935378866358,74.78453211967629,75.11680332241285,27566000
2020-08-18,77.29541015625,77.48733120140389,75.5651165445607,75.68760790793527,40542000
2020-08-19,76.74641418457031,78.0432621672196,76.56887096166327,77.03305469861412,33212000
2020-08-20,78.44349670410156,78.64782052965306,76.28373007594602,76.54408952714876,34138000
2020-08-21,78.37753295898438,79.23548711525625,77.76183732391951,78.20941096343067,28930000
2020-08-24,78.76335906982422,80.0512852988001,78.38496542508483,79.0499995959638,28198000
2020-08-25,79.7562026977539,79.92481654282224,78.45934716744806,78.45934716744806,44942000
2020-08-26,81.94622039794922,82.28543070227713,79.52707869137119,79.74528839858574,79868000
2020-08-27,81.05107879638672,82.07616363287521,80.62557131201277,82.01069919667889,37232000
2020-08-28,81.55096435546875,81.68784108686194,80.87352744990812,81.00941286928159,29980000
2020-08-31,81.04363250732422,81.7272670086646,80.85171147232356,81.72355148038665,36468000
2020-09-01,82.35932922363281,82.60828474868133,80.94642962203825,81.1651312126467,36506000
2020-09-02,85.71033477783203,85.95333490694442,82.63805399746607,83.00727616673774,50224000
2020-09-03,81.42350769042969,84.78957161345147,80.09540701380872,84.78957161345147,62156000
2020-09-04,78.90420532226562,81.58568941253101,76.75053816961896,80.55167522174912,52172000
2020-09-08,75.9955825805664,77.5565207808526,75.77836415351894,76.05112632745818,52218000
2020-09-09,77.21406555175781,77.81116072527601,76.17713057258,77.24233685989118,35494000
2020-09-10,75.97722625732422,78.55907952018826,75.66901145606728,77.39657320019084,32372000
2020-09-11,75.41683197021484,78.1186491124556,74.25833630654392,76.17461055750715,31942000
2020-09-14,75.34542083740234,77.56321311393701,75.16986778129993,76.32364160391639,33932000
2020-09-15,76.44438934326172,77.34350932859908,75.96805257565245,76.1746087007841,26622000
2020-09-16,75.42575073242188,77.4640168183633,75.37218961613101,77.14364899987078,26234000
2020-09-17,74.16759490966797,74.80080125112195,72.90149248477596,74.19090966447538,37596000
2020-09-18,72.4050521850586,74.53818919011871,71.27136202076372,74.2905730665259,62078000
2020-09-21,70.97530364990234,71.82830129662509,69.75482430732475,71.41667972325446,57776000
2020-09-22,72.67633056640625,72.87767284827125,71.14242277669379,71.91408729546332,31664000
2020-09-23,70.18429565429688,72.45316703943205,69.81185740503247,72.34506104294726,33148000
2020-09-24,70.83296966552734,71.59764214032865,69.91848041035874,69.97699809712408,29004000
2020-09-25,71.65967559814453,71.90962243748211,70.0915486292759,71.0481949956767,26460000
2020-09-28,72.62970733642578,73.23870586579038,71.87495567360742,73.11026663968008,40158000
2020-09-29,72.86825561523438,73.23192336864469,72.34628818781371,72.9208254242764,19564000
2020-09-30,72.88164520263672,73.88094068365706,72.3996027094598,72.74277828073141,34032000
2020-10-01,73.89779663085938,74.3416546697568,73.3582278004527,73.60916593748922,35590000
2020-10-02,72.32718658447266,73.55610313991006,71.95524028841874,72.50622054887572,25682000
2020-10-05,73.69596099853516,73.80456642176533,72.6173151211207,72.71352536017787,22266000
2020-10-06,72.08021545410156,73.73264926883367,71.83968987410624,73.17820318669814,24908000
2020-10-07,72.41992950439453,72.84989402582403,71.21531903478405,72.61829783127027,34924000
2020-10-08,73.69149780273438,73.89333953297897,72.65798308779358,72.65798308779358,23756000
2020-10-09,75.1440658569336,75.2085314042715,73.86606040703245,74.12641979448492,28706000
2020-10-12,77.81861114501953,79.0440544890088,76.00451004057007,76.5217630622759,49652000
2020-10-13,77.94407653808594,78.85261775494405,77.5235332389099,78.54167118448947,32020000
2020-10-14,77.76555633544922,78.73777628369358,76.89519938776775,78.2867746515305,38586000
2020-10-15,77.32168579101562,78.1139332665967,76.62243246244789,76.72756450610129,30800000
2020-10-16,78.01004028320312,78.41274000510408,77.51361994991191,77.65496137740864,28694000
2020-10-19,76.1056900024414,78.76089337952341,75.77788347288197,78.37952571936951,32142000
2020-10-20,77.16300201416016,78.23271860742969,75.6623219323521,75.730760305521,44834000
2020-10-21,79.01676940917969,80.27742316910108,77.94159693784444,78.02590386274095,51366000
2020-10-22,80.10882568359375,80.43911426654326,78.60467208949893,79.00389092428905,28672000
2020-10-23,81.38186645507812,81.44930594797006,80.36570343179478,80.64143954512473,27516000
2020-10-26,78.87494659423828,81.24499232296941,78.18312422474628,80.5888798925697,37066000
2020-10-27,79.559814453125,79.68801153283871,78.49456263160442,79.13381512590206,24580000
2020-10-28,75.2135009765625,77.43178491198138,75.11431680117468,77.3519426723753,36680000
2020-10-29,77.72388458251953,79.03660867362323,75.49220671058728,75.49815458251972,40062000
2020-10-30,80.39049530029297,83.66312660282435,79.56973433464627,82.92468994011574,86582000
2020-11-02,80.63944244384766,82.36229718680146,80.14351405373284,80.7450739196413,50708000
2020-11-03,81.83861541748047,82.40843829560912,80.1727947872518,80.92461803777752,33234000
2020-11-04,86.74433135986328,87.84703361066488,84.60688092230208,84.81765202984789,71418000
2020-11-05,87.4505386352539,88.95171049474862,86.81276931563411,88.32486074238336,41316000
2020-11-06,87.37018585205078,87.8998339838317,86.30889939734342,86.98336231221228,33218000
2020-11-09,87.43218231201172,90.16276256901271,87.28439358395912,88.8158192797935,45366000
2020-11-10,86.3108901977539,87.43218518372008,85.16578858845315,85.84967281516651,52722000
2020-11-11,86.92188262939453,87.49269682010963,86.65680878425508,86.7874879424301,25280000
2020-11-12,86.779541015625,87.69353830266849,86.56926934978563,86.66994427843309,24950000
2020-11-13,88.12747955322266,88.32684679511796,86.51720276588829,87.16587654340698,29998000
2020-11-16,88.34369659423828,89.22099257157922,87.6647689568007,87.863636736333,24936000
2020-11-17,87.78677368164062,88.52322772761146,87.63055501018202,88.12350952068519,22942000
2020-11-18,86.6277847290039,87.95142087989595,86.59604760937596,87.54277330379958,23470000
2020-11-19,87.47779846191406,87.75899052091516,86.14300830913265,86.2111969483226,24998000
2020-11-20,86.40015411376953,87.97770236272952,86.38379368150468,87.54178235299388,46270000
2020-11-23,86.03665161132812,86.98090296566275,85.18663545398286,86.76765733399488,43232000
2020-11-24,87.72380065917969,87.85869478503162,85.68106953526811,85.82042834945464,31560000
2020-11-25,87.85026550292969,88.20286994223466,87.11182874868692,87.9226691271736,20916000
2020-11-27,88.92938995361328,89.4654854366116,87.90033997836497,87.93257653696658,17698000
2020-11-30,87.32010650634766,88.67523005776951,87.03544103977525,88.3339765652779,36476000
2020-12-01,89.17290496826172,90.49852394562075,87.74810180147111,87.99606605868435,34738000
2020-12-02,90.65324401855469,91.03511106035535,88.74505903427753,89.17289722878292,24440000
2020-12-03,90.5947265625,91.60790806884594,90.39040276047709,90.45784981975008,24546000
2020-12-04,90.65522766113281,90.91162183618451,90.10971087684315,90.4831404190913,27564000
2020-12-07,90.23319244384766,90.87244496921858,89.55377286032213,90.20938581895045,26418000
2020-12-08,90.18706512451172,90.35320448295946,89.0789144685752,89.7680049836728,21926000
2020-12-09,88.4800796508789,90.96666864933377,87.67073011210893,89.8627329502072,30152000
2020-12-10,88.04366302490234,88.3402242261488,86.30741410588243,87.7694101273373,27256000
2020-12-11,88.363037109375,88.49594858668057,87.2833999942451,87.43515396634064,24414000
2020-12-14,87.286376953125,89.13767861578862,87.14528525532343,88.02729565644759,32004000
2020-12-15,87.66873931884766,87.84975592583757,86.78499597838041,87.50260752712254,29646000
2020-12-16,87.43218231201172,87.92811073401148,87.08899917806838,87.92215529473972,30270000
2020-12-17,86.68333435058594,87.86781610091937,86.22509843990318,87.70544523252667,32494000
2020-12-18,85.845703125,87.04089241557519,85.31059897091531,86.99476992297629,80328000
2020-12-21,86.26029968261719,86.33370217385195,84.25823538328831,84.97782951720453,36568000
2020-12-22,85.4732666015625,86.16284895834818,84.93146540563659,86.01530995003834,18734000
2020-12-23,85.91365051269531,86.6877895060704,85.54963469528087,85.70188810968256,20676000
2020-12-24,86.23451232910156,86.58910690768609,85.75147852257116,86.04358260776166,6936000
2020-12-28,88.08135223388672,88.80729534489672,86.60571992628164,86.8685613975094,27860000
2020-12-29,87.21992492675781,88.8922002521358,87.08949550295102,88.66159534026018,25988000
2020-12-30,86.26773834228516,87.53608042048225,85.5774068301014,87.3830854134302,26122000
2020-12-31,86.8807144165039,87.23034487925975,86.06441813101601,86.06441813101601,20238000
2021-01-04,85.70833587646484,87.315638555267,84.6971371007331,87.16140251606141,38038000
2021-01-05,86.3371810913086,86.67193433850245,85.20125844880863,85.54766528916385,22906000
2021-01-06,86.05797576904297,86.68829892340156,84.25824485610288,84.438270161546,52042000
2021-01-07,88.63482666015625,88.69185359619415,86.14526340192303,86.29453534198191,45300000
2021-01-08,89.62467956542969,89.75510898644488,87.95464418699582,88.67101469054919,41012000
2021-01-11,87.61666870117188,88.9851863313301,87.30919548708157,88.57628903059744,24194000
2021-01-12,86.61638641357422,88.17806619639528,85.56303785339858,86.98188545419609,27140000
2021-01-13,87.00568389892578,87.53309972168303,86.19285345879712,86.22112476909484,21882000
2021-01-14,86.30047607421875,88.02779564101687,85.96423211932873,86.96700097737205,23590000
2021-01-15,86.10260772705078,87.08504343058807,85.3765661981247,86.20179190881777,26844000
2021-01-19,88.81385040283203,89.7271061839766,86.36396240818486,86.8990742224771,34692000
2021-01-20,93.57674407958984,94.41039971537666,90.53322676539784,90.8273134979068,49806000
2021-01-21,93.79247283935547,95.95521316558039,93.58715772423683,94.12722607345184,41278000
2021-01-22,94.27847290039062,94.76944477465045,93.32182652669026,94.01215805982365,25442000
2021-01-25,94.19664764404297,95.69335474917038,92.61612548587166,95.25148687472665,38546000
2021-01-26,95.08139038085938,95.46623136145799,93.44507462105284,93.67295532912556,26262000
2021-01-27,90.79408264160156,93.73047761488849,89.71345411877192,93.36002202687476,54966000
2021-01-28,92.39693450927734,94.16838658247579,91.38177035076103,91.44623590823613,35462000
2021-01-29,91.03958129882812,92.10780717472167,89.77297948192589,91.55683436278797,32252000
2021-02-01,94.2933578491211,95.33689167199552,91.79289035316354,91.92381165663161,32044000
2021-02-02,95.59070587158203,96.99170219558746,94.9450060766456,95.3452161490111,45474000
2021-02-03,102.6606674194336,104.96325841895349,100.09720999120607,102.8059740989812,82364000
2021-02-04,102.27880096435547,103.08121136263884,101.29785601184385,102.60215032654648,37046000
2021-02-05,104.0457992553711,104.26946500328056,102.12804159521616,102.65719796271168,30702000
2021-02-08,103.79337310791016,105.31275197140779,102.75638490702532,104.4380816790213,24838000
2021-02-09,103.32718658447266,104.39938515562169,103.08071311327238,103.08071311327238,17798000
2021-02-10,103.91585540771484,104.56007205011774,102.3145080320854,103.85783716548745,22710000
2021-02-11,103.94114685058594,104.24564612223325,103.02020284455321,104.1206727016399,18914000
2021-02-12,104.34879302978516,104.58237943329328,103.30833919526567,103.66143544944777,17114000
2021-02-16,105.2310562133789,106.75752539473598,104.36119882493455,104.36119882493455,22676000
2021-02-17,105.5489501953125,105.81427374578436,104.09141870662437,104.14497982949926,21418000
2021-02-18,104.99797058105469,105.7683940855901,104.32896359560172,104.6602434323717,22432000
2021-02-19,104.20150756835938,105.6590389546534,104.01652571519517,105.10062758666214,29148000
2021-02-22,102.40326690673828,103.7194567660391,102.26738149575316,102.50839894520887,27350000
2021-02-23,102.69984436035156,103.25280733910866,99.28587137626359,100.42601651993324,33348000
2021-02-24,103.90544128417969,104.1836594479523,101.07666797930614,101.26015908617546,24966000
2021-02-25,100.74092102050781,103.89106097364152,100.2415192015447,102.53072356341767,36568000
2021-02-26,101.01368713378906,102.70727950397352,99.98215502350692,101.69112408186284,41670000
2021-03-01,103.2280044555664,103.47646055578979,101.47192161250796,101.98867518885048,28090000
2021-03-02,102.94680786132812,104.36169010953145,102.71967633138374,102.9641671726622,22692000
2021-03-03,100.51033020019531,103.57556584161517,99.68163105233624,102.51883462280813,29684000
2021-03-04,101.62020874023438,103.61136131466344,100.1909409627152,100.34468515033059,42360000
2021-03-05,104.56848907470703,105.04309291802431,101.48752934098262,102.81190698431197,43904000
2021-03-08,100.38435363769531,105.5737436566937,100.25739002064296,104.20101859863271,32948000
2021-03-09,101.79923248291016,103.05591344844812,101.55771557600389,102.65718656093722,33946000
2021-03-10,101.91478729248047,102.90515344140061,100.84060608747292,102.74447008089501,25372000
2021-03-11,104.8774642944336,105.41951524563389,102.77522436200067,102.85853997915966,24782000
2021-03-12,102.25647735595703,103.6619383704102,101.5438299447497,103.40107952720192,34516000
2021-03-15,102.48312377929688,102.51138752505237,101.34347809301322,102.27532660166743,25962000
2021-03-16,103.7740249633789,105.31338889081954,102.65719457975071,103.10303530903055,29832000
2021-03-17,103.70259857177734,104.62998227485897,101.8636921572067,102.95622389488632,25980000
2021-03-18,100.98193359375,102.92994490391536,100.84952155337616,102.21085020963008,27228000
2021-03-19,101.32811737060547,101.81908175524022,100.06250683729176,101.27108286741509,46298000
2021-03-22,101.09947967529297,102.06158212659268,100.47857777005784,101.260662483321,39096000
2021-03-23,101.81212615966797,102.77134540135853,101.13071643683558,101.74963566591305,27340000
2021-03-24,101.42034149169922,103.06434550660201,101.2465213555333,102.42757507481754,23080000
2021-03-25,101.38563537597656,102.10522201915293,99.71782465601287,101.40795124913863,28378000
2021-03-26,100.9487075805664,101.71442422177083,99.88097373507779,101.11286430960193,29870000
2021-03-29,101.96041107177734,102.08340187317192,99.96032925646956,100.568336511724,24596000
2021-03-30,101.94007873535156,102.69587473490607,101.36926459557569,102.04372760151593,20732000
2021-03-31,102.5892562866211,103.81404889056168,101.99984177773698,102.11762630502906,29198000
2021-04-01,106.01709747314453,106.27449050411947,103.99073462742018,104.0433044335642,33980000
2021-04-05,110.37135314941406,110.95457003440771,106.70495900248957,106.77042343492305,43298000
2021-04-06,110.3316879272461,110.9719317551414,109.83823396039672,110.22010099606848,27060000
2021-04-07,111.56803131103516,111.83186409294996,110.36044676097164,110.40012194455343,25798000
2021-04-08,112.3496322631836,113.27031912882516,111.9647912525639,112.97053421698172,27166000
2021-04-09,113.36329650878906,113.52001462822392,111.76809372118751,111.91617758788094,20888000
2021-04-12,111.82146453857422,112.83960266481415,111.0118576275024,112.38979666413164,31318000
2021-04-13,112.44036865234375,112.93331558350526,111.88591497198078,112.15272925225808,23310000
2021-04-14,111.82392883300781,112.97200442011726,111.54373561170023,112.83166187326306,20220000
2021-04-15,113.89790344238281,114.39070661026797,112.37738966180343,112.9219151037315,27472000
2021-04-16,113.95245361328125,114.38291762213942,113.29237600820646,114.21232114476052,22596000
2021-04-19,114.18257904052734,114.97854215357061,113.46075245473116,113.66581785759621,24688000
2021-04-20,113.74765014648438,114.53964800990812,112.6605742245064,114.45484163451145,21774000
2021-04-21,113.73077392578125,113.83144885494853,112.00891027141758,113.33204702464222,23930000
2021-04-22,112.47260284423828,114.25010850896022,111.90377136783978,113.72779302411982,21096000
2021-04-23,114.82231903076172,115.3440367542514,112.98292050149439,113.24377936323923,28670000
2021-04-26,115.3896484375,116.10974202004986,114.74990409842174,115.05192130092647,20834000
2021-04-27,114.41665649414062,115.92080239703763,114.27531505843952,115.84889821446819,31972000
2021-04-28,118.0265121459961,121.62040445689436,117.77557397263499,119.3771711052767,59728000
2021-04-29,120.50515747070312,120.83395524862783,119.1358982318864,119.53512456951526,39554000
2021-04-30,119.52470397949219,120.36877970794184,119.12994989855207,119.24550207460459,39142000
2021-05-03,118.78329467773438,119.99980862839934,118.25413835135872,119.15772308205698,33788000
2021-05-04,116.75395965576172,117.99427268291278,114.64378162886055,117.52215084548284,35120000
2021-05-05,116.87744903564453,118.1400855752014,116.61312435657155,117.45669314913779,21806000
2021-05-06,118.0979232788086,118.16537033760999,116.16320746183399,116.57492737379029,20618000
2021-05-07,118.9578628540039,119.83664964026104,118.52689939698048,119.02282784634022,23272000
2021-05-10,116.12958526611328,117.93179064207953,115.78591022956242,117.77755458881681,26006000
2021-05-11,114.49797821044922,115.15458244140912,113.22046454917758,113.6598579347264,32110000
2021-05-12,111.0423583984375,113.33801028272839,110.59453503372144,112.16464481041318,34934000
2021-05-13,112.17752838134766,112.90311582105595,111.22286462130927,112.1338803826801,26670000
2021-05-14,114.8649673461914,115.11194026946131,113.23633994336181,113.65837404280985,26624000
2021-05-17,115.12533569335938,115.2210464992058,113.81558537815492,114.52575834677255,19842000
2021-05-18,114.23365020751953,116.20347810765156,114.22025614360614,115.89381794414857,17302000
2021-05-19,114.4955062866211,114.89472508453598,112.25440685652637,112.29804729188112,19350000
2021-05-20,116.84519958496094,117.05597068356282,115.1094500602094,115.45412395526984,23832000
2021-05-21,116.30017852783203,117.48544722515153,116.16479254253063,117.33617530373544,22832000
2021-05-24,119.35362243652344,119.93931384663466,117.04457654236985,117.38626896248616,21244000
2021-05-25,119.47262573242188,120.6539290957129,119.17110040803736,120.01467664119534,18838000
2021-05-26,120.6856689453125,121.15253906613417,119.64347462931079,119.65934318875325,21856000
2021-05-27,119.14730834960938,121.00654057868199,119.12201097424901,120.85478659558993,38962000
2021-05-28,119.59613800048828,120.41838225922996,119.40420936997359,120.11190031843134,24108000
2021-06-01,120.50119018554688,120.90591791989131,119.26484245604037,120.11386716642556,19166000
2021-06-02,120.07817077636719,121.10573007975975,119.23112108062708,120.7739583547532,17158000
2021-06-03,119.25145721435547,119.50611848597822,118.17132807497366,118.77586198480036,18346000
2021-06-04,121.58975982666016,121.69385516734322,119.90409787518193,120.1396669327178,25948000
2021-06-07,122.30042266845703,122.3951497296109,121.05976150826854,121.56794139257822,23850000
2021-06-08,123.13159942626953,123.70910303235581,122.40704867314372,122.98530143873788,25060000
2021-06-09,123.55561065673828,124.23007363465103,123.35376893283397,123.95731148048276,20126000
2021-06-10,125.05331420898438,125.13563850963912,123.68454690478072,123.68504634442068,31234000
2021-06-11,124.6729507446289,125.32063321691727,123.89731333690504,125.21797565856859,25240000
2021-06-14,125.32311248779297,125.38212961355308,124.02873880602104,124.64617493144017,22550000
2021-06-15,125.00669860839844,125.82895034459014,124.6253310203583,125.49172262878523,22182000
2021-06-16,124.6729507446289,125.49321233203597,123.1389898384766,125.21945884310614,26316000
2021-06-17,125.34194946289062,126.16072781144105,124.49291717868857,124.50085524234504,25756000
2021-06-18,124.54499053955078,125.35980365948708,123.5883441205788,124.68186727822429,53306000
2021-06-21,125.4252700805664,126.00228182127941,124.11527007424792,124.71608843961218,26256000
2021-06-22,125.96533203125,126.2336295153281,125.00025565170033,125.4203071266317,20984000
2021-06-23,125.43171691894531,126.75534556965877,125.22391974461154,125.51949722565587,19694000
2021-06-24,126.24552917480469,126.4969667786832,125.92615264151272,126.01888950718013,18934000
2021-06-25,125.96087646484375,126.46671806241827,125.41436080170116,125.92318390287267,33484000
2021-06-28,125.78681182861328,126.30009207198499,124.94799526906989,125.96583826270029,28110000
2021-06-29,124.99232482910156,125.96583114257567,124.41555523706536,125.74018278107881,20950000
2021-06-30,124.29553985595703,124.77559974075643,123.74158560373274,124.63033847326153,24006000
2021-07-01,125.3394546508789,125.43269094483846,123.83306912264638,123.83306912264638,17120000
2021-07-02,127.67082977294922,127.7987922755015,125.73671173466799,125.80664085862337,21160000
2021-07-06,128.71424865722656,128.8268344566273,127.3633401406907,128.39536402308573,21350000
2021-07-07,129.0182647705078,129.57607833270313,128.70334536300965,129.27962305809365,16680000
2021-07-08,128.12510681152344,128.97363970343406,126.99735686608915,127.20565348420647,19780000
2021-07-09,128.51934814453125,128.7921178574575,127.8934897447843,127.89448862405263,15106000
2021-07-12,129.50079345703125,129.70512480716408,128.5446541061689,128.77624275291603,16944000
2021-07-13,129.9278106689453,130.96678141867164,129.57320849460794,129.81572429663876,16618000
2021-07-14,131.0069580078125,131.9130173298575,130.82395118732427,130.82743213081687,17912000
2021-07-15,130.19760131835938,131.51528985740703,129.53455721457854,131.4210622246716,16586000
2021-07-16,130.7718505859375,131.10659617688358,129.7561872410238,130.56901758069927,14856000
2021-07-19,128.20147705078125,130.1782442144146,127.4903203339769,130.08749753595882,25710000
2021-07-20,130.03392028808594,130.92643404030247,128.13639779077113,128.9453537795408,19084000
2021-07-21,131.52072143554688,131.53733915599082,129.53800642236,129.72199697558133,14742000
2021-07-22,132.2427978515625,132.41735957909924,131.32184625781025,131.56981048045304,13608000
2021-07-23,136.69374084472656,137.6781666591635,133.60361693798063,134.1585549245739,26378000
2021-07-26,138.5073699951172,138.57530892782617,136.53010338725366,137.1242247377603,23052000
2021-07-27,135.68255615234375,138.87088838690343,133.99988326649327,138.87088838690343,42164000
2021-07-28,135.2709503173828,138.53861798836377,135.2397126324758,137.4336908265388,54688000
2021-07-29,135.4286346435547,136.03466684055886,135.02941587142033,135.2700398481496,19284000
2021-07-30,134.11988830566406,134.66576077614326,133.71640155666287,134.40753531059718,23954000
2021-08-02,134.88214111328125,134.91287935778823,133.5728825924492,134.38124847901094,20140000
2021-08-03,135.17025756835938,135.2253018731267,133.09083296076685,134.89253884620354,19064000
2021-08-04,134.92080688476562,135.42614900508227,134.31229264003457,135.14000035372476,16528000
2021-08-05,135.8248748779297,135.83478799766283,134.49579037605994,134.92079835826755,11866000
2021-08-06,135.9200897216797,135.96378312229734,134.9386454392917,135.1851264654293,13560000
2021-08-09,136.87823486328125,137.19513689628667,135.31780374379176,135.83381572217277,12374000
2021-08-10,136.9719696044922,137.4232663318946,136.10905890294026,136.95510973144727,16034000
2021-08-11,136.56826782226562,137.71708488841,136.23153957711503,137.15694065355592,15204000
2021-08-12,137.26258850097656,137.29085981526595,135.6652138400158,136.59159882270004,14646000
2021-08-13,137.27894592285156,137.54475375327414,136.88121035469663,137.23083323749523,12580000
2021-08-16,137.7847900390625,137.85867683814615,135.0569414796942,136.87624877814685,18040000
2021-08-17,136.18246459960938,137.5889170581815,135.67364148912625,137.06570100367492,21272000
2021-08-18,135.45791625976562,137.16787674028544,135.3101275100995,135.99896080782642,14934000
2021-08-19,135.79861450195312,136.33272745070573,134.25380203120767,134.36439009378836,18296000
2021-08-20,137.30970764160156,137.48576771220692,135.35574808898602,135.9667293535213,15564000
2021-08-23,139.95053100585938,141.01925633089692,137.618132385639,137.8666414819658,21090000
2021-08-24,141.2389373779297,141.84298696486948,140.20244870380733,140.39090394174517,15126000
2021-08-25,141.7859649658203,142.14601561993476,141.279623869391,141.71950921036773,12838000
2021-08-26,140.96568298339844,141.96923890542675,140.93444530189115,141.45714675839164,14922000
2021-08-27,143.3734130859375,143.83015821063904,140.86351697488737,140.95526252463856,24562000
2021-08-30,144.284912109375,145.2966102945594,143.4225009662218,143.52614225412017,16916000
2021-08-31,144.27749633789062,144.9221972797141,143.81925287302064,144.69655649043654,26756000
2021-09-01,144.6543731689453,145.62490540067745,144.42873240853402,144.46393533352676,15824000
2021-09-02,143.0446014404297,145.13345481264417,142.9330296491548,144.76100904331656,21844000
2021-09-03,143.59608459472656,144.1931874457162,142.33643715884415,142.9722087494551,19104000
2021-09-07,144.33399963378906,144.63652381252825,143.36396688016913,143.5707651381256,15170000
2021-09-08,143.70370483398438,144.36576510705856,143.02576843274798,144.20954642746838,15486000
2021-09-09,143.73345947265625,144.48330005470353,143.2578718159754,143.70370497504186,14798000
2021-09-10,140.7653350830078,144.82995686371083,140.58729240214655,144.25914270599543,32896000
2021-09-13,142.2967529296875,143.0168390131952,141.1238869357088,142.03491032411011,20176000
2021-09-14,142.2382354736328,143.54896188746895,141.74180758724935,142.98707713670305,18916000
2021-09-15,144.02359008789062,144.39603592546825,141.09761478516728,142.58838188042645,20648000
2021-09-16,143.1978759765625,144.01763818665523,142.24851672400646,143.9392866873171,20292000
2021-09-17,140.31153869628906,143.0748473262749,139.9128042622749,142.6275159034344,60040000
2021-09-20,137.88497924804688,138.22767055451078,135.93696767144976,137.86831612353083,34918000
2021-09-21,138.5093536376953,139.66496628729828,137.7743902885149,138.9760270628421,18130000
2021-09-22,139.79083251953125,140.43056933138718,138.33602530307394,138.91006309670732,22068000
2021-09-23,140.67160034179688,141.09408089300973,139.94753390686492,140.4563569816196,17272000
2021-09-24,141.4715118408203,141.73981686404917,139.70352581850815,139.79825286839474,14950000
2021-09-27,140.34872436523438,141.33958220331033,139.3558687688779,140.43252427128945,18844000
2021-09-28,135.07504272460938,138.46967349395237,134.59497527830575,137.95588630394244,42190000
2021-09-29,133.42559814453125,136.2796692230669,133.156808758834,135.99321783212702,26338000
2021-09-30,132.18031311035156,134.48587801473155,131.91697218861034,133.23117959892056,35294000
2021-10-01,135.3512725830078,135.95482274156817,132.29140237669844,132.4669629935469,28388000
2021-10-04,132.6757354736328,134.59497612251346,130.09839984056077,134.59447668285938,31530000
2021-10-05,135.068115234375,136.243463380545,132.90884056645888,132.90884056645888,24126000
2021-10-06,136.23553466796875,136.72948055966467,133.3913767583277,133.52925239252662,19764000
2021-10-07,138.05210876464844,139.0131669489708,137.43468022513545,137.73224034169994,18250000
2021-10-08,138.91549682617188,139.17437302699003,138.29395179166733,138.76672435882065,18924000
2021-10-11,137.71685791015625,139.6174074854393,137.67619141303666,138.66160102504108,16584000
2021-10-12,135.59971618652344,138.55744297197145,135.14048903062104,138.50040091447562,22536000
2021-10-13,136.77706909179688,137.42178519822306,135.86109669354516,136.628296601218,16380000
2021-10-14,140.2604522705078,140.4980039044287,138.20433512104555,138.81233472537178,21426000
2021-10-15,140.5213165283203,141.0420352995517,139.91578382946057,141.0420352995517,21250000
2021-10-18,141.7963409423828,141.83428321884222,140.06357302291147,140.06357302291147,16564000
2021-10-19,142.65086364746094,142.9335313902498,141.93076238912747,142.12468120844287,15316000
2021-10-20,141.25531005859375,143.07314956243508,140.7564151821066,143.04810190375935,17940000
2021-10-21,141.61782836914062,141.68626673833953,140.48363114973878,141.03411960680904,14850000
2021-10-22,137.49615478515625,140.4057690118674,136.05350070287506,139.20809763693484,30182000
2021-10-25,137.64295959472656,138.0722355733835,135.63495476394576,137.68016028417583,21082000
2021-10-26,138.53465270996094,139.69264155917577,137.87357612253524,139.46105287005514,28258000
2021-10-27,145.23513793945312,147.9037198422435,138.76326230699843,138.76326230699843,51850000
2021-10-28,144.93905639648438,146.22400872000406,143.5846819591395,146.099527166437,32418000
2021-10-29,147.0631103515625,147.40283526184257,143.9843978098463,144.33501958542695,28954000
2021-11-01,142.6032257080078,147.19106297909104,142.41030580151505,146.95846032412226,32272000
2021-11-02,144.67523193359375,145.7241157796254,143.46318266068823,143.6302073941063,21150000
2021-11-03,145.5946807861328,145.71421335602932,143.87232511989686,145.08387504207394,17886000
2021-11-04,147.47225952148438,148.7289405305666,145.44093245453593,146.00133402984602,24700000
2021-11-05,148.02572631835938,149.34465577806097,147.4415180716734,148.13731325659452,20408000
2021-11-08,148.1353302001953,149.80462417695142,147.90570901180993,148.77854800314674,18388000
2021-11-09,148.03317260742188,149.15396071489826,146.30585281140017,148.52661903853604,16876000
2021-11-10,145.43203735351562,147.48913880491722,144.14162129528435,146.80451287326866,22708000
2021-11-11,145.55300903320312,147.29296590836762,145.4999473558,145.9090792226678,12464000
2021-11-12,148.42694091796875,148.63920281239498,145.2614312342323,146.62771678013058,17048000
2021-11-15,148.17153930664062,149.25167609814548,147.44202434042117,148.778555328074,16248000
2021-11-16,147.862060546875,148.61240052031295,147.14197450878947,147.95578872178123,17254000
2021-11-17,147.84817504882812,148.40759289424042,147.3532454603025,148.0138225427555,15290000
2021-11-18,149.4817657470703,150.37542980989116,147.7851994319004,147.93148985378133,26658000
2021-11-19,148.73141479492188,150.6134698409201,148.66694167766923,149.7703854583671,19766000
2021-11-22,145.88082885742188,149.5169765505897,145.80841010771093,148.9191321511994,24608000
2021-11-23,145.5619659423828,146.49133246851838,143.70966506842373,145.91506982990816,18126000
2021-11-24,145.5227508544922,145.8029516151275,144.01662257884217,145.15825074003064,16464000
2021-11-26,141.6431121826172,144.11382498642715,141.32522641397264,143.83462308869554,16992000
2021-11-29,144.92416381835938,145.66607379914097,143.12344185382634,143.12344185382634,26276000
2021-11-30,141.29202270507812,145.4345122861469,140.9091642926201,144.26586865113995,41590000
2021-12-01,140.4647979736328,145.30619996702038,140.34776260341337,143.03816860657238,28476000
2021-12-02,142.605712890625,143.4968948300381,139.8339590769226,140.66911296899335,21250000
2021-12-03,141.35997009277344,144.03055032224873,140.0006311954235,143.31889402520932,26688000
2021-12-06,142.6255340576172,143.17602246752853,139.50169054050974,142.40485741546732,22198000
2021-12-07,146.83102416992188,147.09238246065695,144.5160305102352,144.76151267340174,23258000
2021-12-08,147.50946044921875,147.9418995287631,146.0013342672136,147.12362060412363,18964000
2021-12-09,146.8999786376953,148.38676528874424,146.32768125355918,146.9694007591591,18580000
2021-12-10,147.46434020996094,148.18342744306258,146.1575637897196,147.88588245531653,21634000
2021-12-13,145.50985717773438,147.3527288446549,145.16816480363926,147.23519405361876,24104000
2021-12-14,143.78997802734375,144.25763510891446,141.08418074532253,143.5911102586758,24778000
2021-12-15,146.16847229003906,146.3160037483853,141.5434488511944,143.19041934361886,27280000
2021-12-16,143.6590576171875,147.341819514539,142.9191302365743,146.87118090224754,27400000
2021-12-17,141.64015197753906,143.2837627024436,140.63341770672946,141.552371662581,43404000
2021-12-20,141.24192810058594,141.44922584894113,139.107943299839,139.53404104439565,20264000
2021-12-21,143.04611206054688,143.5138146327481,140.58084745886237,141.98431840433483,19548000
2021-12-22,145.75238037109375,146.10348644321178,142.79068812751223,142.9265811152077,18438000
2021-12-23,145.94430541992188,147.3627594611323,145.75421565798936,145.89172804468672,13818000
2021-12-27,146.85830688476562,147.21785806594102,146.05093990614955,146.26270233941156,13256000
2021-12-28,145.25546264648438,147.1662734599647,144.7471389936202,147.1662734599647,18624000
2021-12-29,145.31150817871094,145.98522204933386,144.31965122655677,145.23712193420658,17022000
2021-12-30,144.81358337402344,145.8649492222854,144.57156703154118,145.2574338696758,12978000
2021-12-31,143.50137329101562,145.17314928547685,143.49939066678377,144.35883556948673,17298000
2022-01-03,143.89312744140625,144.36476493006603,142.33393746108644,143.29900616762555,25214000
2022-01-04,143.24050903320312,145.41614392228843,142.6450407319429,144.36527744629393,22928000
2022-01-05,136.53256225585938,143.12295543425827,136.4036160298976,143.0069038308927,49642000
2022-01-06,136.43089294433594,138.5485169501669,135.64981477597595,136.37783126791768,29050000
2022-01-07,135.88885498046875,137.12891821233666,134.68325308402072,136.78201954340426,19408000
2022-01-10,137.44557189941406,137.51102875887284,132.05631569486317,133.99886340012452,34096000
2022-01-11,138.8773193359375,139.18677516420928,135.69941517136434,137.05527271953207,23502000
2022-01-12,140.49452209472656,141.65128473309247,139.96289134847004,140.4017928100648,23642000
2022-01-13,137.99806213378906,142.01955096526922,137.78283387251582,140.68550200118858,26566000
2022-01-14,138.64820861816406,140.0506957786099,136.38032870256765,136.38032870256765,23826000
2022-01-18,135.1806640625,136.27269640571143,134.51265597484613,135.487652962087,27382000
2022-01-19,134.54737854003906,137.27251835892028,134.39662341963054,135.82341673570238,20796000
2022-01-20,132.41934204101562,136.78896986752468,132.06029033137372,135.4023589003319,21930000
2022-01-21,129.03265380859375,133.66314091482835,128.9424065676123,131.9288743805229,41920000
2022-01-24,129.3103485107422,129.7135476219228,123.62696789338597,125.00122895312595,55148000
2022-01-25,125.70348358154297,128.28529165288128,125.34889653652355,127.38964494422089,36008000
2022-01-26,128.18759155273438,131.7260307616148,126.11808006696445,129.52907135443385,39630000
2022-01-27,128.06954956054688,131.53009110699497,127.89498784144216,130.29129920200455,30248000
2022-01-28,132.20411682128906,132.2844509351853,127.6465331003986,128.94139854550426,30518000
2022-01-31,134.59349060058594,134.7373140839279,131.19687724485914,133.10520586088276,34056000
2022-02-01,136.7557373046875,137.0746219650003,133.47245120083087,136.71260387887395,51204000
2022-02-02,146.83102416992188,150.86144173738364,144.37220702092745,150.62685643965975,89750000
2022-02-03,141.48887634277344,147.90342190304173,141.0470084645246,144.11184257031505,56930000
2022-02-04,141.85142517089844,143.35829530093045,138.67896902619984,141.85240891577317,49224000
2022-02-07,137.80662536621094,142.67514833700156,137.56957312754275,142.53877103235757,44610000
2022-02-08,138.07937622070312,138.69839386420134,135.75843463734276,137.85944114832554,34256000
2022-02-09,140.3011474609375,141.0177677570019,139.2339053613055,139.70280356643048,28628000
2022-02-10,137.47384643554688,140.27932023938678,136.92585515604796,138.36404470854862,33018000
2022-02-11,133.0377960205078,138.14907762512237,132.2031413798322,137.62017092277617,38808000
2022-02-14,134.1982421875,135.0576870426663,132.21651100289205,132.27948580420832,26792000
2022-02-15,135.3145751953125,136.7770555499698,134.43578843944306,136.3520475472431,26578000
2022-02-16,136.367919921875,136.82268240725853,133.72576320018686,135.3195204647568,25610000
2022-02-17,131.23109436035156,135.72518842971704,131.12545530974532,135.04130422058458,30968000
2022-02-18,129.40509033203125,132.73426434994704,129.2459506924481,131.95416985801418,31858000
2022-02-22,128.3487548828125,130.82667171882133,126.70078566326686,128.92651574678425,38906000
2022-02-23,126.54605102539062,130.67613669495503,126.46521747959993,130.0111101389563,26432000
2022-02-24,131.59312438964844,131.95367443712857,123.74853879861992,123.98211765761269,43166000
2022-02-25,133.42410278320312,134.2865291884244,130.692031460654,132.4381936979278,26236000
2022-02-28,133.79257202148438,134.53596523741146,131.74364356273267,132.19914765727364,29676000
2022-03-01,133.07546997070312,135.00264135187436,132.29239390083143,133.3849258451676,24640000
2022-03-02,133.65419006347656,134.51115278442808,132.34593067198387,133.51210705790828,23966000
2022-03-03,133.21432495117188,135.60054189006348,132.34446747584224,134.87122371905593,19780000
2022-03-04,131.04611206054688,133.1062098700301,129.34656428533745,132.29636088652708,24446000
2022-03-07,125.43468475341797,130.82989672670035,125.38063176201001,130.82989672670035,39178000
2022-03-08,126.24207305908203,130.17776388859482,124.83586272889805,125.22244419631835,35250000
2022-03-09,132.7759246826172,133.10572136827753,129.02868910893676,130.33000196392885,32258000
2022-03-10,131.6015625,132.4510790866885,130.33098801378605,130.391980190023,24266000
2022-03-11,129.4130096435547,133.10718293208998,129.2354664242871,132.90831515430665,26600000
2022-03-14,125.70893096923828,129.95904135953748,125.38360657195217,129.5097272841901,30254000
2022-03-15,128.60467529296875,129.4544340852054,125.53735131658534,126.70129550870867,30292000
2022-03-16,132.6018524169922,132.68168709122355,128.14890887366607,129.93325546270913,32058000
2022-03-17,133.50442504882812,133.64230066047486,131.6382461059397,132.23534890575297,23994000
2022-03-18,135.6875,135.79858748020033,131.84951836628343,132.79376194798616,45900000
2022-03-21,135.36712646484375,136.46214022887264,133.51532549028158,135.73312488721646,26632000
2022-03-22,139.13522338867188,140.34777226188066,135.38848702294496,135.38848702294496,29776000
2022-03-23,137.3756561279297,138.8847661442715,137.04140989412957,138.00549498986425,25302000
2022-03-24,140.16127014160156,140.24508519249218,136.91532116910903,138.1383882885788,20544000
2022-03-25,140.3690948486328,140.80353174065894,138.56192515812023,140.59969979285168,19270000
2022-03-28,140.79408264160156,140.82037132903378,138.68951959712177,139.53888484029002,23774000
2022-03-29,142.08351135253906,142.98858689402684,141.32374249433653,141.99474729697528,28678000
2022-03-30,141.48294067382812,142.3121316383981,141.01031938008515,141.706598848509,21046000
2022-03-31,138.5123291015625,141.48293574640402,138.48207516492587,141.28853263680043,29516000
2022-04-01,139.5542755126953,139.80223976027813,137.6667717811713,138.86989176784093,23480000
2022-04-04,142.47280883789062,142.8707865822871,139.67774769502145,139.67774769502145,19076000
2022-04-05,139.91432189941406,142.42073729454458,139.79578821238823,142.2317977454089,19256000
2022-04-06,136.05894470214844,138.70968263262088,135.30722754054727,138.02828051526862,23574000
2022-04-07,135.35374450683594,136.58018666900256,133.75909424748596,135.50549848728963,19448000
2022-04-08,132.91921997070312,135.14048514821272,132.66332528234236,135.14048514821272,16434000
2022-04-11,128.7395477294922,131.85665660346615,128.5620044968228,131.8177759824852,24188000
2022-04-12,127.3291244506836,131.34514886515223,126.53712669062122,131.34514886515223,23004000
2022-04-13,129.22506713867188,129.5918072061181,127.3927137751121,127.57908044689044,19542000
2022-04-14,126.21675872802734,129.64585832185617,126.07641618933224,129.5856077398929,23484000
2022-04-18,126.91899108886719,127.6638825948359,125.5477039127212,126.37248305764832,14918000
2022-04-19,129.46807861328125,129.8377850389629,126.41364942253973,127.03405185641705,22720000
2022-04-20,127.2011947631836,130.84923861139282,126.85260854783485,130.21495018046843,22610000
2022-04-21,123.92012786865234,129.2463948547527,123.63497050857129,128.29670272062927,30158000
2022-04-22,118.63997650146484,124.43044244211488,118.17033671206546,123.98211964679783,46410000
2022-04-25,122.24636840820312,122.27414028157251,117.802104375038,118.45697574326334,34522000
2022-04-26,118.53284454345703,121.75043151796903,118.19150024445683,121.75043151796903,49394000
2022-04-27,114.08387756347656,116.54318658298999,112.20307102224346,113.44165112420836,62238000
2022-04-28,118.43912506103516,119.45776257111669,114.20627534183144,116.16132442812173,36790000
2022-04-29,114.03031921386719,117.99129962642645,113.76003910818974,116.62055716142329,33694000
2022-05-02,116.2029800415039,116.3839966554359,112.47607792991387,112.9789531467625,30280000
2022-05-03,117.16755676269531,118.32852691722351,115.67728940281938,115.81416613437398,21216000
2022-05-04,121.57685089111328,122.14022637136166,114.79602701553932,117.04258218518805,33232000
2022-05-05,115.79582977294922,120.24604943353222,114.24457004729443,119.24153997470219,43090000
2022-05-06,114.71817779541016,116.54170018861572,113.21352493889884,114.57831954923846,35310000
2022-05-09,112.16315460205078,114.62186599339525,111.63498954831263,112.38086490917507,34520000
2022-05-10,113.65144348144531,115.74078901588527,112.46002245985423,115.09558100183634,31158000
2022-05-11,113.03301239013672,115.72094391083114,112.72454783423782,112.78455627150393,36502000
2022-05-12,112.23950958251953,113.92119841544236,109.21682540202184,111.02646914906997,41464000
2022-05-13,115.56671142578125,117.12342709574136,113.07169236088193,113.9103045672657,29738000
2022-05-16,113.85774230957031,115.65795752882275,113.40396351708753,114.44442502981842,23282000
2022-05-17,115.75119018554688,116.27290789361157,114.39829892186587,116.27290789361157,21576000
2022-05-18,111.4857177734375,114.75353662365794,111.22882415102694,114.29912216549387,27982000
2022-05-19,109.84368133544922,112.66254134550626,109.56844469214911,110.93026523546744,29192000
2022-05-20,108.42284393310547,111.63348385246391,105.50678257220085,111.1727659534107,37586000
2022-05-23,110.75718688964844,111.09343086482058,108.26539912882214,109.207410454593,31558000
2022-05-24,105.06343841552734,105.52861349857328,101.37571209264136,105.51126175362559,60386000
2022-05-25,104.9776382446289,105.67709592058843,103.36264713453795,104.28581594164676,37900000
2022-05-26,107.41413879394531,108.0680264264359,104.62900578690723,105.18692532594514,30288000
2022-05-27,111.8804702758789,111.94890107701129,108.65792665599318,108.89447944194897,29924000
2022-05-31,113.1103744506836,115.48537660773222,111.65581692158895,112.15819270126262,51302000
2022-06-01,113.20757293701172,116.4430112000409,112.62584680217566,113.99560549032525,28630000
2022-06-02,116.78718566894531,116.93794834272856,112.38532120002141,113.25816012211425,27472000
2022-06-03,113.63108825683594,115.41692544096131,112.74238084887871,115.04795306756031,25052000
2022-06-06,116.05767059326172,118.42622536972688,115.57939657557185,115.79185518229401,23786000
2022-06-07,116.2748794555664,116.78980170819875,114.18801638911602,114.70626067197652,26414000
2022-06-08,116.28333282470703,117.67987223736505,115.74648809128954,115.92478050582021,22544000
2022-06-09,113.98221588134766,117.3862681356333,113.93162869499899,115.39412430559916,23142000
2022-06-10,110.52013397216797,112.57278560545764,109.95824921074501,111.86286238597674,31324000
2022-06-13,106.0062026977539,108.32912696176625,105.72009942846447,106.57106141908564,36756000
2022-06-14,106.32110595703125,107.57431354514772,105.4859596241188,106.01958061990531,25480000
2022-06-15,109.49159240722656,111.1504738351524,107.2383398886219,108.01272872551193,33192000
2022-06-16,105.76766204833984,108.40054166869876,104.93103244483551,107.26883400950427,35314000
2022-06-17,106.98714447021484,108.3598695499817,104.76840641826533,105.66748107222463,43516000
2022-06-21,111.10285949707031,111.7554985474826,108.40352410428613,108.8086983483145,39010000
2022-06-22,111.12168884277344,112.8430605519746,109.82265389200931,110.2577868995463,23922000
2022-06-23,111.76690673828125,112.27473852865349,110.12488524797638,112.03024009853343,24710000
2022-06-24,117.57275390625,117.67143865882704,112.67793418063911,112.67793418063911,39122000
2022-06-27,115.6728286743164,118.27893509553613,115.05614176901408,117.96649775111663,32840000
2022-06-28,111.65482330322266,116.89678316085518,111.52835912511081,115.40354178922794,28232000
2022-06-29,111.3423843383789,112.73891600830355,110.6456054715017,111.23526209810963,18628000
2022-06-30,108.48188018798828,110.42324780566732,106.43617507123477,109.59970196694704,38046000
2022-07-01,108.1927490234375,108.91219189165962,106.23284175235328,107.45480418501562,31028000
2022-07-05,112.95960235595703,113.12384989148758,105.38429110689857,106.63899698682086,36398000
2022-07-06,114.27530670166016,115.40453221831592,111.33643722937644,113.16294105735224,28852000
2022-07-07,118.33447265625,118.88594482061106,114.59318548422134,115.06333222799964,32184000
2022-07-08,119.18995666503906,119.45428131815726,116.55706972303881,116.59277965828258,29082000
2022-07-11,115.57365417480469,117.8271563838992,115.28799736648253,117.6838323236692,26718000
2022-07-12,113.91426849365234,116.88983911305557,113.6816733954656,115.88707024032506,24970000
2022-07-13,111.2734375,114.21925346472975,110.91240319168716,111.72176023309567,38958000
2022-07-14,110.53253936767578,111.0755816455089,108.43525593931527,109.92353321570492,32366000
2022-07-15,111.8487319946289,113.07219275977177,110.91192691080555,112.0431351110487,34330000
2022-07-18,109.01500701904297,113.86518716665238,108.40997364079351,112.51626103487672,33354000
2022-07-19,113.68663024902344,113.87507789711995,109.60017746895143,110.82016467444761,30992300
2022-07-20,113.76598358154297,115.3827151741302,112.3377147890446,113.13119576992867,26780100
2022-07-21,114.10323333740234,114.27184721591179,110.99872356593228,114.15282164841,27267800
2022-07-22,107.47760772705078,112.25835739045873,106.72379441024194,110.89951079621036,44455300
2022-07-25,107.32884216308594,109.67954591381245,106.13861682214005,107.99338451899291,28289900
2022-07-26,104.5813980102539,106.86266442829675,103.90693498942647,106.55519119890721,36626600
2022-07-27,112.6749496459961,113.46843824444875,107.53713026754878,108.70752178826899,41474600
2022-07-28,113.6568832397461,113.76598810864026,110.94018865227083,111.88146597450744,23303800
2022-07-29,115.69017791748047,115.94806280737097,112.30795012438179,112.47656396623572,31336200
2022-08-01,114.53964233398438,116.16628710414152,113.75607444623206,114.58923064043884,22856200
2022-08-02,114.95621490478516,116.12660633605024,113.32957021282589,113.49818406774749,17911000
2022-08-03,117.8127670288086,118.44755486991079,115.20418598075639,115.392633655064,25302800
2022-08-04,117.90203857421875,118.5269057295808,116.75148087794422,117.33668041443364,15757700
2022-08-05,117.25733184814453,117.89211970163572,115.75962570915681,115.97783545265717,15615700
2022-08-08,117.17798614501953,119.87583841351983,116.8705128945239,118.1500093410083,17061100
2022-08-09,116.5431900024414,117.23748683086795,115.61084206089615,117.02919778233998,15424300
2022-08-10,119.66753387451172,120.78832942271977,118.38803759349503,118.61616043782314,20497000
2022-08-11,118.84429931640625,121.34377549807628,118.57650126979688,121.0858981397911,16671600
2022-08-12,121.65126037597656,121.65126037597656,119.41958216610558,120.173395591386,16121100
2022-08-15,121.87938690185547,122.25629740944105,120.58005663775187,121.21484452000618,15525000
2022-08-16,121.51239013671875,122.22453811940538,120.54533117904796,121.32393490543558,15626200
2022-08-17,119.34021759033203,121.1553174678478,119.22119204241929,119.94525088283729,17589200
2022-08-18,119.87582397460938,120.69906700700759,118.57649387409552,119.25095685998227,15652000
2022-08-19,117.15814208984375,119.02283037483306,116.71180193557747,118.89389169947673,20187000
2022-08-22,114.13297271728516,115.55132838122177,113.73622844544118,115.15458410937778,19316000
2022-08-23,113.8354263305664,114.98598410074663,113.36925988982286,113.38909370053318,14390700
2022-08-24,113.76598358154297,114.77470792262488,112.85347704825587,113.51801935615401,16051200
2022-08-25,116.7415542602539,116.82090462850496,114.11313952552955,114.21232370220955,14874700
2022-08-26,110.39366912841797,115.65050583098679,110.31431876521077,114.86693802066681,31698700
2022-08-29,109.44148254394531,111.04829338494149,108.91579961773687,109.87790198484319,20386100
2022-08-30,109.01500701904297,110.46311733783511,107.91404513844272,110.125882021257,20548200
2022-08-31,108.26119995117188,110.8598606134503,108.16201575831532,110.72100122999734,25898000
2022-09-01,109.6497802734375,110.31432256181775,107.30899744913424,108.31076744185049,22784400
2022-09-02,107.79500579833984,110.76561987201757,107.24948148856015,110.43334115870883,20618100
2022-09-06,106.60478210449219,107.99337569977428,105.6426797082842,107.25444715812793,20565100
2022-09-07,109.58036041259766,110.08620201442106,106.73868477007707,106.88250826713383,22987200
2022-09-08,108.52899169921875,109.67954945760722,107.180065566686,108.29094813679193,21660700
2022-09-09,110.86975860595703,111.08796832593146,109.10425460582553,109.1538504757351,21732900
2022-09-12,110.95903015136719,111.72275660740382,110.02668227724915,111.0780481320513,19732900
2022-09-13,104.45245361328125,108.47939800032364,104.14498037845159,108.00330333185278,33015000
2022-09-14,105.00789642333984,105.23601928069958,103.6490496982941,104.58139763863701,22115800
2022-09-15,103.05394744873047,105.3451347780273,102.46874786310772,104.15490936294889,26494900
2022-09-16,102.7861328125,103.18287710521334,101.0255927833493,102.13151116170079,64540100
2022-09-19,103.00434112548828,103.17295498819445,101.53639710022489,101.70501096293106,19738600
2022-09-20,101.00079345703125,102.32987811698256,100.29657594160315,102.04223869790327,24001700
2022-09-21,99.19561004638672,102.64726779839671,99.17576867084516,101.40744668141402,26596800
2022-09-22,99.75104522705078,100.85200695938866,98.60049519151676,98.64016280716673,21272700
2022-09-23,98.3624496459961,99.29479757901129,97.21189954552025,99.24520170574833,25657000
2022-09-26,98.00537872314453,99.62211032731125,97.57887994973014,97.80701036831965,22437900
2022-09-27,97.2912368774414,99.64194038673321,96.54734422393649,99.0964236478567,24225000
2022-09-28,99.91967010498047,100.57429934445324,97.00361572781222,97.22181790703492,24617000
2022-09-29,97.2912368774414,98.49139035095797,95.73402189212848,98.49139035095797,21921500
2022-09-30,95.36705017089844,98.6838216686835,95.24802460904388,96.9341860159431,26277800
2022-10-03,98.49140167236328,99.15594403640475,96.22996138925532,96.42833732668669,24840000
2022-10-04,101.57608032226562,101.88355357473534,100.21723349039085,100.21723349039085,22580900
2022-10-05,101.38761138916016,101.90337363667818,98.92780299947222,99.87007157494791,18475500
2022-10-06,101.4074478149414,102.885320051337,100.67347582431826,100.67347582431826,17156200
2022-10-07,98.75920104980469,100.5941349837962,98.40213192492037,99.83040842445763,24249900
2022-10-10,97.90619659423828,99.17577225312345,97.07304040582032,99.03691288838714,16529900
2022-10-11,97.25157928466797,99.30472291725073,96.45809067891105,97.44994765247311,21617700
2022-10-12,97.49954223632812,98.83656499520912,96.87466750821109,97.4697801710103,17343400
2022-10-13,98.89806365966797,99.71138612245258,94.49421602020233,95.1488452929958,32812200
2022-10-14,96.38865661621094,100.4651891978073,96.23987656347946,99.80560343226973,22624800
2022-10-17,99.95933532714844,100.94127152119836,98.69968041698479,98.70959353736923,23311600
2022-10-18,100.56436920166016,103.37132600896648,99.8303972238661,103.09360729127508,21610500
2022-10-19,99.47332763671875,100.83117541041747,98.82366258955689,99.87998502349403,21573700
2022-10-20,99.71138000488281,102.16126793207509,99.1559425230886,99.99901943431715,25125100
2022-10-21,100.65364074707031,100.7925001065928,97.43010584751586,97.65822869504527,28988700
2022-10-24,102.13151550292969,102.26045418745333,99.48325915494777,101.25867650840564,24680800
2022-10-25,104.07554626464844,104.2441601238452,102.18109592705792,102.45882221941861,29910200
2022-10-26,94.0478744506836,97.73758346657777,93.79991021646778,95.97207932972404,71504300
2022-10-27,91.84595489501953,94.39502703260716,91.15165803546968,93.54202942386408,54036500
2022-10-28,95.79354858398438,96.07126732657615,91.57120968265191,91.77652480319688,35696900
2022-10-31,93.88917541503906,95.56540838796242,93.61144913354848,95.00005027193171,29868700
2022-11-01,89.76305389404297,95.38192441879748,89.6936242102963,94.81160213270107,43220600
2022-11-02,86.36097717285156,90.55653505305841,86.30146818231174,90.16971148001484,43553600
2022-11-03,82.81012725830078,85.84521440061742,82.77045207576367,85.64188192783998,48510400
2022-11-04,85.9939956665039,86.02375773189955,83.19695933349198,84.81369102625821,40173300
2022-11-07,87.92811584472656,88.21575525427718,86.25187525941242,86.62877815782308,26899900
2022-11-08,88.1860122680664,89.66883368652037,86.93627029003561,88.4339765258433,30172000
2022-11-09,86.68829345703125,88.7612707190458,86.6486182734701,87.82396626330765,26743900
2022-11-10,93.40316772460938,93.78007821091765,90.90369152524163,91.58806767909711,42371200
2022-11-11,95.94232177734375,96.56718890345387,93.39324983346454,93.93876659100802,30569100
2022-11-14,95.24800872802734,96.38864557866296,94.3384762103408,94.7223258268713,24170100
2022-11-15,97.91613006591797,99.60228403914986,96.22996852541726,97.86653418606517,31831000
2022-11-16,98.18392181396484,99.03691943502676,97.10478394603173,97.22181931807395,24660200
2022-11-17,97.69790649414062,98.66992960408622,96.30930529447593,96.38865566411798,21818700
2022-11-18,97.00360870361328,98.35253470490798,95.9522352345859,98.20375465514049,24969900
2022-11-21,95.04965209960938,97.9161180424823,94.89095135738283,96.76556036314352,18696900
2022-11-22,96.53743743896484,96.75365698428833,93.64121700073088,95.37696663948496,18868900
2022-11-23,98.01530456542969,98.26227749351689,96.54735293381981,96.54735293381981,17568900
2022-11-25,96.80523681640625,98.13432906452098,96.7358071325899,97.6631909594086,8567800
2022-11-28,95.46623229980469,97.03336811110425,95.109163189198,96.40849338390852,19974500
2022-11-29,94.662841796875,95.60510299258458,93.62138883970636,95.21827933815484,20220000
2022-11-30,100.62388610839844,100.62388610839844,93.8990970940517,94.3454372688225,39888100
2022-12-01,100.45526885986328,101.75459901922738,99.8502355259759,100.57429441591694,21771500
2022-12-02,100.0089340209961,100.32632792940875,98.36244791860888,98.5608238409091,18821500
2022-12-05,99.05674743652344,100.92143561106697,98.54594175846798,99.00219500647542,19955500
2022-12-06,96.5176010131836,99.39398778982353,95.97208421052646,98.8583841086063,20877600
2022-12-07,94.37519073486328,96.51759782162058,94.25120861554981,95.98199415811426,26647900
2022-12-08,93.1849594116211,95.08933054733217,93.03618691976473,94.91079598983637,25593200
2022-12-09,92.31211853027344,93.72055346864532,92.26252265989761,93.13536154800094,21885300
2022-12-12,92.7981185913086,93.11055590081004,91.15164025949268,92.33194469054985,27380900
2022-12-13,95.06947326660156,98.98731218756907,94.60329935738685,97.27139658494613,34788500
2022-12-14,94.53388977050781,96.42834030329804,93.17505050168171,94.76202021377888,26452900
2022-12-15,90.45734405517578,93.26430083011705,89.69361759033042,92.77829307976091,28298800
2022-12-16,90.12012481689453,91.00287691400314,89.2770479066217,90.45735255409642,48485500
2022-12-19,88.42404174804688,90.4573437974892,88.20087546505859,90.13994990079605,23020500
2022-12-20,88.90013122558594,89.04891127404414,87.32308238682468,88.00746606937189,21976800
2022-12-21,89.51507568359375,90.17466135986066,88.18599121154924,88.99931348016656,20336400
2022-12-22,87.54129028320312,88.45379679598732,86.23203950525745,88.20583257616983,23656100
2022-12-23,89.07867431640625,89.36631375308329,86.90651264268462,86.90651264268462,17815000
2022-12-27,87.21398162841797,88.77119673208904,86.82220146405861,88.58274149068511,15470900
2022-12-28,85.75595092773438,87.79917382175061,85.6666874345867,86.78748306307045,17879600
2022-12-29,88.22566223144531,88.63728372503975,86.2816237476526,86.32129892902802,18280700
2022-12-30,88.0074691772461,88.10665335729826,86.32130784728768,86.65357901245979,19190300
2023-01-03,88.96956634521484,90.80450777626928,88.29510330926834,89.09851259315354,20738500
2023-01-04,87.98762512207031,90.49702188060363,87.08503927362676,90.26889903015568,27046500
2023-01-05,86.06342315673828,87.49169956858698,85.85513410788833,87.352840202687,23136100
2023-01-06,87.44212341308594,87.74959668498146,84.87320965242252,86.64863472573556,26612600
2023-01-09,88.07689666748047,90.09036498476227,87.85868693643694,88.46867681747757,22996700
2023-01-10,88.51331329345703,88.74640028523346,85.99399569839223,86.01383707533002,22855600
2023-01-11,91.50871276855469,91.69716041951207,89.009229332562,89.32662321378537,25998800
2023-01-12,91.16156768798828,91.8657851509264,89.83247555983512,91.64757543083653,22754200
2023-01-13,92.04431915283203,92.22285368938766,90.18954411013004,90.7826740855366,18630700
2023-01-17,91.40953063964844,92.21293226408606,90.10027233720609,92.02447704165563,22935800
2023-01-18,91.03262329101562,92.82589919930746,90.65572040060262,92.18318090480393,19641600
2023-01-19,93.1452865600586,93.63129432978296,90.63588220752284,90.64580289551208,28707700
2023-01-20,98.4715576171875,98.61041698597923,95.12900451049899,95.1686721296383,53704800
2023-01-23,100.38583374023438,100.57428896862862,97.9458667277963,98.32276961731736,31791800
2023-01-24,98.4021224975586,100.26681075210028,97.89627335789035,98.73935777975996,27391400
2023-01-25,95.94232177734375,96.92425799473612,94.48627353994317,96.40848816632058,31000900
2023-01-26,98.35253143310547,98.40211973653325,96.03158240883727,97.47969253938147,24542100
2023-01-27,99.88990783691406,100.75282606711927,98.16407894377129,98.24342931219036,29020400
2023-01-30,97.15238189697266,98.59950077421283,96.72588312039458,97.94091389632977,24365100
2023-01-31,99.05674743652344,99.09642261903721,96.99368334941103,97.0631130269933,22306800
2023-02-01,100.60404968261719,101.35786307552046,97.61855817569601,98.92780903322912,26392600
2023-02-02,107.91403198242188,107.93386579049982,105.67243330623896,105.92039752718453,46622600
2023-02-03,104.3631820678711,107.14037679000732,102.45881867544611,102.66710771206127,36823400
2023-02-06,102.62744903564453,103.84742895593874,101.37770704767476,101.84883762774396,25573000
2023-02-07,107.16022491455078,107.78509206375233,102.70479917263987,102.78613216833612,33738800
2023-02-08,99.18568420410156,102.73653351475252,97.65326719929232,101.85378153071738,73546000
2023-02-09,94.68266296386719,99.79072773879665,93.09569336695934,99.72129805540905,97798600
2023-02-10,94.0875473022461,96.22995429774579,93.76023270505647,94.96037866081743,49325300
2023-02-13,94.22640228271484,94.57355067240822,93.28414128679464,94.23632297021105,43116600
2023-02-14,94.17680358886719,94.39997743086992,91.89553740551729,93.8891717655075,42513100
2023-02-15,96.3093032836914,96.5473468203798,93.59161750196837,93.96852039899731,36964500
2023-02-16,95.00005340576172,97.08295139841282,94.19665173207558,94.76200986675613,35642100
2023-02-17,93.81974792480469,94.97030565167243,92.68903157516884,94.29584260388367,31095100
2023-02-21,91.30042266845703,92.65430509943995,91.2508268008976,92.48072713024885,28367200
2023-02-22,91.0524673461914,91.60790479415158,90.1300401173903,91.18537126851463,29891100
2023-02-23,90.32839965820312,91.37976545846915,89.2770338579371,91.37976545846915,32423700
2023-02-24,88.6224136352539,89.39606081638802,88.13640586687156,88.90013236004383,31295600
2023-02-27,89.3663101196289,89.71345854037706,88.88030233058149,89.35638943124523,22724300
2023-02-28,89.56468963623047,90.70531912616688,88.79103482396349,88.81087620152506,30546900
2023-03-01,89.7729721069336,90.45734823720286,89.11834290628637,89.42582369777269,26323900
2023-03-02,91.55831146240234,91.7269328928702,89.03899393353963,89.12826499287765,23328600
2023-03-03,93.25438690185547,93.34365796213613,91.90546841474416,91.98481121944391,30242500
2023-03-06,94.80169677734375,95.51583504996132,93.53212098925408,93.59162998954935,28288200
2023-03-07,93.40316772460938,95.30753126386749,93.07982592872385,94.64298891953284,24101500
2023-03-08,93.87925720214844,95.45630604260192,93.63624953716368,93.63624953716368,25395200
2023-03-09,91.90547180175781,95.13892012229154,91.60295511884166,93.72056433198651,24438900
2023-03-10,90.2688980102539,92.42122565333813,90.06060897065875,91.74676266296294,32850100
2023-03-13,90.91360473632812,92.32203968177828,89.20760970166235,89.82752024813873,31508600
2023-03-14,93.4825210571289,94.05779992593254,92.02449007497097,92.3121295093728,32303900
2023-03-15,95.76378631591797,96.45808311606747,92.28236649284247,92.77829494073998,38367300
2023-03-16,100.2469711303711,101.13964380529436,95.08931855767452,95.78361532302195,54499500
2023-03-17,101.62565612792969,102.64726751473746,99.92958175265645,100.01884524054411,76140300
2023-03-20,101.09998321533203,101.74469177178791,99.96926685298652,100.2370649104817,26033900
2023-03-21,104.9781265258789,105.09715207340372,101.03054045714737,101.14956600467218,33122800
2023-03-22,103.37133026123047,106.63454046287427,103.36140957311412,104.28383681897249,32336900
2023-03-23,105.39472198486328,106.2288695055229,104.55164508794493,105.02773218789666,31385800
2023-03-24,105.19635009765625,105.29554185062155,103.88709917155836,104.8789561630649,25236200
2023-03-27,102.22076416015625,104.54171311552268,101.7942654135482,104.46236275167301,25393400
2023-03-28,100.53462219238281,102.16126700336564,99.46341485814493,102.16126700336564,24913500
2023-03-29,101.0702133178711,101.98271979279728,100.20729514449062,101.88353562243873,26148300
2023-03-30,100.49494171142578,100.7825811230914,99.4733303059772,100.61396726471531,25009800
2023-03-31,103.15312194824219,103.34157718871182,100.61397059873427,100.88176864342509,28108000
2023-04-03,104.05571746826172,104.09538508752772,101.54631299904075,101.83395242596177,20719900
2023-04-04,104.26399993896484,105.23601546223918,103.74823011385521,103.98627365076172,20377200
2023-04-05,104.09537506103516,105.672431412973,103.25428086242408,105.25585334539218,21864200
2023-04-06,108.01322174072266,108.73727306564132,103.96148706910338,104.90870469095539,34684200
2023-04-10,106.0791015625,107.09079992528659,104.74009614565257,106.51552105760544,19741500
2023-04-11,105.255859375,106.34690047666011,104.42269562484304,106.04934037290381,18721300
2023-04-12,104.3631820678711,106.71090409303888,104.11521784800532,106.51550968016186,22761600
2023-04-13,107.30900573730469,107.3833919815749,105.57325607649858,105.60301057420666,21650700
2023-04-14,108.56865692138672,108.68768247530832,106.71388176759709,106.81307351283229,20758700
2023-04-17,105.55340576171875,105.84104516065327,104.46236472362504,104.57146958416115,29043400
2023-04-18,104.26399993896484,106.17828405657626,103.92676465835198,106.12868818472307,17641400
2023-04-19,104.1648178100586,104.86407880448768,102.95475863818479,103.3663726300357,16732000
2023-04-20,105.03765106201172,106.01760468587534,103.78790920350549,103.79782989170296,22515300
2023-04-21,105.04756927490234,105.77162058363133,104.6260270600233,105.22609625464288,22379000
2023-04-24,105.91047668457031,106.44608030910129,104.5020417278041,105.18642539813827,21410900
2023-04-25,103.75816345214844,106.56512063447538,103.7085675742484,105.74187749185337,31408100
2023-04-26,103.59945678710938,106.148528880034,102.4290652677548,104.70041862172546,37068200
2023-04-27,107.487548828125,108.26119609905483,103.5697090279093,104.37311836617907,38235200
2023-04-28,107.3387451171875,107.4081747911504,105.17649697014268,106.92216707341012,23957900
2023-05-01,106.8329086303711,107.79501105970502,106.62461958390723,106.8428293184697,20926300
2023-05-02,105.11698913574219,106.85273857111446,103.64903771222987,106.78330889639024,20343100
2023-05-03,105.255859375,107.24948634145672,104.7599309135847,105.3550435538295,17116300
2023-05-04,104.35327911376953,105.43440723108752,103.84742990044575,105.29554784974668,19780600
2023-05-05,105.35009002685547,105.5732639107631,103.88611111974369,104.46238132119556,20710600
2023-05-08,107.35859680175781,107.53713135985973,104.92855024112394,104.93350680177993,17266000
2023-05-09,107.06103515625,109.69441398912898,106.84778198986487,107.89419131178046,24782400
2023-05-10,111.3656997680664,112.58568717500641,107.59664780932194,107.66607749477262,47533500
2023-05-11,115.94808959960938,117.47555035073276,113.99413001819003,114.91655736895713,57115100
2023-05-12,116.95976257324219,117.29699785059233,115.60092347791604,116.04725605120598,31293800
2023-05-15,116.00757598876953,117.82763239606773,115.53148893958483,115.54140205962857,22107900
2023-05-16,119.1120834350586,120.2130451249995,115.87863560811785,115.87863560811785,32370100
2023-05-17,120.49076843261719,121.28424933909945,118.48721344167063,119.20135155459151,26659600
2023-05-18,122.51416778564453,122.89107827169957,120.50069937720451,120.57012906138286,27014500
2023-05-19,122.24636840820312,125.44907078912962,121.72068543838711,123.18862947855999,30268900
2023-05-22,124.84503173828125,126.01542319245044,122.4447322697189,122.50424882994288,29760200
2023-05-23,122.28604888916016,124.39870154818405,122.04800533101043,123.91269374317511,24477900
2023-05-24,120.64947509765625,121.75043688382009,119.7667230445725,120.887518639531,23087900
2023-05-25,123.33740997314453,124.95414164147272,121.89922042541909,124.19040755382532,33812700
2023-05-26,124.40861511230469,124.97397326007622,122.2860418861261,123.0547325208222,25154700
2023-05-30,123.62505340576172,125.35088243246086,121.88930369042555,125.26161893653233,27230700
2023-05-31,122.36539459228516,123.88293451435963,122.09758897823203,122.69270163451857,41548800
2023-06-01,123.35724639892578,124.02178871128564,122.29595980982634,122.49432816456229,25017700
2023-06-02,124.21025085449219,125.71291354864132,123.33741188366047,123.47627125315313,19367500
2023-06-05,125.59884643554688,126.94777253139092,123.36716823441391,123.59529866901661,22672500
2023-06-06,126.86842346191406,127.83052589411962,124.94421859750294,125.56908573875961,19450100
2023-06-07,121.93888854980469,128.49506320193998,121.63140776798203,126.53613978922446,34179300
2023-06-08,121.67108154296875,122.7224549805559,121.01645993774228,121.5867746163174,24815000
2023-06-09,121.86946105957031,123.27293949303126,121.4231209104288,121.56198027222368,20304500
2023-06-12,123.33740997314453,123.73415426580712,121.35369607709953,122.39018477163873,22255700
2023-06-13,123.41675567626953,124.83511136097597,122.83652029169886,124.626822317843,19287700
2023-06-14,123.36714935302734,123.77381428417121,121.1652335547521,122.79187814479349,24659600
2023-06-15,124.76568603515625,125.1326758290684,122.13726361712541,122.87123563768176,24517100
2023-06-16,123.04977416992188,125.66827598434875,122.78197611567585,125.66827598434875,56699200
2023-06-20,122.84148406982422,124.15569909381726,121.82979329126762,122.52905427040116,22698000
2023-06-21,120.27256774902344,122.40506156088453,119.87582348237784,122.231483579456,22612000
2023-06-22,122.861328125,122.92579368363353,118.62609453832398,119.67746809388987,20781900
2023-06-23,122.01824188232422,122.43482756345135,120.86769172491358,121.04622628332001,29573100
2023-06-26,118.12022399902344,121.72066906628841,118.021039831369,120.47688280456913,23185000
2023-06-27,118.04088592529297,118.91867378976464,115.95798805219434,116.88040765880514,27221700
2023-06-28,120.09403228759766,120.28247994817872,116.64236703166486,116.99943611218437,19753100
2023-06-29,119.03274536132812,119.92541805983488,118.23925683659603,119.11208815998741,18517500
2023-06-30,119.98493194580078,121.03629785178722,119.89566088867431,120.11387062024154,23871800
2023-07-03,119.57826232910156,120.03451558315031,118.73022893935105,119.34021879813426,13888300
2023-07-05,121.63141632080078,122.36539591987648,119.08234423544866,119.08234423544866,17830300
2023-07-06,119.94525146484375,120.16346118677558,118.27893162231665,119.65761206477609,17732500
2023-07-07,119.16169738769531,120.75858773644995,119.11210151161494,119.90559012529151,20997700
2023-07-10,115.9183120727539,118.10039410246365,115.69018166905552,118.10039410246365,32960100
2023-07-11,116.75146484375,117.26227049834816,114.88677675483702,115.8092038959373,18286600
2023-07-12,118.64591979980469,119.97500435411804,118.03096582507129,118.32852590868005,22059600
2023-07-13,123.81351470947266,124.31439978475233,120.07420947358189,120.55030417695879,31535900
2023-07-14,124.67642211914062,126.05510274647997,123.88294105793572,124.11106393071563,20499800
2023-07-17,124.04161834716797,126.24354182009691,123.48618091877775,125.03347522201759,20675300
2023-07-18,123.06961059570312,123.97219647366224,122.29596339537592,123.88788954206431,21045800
2023-07-19,121.78018188476562,124.44827921203286,121.47270868518333,123.77381625658961,22313800
2023-07-20,118.5566635131836,123.6845622795106,117.71854315499547,121.12557702429476,27541700
2023-07-21,119.3302993774414,120.31224314173285,118.10039895924099,119.88574437861861,56514600
2023-07-24,120.88751983642578,122.3455507334714,120.39159137170374,120.93315046146047,22276100
2023-07-25,121.79010772705078,122.68278043634336,120.54036593404118,120.88751433008065,31820800
2023-07-26,128.6041717529297,130.3002386091207,127.66191070676408,129.29846856933932,46216900
2023-07-27,128.81246948242188,132.5121071540175,128.12808570042327,130.7267614476163,35931600
2023-07-28,131.9268798828125,132.97826090234872,129.85390260883597,129.90349848039048,26971000
2023-07-31,132.0260467529297,132.74018479207658,131.05403141863118,131.92685502850784,18381900
2023-08-01,130.8159942626953,131.83760556777247,129.68527810297235,129.78941883050985,22154300
2023-08-02,127.59246826171875,129.35797229491925,126.80890041952811,128.78269348916905,22705800
2023-08-03,127.72142028808594,128.71327721167384,126.73451992489956,127.32466843792942,15018100
2023-08-04,127.49327087402344,130.85566493829828,127.27011216693492,128.54465183182143,20521900
2023-08-07,130.8656005859375,130.98461856977522,128.3760301040743,128.4553804714778,17621000
2023-08-08,130.76641845703125,130.86561020721203,129.0703515245079,129.9134208628997,16836000
2023-08-09,129.09017944335938,131.39129489351842,128.4504425903548,131.11357615084907,17745200
2023-08-10,129.14968872070312,131.56684038331719,128.9761107428649,130.89535135020824,17855700
2023-08-11,129.11000061035156,129.37780618976768,127.70156574027283,128.1498809068998,15205500
2023-08-14,130.75650024414062,130.8358506142881,128.53473528361866,128.7926277702318,17526200
2023-08-15,129.209228515625,130.9152239365522,128.7618969684883,130.51847201625617,14769200
2023-08-16,128.05865478515625,129.8320894888514,127.41395380452845,128.22726865494297,17548400
2023-08-17,129.39767456054688,131.4121268619832,128.79264116795227,129.38774630416088,23665600
2023-08-18,127.0667953491211,128.77279052568863,125.96583352162155,128.0090564312339,23627200
2023-08-21,127.88009643554688,128.20741101226685,126.124520707505,126.80889678842182,21851100
2023-08-22,128.63392639160156,129.88366066251717,127.87515645309287,128.07848893786127,15557900
2023-08-23,132.1252899169922,132.97828762170337,129.44726366030343,129.7845065739153,26497000
2023-08-24,129.3579864501953,133.87093876871316,129.23896845478694,133.6299212741966,18680400
2023-08-25,129.6257781982422,130.32998810840627,126.99734838289503,129.08025388679013,20678100
2023-08-28,130.7168426513672,132.15504757712014,129.78450967539,131.00448969033317,16715500
2023-08-29,134.38668823242188,136.17698255781593,131.8971178865826,131.91497663699656,30803300
2023-08-30,135.81497192382812,136.13237342882272,133.92152029847713,134.46606093121147,21773400
2023-08-31,136.23155212402344,137.272989767933,135.70586917448622,135.93399202524841,28147900
2023-09-01,135.68600463867188,137.4515084196413,134.8330072395324,137.30272082838243,16671600
2023-09-05,135.5967559814453,136.25136999710338,134.45611152861886,135.32895039554214,17730200
2023-09-06,134.26768493652344,136.36050393176166,133.5932294024747,135.89929403263676,15814300
2023-09-07,135.0908966064453,135.46780704318692,132.86914700342297,133.5039347663628,16976000
2023-09-08,136.082763671875,136.39520101694376,134.7635921785487,134.7635921785487,17810700
2023-09-11,136.61834716796875,137.13808213653837,135.43803527463984,136.26127815094935,17180800
2023-09-12,134.9619903564453,136.51919798919968,134.8231158461562,136.01335636350308,15212900
2023-09-13,136.38031005859375,136.57867839177223,133.8312308169224,134.79333312409844,16394900
2023-09-14,137.85818481445312,138.41362221194325,135.94389328253115,137.26306466883716,19064600
2023-09-15,137.17381286621094,138.22517876304872,136.06292284211654,137.66974131826916,48958800
2023-09-18,137.82846069335938,138.79054809668014,136.5092890163525,136.5092890163525,16233600
2023-09-19,137.69949340820312,138.041685244906,136.38032193263777,137.1242145977249,15479100
2023-09-20,133.49400329589844,137.70939470272504,133.42458118974355,137.6994815831411,21473500
2023-09-21,130.2903289794922,132.1054290060858,130.02252336650994,131.31194042269806,22058400
2023-09-22,130.18124389648438,131.92690693763396,129.44726419674853,130.60773518333832,17348700
2023-09-25,131.09371948242188,131.1433153523713,128.9711464055839,129.7051259310455,14650000
2023-09-26,128.39588928222656,130.33497158863256,127.1461548750438,129.84797245143213,20378800
2023-09-27,130.38951110839844,130.64738844679684,128.3264469976069,128.38595598842693,18764200
2023-09-28,132.04592895507812,133.08736671087252,129.62579542235756,129.62579542235756,18201400
2023-09-29,130.77633666992188,133.79157494870879,130.25065373031276,132.9881732913641,23237300
2023-10-02,134.0692901611328,134.25774538635505,130.98957884365385,131.0788423289061,19210400
2023-10-03,132.21453857421875,134.13874353859367,131.73348733312503,133.83125516151955,19628700
2023-10-04,135.16033935546875,135.45789944214923,132.3434543540329,132.5715923300576,22848000
2023-10-05,134.8826446533203,135.38848629654427,133.36014046084676,135.02150403388399,15922900
2023-10-06,137.60031127929688,138.0526068898384,133.84118007494985,133.84118007494985,20826700
2023-10-09,138.36402893066406,138.83020285538674,135.5868267567618,136.8663305533953,16599100
2023-10-10,138.0664825439453,139.59395070160656,137.3027484651147,138.37395577275697,19554900
2023-10-11,140.546142578125,141.0619124877406,138.7012878384784,138.71121609519687,20146300
2023-10-12,139.14761352539062,141.22060618228826,138.3144572677725,141.0023964289306,18173100
2023-10-13,137.45152282714844,140.1890422595818,136.84648954882212,139.50465861783988,19438700
2023-10-16,139.34597778320312,139.75759172703243,138.1855070558803,138.59215687228465,17345600
2023-10-17,139.84188842773438,140.0997657339278,137.40093042244638,138.88969928992347,17424000
2023-10-18,138.14584350585938,140.8337826692346,137.57552875051476,139.6038745251622,18304900
2023-10-19,137.8482666015625,139.85678588842433,137.47137127411622,138.66159651751485,21831200
2023-10-20,135.62652587890625,137.90778477456894,135.13554639323505,137.46145217039737,24970300
2023-10-23,136.77706909179688,137.8879591814184,134.00979482527666,135.12066978036202,20780700
2023-10-24,138.97897338867188,139.56418041730026,137.6201343823261,138.02679931260892,26535200
2023-10-25,125.6385269165039,129.04060436531358,125.06324802871711,128.71328973254506,58796100
2023-10-26,122.43482971191406,124.43837750939463,121.3239471548618,123.45644120456251,33907400
2023-10-27,122.3951416015625,123.42667367407248,120.4709368156047,123.02000871734221,37367700
2023-10-30,124.72601318359375,125.51950178145029,122.87123793728324,123.44651679236583,24165600
2023-10-31,124.27967834472656,125.52941264809293,122.91587504415192,125.24177322571776,21123400
2023-11-01,126.53118896484375,126.69980282774219,123.90773069992387,124.31934466897951,26536600
2023-11-02,127.5329818725586,129.0306805762886,127.06680784622152,128.50499754821274,24091700
2023-11-03,129.30838012695312,129.6654492188667,127.95945412800566,128.0388044967126,19529400
2023-11-06,130.37957763671875,130.48868249370148,128.87195101328493,129.15959797011857,15360400
2023-11-07,131.32183837890625,132.19467723329248,130.07210422019938,130.90526032600397,19223800
2023-11-08,132.17486572265625,132.45258448733904,131.08383204269893,131.28220042682412,15093600
2023-11-09,130.61761474609375,132.869133753121,130.4390726653507,132.27401366335425,17976500
2023-11-10,132.9683380126953,133.17663462781513,129.80431197498905,130.45894118303912,20872900
2023-11-13,132.55177307128906,133.01794708681135,131.68886229702053,132.27405431325926,16409900
2023-11-14,134.3271484375,136.12242181521052,133.99984903801453,134.54535812684531,22317300
2023-11-15,135.26947021484375,135.72571598551403,134.22801727856256,135.52734760111227,15840900
2023-11-16,137.57052612304688,137.74906820531095,134.9718663202943,135.8447050901794,17615100
2023-11-17,135.8248748779297,136.87624068193216,134.3767572665926,136.697713719532,25565300
2023-11-20,136.79690551757812,137.29779810862496,134.3867004502168,134.39661357105123,19569400
2023-11-21,137.4912109375,137.83340280938174,136.58366845198967,136.81675544972742,17648100
2023-11-22,138.87982177734375,139.9510291565709,137.86812339676197,137.9673151508621,17306400
2023-11-24,137.09445190429688,138.53958802838497,136.35055928369096,138.40369504660558,8828600
2023-11-27,136.92584228515625,138.4929779370703,136.4199856014322,136.44975523094647,17886400
2023-11-28,137.4912109375,137.5308936923905,135.92407507913032,136.5092822047407,17046900
2023-11-29,135.28929138183594,138.53266807269236,135.18515063247742,137.85324843598207,21014700
2023-11-30,132.82948303222656,135.84473668333632,131.70867981791855,135.28928406952625,29913500
2023-12-01,132.234375,132.41290198529057,131.0758716816685,132.234375,24268000
2023-12-04,129.56626892089844,130.37958369155757,128.3462740631074,130.22486334133802,24117100
2023-12-05,131.31192016601562,132.45254942368422,128.67357746543,129.3083652073082,19235100
2023-12-06,130.3597412109375,132.22443697032406,130.2407232295417,131.81777202117533,16360600
2023-12-07,137.32260131835938,138.8599827254413,135.1206775243787,135.48767491306685,38419400
2023-12-08,135.52732849121094,136.86634138255732,134.46604946031053,134.55531295052415,23016100
2023-12-11,133.60311889648438,133.6923823835212,131.80786036269194,132.73029513234388,24502900
2023-12-12,132.55177307128906,133.4444383457367,131.74837129737875,132.18479081272193,26584000
2023-12-13,132.87905883789062,133.68246043725026,131.86736064799547,133.44937348013065,25414500
2023-12-14,132.11532592773438,133.93538985893963,129.9927529297904,133.67254840596527,29619100
2023-12-15,132.7501220703125,133.73206583647953,131.54998371286558,131.8376155507843,58594000
2023-12-18,136.07284545898438,137.2531575475015,132.68069680360648,132.7699602889898,25699800
2023-12-19,136.97544860839844,137.63999093788465,136.33073252072202,136.87625686120646,20661000
2023-12-20,138.5227508544922,141.91291731982514,138.27478660699433,139.18729322164205,33507300
2023-12-21,140.64532470703125,140.87344757786894,139.32913459323365,139.62371321447594,18101500
2023-12-22,141.55783081054688,142.08351380443563,140.89823743691704,140.97263881878948,18513500
2023-12-26,141.65701293945312,142.77285197729262,141.3396114596684,141.81569854480995,11170100
2023-12-27,140.2882537841797,142.15294975111277,139.90241391192308,141.66693438209353,17288400
2023-12-28,140.12954711914062,141.11149093709932,139.68123189934482,140.69491283889934,12192500
2023-12-29,139.78240966796875,140.2833023315767,138.76079809621191,139.53444540036685,14881000
2024-01-02,138.42355346679688,139.46997041859981,136.61838168845557,138.46323622012164,20071900
2024-01-03,139.217041015625,139.94109234577684,137.3027492471784,137.47137824574764,18974300
2024-01-04,136.91592407226562,139.48979401852648,136.88616957510365,138.71119783007381,18253300
2024-01-05,136.27122497558594,137.67966002038474,135.73562888484562,137.22539692553687,15439500
2024-01-08,139.38565063476562,139.49475550046873,136.75723587173889,136.87625385812942,17645300
2024-01-09,141.3991241455078,141.63717526156202,138.65167616070894,138.91948177445292,19579700
2024-01-10,142.6290283203125,143.34811550758644,141.2999436779615,141.35945267171817,16641900
2024-01-11,142.50009155273438,145.46574939326712,141.05693782003317,143.71512241602125,17471100
2024-01-12,143.06544494628906,143.56137339712745,142.19260602976223,143.16462155573558,13998700
2024-01-16,142.90673828125,144.65240090734966,141.89107479777098,142.26202224118498,19198900
2024-01-17,141.7264404296875,142.24221028663283,139.36581602149167,141.74628180656052,17884500
2024-01-18,143.80935668945312,144.39951283495924,142.18271176041657,142.271975261114,18876800
2024-01-19,146.7650909423828,146.83451306688974,144.61276293006472,145.11364045580194,27181000
2024-01-22,146.50718688964844,148.79340974105023,146.37824065176983,147.49904377293632,21829200
2024-01-23,147.46926879882812,147.6478109013083,145.9914117823846,146.51709470071523,14113600
2024-01-24,149.12567138671875,150.33573785658447,148.61981474804162,149.06614726752545,19245000
2024-01-25,152.38888549804688,153.49976032458605,149.98859374239788,150.50436354094867,21495100
2024-01-26,152.53765869140625,152.85506014879243,151.55573009350354,151.6251522032227,19494500
2024-01-29,153.57911682128906,153.93618590615435,151.6747534135191,152.38889158324972,20909300
2024-01-30,151.80368041992188,153.77746568979651,151.53091072970787,152.75585443590836,26578900
2024-01-31,140.64532470703125,144.40445605324888,140.39736045865303,144.20608768145362,43908600
2024-02-01,141.5479278564453,143.44236334100032,141.10158007129598,142.51994353870543,25526900
2024-02-02,142.37112426757812,142.70836709569227,137.04485787559517,139.7427096933025,42136100
2024-02-05,143.74981689453125,145.47565339269048,142.73813372776416,142.86706483654686,29254400
2024-02-06,144.22593688964844,145.5451085787885,143.34318472287498,144.77146129260674,21517700
2024-02-07,145.48553466796875,145.80293607911102,144.02751923094735,144.93009733300207,21436100
2024-02-08,146.0211639404297,146.40798749932335,145.2276754483433,145.77319973256107,18241300
2024-02-09,148.99673461914062,149.4678726684874,146.22944558056506,146.74521537123928,21877700
2024-02-12,147.5188751220703,149.36372959425142,147.35026126221675,148.32227680382837,17236100
2024-02-13,145.1781005859375,146.83449991802306,143.92836624588574,144.8805556010702,18138500
2024-02-14,145.9418182373047,146.62620189439806,144.36971845002967,146.1699410781576,16651800
2024-02-15,142.7678985595703,143.5812134270935,140.72467556742123,143.28366843564396,26724300
2024-02-16,140.60562133789062,143.30347317547898,140.3675853804492,143.0356827233574,21865100
2024-02-20,141.0420379638672,142.1618421436967,139.6534444579967,139.79230380858374,18625600
2024-02-21,142.66868591308594,142.80754526693948,140.7544094539238,141.47846071797915,16440800
2024-02-22,144.1366424560547,145.00946617894317,142.8372972898335,144.93011581603798,23024700
2024-02-23,144.1068878173828,144.76648115628487,143.61095934853918,143.7895014672815,14519400
2024-02-26,137.62013244628906,142.6686799790576,137.61021932661703,142.28185642837371,33513000
2024-02-27,138.9591522216797,139.3459757919262,137.3721751909309,138.27476856635096,22364000
2024-02-28,136.31089782714844,138.1458392984097,135.52733747024564,137.96731230615455,30628700
2024-02-29,138.6417694091797,138.81038328201362,136.44977392780197,137.22342117235138,35485000
2024-03-01,136.95559692382812,138.85996027719986,136.8514561912899,138.47313670752334,28551500
2024-03-04,133.10719299316406,135.51741313084796,131.77810837905238,135.4281345075743,43571500
2024-03-05,132.69061279296875,132.92866389367293,130.47877617828152,131.65908829232052,28447600
2024-03-06,131.48056030273438,133.642816413029,130.87552693285534,133.1468879175392,23175200
2024-03-07,134.1387176513672,134.7139964053824,131.5797253184857,132.79970493181906,24107300
2024-03-08,135.18016052246094,137.8532219403469,133.70230353382019,133.93539049394283,26495200
2024-03-11,137.80860900878906,138.8401335922213,135.95384132903814,135.95384132903814,22536400
2024-03-12,138.4830322265625,139.13766130266887,137.08452573519497,137.12419334532294,19019700
2024-03-13,139.62368774414062,141.03212260185597,138.86986688048037,138.919462748016,19637000
2024-03-14,143.16461181640625,143.5514353763636,140.33286479242958,141.14123053382954,36117900
2024-03-15,141.01231384277344,143.16464180773502,139.98078917830614,142.24222202326752,41039500
2024-03-18,147.2709197998047,151.68468032332012,146.93369205970157,148.15367190450777,47676700
2024-03-19,146.7154541015625,148.4016076123796,145.8128607931988,147.76681987414727,17748400
2024-03-20,148.4611358642578,148.54048623365105,146.46254478468063,147.57838381474437,17730000
2024-03-21,147.52879333496094,150.07289344250427,146.8047269375101,149.09592897429127,19843900
2024-03-22,150.5341339111328,151.31769424437311,148.8678063610567,149.01659398464594,19252900
2024-03-25,149.91915893554688,150.22266689376974,147.58830438593358,149.7207905896594,15114700
2024-03-26,150.46469116210938,151.95247653642397,149.8001488443931,150.00844545599276,19312700
2024-03-27,150.7027587890625,151.4466515577584,148.90749999546904,150.90609129531717,16622000
2024-03-28,151.02012634277344,151.4267913045929,150.0977066891458,150.76224899686937,21105600
2024-04-01,155.2256317138672,155.72156024969425,150.41511886252965,150.59366100538705,24469800
2024-04-02,154.60072326660156,154.71975638077805,152.21035974643002,153.48984843118458,17598100
2024-04-03,155.09664916992188,155.27519127101314,152.87688215924499,153.65845977936496,17266200
2024-04-04,150.7027587890625,154.9082228886528,150.64324978909278,153.81718924195445,24184800
2024-04-05,152.68646240234375,153.57912760994762,149.85073464441209,150.44485599312353,16297300
2024-04-08,154.8685302734375,155.37933595345763,152.73604406780817,152.76083443561572,16641500
2024-04-09,156.8522491455078,158.58799871591413,155.36446379944525,156.068688855777,21521500
2024-04-10,156.37615966796875,156.87208810903078,154.92804196087224,156.59436939279885,16339200
2024-04-11,159.48065185546875,159.8079664230889,156.64394073729468,157.05060566687132,17841700
2024-04-12,157.89370727539062,160.38326272389352,157.30851531835964,158.10695288327784,16989800
2024-04-15,155.05697631835938,159.52033194594185,154.8784342232985,158.97480767566393,21140900
2024-04-16,154.7296905517578,155.94967041266872,153.78742943748455,154.37262142971844,15413200
2024-04-17,155.60252380371094,157.3888530928576,154.86358008141502,155.90999703795904,16237800
2024-04-18,156.1778106689453,157.19445804527152,154.93798941267588,155.64716353897316,14016100
2024-04-19,154.4519805908203,156.7035003254901,152.6567217570297,156.46544918574392,21479900
2024-04-22,156.66380310058594,157.8887470460589,154.39245733159595,154.73959818531318,17243900
2024-04-23,158.61776733398438,159.17320482443998,156.67868511083336,157.29859572688406,16115400
2024-04-24,159.7881622314453,160.07579409050834,157.52672957451733,157.79452005672,19485700
2024-04-25,156.66380310058594,156.99111771205838,151.5240087112432,152.11118330694745,36197800
2024-04-26,172.27565002441406,174.9834154796211,170.0042889495533,174.556924221145,56500800
2024-04-29,166.53277587890625,169.9844489623467,165.6996196730562,169.37941561736457,35914600
2024-04-30,163.29931640625,168.48672366014262,163.16045704818612,166.01700971068274,29420800
2024-05-01,164.22174072265625,167.435347128867,163.55718333579432,164.82675885285875,25223200
2024-05-02,167.08822631835938,167.15764843401243,164.34077836434196,165.31279392523527,17041100
2024-05-03,167.61390686035156,168.4669044194832,163.63655091315763,168.15941606035406,22767100
2024-05-06,168.44705200195312,168.51647411205172,166.52284727600275,167.84201871322168,15147900
2024-05-07,171.57139587402344,172.05741118518412,168.61566666081532,168.7346846412895,21102400
2024-05-08,169.76622009277344,170.50911384231088,169.13341494556937,169.35955515674135,14569900
2024-05-09,170.1828155517578,171.03581312539094,168.54624252032085,169.75630919767335,11937700
2024-05-10,168.9033203125,169.9447731797989,166.542710965764,168.3082151987125,18740500
2024-05-13,169.50833129882812,169.5579271687288,164.41018764445187,164.49648476076973,19648600
2024-05-14,170.5299530029297,171.37303743880275,169.0322545020579,170.19272528239466,18729500
2024-05-15,172.46408081054688,172.628729417453,170.6291395109319,170.8969451087997,20958200
2024-05-16,174.00146484375,174.90405833876795,172.632712486261,173.17823685877386,17247300
2024-05-17,175.84628295898438,176.04961541629103,173.55509620448177,174.12046183716865,16546400
2024-05-20,177.0067901611328,178.4846472654476,175.78184627644572,175.86614563814317,17495100
2024-05-21,178.07798767089844,178.35572153681474,175.8661509407835,176.94727136898175,14706000
2024-05-22,176.550537109375,177.39560419494768,175.34047041954787,176.94727383558165,16189400
2024-05-23,173.6344757080078,178.4449879821366,173.11870585496382,177.32418478259947,14928400
2024-05-24,174.8941192626953,175.8601868609367,173.7733161850013,175.082574484736,11403600
2024-05-28,176.57037353515625,177.05637374095198,174.2494168348634,174.3089409632078,15655300
2024-05-29,175.95541381835938,176.77865688869701,174.82469752039086,175.3702218603177,15023800
2024-05-30,172.1466827392578,175.2511997081057,171.8193681430775,175.2511997081057,18826300
2024-05-31,172.54342651367188,172.9996721952252,169.57776904543667,171.987973957489,28085200
2024-06-03,172.9996795654297,174.42795593025005,171.04572025168727,172.4640834958897,20742800
2024-06-04,173.7039031982422,173.76341219053094,171.80945289286282,173.02943263838765,14066600
2024-06-05,175.6280975341797,176.5207626343878,173.86257843912057,175.0974504936674,15233900
2024-06-06,176.89768981933594,177.25475892012295,175.76697352259964,175.98516812379688,14255800
2024-06-07,174.51722717285156,177.95897199710214,174.35852642870182,177.00679780127567,14716300
2024-06-10,175.3910675048828,177.21815754047344,173.1568496994323,175.21232220153198,17099800
2024-06-11,176.9401092529297,177.1387033456811,174.20939881026297,176.4734048014969,14402400
2024-06-12,178.30047607421875,180.80280380644226,176.53296307535834,178.48914574574147,18600400
2024-06-13,175.50027465820312,177.2578482034491,175.4208339945906,176.59254969142125,15956900
2024-06-14,177.1188507080078,177.47632615850472,174.61852258671965,174.61852258671965,12361600
2024-06-17,177.52598571777344,178.6579888319184,175.25205508692207,175.73860839234462,15272900
2024-06-18,175.21229553222656,177.65504662781194,174.3881157156766,177.53587805979714,15640300
2024-06-20,176.46347045898438,177.48624437320683,175.22223850951465,175.4704848994086,16753200
2024-06-21,178.9955596923828,181.23176193392658,176.81099463595146,177.23798627728127,58903200
2024-06-24,179.52186584472656,180.8028257957206,178.96579631477127,180.0084342593166,18198300
2024-06-25,184.27825927734375,184.44706500179942,179.83464290233113,179.87437080911891,18797000
2024-06-26,184.0697479248047,184.62581747308133,182.6994380099112,182.90795651463554,13375700
2024-06-27,185.5492706298828,186.18478074207886,184.14915744228088,184.34279688709563,13025700
2024-06-28,182.1334228515625,185.2712610859372,182.03908800435678,184.41729283612023,23032400
2024-07-01,183.1959228515625,184.03995153918066,181.44825845977311,183.18598329821762,11815900
2024-07-02,185.30104064941406,185.63865211194053,181.77593879180856,182.1830665181386,12555500
2024-07-03,186.0755615234375,186.30394395734123,184.08462064803464,184.99321091085358,7409100
2024-07-05,190.613525390625,190.91140895382554,186.00607274144073,186.00607274144073,14303400
2024-07-08,189.14389038085938,190.3344851907359,187.99203861520456,190.0226923225331,12097600
2024-07-09,189.10415649414062,191.5071795281094,188.8956228773855,190.40496504356014,10198500
2024-07-10,191.30860900878906,191.95404358699406,189.2829099032315,189.41200287957565,12052900
2024-07-11,185.98622131347656,191.06037875578167,185.50959242849498,189.99787680294295,16452000
2024-07-12,185.4698486328125,187.36645475988573,184.83433845667503,185.60886601035014,14449100
2024-07-15,186.86997985839844,188.5679769072479,185.18190721183865,185.18190721183865,12186000
2024-07-16,184.19883728027344,189.00488416911568,183.82149788633873,187.6345742812237,12760100
2024-07-17,181.3390350341797,183.93072819360648,180.3460493815527,183.38458305430993,17376600
2024-07-18,177.96287536621094,182.75899749557104,176.95996539346044,182.2525651568964,17877200
2024-07-19,178.13169860839844,180.6936034533854,177.60541741581386,179.10482032181307,14485900
2024-07-22,182.0639190673828,183.00725237385336,180.6240778003004,181.07093344967527,16303900
2024-07-23,182.31216430664062,183.92079614848342,182.04405394908085,182.55047115624222,23772600
2024-07-24,173.1468963623047,176.70178667242885,172.35251999389808,174.1597459293085,31250700
2024-07-25,167.9734649658203,173.97109193837915,167.86423593254355,173.02775855194852,28967900
2024-07-26,167.49681091308594,168.64867789487005,164.70156905677484,167.58619113625218,25150100
2024-07-29,169.92962646484375,170.9524003959555,168.52951316629986,169.3040407034183,13768900
2024-07-30,170.65451049804688,171.73686119528168,168.9267100520719,170.6247221413713,13681400
2024-07-31,171.93544006347656,174.67608984897944,170.51547801516725,173.69302871047208,15650200
2024-08-01,171.2403564453125,174.44769555513358,169.3139620385275,170.77365202091585,17177800
2024-08-02,167.21876525878906,169.0160818822765,165.22286970182924,167.01024677241284,18907800
2024-08-05,159.51321411132812,164.77604108342666,155.50155875458165,156.26614679534285,34907800
2024-08-06,159.41390991210938,161.21122666978331,157.02082600602378,159.81608304080447,36146500
2024-08-07,159.62242126464844,163.63407607164964,159.11600410749247,162.0949606474237,19334200
2024-08-08,162.69076538085938,164.33912519751024,160.89346377730092,161.20525666549872,15733600
2024-08-09,164.2299041748047,164.35899716425595,159.80118128986322,160.51117758008587,13549200
2024-08-12,162.8000030517578,165.53071373627017,162.40281483107793,164.83065699712043,12435000
2024-08-13,164.76609802246094,165.37181986176296,163.61424620902872,164.0263285779783,12717600
2024-08-14,160.8934783935547,163.80293449344555,158.41101404118638,163.05819518773504,22515900
2024-08-15,162.0254669189453,162.37301795763494,160.3572582974558,161.0722091785966,18392500
2024-08-16,163.58445739746094,165.77894714480394,161.93609762272953,162.26378469735144,16853100
2024-08-19,167.21876525878906,167.28828152208612,164.92497099810572,165.82859151042263,13100800
2024-08-20,167.77484130859375,169.21466729239157,167.47694262014258,167.55638328051333,12622500
2024-08-21,166.4541778564453,167.45708783901335,165.40161556445642,165.81866769042801,15269600
2024-08-22,164.32919311523438,168.2316192674082,163.87241307046904,167.85427988920023,19123800
2024-08-23,166.25558471679688,166.77194151160745,164.49801097682686,165.38176762376244,14281600
2024-08-26,166.75205993652344,168.19190113822222,165.15336771029914,166.97548775106495,11990300
2024-08-27,165.21295166015625,167.06486013711225,164.99449361246715,166.43431972550306,13718200
2024-08-28,163.3461151123047,166.21584260759954,162.1346715874772,165.61012084518578,15208700
2024-08-29,162.2538604736328,166.4542009755573,160.84580745094365,164.8952061234048,17133800
2024-08-30,163.95184326171875,164.1206489854585,162.26377087256432,163.0680867364007,18498800
2024-09-03,157.49745178222656,162.2339974919042,156.747742781101,162.1694510015082,26533100
2024-09-04,156.7030487060547,159.27487766850228,156.33564889763565,156.9661892732278,17410700
2024-09-05,157.4875030517578,159.88555631709994,156.41507691607964,156.673247686023,14139500
2024-09-06,151.0629119873047,158.1031766189013,150.86927251244876,157.57689543583044,24999100
2024-09-09,148.6865234375,153.75742226782708,147.35417486290356,152.7531921042944,28057700
2024-09-10,149.1538543701172,151.4307933310078,148.68952437572722,150.5856383998695,20401800
2024-09-11,151.28163146972656,151.60974988834388,147.85132461574966,150.22768361267248,18991500
2024-09-12,154.6522979736328,154.72190575319274,152.62394730390605,153.9264684658022,20980800
2024-09-13,157.4661407470703,158.36597448799603,155.2190445541475,155.4696052392156,16733900
2024-09-16,158.08258056640625,158.33115370796327,156.7104519700674,157.42634383148763,14157600
2024-09-17,159.365234375,160.66775539787224,158.5002045720824,159.17631633259208,12064800
2024-09-18,159.89222717285156,160.707554573871,158.7487964898365,159.9320073821086,16756500
2024-09-19,162.308349609375,164.04836187510787,161.59444512796404,163.87933393275532,17548200
2024-09-20,163.7003631591797,163.80973597215976,162.24868902069008,163.58105288018464,46362700
2024-09-23,162.1393280029297,165.65911770531974,162.02000255471572,164.39636164933788,15648400
2024-09-24,162.70606994628906,163.6108800174868,161.10525796328682,163.31258914908378,18774100
2024-09-25,162.0597686767578,163.27975559447742,161.8459842209852,162.03987857516688,13607900
2024-09-26,162.8949737548828,164.55544073199715,162.56685534550778,164.08812195243596,18234500
2024-09-27,164.34664916992188,166.01706895236782,162.89499018749672,162.974535431585,13604300
2024-09-30,166.23582458496094,166.40485254943184,163.70037477448744,163.8395751670932,14070100
2024-10-01,167.4587860107422,169.4672616483176,164.95316398962757,167.89627725572925,18629500
2024-10-02,166.35513305664062,167.91618010183493,165.30118507102893,166.8025618014393,12745000
2024-10-03,166.2556915283203,166.95169339438607,164.42618140247245,164.87362526152447,11004300
2024-10-04,167.5979766845703,168.58233192878077,166.00711745240406,168.3735237842382,11422100
2024-10-07,163.45179748535156,168.93034550907922,163.1932868117313,168.174688421163,14034700
2024-10-08,164.75428771972656,165.15201387948642,163.37222155442714,164.48582445835137,11723900
2024-10-09,162.12936401367188,165.31109759537247,160.20043376272457,163.91411757612815,19666400
2024-10-10,162.24867248535156,163.37322940274683,160.71746843138493,161.18478720542785,12900500
2024-10-11,163.5810546875,164.32677428286573,161.57257899590456,162.39784383538043,10946000
2024-10-14,165.40061950683594,166.66336048622304,163.83957247029744,163.96883539405545,9981800
2024-10-15,165.9474334716797,168.12493675351615,165.10229384127152,166.18606916410747,14829300
2024-10-16,165.7883758544922,166.32528725506162,164.27307166520532,165.08242133811999,9968500
2024-10-17,163.5710906982422,166.97156999652051,163.43189032363557,166.42472113523215,15113400
2024-10-18,164.10800170898438,165.4204600920445,163.80971088547477,163.929021146198,13091300
2024-10-21,164.85374450683594,165.2713456501546,163.36726649706551,163.6407061121802,11384000
2024-10-22,165.867919921875,166.51420412543723,163.7301814568173,163.7600090248769,11958600
2024-10-23,163.541259765625,166.64346331999678,162.69909372365552,165.48012750479322,12754300
2024-10-24,163.5909881591797,164.1080246474191,161.84103834659726,163.6506432978797,12764400
2024-10-25,166.0369415283203,166.4445900001456,164.28697668652435,164.42121590937262,14566400
2024-10-28,167.37925720214844,169.63233126635836,164.84380736282606,169.61641614772023,20858300
2024-10-29,170.1632537841797,170.87914574912284,167.69741211143258,168.4182652231679,28916100
2024-10-30,175.13470458984375,182.74103719923082,174.7419547498932,181.36892367602275,49698300
2024-10-31,171.7044219970703,177.4017153581993,171.57515908118327,173.72283511957977,32801900
2024-11-01,171.66464233398438,172.82797823724772,169.33800087086522,170.56097674172983,21752900
2024-11-04,169.7058868408203,170.93881536750848,168.51771484097313,170.26270354983382,16194000
2024-11-05,170.4317169189453,171.1147924903057,169.3976440052616,169.85502532702608,12518300
2024-11-06,177.31224060058594,177.62046894764245,174.0410087231376,174.3492522418985,27061500
2024-11-07,181.2396697998047,181.5379606402899,177.8690181972373,178.08776380214627,16730400
2024-11-08,178.83348083496094,181.3092750534064,178.54514263523942,180.96126654905427,15021500
2024-11-11,180.9314422607422,181.04579138206162,178.9627469799236,179.0422922158368,12503400
2024-11-12,182.27374267578125,182.97470566906634,179.9570388943078,180.34481243539634,14065800
2024-11-13,179.45989990234375,181.57277194891768,179.0920012762999,181.11041429999662,13969700
2024-11-14,176.33782958984375,179.4151669400221,175.02535584535698,178.7241261794695,17925800
2024-11-15,172.8975830078125,174.87623124030435,171.75911344695805,174.63759549458973,21708900
2024-11-18,175.79095458984375,175.90032739507785,173.42453307934403,173.9564833216963,18662800
2024-11-19,178.55508422851562,179.14171327814492,174.11655714125044,174.23488124920212,15392900
2024-11-20,176.3179473876953,178.08778739151617,174.32936174999057,177.80938661597386,15729800
2024-11-21,168.27410888671875,174.57792122112983,164.3665305267413,174.45363462855056,38839400
2024-11-22,165.6193389892578,167.30465719256492,164.76424667759363,166.20596802924658,24497000
2024-11-25,168.4630126953125,169.48714818179903,166.4445996343938,167.0312438851082,21395700
2024-11-26,169.64622497558594,170.51623113606954,168.46301416985565,168.52268447937684,14937500
2024-11-27,169.8450927734375,170.16325856028536,168.7016470218108,169.70587722529407,12433400
2024-11-29,169.51698303222656,169.8948039752295,167.7869081178205,169.0894292437366,9250700
2024-12-02,171.99273681640625,172.6092085706705,169.29821225506845,169.3479299214658,16593400
2024-12-03,172.03253173828125,173.325115316705,171.52543273802027,172.13195190788124,15721500
2024-12-04,175.0850067138672,175.42306260767302,171.7640725699323,171.79390013869732,18239800
2024-12-05,173.31515502929688,176.69575925223688,173.01686419025773,176.30798571299667,16145500
2024-12-06,175.48272705078125,175.82973423795733,172.5595040359012,172.8876224530513,13319500
2024-12-09,176.2890167236328,177.22469944777424,174.59678933759568,174.91034929664272,19887800
2024-12-10,185.67581176757812,187.1689427356478,181.83348746885562,183.68995244049782,34317400
2024-12-11,195.8092041015625,195.9883725291255,185.40704608584548,185.8450336051069,41664500
2024-12-12,192.74331665039062,195.80423229129414,192.3949133268442,195.40108811945836,25197800
2024-12-13,190.50363159179688,193.45006856162743,190.3841707710793,191.82754303695964,18883200
2024-12-16,197.25259399414062,199.721233383074,193.22113662191728,193.47497379231675,32248600
2024-12-17,196.2173309326172,201.95096410202163,195.78930730613416,197.6208778179539,24129500
2024-12-18,189.2792510986328,197.7801528795643,188.41323989944044,195.92866966173153,27638400
2024-12-19,188.831298828125,193.70886924428288,188.65213039747607,192.39490666386772,26981200
2024-12-20,192.076416015625,193.24602337612956,185.51658099826503,186.15364974172826,45319700
2024-12-23,195.09251403808594,195.5902244023139,190.7524790544615,193.14148272718975,15235900
2024-12-24,196.665283203125,196.76481616393315,194.30413596925501,195.27168505157465,6809800
2024-12-26,196.19744873046875,197.2525923642411,194.9730701918842,195.8390966294785,7907900
2024-12-27,193.1514434814453,195.89881458378935,191.09292009158196,195.57032390029536,14693000
2024-12-30,191.8076171875,192.89262210558067,189.48828513293213,189.99097744707944,12209500
2024-12-31,189.5679168701172,192.36504655276684,188.71185447712529,191.56374019545095,14355200
2025-01-02,189.75704956054688,192.31527281627066,187.84584367286573,190.6081299911665,17545200
2025-01-03,192.24560546875,193.609326973095,190.47375783033047,191.84246129864925,12875000
2025-01-06,197.05348205566406,198.64614601059242,194.16675300606406,194.25633722081525,19483300
2025-01-07,195.8092041015625,201.21433097784094,195.04272594285501,197.36205789609744,16966800
2025-01-08,194.49526977539062,196.7349665785107,192.86278026867308,193.0618613911672,14335300
2025-01-10,192.28541564941406,196.71503474628338,190.72261304171616,194.5251122343506,20753800
2025-01-13,191.40945434570312,191.6085506520479,187.79608725706328,190.47377157489464,13169100
2025-01-14,190.17514038085938,192.3849756964784,188.7715934554687,191.618497453767,13651200
2025-01-15,196.07797241210938,196.89422470667378,192.44469279964986,193.46002620372033,12894900
2025-01-16,193.51976013183594,196.07798367318762,193.41026323698176,194.9282738716767,13449600
2025-01-17,196.64537048339844,197.89959514943848,194.41562255485658,197.143080854053,22109100
2025-01-21,198.71585083007812,202.90656371652176,198.526718455784,199.59181076887646,19005200
2025-01-22,199.114013671875,201.19443941769566,198.28781261730893,199.63163672065812,15477400
2025-01-23,198.6660919189453,201.0152856952925,195.91873588447146,199.064254177072,15170800
2025-01-24,200.97544860839844,201.64239389459595,198.86914091953136,198.93484816863383,12732400
2025-01-27,192.88267517089844,197.76023057284826,191.81756772084356,193.30075004630146,24970200
2025-01-28,196.16757202148438,196.32682779590218,191.72798884930003,193.7586404705913,15939200
2025-01-29,196.2770538330078,197.55120635148114,194.29617628524454,196.4661862034589,12287800
2025-01-30,201.70213317871094,202.3073507611187,198.55858937236,198.84526498974606,14571500
2025-01-31,204.65850830078125,206.1317267292728,202.64775417193695,202.78213050256764,17060300
2025-02-03,201.71206665039062,204.28025409053734,200.73655853695863,201.2890097802712,16719500
2025-02-04,206.7588348388672,207.74429158502772,203.32462136311352,203.56352779283546,28285400
2025-02-05,192.41482543945312,193.65910132151257,189.04034985486453,192.21574433610655,43666400
2025-02-06,192.42478942871094,192.94241248956683,189.6177107145515,190.1154211068202,20816600
2025-02-07,186.28302001953125,192.13111634412323,184.25236857462477,191.85738174066526,29565700
2025-02-10,187.3381805419922,189.11999217535,186.7508859497544,188.19424298737349,16606000
2025-02-11,186.21336364746094,187.93543726112395,185.22789165465753,185.97943916785727,13028100
2025-02-12,184.5808563232422,185.97445444084866,182.78911118318564,184.38177521755978,17632300
2025-02-13,187.0196533203125,187.12915020916878,184.03339110304842,185.07857072795878,12729300
2025-02-14,186.0142822265625,187.28841965045697,185.25776787766148,185.97447207721663,12714200
2025-02-18,184.94918823242188,186.92011716943594,182.7393528346816,186.58167774176087,19796000
2025-02-19,186.27310180664062,186.50204434099157,184.6505610191726,185.33242184661788,13120500
2025-02-20,185.7853240966797,186.26312179330148,183.7546724943509,185.64596580229355,12063800
2025-02-21,180.74850463867188,186.61153234693336,180.3005683314434,186.43234871069268,19520800
2025-02-24,180.36029052734375,184.24242542853543,180.05171252095613,182.95833932703832,18734000
2025-02-25,176.55776977539062,179.93224543786565,175.96052645156584,179.33002014994497,20832500
2025-02-26,173.90000915527344,177.26453628941016,172.79509146967277,176.1347391596001,23637200
2025-02-27,169.4305877685547,175.7813623958816,168.97467724735415,175.13434492579563,25930500
2025-02-28,171.43136596679688,171.71008256686463,167.61890260075836,169.5201599139399,30049800
2025-03-03,167.88766479492188,174.19862860889896,166.8723313924195,172.93444002266958,24122000
2025-03-04,171.819580078125,174.36287286013714,166.77278947294587,167.1709668951315,30711400
2025-03-05,174.18870544433594,174.94521984592973,170.14728390855026,171.53093351458133,18848000
2025-03-06,173.41226196289062,175.92071140977126,171.71804472611552,171.75985981135477,19082400
2025-03-07,174.9451904296875,176.08991817485642,171.46121793179898,172.4486796541794,16395300
2025-03-10,167.2318572998047,169.862761343809,164.99459665658725,169.5737671447147,28990700
2025-03-11,165.40817260742188,168.07395991854375,162.67762200315437,166.1057579732486,23705900
2025-03-12,168.4177703857422,168.94594324205192,164.90989304067617,167.88959752943245,19880100
2025-03-13,164.1624755859375,167.54079590690662,163.50476094405604,167.40127883666267,15206200
2025-03-14,167.0425262451172,167.6703606934966,163.94323992063195,164.74547451647462,18611100
2025-03-17,165.9961395263672,167.87962748094336,165.23874815007622,166.74852805647282,17839100
2025-03-18,162.1095733642578,165.86658935411072,158.25291101452655,165.38824729052251,24616800
2025-03-19,165.70712280273438,167.55373559369966,162.48825521429978,163.3502653420542,24955700
2025-03-20,164.4813690185547,166.45454321967475,162.57794574460488,163.26058333399368,19981500
2025-03-21,165.67724609375,165.89648938026642,162.46833821606813,162.81713850085896,29882100
2025-03-24,169.3445587158203,169.9126022804945,166.86314686610962,168.68185642992069,18742800
2025-03-25,172.1947021484375,172.3142990681028,169.96242906428452,170.59024826609257,13841600
2025-03-26,166.56417846679688,171.34764482956913,166.28613272719656,170.70985032828085,22498000
2025-03-27,163.5147247314453,166.86314969955828,163.2855213693154,166.13566890292478,21571200
2025-03-28,155.5223388671875,163.24563852806418,154.8038297940633,161.8006371166279,34866500
2025-03-31,155.69175720214844,156.58866567500607,151.68561772453222,154.27665116494103,33591600
2025-04-01,158.3326416015625,159.5285043966898,154.72013022085727,154.76497336497474,20111400
2025-04-02,158.3126983642578,159.7228167353665,155.99072382283325,156.41925030009824,17113300
2025-04-03,152.10415649414062,154.15406122288604,151.6556946912657,152.30845204281906,28416100
2025-04-04,147.2310028076172,152.5625615445438,147.03167969458036,149.38354948996036,39832200
2025-04-07,148.72584533691406,154.39622943328632,142.16851286156196,142.89599361520985,47823000
2025-04-08,146.07501220703125,153.90793396144434,144.7097369241356,153.04590853918566,35304400
2025-04-09,160.50511169433594,161.31231863948028,145.3076511799823,145.82586392739347,46479500
2025-04-10,154.83470153808594,159.4786501695117,151.67562490945681,158.21302142098617,35270500
2025-04-11,158.850830078125,159.30925197986465,155.04898626444395,155.04898626444395,22582000
2025-04-14,160.9136962890625,163.46487400956826,159.36903338925384,161.75079862743743,18255900
2025-04-15,158.13331604003906,161.49171621926877,157.10189332870561,161.0133741497938,15690800
2025-04-16,154.96426391601562,157.6350233520462,153.37974551003248,154.934368489957,16921500
2025-04-17,152.83164978027344,156.52887490103248,150.380118200627,156.07045298716625,19513400
2025-04-21,149.34368896484375,150.53955157172447,147.88871240222318,150.44487765808387,16147800
2025-04-22,153.36978149414062,154.07734211066946,150.3502215907085,150.54954472069625,15910300
2025-04-23,157.1766357421875,159.46871499069186,155.81136043254915,157.36598360099995,18575700
2025-04-24,160.9136962890625,161.1528749026919,157.54533637665355,157.9788352588042,30787500
2025-04-25,163.28550720214844,167.66038208926318,162.43842955449924,166.52431024541298,35148100
2025-04-28,161.86044311523438,164.38172576585993,159.8274778340619,163.6941004600128,20871200
2025-04-29,161.50167846679688,162.1195376151089,158.84087881059526,161.48673075211903,15955200
2025-04-30,160.335693359375,160.8180194116606,156.61356075430186,159.30924318183526,20639500
2025-05-01,162.22915649414062,163.37520368939192,160.37556387456513,161.96009763452335,21904300
2025-05-02,165.23875427246094,166.12568746475407,163.09616746599934,164.38670414878305,16844900
2025-05-05,165.47793579101562,166.5243214241733,163.90337730415152,163.94822044762998,15309300
2025-05-06,164.63084411621094,166.16554696960202,162.56798366015224,163.3951259397453,10691900
2025-05-07,152.27357482910156,166.41468972066798,148.97498090988586,165.49786113936176,78729800
2025-05-08,155.2134246826172,156.8677094555333,153.56911519061876,155.3828371897875,38387500
2025-05-09,153.84812927246094,155.89105437289106,153.30002111123036,155.01409652114108,22871000
2025-05-12,159.0302276611328,159.88726545586675,157.34604750120752,158.5518855822317,31884900
2025-05-13,160.335693359375,161.50166059387493,157.03709956492992,159.3690340339298,24944300
2025-05-14,166.2353057861328,167.76003343226498,160.3755586245459,160.75425431916318,31769200
2025-05-15,164.8301544189453,166.93288561158357,163.2755313961832,166.56416520922104,22717600
2025-05-16,166.85317993164062,170.06208793236226,166.37483783645473,168.34801228453998,36271400
2025-05-19,167.29164123535156,167.3713674402021,164.8450974961549,165.14406696278974,21374700
2025-05-20,164.75045776367188,169.09542238192347,163.69409683237404,167.18203886374593,33563300
2025-05-21,169.47410583496094,173.9287069806468,164.32191937471765,164.38171022936268,45567600
2025-05-22,171.3874969482422,177.51631833163697,171.28785058807728,172.7527874178601,45024100
2025-05-23,169.00570678710938,170.61514809102593,168.67684191357452,169.69333195848066,24963600
2025-05-27,173.38059997558594,173.68952953082126,170.6201541260049,170.70984040857914,24341300
2025-05-28,172.78268432617188,175.87199522970104,172.41893633259377,173.38060811094195,25999200
2025-05-29,172.36412048339844,174.79570135988587,171.18817794228764,174.39708553258473,21174700
2025-05-30,172.25450134277344,172.84246501872812,167.9443897158325,171.8160148026651,36258300
2025-06-02,169.7830352783203,170.47265253347098,168.06895981724793,168.4277201511054,24742900
2025-06-03,167.13221740722656,169.2150133546419,166.105751941516,168.28323702059924,25386700
2025-06-04,168.80641174316406,168.99575958230332,167.21690566982434,167.70023534112542,18508700
2025-06-05,169.2249755859375,171.76619347877022,168.76656887329105,171.02873742014836,25375400
2025-06-06,174.3173828125,175.2242514289488,171.7064138175853,171.7064138175853,22258100
2025-06-09,177.23080444335938,177.5151523721387,175.26523054535744,175.4747500718264,18817600
2025-06-10,179.60545349121094,182.0349940426737,176.07840935677868,177.3605099731449,32908000
2025-06-11,178.38818359375,181.34153803717805,177.5999657255444,180.82270241377242,18994400
2025-06-12,176.57229614257812,177.72969292587254,175.71422821351473,177.08114453762232,17345900
2025-06-13,175.48475646972656,177.9422189062432,173.17995008036138,173.18992212692407,20873200
2025-06-16,177.5401153564453,177.8444226178713,175.4248845342781,175.5096849868568,18132500
2025-06-17,176.8317108154297,178.31337421790542,175.54461650167724,176.60223195202389,17656100
2025-06-18,173.58901977539062,177.42439073778945,172.4515822454833,176.88160690654297,32531800
2025-06-20,167.35304260253906,174.9708935959476,165.89633230381628,174.47201728620755,55402600
2025-06-23,165.6369171142578,168.10136745461892,162.96294723657724,166.9439859151216,36975600
2025-06-24,167.363037109375,168.86963814911823,166.53490057245736,167.30815279619202,27310300
2025-06-25,171.10459899902344,172.97039149075704,168.18218077858864,168.27097004201798,23627400
2025-06-26,174.03799438476562,174.25750119449495,170.4760251986993,172.9953446508002,25909100
2025-06-27,177.86936950683594,178.43808060164764,172.32186719851077,174.23755046310885,74053100
2025-06-30,176.9913330078125,181.17191883543586,175.10558120382805,180.37870734581108,43964600
2025-07-01,176.51243591308594,176.82173681784994,174.26749231134937,176.40766091669954,25778500
2025-07-02,179.35601806640625,179.53062783204882,175.69426752119247,176.14824682206404,19325900
2025-07-03,180.1442413330078,180.36374813071492,177.78954450492,179.41588617215984,13287400
2025-07-07,177.1609649658203,179.9347162223865,176.2430343191759,179.73017509426768,20991400
2025-07-08,174.766357421875,178.3881891803029,173.52913865793022,178.37821713464507,24108600
2025-07-09,177.26075744628906,179.87486478280312,173.48925326441045,175.71423763690527,31288000
2025-07-10,178.29840087890625,179.18640015516522,175.34506147169566,176.2729641563774,24693700
2025-07-11,180.9025421142578,182.19962368717702,177.14201493702254,177.51018897692893,23975700
2025-07-14,182.39915466308594,184.3148378732345,180.30487288076202,181.66082746538615,20990400
2025-07-15,182.68850708007812,184.99331314927912,181.98009603557006,183.52661560987914,23911600
2025-07-16,183.3570098876953,184.918495230525,182.66855811901667,183.9057768934897,21152600
2025-07-17,184.28492736816406,184.77083246360687,181.09212165658406,182.7034978066894,21654400
2025-07-18,185.5221405029297,186.93894751784833,184.3148530304543,186.2006050349338,21033400
2025-07-21,190.72042846679688,190.83018187620175,186.62965140383943,186.6795420852959,24665000
2025-07-22,191.67825317382812,192.9254439275945,188.071372033117,191.98755404484274,26212900
2025-07-23,191.07960510253906,192.92545360045878,189.75259224705852,191.9277009474205,34068100
2025-07-24,192.76580810546875,198.52284513405064,191.51861729833644,197.66477724976374,45252100
2025-07-25,193.6438446044922,194.83615115662784,191.69822989683496,192.49641987213175,31101800
2025-07-28,192.98532104492188,194.38218392804671,191.42383566879718,193.97310167641388,25553500
2025-07-29,195.98854064941406,196.2180347146009,192.55628441099617,192.8655852885559,31891600
2025-07-30,196.9962921142578,198.03394820551867,195.12051219888494,195.8588546649248,21150500
2025-07-31,192.4265899658203,196.38766947760294,191.6483440630795,196.15819061512764,27852000
2025-08-01,189.5231170654297,191.1873677921112,188.275926225009,189.3535009380722,21236700
2025-08-04,195.3101043701172,195.6393646105546,190.4909566728955,190.7453885006196,23386000
2025-08-05,194.8810577392578,198.25345139263305,194.23750300779153,195.1055429540734,19010200
2025-08-06,196.4774627685547,196.9364357161351,194.02997243608303,194.81121756180326,15383700
2025-08-07,196.83663940429688,197.92418612692944,194.7812714038729,197.2656809558061,14660600
2025-08-08,201.63584899902344,202.97283402620116,197.45526255293163,197.5350845996361,24379900
2025-08-11,201.1768798828125,201.7056875908846,199.3509906320267,201.10203625141725,16690200
2025-08-12,203.70118713378906,204.66900843391733,200.94738004290974,201.6408254507789,19854000
2025-08-13,202.57371520996094,204.96831543167775,198.19358177412687,204.51932979316797,19573000
2025-08-14,203.36196899414062,204.95836422946513,201.87031830824085,202.10479080906802,17777100
2025-08-15,204.4495086669922,206.86406836526706,201.6308603446474,204.25993321876226,21111400
2025-08-18,203.8308868408203,205.67673537541967,202.9528748413574,204.60914793219283,13000200
2025-08-19,202.03494262695312,203.83088524444656,200.47843568089604,203.4467559492211,13476600
2025-08-20,199.7401123046875,201.71565835672976,197.0162517394249,201.22675406060662,13971700
2025-08-21,200.16912841796875,202.9029761139909,199.9496216206861,200.2689097710961,11768900
2025-08-22,206.25543212890625,208.75978583726322,201.675751050388,203.5016402542967,25723700
2025-08-25,208.68994140625,210.615596652814,205.48714880105956,206.5347920957198,22788800
2025-08-26,207.482666015625,207.9915296242752,205.98603700100233,207.90172031277964,23051000
2025-08-27,207.74209594726562,209.09904022551186,205.92617872916492,205.99602872578322,15249000
2025-08-28,211.89271545410156,212.4215231157988,207.1334464988264,207.37289737989897,20915700
2025-08-29,213.05014038085938,214.85607039608868,210.49589581404894,210.79522467958108,24682200
2025-09-02,211.51361083984375,211.89175693956307,206.49491572799616,208.52035259144964,28900100
2025-09-03,230.5806427001953,231.27906650785874,224.61407091237746,225.97101512062235,72250300
2025-09-04,232.1371307373047,232.24688413567327,226.25038108084854,229.63775552529555,32196000
2025-09-05,234.64149475097656,235.59934401774802,231.85777148652727,232.13714101756528,26127700
2025-09-08,233.84259033203125,238.07683308861866,233.41316529056112,235.4703704393718,23128800
2025-09-09,239.61474609375,240.26385887562813,233.06364109506634,233.87254064230376,22854800
2025-09-10,239.23526000976562,241.7518482694581,237.78722861695667,238.9256826709429,19990100
2025-09-11,240.45359802246094,242.24118003633055,236.25929457944994,239.814466214365,21308600
2025-09-12,241.0528106689453,242.09439613538615,238.17670967591036,240.47359503906435,14536600
2025-09-15,251.41871643066406,252.40737990294522,244.647908408399,244.80769517448368,29935200
2025-09-16,251.07919311523438,252.8867371843696,249.37650244973867,251.9879632483914,24493500
2025-09-17,249.51132202148438,251.60846622440926,246.24575040208808,251.11914019611262,20491300
2025-09-18,251.9879608154297,253.79550486711295,249.77096887410954,251.51859669572013,21166400
2025-09-19,254.89401245117188,256.3520400389092,251.7262999738622,253.05649509989235,41616800
2025-09-22,252.53721618652344,255.96255937363452,250.4700148378594,254.4346345672764,20079000
2025-09-23,251.9979248046875,254.4246386259506,250.74961930188456,253.31114463173284,17521100
2025-09-24,247.49404907226562,252.6170998362053,246.88487536497823,251.80818505392173,16958500
2025-09-25,246.2357635498047,246.9797487713338,241.3224195620241,244.5080977205706,17379800
2025-09-26,246.8449249267578,249.78094201324313,246.30566363488114,247.44911578332088,16594600
2025-09-29,244.02874755859375,251.30686237888438,242.8703163909686,247.93843370169824,23157200
2025-09-30,243.21986389160156,243.34469445044164,239.2462536416497,242.7305226152306,22541200
2025-10-01,245.2071533203125,246.81497150595618,238.87575111870152,240.8530628773219,23967700
2025-10-02,246.095947265625,247.29931566997493,242.7754574796697,245.30702484602278,20657500
2025-10-03,246.1159210205078,246.78301477995933,242.14132038642188,244.89757357559975,19941400
2025-10-06,251.1690673828125,251.85813451129658,245.3569644398831,245.44683878583177,18309000
2025-10-07,246.79501342773438,251.20902016873163,246.4754398821627,248.59256128820616,13811200
2025-10-08,245.1272735595703,246.9248213802435,244.75776475092104,245.86626070065884,14136500
2025-10-09,241.88168334960938,245.2221350767108,239.35509882598436,244.72781094114117,19375700
2025-10-10,237.16807556152344,244.5081031151831,236.3641588566611,241.83174330747613,22449100
2025-10-13,244.30836486816406,244.6578965026356,240.4236387702479,240.7032579825834,12465000
2025-10-14,245.8562774658203,247.68878148244653,240.85106287029097,241.42729180631787,17705400
2025-10-15,251.36878967285156,252.41735410672348,246.45544579491175,247.74870370781517,16048100
2025-10-16,251.53857421875,257.23082941743115,250.33020770413574,252.122772700916,18946000
2025-10-17,253.4459686279297,254.53450266096655,248.25302052802706,251.00928896640758,17653800
2025-10-20,256.6716003417969,257.5304504658622,254.25489770036705,254.88403337816922,13726800
2025-10-21,250.99929809570312,255.03383029849985,244.33834129177995,254.90400164086319,27836400
2025-10-22,252.18768310546875,256.8313737278801,250.1115065245809,254.66431708821446,19650200
2025-10-23,253.38604736328125,255.51316487878347,252.42536105056394,253.35608924938163,13241300
2025-10-24,260.1568603515625,262.15414913586386,255.75283492503297,256.95118990988885,18406000
2025-10-27,269.5640869140625,270.43290270240664,264.5808609008827,265.0002744998441,22987700
2025-10-28,268.0661315917969,271.0121450108063,266.80786026547077,269.83375183368696,20101200
2025-10-29,274.7969970703125,275.595900411786,268.0661129897522,268.24586167015235,26287900
2025-10-30,281.5178527832031,291.53425498576104,280.06983667597433,291.3245481932234,48570000
2025-10-31,281.43798828125,285.8969321261184,277.14681597378535,282.82109013084,29932800
2025-11-03,283.73486328125,285.552403539531,279.98994650105004,282.03718595995247,19691800
2025-11-04,277.6830749511719,281.4519764379777,276.4896875121595,276.6894285938104,18123700
2025-11-05,284.364013671875,286.31138258460743,277.5033310189176,279.00129772833924,20063200
2025-11-06,284.9532165527344,288.41851416951283,281.2382578122001,285.34767015683235,23103800
2025-11-07,279.32086181640625,284.114342933768,275.3662078945626,283.8247275130803,21991100
2025-11-10,290.1960754394531,291.0648911999438,283.1556445395653,284.8783122420256,19508200
2025-11-11,291.3445129394531,291.9437056858744,287.4897601121121,287.8093336403647,14156700
2025-11-12,287.0403747558594,291.96368471396846,283.9945212910052,291.68906357799153,16998800
2025-11-13,278.74163818359375,283.1257020133516,277.62316125903163,282.6013892882789,18060200
2025-11-14,276.60455322265625,278.77159463198814,271.04209627178807,271.5264242058176,18330500
2025-11-17,285.2128601074219,294.12075150639083,283.8447220914702,286.01176347439497,34286100
2025-11-18,284.57373046875,289.0426707373302,278.63181393182674,288.09394626423745,29702200
2025-11-19,292.59283447265625,303.8375809941279,287.28006903674975,287.2950328562193,43123600
2025-11-20,289.5869445800781,306.47402681961586,288.7780449689889,304.3269167525351,34801400
2025-11-21,299.2438049316406,303.5479600958327,293.9609672298312,296.46757456498995,43670600
2025-11-24,318.0382995605469,319.3664832709761,308.9805870747885,310.5884204886871,55311800
2025-11-25,323.2012939453125,328.2244741468647,317.385183737123,326.3569834859101,50899300
2025-11-26,319.8458251953125,324.549431756303,316.7700138722469,320.3451473921627,29839600
2025-11-28,319.6860656738281,326.43691210283106,316.51038354556886,322.99157646052373,19695800
2025-12-01,314.69281005859375,319.1967059348565,313.55437132058563,317.04462852930317,28520600
2025-12-02,315.59161376953125,318.16813356335206,313.79406591782276,316.4704257774636,24668200
2025-12-03,320.1853942871094,321.6034828847526,313.8539918226923,315.60161969536335,32285100
2025-12-04,317.95843505859375,322.6610363768029,315.16221218979575,322.6071239589011,20831600
2025-12-05,321.65338134765625,323.39101290641935,319.5462562253593,319.5662181425578,15719900
2025-12-08,314.2286376953125,321.00386331874694,311.6904173301635,320.8039919213927,22006900
2025-12-09,317.52630615234375,318.4846459049336,312.3999127582196,312.87958582006485,14151300
2025-12-10,320.7740173339844,321.6433999782248,315.1779536114936,316.3970959564073,22764500
2025-12-11,313.4791564941406,321.76329808879126,309.6618385878626,320.87394053769606,25912100
2025-12-12,310.3013916015625,315.9174608950193,306.7439001819645,314.5734065176645,21264800
2025-12-15,309.10223388671875,312.47985911330255,305.52473726955543,312.40489971781204,22028900
2025-12-16,307.51336669921875,311.625459948919,303.61608793224536,305.784573653889,21285200
2025-12-17,297.85015869140625,308.9773292372283,297.2406027790044,308.7924619197888,29120400
2025-12-18,303.5361633300781,305.0451100653827,300.41836465524796,302.846646642826,21040500
2025-12-19,308.3927307128906,308.77246808062773,302.1271556335122,303.05649361491436,45234400
2025-12-22,311.1108093261719,311.4805744617787,306.37415605916556,311.00590276398736,14091400
2025-12-23,315.457763671875,316.07732233157225,310.5312415592812,310.9159802898749,13961400
2025-12-24,315.4477844238281,316.0673430697277,313.0994327046168,315.9274269904115,6138200
2025-12-26,314.7382507324219,316.3371303864859,313.4991334861664,315.697596822516,6730900
2025-12-29,314.168701171875,314.7482794651283,311.6804332591459,312.5997990474494,12317700
2025-12-30,314.32855224609375,317.47635911952403,313.0294796129375,313.18937063635735,11052500
2025-12-31,313.5790710449219,315.16797851359684,311.9802218497337,313.1493810861174,10821500
