Price,Close,High,Low,Open,Volume
Ticker,HDFCBANK.NS,HDFCBANK.NS,HDFCBANK.NS,HDFCBANK.NS,HDFCBANK.NS
Date,,,,,
2000-01-03,6.877012252807617,6.877012252807617,6.715200354116378,6.715200354116378,665180
2000-01-04,7.030733585357666,7.421105237272964,6.917465638492307,7.362448952609126,3374200
2000-01-05,6.753629684448242,7.034777971686754,6.674746440872534,6.8770114845353385,3196400
2000-01-06,6.8082404136657715,6.877010550029256,6.686881712591294,6.796104234926402,1700520
2000-01-07,6.810263156890869,6.917464146948064,6.559454952985417,6.559454952985417,1702880
2000-01-10,6.711154460906982,7.261315647106451,6.67474668996261,6.994325841234341,2008680
2000-01-11,6.610021591186523,6.792060436431521,6.3511222002302645,6.735425700366468,2915680
2000-01-12,6.692950248718262,6.79408276938697,6.565523056633318,6.624180103800344,1719040
2000-01-13,6.678791522979736,6.8729657706647265,6.674746129705482,6.8729657706647265,965520
2000-01-14,6.692950248718262,6.796105080305187,6.634293201551236,6.796105080305187,1163040
2000-01-17,7.228951930999756,7.228951930999756,6.95993909235099,7.038822324261592,2748080
2000-01-18,6.703063488006592,7.228953069536146,6.65654262010627,7.228953069536146,5113040
2000-01-19,7.241088390350342,7.241088390350342,6.95791779289234,6.95791779289234,6996360
2000-01-20,7.224906921386719,7.4757151196591405,7.11972901606673,7.4757151196591405,5381960
2000-01-21,7.611232757568359,7.766976912261976,6.96196147070801,7.11972870764351,9446580
2000-01-24,8.112852096557617,8.220052336955568,7.807431408192874,8.042058858975189,8987320
2000-01-25,8.76212215423584,8.76212215423584,8.050149065335372,8.050149065335372,5805820
2000-01-26,8.76212215423584,8.76212215423584,8.76212215423584,8.76212215423584,0
2000-01-27,9.2920560836792,9.46398183846936,8.95022842825583,9.06147405101421,11271640
2000-01-28,9.219242095947266,9.425551784664211,9.061474819496665,9.30419305346836,9583300
2000-01-31,9.617703437805176,9.95750879994721,9.30823814326081,9.30823814326081,12747600
2000-02-01,9.747152328491211,9.87053413050425,9.506457200544078,9.54691036422408,7815580
2000-02-02,9.870534896850586,10.527896350053277,9.66826983432668,10.52587403892323,6876640
2000-02-03,9.140357971191406,10.113253207524012,9.081701688988558,9.870534976227438,5693740
2000-02-04,9.261714935302734,9.38509671408582,8.79852788011304,9.302168091366337,5314080
2000-02-07,9.979755401611328,10.004026986227482,9.304190252420232,9.50645525790763,7780700
2000-02-08,10.143592834472656,10.26697387010946,9.712768050533148,10.11325276753806,6104160
2000-02-09,10.214383125305176,10.55823380067101,9.955484156361388,10.315515631496316,6344660
2000-02-10,10.18404483795166,10.59868880279249,10.042459921896661,10.11325237992416,4201720
2000-02-11,9.389143943786621,10.477330209163362,9.37094082865953,10.319563705421972,5296460
2000-02-14,9.443754196166992,9.50645663471793,8.905729234512108,9.50645663471793,5050880
2000-02-15,9.207106590270996,9.506458817904774,9.105974049654987,9.46600564734236,3881740
2000-02-16,9.945369720458984,9.945369720458984,9.304190038185766,9.906939648069969,1412000
2000-02-17,10.129436492919922,10.424743351249873,10.038417044371617,10.424743351249873,4683200
2000-02-18,9.813899040222168,10.234609888198426,9.668267976286625,10.153704341685215,2375540
2000-02-21,9.552978515625,10.032346482971741,9.5105030389849,9.84019529676749,2209440
2000-02-22,8.80055046081543,9.708720717419121,8.790437364384077,9.548931170432446,3496120
2000-02-23,8.877410888671875,9.502409780949172,8.798527660684021,9.142378321279578,2690160
2000-02-24,9.182833671569824,9.304192394166101,8.717623434597567,8.980568619522735,1757840
2000-02-25,9.182833671569824,9.466004281487784,8.980568619522735,9.302170083140805,2530640
2000-02-28,9.205082893371582,9.30419311605959,8.89966298057874,9.298125410932977,1714420
2000-02-29,8.770211219787598,9.668267613322527,8.474904481520053,9.223284423675926,5173760
2000-03-01,9.47207260131836,9.47207260131836,8.818755815003641,8.818755815003641,641880
2000-03-02,10.23056411743164,10.23056411743164,10.113250046533572,10.113250046533572,798720
2000-03-03,11.049739837646484,11.049739837646484,11.049739837646484,11.049739837646484,1285880
2000-03-06,10.762520790100098,11.93363536067422,10.315515311769241,11.931613050108185,4072820
2000-03-07,10.444964408874512,10.83735900014323,10.315514933165971,10.72004493054503,3248240
2000-03-08,11.005241394042969,11.28234429787049,10.598688981028282,10.720047702996265,4009540
2000-03-09,10.90613079071045,11.326842452148611,10.153705352492059,10.928380068979957,2679580
2000-03-10,10.281131744384766,10.639140164981884,10.034368163300337,10.568347713808407,2936660
2000-03-13,10.920289993286133,11.104351151253272,10.11325213353489,10.11325213353489,4159640
2000-03-14,10.736226081848145,11.326839484616306,10.355967683107993,11.144800684267375,3564040
2000-03-15,10.511713981628418,10.922311750529815,9.991892910042555,10.922311750529815,1655720
2000-03-16,10.394396781921387,10.598684835613842,10.31753587656128,10.598684835613842,2649280
2000-03-17,10.394396781921387,10.394396781921387,10.394396781921387,10.394396781921387,0
2000-03-20,10.394396781921387,10.394396781921387,10.394396781921387,10.394396781921387,0
2000-03-21,10.347881317138672,10.517784012824421,9.97975893841622,10.517784012824421,3202220
2000-03-22,10.56430435180664,10.720048545912325,10.277088327161351,10.50767037997912,1522600
2000-03-23,11.343025207519531,11.409772277700633,10.446990908478156,10.446990908478156,5076880
2000-03-24,11.059849739074707,11.235820064716608,10.699818302994112,11.12861986668805,2343080
2000-03-27,10.991083145141602,11.245936775539517,10.77061420381533,11.124578050889072,1222620
2000-03-28,11.128622055053711,11.26616233732673,10.843428393312863,10.861632276895463,1967280
2000-03-29,10.736226081848145,11.64844085084628,10.64116128926818,11.165027646294872,1969600
2000-03-30,10.620939254760742,10.76050265697108,10.153707403061961,10.376198687529946,1907360
2000-03-31,10.40451431274414,10.517783023069056,10.194159238683532,10.23461163304675,1487200
2000-04-03,9.99796199798584,11.043671989967354,9.71479060477438,10.515760830414232,3371760
2000-04-04,9.199012756347656,9.830079384823435,9.199012756347656,9.830079384823435,1435660
2000-04-05,8.464789390563965,9.385095697943395,8.464789390563965,9.385095697943395,1745620
2000-04-06,7.849243640899658,8.642117809832476,7.849243640899658,8.438294283916852,1670120
2000-04-07,8.477021217346191,8.477021217346191,7.543509013573834,7.9491182078278975,3218580
2000-04-10,9.155753135681152,9.155753135681152,8.966197956897602,9.151677349062243,3121120
2000-04-11,9.220977783203125,9.575630326292586,8.519824270614517,9.155753531603482,5918660
2000-04-12,9.498178482055664,9.90582564055634,9.090531323554988,9.702002061306002,2618020
2000-04-13,9.434991836547852,9.538941499653276,8.764412204525785,9.335117960013141,3826320
2000-04-14,9.434991836547852,9.434991836547852,9.434991836547852,9.434991836547852,0
2000-04-17,8.680845260620117,9.172059998317915,8.680845260620117,9.172059998317915,2566580
2000-04-18,9.053842544555664,9.167984022887746,8.725687252210696,8.725687252210696,2737960
2000-04-19,9.231169700622559,9.457413988430398,8.927472238266716,9.335119379534833,2819060
2000-04-20,9.200594902038574,9.253589460334243,8.776642323298907,9.090529998678464,3587940
2000-04-21,9.200594902038574,9.200594902038574,9.200594902038574,9.200594902038574,0
2000-04-24,9.461488723754883,9.616395055629424,9.151677615056064,9.172059658843441,3972720
2000-04-25,9.41461181640625,9.579709212531334,8.968238411731463,9.2984324264563,5120320
2000-04-26,10.160601615905762,10.168754742874379,9.426837294279913,9.77945187166025,3779560
2000-04-27,10.007736206054688,10.395001270270921,9.502253884646493,10.382771577102723,5115360
2000-04-28,9.993470191955566,10.170797271934164,9.785570040533443,9.86709978610006,3344980
2000-05-01,9.993470191955566,9.993470191955566,9.993470191955566,9.993470191955566,0
2000-05-02,10.240096092224121,10.354236789274868,9.783530971445579,10.068884269122817,5077460
2000-05-03,10.036272048950195,10.187101042111681,9.477795174005271,9.905824322466419,4457840
2000-05-04,10.223790168762207,10.476531735909791,10.032196294208136,10.390925432793999,3444900
2000-05-05,10.592710494995117,11.006472066463372,10.079075038590473,10.130030927787063,5688380
2000-05-08,10.617171287536621,11.210297928661134,10.435768409095067,10.802650731255275,2764400
2000-05-09,10.655893325805664,10.80060861523225,10.31346975164209,10.43576432957195,2285760
2000-05-10,10.706851959228516,10.80264928661601,10.272708311867577,10.598825715170426,3749540
2000-05-11,10.835261344909668,11.04316148718807,10.356276248966697,10.399079013620275,4862760
2000-05-12,10.684432029724121,11.063544024968712,10.602903061649924,11.063544024968712,2593960
2000-05-15,10.480607986450195,10.680355776710314,10.231943750507929,10.519334963808394,3306260
2000-05-16,10.445958137512207,10.670163757258475,10.395002244158489,10.47653198453453,2148140
2000-05-17,10.519333839416504,10.639589768441505,10.399077910391503,10.598824901775798,1602860
2000-05-18,10.4378023147583,10.558058223145084,10.394999561991401,10.399076125710872,977420
2000-05-19,10.425575256347656,10.619207013566443,10.27474548198732,10.27474548198732,4338100
2000-05-22,10.144299507141113,10.513220460930992,9.916017318910896,10.43576728406663,2203000
2000-05-23,9.5287504196167,10.068883107353674,8.929509496666416,10.068883107353674,4078200
2000-05-24,9.869136810302734,10.291052312281765,8.972313575713661,9.375884147907525,6396820
2000-05-25,9.522637367248535,10.089266638758629,9.379960713821653,9.885443070298859,3152620
2000-05-26,9.386075019836426,9.61843375970795,9.176136996535874,9.420725430225708,2774700
2000-05-29,9.157792091369629,9.437030134957041,8.642118762750695,9.296392166476913,2823020
2000-05-30,9.123141288757324,9.355500776980954,8.805177064654115,9.253589007199135,2934900
2000-05-31,9.388111114501953,9.759069839077183,9.172057914821606,9.41664628138851,3053380
2000-06-01,9.34531021118164,9.45741379475481,9.212825359497751,9.253590228294795,1871460
2000-06-02,9.966972351074219,10.068884130624976,9.457413453320427,9.457413453320427,4436940
2000-06-05,10.070920944213867,10.741500568358564,9.95270369692435,10.032194752046198,3142220
2000-06-06,9.971047401428223,10.39500074625213,9.661236298703203,10.39500074625213,1835860
2000-06-07,9.76314640045166,9.799834694305005,9.538940073845108,9.70199872567943,1600040
2000-06-08,9.797798156738281,9.983277559363833,9.661236749074757,9.783530570192095,1273240
2000-06-09,9.99754810333252,10.191180691985318,9.86506322085194,9.86506322085194,2164220
2000-06-12,9.960856437683105,10.150412396949015,9.909900551375605,10.048500624334014,1282880
2000-06-13,10.337930679321289,10.395001024372545,9.742765510475515,9.783530375880042,2280280
2000-06-14,10.203405380249023,10.558057858830061,10.150410831249557,10.558057858830061,1414600
2000-06-15,10.227865219116211,10.313470732032185,10.091303044075133,10.233979676460182,1270040
2000-06-16,10.231942176818848,10.31143323544894,9.905824036317675,9.905824036317675,1116260
2000-06-19,10.258440017700195,10.313471693978977,9.993468771045956,9.997545335497191,1483700
2000-06-20,10.378694534301758,10.545830556462285,10.048500609232429,10.390924226906222,2015080
2000-06-21,10.44391918182373,10.721118560357743,10.317548019339311,10.51729500767014,3678280
2000-06-22,10.480607986450195,10.680355776710314,10.435767328097628,10.521372857473184,1301480
2000-06-23,10.492837905883789,10.558061389908259,10.35831437289266,10.35831437289266,1515620
2000-06-26,10.401115417480469,10.494874840586375,10.360351329854137,10.368503680864324,1320820
2000-06-27,10.268632888793945,10.395003299432908,10.231944579652746,10.395003299432908,1486640
2000-06-28,10.209524154663086,10.598827199545374,10.113726813859088,10.598827199545374,1207660
2000-06-29,10.500988960266113,10.558059303126356,10.231941947460527,10.252323990617725,1548080
2000-06-30,10.286974906921387,10.423536313398952,10.272707320499107,10.395001140554395,769000
2000-07-03,10.951438903808594,11.332588712615589,10.274744801290511,10.317547558838465,4008680
2000-07-04,11.367239952087402,11.448768908981188,10.843413468887302,10.924942425781088,6268580
2000-07-05,11.332590103149414,11.609790280849436,11.05742859654951,11.609790280849436,4385420
2000-07-06,11.24902057647705,11.410041355156723,11.116535745716305,11.33258819442693,1914660
2000-07-07,11.487496376037598,11.61794333468973,11.212334093700877,11.2918259380594,4243960
2000-07-10,11.23883056640625,11.53641276660803,11.128765661391844,11.414118946053234,2883340
2000-07-11,11.204182624816895,11.414120666845431,11.169532211336547,11.373355794673072,1836820
2000-07-12,10.920867919921875,11.361126826874115,10.63959115845856,11.210297033763274,3658300
2000-07-13,10.837297439575195,11.25717421928378,10.68646845273117,11.165453469162351,4119320
2000-07-14,10.835261344909668,11.006473181049222,10.765961297483534,10.804687497285546,1551100
2000-07-17,10.36850357055664,10.772074098459878,10.354235984534187,10.765959640886006,2251520
2000-07-18,10.20136833190918,10.41130711321441,10.1911773101041,10.364427013365821,2852240
2000-07-19,10.242133140563965,10.311433176994159,10.109647525248114,10.109647525248114,1388080
2000-07-20,10.123916625976562,10.517296189053035,9.991431768363002,10.19117877913094,1976220
2000-07-21,9.8487548828125,10.18506408577776,9.787607967052967,10.130031628336615,2296240
2000-07-24,9.42480182647705,9.70200121701372,9.176136832623005,9.58174528461998,4279640
2000-07-25,9.891557693481445,10.138184806349312,9.074225512440247,9.212825603505996,2046620
2000-07-26,9.98735237121582,10.272705607117707,9.885440612325862,10.150411029934748,1215260
2000-07-27,9.966972351074219,10.019966134329536,9.824295704198121,9.920092248258717,618840
2000-07-28,9.583784103393555,10.011813278159533,9.538942670361335,9.867098733860342,2598880
2000-07-31,9.49410343170166,9.620473842939688,9.375885373347305,9.579708968420073,492860
2000-08-01,9.271933555603027,9.616395072370205,9.220977668520746,9.616395072370205,1462000
2000-08-02,9.13129711151123,9.371809021371275,8.886708636353942,9.31473866226053,2341600
2000-08-03,10.291049003601074,10.513216652864564,9.133331444919305,9.163904503839534,5908060
2000-08-04,10.180986404418945,10.354236109656677,9.875251081628738,9.987353877813455,5677640
2000-08-07,9.587859153747559,10.191176623237183,9.367729365473602,10.111685569979944,2988300
2000-08-08,10.315509796142578,10.513218884736952,9.41664798862736,9.461488640068001,3933440
2000-08-09,9.948627471923828,10.395000753795413,9.865059849906086,10.362389017825686,1274620
2000-08-10,9.932321548461914,10.150412685863605,9.834486337269812,9.865060180934593,878980
2000-08-11,9.873212814331055,9.962895676965031,9.581745065820963,9.581745065820963,1013240
2000-08-14,9.926206588745117,9.96697145239486,9.83448583991447,9.869135468625434,1103500
2000-08-15,9.926206588745117,9.926206588745117,9.926206588745117,9.926206588745117,0
2000-08-16,10.028120040893555,10.089266957860389,9.946590299920953,10.028120040893555,619500
2000-08-17,10.066845893859863,10.395001962572561,9.975125132802711,9.975125132802711,2365400
2000-08-18,9.765186309814453,9.946589146032737,9.661236640782397,9.946589146032737,4924620
2000-08-21,9.587859153747559,9.701999834311769,9.225052737243267,9.583782589795256,5602380
2000-08-22,9.396265983581543,9.506330894679552,9.33511906992438,9.506330894679552,2223540
2000-08-23,9.490026473999023,9.905825999831174,9.416649858403563,9.905825999831174,2151480
2000-08-24,9.439067840576172,9.530787805951944,9.40441743658028,9.498176072645546,781340
2000-08-25,9.734610557556152,10.05665207862146,9.379958083308907,9.379958083308907,4625440
2000-08-28,9.587859153747559,9.865059282303623,9.577668132629336,9.865059282303623,858460
2000-08-29,9.5695161819458,9.669389289725657,9.416648513791795,9.538942337304933,1872900
2000-08-30,9.616395950317383,9.775378083720636,9.5797076460666,9.661237383851716,2226340
2000-08-31,9.757035255432129,9.78353254043623,9.555250332199805,9.555250332199805,876820
2000-09-01,9.757035255432129,9.757035255432129,9.757035255432129,9.757035255432129,0
2000-09-04,9.720343589782715,9.905822965715043,9.661235358680134,9.783529162197588,963600
2000-09-05,9.752958297729492,9.987355733087577,9.66123830587442,9.665314093379967,1739380
2000-09-06,9.887478828430176,10.150411361562636,9.783529173077248,9.783529173077248,2183900
2000-09-07,9.787605285644531,9.987352237083194,9.736649406883902,9.736649406883902,1395100
2000-09-08,9.724422454833984,9.944552286288708,9.706078302212756,9.706078302212756,1329520
2000-09-11,9.787605285644531,9.865058439067688,9.742763863527177,9.742763863527177,1347320
2000-09-12,9.630664825439453,9.77334149687695,9.600090975300951,9.74684421192527,1861700
2000-09-13,9.614356994628906,9.722384010625142,9.583783927008417,9.702001188019635,946040
2000-09-14,9.477798461914062,9.63066617904171,9.457416410640542,9.500219184830184,1849500
2000-09-15,9.280084609985352,9.420723336298213,9.110911492822447,9.420723336298213,3678120
2000-09-18,8.534093856811523,9.172061938221582,8.030650096919693,9.172061938221582,8188720
2000-09-19,9.390151023864746,9.579706990343773,8.073451058180979,8.417912582818328,6782700
2000-09-20,9.174098014831543,9.62047210502051,8.972313127575717,9.538942370709464,2684660
2000-09-21,9.133334159851074,9.223016247877164,8.97231335808872,9.172060357004915,1577580
2000-09-22,8.84186840057373,9.086456887555059,8.76441521123248,8.970276714780502,2826480
2000-09-25,9.123141288757324,9.141485438419055,8.786832914992385,8.968235740800004,1365780
2000-09-26,9.064035415649414,9.13129679692334,8.97842910240724,9.049767826363269,1821640
2000-09-27,9.2393217086792,9.269894774048531,8.886706290056955,8.968236019425417,1232820
2000-09-28,9.127216339111328,9.292313658685673,8.968234253426752,9.269892948648112,2462080
2000-09-29,9.549134254455566,9.803913725252409,9.078302290039156,9.294354783658724,3224960
2000-10-02,9.549134254455566,9.549134254455566,9.549134254455566,9.549134254455566,0
2000-10-03,9.754995346069336,9.783530519012432,9.37588341405358,9.538942100532092,2031680
2000-10-04,9.624547958374023,9.783530073256404,9.45945060847878,9.783530073256404,1076860
2000-10-05,9.565439224243164,9.681618585061896,9.459450885377365,9.620471675819164,1068040
2000-10-06,9.962894439697266,10.10964685369366,9.0497651116722,9.587859110550804,8331960
2000-10-09,9.911941528320312,10.028120913929301,9.70200269917268,9.789646906214593,3405360
2000-10-10,9.744802474975586,9.983275612916648,9.6000871892543,9.701998946157318,3195220
2000-10-11,9.64696979522705,9.742766342959248,9.345310231972922,9.616395949179948,3054000
2000-10-12,9.638816833496094,9.681619596685916,9.502254636977096,9.581745705051114,1070640
2000-10-13,9.638816833496094,9.6918106197037,9.420725675309608,9.498178072264938,1717300
2000-10-16,9.655123710632324,9.966974347231314,9.40034421072892,9.824297671780343,3345360
2000-10-17,9.69180965423584,9.783530407309392,9.549133013624216,9.561362706542402,2013840
2000-10-18,9.704039573669434,9.777416177841062,9.467604281074832,9.620471947257338,1748820
2000-10-19,9.86098575592041,9.94659129271342,9.702002822907904,9.74276769746304,2330000
2000-10-20,9.975123405456543,10.068882821370861,9.905823373272085,9.987353097321474,1966900
2000-10-23,9.90990161895752,10.064807965434264,9.885443008602056,9.987354792195891,981080
2000-10-24,9.916014671325684,9.94658773315696,9.803911112035902,9.824293930781785,1817240
2000-10-25,9.84060287475586,9.946591236995376,9.789646976228706,9.946591236995376,968560
2000-10-26,9.838562965393066,9.987354065307901,9.795760206004925,9.987354065307901,265520
2000-10-27,9.783530235290527,9.899709594632592,9.663274311714076,9.824295100109262,315420
2000-10-30,10.064807891845703,10.150413416226524,9.704040087258244,9.704040087258244,1451960
2000-10-31,10.213597297668457,10.390923552536574,9.905823329394124,10.191176584777935,2537880
2000-11-01,10.07499885559082,10.372581073159317,9.987354660652466,10.372581073159317,901740
2000-11-02,10.270666122436523,10.313468871171604,10.009772289165607,10.009772289165607,2180520
2000-11-03,10.113726615905762,10.313473646684558,10.068885953502564,10.313473646684558,1172820
2000-11-06,10.191178321838379,10.313472150690359,10.068884492986399,10.068884492986399,6828940
2000-11-07,10.14022159576416,10.187100918883772,10.093342272644549,10.109647752304566,1001480
2000-11-08,9.942514419555664,10.18914155308907,9.905826111344918,10.18914155308907,622380
2000-11-09,9.98531436920166,10.019963993634184,9.77945218307605,9.865058463922592,927460
2000-11-10,9.993470191955566,10.068885478738533,9.946590860388609,9.966973685542902,1017820
2000-11-13,9.797798156738281,9.9465892575236,9.783530570192095,9.814104414234007,758700
2000-11-14,9.612318992614746,9.80391285779247,9.477795475037798,9.783530812942242,1923120
2000-11-15,9.797798156738281,9.9465892575236,9.681618793419261,9.779454005818165,3576540
2000-11-16,9.48187255859375,9.828372782692822,9.341234575367604,9.783531348537291,6772260
2000-11-17,9.365690231323242,9.457410964284563,9.11498741291228,9.396263290627036,4549040
2000-11-20,9.32084846496582,9.375880902697691,9.151675366034462,9.335116047615756,1688420
2000-11-21,9.159829139709473,9.335117499557896,9.114988491917478,9.294352638135578,3451140
2000-11-22,9.135371208190918,9.37180648886269,9.04976569265766,9.37180648886269,3089020
2000-11-23,8.839827537536621,9.15167811157361,8.725686842094477,9.092569092848116,4064840
2000-11-24,9.119062423706055,9.174094076588148,8.892818246763623,8.927467863580114,3390040
2000-11-27,9.202634811401367,9.233207881432373,9.100723022914199,9.157793375658937,3358520
2000-11-28,9.03549861907959,9.243397962170437,8.968236472325074,9.20874833083035,3691140
2000-11-29,9.051802635192871,9.759070509581601,8.933585396037067,9.759070509581601,3114600
2000-11-30,9.015116691589355,9.212825809521231,8.9070904448968,9.125181609460208,2444480
2000-12-01,8.815369606018066,8.978428310277517,8.560590137636042,8.978428310277517,7303660
2000-12-04,8.81944465637207,8.923394319510974,8.764412207348498,8.764412207348498,2176400
2000-12-05,8.72976303100586,8.882630693703625,8.682882930223087,8.882630693703625,4543480
2000-12-06,8.966198921203613,9.371807378092168,8.88670707813369,8.88670707813369,4733020
2000-12-07,8.896895408630371,8.968233317188965,8.86632157494818,8.937659483506774,1620300
2000-12-08,8.933588027954102,9.029384583374013,8.888746590826527,8.92747279173881,3503620
2000-12-11,9.074224472045898,9.155753424926532,8.968236133528455,9.009000998731338,3172700
2000-12-12,9.318815231323242,9.45537666997209,9.172061990664504,9.172061990664504,9136860
2000-12-13,9.55932331085205,9.94658752876561,9.33919353807012,9.355499792731752,9930900
2000-12-14,9.34531021118164,9.661237361214827,9.294354319566636,9.57970762362074,3493500
2000-12-15,8.958044052124023,9.45741184236661,8.919317084875287,9.45741184236661,4491360
2000-12-18,8.850019454956055,8.964160939466117,8.684922853060097,8.684922853060097,2768860
2000-12-19,8.766451835632324,8.929511321688675,8.72568774164349,8.864287838276237,5264760
2000-12-20,8.966198921203613,9.045689986748345,8.784795296148095,8.845942987359605,3553020
2000-12-21,8.872438430786133,8.98861778616668,8.764412203596349,8.845941930453796,2755400
2000-12-22,8.815369606018066,8.968237287047282,8.790910994760457,8.964160722250142,2122180
2000-12-25,8.815369606018066,8.815369606018066,8.815369606018066,8.815369606018066,0
2000-12-26,8.778680801391602,8.927471909166437,8.658424868049586,8.770527672260743,3800920
2000-12-27,8.896895408630371,8.968233317188965,8.784791870145598,8.784791870145598,1422820
2000-12-28,8.97027587890625,9.170023681887814,8.915244193674415,8.915244193674415,3506960
2000-12-29,9.082377433776855,9.161868491823654,8.968235968810228,9.00900083326439,3605400
2001-01-01,9.059959411621094,9.202636090844527,9.049768386860567,9.167985673628314,2007180
2001-01-02,9.13129711151123,9.172061986958333,8.927473511801045,9.084417776880928,3573620
2001-01-03,9.206710815429688,9.579708343284596,9.17206117974057,9.25359092345948,8415080
2001-01-04,9.186328887939453,9.371808318667346,9.157793710523665,9.308622727585766,4250540
2001-01-05,9.318815231323242,9.375885590457049,9.159832294767833,9.190406145746847,3236880
2001-01-08,9.381999015808105,9.457414299239316,9.25359072190679,9.25359072190679,5192260
2001-01-09,9.610282897949219,9.70200289446815,9.343273706292697,9.404420629813758,5399700
2001-01-10,9.188365936279297,9.781492431099446,9.135371378274328,9.726459979721271,6518560
2001-01-11,9.331040382385254,9.457411523053851,9.212823146547715,9.294352087033083,3798000
2001-01-12,9.673467636108398,9.74276768953817,9.375885373890977,9.43703229691129,7893520
2001-01-15,10.150413513183594,10.268631555629417,9.742766377894894,9.775378117616983,9799160
2001-01-16,10.191178321838379,10.256401800896128,10.030157517747284,10.191178321838379,5726300
2001-01-17,10.15652847290039,10.23194297317216,9.995507672231458,10.150413237320118,4166160
2001-01-18,10.187101364135742,10.211559973457359,10.028119237257478,10.18914003513556,3389020
2001-01-19,10.262516975402832,10.354237742206509,10.032196889071132,10.187102468264367,6125080
2001-01-22,10.111686706542969,10.578442834957073,10.024042515529834,10.313471590949835,5107020
2001-01-23,10.176911354064941,10.313472778680744,10.119841000795681,10.119841000795681,2148120
2001-01-24,10.166719436645508,10.23194291393949,10.048501398096928,10.150413178559422,2142100
2001-01-25,10.174871444702148,10.395001256282558,10.109647969609838,10.170795657843389,2559860
2001-01-26,10.174871444702148,10.174871444702148,10.174871444702148,10.174871444702148,0
2001-01-29,9.999582290649414,10.191176121830821,9.905822879409545,10.109646401846161,3282160
2001-01-30,10.166719436645508,10.211560091331883,9.887480598360144,9.987354485324467,2454700
2001-01-31,10.35015869140625,10.395000117190389,10.028117915618093,10.028117915618093,3481040
2001-02-01,10.240096092224121,10.397039550668898,10.130031182189315,10.354236789274868,1884860
2001-02-02,10.282898902893066,10.337931358174181,10.130031230731698,10.215636753929974,1685260
2001-02-05,10.761882781982422,11.104306392195396,10.2319418877374,10.272706751338964,10560940
2001-02-06,10.57844066619873,10.802646220134928,10.47856680242988,10.721116503689947,2046400
2001-02-07,10.244170188903809,10.741500095506638,10.191176413663781,10.598823470210332,2288320
2001-02-08,10.529523849487305,10.558059020152635,10.191176810480359,10.264553407919832,2494420
2001-02-09,11.094120979309082,11.373359153232233,10.594752897165874,10.594752897165874,15991040
2001-02-12,10.700735092163086,11.165452481643296,10.639588189998591,11.124688398550331,4402060
2001-02-13,10.566214561462402,10.823031933630904,10.496914512222448,10.721120142250102,3622020
2001-02-14,10.782266616821289,10.831183835724671,10.472454712840895,10.598825102120669,5282120
2001-02-15,10.64570426940918,10.843413368146983,10.59882494468762,10.843413368146983,1878960
2001-02-16,10.34608268737793,11.004433414650645,10.280859215903096,10.759845007857468,4477960
2001-02-19,10.468378067016602,10.753730581803245,10.333854549789644,10.639589886898655,3579220
2001-02-20,10.223790168762207,10.496913781757488,10.195254993565348,10.435766866689185,2885340
2001-02-21,10.203405380249023,10.35423434503981,9.742763803669053,10.3460812178822,4237540
2001-02-22,10.252326965332031,10.435768517072848,10.162644860883928,10.195256605912814,4735480
2001-02-23,10.085188865661621,10.313471017276344,9.94658879351426,10.31143312394702,5395320
2001-02-26,10.191178321838379,10.231943190630773,9.785569082518123,10.068884492986399,1656760
2001-02-27,10.207484245300293,10.272707722217055,10.072959949443652,10.191177987308516,3106380
2001-02-28,10.458187103271484,10.965707330304715,10.19117796078973,10.802648638437114,8807820
2001-03-01,10.80061149597168,11.198066842059218,10.56213751079393,10.680355556571412,6688000
2001-03-02,10.786341667175293,11.088001199087751,10.7333478873948,10.965706605130643,6168800
2001-03-05,10.486721992492676,10.884178077679454,10.40111569563276,10.721118612712974,4162800
2001-03-06,10.486721992492676,10.486721992492676,10.486721992492676,10.486721992492676,0
2001-03-07,10.492837905883789,10.598826261804868,10.195255662831483,10.435767551743693,2432700
2001-03-08,10.690545082092285,10.761883011774431,10.435765651048738,10.435765651048738,1809940
2001-03-09,10.299203872680664,10.51729501194299,10.193215531937035,10.51729501194299,2856760
2001-03-12,10.19933032989502,10.313471016936056,10.152451008071006,10.231942065838904,1830840
2001-03-13,9.015116691589355,10.152452621204354,8.583010927293893,10.152452621204354,5029780
2001-03-14,9.942514419555664,10.109649700282265,8.96823791324324,8.96823791324324,2948680
2001-03-15,9.879327774047852,10.185063100803777,9.581744798419642,10.185063100803777,3428160
2001-03-16,9.477798461914062,9.987357519006217,9.131298147586314,9.785571790286541,2215020
2001-03-19,9.573591232299805,9.661235410382188,9.131293778078815,9.212823499210117,914540
2001-03-20,9.353461265563965,9.579705498550764,9.26377919612484,9.543017202524526,1399640
2001-03-21,9.626585006713867,9.865058935630316,9.212823499158675,9.212823499158675,1922000
2001-03-22,9.490026473999023,9.68162036553418,9.424802988475342,9.640855492700558,472500
2001-03-23,9.357540130615234,9.579707854512382,9.172060711767175,9.47779606882608,723580
2001-03-26,9.271933555603027,9.416648088310676,9.090529944468994,9.090529944468994,343540
2001-03-27,9.261744499206543,9.373848106009262,9.21486516250966,9.29435624549678,2381400
2001-03-28,9.32084846496582,9.534862982239801,9.294351192533822,9.339192610876443,610000
2001-03-29,9.355501174926758,9.416648083891776,9.29435348843661,9.331041789320645,2361900
2001-03-30,9.30862045288086,9.416647454946485,9.214861813561704,9.335117730088474,1237980
2001-04-02,9.096644401550293,9.220976879800245,8.764411828484446,9.220976879800245,1614840
2001-04-03,9.174098014831543,9.212824988515617,8.931548260420193,9.01307799473124,1723720
2001-04-04,9.210789680480957,9.251554562520193,8.974354297683933,9.07422821980379,635980
2001-04-05,9.210789680480957,9.210789680480957,9.210789680480957,9.210789680480957,0
2001-04-06,9.290279388427734,9.396266968530025,9.172061335776704,9.172061335776704,901400
2001-04-09,9.188365936279297,9.26378043149007,9.049765861147257,9.257665196320184,1037000
2001-04-10,9.212823867797852,9.29027702821884,9.172059005601275,9.192441047937026,1732660
2001-04-11,9.39830207824707,9.477793121962762,9.172057859963964,9.196516463216874,1868340
2001-04-12,9.432951927185059,9.579705105265205,9.135369784989201,9.296390546768809,2090400
2001-04-13,9.432951927185059,9.432951927185059,9.432951927185059,9.432951927185059,0
2001-04-16,9.606205940246582,9.860985425779669,9.33512019442724,9.577670762270921,1962580
2001-04-17,10.017927169799805,10.109647139569262,9.579706253573125,9.620471116540157,2617100
2001-04-18,9.99754810333252,10.187104126405478,9.905827321599576,10.068886834691646,2258380
2001-04-19,9.767224311828613,10.191177676378011,9.620471882005873,10.028118989060994,4675760
2001-04-20,10.0159273147583,10.071423004996682,9.662399562456018,10.071423004996682,3066020
2001-04-23,10.003595352172852,10.06731280468346,9.917269239806911,9.989207666778528,1226440
2001-04-24,9.775446891784668,9.93987813294408,9.707618563767031,9.872049804926444,2584580
2001-04-25,9.75078010559082,9.824774348656423,9.703506180092214,9.742559132860107,544900
2001-04-26,9.779555320739746,9.863826359725806,9.711727009715212,9.800108926709104,439180
2001-04-27,9.555517196655273,9.701449831982115,9.043724273461843,9.680895442736926,1031440
2001-04-30,9.4712495803833,9.697342455219525,9.290374810072283,9.290374810072283,1325140
2001-05-01,9.4712495803833,9.4712495803833,9.4712495803833,9.4712495803833,0
2001-05-02,9.70145320892334,9.779558347102817,9.064281033787687,9.064281033787687,1119800
2001-05-03,9.592516899108887,9.865884491583472,9.463027729687292,9.824776482721196,879580
2001-05-04,9.545243263244629,9.650068728340454,9.50208020541462,9.650068728340454,996520
2001-05-07,9.761059761047363,9.783668420932758,9.539076984833956,9.617182122842753,1189340
2001-05-08,9.578129768371582,9.742561813344393,9.54113263665971,9.701453802101192,849800
2001-05-09,9.767224311828613,9.865883048222445,9.495912590728091,9.63979020866199,1463720
2001-05-10,9.7178955078125,10.059090632106779,9.678843332502497,9.865884018999903,2145420
2001-05-11,9.604849815368652,9.783668757421747,9.578129491223223,9.783668757421747,603620
2001-05-14,9.754894256591797,9.906993672150062,9.557576731600113,9.742562401323658,1570720
2001-05-15,9.89671516418457,9.985097104080252,9.290374222133977,9.541131573030315,1459080
2001-05-16,9.687066078186035,10.034427164499464,9.619237742287442,9.906993035803131,2480020
2001-05-17,9.63568115234375,10.00770672750936,9.539077444990427,9.855608107495712,2546400
2001-05-18,9.685009002685547,9.865883757784529,9.623347386013393,9.783667746174993,1689200
2001-05-21,9.75078010559082,10.02620268585174,9.580182964362798,9.865882348589523,3246280
2001-05-22,9.693230628967285,9.976875002689567,9.660344381584265,9.810387934273665,1771860
2001-05-23,9.75694751739502,9.824775055706512,9.73433807660121,9.824775055706512,1307940
2001-05-24,9.7178955078125,9.820665133010415,9.680898380015648,9.79600064250252,375880
2001-05-25,9.485637664794922,9.75489360784442,9.454806460534705,9.75489360784442,2491600
2001-05-28,9.633625984191895,9.660346310547943,9.434253412652538,9.454807027344796,1934360
2001-05-29,9.664456367492676,9.70145349804501,9.537022242295787,9.619237478135362,2833540
2001-05-30,9.460972785949707,9.678844704518738,9.376701712704444,9.660346137998065,3596640
2001-05-31,9.450695037841797,9.512356658748079,9.35409133517759,9.512356658748079,1559200
2001-06-01,9.475358963012695,9.537021364303236,9.419864056363213,9.512356090159019,809540
2001-06-04,9.549354553222656,9.584296637780223,9.42603130152914,9.51646830049971,1626440
2001-06-05,9.53291130065918,9.57812940565122,9.454806160661919,9.454806160661919,1624140
2001-06-06,9.623347282409668,9.648011771998997,9.557574787458137,9.578128398104244,923980
2001-06-07,9.456859588623047,9.57812776518976,9.352034926742638,9.57812776518976,2484020
2001-06-08,9.51646614074707,9.55757414333886,9.39314291704164,9.495912531486143,2238760
2001-06-11,9.481524467468262,9.532909272627208,9.372588147363762,9.475357757681655,752040
2001-06-12,9.364368438720703,9.495913432236392,9.043726928973705,9.495913432236392,1521240
2001-06-13,9.343816757202148,9.413700153312623,9.253379743911632,9.393146536132582,1491480
2001-06-14,8.953289985656738,9.36847936351123,8.883406609501625,9.36847936351123,2216720
2001-06-15,8.805301666259766,9.039616290196575,8.386001400230722,8.881350970644338,3674360
2001-06-18,8.157851219177246,8.838186307937098,8.102355536643673,8.838186307937098,2641200
2001-06-19,8.396278381347656,8.570987221207782,8.18046231711578,8.221570325557575,6105640
2001-06-20,8.766249656677246,8.79708007489776,8.459995817638516,8.505214705245992,2591140
2001-06-21,9.078668594360352,9.208158545653411,8.834077161091276,8.834077161091276,2578140
2001-06-22,8.996453285217285,9.310928094457145,8.940957592280245,9.047838098966022,2128500
2001-06-25,8.669644355773926,9.002617672382724,8.618259550812757,8.982064064026218,1360940
2001-06-26,8.877240180969238,8.959456196965712,8.550432732691808,8.591540740690046,1544860
2001-06-27,8.77652645111084,8.920404088159223,8.755972054921045,8.817634459420384,1091260
2001-06-28,8.848464012145996,8.887516969051877,8.755971198513606,8.805300960474202,588060
2001-06-29,8.616205215454102,8.875185116500825,8.544266789646699,8.838187987779865,1528000
2001-07-02,8.741582870483398,8.817632947238344,8.714863336124004,8.797078554573531,373120
2001-07-03,8.515491485595703,8.797080048323338,8.49082699427979,8.71075393668262,14009280
2001-07-04,8.326394081115723,8.548376831702702,8.203070853502929,8.548376831702702,1048980
2001-07-05,8.377779960632324,8.447663340962542,8.30378648505038,8.42710972842368,806980
2001-07-06,8.386000633239746,8.459994883309061,8.30789550438103,8.30789550438103,282340
2001-07-09,8.416831016540527,8.468215820323962,8.2215686053495,8.262676605190224,215820
2001-07-10,8.550435066223145,8.591543085440325,8.349006634536233,8.509327831076215,426740
2001-07-11,8.673757553100586,8.714865564873312,8.591541529555133,8.591541529555133,510800
2001-07-12,8.856684684753418,8.920402122798361,8.634701959231585,8.684031715148615,851240
2001-07-13,8.903961181640625,9.136220778053149,8.838188677464174,8.961511926777495,1248020
2001-07-16,9.002620697021484,9.15677516369675,8.961512682427381,8.961512682427381,4856080
2001-07-17,9.088946342468262,9.146497084456808,9.045782501906798,9.056060092179084,600100
2001-07-18,9.341760635375977,9.413699071307802,9.045783563953279,9.045783563953279,1407100
2001-07-19,9.222545623779297,9.327371076901118,9.125942712633096,9.208157939479438,1160260
2001-07-20,9.249266624450684,9.331482641407153,9.234878939093807,9.290374632928918,2313240
2001-07-23,9.008787155151367,9.204048846851625,8.967679141714944,9.204048846851625,20840
2001-07-24,9.327369689941406,9.3684776892869,8.840241191412588,8.953288385630165,1453360
2001-07-25,9.528800964355469,9.574019855994724,9.251322471210193,9.280098628479792,2523140
2001-07-26,9.428084373474121,9.53290982110871,9.228711851153932,9.228711851153932,4444020
2001-07-27,9.55346393585205,9.61923643099179,9.376700061137754,9.454805193142441,3262240
2001-07-30,9.549354553222656,9.596628492507508,9.42603130152914,9.42603130152914,1079980
2001-07-31,9.627455711364746,9.693228189578544,9.50824260455862,9.576070913755855,2563380
2001-08-01,9.715841293334961,9.763115230890865,9.456861376552084,9.763115230890865,1205100
2001-08-02,9.59868335723877,9.906992239479393,9.578128961314041,9.86588423169997,686440
2001-08-03,9.51646614074707,9.763113372227867,9.41575235767062,9.65623287911719,1782100
2001-08-06,9.613070487976074,9.650067614436969,9.372589165980257,9.376700044928134,691660
2001-08-07,9.53702163696289,9.611015109300977,9.477415065515242,9.49796867715304,449880
2001-08-08,9.664456367492676,9.719952063321177,9.335593071924157,9.335593071924157,1718500
2001-08-09,9.368480682373047,9.61923806876095,9.298597296379995,9.518524261461335,699140
2001-08-10,9.454805374145508,9.615125736109052,9.4239741734279,9.504135138479677,877120
2001-08-13,9.485637664794922,9.516468084985044,9.376701318060228,9.376701318060228,490940
2001-08-14,9.526742935180664,9.574017647756078,9.495912521322271,9.497967568618192,770800
2001-08-15,9.526742935180664,9.526742935180664,9.526742935180664,9.526742935180664,0
2001-08-16,9.578129768371582,9.59662833422752,9.532911661667148,9.532911661667148,732740
2001-08-17,9.837108612060547,9.904936156717335,9.656233852859092,9.656233852859092,2033300
2001-08-20,9.66856575012207,9.742559999771823,9.537020765886933,9.680897602350393,982040
2001-08-21,9.664456367492676,9.742561507999834,9.600738912859194,9.660345488090186,340760
2001-08-22,9.664456367492676,9.664456367492676,9.664456367492676,9.664456367492676,0
2001-08-23,9.664456367492676,9.68089910103256,9.45480622238614,9.619237478135362,427740
2001-08-24,9.69528579711914,9.70967426559398,9.582239369336786,9.66034450187023,3064240
2001-08-27,9.656232833862305,9.72611620271985,9.63979010334461,9.703506762196831,542820
2001-08-28,9.660346031188965,9.701454043454858,9.619238018923074,9.701454043454858,1659900
2001-08-29,9.678845405578613,9.699399021392493,9.608962014113166,9.631571461950543,808240
2001-08-30,9.65417766571045,9.824774815036685,9.598681980776878,9.824774815036685,942860
2001-08-31,9.724061965942383,9.824775756941431,9.596627069476245,9.701452523534842,1073560
2001-09-03,9.65828800201416,9.783666263820752,9.495911834925952,9.783666263820752,659600
2001-09-04,9.539076805114746,9.82066536527723,9.502079676442882,9.697342125751042,1083860
2001-09-05,9.660346031188965,9.699398211602997,9.516468380293404,9.660346031188965,906280
2001-09-06,9.660346031188965,9.779559188353039,9.621293850774933,9.672678670089768,1743420
2001-09-07,9.541131019592285,9.783667382344081,9.495912920551588,9.495912920551588,745900
2001-09-10,9.580183029174805,9.711728002594747,9.495911981573286,9.711728002594747,342000
2001-09-11,9.641845703125,9.691175465644612,9.539076083273287,9.539076083273287,1068920
2001-09-12,9.045783042907715,9.409587649529197,8.87929673389236,9.249267267789937,1437460
2001-09-13,9.025228500366211,9.28215256469464,8.879295820004469,9.127998126097582,1248600
2001-09-14,8.379834175109863,8.99850688834512,8.277064564108864,8.899848155872549,3186360
2001-09-17,7.925594329833984,8.42710985348338,7.567955664231906,8.42710985348338,3537620
2001-09-18,8.472330093383789,8.714866527145988,7.609064887117504,8.057140618368333,2921340
2001-09-19,8.774470329284668,8.891627639446943,8.149631603109208,8.480549138085975,3089160
2001-09-20,8.903961181640625,8.99028808341603,8.468218145454111,8.753917607483714,2047200
2001-09-21,8.74775218963623,8.797081178606035,8.386002611530332,8.560711472979591,1971620
2001-09-24,8.320228576660156,8.735417947302707,8.22156983275549,8.638814250865432,3667720
2001-09-25,8.564821243286133,9.002620120129166,8.427110304901158,8.468218316861039,1221580
2001-09-26,8.827911376953125,8.877240360291436,8.303786420580762,8.579209060441501,2511240
2001-09-27,8.823802947998047,8.940960296048228,8.478496832459527,8.838190637472962,1609580
2001-09-28,8.924514770507812,9.002619913027802,8.735419017540579,8.735419017540579,878320
2001-10-01,8.622370719909668,8.949178121840335,8.570985913216607,8.899848362424228,2249960
2001-10-02,8.622370719909668,8.622370719909668,8.622370719909668,8.622370719909668,0
2001-10-03,8.66759204864502,8.879298064329928,8.595653606077954,8.634705791461473,1922620
2001-10-04,8.718974113464355,8.776525633363407,8.647035693678005,8.684032819302406,2068620
2001-10-05,8.80324649810791,8.86285228501434,8.673756550417355,8.718974652477058,539080
2001-10-08,8.817631721496582,8.848462130103194,8.016028552607875,8.63264613357771,757420
2001-10-09,8.795025825500488,8.85874249938083,8.776527259261332,8.817635271356139,502920
2001-10-10,8.877240180969238,8.91012643055382,8.745695182630909,8.797079996611195,386440
2001-10-11,9.064278602600098,9.125940991190856,8.92040178674124,8.92040178674124,1329840
2001-10-12,9.58840560913086,9.660344027623477,9.249265558362904,9.249265558362904,3566680
2001-10-15,9.368480682373047,9.578130056282076,9.269821138795697,9.578130056282076,670000
2001-10-16,9.337647438049316,9.438361223357303,9.25748726245767,9.411641687540055,308380
2001-10-17,9.259543418884277,9.42191962093016,9.177328186101459,9.292429668811414,1353220
2001-10-18,9.218436241149902,9.370535650812675,9.12594419394334,9.132110121338414,1088420
2001-10-19,9.218436241149902,9.2492674462655,9.14033188057859,9.17116230162407,1163900
2001-10-22,9.175271987915039,9.783667979298363,9.091000926838769,9.454805493164137,2737060
2001-10-23,9.24104118347168,9.53701809931487,8.975895457718732,9.249262938705042,2728620
2001-10-24,9.259543418884277,9.343814483326943,9.230768048206789,9.257488371294476,1413860
2001-10-25,9.115667343139648,9.282154452958055,9.045783952063177,9.249268197396786,2305260
2001-10-26,9.115667343139648,9.115667343139648,9.115667343139648,9.115667343139648,0
2001-10-29,9.002620697021484,9.208159985921839,8.897796004673175,9.18760637065987,2554100
2001-10-30,8.961511611938477,9.000564573969413,8.883407256016742,8.883407256016742,1399180
2001-10-31,8.949179649353027,8.99234270616581,8.87929626895945,8.87929626895945,1432860
2001-11-01,8.955343246459961,8.982063563089126,8.891625809596523,8.961509171809054,1946000
2001-11-02,9.132107734680176,9.183492540396777,8.982064196076086,9.043725806122026,1705360
2001-11-05,9.095112800598145,9.12594400507567,9.04372798251567,9.04372798251567,1610020
2001-11-06,8.95123291015625,9.121830839795345,8.916291618969392,9.105387325775714,2626040
2001-11-07,9.021117210388184,9.512355873559818,8.930680226128672,9.512355873559818,1108720
2001-11-08,8.973844528198242,9.00261990064759,8.846410399892521,8.992343093925692,1033600
2001-11-09,9.014951705932617,9.056059713090814,8.963566893002376,9.002619068564151,4583480
2001-11-12,9.029339790344238,9.04372747587571,8.959456410304215,8.982065854445112,1194860
2001-11-13,9.021117210388184,9.043726652470557,8.961510642001922,9.00261864723624,1726860
2001-11-14,9.109498023986816,9.228711146059974,9.047836415773409,9.080722659091885,327400
2001-11-15,9.072505950927734,9.208161878115218,9.002622546978404,9.208161878115218,2440280
2001-11-16,9.072505950927734,9.072505950927734,9.072505950927734,9.072505950927734,0
2001-11-19,9.130053520202637,9.249266666930026,9.043727407664914,9.249266666930026,4656060
2001-11-20,9.24104118347168,9.269816542718715,9.12799479325701,9.236930305854997,2147340
2001-11-21,9.234878540039062,9.331482238177998,9.208158218072333,9.208158218072333,2918400
2001-11-22,9.167048454284668,9.290372450752315,9.146494846908325,9.290372450752315,1762360
2001-11-23,9.255431175231934,9.27804061573697,9.158828271351227,9.208157246935007,1394020
2001-11-26,9.3314847946167,9.450697184234397,9.224604261538975,9.3314847946167,1291200
2001-11-27,9.374645233154297,9.444528608884978,9.167050153452857,9.292429220269963,4360600
2001-11-28,9.230767250061035,9.57812828388594,9.088945456526128,9.537021063083923,3639280
2001-11-29,9.132107734680176,9.403419446138244,8.889571388972218,9.403419446138244,5564400
2001-11-30,9.132107734680176,9.132107734680176,9.132107734680176,9.132107734680176,0
2001-12-03,9.22871208190918,9.290373696375461,8.961510445772014,9.084834458774544,3650900
2001-12-04,9.185547828674316,9.249265271700093,9.086889093197907,9.125942048372064,909580
2001-12-05,9.158828735351562,9.331481726781519,9.09716633664303,9.331481726781519,1199980
2001-12-06,9.329427719116211,9.401366936982797,9.177329092212226,9.249267526008689,1613280
2001-12-07,9.625404357910156,9.701453668013407,9.312984574478037,9.372590366683239,3648480
2001-12-10,9.54318618774414,9.6438999679469,9.372588256280409,9.454804259118097,1756720
2001-12-11,9.24104118347168,9.45480211512071,9.088942632003135,9.45480211512071,3828080
2001-12-12,9.236932754516602,9.354090053405727,9.167049384646777,9.257487148048869,920900
2001-12-13,9.485637664794922,9.65623485190986,9.002619907782071,9.228713576193435,1730740
2001-12-14,9.24104118347168,9.37258613092655,9.146493350497208,9.37258613092655,943560
2001-12-17,9.24104118347168,9.24104118347168,9.24104118347168,9.24104118347168,0
2001-12-18,9.095112800598145,9.22871364124062,9.04372798251567,9.20815924356557,2075980
2001-12-19,9.037561416625977,9.167050584513236,8.98206572292999,9.04783822270226,1836160
2001-12-20,9.144441604614258,9.243100350818489,8.89984939458396,9.023173415391762,1882220
2001-12-21,9.197881698608398,9.327371649323949,9.04372725673228,9.04372725673228,1798880
2001-12-24,9.035505294799805,9.076613301854831,8.797079794764679,8.961511038914763,630940
2001-12-25,9.035505294799805,9.035505294799805,9.035505294799805,9.035505294799805,0
2001-12-26,9.066337585449219,9.167051391561499,9.00673100726107,9.00673100726107,1043060
2001-12-27,9.095112800598145,9.16705123228557,9.002619971235669,9.031395343910638,896160
2001-12-28,9.08072280883789,9.115664099909397,8.96562056329018,9.08072280883789,1159420
2001-12-31,9.273933410644531,9.372592184962317,9.021120154442034,9.025231034714055,758960
2002-01-01,9.251321792602539,9.454806005982999,9.156773920719523,9.372589987955124,1172820
2002-01-02,9.249266624450684,9.280097826826871,9.167050607494215,9.20815861597245,1242180
2002-01-03,9.300654411315918,9.370537812841103,9.134167276604956,9.249269580314172,991640
2002-01-04,9.206103324890137,9.372589617922065,9.187604760767698,9.249266379819153,426620
2002-01-07,9.206103324890137,9.304762072186472,9.107444577593803,9.208158372428175,1625460
2002-01-08,9.156773567199707,9.24926638789264,9.045782182368189,9.24926638789264,1178020
2002-01-09,9.222545623779297,9.249265944937603,9.10538831786902,9.10538831786902,867500
2002-01-10,9.271876335144043,9.310928513083688,9.125943645713193,9.249266890626856,1413380
2002-01-11,9.30476188659668,9.516467061943084,9.208158188765209,9.286263322843206,1643740
2002-01-14,9.606904029846191,9.742559891337578,9.310927034541388,9.310927034541388,2371160
2002-01-15,9.859718322753906,10.44139400724803,9.537021754818538,9.619236986455745,4415660
2002-01-16,9.491803169250488,10.23585507716042,9.413698030254842,10.194747068001128,1265000
2002-01-17,9.580183029174805,9.660343198348214,9.331480764798357,9.440416298898644,1276720
2002-01-18,9.754894256591797,9.820666764922358,9.59868474532425,9.59868474532425,1319680
2002-01-21,9.822723388671875,9.989209720773637,9.629515943814727,9.783670419654259,1092600
2002-01-22,9.894660949707031,9.948101602320609,9.742562319496383,9.822722514346609,1071080
2002-01-23,9.96865463256836,9.989208246017782,9.86999587668496,9.906993008149996,1063940
2002-01-24,9.65828800201416,10.020036673332442,9.582237928373429,9.968651869879455,603300
2002-01-25,9.419865608215332,9.660346190213799,9.376701763387034,9.660346190213799,508720
2002-01-28,9.446584701538086,9.53496665074275,9.29448608016501,9.29448608016501,214960
2002-01-29,9.315037727355957,9.493856635737183,9.273929725042935,9.47535807389982,520920
2002-01-30,9.24104118347168,9.37258613092655,9.208154946607962,9.37258613092655,1131420
2002-01-31,9.236932754516602,9.331481396625147,9.047837038439393,9.216379145054276,931900
2002-02-01,9.24104118347168,9.290370930802123,9.193767266984445,9.290370930802123,273360
2002-02-04,9.255431175231934,9.368478377757118,9.208157246935007,9.29037325166788,804640
2002-02-05,9.154716491699219,9.329424504474376,9.043725131454602,9.208156340667077,4393500
2002-02-06,9.257491111755371,9.411645600935742,9.132112001770759,9.148554739566787,3419500
2002-02-07,9.317093849182129,9.537020766732873,9.224601037111732,9.253376404406977,1334580
2002-02-08,9.251321792602539,9.372589987955124,9.043727483983737,9.362313181719154,3249760
2002-02-11,9.403421401977539,9.454806218381789,9.292430010367545,9.32942714090421,601460
2002-02-12,9.491803169250488,9.619237291981236,9.438362522122393,9.483581410604618,832740
2002-02-13,9.450695037841797,9.537021934366631,9.333537722898845,9.516467538017839,625480
2002-02-14,9.38697624206543,9.537020569696326,9.333536387345475,9.393142952122687,1080220
2002-02-15,9.600738525390625,9.742561114807561,9.413697832511373,9.454805840807152,3955800
2002-02-18,10.21324348449707,10.478389264525791,9.824774487002376,10.059089070629659,5976920
2002-02-19,9.66856575012207,10.268739936712374,9.660343992589885,10.215300080893082,1965560
2002-02-20,9.713783264160156,10.071421854599976,9.598681801912324,9.660343411555077,903980
2002-02-21,9.72817325592041,9.968653806443896,9.660344925832229,9.900825476355715,678580
2002-02-22,10.149528503417969,10.21119012232619,9.783668100965146,9.785723932568434,2392840
2002-02-25,9.970706939697266,10.482499928243426,9.867937332557624,10.482499928243426,1782640
2002-02-26,9.709671020507812,10.104305862126248,9.623344158860196,9.915210196534847,2153560
2002-02-27,9.738447189331055,9.904933433949582,9.582236963484522,9.70145007184476,1795920
2002-02-28,9.602794647216797,10.067313038006585,9.413698116970199,9.828887523570486,3415200
2002-03-01,9.722007751464844,9.824777391087242,9.49591485792362,9.537022870586604,1170380
2002-03-04,9.709671020507812,9.896711639329624,9.49591008926296,9.896711639329624,1161500
2002-03-05,9.74461555480957,9.861772861502201,9.623347369136674,9.623347369136674,3134060
2002-03-06,9.666510581970215,9.906991909832502,9.621292480580474,9.701452661844566,884800
2002-03-07,9.72817325592041,9.86588417957334,9.672677563321907,9.68912029590478,1319160
2002-03-08,9.637735366821289,9.804222442619034,9.508245418978598,9.756948508914247,2048540
2002-03-11,9.567853927612305,9.738451917071767,9.520579984334066,9.582241615389588,522280
2002-03-12,9.485637664794922,9.578129709435382,9.417809329050485,9.417809329050485,1536600
2002-03-13,9.650068283081055,9.660345089127821,9.42191958212066,9.423974629701995,1733100
2002-03-14,9.65417766571045,9.699395762120458,9.547297174438746,9.697340714857699,813900
2002-03-15,9.65828800201416,9.7014510487379,9.6007364889793,9.65828800201416,670860
2002-03-18,9.837108612060547,9.865883981555548,9.541131590809073,9.783667968081247,853880
2002-03-19,9.676786422729492,9.824774121367224,9.62334578883181,9.783666122385128,719420
2002-03-20,9.662399291992188,9.742560253917143,9.541131109473891,9.541131109473891,663080
2002-03-21,9.611014366149902,9.734338378651001,9.559629556958603,9.635679639092102,441440
2002-03-22,9.611014366149902,9.7425601362984,9.555519462204868,9.701452132131367,911140
2002-03-25,9.611014366149902,9.611014366149902,9.611014366149902,9.611014366149902,0
2002-03-26,9.469192504882812,9.613070126366349,9.430140332451979,9.561685317555797,680500
2002-03-27,9.804222106933594,9.923434460874835,9.395198665910554,9.395198665910554,856540
2002-03-28,9.726117134094238,9.824775878857771,9.680898248718034,9.746670745227055,1250060
2002-03-29,9.726117134094238,9.726117134094238,9.726117134094238,9.726117134094238,0
2002-04-01,9.604849815368652,9.92754640057473,9.46508305162805,9.92754640057473,1670180
2002-04-02,9.65417766571045,9.722005202360423,9.588405176323235,9.693229836262258,2246140
2002-04-03,9.39108943939209,9.615127286395222,9.224603124069759,9.58018598508021,2567140
2002-04-04,9.253376007080078,9.537020357226687,9.2348774454603,9.393142742858412,1318240
2002-04-05,9.2431001663208,9.814499020707775,9.214324797261025,9.814499020707775,1000840
2002-04-08,9.253376007080078,9.393142742858412,9.228711519610348,9.393142742858412,476560
2002-04-09,9.292428970336914,9.372589149504615,9.259542722881704,9.310927533534844,440460
2002-04-10,9.329427719116211,9.454806804364438,9.238990718904926,9.4034219847755,322880
2002-04-11,9.206103324890137,9.310927998870609,9.15882939081502,9.298596145502334,4025880
2002-04-12,9.175271987915039,9.208158236528462,9.142385739301616,9.208158236528462,705700
2002-04-15,9.105389595031738,9.41369850310778,9.068392463337005,9.331483264729561,5630340
2002-04-16,9.206103324890137,9.454805632704023,9.047838006080383,9.249266379819153,1550400
2002-04-17,9.251321792602539,9.370534940335952,9.179383364880692,9.370534940335952,603000
2002-04-18,9.341760635375977,9.413699071307802,9.195827931588477,9.249267800556384,2039020
2002-04-19,9.308873176574707,9.537021878248517,9.216380353724508,9.44658410298608,1602080
2002-04-22,9.115667343139648,9.389034979549729,9.033452096271564,9.16705216645852,2846120
2002-04-23,9.238990783691406,9.413698857890846,9.187605963742143,9.208159578093797,1158980
2002-04-24,9.247211456298828,9.323260761346548,9.208158495922133,9.323260761346548,522200
2002-04-25,9.138274192810059,9.232822052659673,9.054003137888452,9.171160439021662,2529980
2002-04-26,9.218436241149902,9.2492674462655,9.132110121338414,9.206104386359756,1529600
2002-04-29,9.035505294799805,9.152662605261115,8.98617631358979,9.093056818304849,3295780
2002-04-30,9.0272855758667,9.084837112372814,8.982067463554275,9.084837112372814,1526820
2002-05-01,9.0272855758667,9.0272855758667,9.0272855758667,9.0272855758667,0
2002-05-02,8.973844528198242,9.084835922562947,8.903961144791216,9.06222647733272,2308220
2002-05-03,8.89985179901123,9.043729470122683,8.862854661180565,9.002621452080806,2618960
2002-05-06,8.949179649353027,8.967678214282799,8.899849881516948,8.920404278144506,1365900
2002-05-07,9.163342475891113,9.204928032935467,9.005318310936808,9.179977015980265,1314420
2002-05-08,9.196610450744629,9.236116292347688,9.107201783746415,9.23195845064505,1931320
2002-05-09,9.227802276611328,9.261070571353837,9.169582165927903,9.23196091260148,2277400
2002-05-10,9.225720405578613,9.271464597599191,9.14878764069007,9.159183831646057,1477560
2002-05-13,9.123838424682617,9.231960576959505,8.945021049500792,8.945021049500792,420860
2002-05-14,9.161262512207031,9.229877999318445,9.09888378715137,9.10720105624925,443740
2002-05-15,9.225720405578613,9.273543518518979,9.19037319769255,9.231958754695027,2110900
2002-05-16,9.005318641662598,9.2527514857369,8.786994657456297,8.786994657456297,3186000
2002-05-17,9.109282493591309,9.19453253502781,8.984525813054432,9.19453253502781,1839920
2002-05-20,9.019874572753906,9.086411157345083,8.339953105357832,8.339953105357832,543260
2002-05-21,9.298497200012207,9.614546386388113,8.816106545327584,8.816106545327584,1515420
2002-05-22,9.080172538757324,9.148788835751201,8.98868493594412,9.107203273316607,1433860
2002-05-23,8.907593727111816,9.103044843847185,8.863929242497317,8.940862019176958,951900
2002-05-24,9.065616607666016,9.127995340316211,8.924226188501699,8.982446286096646,1074580
2002-05-27,9.140473365783691,9.564644758479155,8.924229033055168,9.564644758479155,412560
2002-05-28,9.238195419311523,9.310969542160558,9.10720120500481,9.14046948876129,702640
2002-05-29,9.20700740814209,9.294337161562037,9.127995718355669,9.17166019847636,1811700
2002-05-30,9.252754211425781,9.35671774189124,9.096808915727594,9.10720511013838,2789460
2002-05-31,9.539691925048828,9.658210263309588,9.211166851849784,9.273544799379874,3532340
2002-06-03,9.5001859664917,9.772570668542206,9.398302163276329,9.606229198777227,1048500
2002-06-04,9.35047721862793,9.62494078856369,9.19869060746486,9.39830033229477,762120
2002-06-05,9.290180206298828,9.358795717013729,9.071856973036926,9.358795717013729,2532200
2002-06-06,9.240276336669922,9.35671575156706,9.065617610913526,9.152947370381034,2702400
2002-06-07,9.030269622802734,9.27354383071248,8.990763778568608,9.27354383071248,2170700
2002-06-10,9.144630432128906,9.2111670164404,9.094728390484612,9.2111670164404,1282580
2002-06-11,9.175819396972656,9.398301239639473,9.092648273674628,9.35671567799046,736180
2002-06-12,9.144630432128906,9.265228486930148,9.092648676061886,9.265228486930148,1275600
2002-06-13,9.144630432128906,9.186215995618253,9.088490040395087,9.113441854395884,1633460
2002-06-14,9.142552375793457,9.179979307156687,9.107204365870974,9.14878993329442,790120
2002-06-17,9.107202529907227,9.148788088947246,9.090568782198359,9.148788088947246,2879060
2002-06-18,9.088492393493652,9.190377010762534,9.067700002954954,9.165425983480324,773200
2002-06-19,9.0947265625,9.146708308119006,9.065616118683423,9.065616118683423,665040
2002-06-20,9.082249641418457,9.221560323358483,8.996999619872577,9.107200654432802,927260
2002-06-21,9.127994537353516,9.21948212098549,9.024031049653264,9.088487904393203,444220
2002-06-24,8.92422866821289,9.065619126664357,8.88264389246261,9.065619126664357,2399900
2002-06-25,8.87016487121582,9.042744644099075,8.857688966961382,8.940860075634019,1391300
2002-06-26,8.913830757141113,8.940861490714678,8.878483545926807,8.940861490714678,273840
2002-06-27,8.58946418762207,8.940860512935018,8.558274822049729,8.90135467063143,2332000
2002-06-28,8.381537437438965,8.74540967797024,8.306683592478251,8.730854851803272,4055440
2002-07-01,8.807785987854004,8.874322550355883,8.31707824451885,8.31707824451885,3474940
2002-07-02,8.718381881713867,8.857692634263355,8.656003920972623,8.857692634263355,1822800
2002-07-03,8.726696014404297,8.732933570280228,8.649762457101389,8.732933570280228,764520
2002-07-04,9.03858757019043,9.084330973999023,8.664318309710758,8.74541051160043,2308800
2002-07-05,8.874323844909668,9.084329752220167,8.774518986597682,9.084329752220167,932760
2002-07-08,8.720458984375,8.982447475290812,8.683032057101313,8.80570903134759,1326800
2002-07-09,8.720458984375,8.878483964681378,8.64976376543344,8.828581130590248,1737160
2002-07-10,8.745409965515137,8.774519618806185,8.6767936743189,8.732934059885304,2564440
2002-07-11,8.739171981811523,8.774519985985947,8.670556480922555,8.774519985985947,982960
2002-07-12,8.730855941772461,8.774520425724484,8.693429014619687,8.774520425724484,369680
2002-07-15,8.735013008117676,8.772439931945227,8.699665798490859,8.712141704159563,677560
2002-07-16,8.762043952941895,8.816105418971953,8.589464949488828,8.74125156950177,1294360
2002-07-17,8.728777885437012,8.751649988950382,8.637290264562315,8.74333271618574,1509580
2002-07-18,8.762043952941895,8.88264199779465,8.699666009442938,8.843135358808397,733040
2002-07-19,8.90551471710205,8.938783008835568,8.691349345462555,8.701745537908284,1923400
2002-07-22,8.934626579284668,9.10720563739574,8.784918832929936,9.10720563739574,4347660
2002-07-23,8.932543754577637,9.11136110198548,8.861848542653107,9.024032142467359,2244820
2002-07-24,8.776598930358887,8.959574921845604,8.691348887708017,8.959574921845604,809420
2002-07-25,8.847294807434082,8.857691000109831,8.745411008761623,8.857691000109831,687220
2002-07-26,8.774520874023438,8.897197854141076,8.703825651698379,8.81194780308839,1474280
2002-07-29,8.828580856323242,8.920069250451713,8.712142235692266,8.712142235692266,895580
2002-07-30,8.739171981811523,8.836897930388263,8.718379598070284,8.822343103133674,908780
2002-07-31,8.847294807434082,8.899276563991485,8.70382544487997,8.73293510164353,1134100
2002-08-01,8.768284797668457,8.89927908336747,8.628974031381652,8.897200161515244,1002460
2002-08-02,8.732933044433594,8.75164650411309,8.66431676121595,8.732933044433594,378480
2002-08-05,8.732933044433594,8.853531071963344,8.716298505528055,8.853531071963344,440740
2002-08-06,8.770360946655273,8.805708156023073,8.70174465574805,8.737092658294408,519100
2002-08-07,8.743329048156738,8.77451841135009,8.728774223514096,8.73709149278945,655880
2002-08-08,8.70798110961914,8.762041768995951,8.67055419421274,8.697584920490337,756240
2002-08-09,8.732933044433594,8.741250313886365,8.653920570989223,8.653920570989223,1541020
2002-08-12,8.724617958068848,8.753727615258937,8.680953472283715,8.683032393577863,1008440
2002-08-13,8.795312881469727,8.940861955662756,8.693429084759657,8.732934933438042,640580
2002-08-14,8.66224193572998,8.847296906061807,8.622736076919663,8.737095809836976,469740
2002-08-15,8.66224193572998,8.66224193572998,8.66224193572998,8.66224193572998,0
2002-08-16,8.745409965515137,8.807787907307176,8.660159926657684,8.69966577138431,1365440
2002-08-19,8.774520874023438,8.814026724401476,8.712142923308075,8.7537276949992,986600
2002-08-20,8.797392845153809,8.816106309411442,8.72253898812328,8.816106309411442,771440
2002-08-21,8.70798110961914,8.753724500421553,8.653919657063943,8.732932122163946,2685200
2002-08-22,8.68927001953125,8.774520062701427,8.6081786117814,8.732934501676768,888860
2002-08-23,8.712142944335938,8.741252601861454,8.61857562144772,8.61857562144772,1141160
2002-08-26,8.749568939208984,8.786995071189216,8.649763276666384,8.786995071189216,634600
2002-08-27,8.726696014404297,8.753725951985677,8.691348013690808,8.753725951985677,339540
2002-08-28,8.726696014404297,8.791152873598303,8.68303074373722,8.691348013690808,383240
2002-08-29,8.75788688659668,8.784917624454275,8.664319557996333,8.701746489436472,456320
2002-08-30,8.714221954345703,8.795313370614599,8.693429568238336,8.722539226060126,3397800
2002-09-02,8.728777885437012,8.774522092463753,8.718381691070602,8.770363456081432,360900
2002-09-03,8.732933044433594,8.774518598518972,8.691347490348216,8.766201329066202,391240
2002-09-04,8.851452827453613,8.874324925656525,8.691348933211831,8.739172050736737,660680
2002-09-05,8.811945915222168,8.897195948010935,8.743329628910509,8.816104550136073,715420
2002-09-06,8.759967803955078,8.82442468892395,8.745412972305408,8.816108208823307,448780
2002-09-09,8.735013008117676,8.774519646145961,8.68303125759925,8.732934087095508,385540
2002-09-10,8.735013008117676,8.735013008117676,8.735013008117676,8.735013008117676,0
2002-09-11,8.841056823730469,8.853532730246384,8.712142295780492,8.732934680128396,654400
2002-09-12,8.874323844909668,8.924225877476408,8.753725812046119,8.816104542522302,582160
2002-09-13,8.930466651916504,8.949180117506174,8.76412517621873,8.76412517621873,809700
2002-09-16,8.978287696838379,9.024031889500915,8.849373182182234,8.849373182182234,582480
2002-09-17,9.258990287780762,9.304734487682632,8.907593896583547,8.907593896583547,1302240
2002-09-18,9.35047721862793,9.39830033229477,9.148787779668114,9.19245225825368,2207640
2002-09-19,9.152949333190918,9.344241848852393,9.148790696783653,9.344241848852393,739900
2002-09-20,9.152949333190918,9.229882123778356,9.065619554995921,9.148790696783653,343960
2002-09-23,9.144630432128906,9.190374631285053,9.11136213997316,9.148789067795706,1924880
2002-09-24,9.013635635375977,9.092648121872122,8.913830764991763,9.092648121872122,969340
2002-09-25,8.728777885437012,9.021955008370938,8.720460612672369,9.021955008370938,1122520
2002-09-26,8.712142944335938,8.843136403200765,8.664319029054099,8.732935330231685,308360
2002-09-27,9.182058334350586,9.356717084997692,8.691350378095443,8.691350378095443,2963820
2002-09-30,9.090569496154785,9.19037436978218,8.77867896862719,9.024032913736523,1305560
2002-10-01,8.801549911499023,9.024031728458809,8.776598101485543,8.986604806617114,916060
2002-10-02,8.801549911499023,8.801549911499023,8.801549911499023,8.801549911499023,0
2002-10-03,8.722538948059082,8.857691039806836,8.649764012645372,8.857691039806836,2904300
2002-10-04,8.737093925476074,8.795313240256768,8.62897177432716,8.714221825189751,1492760
2002-10-07,8.69550895690918,8.772441741455541,8.649764753200069,8.712143501232031,1640080
2002-10-08,8.69550895690918,8.764125262472845,8.65184446782979,8.656003103910503,1448260
2002-10-09,8.660161018371582,8.728776525039038,8.63105056823226,8.691349596610001,2446400
2002-10-10,8.581148147583008,8.670556828980905,8.525007757413725,8.670556828980905,1662500
2002-10-11,8.595704078674316,8.6705579418408,8.583228170420327,8.649764761417481,845400
2002-10-14,8.647686004638672,8.70382640308259,8.608180150850172,8.608180150850172,1276820
2002-10-15,8.647686004638672,8.647686004638672,8.647686004638672,8.647686004638672,0
2002-10-16,8.495898246765137,8.689270440700744,8.462629954968614,8.689270440700744,1653160
2002-10-17,8.30252456665039,8.608177488128375,8.275493836535981,8.525006376935652,3876920
2002-10-18,8.154899597167969,8.431442176215674,8.067569818977942,8.431442176215674,3465860
2002-10-21,8.208956718444824,8.31707883852709,8.150737420392238,8.31707883852709,3028740
2002-10-22,8.169452667236328,8.358666220491491,8.129946026473837,8.358666220491491,1712000
2002-10-23,8.117471694946289,8.275495893680331,8.088362036746231,8.267178621857829,1093480
2002-10-24,8.0675687789917,8.167373660358225,8.038459121073798,8.098758151434415,4671040
2002-10-25,8.001031875610352,8.150739588340466,7.942812562072489,8.025982896672485,2154560
2002-10-28,8.055091857910156,8.150738081953595,8.01766493664472,8.01766493664472,2761800
2002-10-29,8.102916717529297,8.192325405037895,8.025983144347407,8.025983144347407,1118880
2002-10-30,7.861722469329834,8.14450260628494,7.734886835092237,8.02806395965013,2806140
2002-10-31,7.897067070007324,7.996871931100008,7.840926686921716,7.882512244004966,1919800
2002-11-01,7.894988059997559,8.075884319113182,7.818054502649169,7.859640059263173,3923740
2002-11-04,7.99271297454834,8.063408180792427,7.942810942598688,7.984396498009063,278200
2002-11-05,8.098756790161133,8.109152981501706,7.953207731857443,8.023902943423318,406400
2002-11-06,8.098756790161133,8.098756790161133,8.098756790161133,8.098756790161133,0
2002-11-07,8.104992866516113,8.150737051876906,8.02182255779825,8.11123042154589,710840
2002-11-08,8.113312721252441,8.154898285454914,8.075885792788082,8.129946471026232,981500
2002-11-11,8.146581649780273,8.1590575579683,8.100837446269571,8.100837446269571,578400
2002-11-12,8.240148544311523,8.275495759214765,8.113312927204722,8.208959172073277,392860
2002-11-13,8.057174682617188,8.250546938454312,7.901229366179435,7.901229366179435,2444760
2002-11-14,8.015586853027344,8.107075253920625,7.863800216211014,8.028062760379703,2650600
2002-11-15,8.015586853027344,8.028062760379703,7.96360509549386,8.0093492959405,3740460
2002-11-18,8.057174682617188,8.100839180856823,7.994796714677865,7.996875636564988,1384980
2002-11-19,8.057174682617188,8.057174682617188,8.057174682617188,8.057174682617188,0
2002-11-20,8.088360786437988,8.109153169601434,7.984397284263611,8.067567610095969,1002000
2002-11-21,8.04677677154541,8.071727794766714,8.005191204057418,8.071727794766714,1559760
2002-11-22,8.12994384765625,8.167370764043692,8.028060081073638,8.10915146885363,2031720
2002-11-25,8.1278657913208,8.319158234816822,8.09043887095358,8.148658172334372,9773080
2002-11-26,8.140342712402344,8.208958212858626,8.109153343808567,8.208958212858626,1368120
2002-11-27,8.140342712402344,8.21311684821637,8.067567783409727,8.150738904207406,2561620
2002-11-28,8.125789642333984,8.171533054803383,8.09875890325291,8.171533054803383,2292460
2002-11-29,8.111230850219727,8.171529862622373,8.102914374133308,8.150737482638645,2461260
2002-12-02,8.104992866516113,8.146578417464251,8.071724584393285,8.146578417464251,1472660
2002-12-03,8.113312721252441,8.129946471026232,8.067568521311854,8.117471356990555,2160520
2002-12-04,8.142423629760742,8.275496821119559,8.042618736241629,8.042618736241629,3021760
2002-12-05,8.227670669555664,8.271335145706146,8.09251781307637,8.184006193405182,947180
2002-12-06,8.246383666992188,8.350347152856022,8.129944277280451,8.317078869106734,1169420
2002-12-09,8.163214683532715,8.317081031616224,7.911623172689201,7.911623172689201,2020980
2002-12-10,7.90122652053833,8.119549726285904,7.818055397787535,8.113312169692108,2827780
2002-12-11,7.818053722381592,7.978157583800579,7.788944073610583,7.911621017130148,1693040
2002-12-12,8.069649696350098,8.213119085978516,7.867960189029103,7.9012284877768,6232560
2002-12-13,8.435600280761719,8.516691702639028,8.192326015129794,8.192326015129794,10052460
2002-12-16,8.712142944335938,8.963734462296395,8.525008298559502,8.525008298559502,6908740
2002-12-17,8.942940711975098,8.978288717554362,8.527086675194177,8.774520334713147,4459120
2002-12-18,9.059378623962402,9.144628655623851,8.830659258971732,8.982445862018777,5349660
2002-12-19,9.067696571350098,9.103043780524759,8.84937338060118,8.940860974799032,3947540
2002-12-20,9.167502403259277,9.231960065423568,9.034429236500802,9.096807184271507,3039760
2002-12-23,9.138391494750977,9.273543564201649,9.06561657134351,9.17997705195831,1749260
2002-12-24,9.084332466125488,9.17997951127981,9.065619000027766,9.11968047683396,1669100
2002-12-25,9.084332466125488,9.084332466125488,9.084332466125488,9.084332466125488,0
2002-12-26,9.065616607666016,9.138391531365064,9.065616607666016,9.127995340316211,679920
2002-12-27,9.088492393493652,9.127999045967579,9.036510623968049,9.036510623968049,4155340
2002-12-30,8.907593727111816,9.063538994888159,8.861849528080255,9.036508259716905,676540
2002-12-31,8.984525680541992,9.144629569303536,8.774519754844572,8.861848716071645,2600700
2003-01-01,8.965814590454102,9.144631988670406,8.940863565384948,9.144631988670406,375040
2003-01-02,9.080172538757324,9.107203273316607,8.936703181195533,9.024032941626047,630780
2003-01-03,8.959573745727539,9.086409332500109,8.940860285495873,8.96373238057663,684220
2003-01-06,8.934626579284668,8.982449710886021,8.903437201067819,8.957498684219845,1818180
2003-01-07,9.051060676574707,9.065615500901902,8.922146178314499,8.940859637189241,1778020
2003-01-08,8.93878173828125,9.024031773304653,8.920068277267404,8.99700104224498,2430880
2003-01-09,8.897196769714355,8.953337156469164,8.795312187860388,8.899275690774054,3047720
2003-01-10,8.936701774597168,9.040665267730935,8.728774788329634,8.818183455878954,2843860
2003-01-13,9.032350540161133,9.123838947503401,8.96373502783316,8.97205229998768,1192260
2003-01-14,9.067696571350098,9.086410033024494,8.988684089482808,9.084330318850363,1159940
2003-01-15,9.042746543884277,9.292258335965018,8.984526438310613,9.123837955628382,2711680
2003-01-16,9.111363410949707,9.144631707746168,9.048985453603688,9.144631707746168,1312660
2003-01-17,9.302652359008789,9.814152480327364,9.127993684268496,9.148786062593945,3602720
2003-01-20,9.3109712600708,9.377507839860018,9.231959567307728,9.315129895454952,1939740
2003-01-21,9.408698081970215,9.481472225001278,9.269387352973986,9.335923938939152,2055380
2003-01-22,9.986733436584473,10.059508361620075,9.439886004221929,9.439886004221929,7874740
2003-01-23,9.826628684997559,10.123964328617186,9.760092115128122,10.063666107483215,2941380
2003-01-24,9.876533508300781,9.976338383308489,9.735143070411869,9.8557411234495,3036020
2003-01-27,9.899404525756836,9.959703545686292,9.772568929759895,9.897324811591792,3261600
2003-01-28,9.64989185333252,9.976337173621905,9.190373382502052,9.897324693046185,3831140
2003-01-29,9.539691925048828,9.976338350938086,9.439887050364959,9.976338350938086,638580
2003-01-30,9.437806129455566,9.63741585330531,9.31512917128527,9.485629242887576,1218720
2003-01-31,9.859898567199707,9.938911054161325,9.419093522111272,9.523057028521281,4006240
2003-02-03,9.907719612121582,10.105249582617867,9.231957015935574,9.231957015935574,2934160
2003-02-04,9.984655380249023,10.165551661657735,9.918118798738265,9.978417823600708,4516020
2003-02-05,9.984655380249023,10.032478498636218,9.932673626370079,10.03039957747965,1288180
2003-02-06,10.080301284790039,10.111490653360892,9.980496415813338,9.980496415813338,1585200
2003-02-07,10.263277053833008,10.410905036446575,10.042874143845044,10.105252086466974,5913580
2003-02-10,10.244564056396484,10.271594790257511,10.084460160725188,10.225850593443251,1564820
2003-02-11,10.213375091552734,10.354765529870157,10.178027878562698,10.178027878562698,2992760
2003-02-12,10.34228801727295,10.396348681417802,10.026238922176434,10.277830369903915,5571260
2003-02-13,10.34228801727295,10.34228801727295,10.34228801727295,10.34228801727295,0
2003-02-14,10.323577880859375,10.496156912067631,10.25080294075767,10.375559640998286,3871740
2003-02-17,10.323577880859375,10.375559640998286,10.242485668772552,10.273675042127385,862300
2003-02-18,10.236247062683105,10.396350962689967,10.188423943436167,10.292387453063068,1225860
2003-02-19,10.469127655029297,10.521109422518379,10.271597573113851,10.4005121343967,6824380
2003-02-20,10.410904884338379,10.645862617732664,10.361002848241357,10.604277058866105,2349100
2003-02-21,10.404667854309082,10.47952170541871,10.19258220722467,10.477441991121998,2024240
2003-02-24,10.296546936035156,10.396351818309483,10.230010347852271,10.273674835126284,856520
2003-02-25,10.209217071533203,10.292388202562762,10.190503606710488,10.279912294954721,444720
2003-02-26,10.33813190460205,10.396351217603462,10.188424193251391,10.250802141921282,1612920
2003-02-27,10.32773494720459,10.396351246154968,10.236247341782741,10.333973297313767,1383560
2003-02-28,10.39011287689209,10.550216768746878,10.1572340560968,10.32565521866112,4255720
2003-03-03,10.099016189575195,10.489919243777553,10.00336994229358,10.398430839265831,723300
2003-03-04,10.101095199584961,10.230009732284826,9.980497145023508,10.06574719307677,1123280
2003-03-05,10.0283203125,10.188424216802623,9.995052020253913,10.094856896992175,1420140
2003-03-06,10.017925262451172,10.105254242115135,9.984656966410794,10.105254242115135,1268480
2003-03-07,9.897323608398438,9.984653349607145,9.855738848295532,9.984653349607145,3125820
2003-03-10,9.988814353942871,10.230009668380438,9.905643227649099,9.905643227649099,1014340
2003-03-11,9.913959503173828,10.225850005681783,9.766331522349585,9.868215308988853,679080
2003-03-12,9.903565406799316,9.938912623835451,9.855742281479333,9.905644328257258,629780
2003-03-13,9.94930648803711,10.042873795312083,9.93891029682401,9.980495854854949,2849940
2003-03-14,9.94930648803711,9.94930648803711,9.94930648803711,9.94930648803711,0
2003-03-17,9.957625389099121,9.988814761025031,9.907723345832075,9.922278174549852,4938500
2003-03-18,9.957625389099121,9.957625389099121,9.957625389099121,9.957625389099121,0
2003-03-19,10.013764381408691,10.105251976715317,9.83494703283698,9.938910533803924,3064400
2003-03-20,10.186345100402832,10.2300095844183,9.889009397134128,10.10317397479168,1617840
2003-03-21,10.08446216583252,10.375560360055893,9.897327499091954,10.063669777607464,1373280
2003-03-24,9.809996604919434,10.346447889731923,9.730984117340725,10.346447889731923,1950760
2003-03-25,9.6852388381958,9.84742162424187,9.564640812443676,9.730982233154831,563400
2003-03-26,9.889009475708008,9.938911516928288,8.52500792255491,9.730984494426949,919260
2003-03-27,9.452363014221191,9.897326751320737,8.999082005188512,9.878613286060535,1610080
2003-03-28,9.824551582336426,9.84742368118272,9.439886917019043,9.518898612624355,1088660
2003-03-31,9.75385570526123,9.953465438315744,9.651971124518376,9.730983607961086,1960300
2003-04-01,9.743459701538086,9.803758724095623,9.606227908270448,9.691477949646123,862160
2003-04-02,9.695635795593262,9.855739673566825,9.606227126164148,9.793360941832264,2324220
2003-04-03,9.837026596069336,9.872373805129918,9.687318903157335,9.6893978241462,643660
2003-04-04,9.95346450805664,10.063666349005185,9.720586507924681,9.772568253956363,1300180
2003-04-07,10.230008125305176,10.385953368699527,10.022081134112707,10.022081134112707,2123840
2003-04-08,9.9659423828125,10.309022291716364,9.897326083760264,10.309022291716364,2402460
2003-04-09,9.75593376159668,9.980495286263285,9.662367252830764,9.980495286263285,1230780
2003-04-10,9.79751968383789,10.396349645509211,9.606227231086217,9.606227231086217,3146240
2003-04-11,9.9659423828125,10.184265600670116,9.772570185892672,10.022082774806513,2145240
2003-04-14,9.9659423828125,9.9659423828125,9.9659423828125,9.9659423828125,0
2003-04-15,10.024158477783203,10.188420965342356,9.901481540555007,10.188420965342356,2716280
2003-04-16,10.132282257080078,10.25080057944129,10.08653806487802,10.15723327410914,8569120
2003-04-17,10.275751113891602,10.35060495464197,10.105251051372871,10.146836606587353,7398480
2003-04-18,10.275751113891602,10.275751113891602,10.275751113891602,10.275751113891602,0
2003-04-21,10.192583084106445,10.27159557742845,10.146838883786547,10.230010012881149,1416860
2003-04-22,10.146839141845703,10.188424707450627,10.074064996921104,10.09485738313422,2390020
2003-04-23,9.859898567199707,10.157234258986627,9.814155163740756,10.157234258986627,3071300
2003-04-24,9.970102310180664,10.10525441818382,9.814157021053267,9.876534978068475,3080040
2003-04-25,10.167631149291992,10.209215916925066,9.878611937899093,9.897325400605416,2065040
2003-04-28,10.144758224487305,10.230008260273815,10.067824665642538,10.230008260273815,815920
2003-04-29,10.19050121307373,10.346446452240313,10.111489529651184,10.186343371359703,2766640
2003-04-30,10.398903846740723,10.474684655394801,10.1799793692703,10.232605399257833,4772080
2003-05-01,10.398903846740723,10.398903846740723,10.398903846740723,10.398903846740723,0
2003-05-02,10.634666442871094,10.775703794009376,10.356801115635335,10.438897580090078,6733800
2003-05-05,10.533624649047852,10.819910334295992,10.445212515422698,10.735708378749118,3475140
2003-05-06,10.419953346252441,10.523100712499097,10.314701292249891,10.314701292249891,2043160
2003-05-07,10.348380088806152,10.462052479764763,10.241023366018112,10.44100159087837,2880300
2003-05-08,10.249442100524902,10.350483950087225,10.173661315610088,10.350483950087225,1554060
2003-05-09,10.34627628326416,10.441002480794145,10.188398216701692,10.441002480794145,815300
2003-05-12,10.245233535766602,10.441002401049602,10.196817692085018,10.314700269968025,1945180
2003-05-13,10.30417537689209,10.390482021762093,10.241024310427836,10.390482021762093,789760
2003-05-14,10.276810646057129,10.323121807490978,10.104197339088458,10.104197339088458,490220
2003-05-15,10.48310375213623,10.525204731664768,10.213658767968619,10.272599657502935,1023700
2003-05-16,10.573617935180664,10.613613414084472,10.483101132863819,10.483101132863819,1633700
2003-05-19,10.462051391601562,10.693605524202697,10.33153910611779,10.683080482358866,3349440
2003-05-20,10.333643913269043,10.43679125175837,10.316803203715999,10.390480103496726,1422680
2003-05-21,10.38837718963623,10.628352542226107,10.064201480436191,10.436793840104045,2329540
2003-05-22,10.150507926940918,10.651507105193623,10.1126171248197,10.50415487806601,1078400
2003-05-23,10.230500221252441,10.432584792872142,10.167349143937948,10.432584792872142,864480
2003-05-26,10.533624649047852,10.630456335820206,10.25365382941245,10.356801184806903,2790580
2003-05-27,10.329436302185059,10.60730165477092,10.272600097836664,10.567306164159575,1014160
2003-05-28,10.2283935546875,10.419952240524237,10.190502755026662,10.419952240524237,1021000
2003-05-29,10.396797180175781,10.525204807306423,10.158927326688024,10.158927326688024,3488000
2003-05-30,10.318910598754883,10.523099823227511,10.27470493253175,10.36101157739998,2210480
2003-06-02,10.251545906066895,10.436789667993823,10.154714249858609,10.232600512199264,1847340
2003-06-03,10.497838973999023,10.567305710669075,10.137877164916201,10.146297521423369,10897680
2003-06-04,10.605196952819824,10.773600074917061,10.525205168695102,10.613616506667617,3068720
2003-06-05,10.613615036010742,10.80938388926286,10.567304685731807,10.693606809051547,3900600
2003-06-06,10.920954704284668,11.1356690174737,10.60940868211123,10.643089311454046,11095020
2003-06-09,11.01778507232666,11.249339270500545,10.918847884356818,10.971473911488104,4015380
2003-06-10,10.636773109436035,10.946214428116999,10.573622032952645,10.862012457466143,1548420
2003-06-11,10.86622142791748,11.003049414256738,10.529415188787729,10.777810091274452,6687320
2003-06-12,10.594673156738281,10.88306358750206,10.537836945768568,10.777811523412117,1486460
2003-06-13,10.59887981414795,10.819909734452507,10.525203709385973,10.56730468482538,2412180
2003-06-16,10.645191192626953,10.714657924022914,10.57993463916493,10.60940588470249,2603000
2003-06-17,10.649399757385254,10.83674823051449,10.607298787432692,10.735706384433865,3685860
2003-06-18,10.594673156738281,10.720975312442404,10.445214615443325,10.693609550936353,2335380
2003-06-19,10.49362850189209,10.697817724921347,10.48310345805756,10.689397368649974,3182020
2003-06-20,10.449424743652344,10.689399320131187,10.27260124471906,10.567307343944371,2784080
2003-06-23,10.234708786010742,10.516784303004494,10.194713297388196,10.483103680214615,1215420
2003-06-24,10.154718399047852,10.314701165847042,10.099986881951951,10.276810362629707,3155380
2003-06-25,10.18629264831543,10.272599291923237,10.104196182811584,10.148401848389137,3158940
2003-06-26,10.306281089782715,10.398903412620168,10.062096352954855,10.190503989245355,6222500
2003-06-27,10.453632354736328,10.565199257761948,10.272598721367668,10.272598721367668,4141080
2003-06-30,10.864114761352539,10.98831218997347,10.525203093267832,10.525203093267832,4914680
2003-07-01,10.996733665466309,11.283018544240777,10.77780922610111,11.154611727949208,4262440
2003-07-02,11.089356422424316,11.257759547444046,10.950423743906859,11.194608475937828,5375440
2003-07-03,12.202922821044922,12.718657218865111,11.240919157187445,11.240919157187445,30977260
2003-07-04,11.651399612426758,12.08293358570938,11.476681657003084,11.998731638969046,5421560
2003-07-07,11.693500518798828,12.059777941108635,11.377744424845615,11.377744424845615,4458760
2003-07-08,11.973472595214844,12.77759813671991,11.914530905291823,12.20923694587885,9648160
2003-07-09,11.901901245117188,12.040833910106482,11.813489111209801,11.967156998015433,2151100
2003-07-10,11.96505355834961,12.028204630292914,11.87243203970006,11.914532218989299,5030440
2003-07-11,12.200818061828613,12.25133940171406,11.977684218442311,11.977684218442311,11854500
2003-07-14,12.000839233398438,12.459738267978702,11.802965654537289,12.377641791674709,7279860
2003-07-15,11.657716751098633,12.573409223127342,11.535623993223137,12.377640354816203,3878680
2003-07-16,11.92294979095459,11.998731380788419,11.621928921897577,11.750336526559426,7543100
2003-07-17,11.482996940612793,11.893480040671456,11.377744904854637,11.893480040671456,2395600
2003-07-18,11.645084381103516,11.70402526016182,11.158819719844747,11.409320061861045,2155920
2003-07-21,11.659821510314941,11.788229134728304,11.49983875395347,11.70402717684792,2483920
2003-07-22,11.356696128845215,11.788229364627004,11.293545060708022,11.586145625384225,1669900
2003-07-23,10.773599624633789,11.661927160706968,10.632561463703071,11.661927160706968,8528800
2003-07-24,10.883060455322266,10.977787446342386,10.798858507080093,10.899900363165125,6100240
2003-07-25,11.150399208068848,11.314592101603598,10.902004377690583,10.946210033179295,5049440
2003-07-28,11.211448669433594,11.367222065882817,11.072515987415404,11.346171975853485,1817300
2003-07-29,11.179871559143066,11.354589523944048,10.948316594683968,11.278808731421638,2238940
2003-07-30,11.419848442077637,11.525100501451623,11.19881927799416,11.240920262345652,3577140
2003-07-31,11.171452522277832,11.455632736061819,11.072515338319082,11.451423360710285,4542740
2003-08-01,11.215657234191895,11.295649010210166,11.078830062670725,11.21986741219384,1022600
2003-08-04,11.327226638793945,11.4072176237732,11.203029179683616,11.203029179683616,2019940
2003-08-05,11.773494720458984,11.872431907306192,11.283019767716253,11.426162624129873,8831400
2003-08-06,11.645084381103516,11.786122517004925,11.461946076165747,11.767177119734862,3158420
2003-08-07,11.45352554321289,11.619823938554356,11.394584665070292,11.611403583674202,1463400
2003-08-08,11.588248252868652,11.77980691386832,11.24091703835765,11.45142109673132,4090500
2003-08-11,11.569305419921875,11.661927740062676,11.455633010481492,11.455633010481492,1894840
2003-08-12,11.508257865905762,11.70402672791047,11.451422469977357,11.70402672791047,1725000
2003-08-13,11.472472190856934,11.577724229305163,9.895796301578363,11.45352679181588,5275260
2003-08-14,11.253549575805664,11.611406724931639,11.156717877515534,11.562990875786573,3873460
2003-08-15,11.253549575805664,11.253549575805664,11.253549575805664,11.253549575805664,0
2003-08-18,11.699816703796387,11.788228028566166,11.209341830734791,11.261967848719463,5061040
2003-08-19,11.8429594039917,11.872430650258345,11.704026740772074,11.756652761734195,4534160
2003-08-20,11.983997344970703,12.167135669824821,11.830329462850656,11.872430439474762,5558940
2003-08-21,12.118721008300781,12.209237835807,11.830330615297632,11.956632754464282,3558280
2003-08-22,12.167137145996094,12.276599377295478,12.002944200551736,12.04504518228372,3050020
2003-08-25,11.830330848693848,12.154507362762404,11.114616571270988,12.154507362762404,5238100
2003-08-26,11.752445220947266,11.91453268415988,11.71455441570005,11.91453268415988,2328040
2003-08-27,11.925057411193848,12.167136640835489,11.788229426998145,11.914531563940791,4719360
2003-08-28,11.82401180267334,12.040831514711432,11.704024561462285,12.040831514711432,7593580
2003-08-29,11.607195854187012,11.811385086543357,11.453527958757281,11.535624428629797,7430140
2003-09-01,11.722973823547363,11.788230387992876,11.577726273921574,11.577726273921574,2629720
2003-09-02,11.870323181152344,12.16713385778501,11.577722681856004,11.577722681856004,2397540
2003-09-03,11.802964210510254,12.251338145094623,11.78822898851536,11.78822898851536,9734260
2003-09-04,11.802964210510254,11.931371833330939,11.367220810354096,11.809279076219674,7346340
2003-09-05,11.77559757232666,11.956631203861647,11.714552001351512,11.788228105809095,6838580
2003-09-08,11.718761444091797,11.910320922810417,11.619825075105224,11.640875161355307,2566100
2003-09-09,11.792437553405762,11.868219143589066,11.577723315556154,11.661925260872994,4093840
2003-09-10,11.6661376953125,11.826121272774337,11.493524384847001,11.493524384847001,3772280
2003-09-11,11.725076675415039,11.830328708761655,11.642980217886162,11.708235964635122,3583320
2003-09-12,11.760865211486816,11.81980691239586,11.634563057985094,11.746129987011932,4789960
2003-09-15,11.605091094970703,11.788229434557808,11.535624357501117,11.737708097942708,3019460
2003-09-16,11.680871963500977,11.784018514878753,11.451422480036346,11.451422480036346,5632140
2003-09-17,11.512467384338379,11.78401782936842,11.41353101675318,11.78401782936842,4590520
2003-09-18,11.158822059631348,11.45142343504604,11.07883107928232,11.45142343504604,3809040
2003-09-19,11.440895080566406,11.45142092573532,11.114613955561197,11.179870501765937,3384860
2003-09-22,11.141980171203613,11.577723519421083,11.114614418042384,11.577723519421083,3993340
2003-09-23,11.234601974487305,11.367219763234308,11.118824896759927,11.156715693544784,3835740
2003-09-24,11.541940689086914,11.609301939768017,11.200923454128196,11.367221893063805,5147900
2003-09-25,11.276704788208008,11.577725721199961,11.205133360720213,11.451423579990644,3958120
2003-09-26,11.428268432617188,11.451424013417515,11.167242980426389,11.285125572223759,2960480
2003-09-29,11.356696128845215,11.725078296489809,11.283019213510658,11.573515090553025,14601180
2003-09-30,11.577726364135742,11.645087616922682,11.367222248424182,11.367222248424182,12788700
2003-10-01,11.925057411193848,12.040834503892842,11.59877541857477,11.661927290055496,7873740
2003-10-02,11.925057411193848,11.925057411193848,11.925057411193848,11.925057411193848,0
2003-10-03,12.396587371826172,12.440793043852828,12.082936685911916,12.230288926000771,13278020
2003-10-06,13.211236000061035,13.472261418365992,12.461841972590413,12.524993037387134,11205820
2003-10-07,13.028099060058594,13.686976337120921,12.924952497263922,13.472262854525233,27094920
2003-10-08,13.061779022216797,13.26175807441703,12.933371394919508,13.17755611464554,10443740
2003-10-09,13.232284545898438,13.314380995889643,13.095456593906954,13.23649472320686,5270600
2003-10-10,12.857589721679688,13.68276533816778,12.71865625658778,13.68276533816778,15090120
2003-10-13,12.994417190551758,13.23439172118383,12.920741081325898,12.983892146806545,10034760
2003-10-14,13.040727615356445,13.889059584206025,12.964946019825533,13.889059584206025,11243460
2003-10-15,13.089142799377441,13.177554121053562,12.798646965424378,13.135453950546426,5667140
2003-10-16,13.209132194519043,13.261758219198402,13.051254120480966,13.114405189494315,5319140
2003-10-17,13.324908256530762,13.682765357245197,13.198606128283005,13.198606128283005,14812900
2003-10-20,13.257546424865723,13.554357135757892,13.160714743981028,13.345958553115151,8957200
2003-10-21,13.097563743591309,13.282806750577814,12.971260817363074,13.135454541158847,5621400
2003-10-22,12.668134689331055,13.173344766271171,12.588142919830192,13.009151049610528,3988080
2003-10-23,12.619718551635742,12.798646681347448,12.518676699244622,12.75233633421564,4572080
2003-10-24,12.96284294128418,13.02599401106151,12.461842955433125,12.672347056697166,2800860
2003-10-27,12.672344207763672,13.236495136562445,12.63024323637391,12.901793658678168,5335340
2003-10-28,13.131244659423828,13.236496698816111,12.680766059306352,12.760757031077766,8690900
2003-10-29,13.333328247070312,13.383849578790183,13.175450189583534,13.19439558860232,7458720
2003-10-30,13.371220588684082,13.472262460778794,13.15650630935429,13.15650630935429,7013240
2003-10-31,13.305963516235352,13.51436211847017,13.061778800651394,13.51436211847017,6379040
2003-11-03,13.451212882995605,13.598565116851805,13.345960828521491,13.493313062377691,6993200
2003-11-04,13.044939041137695,13.55646405689603,12.933371324595702,13.55646405689603,6414400
2003-11-05,13.025994300842285,13.17124184486231,12.96705260513071,13.160716800166847,3601440
2003-11-06,12.960735321044922,13.051252133956654,12.76075629710018,12.924950015154337,5243160
2003-11-07,12.851272583007812,13.051251598751827,12.73549551168525,13.038621066185833,9052180
2003-11-10,13.0049409866333,13.247020984595444,12.80075258793555,13.247020984595444,2850660
2003-11-11,12.906004905700684,13.181764725289142,12.821802955942943,13.093353400751889,4271360
2003-11-12,12.586040496826172,12.967052408898269,12.524994114303105,12.967052408898269,7096680
2003-11-13,12.604987144470215,12.819701446877115,12.546045443822955,12.77760046156036,2631620
2003-11-14,12.522890090942383,12.756548982875286,11.177768128410053,11.177768128410053,2738800
2003-11-17,12.802857398986816,12.840748195608043,12.529202270174078,12.588143152469632,2653200
2003-11-18,12.750234603881836,12.958634037962847,12.67445299148874,12.958634037962847,5788920
2003-11-19,12.61761474609375,12.714447236864379,12.377640214246556,12.590249792819504,10485400
2003-11-20,12.560778617858887,12.703921462764063,12.398691175813594,12.588144374299121,3080120
2003-11-21,12.754443168640137,12.840749815608277,12.39869153660257,12.39869153660257,4014340
2003-11-24,12.750234603881836,13.009154577551913,12.693398394587014,13.009154577551913,8704520
2003-11-25,12.739704132080078,12.8807414482869,12.678657769986458,12.680763259994738,7615700
2003-11-26,12.739704132080078,12.739704132080078,12.739704132080078,12.739704132080078,0
2003-11-27,12.699711799621582,13.03020314794934,12.630245066312373,12.903900215480602,8099040
2003-11-28,12.739704132080078,12.964943382416664,12.630241938915049,12.798645004165417,9611280
2003-12-01,13.10387897491455,13.236496770105697,12.798647898431138,12.924950828187725,20883580
2003-12-02,13.390164375305176,13.468050658422396,13.135454636591213,13.26175676072775,13234240
2003-12-03,13.846957206726074,13.935368529015722,13.468050048467482,13.468050048467482,18420280
2003-12-04,14.080619812011719,14.14166619673194,13.76696913729374,13.880641549598403,16802460
2003-12-05,13.821698188781738,14.145873047546804,13.682764729866463,14.145873047546804,8233340
2003-12-08,13.756442070007324,14.015362809420534,13.495417446010839,13.7880180049629,4320740
2003-12-09,13.99852466583252,14.181663837371927,13.916428183491869,14.099567355031276,7191600
2003-12-10,14.331119537353516,14.474262389833077,13.731183172556392,14.019572762185469,14488140
2003-12-11,14.754228591918945,14.819485941715485,14.230073939401366,14.314275883448882,14190320
2003-12-12,15.267865180969238,15.467845079725299,14.568991492915295,14.7773901440648,15950640
2003-12-15,14.888957023620605,15.40890084779981,14.792123715713316,15.404691472073782,2914540
2003-12-16,15.147872924804688,15.358376998144418,14.926844611409148,14.983680004562679,7571840
2003-12-17,15.128929138183594,15.198394265526522,14.954210362523241,15.114193916502522,8455880
2003-12-18,14.954209327697754,15.18997446429875,14.800540649927214,15.156293042204922,5089360
2003-12-19,15.08471965789795,15.156290257670385,14.876319510521801,14.876319510521801,5589400
2003-12-22,15.135245323181152,15.194186215043638,14.987891487506083,14.987891487506083,4002020
2003-12-23,14.838432312011719,15.366798008283126,14.777385935420954,15.114193751924306,3498320
2003-12-24,15.158395767211914,15.185760713156952,14.823693521793995,15.004727117475474,4202380
2003-12-25,15.158395767211914,15.158395767211914,15.158395767211914,15.158395767211914,0
2003-12-26,15.097352981567383,15.364692458413968,14.945789785930172,15.156293867422146,2768760
2003-12-29,15.989887237548828,16.210917129584747,15.24049334321031,15.24049334321031,7945740
2003-12-30,15.49520492553711,16.156187585572866,15.36679731266214,16.04040970313851,20990060
2003-12-31,15.37100887298584,15.89305975434644,15.288912401411784,15.577303600286578,4438400
2004-01-01,15.436263084411621,15.493098473886764,15.135242214777138,15.28259441417086,3777080
2004-01-02,15.276284217834473,15.792018679341492,15.088935675914353,15.737288763423017,9219500
2004-01-05,15.375219345092773,15.640454955402173,15.26154694067446,15.493101124777485,5865020
2004-01-06,15.21944808959961,15.678347122510887,15.114196032565086,15.166822061082348,8767620
2004-01-07,15.194186210632324,15.577303613646109,15.042622999590588,15.282597548400386,7721700
2004-01-08,15.225761413574219,15.324698594126618,14.867903492299185,15.219446547754922,12897480
2004-01-09,15.51204776763916,16.250916008245927,15.282597461664643,15.389955003213045,19754680
2004-01-12,15.362587928771973,15.543619953715336,15.284700843724126,15.429949167779784,11737520
2004-01-13,15.362587928771973,15.434158542584624,15.242600671601227,15.366797303576814,12873200
2004-01-14,15.482575416564941,15.545725675689951,15.2825955809558,15.41310868611065,13776720
2004-01-15,16.210920333862305,16.966629242030518,15.619402752033972,15.619402752033972,30093820
2004-01-16,16.06777572631836,16.861375347655184,15.665712189792487,16.29512050280361,17756680
2004-01-19,15.570985794067383,16.20460347326027,15.49309871260574,16.20460347326027,12401760
2004-01-20,15.570985794067383,16.034094090170573,15.49309871260574,15.619400829177652,14194340
2004-01-21,15.541516304016113,15.617297899796613,15.177343546181007,15.577301611462836,13271860
2004-01-22,15.442580223083496,15.905688580241483,15.333117196542966,15.89305884872479,10207880
2004-01-23,15.360480308532715,15.718336540014196,12.653398181103906,14.81948498107091,5454500
2004-01-26,15.360480308532715,15.360480308532715,15.360480308532715,15.360480308532715,0
2004-01-27,15.392060279846191,15.659399778629158,15.160504486389897,15.358378853154795,7097160
2004-01-28,15.164710998535156,17.124503066537642,15.029988543511346,17.124503066537642,6749200
2004-01-29,14.987889289855957,15.77938505057081,14.535306819693794,15.156293189929285,8149720
2004-01-30,14.522677421569824,14.861589151337325,14.124824800715599,14.861589151337325,4773580
2004-02-02,14.522677421569824,14.522677421569824,14.522677421569824,14.522677421569824,0
2004-02-03,14.17534351348877,14.81738157893382,13.89326882638742,14.314276972641583,12556540
2004-02-04,14.73318099975586,14.899479425726556,13.703816114838775,13.969051721350661,5846040
2004-02-05,15.019465446472168,15.156293416575537,14.52899056574129,14.661609160988258,5920560
2004-02-06,14.935266494750977,15.156296460541457,14.535309956301857,15.093144582881616,7599900
2004-02-09,15.335223197937012,15.472051182660904,15.078407941751603,15.135244947507422,8278460
2004-02-10,15.697288513183594,15.823590634603644,15.450999135511706,15.493099307312187,6810560
2004-02-11,15.7688570022583,15.893053603903367,15.640449420818154,15.80885167420222,5498300
2004-02-12,15.7688570022583,16.08250754422639,15.621503223776738,15.893053603903367,4940960
2004-02-13,15.77938461303711,15.817275409202034,15.505730290529161,15.745704797567495,3603520
2004-02-16,15.922531127929688,16.00252211345187,15.745708442243087,15.991997871314686,4754040
2004-02-17,16.027782440185547,16.141454849706868,15.728866996269593,15.79412275495042,5934980
2004-02-18,15.970943450927734,16.141451223899615,15.789909832653521,15.836220982354158,2889540
2004-02-19,15.77938461303711,16.019359120075443,15.709917885731652,16.01725362972779,3339260
2004-02-20,15.362587928771973,15.781490583663716,15.004730041652847,15.74570527675739,9659340
2004-02-23,15.459421157836914,15.554147357610228,14.903690478857568,14.992101812781831,2724060
2004-02-24,15.642556190490723,15.745704336262415,15.261544355674971,15.408896555322354,4981180
2004-02-25,15.375219345092773,15.762546110353282,15.179450471819923,15.762546110353282,3252920
2004-02-26,15.53730583190918,15.661504075845876,15.282596084535763,15.282596084535763,8090840
2004-02-27,15.77306842803955,15.893055671517555,15.335219621446033,15.57519410840204,5906800
2004-03-01,15.937264442443848,16.166714735403886,15.682554686565505,15.867797707381005,4472820
2004-03-02,15.937264442443848,15.937264442443848,15.937264442443848,15.937264442443848,0
2004-03-03,16.503522872924805,16.840329134409203,15.876219906019731,16.017257277075863,11667120
2004-03-04,16.13303565979004,16.490892022080537,15.882535242575301,16.490892022080537,5241520
2004-03-05,16.101457595825195,16.328802401313514,15.977260952060641,16.20460575754896,4297500
2004-03-08,15.994104385375977,16.52246859142192,15.91621727968702,16.22986798137447,5833340
2004-03-09,15.789912223815918,16.320381823404293,15.67623982261439,16.320381823404293,2152040
2004-03-10,15.926741600036621,15.998312225947846,15.577304009475535,15.78780811771169,4731040
2004-03-11,15.82990550994873,15.998309409296134,15.672027456567518,15.89305737370866,4396400
2004-03-12,15.444683074951172,15.808854190293063,15.14997707710173,15.749913311926871,6211700
2004-03-15,15.227865219116211,15.724655003893155,15.166820445834048,15.724655003893155,4297500
2004-03-16,15.128929138183594,15.341537107293519,14.587933705008963,14.891058494736528,6279680
2004-03-17,15.126823425292969,15.366797949724988,14.792121100573352,15.072091914416935,4463180
2004-03-18,14.960525512695312,15.198394554648697,14.651084245487542,15.114194204022937,3017360
2004-03-19,14.89316177368164,15.072089897815463,14.74580957875225,14.77738390193821,3746740
2004-03-22,14.265861511230469,15.061568322638026,14.110088933894469,15.061568322638026,3936960
2004-03-23,14.524782180786133,14.63003422557444,14.145874177140733,14.26165206881537,3666880
2004-03-24,15.057358741760254,15.568883793655107,14.402690830725556,14.733182219413578,3227600
2004-03-25,15.278386116027832,15.362588067050151,15.051041330073165,15.156293367346404,4702580
2004-03-26,15.74991512298584,15.918319028555313,15.242601127840006,15.32469759014999,4226600
2004-03-29,15.916213035583496,15.989889139687081,15.57940684109666,15.872007373121344,3269420
2004-03-30,15.541516304016113,15.872007638829375,15.272071343915956,15.829905860052072,4223460
2004-03-31,15.945684432983398,16.0783014283187,15.38784828673139,15.724654501405846,5755800
2004-04-01,16.181447982788086,16.250913103355195,15.49309879392749,16.0993515262845,7471600
2004-04-02,16.37301254272461,16.50352569399266,16.130932448833175,16.29302154382954,4578820
2004-04-05,16.280385971069336,16.840327635850382,16.06146312509982,16.46563060291572,6970000
2004-04-06,16.08672523498535,16.55193916973166,16.002523261751026,16.520364835035465,3121400
2004-04-07,16.029884338378906,16.28248856557899,15.998308408474267,16.20881246648051,1601740
2004-04-08,16.019359588623047,16.47825853070114,15.827801717866496,15.91410755242182,5776540
2004-04-09,16.019359588623047,16.019359588623047,16.019359588623047,16.019359588623047,0
2004-04-12,15.804646492004395,16.154082424814085,15.663609145810684,16.154082424814085,2476120
2004-04-13,16.105667114257812,16.16671348829917,15.796225869228936,15.859376127672025,3078960
2004-04-14,16.105667114257812,16.105667114257812,16.105667114257812,16.105667114257812,0
2004-04-15,16.040409088134766,16.250913152840045,15.914106970515311,16.208812982306412,4464480
2004-04-16,15.935160636901855,16.41300587053972,15.874115857715022,16.16250546331937,3371280
2004-04-19,15.928844451904297,16.031992614585135,15.760442139846493,15.996205697931176,5238360
2004-04-20,15.77938461303711,16.029884965795144,15.735178951847793,15.914107086952715,3716080
2004-04-21,15.701497077941895,15.87200645878034,15.625717093814115,15.87200645878034,8828120
2004-04-22,15.794120788574219,15.956209828755865,15.587827690548613,15.787805923167939,6784080
2004-04-23,15.991991996765137,16.19828505428582,15.724650969587188,15.951995715686936,6099280
2004-04-26,15.991991996765137,15.991991996765138,15.991991996765138,15.991991996765138,0
2004-04-27,16.031991958618164,16.202499754330574,15.581511737098003,15.794121313616314,6185420
2004-04-28,15.991991996765137,16.20881089857535,15.829902988409106,16.08250879719272,3851180
2004-04-29,16.065673828125,16.208816689100672,15.619404530725804,15.99831257625521,4131960
2004-04-30,15.916213035583496,16.120402242683877,15.808855509021916,16.082511445427944,2355900
2004-05-03,15.903583526611328,15.975154141303179,15.70570918196198,15.78780564282317,1932900
2004-05-04,15.846748352050781,16.208815660123037,15.794122327180252,15.991996694619466,2187340
2004-05-05,16.103561401367188,16.629821577882453,15.87200724490419,15.935157502474858,6451360
2004-05-06,16.267148971557617,16.698418302712316,16.192792469780976,16.31601274178237,5431280
2004-05-07,15.950602531433105,16.358502463599315,15.721158211770769,16.273522905852126,3163520
2004-05-10,16.2225341796875,16.485969323309195,15.640426942364531,15.642550255977145,2541660
2004-05-11,15.804008483886719,15.965469437070027,15.721153883627478,15.895361199666114,4069620
2004-05-12,15.612808227539062,15.925107150116675,15.003083303316245,15.763646162902031,5628840
2004-05-13,15.674420356750488,16.141807143239966,14.91810564916524,15.508711100221166,5092560
2004-05-14,14.983963012695312,15.806137676206522,14.234021540140372,15.487465552173528,7744460
2004-05-17,11.890718460083008,14.871364553373045,10.88371427516758,14.871364553373045,5221460
2004-05-18,14.960589408874512,15.296257674627224,11.686765402874764,11.897089302487842,11226480
2004-05-19,15.005207061767578,15.716909414821323,14.497456288530255,15.083813433589537,4952040
2004-05-20,15.058316230773926,15.296258614956994,14.658914506000452,15.083810578638145,4562720
2004-05-21,15.39398193359375,15.466215096661225,14.40185015949792,14.671658407167058,3469720
2004-05-24,15.674420356750488,15.797640642167288,15.338751974070384,15.340876908881116,2391080
2004-05-25,15.691411972045898,15.73602586482931,15.381238035897034,15.425851928680446,3109900
2004-05-26,15.687162399291992,16.137552824833115,15.593686364443764,15.910233488262573,3754800
2004-05-27,15.891118049621582,16.103566143221602,15.336628395657506,15.38761548428342,6282700
2004-05-28,15.674420356750488,16.058950894124955,15.51508428380301,15.765773103407723,5519940
2004-05-31,14.924474716186523,15.551195781907063,14.788508101109187,15.434350333151489,6648280
2004-06-01,14.932974815368652,15.253771850192724,14.786385130550675,15.126301713385725,5291400
2004-06-02,15.162416458129883,15.296258133290232,14.87136207403217,15.04132114607533,3722020
2004-06-03,14.907479286193848,15.364242918069067,14.83524772716939,15.296259606872523,3806280
2004-06-04,15.124177932739258,15.211280794627768,14.701405125693583,14.871364222288333,2702360
2004-06-07,15.264394760131836,15.67441963377173,15.128428113822778,15.29626229742152,10003440
2004-06-08,15.485342979431152,15.636180946644837,15.304762405772545,15.379118921884855,3241220
2004-06-09,15.733904838562012,15.80613803114031,15.385490104796819,15.464096480662851,2442680
2004-06-10,16.103561401367188,16.655925957907915,15.721154297150612,15.721154297150612,13798900
2004-06-11,15.296258926391602,16.352125947729895,15.17516360805833,16.12480660907446,5836120
2004-06-14,15.32812786102295,15.593687936159,15.094435319073236,15.38123987605016,8642740
2004-06-15,15.517204284667969,15.636174662634753,15.221901653036246,15.423726632922731,5966100
2004-06-16,15.663798332214355,15.763647572638927,15.551199483407403,15.668046580824859,4518300
2004-06-17,15.935730934143066,15.971846718737893,15.602187513387436,15.640428232620257,4857540
2004-06-18,15.929359436035156,16.061076222219498,15.774271608061191,16.01858725006656,3213280
2004-06-21,16.046201705932617,16.146052553427985,15.848624945379035,15.933604493514459,2476640
2004-06-22,15.967597961425781,16.135430512923563,15.808261906508761,15.944228543703272,4132320
2004-06-23,15.506585121154785,16.1439293700242,15.381241530218583,16.08869403546769,5617020
2004-06-24,16.203413009643555,16.609189586924987,15.296260496169749,15.691414021988807,7162000
2004-06-25,15.610688209533691,16.095069652588734,15.190040228493503,15.935733566275866,11693380
2004-06-28,15.655296325683594,15.763643657268172,15.275014145911546,15.593686200607129,5651300
2004-06-29,15.702032089233398,15.795508104860309,15.551192586428327,15.678662680114279,4401080
2004-06-30,15.70840835571289,15.742399198750398,15.508706682499156,15.721154719245721,2955160
2004-07-01,15.789139747619629,15.89323884313713,15.602186038405533,15.721156433282678,3230160
2004-07-02,15.487467765808105,15.719035431028761,15.391865142423514,15.719035431028761,4154360
2004-07-05,15.362116813659668,15.381237979553871,14.493205132958762,14.871362373989957,11077180
2004-07-06,15.589435577392578,15.636174402487578,15.126298815491827,15.29625788477368,5801360
2004-07-07,15.733904838562012,15.80613803114031,15.466221415375522,15.466221415375522,4967820
2004-07-08,15.476841926574707,15.910236193712546,15.296261387146487,15.557573232350984,6113460
2004-07-09,15.66804313659668,15.804009754147964,15.153919262677762,15.25377010200291,5585180
2004-07-12,15.648923873901367,15.844375687561264,15.508707385286684,15.721155431660474,3968880
2004-07-13,15.521458625793457,15.721160370797358,15.296264144559593,15.721160370797358,2845340
2004-07-14,15.506585121154785,15.844378415897701,15.442851668777989,15.67866917052769,5159060
2004-07-15,15.506585121154785,15.721158138778888,15.472594270723874,15.636178581426252,2330340
2004-07-16,15.555448532104492,15.631929969860417,15.289888434577033,15.55119866286794,2629820
2004-07-19,15.563944816589355,15.714782739717077,15.508707868971454,15.674417090975146,2182160
2004-07-20,15.723278999328613,15.763643022453303,15.404606957466216,15.551194994545039,2999200
2004-07-21,15.729657173156738,15.933607150176963,15.593690521809922,15.784894131782112,7741680
2004-07-22,15.699913024902344,15.929357334295979,15.63617795423183,15.91660934765177,5581400
2004-07-23,15.704161643981934,15.763646846892058,15.487465316116449,15.657422807166775,3238740
2004-07-26,15.914482116699219,15.976090616772726,15.508705616399237,15.67866468245311,5362760
2004-07-27,15.8804931640625,15.9739708331317,15.593688594968523,15.806136664052971,11159360
2004-07-28,15.810386657714844,15.891117970223695,15.638304221430719,15.891117970223695,5418400
2004-07-29,15.965470314025879,16.12480634186875,15.68291403564721,15.763643706248304,6601700
2004-07-30,15.942098617553711,16.018580029635043,15.742396972580265,15.976089455784493,5222880
2004-08-02,15.801887512207031,15.933605904523837,15.723282760422181,15.933605904523837,2245980
2004-08-03,15.508707046508789,15.806134629104971,15.44497198564892,15.801884760594351,7158740
2004-08-04,15.515080451965332,15.66804330355296,15.300507472885469,15.508707269957506,2446800
2004-08-05,15.804008483886719,15.931476974989414,15.519328907785695,15.54907150168133,2630460
2004-08-06,15.619179725646973,15.721155501533609,15.338748368021182,15.64042582705875,2674760
2004-08-09,15.70840835571289,15.793386273731604,15.508706682499156,15.636175180377117,1797960
2004-08-10,15.89536190032959,15.954847090742952,15.714781394903346,15.742399055923872,3897940
2004-08-11,15.908113479614258,15.997342915340248,15.640430034987505,15.765773638619816,4504140
2004-08-12,15.755145072937012,15.886861800734215,15.648921068791049,15.776389549596269,1687520
2004-08-13,15.508707046508789,15.801884760594351,15.425852439900915,15.763644048248414,1464620
2004-08-16,15.379115104675293,15.523579851915063,15.321754841011748,15.444973485335307,1714300
2004-08-17,15.45134449005127,15.712654634837417,15.340870617106969,15.585186152928342,14637920
2004-08-18,15.359993934631348,15.508706914236113,15.29625887431507,15.466217954591869,4164500
2004-08-19,15.351497650146484,15.67866786516213,15.296260699338621,15.67866786516213,8524340
2004-08-20,15.16454029083252,15.444971634714225,15.132674381976557,15.351495600653584,1158180
2004-08-23,15.474715232849121,15.55119666075859,15.003081921874063,15.338748610087844,1747600
2004-08-24,15.922978401184082,15.995211570601516,15.387610105621478,15.50870541181122,2569200
2004-08-25,15.922978401184082,16.018580982396884,15.765767320710504,15.929353203278074,2424060
2004-08-26,16.122676849365234,16.22677590428647,15.810378063752097,15.929350033082942,5299840
2004-08-27,15.699913024902344,16.12268423918956,15.678668541628898,16.099314821333717,1470060
2004-08-30,15.77426815032959,15.884740426221857,15.636176589826732,15.721156136355416,1165220
2004-08-31,15.621305465698242,15.721156312423972,15.532077670226336,15.63617676494356,2631180
2004-09-01,15.6595458984375,15.731779079789883,15.55969505351363,15.636176482780849,2123660
2004-09-02,15.759397506713867,15.882617773262922,15.602186392649616,15.60430970628487,1411400
2004-09-03,15.729657173156738,15.833756286033134,15.638304427328377,15.784894131782112,2173880
2004-09-06,16.024953842163086,16.061069615722403,15.689285589336004,15.763642070443339,2877880
2004-09-07,16.2225341796875,16.358500809998702,15.959099036065805,16.137554630530477,7010020
2004-09-08,16.74302864074707,17.01071361102796,15.806133676038698,16.235277981289165,30147280
2004-09-09,16.22677993774414,17.140307114512662,16.082315212600513,16.953353431735543,32847440
2004-09-10,16.553955078125,16.770653041454054,16.241656120936284,16.273523659172945,16276440
2004-09-13,16.502962112426758,16.783393431511698,16.316008439986714,16.358497395270895,7969580
2004-09-14,16.62618637084961,16.783397488422107,16.35850134947471,16.566701170732994,6661420
2004-09-15,16.78976821899414,17.025585671336387,16.658051472502006,16.715411729708272,15839120
2004-09-16,16.80251693725586,16.974600974689526,16.768526089183243,16.906617657694166,6114280
2004-09-17,17.119064331054688,17.284773551425804,16.698416477085697,16.698416477085697,12427840
2004-09-20,17.210424423217773,17.420747629787996,16.800399444658247,17.123319907060502,12845500
2004-09-21,17.259279251098633,17.622565224684294,17.059579184854176,17.622565224684294,9729480
2004-09-22,17.51421546936035,17.5843220848426,17.16580084260998,17.37399899669629,17804960
2004-09-23,17.43773078918457,17.705414080070458,17.34425315823107,17.50571407873726,10806420
2004-09-24,17.193424224853516,17.52484273113669,17.061705823736972,17.335764058105873,13514680
2004-09-27,16.92998504638672,17.250780423945592,16.770649014315115,17.20829146373314,14691480
2004-09-28,17.212541580200195,17.37400256406741,16.997970200726126,16.997970200726126,14492220
2004-09-29,17.1700496673584,17.420738406827223,16.836506326110456,16.836506326110456,9512340
2004-09-30,17.08082389831543,17.352757148617563,16.995844352383507,17.335760915261172,7624880
2004-10-01,17.45261001586914,17.59919808821653,17.221040766892497,17.412244362182797,13503600
2004-10-04,17.67992401123047,17.79464613346643,17.475974111983113,17.671425896155615,10349300
2004-10-05,17.686302185058594,17.790401287625095,17.582203082492093,17.718169720372877,7015420
2004-10-06,17.50996971130371,17.76278343574337,17.46323087611149,17.75641025291719,4422300
2004-10-07,17.42711639404297,17.716045923303767,17.229539607428602,17.716045923303767,2874820
2004-10-08,17.41012191772461,17.50572453946891,17.31452091683075,17.50572453946891,4251060
2004-10-11,17.373998641967773,17.499343815352184,17.29326897868357,17.335757933917414,2289540
2004-10-12,17.136062622070312,17.374003430316936,17.04470988437557,17.357007195199266,1820900
2004-10-13,17.136062622070312,17.136062622070312,17.136062622070312,17.136062622070312,0
2004-10-14,17.008588790893555,17.197667408234228,16.832258157551582,17.184921045085368,3147680
2004-10-15,17.259279251098633,17.33151243145514,17.05532931614791,17.293271717348752,4798240
2004-10-18,17.37612533569336,17.45685500715319,17.255030018078656,17.412241113384606,3941140
2004-10-19,17.620441436767578,17.71179416129269,17.36125456156377,17.378250794231224,8044720
2004-10-20,17.458984375,17.692676953497042,17.378254683039298,17.628943498007114,3898620
2004-10-21,17.153059005737305,17.50147375733883,17.006470920064334,17.50147375733883,5640560
2004-10-22,17.153059005737305,17.153059005737305,17.153059005737305,17.153059005737305,0
2004-10-25,17.41012191772461,17.50572453946891,17.21679498100468,17.31452091683075,6476080
2004-10-26,17.378250122070312,17.516340049814904,17.150930786697813,17.293270582869866,2917940
2004-10-27,17.73091697692871,17.973107664124228,17.420742967377436,17.543963245662948,8296680
2004-10-28,17.673559188842773,18.058089757957717,17.575833250537062,17.943367581463928,8760920
2004-10-29,17.63743782043457,17.747911723021218,17.465355404726665,17.465355404726665,5042440
2004-11-01,17.90936851501465,17.973101947724288,17.68417251439465,17.973101947724288,11031560
2004-11-02,17.87750816345215,17.968860912432227,17.65443700731346,17.803151651689383,5511000
2004-11-03,18.18342399597168,18.24928397979372,17.898744446871994,17.898744446871994,8372300
2004-11-04,18.060213088989258,18.440495375208986,18.026220615632027,18.440495375208986,3669840
2004-11-05,18.378877639770508,18.516969169244526,18.138810353205773,18.249284225124857,4943440
2004-11-08,19.211679458618164,19.288160895172854,18.442616844751615,18.567962051657986,13350760
2004-11-09,19.42624855041504,19.587707887603983,19.03534332898161,19.337019145195,7656420
2004-11-10,20.114580154418945,20.267542999987512,19.515476756508647,19.515476756508647,11598680
2004-11-11,19.876638412475586,20.180439179228575,19.768291077404545,20.025353015295547,5099460
2004-11-12,19.883007049560547,20.129447501464902,19.806527262636322,20.055091027476372,671860
2004-11-15,19.883007049560547,19.883007049560547,19.883007049560547,19.883007049560547,0
2004-11-16,20.56709098815918,20.773165813775737,19.906377558354396,19.970112608636718,10965740
2004-11-17,20.509733200073242,20.69031370307062,20.4481230763024,20.607459100273587,8909660
2004-11-18,20.3164119720459,20.64995543656686,20.140081274360615,20.60746646333315,10123500
2004-11-19,20.516111373901367,20.904891755997337,20.361023559657806,20.458751104488144,11679560
2004-11-22,20.530975341796875,20.6478223944135,19.98498402664675,20.60108357336685,10444000
2004-11-23,20.70518684387207,20.73492944132671,20.43750184593032,20.649949896806312,3613020
2004-11-24,20.547975540161133,20.692440278185384,20.4502496322109,20.692440278185384,3669820
2004-11-25,21.206562042236328,21.329782287202026,20.567093025562457,20.734927161805427,8639340
2004-11-26,21.206562042236328,21.206562042236328,21.206562042236328,21.206562042236328,0
2004-11-29,21.19806480407715,21.431757319852593,18.236538659187715,20.660571531538654,5391740
2004-11-30,21.104589462280273,21.372274471209526,21.032357900025588,21.32978550763031,6158380
2004-12-01,20.56709098815918,21.329780174245744,20.465116852727057,21.20655994148641,9358920
2004-12-02,20.751922607421875,21.032353928298534,20.607457889343006,21.02385581301745,11284800
2004-12-03,20.51186180114746,21.03235892416295,20.276044313844896,20.81991085422191,11661260
2004-12-06,20.250547409057617,20.860273876429194,20.182564100080818,20.511859215316846,11592140
2004-12-07,20.4375,20.558595313227897,20.35252208400487,20.35252208400487,10543360
2004-12-08,20.029600143432617,20.90276168225821,19.931874243479005,20.90276168225821,4034240
2004-12-09,20.271791458129883,20.3950117095457,20.182563670904596,20.386513593498066,6662080
2004-12-10,19.83839988708496,20.182566338682218,19.736425722734,20.182566338682218,9405840
2004-12-13,20.10820960998535,20.250549424061056,19.927629079501983,19.970118044021564,19560780
2004-12-14,20.188941955566406,20.341904841385986,20.140079802004788,20.222934428348676,6775640
2004-12-15,20.14645004272461,20.395013885449508,20.055097311528698,20.203810306103403,6896200
2004-12-16,20.471494674682617,20.68606766370602,20.28878921802507,20.28878921802507,8749780
2004-12-17,20.469369888305664,20.71793372502658,20.20593475248649,20.649950411884532,5650120
2004-12-20,20.924015045166016,21.032364041033734,20.52248822495978,20.52248822495978,7636340
2004-12-21,21.083343505859375,21.117335971025266,20.843277798812576,21.032356428960487,9585840
2004-12-22,20.95587730407715,22.094599078563427,20.692442153516925,21.15982725491572,8915280
2004-12-23,20.99411964416504,21.244808448693632,20.734932721754934,21.240560200178006,5659700
2004-12-24,21.34890365600586,21.45725261313791,21.11733606422849,21.244804567463277,5650660
2004-12-27,21.453004837036133,21.542232629177136,21.127957958493926,21.45725308486904,3177320
2004-12-28,22.039356231689453,22.094593168448487,21.457249134743243,21.457249134743243,5067780
2004-12-29,21.886398315429688,22.264557221798274,21.676075190949728,22.09884637433673,3046460
2004-12-30,22.275177001953125,22.517367641496197,21.71431429765865,21.888521628222087,3992780
2004-12-31,22.109464645385742,22.31341454333896,21.971373112782604,22.137082303566487,2162300
2005-01-03,22.31767463684082,22.426022006088708,21.926769271020564,21.926769271020564,2591160
2005-01-04,22.071226119995117,22.561980559805416,21.457251431475346,22.30916850155307,4476120
2005-01-05,21.246929168701172,22.094596403817334,20.6924396485143,22.094596403817334,7975740
2005-01-06,20.613832473754883,21.66120134590762,20.35252229968597,21.246928328066726,9659020
2005-01-07,20.830533981323242,20.97924698247924,20.586218375838264,20.73493137699426,5298000
2005-01-10,20.809284210205078,21.58471985580118,20.618082276944282,21.244803326743263,13225740
2005-01-11,20.539474487304688,20.894262289090218,20.395009769933665,20.819905806807284,4782220
2005-01-12,20.435380935668945,20.688193043764507,20.186815455066316,20.53948003900241,2837580
2005-01-13,21.19806480407715,21.584720165334673,20.395011486146124,20.395011486146124,10791840
2005-01-14,21.88002586364746,22.179578414717508,20.915511449499036,21.20231763528103,15903840
2005-01-17,22.096717834472656,22.476999964474437,21.591090536520166,22.094592900548157,9483580
2005-01-18,21.820539474487305,22.430265974165053,21.244805441524008,22.430265974165053,10000120
2005-01-19,22.0478572845459,22.30704415212563,21.65058048794246,21.996870208893302,9034920
2005-01-20,21.727060317993164,22.13708509965666,21.2448039808029,21.7121890200406,21816140
2005-01-24,20.877267837524414,21.835408936153772,20.649948503261562,21.835408936153772,16795520
2005-01-25,22.120092391967773,22.918895923378862,20.90913748833757,22.30704609958206,20124960
2005-01-27,22.844539642333984,23.284307061889983,22.009618701339253,22.19019922824726,24223080
2005-01-28,22.93801498413086,23.318297167679646,22.402645019249363,22.844537328486492,9751760
2005-01-31,23.989633560180664,24.219077844554125,22.731941485677993,22.7956765493984,13357080
2005-02-01,23.800556182861328,24.16596710970229,23.37990992678168,24.049120026985676,7728060
2005-02-02,23.73470115661621,24.00450952095322,23.496758709478215,24.00450952095322,4604940
2005-02-03,24.367786407470703,24.431521459618285,23.666708938095827,23.751688467342703,8082380
2005-02-04,24.097980499267578,24.60148292205421,23.923773176671126,24.21907581350109,3578340
2005-02-07,23.868539810180664,24.43152750734605,23.45639166571307,24.017254428387616,2402500
2005-02-08,24.23819923400879,24.4315277533696,23.668839969337686,23.709203999969517,3514320
2005-02-09,24.988143920898438,25.06462535988002,24.219081282628196,24.30406083936887,6035080
2005-02-10,24.622730255126953,25.068870852915612,24.43577492667643,25.068870852915612,3415400
2005-02-11,24.431522369384766,24.641845455944143,24.134094816370126,24.641845455944143,4860720
2005-02-14,24.161714553833008,24.56961437211003,23.89615452305112,23.89615452305112,6259920
2005-02-15,23.90040397644043,24.55899256184348,23.798428206300336,24.43152406480577,6343000
2005-02-16,23.87916374206543,24.34654885457385,23.66671566895248,24.006632261763166,8738160
2005-02-17,23.721952438354492,23.9471468754407,23.585984181431513,23.794184004646237,3014800
2005-02-18,23.972633361816406,24.09160535302561,23.794177806277197,23.877032402898937,3233860
2005-02-21,23.815425872802734,24.17233865851911,23.549865812622397,24.17233865851911,6217400
2005-02-22,23.819673538208008,24.006627219776437,23.62422012014803,23.62422012014803,3465320
2005-02-23,23.713455200195312,23.828177357544607,23.54349608837779,23.794184886841016,6198120
2005-02-24,24.474016189575195,24.569618790358355,23.753817386252468,23.953519083983874,6712840
2005-02-25,24.22545051574707,24.471891028027585,23.88340903075255,24.471891028027585,3240960
2005-02-28,24.954147338867188,25.487392389238096,24.272189304337044,24.510131699841782,14890860
2005-03-01,24.539873123168945,24.94139978204771,24.35291781390907,24.94139978204771,8460320
2005-03-02,24.505884170532227,24.728955288915078,24.21907960464722,24.728955288915078,3921340
2005-03-03,24.478267669677734,24.64397691025549,24.4017862323572,24.639728661893326,4623700
2005-03-04,24.894664764404297,25.357801619177398,24.522880644040345,24.60148701299477,6562140
2005-03-07,25.542631149291992,25.706215443485593,25.02638229497311,25.153850807712942,8105800
2005-03-08,26.09712028503418,26.55600889677859,25.621237059441953,25.621237059441953,10957960
2005-03-09,26.519886016845703,26.556001790276547,25.92928079636591,26.298939887448636,6385360
2005-03-10,26.148107528686523,26.708970275592794,26.014264213978166,26.34993253668951,4572280
2005-03-11,25.90591812133789,26.343560625968223,25.755080186449284,26.343560625968223,5219600
2005-03-14,25.608489990234375,26.003643521429364,25.53625680517771,25.90591760587632,4878320
2005-03-15,25.234577178955078,25.61698428788539,24.7289514423471,25.61698428788539,2474060
2005-03-16,25.245203018188477,25.663725950077655,24.813933721543297,25.277070550928524,3689500
2005-03-17,24.32105827331543,25.196343374578692,24.261571446070565,25.196343374578692,7541460
2005-03-18,24.04487419128418,24.38691573589817,23.883413193744907,24.304061112877413,3136380
2005-03-21,23.76018714904785,24.21907567671995,23.624220538074603,24.214827429248846,3007700
2005-03-22,23.443639755249023,23.624220256339648,23.180204652236235,23.371408203152708,4245940
2005-03-23,22.5896053314209,23.36928941658847,22.222069430149528,23.36928941658847,8238260
2005-03-24,22.071226119995117,25.66372315252036,21.584719927690372,25.66372315252036,8411140
2005-03-28,22.64483642578125,22.935890832058522,22.368654938727232,22.477003895932633,2087740
2005-03-29,22.814796447753906,23.156837945236877,22.309170661446487,22.68945287358128,3267660
2005-03-30,22.65758514404297,22.855161897882894,22.351659429490823,22.73194163831606,8576980
2005-03-31,23.150461196899414,23.365034152774047,22.74043644995569,22.897647532263452,4459280
2005-04-01,23.435144424438477,23.666713647191564,22.986878898795826,23.199326953760114,3359660
2005-04-04,23.46276092529297,23.53499247740322,22.955010263836144,23.454262809600614,2532680
2005-04-05,22.942264556884766,23.87916123911804,22.819045919240818,23.666713188273306,3840540
2005-04-06,23.511629104614258,23.66671691935466,22.785057045184463,22.785057045184463,4253720
2005-04-07,23.928020477294922,24.089481430166945,23.730443749169222,23.794178805022597,5089240
2005-04-08,23.226945877075195,24.006629837666193,22.859410034528075,23.962015941319432,4854300
2005-04-11,23.66883659362793,24.125598576757575,23.15896098036821,24.125598576757575,4174340
2005-04-12,23.730443954467773,23.79205407676576,23.369282957106954,23.7516900538359,2452720
2005-04-13,23.85579490661621,24.367793932472964,23.666716246598753,24.006632847705966,10028860
2005-04-15,22.882780075073242,23.86641399763104,22.64696260161888,23.836671399253916,5603660
2005-04-18,22.109464645385742,22.706443043171195,21.928884158527655,22.706443043171195,8953240
2005-04-19,22.574735641479492,22.731946782209942,22.372908973239365,22.519498681441625,5691120
2005-04-20,22.97625732421875,23.19932680801989,22.19019855327896,22.19019855327896,6287820
2005-04-21,23.188705444335938,26.864055810157307,22.307045695074876,26.864055810157307,2885120
2005-04-22,22.9528865814209,23.917400883629405,22.74043854007585,23.917400883629405,2867060
2005-04-25,22.94438934326172,23.156837392736364,22.738314475935315,23.156837392736364,2828580
2005-04-26,22.88703155517578,23.101602941309693,22.787180701801503,22.98263253942553,2919100
2005-04-27,22.836040496826172,22.978381922522246,22.564107251493365,22.564107251493365,2047640
2005-04-28,22.93801498413086,23.11434724515095,22.317667100499836,22.816919666977885,4590180
2005-04-29,22.731945037841797,22.955016174870998,22.2220693109538,22.79143024215618,4073600
2005-05-02,22.933773040771484,22.95501914865066,22.731947982723007,22.731947982723007,2006060
2005-05-03,22.957130432128906,23.025113727504586,22.81904052838272,22.901895118970277,4413260
2005-05-04,22.90827178955078,22.944387566160213,22.625715516630212,22.708570119840022,1494380
2005-05-05,23.222694396972656,23.57748385047374,23.114347065155755,23.114347065155755,5354180
2005-05-06,22.984756469726562,23.231195380126252,22.79567782320048,23.231195380126252,2897540
2005-05-09,22.955013275146484,23.57323628000466,19.035345639382598,19.035345639382598,8703540
2005-05-10,22.97625732421875,23.15471291125966,22.731941738374626,22.94863803990288,4435500
2005-05-11,22.731945037841797,22.81692459579817,22.434517395419608,22.678833016725342,6023520
2005-05-12,22.49187660217285,22.94014213657673,22.39839893748956,22.731942325468506,8504740
2005-05-13,22.64696502685547,22.75318906696347,22.39202797893636,22.39202797893636,5353620
2005-05-16,22.92739486694336,23.02937065167833,22.71069855305045,22.901902136397197,2375420
2005-05-17,22.808425903320312,23.57323866395977,22.731944465171345,23.57323866395977,988480
2005-05-18,22.729822158813477,22.816926659330196,22.455763910565093,22.812676789580383,4434500
2005-05-19,23.076107025146484,23.15683669801892,22.90189969463759,23.148338581792885,3958280
2005-05-20,22.844539642333984,23.112224651887658,22.77443139349968,22.778681262377553,1009120
2005-05-23,23.36716079711914,23.475509757530357,22.85941008225775,22.85941008225775,2175720
2005-05-24,23.220571517944336,23.532868776543104,22.73194037555048,23.37353274587336,1422220
2005-05-25,22.955013275146484,23.2503159455827,22.823294895910525,23.2503159455827,2859780
2005-05-26,23.049272537231445,23.344914415931402,22.723639875513655,23.171386624147804,9312100
2005-05-27,23.164955139160156,23.295637069545645,22.967861669696905,23.072835116666514,4060300
2005-05-30,23.14567756652832,23.222801390855807,22.837182269218374,23.059984246779543,1828580
2005-05-31,23.117828369140625,23.308495151091233,22.88003017871429,23.308495151091233,3721540
2005-06-01,22.963581085205078,23.2442251235764,22.880030545011106,23.20137927943843,3363620
2005-06-02,23.126401901245117,23.272080092954603,22.9764397779256,23.222807524348713,2982420
2005-06-03,23.3856201171875,23.43703545872984,22.94430006268432,23.137109636548406,3307520
2005-06-06,23.70482635498047,23.865500729323585,23.186384099371438,23.287072001009815,4690360
2005-06-07,25.208738327026367,25.70575767040764,23.479882086934275,23.704826869684574,11003440
2005-06-08,25.101621627807617,25.485097998868152,24.936663322004232,25.365128321920235,7090440
2005-06-09,24.812410354614258,25.215166903053785,24.636739753921393,25.193743977986735,4001360
2005-06-10,24.69243812561035,25.236588865530717,24.422504721043566,24.850969716149592,6604900
2005-06-13,24.94951820373535,25.065203956593816,24.34538258400628,25.022358107889655,3202420
2005-06-14,25.429397583007812,25.48938405710611,24.936663804253996,25.02235713278727,4845660
2005-06-15,25.32870864868164,26.012109197528133,24.850969464806024,26.012109197528133,4665100
2005-06-16,25.5129451751709,25.665051673801575,25.279432557277797,25.365125875890204,33804280
2005-06-17,25.585784912109375,25.750743200999953,25.19373908511039,25.707897359186948,3939660
2005-06-20,25.647916793823242,25.70790163612657,25.41226135571829,25.697189356659106,4479240
2005-06-21,25.819299697875977,25.922132015116738,25.371554565794067,25.515089945837758,7409900
2005-06-22,25.281579971313477,25.875003328522734,25.067347452767052,25.875003328522734,4708380
2005-06-23,24.874534606933594,25.639344532769822,24.636736411681103,25.639344532769822,4977280
2005-06-24,24.955942153930664,25.165890712045446,24.5553284460719,25.065201180830407,3412040
2005-06-27,25.692903518676758,25.85357789197763,24.850969737201616,24.850969737201616,6432800
2005-06-28,25.279434204101562,25.6157791531335,24.947373185770477,25.6157791531335,3543380
2005-06-29,25.776451110839844,26.132077800905552,25.279431838379086,25.480810886221793,12991060
2005-06-30,27.252517700195312,27.54815797883426,25.77645582084539,25.77645582084539,23277860
2005-07-01,26.481279373168945,26.779062416483097,26.26490409119377,26.404155542652333,4499860
2005-07-04,27.076845169067383,27.2075271230138,26.56482963191899,26.6912260206248,4477220
2005-07-05,27.126121520996094,27.41747787089967,23.047134256810352,26.23277069509684,2953280
2005-07-06,27.702402114868164,27.85022305256028,26.873323443899,27.12183227660049,4670460
2005-07-07,27.445327758789062,28.36438381420997,27.16468368582421,27.64028013291521,13045380
2005-07-08,27.927349090576172,28.0216119144817,27.51816422722652,27.593146910495523,3074900
2005-07-11,28.44793701171875,28.664313965152346,28.064462210680233,28.085886771847804,4453180
2005-07-12,28.195144653320312,28.707160291949407,27.77096514042599,28.407236044232036,6600040
2005-07-13,27.543874740600586,28.192998969322666,27.293221467524365,28.192998969322666,6980040
2005-07-14,27.644556045532227,28.06445311830233,26.950444946017917,27.543869793666598,13679400
2005-07-15,27.01900291442871,27.635991912914566,26.869039186935908,27.635991912914566,5006360
2005-07-18,26.896888732910156,27.33606433974427,26.736214371625064,27.121831858030813,10152100
2005-07-19,27.41104507446289,27.421757352214243,27.053277226279608,27.20752487290007,4910180
2005-07-20,27.48174476623535,28.921387423964767,27.271797832087294,27.55030073514081,5554700
2005-07-21,27.49031639099121,27.800952866972974,26.232769373819707,27.631707358775518,1608180
2005-07-22,27.78595733642578,27.841659884033344,26.27561904315693,27.29322351851163,12133160
2005-07-25,28.906383514404297,29.77831117323844,27.751670715494107,27.751670715494107,26202900
2005-07-26,29.060632705688477,29.478388629536052,28.87853707094303,28.921382910357956,15484700
2005-07-27,30.215349197387695,30.678092164099734,28.59361093472074,29.135618877321345,13549540
2005-07-28,30.215349197387695,30.2153491973877,30.2153491973877,30.2153491973877,0
2005-07-29,29.968982696533203,31.277943332506894,29.137759594790328,29.992548401034007,43754360
2005-08-01,28.98565673828125,29.82116214711442,28.707153845694062,29.5597982461095,6123760
2005-08-02,28.664306640625,29.219167982434342,28.514344557558722,29.13561744551683,6627020
2005-08-03,28.996370315551758,29.521239289173156,28.707155131653977,28.754286543384406,11294380
2005-08-04,29.328432083129883,31.70641447643403,29.00708328776062,31.70641447643403,4080100
2005-08-05,28.884967803955078,29.564084423439486,28.754285850746506,29.431261322086936,4549640
2005-08-08,28.182281494140625,32.777567225954535,27.899493070556755,32.777567225954535,8232600
2005-08-09,28.034461975097656,28.475780353179815,27.63598943848333,27.63598943848333,4424020
2005-08-10,28.289400100708008,28.92138527326405,28.07516761720235,28.92138527326405,6420460
2005-08-11,28.327959060668945,28.792843135975673,28.064454033516718,28.600035217362457,13098020
2005-08-12,28.287256240844727,28.707153355113665,27.893069247974026,27.893069247974026,9285200
2005-08-16,27.730257034301758,28.621465073842305,27.550302507739357,28.621465073842305,8544660
2005-08-17,28.111589431762695,28.62146383725584,27.807379668404245,27.807379668404245,9712800
2005-08-18,28.407230377197266,28.62574517025819,28.11587405085422,28.62574517025819,3056600
2005-08-19,28.22941780090332,28.450077017207747,28.070884572063942,28.192998667709524,3277120
2005-08-22,28.17585563659668,28.831406477977918,27.978762154601075,28.831406477977918,2339700
2005-08-23,27.790241241455078,28.445792193901507,26.98901211796896,27.85022608227183,5191700
2005-08-24,27.918779373168945,28.192996695979623,26.965443821985758,27.635990920248243,11929100
2005-08-25,27.826658248901367,27.935915642982714,27.35106185525343,27.84593838863424,9922060
2005-08-26,27.194679260253906,28.445796514354328,27.00829636129533,28.235849539608164,7304740
2005-08-29,27.370342254638672,27.721681758571005,26.918311588568095,27.55029838876063,9024960
2005-08-30,27.704547882080078,27.848083261767417,27.207526923525293,27.207526923525293,5091500
2005-08-31,27.432472229003906,27.848083801278257,27.081131060398626,27.807379103323562,3057360
2005-09-01,27.072559356689453,27.835224835622263,26.96115755067571,27.835224835622263,2861480
2005-09-02,27.263227462768555,27.441039189413164,27.036139909203193,27.036139909203193,8334960
2005-09-05,27.430326461791992,27.593145245596958,27.254657520599917,27.254657520599917,2009020
2005-09-06,27.52887725830078,27.593147664440522,27.231094203151017,27.464606852161044,2086800
2005-09-08,28.100875854492188,28.150148412827626,27.421759240571326,27.593145889610586,3873220
2005-09-09,28.966379165649414,29.135621410514222,27.94020361037021,28.150150555234177,8359460
2005-09-12,29.02206802368164,29.133469804385694,28.321527050935362,28.964224351345067,5412500
2005-09-13,29.446252822875977,29.56408133706294,28.53790922753239,28.921383916692005,8343600
2005-09-14,29.47624969482422,29.64977750153099,28.972805267443015,29.26416160615088,9095240
2005-09-15,29.660493850708008,29.692630692352004,29.399129896196335,29.47839815710828,8961700
2005-09-16,29.66477394104004,29.906857707237712,29.40555118291498,29.906857707237712,7982860
2005-09-19,30.352453231811523,30.62881493461017,29.864003486648418,29.864003486648418,8056640
2005-09-20,31.37862777709961,31.706403169977722,30.121084319049967,30.121084319049967,13400840
2005-09-21,31.046566009521484,31.51573559423862,30.468139053005896,31.29079086978041,12722980
2005-09-22,29.641210556030273,30.86876193718018,29.32842964949624,30.849481795600823,10153360
2005-09-23,28.70501136779785,29.64549183065531,28.32153339538252,29.64549183065531,12744820
2005-09-26,29.101341247558594,29.137760379326178,28.510060739975014,28.707154242502874,7805680
2005-09-27,29.23202896118164,29.82116843674896,28.929960300075056,29.13562497351099,8501240
2005-09-28,29.82115936279297,30.161788207749936,29.26415689855281,29.564081050918425,15560220
2005-09-29,29.82115936279297,30.292470146050977,29.142042820778748,29.902568747975675,32939180
2005-09-30,29.356279373168945,29.979696736102866,27.08969911856848,29.979696736102866,8151180
2005-10-03,28.992088317871094,29.769753438190726,28.891398768504626,29.356282960571814,10219500
2005-10-04,30.416730880737305,30.635248956425826,29.564086405501847,29.564086405501847,16914460
2005-10-05,30.106088638305664,30.613818544305705,29.870431614589833,30.039677095875216,5747560
2005-10-06,29.223461151123047,29.771895922709486,28.707159952508825,29.76975477415437,8633020
2005-10-07,29.073495864868164,29.28129839568778,28.492924314566032,29.09277600655317,7313220
2005-10-10,29.489105224609375,29.671204175132996,29.13562287233276,29.671204175132996,4209660
2005-10-11,29.555513381958008,29.902568941791706,28.76499503440071,29.902568941791706,4694020
2005-10-13,29.045644760131836,29.474109789898176,28.923530657562623,29.199892432362017,6001420
2005-10-14,28.252981185913086,28.79284469482973,28.064455552935545,28.79284469482973,7900180
2005-10-17,28.038747787475586,28.492919595115136,27.464603046167447,28.492919595115136,9304820
2005-10-18,28.182281494140625,28.6964381038393,28.064452984314013,28.235839610522905,9193300
2005-10-19,27.749536514282227,28.278691070834096,27.078989352297636,27.571723140277513,5812620
2005-10-20,27.58885955810547,27.97876425556278,27.426044043951272,27.893069298959244,7182320
2005-10-21,27.749536514282227,28.278691070834096,27.50745273405807,28.278691070834096,7135200
2005-10-24,27.22894859313965,27.965907232175397,26.9183121428022,27.965907232175397,5399780
2005-10-25,27.02114486694336,27.614568177837914,26.661234198496615,27.614568177837914,10631520
2005-10-26,26.99757957458496,27.421760653863707,26.86475646747496,27.421760653863707,7645620
2005-10-27,26.761919021606445,27.117545696535302,26.573395041616006,27.036136314124896,14684500
2005-10-28,26.177072525024414,26.650526205019386,25.83644196331656,26.650526205019386,7971600
2005-10-31,25.99283218383789,26.821910994645098,25.87928920914079,26.234914344334268,8748100
2005-11-02,26.594820022583008,27.841654629307026,26.37201804652566,26.37201804652566,11421500
2005-11-04,26.594820022583008,26.594820022583008,26.594820022583008,26.594820022583008,0
2005-11-07,26.789775848388672,27.207528586282077,26.39772996546451,26.77906356917527,99692920
2005-11-08,27.33606719970703,27.464606375290344,26.92045725313645,27.20538524143244,13195860
2005-11-09,27.0747013092041,27.76238740117832,26.73407243701956,27.55029932966978,16626560
2005-11-10,27.029714584350586,27.20752795459298,26.738358248725362,27.036141297943683,13405880
2005-11-11,27.216094970703125,27.421757959261893,26.875464471131565,27.029712121166675,15625240
2005-11-14,28.953519821166992,29.22131043464034,27.507450508410916,27.721682999189593,18391580
2005-11-16,29.56194305419922,29.992549190766702,28.794990332621055,28.92138671966789,11577600
2005-11-17,29.943283081054688,29.994696798625814,29.574802850125618,29.778323109679324,8169620
2005-11-18,29.964702606201172,30.292478112099133,29.825452770754463,29.992553880862094,3552720
2005-11-21,29.120622634887695,29.964699221799556,28.964233822615416,29.964699221799556,7852600
2005-11-22,29.028501510620117,29.645492109080013,28.884966138964458,29.26415855001196,8413820
2005-11-23,29.542654037475586,29.778311043955714,28.964227066666325,29.092767846369636,4754700
2005-11-24,29.611209869384766,30.1639299895414,29.392691852362887,30.1639299895414,7971480
2005-11-25,29.891857147216797,29.9411297014504,29.617639839153355,29.69262251340602,5589960
2005-11-28,29.808305740356445,30.16393242504327,29.649772535767266,29.94969995507695,4772240
2005-11-29,29.34556770324707,29.855442112657578,29.1463330421149,29.855442112657578,4299060
2005-11-30,29.43126106262207,30.078240840672343,29.18060943699145,29.392697513871276,7706280
2005-12-01,29.853303909301758,29.996839309948545,28.985661522204115,29.439833432843432,4733020
2005-12-02,29.936853408813477,30.588118828830847,29.778320167796444,29.992552686989224,6731780
2005-12-05,29.452680587768555,30.03539319790331,29.349849912135433,29.992547355466865,3044960
2005-12-06,29.17631721496582,29.731178463113665,29.009216169337726,29.221304197827706,3001160
2005-12-07,29.735469818115234,29.898285331249816,29.17846404492966,29.180608461911536,3881460
2005-12-08,29.489105224609375,29.84259084581484,29.418411369297132,29.735474585254796,7073840
2005-12-09,29.478391647338867,29.769747961686726,29.135618359072556,29.56408333494127,3558000
2005-12-12,29.459110260009766,30.035396215116414,29.309148161953598,29.692626172263545,6600580
2005-12-13,29.769746780395508,30.163933758010216,29.362703108115095,29.73546879914339,11441960
2005-12-14,30.789499282836914,30.97802495412911,29.834020766612966,29.86401318987045,16593580
2005-12-15,30.159645080566406,31.449325388957032,30.031104298600823,31.02086047430892,5990720
2005-12-16,30.028968811035156,30.40816124727294,29.482675288101767,30.05682008179392,10172760
2005-12-19,30.489578247070312,30.63311366406137,29.864016321089068,30.292481423365405,6324660
2005-12-20,31.511459350585938,31.7492575692484,30.463862499489935,30.5281329067636,12918100
2005-12-21,31.147258758544922,32.049178897774034,30.900892725014995,31.894931257483414,8525720
2005-12-22,31.798532485961914,32.006338299139614,31.063716485763877,31.277949013251902,5801320
2005-12-23,30.862337112426758,32.070608425956486,30.63525115833764,31.749259637582316,4688620
2005-12-26,30.352453231811523,31.055138704971537,29.992544269660986,30.76378242988057,4794700
2005-12-27,30.352453231811523,30.630956082386813,29.99682983414218,30.078235945717427,4711060
2005-12-28,30.106088638305664,31.149399717361636,30.007543533063085,30.763783887903813,6511700
2005-12-29,30.268911361694336,30.52813414964457,30.163939518838085,30.421017889470377,4745080
2005-12-30,30.36745262145996,30.549551528524955,30.131795596896804,30.549551528524955,4254200
2006-01-02,30.568832397460938,30.847335268898554,30.292470673960356,30.367453347822533,5371040
2006-01-03,30.562400817871094,30.763779835441284,29.13561197625593,29.13561197625593,2565580
2006-01-04,31.36578941345215,31.4943269861246,30.592409752947265,30.849488167221566,10739840
2006-01-05,31.68497657775879,31.834941900945037,31.07441608493557,31.363627917664164,7707000
2006-01-06,32.946815490722656,33.20603825998402,31.277945715855914,31.70641072566216,17233720
2006-01-09,32.771141052246094,33.12034102285621,31.706405419548368,32.486211476136894,11035400
2006-01-10,32.064178466796875,32.991805600965584,31.93349650865928,32.773287531685156,13599600
2006-01-12,31.991348266601562,32.51193181326327,31.70641857229522,32.06418655175162,7899020
2006-01-13,31.273662567138672,32.254847907687775,31.106561461915742,32.254847907687775,6765760
2006-01-16,31.76639175415039,32.01061664968041,31.149401167999525,31.66356107943465,6856240
2006-01-17,32.09202575683594,32.26126797559305,31.74925248554717,31.74925248554717,5220240
2006-01-18,31.90778923034668,32.241991408965866,30.85376571742135,31.87779681095595,12489720
2006-01-19,31.21152687072754,31.907782349003483,30.86232692325839,31.907782349003483,12867000
2006-01-20,31.070138931274414,31.877796364238417,30.939456976704264,31.299369273278,9704300
2006-01-23,30.82806396484375,31.269385782747083,30.035404149498728,31.085145651056777,8355020
2006-01-24,30.673809051513672,31.23510044763541,30.573122779757195,30.935172973854414,12690180
2006-01-25,30.802349090576172,31.235099662930164,30.555983019131716,30.68880612523966,17554040
2006-01-27,31.5821533203125,32.13487353742766,31.322933837710476,31.91207318589665,13302280
2006-01-30,31.8585147857666,32.08988299656331,31.45361551347984,31.582153045152637,6622920
2006-01-31,32.668312072753906,32.83755429373293,31.277942099857057,31.543591552039867,12300080
2006-02-01,31.654987335205078,33.16318569480185,31.492171841275127,32.77756661030676,12744080
2006-02-02,31.68497657775879,32.220557677916496,31.537158940014457,31.65498416690706,9553120
2006-02-03,31.35720443725586,31.69140655516452,31.042282456397018,31.449326095818243,5538040
2006-02-06,31.912073135375977,32.13487348655427,31.106556881198856,31.357208502122575,11492980
2006-02-07,33.0239372253418,33.206036150512745,31.50074408148695,31.535022064636745,17486980
2006-02-08,32.668312072753906,33.077493625428225,32.13487202040108,33.077493625428225,6704440
2006-02-10,32.65117645263672,33.07749704000218,32.22913816168772,32.94467393466362,12122420
2006-02-13,31.982765197753906,32.64902833499651,31.83708868182011,32.177717537249016,5819760
2006-02-14,32.04490280151367,32.561203992570036,31.67213701584722,32.177725926426625,11979880
2006-02-15,31.86707878112793,32.349101821514736,31.577863649324662,32.09202352042737,8121820
2006-02-16,32.56333541870117,32.9446689535375,31.547872334751254,31.867079891656573,9489300
2006-02-17,31.807100296020508,32.884689535237456,31.556448657306742,32.884689535237456,9582640
2006-02-20,30.943742752075195,31.91635686151646,30.849479929262774,31.70640992729785,10184960
2006-02-21,31.055145263671875,31.277945629829755,30.9565968733589,31.277945629829755,7511140
2006-02-22,31.13440704345703,31.265088988410977,30.915888996221458,31.055142071066825,6388940
2006-02-23,30.933025360107422,31.226522789862397,30.506701579741716,30.935166507934312,22109140
2006-02-24,30.483139038085938,30.943740844999827,30.249626412555703,30.943740844999827,19275300
2006-02-27,31.198673248291016,31.350776459671703,30.680231103108486,30.853758867409635,6295700
2006-02-28,31.58429718017578,31.877797939888403,31.010155626097863,31.464327498364195,9854140
2006-03-01,31.99990463256836,32.1348721416202,31.063709736899526,31.492174698787796,9687980
2006-03-02,32.48835754394531,32.56334022703952,31.494318867771774,32.13058965872229,10085820
2006-03-03,32.55049133300781,32.65974874717066,32.00848329026224,32.56334476185885,9819440
2006-03-06,32.567623138427734,32.73472421446142,32.39195093243277,32.5633375734471,6337520
2006-03-07,32.4669303894043,32.7347209678901,32.10273585644919,32.10273585644919,11025360
2006-03-08,32.56547927856445,32.98109082773229,31.706408179698975,32.34910564280098,16202260
2006-03-09,32.14344024658203,32.5419127949207,31.663561577737713,31.93135218095111,14531960
2006-03-10,32.09202575683594,32.7518621792635,31.927065833997005,32.22056328187309,15856220
2006-03-13,32.95966720581055,33.20603324164506,31.3207868296241,32.34696220362694,10989660
2006-03-14,32.64902877807617,33.24888037831728,32.14986997428972,33.24888037831728,7331980
2006-03-16,32.88896179199219,33.07748409733613,32.35338074592828,32.35338074592828,12118500
2006-03-17,32.74543762207031,33.077495368638246,32.27412352578989,33.077495368638246,4807020
2006-03-20,32.80113220214844,33.20603142228238,32.52048820154342,32.77756650070454,10559760
2006-03-21,32.340538024902344,33.12034415524172,32.177719240910896,33.12034415524172,6651520
2006-03-22,32.449806213378906,32.77758176956015,32.13702523659532,32.21629350688393,8610360
2006-03-23,31.789960861206055,32.52049447803272,31.63357204994676,32.10059733551756,5685020
2006-03-24,31.485754013061523,32.130592727328015,31.280089353657196,32.130592727328015,6767380
2006-03-27,31.631427764892578,32.940388489166516,31.492177945494134,32.940388489166516,36594320
2006-03-28,31.822086334228516,32.00632636995667,30.892318296010323,31.3250687555444,6186960
2006-03-29,31.974205017089844,32.13487941416065,31.556452238491552,31.79210605950468,6608660
2006-03-30,33.39884948730469,34.791360905949304,31.792105542714747,31.792105542714747,12539560
2006-03-31,33.173892974853516,33.63449139014116,32.563329243958314,33.20602653166802,9886800
2006-04-03,33.156761169433594,33.4588264756945,32.64902797930589,33.173900159755824,6365740
2006-04-04,35.68470764160156,35.94606827354909,33.33457695074527,33.33457695074527,13883040
2006-04-05,36.03390884399414,36.24814136181685,35.6482896581275,35.948217144436576,7771640
2006-04-07,35.03557586669922,36.59090565377767,34.3200402185723,35.87965230132002,7324740
2006-04-10,35.3612174987793,35.98677603431398,34.70566654266859,35.091285713595084,4238640
2006-04-12,34.66281509399414,35.34835835991598,34.3735999452963,35.30551251871989,5791500
2006-04-13,34.446449279785156,35.00559634986863,33.86159535050264,34.662826241141055,7893600
2006-04-17,34.90275955200195,35.221967163366756,34.07368079825345,34.50000139389449,7736800
2006-04-18,35.753257751464844,36.07674761307216,35.3055126616362,35.3055126616362,6102860
2006-04-19,36.35525894165039,36.74944600422356,35.991064301905,35.997491016158875,9822560
2006-04-20,36.419525146484375,36.633757647346044,35.573307421866474,36.398100588826786,7620100
2006-04-21,36.36168670654297,37.062228000818095,35.88394907593659,35.88394907593659,28008920
2006-04-24,35.236968994140625,36.32098517674041,34.662827327834535,36.09818476252906,11868720
2006-04-25,35.33336639404297,35.77682925994361,35.13413172832786,35.2669548388046,17786760
2006-04-26,35.86465072631836,36.50520357910605,35.196243343550854,35.348349802240044,18299760
2006-04-27,35.3140869140625,36.59091413911578,34.5449929713669,35.862521628284746,18850140
2006-04-28,35.02058792114258,35.17697673479301,31.74497108279975,34.23435501855357,19290100
2006-05-02,36.4752197265625,37.31929619437723,35.60543640800925,35.94820967285409,17044980
2006-05-03,36.9850959777832,37.44783892865157,36.42380791468609,36.54806314791528,8016660
2006-05-04,37.86559295654297,38.34333049834678,36.2502814053816,36.41952363571318,9527480
2006-05-05,37.64707565307617,38.17623018036117,36.89512076800571,37.704919342367276,9352040
2006-05-08,37.53781509399414,38.34761360012499,37.06221873084705,38.04768943819808,32176720
2006-05-09,36.5330696105957,38.300487815280555,36.33383494569881,37.74991196530043,14694840
2006-05-10,37.32143783569336,37.696344636080184,36.56733867047262,36.633750209226974,18600680
2006-05-11,37.534881591796875,37.892764796725295,36.00416430831763,37.470202794380796,6720720
2006-05-12,37.741851806640625,37.89707961282908,36.707000861951045,37.0821352751899,4342920
2006-05-15,36.37282943725586,37.7289129169158,35.8338449670142,37.38396154008109,7634320
2006-05-16,36.55177307128906,36.65094767127955,35.40050291631933,36.21976005161744,7620200
2006-05-17,36.40516662597656,37.297724763290425,35.65921068324272,37.297724763290425,6975220
2006-05-18,35.34228515625,36.39222905371647,34.667478892779194,36.090395801732534,10689980
2006-05-19,34.911102294921875,36.00416443496776,32.99447355329514,35.961046333105465,9194180
2006-05-22,33.932308197021484,35.961046653315016,30.614319732273643,34.92619575090373,7656500
2006-05-23,33.684364318847656,34.4949955294992,32.037228413902035,34.27940180743983,10653680
2006-05-24,33.14107894897461,34.45188963784257,32.20971216094989,34.106938244566685,24265960
2006-05-25,32.690486907958984,34.06381827560695,31.39907894220564,32.384344125815645,17455920
2006-05-26,33.371761322021484,34.02070073562885,32.33906851491333,32.77025609511217,6039860
2006-05-29,32.95567321777344,33.97758916347171,32.686180928373126,33.63263771715899,4832680
2006-05-30,32.343379974365234,33.12382840954792,31.30852916674121,33.12382840954792,5578720
2006-05-31,32.132102966308594,33.41704364020011,30.840698030395806,31.57371573630053,12457300
2006-06-01,31.849674224853516,33.30924531274838,31.606055444352176,32.770260760762156,10589920
2006-06-02,32.988006591796875,33.417039443786656,31.64917091824898,31.907882823744675,8813740
2006-06-05,31.88201332092285,33.37392207476628,31.481008707194675,32.89961635598144,6723300
2006-06-06,31.15761947631836,31.69229122346196,30.84069630090769,31.69229122346196,3770720
2006-06-07,31.077848434448242,31.463763221898024,30.61432302841935,31.118811787387674,4635600
2006-06-08,29.866212844848633,31.26110518056436,27.59601009042923,30.65744180189607,14506360
2006-06-09,30.73073959350586,31.04550799705529,28.512280782017793,29.62258756464343,7441120
2006-06-12,29.84895896911621,31.383988960136406,28.680441045507926,30.954956142346056,7149800
2006-06-13,28.098339080810547,29.228051726123734,27.59600515471461,28.932685996456065,7793300
2006-06-14,27.550731658935547,29.01030094846322,26.52666111787303,27.940957552027996,19552540
2006-06-15,30.083951950073242,31.252473029147403,27.76847706329537,27.76847706329537,15544960
2006-06-16,31.670726776123047,33.05052902079967,30.614318509628617,30.614318509628617,24585060
2006-06-19,31.748334884643555,31.91218824234242,30.37715848388248,30.37715848388248,3769620
2006-06-20,30.569042205810547,31.347335923605876,30.193911114542562,31.04550593181552,5362620
2006-06-21,30.573362350463867,30.920468569293103,30.269374242295832,30.829919549994298,4450520
2006-06-22,31.51766014099121,32.770259671832186,31.26110297641886,32.11485592586377,3886540
2006-06-23,32.31319046020508,32.360621345676535,30.295232943681075,30.390094714623984,5514720
2006-06-26,32.8392448425293,33.287676992157635,31.27187720315275,31.27187720315275,15341120
2006-06-27,31.953157424926758,32.765943653839535,31.519811796715228,32.33906886592538,7523400
2006-06-28,31.33224105834961,33.417032291032655,31.133895196934535,33.417032291032655,10551840
2006-06-29,32.31105041503906,32.81338449846566,31.526288904253143,31.90789095366671,21540020
2006-06-30,34.32036590576172,35.13315517715311,32.55896555205035,32.55896555205035,12039800
2006-07-03,33.567955017089844,34.495009043062225,33.24456430731114,34.495009043062225,10040440
2006-07-04,33.945247650146484,34.061670159805814,33.63263725666253,33.63263725666253,4172900
2006-07-05,34.8140869140625,35.184908524009074,33.54855232400902,33.632633776863166,12820100
2006-07-06,34.4950065612793,34.70844559866928,33.93446138877844,34.51656725626017,7704840
2006-07-07,33.602447509765625,34.92403846641056,32.38218589539168,34.58124184759802,3791100
2006-07-10,33.572265625,33.6326316237127,32.89961404522981,33.24887493631046,2795580
2006-07-11,32.83709716796875,33.41919987667991,32.55682451867792,33.41919987667991,2273680
2006-07-12,32.82200622558594,33.28768640335075,29.320761203467786,29.320761203467786,6166200
2006-07-13,32.18168640136719,32.98585032811967,32.02214581025937,32.59778084278998,4184100
2006-07-14,31.44651222229004,32.16659473444127,30.855784018057395,32.16659473444127,9449000
2006-07-17,30.504358291625977,31.476684837591343,30.280138968359488,31.476684837591343,10783540
2006-07-18,30.62510108947754,30.786796445504663,30.226251228730455,30.398726933099475,8153400
2006-07-19,30.062402725219727,31.002391910071253,29.84249610815659,30.700558588872696,5204760
2006-07-20,31.323619842529297,31.907880452334002,30.657435830721433,30.657435830721433,8917160
2006-07-21,30.60785675048828,31.34734201901575,30.398730469190834,30.829918135420492,6075420
2006-07-24,31.45513153076172,31.79361534812636,29.851116553335157,30.398723313067066,5664600
2006-07-25,33.028968811035156,33.19713170834087,31.907881732430358,31.907881732430358,9657240
2006-07-26,33.68006896972656,33.805113788058705,32.386505967298554,32.558981692229125,7089160
2006-07-27,33.98405838012695,34.27942089107531,33.21223203070844,33.84823320691084,17956240
2006-07-28,34.30097961425781,34.55106595648697,33.41704359678513,33.58951931845062,12997020
2006-07-31,34.2794075012207,34.710595016959324,34.10261904071202,34.2794075012207,7149520
2006-08-01,33.682212829589844,34.322526571864564,33.42134621737408,34.322526571864564,4727080
2006-08-02,33.621849060058594,33.93445938058027,32.94488472794338,33.50542986727189,12695780
2006-08-03,34.402305603027344,34.7106031701407,33.63694692487608,33.63694692487608,7324740
2006-08-04,34.51225280761719,34.62004969796218,33.93445976472401,34.408768714002,4704860
2006-08-07,34.64591979980469,34.71059859176662,34.11771569656563,34.11771569656563,14445100
2006-08-08,35.07928466796875,35.18061077372526,34.667499532357375,34.883093430830115,3438540
2006-08-09,34.87660598754883,35.31426108868549,34.62867117187686,35.31426108868549,6521840
2006-08-10,34.73000717163086,35.25821136504613,34.41308399764158,35.25821136504613,4101960
2006-08-11,34.9542236328125,35.18490728675674,34.63083293479139,34.936975734154004,2699400
2006-08-14,34.81624221801758,35.09866955564586,34.55321753189807,34.84426717363021,1755060
2006-08-16,36.48493957519531,37.48745276634023,35.27761621202249,35.70233628124789,13071100
2006-08-17,36.59273910522461,36.86438943094291,36.00416888233615,36.646637561635295,9866860
2006-08-18,36.26719665527344,36.59490021885784,35.83816372196031,36.30600196808819,4090560
2006-08-21,36.11412048339844,36.26288074917331,35.32289153949364,35.32289153949364,3671260
2006-08-22,37.02607345581055,37.5133141681859,35.795031641099335,36.34695113929081,8039200
2006-08-23,36.77815246582031,37.51332825154256,36.400863244899625,37.082140570490346,3791960
2006-08-24,36.795387268066406,36.982952789843424,36.004158549790084,36.435346077332476,4452800
2006-08-25,36.65093994140625,36.888094398083496,36.28443119993214,36.888094398083496,5397320
2006-08-28,36.45475387573242,36.65094501800391,36.21975742955681,36.64663222100337,3380620
2006-08-29,36.45475387573242,37.084287360101165,36.26503357381185,36.560396019194044,4381540
2006-08-30,36.21976089477539,36.931221141720016,36.05375273622485,36.21976089477539,3962340
2006-08-31,36.73933792114258,37.03901315257872,36.1356746614273,36.305992305174414,10372740
2006-09-01,37.782814025878906,37.94450937834344,36.73718276406146,36.75874346027021,7465120
2006-09-04,37.95744323730469,38.23771583033933,37.78281278871317,37.836711237769826,2692780
2006-09-05,37.71597671508789,37.987623695868514,37.51331803384043,37.51331803384043,2327620
2006-09-06,37.254608154296875,38.11267053083996,37.095067562902344,37.944507635178255,5832640
2006-09-07,36.5970573425293,36.99590729513248,36.31462991531028,36.93554127815595,11533820
2006-09-08,36.61644744873047,36.75874013555742,36.286589222713495,36.737179441298764,7094020
2006-09-11,35.478111267089844,36.86653571146423,35.184903600018856,36.823417614186134,16124040
2006-09-12,36.243465423583984,36.64446992994511,35.14824877943963,35.99553392710407,13062940
2006-09-13,37.67716979980469,38.33257676787597,36.53021254023023,36.694062637397955,10416500
2006-09-14,37.31929397583008,37.858278560751366,37.12957034923352,37.72892094448992,4153120
2006-09-15,37.85396194458008,38.24634097217859,37.43786417634871,37.64268092971935,6452060
2006-09-18,38.076019287109375,38.24418217970771,37.567217812409254,37.57368536291687,3088820
2006-09-19,37.989784240722656,38.24633809461508,37.73969464783397,37.94450809609443,5656640
2006-09-20,37.759098052978516,37.972537099567774,36.78461315450579,37.728915052524506,4892100
2006-09-21,38.09326934814453,38.14716779856871,37.64267909212648,38.114826754494,4567980
2006-09-22,37.76555633544922,38.548162691176834,37.21148211530203,37.948812336610075,5001060
2006-09-25,37.8712043762207,38.19890455489715,36.920435012075174,37.08213034789448,5376480
2006-09-26,38.317481994628906,38.50289277893474,37.565061800054096,37.944505672486954,7099660
2006-09-27,38.77455139160156,39.02248297862412,38.46409575204934,38.59129532140175,8805340
2006-09-28,40.06163787841797,41.165476982062756,38.8521566380181,38.97719813579347,17390220
2006-09-29,39.899940490722656,40.57474675209773,39.4536598089102,40.316034886700585,5290540
2006-10-03,39.65848159790039,40.10044957644106,39.51834693407799,40.10044957644106,4448160
2006-10-04,38.382171630859375,39.66495433959621,38.216163450526075,39.539909515811466,8581240
2006-10-05,40.1435661315918,40.359159938195084,38.72064898183036,38.81982029063563,8565920
2006-10-06,40.262142181396484,40.747228231774756,40.15003248419298,40.488516329513075,4394920
2006-10-09,40.09613800048828,40.31388986560645,39.88485697653955,39.88485697653955,3071960
2006-10-10,40.44538879394531,40.7472187279018,40.100437478252566,40.100437478252566,2897020
2006-10-11,41.6462516784668,41.911431116879015,40.6200264307633,40.734290875351505,6854880
2006-10-12,41.35736083984375,41.706621758265236,40.8765875661388,41.706621758265236,9512260
2006-10-13,42.59056091308594,43.11661037399921,42.12703221413991,42.15721521814145,6900340
2006-10-16,45.22294998168945,45.919320257720635,42.773804516169584,43.075637781143165,19710100
2006-10-17,43.455081939697266,45.792117734471574,42.929032588096405,45.23157587810837,30601940
2006-10-18,42.249916076660156,44.369203466609925,42.064505282217645,44.369203466609925,27611500
2006-10-19,41.544925689697266,43.032524922462486,41.178416878042206,42.42886160871865,11480720
2006-10-20,41.400482177734375,42.204646228261126,41.10296164490487,42.08391421195371,9954600
2006-10-23,41.80363464355469,41.945927334749705,41.18919431472193,41.40478810512644,3487420
2006-10-26,43.11013412475586,43.33435021071642,41.60959995357348,41.60959995357348,22114980
2006-10-27,43.08857727050781,43.67930547051414,42.782434467346974,43.334354072465125,9061660
2006-10-30,44.38429260253906,44.714150838865265,42.226199943682616,42.700505624896095,9888180
2006-10-31,43.31710433959961,44.75295978536328,43.16187654601974,44.75295978536328,8675460
2006-11-01,43.073486328125,43.8949015166449,42.86867286430318,43.73967370855457,4095260
2006-11-02,43.57366180419922,43.89058494431719,42.51509548692626,42.9462830746024,5641880
2006-11-03,43.18558883666992,43.63617903994666,42.946279613209555,43.40980820642196,4321760
2006-11-06,43.071319580078125,43.580120967197594,42.916091815214585,43.54993797345744,2223120
2006-11-07,42.896705627441406,43.96820725092505,42.773815562393985,43.33436084946139,5534540
2006-11-08,43.23086929321289,43.62756109197855,42.47844575395062,43.09504414777779,9443560
2006-11-09,43.88627624511719,44.10187005908589,43.334356607709395,43.37747471256303,6698440
2006-11-10,45.03753662109375,45.27469108072988,43.981128478423315,44.300206332542984,12615760
2006-11-13,45.5247917175293,45.9214835559019,45.08066897568816,45.26823454595878,8058260
2006-11-14,45.94950485229492,46.34188383378831,44.85428802013625,45.69294771954534,11355360
2006-11-15,46.41519546508789,46.56826853598474,45.964605137763286,46.137080864355255,16733080
2006-11-16,49.34294509887695,49.58656711173858,46.56394153450707,46.9563237750559,35798540
2006-11-17,48.575439453125,49.53052171549386,48.20893064426329,49.45721732196122,17354240
2006-11-20,46.84852600097656,48.28438127179593,46.05082972486574,48.12052790425871,14746560
2006-11-21,47.102928161621094,47.99117677275147,46.137068947756035,46.94339086973312,12461440
2006-11-22,46.4604606628418,47.626823829102875,45.92363095395359,47.60310838116725,17546600
2006-11-23,47.99333572387695,48.40512066946842,46.56826058099102,47.34439957322099,7011380
2006-11-24,47.68934631347656,48.590530078101324,47.34439821878734,48.07741579848961,8895040
2006-11-27,47.90278244018555,48.23264065996632,45.71666164551102,46.837748642064625,2316860
2006-11-28,46.87871551513672,47.818704597014936,46.643719067092235,47.64622890232439,4645680
2006-11-29,46.88519287109375,47.63330376262994,46.5682696616095,46.611387771874504,7745780
2006-11-30,48.37062072753906,48.56896661084724,47.1762326309637,47.1762326309637,18356040
2006-12-01,48.45255661010742,48.93117515683473,48.09035727947835,48.508609819384255,9143700
2006-12-04,47.44572830200195,48.89667362910429,47.34870846196563,48.4223679354722,6395980
2006-12-05,46.81403350830078,48.29300697860867,46.57041148289218,47.68718897991653,5469300
2006-12-06,46.88087463378906,47.77559094405767,46.65450046903673,47.63329823596185,5051120
2006-12-07,47.69581985473633,48.073109039556385,46.913216525505995,47.331465772758,6126360
2006-12-08,46.82051086425781,47.68935372109768,46.74074220122857,47.58155680794434,3701000
2006-12-11,44.528743743896484,46.97788953915209,42.741472519550925,46.97788953915209,13335340
2006-12-12,44.332550048828125,46.00771135140049,43.1618741123953,44.19672491467901,12647160
2006-12-13,44.8046989440918,46.137066866122964,43.56287672116581,44.62359767678185,8708600
2006-12-14,45.0914421081543,45.615336754588114,44.42310329969141,45.274698154660435,9197580
2006-12-15,45.5506706237793,46.34836725039857,45.27686549958441,45.74901658085157,6155600
2006-12-18,45.994773864746094,46.382843306682,44.49855258232089,45.70156620747228,6566220
2006-12-19,44.789615631103516,46.26643459835828,44.298061989880445,46.26643459835828,10369940
2006-12-20,44.01131820678711,45.188461802425756,43.33435380627706,44.830575304845844,13982640
2006-12-21,43.5197639465332,44.35626893068476,43.11875935296264,43.97682174297052,8435360
2006-12-22,43.36884689331055,43.938014358232714,43.16187541074789,43.938014358232714,7372820
2006-12-26,44.4489631652832,44.61928407048453,43.291225777295146,43.76121857453514,3797560
2006-12-27,45.69295120239258,45.843866206777825,44.6279172876304,44.6279172876304,4520940
2006-12-28,46.57041931152344,46.9132159813563,45.580844479201694,45.92148310545222,9042300
2006-12-29,46.048675537109375,47.37457928258923,45.83523979634779,46.82696922897249,6219780
2007-01-02,46.13706970214844,46.55963496558007,45.92363067203806,46.55963496558007,4033540
2007-01-03,45.93441390991211,46.13707260565347,45.406209764656595,46.05083640264451,3032100
2007-01-04,45.276851654052734,45.921478284688575,44.627915516105794,45.533408796173696,6866840
2007-01-05,45.57221984863281,46.30308272072631,44.591267371592174,45.47735804746663,11909340
2007-01-08,44.19457244873047,45.447171849430426,43.83237316881833,45.447171849430426,6214060
2007-01-09,43.71811294555664,44.62576434178097,43.295550916158994,44.498561492495504,10463200
2007-01-10,43.060543060302734,43.91645059632823,42.90316052822471,43.914295842905204,7135500
2007-01-11,42.952754974365234,43.88627659097056,42.303818773497575,43.48527196224057,20115340
2007-01-12,45.774871826171875,46.128445485113595,43.80865436379114,43.9078289476272,13665140
2007-01-15,47.17192077636719,47.55999024698165,46.352663736114444,46.56610276737742,9705900
2007-01-16,47.26247787475586,47.633299511401106,46.57688781083708,47.60311650793932,12846940
2007-01-17,45.75547790527344,47.43064289594179,45.23158647416101,47.38752478761291,17386300
2007-01-18,45.75116729736328,46.30955451759539,45.330756704586285,45.92148497256316,13192660
2007-01-19,46.06808090209961,46.473398292619926,45.36093351206433,45.36093351206433,9001000
2007-01-22,45.54634475708008,46.26643054535314,45.08281940547013,46.13707295017347,6886040
2007-01-23,44.53736877441406,45.49029300080431,44.34764517270184,45.49029300080431,10682440
2007-01-24,45.6390380859375,45.914997802336735,44.84349668096654,44.84349668096654,6323880
2007-01-25,45.96891403198242,46.35267076396853,45.404059282818714,45.75116546059273,10185640
2007-01-29,45.80937194824219,50.01776405163371,45.28763532143317,46.13707546142075,10488760
2007-01-31,46.50790023803711,46.82697817823555,45.10222757653479,45.96460287738517,16488260
2007-02-01,47.600948333740234,47.9049363472888,45.988307811115845,46.57041034810888,8651320
2007-02-02,47.69365692138672,48.50860115765939,47.27109165938975,47.840259114718286,18093780
2007-02-05,47.57509231567383,48.02568265210208,46.79679842107006,46.83776177705462,4368420
2007-02-06,46.969268798828125,47.89201006643234,46.61784982669128,47.89201006643234,6354440
2007-02-07,47.51472091674805,48.06017300736433,46.49711784333494,46.7838580130175,10890960
2007-02-08,47.85319900512695,48.29300888860871,47.17192184020604,47.857508512336466,6671280
2007-02-09,48.02568054199219,48.29301807634998,46.91321887576315,46.92399593553743,9017100
2007-02-12,47.260318756103516,48.29301161960824,46.79894815168277,47.238758060036055,8921780
2007-02-13,46.08101272583008,46.999440984632336,45.33074405161998,46.999440984632336,22695760
2007-02-14,43.86255645751953,45.19923731403439,43.34513267102998,45.19923731403439,26720800
2007-02-15,44.92112731933594,45.91716968958912,43.98545095396473,44.196731971051655,15603000
2007-02-19,44.552452087402344,45.347993639924724,44.26355721973024,45.231574449416534,11822340
2007-02-20,44.4813117980957,44.8391949850291,44.244157316061404,44.811170029661504,4645380
2007-02-21,43.80866241455078,44.49856196247667,43.549950495291135,44.41232575262364,22538940
2007-02-22,42.571163177490234,44.15362125101454,42.17015848387525,43.89490928829221,21479960
2007-02-23,41.3163948059082,43.067015371303,39.88485213648924,42.234823189732026,10172580
2007-02-26,41.03828048706055,42.55821412089961,40.53163374931402,42.15720952774924,7509420
2007-02-27,42.0796012878418,42.299507910998344,39.66926389747544,41.17842067618375,12713780
2007-02-28,40.31603240966797,40.876577491671554,38.80687611625794,39.065587965759725,18341040
2007-03-01,42.269325256347656,42.64445970016199,40.57475764209095,41.39401484381494,12116680
2007-03-02,40.428157806396484,42.25639264886372,39.84389705240552,42.25639264886372,13026420
2007-03-05,40.0163688659668,40.48851985580841,38.09758519323667,39.74040904089326,9433540
2007-03-06,40.012062072753906,40.66100167056774,39.25317408477189,40.05733822899484,13449560
2007-03-07,39.477378845214844,41.3896947014173,39.0655939185942,41.22153180913141,9825280
2007-03-08,42.00414276123047,42.68757475009161,39.477383022948,39.62614327948979,10255320
2007-03-09,42.12270736694336,42.64444384023377,41.23230413859304,42.3857320016178,8808060
2007-03-12,40.9649772644043,42.42239347598161,40.753696258886414,42.12271822183367,9646900
2007-03-13,41.400482177734375,41.82520227848057,40.544574424632714,41.3940146261251,6891480
2007-03-14,40.22765350341797,40.48852349525887,39.45367241336166,39.936603795500595,10374460
2007-03-15,39.60026550292969,42.256382556996996,39.4536633057676,41.60960119132867,10091540
2007-03-16,38.95779800415039,40.3160395672989,38.181662317851405,40.3160395672989,9597300
2007-03-19,39.8697509765625,40.2297954373224,39.02462386352337,39.238062862285894,5299660
2007-03-20,41.1891975402832,41.350892895749084,40.2513631627009,40.316041962827335,18142200
2007-03-21,41.63547134399414,41.820882133521046,40.962819777198916,41.30777115436065,6889140
2007-03-22,44.23553466796875,44.49855936930332,42.08390944742723,42.64445464790755,9608520
2007-03-23,43.59952926635742,44.41231873915604,42.94628037526331,44.41231873915604,11551640
2007-03-26,41.963172912597656,43.89489461528505,41.70661578984933,43.89489461528505,15065200
2007-03-28,41.327178955078125,41.95455774673257,41.04906109128467,41.95455774673257,8616320
2007-03-29,40.262142181396484,41.17626107840143,40.01421062708327,41.049058236129994,51260300
2007-03-30,41.141761779785156,41.820880876643265,40.44539478561731,40.79034286271189,21617760
2007-04-02,38.8651008605957,39.75550114620442,38.586982976193575,39.24239006508946,13241560
2007-04-03,39.419158935546875,39.833098524769724,38.85645913822686,38.85645913822686,13015840
2007-04-04,39.88701629638672,40.40228545715489,39.6692676960432,39.884861542217344,7502780
2007-04-05,40.64373779296875,40.87657945561731,39.58301685625853,39.88700156693599,5772400
2007-04-09,41.87479019165039,42.04079836786024,40.64375122013683,40.94989407502586,4271380
2007-04-10,42.77165603637695,42.903168392686275,41.135299800274474,42.040793148612174,7468740
2007-04-11,42.228355407714844,42.989401237892984,42.04078985950727,42.68757124196122,8853740
2007-04-12,41.32286834716797,41.82520235787979,41.04906326628626,41.82520235787979,7133340
2007-04-13,42.308128356933594,42.5582146639376,41.0490580689086,41.394009463652495,8401980
2007-04-16,42.038631439208984,43.0756369722762,41.66134233235169,42.68756751871156,6233680
2007-04-17,42.172306060791016,42.860050853357286,41.89634624222594,42.29950562144043,14800380
2007-04-18,42.27362823486328,42.77380408740285,42.00198125984007,42.471974115154836,6378140
2007-04-19,42.362030029296875,42.773811717093096,41.398325409984785,41.674285230892444,6470360
2007-04-20,42.885921478271484,43.506832720973364,41.825200298456146,42.49354244384779,7150040
2007-04-23,42.549591064453125,43.47664503112503,42.42885906687729,43.075640445062305,6792960
2007-04-24,43.71164321899414,44.179481373109105,42.094689709043685,42.54959276143109,34375140
2007-04-25,44.4554443359375,44.84351386385327,43.76554478058756,43.76554478058756,32408380
2007-04-26,44.604209899902344,45.059113038723424,43.38610600684116,44.81980374219289,25270200
2007-04-27,43.748287200927734,44.843503941966674,42.48275282988484,42.48275282988484,7118740
2007-04-30,44.16007614135742,44.412320479413374,41.83597536196996,43.37746963554527,10217700
2007-05-03,43.31710433959961,44.84350878333483,43.11875844551427,44.19672740665212,20557680
2007-05-04,43.45292663574219,43.98113073416843,43.161873719415496,43.334349399842424,8374140
2007-05-07,43.12091064453125,43.97681821214417,43.032519695126645,43.59952909809767,8307880
2007-05-08,42.74363327026367,43.11445493595077,42.56684803319939,43.11445493595077,9539920
2007-05-09,42.89023208618164,43.03252478698694,42.25638577323111,42.70913407953874,4185720
2007-05-10,43.6275520324707,44.196719409374175,43.12953098889262,43.12953098889262,12945160
2007-05-11,42.7996826171875,43.5499481291881,41.28836795541487,42.54097071198388,14292300
2007-05-14,42.94197082519531,43.97897975012828,42.741470173425284,43.33435311404026,15756120
2007-05-15,43.59522247314453,43.752605021435244,42.90531970151904,43.02389694599844,10986900
2007-05-16,44.647315979003906,45.0504785924409,43.435679964543176,43.981131975375504,47687660
2007-05-17,45.237728118896484,46.0126349256943,44.80577511341207,45.322381859338115,23042340
2007-05-18,46.46413040161133,47.40617542677334,44.844855339867124,45.14873976343816,41166740
2007-05-21,48.048675537109375,48.70854024002605,46.668165937814095,46.885227174734155,22417600
2007-05-22,48.40899658203125,49.181734033132116,48.02479727643415,48.73458842797318,15106340
2007-05-23,48.38944625854492,48.838764481578984,46.69202958862787,46.69202958862787,10822920
2007-05-24,47.3692626953125,48.6651182681087,46.88521716767978,47.99656940363717,7011260
2007-05-25,46.4163703918457,47.102284640498674,46.06473227605776,46.103801705771374,13399620
2007-05-28,48.932106018066406,49.27289370086734,47.70571153052445,47.70571153052445,14364120
2007-05-29,49.68096923828125,49.96748830416017,48.66946323667106,48.92559386659175,8731440
2007-05-30,47.929298400878906,49.70703072848297,47.579829624408944,49.70703072848297,13106680
2007-05-31,49.81988525390625,50.351684506963736,48.24401889484016,48.24401889484016,18391000
2007-06-01,50.0738525390625,50.57526341898998,49.53336891789724,49.7938417151476,14867460
2007-06-04,50.722862243652344,51.408776465949494,49.83725541659244,50.6186737896614,9738760
2007-06-05,50.34083557128906,50.575262076217754,49.930590015686654,50.35820086559021,6234920
2007-06-06,48.93427276611328,50.445016718492056,48.534880991308846,50.35819357165309,9076620
2007-06-07,47.99440383911133,49.05149086232874,47.79687734490579,48.595664312728864,6244300
2007-06-08,47.3605842590332,47.7534645052555,46.71591222324496,47.31934210066227,9823080
2007-06-11,47.638423919677734,48.969010193942395,47.31934367670696,47.99223475107459,9177920
2007-06-12,47.239036560058594,48.36124272207082,46.49451481863003,48.05735501271755,3986840
2007-06-13,47.0111198425293,47.319346380215514,46.661651142742215,47.23903478797155,7293920
2007-06-14,47.59718704223633,48.62171632986875,47.31934892817583,47.71005981110202,6880320
2007-06-15,48.202781677246094,48.534885044168696,47.5364022116895,47.753463409003146,7628140
2007-06-18,47.25205993652344,48.83660758625443,47.028487133417876,47.81207831031233,3837780
2007-06-19,47.75129318237305,48.17456184756311,46.88521782737572,46.88521782737572,12678440
2007-06-20,47.755638122558594,48.42852923366044,47.19779250591006,47.53640748132184,13362220
2007-06-21,47.831607818603516,48.36123769485383,47.57981602299416,47.75346565141755,25488140
2007-06-22,47.883705139160156,48.52186232624243,47.623229032654905,47.623229032654905,12899220
2007-06-25,47.74478530883789,48.1789077297464,47.408339770215555,48.1789077297464,7349860
2007-06-26,47.69703674316406,48.187593939565225,47.31934900371721,47.31934900371721,14878840
2007-06-27,47.334537506103516,47.916259932696754,47.0154572769185,47.916259932696754,9577740
2007-06-28,47.636253356933594,47.86199555210415,46.66815892835552,47.49299216718189,14650180
2007-06-29,49.78298568725586,49.96748571311687,47.44957787432362,47.75346221814819,18784100
2007-07-02,49.817718505859375,50.57526334226593,49.099246410631324,50.57526334226593,10032480
2007-07-03,49.9457893371582,50.922564852392654,49.48995943854555,50.21060429736686,8261500
2007-07-04,49.956634521484375,50.13462629766214,49.09924343246672,50.0977262906209,5851020
2007-07-05,49.016761779785156,50.332152122011095,48.71287411249343,50.13245621543766,10347480
2007-07-06,50.28439712524414,50.618669907537026,48.85179191635241,49.407468044475685,10263640
2007-07-09,50.68813705444336,51.183036371394905,50.48844112936566,50.575264292585054,8755140
2007-07-10,49.8936882019043,52.06864238107609,49.670115428015315,52.06864238107609,18476240
2007-07-11,49.86981201171875,50.53184935155044,49.44654332300379,50.010900470593356,8939960
2007-07-12,52.15763473510742,52.311749645740676,49.94578387041706,50.227960783148596,10772120
2007-07-13,53.24076843261719,53.83117513454397,52.216239350573105,52.355158379727,17223940
2007-07-16,52.86091613769531,53.397057590666456,52.094690332357516,53.397057590666456,6617640
2007-07-17,52.064300537109375,53.29720658633788,51.625835977532816,52.96293378941332,6528200
2007-07-18,52.09685516357422,52.949907364919845,51.052791366722346,51.660563362820774,11781200
2007-07-19,52.49626159667969,52.93906506371149,51.05280238053177,51.70832824494851,19265640
2007-07-20,52.13376235961914,53.22341061411816,51.93189701432032,53.006349393577636,7446440
2007-07-23,53.41007995605469,53.611948600442275,51.68444402632623,52.02522839833698,6900560
2007-07-24,54.21754837036133,54.48236330958237,52.578735584487525,53.34930353674248,9134500
2007-07-25,53.78993606567383,54.04823942660301,52.57222258707274,54.04823942660301,5462740
2007-07-26,52.843544006347656,53.72264245438299,51.70397280276984,53.72264245438299,11229180
2007-07-27,50.76409912109375,51.66056288993524,49.928415532187564,51.66056288993524,13060660
2007-07-30,50.74240493774414,52.00787231290993,50.010906336482634,50.35386347918051,9495620
2007-07-31,52.12073516845703,52.52446913979078,49.967488425374086,51.22644406915284,12367440
2007-08-01,50.416812896728516,51.660572819148435,48.667299910182756,51.61281908350795,19603560
2007-08-02,50.02826690673828,50.44068519425697,49.49863702278051,49.9110553102992,11486760
2007-08-03,50.14114761352539,50.74891976216829,49.40314070508943,50.662093276881166,5668700
2007-08-06,49.16436767578125,49.48995951469371,48.05735409864231,49.26855613684763,13700780
2007-08-07,49.55073547363281,50.748914345985426,49.09924773460006,50.271380320192215,7850720
2007-08-08,50.86829376220703,51.76475426981587,49.70701501240822,49.70701501240822,9735040
2007-08-09,50.16935729980469,51.76909731849878,49.446543090736974,51.567231987941085,9963460
2007-08-10,49.077537536621094,49.272891287373405,47.36275210808787,47.80772822045812,11183340
2007-08-13,49.301109313964844,49.878489564159594,48.71721418092407,49.489951490044604,6990060
2007-08-14,49.822059631347656,50.010901825561994,48.89520733047165,49.27723718260892,3739280
2007-08-16,47.49298858642578,48.3525490359468,46.93948189472872,47.80989606606554,13261400
2007-08-17,46.368614196777344,47.65795830233444,45.634949565901024,47.30632020521567,17813000
2007-08-20,48.226654052734375,49.44654020409684,47.80338539071765,47.80338539071765,16216840
2007-08-21,47.92494201660156,48.96900919528678,47.71222296298956,48.96900919528678,4472260
2007-08-22,48.508846282958984,48.70420339142986,47.66882032160035,47.9271237340315,10904820
2007-08-23,47.759971618652344,49.707010686492254,46.668154137973076,48.73023536732538,17498560
2007-08-24,47.65361785888672,48.708535500146745,46.887392032088464,47.697032751719284,16790980
2007-08-27,48.60434341430664,48.92125422302527,47.82075235131012,47.82075235131012,11009360
2007-08-28,49.95012664794922,50.288741619597246,48.56744774302268,48.81272798032036,10280800
2007-08-29,50.468902587890625,51.22644743080929,48.64342026231264,48.66512439685055,13768500
2007-08-30,51.252498626708984,51.964459224743415,49.99137335968015,49.99137335968015,18028920
2007-08-31,50.86612319946289,51.877629233819164,50.27137760329891,50.92256123384894,13085820
2007-09-03,51.07016372680664,52.88913781562465,50.807521504605496,52.88913781562465,7861420
2007-09-04,51.07232666015625,51.87762514376654,50.59696542948902,51.226441564556076,4634660
2007-09-05,50.898681640625,51.41528504095496,50.27137490929566,50.599136126755205,4036960
2007-09-06,51.426143646240234,51.556381702573546,50.3147912640037,50.358202845417686,3003320
2007-09-07,51.944915771484375,52.355161311181924,49.51383096912514,50.458048523584964,5225420
2007-09-10,51.92538070678711,52.355160956873405,50.79232097393963,50.835732551670084,4565040
2007-09-11,51.565067291259766,52.31175848167982,51.319787031870526,51.925389742093664,3622340
2007-09-12,51.31978225708008,52.17717671910857,51.22644752300726,51.74739312213351,2501020
2007-09-13,52.68075942993164,52.832701627277025,51.31327302964023,51.31327302964023,11261480
2007-09-14,53.51427459716797,54.26096576402741,52.528818062732846,52.6156412305619,8943820
2007-09-17,53.229923248291016,54.21755248388277,52.748047064104995,52.88479669564443,4804860
2007-09-18,53.44697952270508,53.60760600658641,52.24880405708986,52.96293396345736,4634780
2007-09-19,57.4908332824707,58.17240871342235,54.52577944508803,55.17696312471589,19943240
2007-09-20,57.57331466674805,58.128990848370535,56.87437728802532,57.608045256122274,10048500
2007-09-21,57.23686981201172,57.844638537778955,56.73979779661283,57.3757855389661,7397100
2007-09-24,58.4545783996582,58.86699997822309,57.968363432317005,58.25922464486448,8850200
2007-09-25,60.61867904663086,61.16784361863596,58.38946290338919,58.454578613831636,9633320
2007-09-26,59.72222137451172,60.3430132230261,59.04498487042955,60.3430132230261,15567160
2007-09-27,62.20975112915039,63.33846557397904,59.52035925423385,59.56377415080476,21646960
2007-09-28,62.32261276245117,62.682935161368974,60.90737607596174,62.44851197219162,11914540
2007-10-01,61.28288269042969,62.93472178638587,60.39510322065989,62.51362254900318,14461960
2007-10-03,61.853763580322266,62.46153897263885,61.04195673484721,61.367548565815206,9845300
2007-10-04,61.1982536315918,61.58896125922177,60.25620853566183,61.12445359633654,8058100
2007-10-05,60.91389846801758,61.645393806485735,60.4385338097864,61.211271314890766,5934180
2007-10-08,61.096214294433594,62.51362362058585,60.733719187271404,61.44134079660375,13414460
2007-10-09,61.69532012939453,61.86245490355069,59.30981253937072,59.30981253937072,9376780
2007-10-10,61.51296615600586,62.94773726368504,60.60781819174702,62.08817691306195,9075580
2007-10-11,63.41227722167969,64.02873038131821,61.68881035405057,61.86245670565612,9010140
2007-10-12,62.19672393798828,63.42529124015275,61.68011717365175,62.73069268531355,9317820
2007-10-15,65.08362579345703,66.20366231806779,62.947744499146424,62.947744499146424,22605080
2007-10-16,65.4548110961914,65.9801021861428,63.603279073802646,65.9801021861428,9401340
2007-10-17,63.501251220703125,64.45849190474652,56.65297303082594,61.05063504943216,12514880
2007-10-18,60.26487731933594,63.512111155136594,59.04498775896568,62.860927527348146,12403100
2007-10-19,59.31631851196289,62.513632737734085,58.094269380743725,58.60653069162571,9959160
2007-10-22,59.55725860595703,60.646903545696766,57.781699416086724,59.85680414943879,11298040
2007-10-23,64.60609436035156,65.7695391337372,60.269209494154175,60.69030872349284,17765180
2007-10-24,65.72395324707031,66.20365657601431,63.75086801483772,65.98659540691261,12287460
2007-10-25,67.4626235961914,68.54141810968493,63.6119597262206,64.90564272481288,12865860
2007-10-26,67.13703918457031,67.71876834476853,64.51928114832012,66.76803904941912,6943260
2007-10-29,71.497802734375,72.49845183913358,68.37428841115891,68.67817281259411,5857960
2007-10-30,70.3517074584961,74.59959704061022,69.99573050923412,71.8472624146504,8068040
2007-10-31,71.77778625488281,72.45501604682046,68.59132986246786,69.02545220336955,8414440
2007-11-01,73.37537384033203,75.03371805274946,72.33564878176601,75.03371805274946,14329740
2007-11-02,76.86137390136719,78.13334938117362,71.21994868733827,71.21994868733827,5836120
2007-11-05,74.49757385253906,75.9714212801449,72.72852636756642,75.9714212801449,9186000
2007-11-06,74.15678405761719,75.8802437172966,73.3666781898121,74.88610643634668,7367280
2007-11-07,70.19109344482422,75.87158911756815,69.89372060027625,75.87158911756815,9072080
2007-11-08,67.52123260498047,69.00810322757619,67.07191430767863,68.5913427871406,10426800
2007-11-12,64.13507080078125,65.98660250748789,63.16480700552295,64.26096337776734,16731300
2007-11-13,68.33954620361328,72.93256190922716,61.86244090514804,61.86244090514804,20645840
2007-11-14,76.0712661743164,77.27378707514443,70.3278286863674,71.18738918220755,23823680
2007-11-15,73.82035064697266,75.9714281650625,72.72636022662456,75.9714281650625,9536920
2007-11-16,73.24079132080078,73.93104433099589,70.84877271277506,71.63019433949687,13168660
2007-11-19,71.82772064208984,73.23644567417008,71.42615610756714,73.23644567417008,17750520
2007-11-20,70.77497863769531,72.67209152110075,70.25186031904322,70.76195549483946,11291720
2007-11-21,68.63041687011719,70.02395285614959,67.94016376100734,70.02395285614959,11127660
2007-11-22,69.0992660522461,69.63323478377887,67.34975319778661,69.37276530155481,9680020
2007-11-23,67.8403091430664,69.7200599255431,66.91128747422073,68.81708454076696,8636700
2007-11-26,71.34151458740234,72.66124389952552,69.900224896987,69.900224896987,8477140
2007-11-27,70.87700653076172,71.8689779887447,69.45959689655865,70.50148820033368,11135400
2007-11-28,69.7352523803711,73.58375000890535,68.81708770380752,73.58375000890535,10708140
2007-11-29,72.68946075439453,73.54033700783168,70.70986353304639,70.70986353304639,20858060
2007-11-30,74.5019302368164,75.89980512321056,73.54034392928257,73.80082006152595,12315080
2007-12-03,73.63150787353516,75.32024391301528,72.93257047485052,75.32024391301528,9809040
2007-12-04,73.87244415283203,75.0163610536836,73.3949134299938,75.0163610536836,5247320
2007-12-05,74.83402252197266,75.45047554405171,73.5837478720195,74.01787027834409,16401940
2007-12-06,73.36450958251953,77.27378373917497,72.5939450067033,75.53729421694632,10360420
2007-12-07,74.66036224365234,75.53729127297147,74.23492418205817,74.23492418205817,11839500
2007-12-10,73.27769470214844,75.10318031333695,72.81969871857359,74.66905788378008,8191940
2007-12-11,77.29766082763672,77.92497087585478,73.1496244712063,73.2798625161695,7261500
2007-12-12,77.4496078491211,78.08994105208066,74.71246923993372,77.14355075586865,14992920
2007-12-13,76.24708557128906,77.18261881620101,75.71094414069047,77.0567262344581,7964560
2007-12-14,74.86224365234375,76.62260688009475,73.80081115929806,76.62260688009475,9556480
2007-12-17,73.08668518066406,74.62564851240293,72.28138986902665,74.62564851240293,9451120
2007-12-18,72.1402816772461,74.01785948599897,70.17804683199607,72.41160814163759,13267720
2007-12-19,71.7625961303711,73.8008038637447,70.87265055959487,73.8008038637447,11025860
2007-12-20,71.31330871582031,72.05782725304299,70.59917531063529,71.63021630287362,11873800
2007-12-24,73.72050476074219,74.0178775785345,71.64322725179879,72.33131424832769,6793060
2007-12-26,74.09384155273438,74.45199120600263,72.9325628140434,73.72049602574282,4321680
2007-12-27,75.77607727050781,76.31873034946564,74.23494120143096,74.23494120143096,8729880
2007-12-28,75.11618041992188,75.45045644293718,72.3768697893695,73.75737551238402,6754740
2007-12-31,75.06411743164062,75.97143179874743,74.14811876041412,75.97143179874743,3779240
2008-01-01,75.08146667480469,75.49388162403396,74.0178681349454,75.10317411932876,2621040
2008-01-02,74.46502685546875,75.3115643483406,73.37972067891941,75.27683375578903,12479500
2008-01-03,73.55770111083984,74.23493100044847,72.76759515684167,74.23493100044847,14037280
2008-01-04,73.64453887939453,74.40859207647388,73.54034709717227,73.9310613123681,7459640
2008-01-07,71.8646240234375,72.86310693554947,69.99355741323836,71.67361571888078,12644920
2008-01-08,74.48457336425781,74.79063054940217,72.49846407156527,73.32329424665787,18334980
2008-01-09,75.73699188232422,76.70942175546752,73.81382633109583,74.43027930401537,20098380
2008-01-10,74.7558822631836,78.03784682425184,74.02438701732801,77.6862087104492,17222000
2008-01-11,76.60308074951172,77.18697599786722,74.76023299587004,75.01636366173025,8302200
2008-01-14,77.41053009033203,79.22733111661663,74.76889260120112,77.01330441930158,23350920
2008-01-15,77.662353515625,79.02332529149764,76.68991664297707,79.02332529149764,12456840
2008-01-16,72.66124725341797,75.47653169128098,71.64322954762513,73.58375748740461,24563400
2008-01-17,71.35235595703125,72.41161564362606,69.98921192367119,72.15548502450835,26713380
2008-01-18,68.20065307617188,70.5883270249035,67.53210066098386,68.63911445295992,19934820
2008-01-21,65.4266128540039,69.0254859024529,64.25013782115113,69.0254859024529,14869780
2008-01-22,61.9232177734375,77.27378583031444,58.64993785009685,65.07060511764975,23290120
2008-01-23,66.6073989868164,73.80081058653504,59.90889329965785,65.94319222147219,18665740
2008-01-24,65.56983947753906,71.06583024030998,64.03304921111229,66.42072223254358,16283820
2008-01-25,69.826416015625,72.9325611712891,66.20800299763557,67.0284940458453,12144620
2008-01-28,69.0341567993164,69.45959496369777,62.07951299880488,67.28898262108221,11916140
2008-01-29,66.73980712890625,70.6317128376046,65.12704400996091,69.40749111968339,12190420
2008-01-30,66.5488052368164,68.3308761747663,65.33543369172915,68.3308761747663,7930220
2008-01-31,68.1376724243164,69.02111297283965,65.77170700466976,66.94166326218387,12793700
2008-02-01,68.20065307617188,68.71291448920043,64.47588092124842,68.3742994409514,14574460
2008-02-04,67.17610168457031,70.49279651234548,66.24708002565424,70.49279651234548,10982600
2008-02-05,65.6501693725586,69.34672172551404,65.12921713938881,67.72310139705824,12142820
2008-02-06,65.12271118164062,65.75870565255555,63.00853681269116,65.11403350140712,15731880
2008-02-07,64.76238250732422,65.63931169208334,64.33694437031906,65.07495119448227,33430640
2008-02-08,62.59829330444336,65.24860915286646,61.7756293616207,64.72766350901625,7761320
2008-02-11,61.24382400512695,63.77258598028708,58.636923167686334,62.59829056896876,13853780
2008-02-12,61.1092529296875,62.73070071841455,60.18023105252745,62.07951697393274,9261840
2008-02-13,63.750877380371094,64.5974147393948,62.07950348307693,62.50494158224589,11688240
2008-02-14,66.70075225830078,67.50604762764047,65.07495901838644,65.07495901838644,12665300
2008-02-15,67.82079315185547,68.37429671367353,64.78410162828565,65.98662286018018,10884640
2008-02-18,67.58634948730469,69.02546640331856,66.86787739524249,68.50452081190362,3478480
2008-02-19,68.23969268798828,69.35972913656106,67.51253643295863,69.28592913257752,5489420
2008-02-20,66.73331451416016,68.15723585430258,65.50908582430259,68.15723585430258,7939100
2008-02-21,66.89176177978516,68.15722582878091,64.99464213603005,66.85485845625644,5978400
2008-02-22,64.00267028808594,66.84183485009206,63.38405108976247,63.83336279579625,9438340
2008-02-25,61.72136306762695,65.5438082097723,60.57528001976877,65.07061631056875,27321760
2008-02-26,63.16047668457031,63.79212563471524,62.7306930808332,62.94775430256618,12350240
2008-02-27,63.047603607177734,64.53664710363262,62.57007287117225,63.81600222341461,9212020
2008-02-28,63.92670822143555,64.72766473084549,63.03458307614383,63.76825113076288,12499920
2008-02-29,63.24077224731445,64.00265243804171,61.285049015472396,63.38186068084312,13693900
2008-03-03,60.33868408203125,62.07951279025484,59.13182415352598,62.07951279025484,10176000
2008-03-04,58.68250274658203,60.56008099377468,56.142883797169965,60.56008099377468,16964140
2008-03-05,57.85765838623047,58.68249489473486,57.31500540333886,58.25922291840664,12435040
2008-03-07,55.66535186767578,57.738283844760076,54.567019325163855,57.738283844760076,18383840
2008-03-10,56.935157775878906,57.67751009446678,53.18434331194064,54.91649099376548,15564540
2008-03-11,57.87720489501953,58.64994228177735,55.14222897991074,55.789070465936256,20753240
2008-03-12,59.49863815307617,62.50493688573296,58.45023554571085,60.51665563916073,12473880
2008-03-13,56.399017333984375,58.38947175799605,55.812955978581286,58.172410524694946,8559700
2008-03-14,57.10663604736328,57.560293206014634,55.35061155793694,56.21885644512027,9006800
2008-03-17,53.223411560058594,55.35061222158077,51.87763263120707,54.04824487519063,17274360
2008-03-18,53.43830490112305,53.74436203122699,50.599143606904754,53.13658992301752,24222920
2008-03-19,55.246421813964844,57.95317213968243,54.048242970132954,55.350610270618084,25308920
2008-03-24,58.25489044189453,58.64994344639128,55.79124430564885,55.79124430564885,12884240
2008-03-25,61.38490295410156,62.29656261769178,59.257705904633646,59.47476709842351,17537260
2008-03-26,62.478904724121094,63.23644631012662,60.629545397382905,60.829238022878904,24661680
2008-03-27,62.21844482421875,63.69445879184675,60.1693859314417,60.82924741446983,17155740
2008-03-28,61.081031799316406,61.91671890072732,59.30113360034365,61.86245359056016,12130140
2008-03-31,57.79254913330078,60.777140872579224,56.01481723284323,60.777140872579224,23602140
2008-04-01,56.850502014160156,58.17240398137229,55.13354705697225,57.306331877656646,15136540
2008-04-02,57.65146255493164,60.820557757627355,56.78321765688804,59.90889796500843,13423660
2008-04-03,57.7882080078125,59.409655502635964,56.65731434046936,57.52122033626305,11518100
2008-04-04,56.168922424316406,57.30632757798248,55.8107727813633,57.30415484631827,23299320
2008-04-07,56.58351135253906,57.41702555571377,55.489524374883636,55.91496577913859,12104000
2008-04-08,56.80708694458008,57.52122017434585,56.006130556368745,57.52122017434585,14698460
2008-04-09,59.90239334106445,60.73373501272452,56.26444467657304,56.82663251836011,15735320
2008-04-10,57.58850860595703,59.70268265365896,57.351912683968784,59.70268265365896,10847260
2008-04-11,57.74045944213867,58.82359285128541,56.52274250717344,58.56311672773198,8359040
2008-04-15,56.57918167114258,57.89891105040035,55.36363744403116,56.88306607187465,17942760
2008-04-16,56.796234130859375,57.911925249255034,56.474981171602046,57.779521097459345,11031900
2008-04-17,60.8292236328125,61.428314615942845,57.21732900244245,57.21732900244245,36265280
2008-04-21,63.41443634033203,64.00918860860519,59.99572200445524,60.99420497659553,17950720
2008-04-22,65.47651672363281,65.83250030967018,62.00137104091986,62.9477547954786,13991420
2008-04-23,62.74589920043945,65.50040708388356,62.32697256390212,65.50040708388356,10959740
2008-04-24,62.62649917602539,63.81382428342025,61.12877812193134,63.81382428342025,24423020
2008-04-25,65.13573455810547,65.46567188528805,62.96946760330797,63.15179825161146,10903280
2008-04-28,66.13204956054688,67.2455681347878,65.13573265992711,65.13573265992711,23126160
2008-04-29,67.57049560546875,68.05943878766877,65.54486528604562,66.31320552398155,11831380
2008-04-30,66.53804779052734,67.58360705804871,65.70204135806281,67.58360705804871,16181420
2008-05-02,67.24745178222656,68.84307883365719,66.88074433161911,67.44827157357012,11967760
2008-05-05,66.73013305664062,68.0529044894065,66.19098316061309,67.22999429498662,8403100
2008-05-06,67.35440826416016,67.66654589326592,66.57514999176163,66.57514999176163,8619960
2008-05-07,67.31292724609375,67.75384874347446,66.15386545972927,67.20815085304483,6881160
2008-05-08,65.8482894897461,66.5053053549673,63.39701166468674,65.48376029311926,11781360
2008-05-09,63.410118103027344,69.84935556959984,63.004121921228794,68.20571318780684,12408460
2008-05-12,64.08895874023438,64.47531722382567,62.268510840437045,62.268510840437045,5235260
2008-05-13,64.6215591430664,65.26548549391886,63.73971590781773,65.03411005818644,10483240
2008-05-14,63.94705581665039,64.37925091752894,63.30095141906847,63.95578884754159,12053760
2008-05-15,64.5451431274414,64.90530236927947,63.40135592600978,63.40135592600978,4635880
2008-05-16,65.50121307373047,66.69302218670535,65.13450565190061,65.92031202821595,9818520
2008-05-20,63.789913177490234,65.70204115810996,63.30096988655113,65.4837619516046,12626240
2008-05-21,61.556907653808594,63.30531918462883,60.788560752204496,63.30531918462883,28917680
2008-05-22,60.40876388549805,61.46741925514755,58.97903790161966,61.46741925514755,10268020
2008-05-23,60.31053924560547,61.58965879924256,59.900179952284915,61.46742298227858,13286840
2008-05-26,58.83060836791992,60.31054109713785,58.32420567981649,59.8085015950055,7817180
2008-05-27,58.18012619018555,59.808486775163175,57.58203679271525,59.585844441458775,12565100
2008-05-28,58.994300842285156,59.39811858405205,57.494724214456575,58.267434236185316,8254020
2008-05-29,57.60605239868164,60.018034388654016,56.92720076504738,59.59020911149341,12834520
2008-05-30,59.75174331665039,60.37165541665659,56.79624788132786,56.79624788132786,13161520
2008-06-02,57.21097183227539,60.24505096528576,56.49064657392296,60.24505096528576,9821940
2008-06-03,55.28574752807617,57.18914214374179,54.416997370084886,57.18914214374179,10400820
2008-06-04,53.04183578491211,55.44290654060772,52.21674082804531,55.44290654060772,9689180
2008-06-05,54.489036560058594,56.31166917213087,51.53135279915517,53.26012362534591,21232940
2008-06-06,53.80363082885742,55.65900367097443,53.17280419576467,54.56978947402958,19993160
2008-06-09,51.671051025390625,52.38918810753125,50.59711779152172,52.38700651463656,11123780
2008-06-10,49.433677673339844,52.164348547242966,48.89452792485725,51.07731935007409,31157420
2008-06-11,52.22766876220703,52.81265546031591,48.99495411746393,49.9859402891396,25568940
2008-06-12,50.708431243896484,51.28687301763886,48.94910174313818,50.479237459231605,24675380
2008-06-13,48.9883918762207,51.23011985505011,48.610769849706166,50.30898150338343,14506540
2008-06-16,50.17146682739258,51.16463435211809,49.33109071958947,49.66287597914228,20103260
2008-06-17,52.98290252685547,53.47839718025771,50.204209597792946,50.204209597792946,25744440
2008-06-18,51.00747299194336,53.78398419982712,50.745538663604,53.78398419982712,21475980
2008-06-19,49.0233154296875,50.422485635649274,48.54528353945441,48.99494140392947,11940000
2008-06-20,47.94502258300781,49.68034480196009,47.69618444050794,48.98184873186996,12981700
2008-06-23,47.8271484375,48.8901669154828,46.930020927473365,46.930020927473365,14868460
2008-06-24,46.25990676879883,48.409958105410816,45.48938150070209,47.14830466373351,7222820
2008-06-25,46.90164566040039,47.226882832925654,44.31722100605383,45.40206878137045,25943520
2008-06-26,46.29701232910156,47.96902820531147,45.40643293429048,47.1875883932369,27974340
2008-06-27,44.59880828857422,45.79497738662491,43.48121650603603,45.79497738662491,20918020
2008-06-30,43.9788932800293,44.328141340214216,43.43756178435138,44.092399399190846,13423280
2008-07-01,42.138797760009766,44.31067500676785,41.47522716566577,44.31067500676785,20463360
2008-07-02,44.86073684692383,45.83862661546449,41.82229113952272,42.12788065135546,18080340
2008-07-03,42.976985931396484,44.528950973554764,41.25476340196985,44.4416406372495,34043780
2008-07-04,43.66892623901367,43.96141950080508,42.918045429711455,43.051195844508364,28030260
2008-07-07,43.89157485961914,45.83862461004074,43.494305180941105,43.65583296194356,27912660
2008-07-08,43.73223114013672,44.952410848016754,41.90959881762096,43.655832101688496,24163840
2008-07-09,46.198787689208984,46.57641307339143,43.66893276091261,44.921856468735996,46627720
2008-07-10,46.02198028564453,46.99550686800366,45.02226126819957,45.83862657869197,26190300
2008-07-11,46.61570739746094,46.930029991708984,45.18816283437355,45.62035473612641,21049640
2008-07-14,45.03752899169922,46.71172935923958,44.1469498266645,46.61568601830325,19296800
2008-07-15,40.082603454589844,44.5202192034174,39.81193609553963,44.5202192034174,37121580
2008-07-16,39.447410583496094,41.036482622863566,38.954100874413434,40.07605563842853,21831700
2008-07-17,41.850669860839844,42.73906779883976,41.38573743217231,41.420659572672626,46489000
2008-07-18,45.161956787109375,45.53303402295461,42.507684737796204,42.507684737796204,56678300
2008-07-21,47.30983352661133,47.7551216151797,45.629081074664875,45.83863056560516,24730240
2008-07-22,48.078163146972656,51.297780526904255,46.71391849445927,46.71391849445927,45148360
2008-07-23,52.58781814575195,53.04183922688126,49.57120169615814,49.57120169615814,47566960
2008-07-24,52.99381637573242,54.52613707448092,51.753992294715395,54.307857905512364,26460660
2008-07-25,49.176109313964844,52.155621775061206,48.80722034016107,50.343904124286134,40124160
2008-07-28,49.2088508605957,50.40938615514096,48.4579700707357,49.176106990521035,29768040
2008-07-29,44.93495178222656,48.88143972593717,43.78680450330557,48.88143972593717,49470820
2008-07-30,47.761661529541016,48.23969341346946,45.62034354486479,45.838622700581844,36235540
2008-07-31,47.94065475463867,49.27870379020477,46.19878459514974,48.02141698101777,36079500
2008-08-01,48.38376235961914,49.112813999178066,44.80180032591688,47.79004274170834,61370000
2008-08-04,48.403404235839844,49.52535899673781,47.81623275639551,48.46670372740407,20113860
2008-08-05,51.71033477783203,52.16872237363642,47.934107747544644,48.03233270930962,41716340
2008-08-06,53.10295867919922,56.46009353564422,52.286593346413916,52.91087193485539,66547600
2008-08-07,54.68547439575195,55.22462415494398,52.38699524579666,52.38699524579666,37795060
2008-08-08,56.01479721069336,56.53430267951048,53.52204959261378,54.569790231187724,42487040
2008-08-11,57.25461959838867,58.31545975385755,56.35968039343219,58.053522103745166,53257300
2008-08-12,55.22681427001953,57.625703663225174,54.79680401789669,57.27645564208675,27192080
2008-08-13,53.14442825317383,54.56979092569903,52.92396749687726,54.18780238921914,24319980
2008-08-14,51.28688430786133,53.14443917363105,50.85905559359357,53.14443917363105,19485840
2008-08-18,52.5419807434082,53.42600872186342,50.65823043091182,51.03367087167525,30093880
2008-08-19,52.6860466003418,52.8235635547511,50.915802250465866,51.950446801780004,18360480
2008-08-20,54.054649353027344,54.48247795870008,52.44811465261073,52.9195984227785,21819080
2008-08-21,50.91797637939453,54.13322720798964,50.66259018297337,53.78397924857117,13882360
2008-08-22,52.125064849853516,52.29968884658738,50.24786271364698,50.64076587362924,20124380
2008-08-25,52.723148345947266,54.21181385836729,52.57253851901548,52.8279247438247,15062700
2008-08-26,54.62654113769531,55.09365840477445,52.20145954773862,52.38699816517722,28607800
2008-08-27,53.871299743652344,55.355598763625096,53.52205173989083,55.172241729778605,28482020
2008-08-28,52.95889663696289,54.4693882499074,52.29969587347033,53.696681373686005,27136360
2008-08-29,55.73540496826172,56.52121134777674,53.967345610366856,53.967345610366856,24888920
2008-09-01,56.678367614746094,57.18914005095352,54.5479608766354,54.5479608766354,14423480
2008-09-02,58.483543395996094,60.506995806542875,56.10211656784866,56.857367382317236,57122060
2008-09-04,56.88573455810547,58.3416596364836,56.19815646544975,56.76132048669874,50381320
2008-09-05,54.50430679321289,55.87946619780976,54.13323287912821,55.66118703297457,47930240
2008-09-08,56.80060958862305,57.58204613719683,56.35750311107589,56.49065021601151,34216720
2008-09-09,56.47317886352539,57.34193223106255,55.281373304258885,55.44290106546122,35867160
2008-09-10,55.691741943359375,56.30728741159614,54.569787250711755,56.30728741159614,33393840
2008-09-11,54.700767517089844,56.04973134143864,54.48248832241778,55.22681784493562,24340400
2008-09-12,54.33842086791992,55.648095978428756,53.39109000401411,54.79462356538492,26068580
2008-09-15,52.535430908203125,53.04184019936596,50.459597126604606,52.61619646883957,34826660
2008-09-16,53.71194839477539,54.30784950125332,46.96275460372545,50.204201093557884,28293580
2008-09-17,51.834754943847656,54.48248235083032,50.87214300148927,54.46938280281778,33372980
2008-09-18,53.423831939697266,53.87130494690044,47.453894740008145,51.46586733208247,54211440
2008-09-19,56.73294448852539,56.9272095017234,54.79462423545281,55.01726993955127,36326260
2008-09-22,56.78314208984375,57.71519167557579,55.975506558762746,57.01451745924188,22754180
2008-09-23,53.860389709472656,56.392429625856096,53.3605318337961,55.6655595291839,22109880
2008-09-24,55.90565872192383,56.53430378347914,54.51740309810634,54.51740309810634,26159940
2008-09-25,56.78096008300781,57.39868718706738,55.35996059158633,55.66555342005392,34824680
2008-09-26,54.33404541015625,56.75257878257151,53.70540039474853,56.750393859447556,26172660
2008-09-29,52.40229034423828,55.31194921595771,51.740901288851354,55.31194921595771,28521460
2008-09-30,53.68357849121094,54.270749979261915,49.76764972958056,49.76764972958056,46326400
2008-10-01,56.54521942138672,56.97086649074341,52.884679938056706,54.04592678479174,27338800
2008-10-03,55.693931579589844,57.132390579910776,55.15260014446831,55.8794702153095,27906840
2008-10-06,52.50705337524414,55.00634912781321,52.05085072350659,54.56979080140199,30037180
2008-10-07,49.280887603759766,54.569790795024325,47.72018958861664,53.703222250745284,57285380
2008-10-08,48.2855339050293,49.37474476952395,42.56443572039575,47.75948033599457,67626300
2008-10-10,45.74039840698242,47.93410461974373,42.56880249508042,45.40643156036801,90773920
2008-10-13,51.210479736328125,51.95044604039921,45.799340204592404,46.733574850125336,44092840
2008-10-14,49.81130599975586,54.4824822429031,49.15646848881075,53.478396727183615,43950620
2008-10-15,49.625770568847656,50.37446652227396,48.152386173215824,48.67625484828126,32890720
2008-10-16,47.72892379760742,48.9512851431614,45.44572222892867,47.977761916543564,54627240
2008-10-17,44.8061637878418,49.98592728529668,43.87411084866652,49.24377947883327,34234280
2008-10-20,47.1635856628418,48.582400382223305,45.00916781639814,45.18379183261108,24365620
2008-10-21,47.56521987915039,48.98184971405348,46.80342429440434,48.02142259443524,30895360
2008-10-22,45.77313995361328,48.239695169119706,45.40206604152443,46.71174102349148,25920440
2008-10-23,46.897281646728516,48.80722441029151,43.52705068303037,44.74723046061869,34135140
2008-10-24,42.47275161743164,45.83861525196646,40.26594957850283,45.83861525196646,63935240
2008-10-27,40.70033645629883,41.473043270686865,37.63132845650025,41.473043270686865,34216220
2008-10-29,41.51451110839844,43.65364739491212,40.17864380720263,43.219270697445154,47965580
2008-10-31,44.642459869384766,46.275187241348725,42.127882724435395,42.127882724435395,58745580
2008-11-03,46.735755920410156,47.93410983194539,45.402069981477226,46.063455638311005,43100720
2008-11-04,48.57366180419922,49.40748980435211,45.84517227072883,47.12428829724678,42095380
2008-11-05,47.94938659667969,50.990017275958095,47.14830241368386,49.988113318353605,30025520
2008-11-06,46.3734130859375,48.23970081999563,45.02226437169099,46.27955463329281,26108760
2008-11-07,47.576141357421875,48.67626718617675,45.0528307180741,46.537130114550244,27560740
2008-11-10,48.051979064941406,48.66316144160115,45.947767880505396,48.4579784773026,36987140
2008-11-11,44.67518997192383,47.4975409074947,44.31721232526404,47.23560328206171,24708200
2008-11-12,43.946144104003906,46.31883753014611,43.31531745878017,43.658014011315906,38022440
2008-11-14,44.04654312133789,46.2315192918927,43.76059800080048,45.00915486092462,35778060
2008-11-17,40.881507873535156,44.301945698772435,39.565284629314,44.14041789974567,71692220
2008-11-18,39.94945526123047,40.63266680933475,38.663791062714,40.16336791864269,50241820
2008-11-19,38.61576843261719,42.52078261717283,37.9849417699587,40.3816461033982,48777380
2008-11-20,35.85017395019531,37.5309229807471,35.31757221470063,37.5309229807471,64849280
2008-11-21,37.3890380859375,37.89326577344668,34.83735735077117,36.2365243186968,62015900
2008-11-24,36.19506072998047,37.41524073235325,35.27392218386226,37.32574545558277,36073340
2008-11-25,36.4700813293457,38.635410130181,36.160125331372214,36.88917690395813,48339900
2008-11-26,39.55437088012695,40.359818240407776,36.45262232902785,37.10745985589661,48547600
2008-11-27,39.55437088012695,39.55437088012695,39.55437088012695,39.55437088012695,0
2008-11-28,40.28342056274414,40.861859017664386,34.55577407468966,35.36340631897149,55185040
2008-12-01,39.24003982543945,42.34615088842954,38.85368483577556,40.38163873381168,42957000
2008-12-02,38.674705505371094,39.06106060645714,36.893549836157696,38.41495606556216,34729680
2008-12-03,38.434600830078125,39.37756521500131,37.592043009087945,39.37756521500131,39434520
2008-12-04,39.81193542480469,40.106613619859864,38.06788375638993,38.06788375638993,35790980
2008-12-05,38.86678695678711,40.861858359311036,37.762294932703995,40.16336570877188,39840780
2008-12-08,39.202945709228516,41.64767208664521,38.50881612026836,40.35764121340862,49286640
2008-12-10,40.32707214355469,41.03429777423583,39.42121502172066,39.42121502172066,64598740
2008-12-11,40.10005569458008,41.429374639680134,39.384097168645724,40.38163427347659,44658380
2008-12-12,40.16118240356445,40.59992230034759,38.242506790966495,39.50852653958556,32151040
2008-12-15,41.22202682495117,41.852853557881645,40.38165060177883,40.82475709598209,30706780
2008-12-16,42.99881362915039,43.61217754585191,40.70033430329505,40.90551391927587,37878500
2008-12-17,43.751869201660156,44.52894236891555,43.131957273925536,43.795524361377,51596780
2008-12-18,46.216251373291016,46.707379544491275,43.35024791021324,43.572890283070585,39705300
2008-12-19,45.930301666259766,47.33820161948266,45.07901425194149,45.88227998333148,40583380
2008-12-22,44.46346664428711,46.49346360883625,44.005082381760424,45.925936429697494,23885380
2008-12-23,42.773983001708984,44.44163554727692,42.48367133726389,44.1796979070096,26338860
2008-12-24,42.966068267822266,43.65583120014673,41.123791658267976,43.4113596112421,27097480
2008-12-26,42.468387603759766,44.52457663791617,42.17152784951164,43.43754748764851,16777140
2008-12-29,43.7584228515625,44.09238969517587,41.734974134447185,41.7524368666808,26060580
2008-12-30,44.485294342041016,45.153228051764266,43.45064990441192,43.61435927760588,37710760
2008-12-31,43.583805084228516,45.052823087416805,43.151613224419656,45.052823087416805,20786740
2009-01-02,44.33904266357422,45.05281305151007,43.79552640728491,44.52894444908509,20937040
2009-01-05,45.581058502197266,45.81679707803017,44.88038089140659,44.96550963564509,20118160
2009-01-06,48.03887939453125,48.58894382706149,45.140132327962725,45.5832387697945,36579860
2009-01-07,44.05965042114258,49.12372634089714,43.48120864029717,48.67625339023296,75564760
2009-01-09,44.41981506347656,46.14421932826492,42.5644419527171,43.655837900222664,42827140
2009-01-12,43.81736373901367,44.616263005529426,43.21927758749688,44.17970464605976,36113140
2009-01-13,43.16907501220703,44.17970536598834,42.5688072581546,43.655836658358446,25056220
2009-01-14,42.675758361816406,45.60724928052215,42.21082600509833,45.60724928052215,56650340
2009-01-15,40.37290573120117,41.90958920315316,39.59801422302873,41.90958920315316,58494980
2009-01-16,40.92953109741211,41.235123972117975,40.25941569347703,40.949178756488195,15617600
2009-01-19,41.084503173828125,41.669489715533985,40.66540759230551,41.42938464137473,20296900
2009-01-20,39.83376693725586,40.381646454980135,39.37756094058598,40.381646454980135,16022220
2009-01-21,38.82967758178711,39.58710649330888,38.41713012447291,39.58710649330888,39520800
2009-01-22,39.312076568603516,40.03239510495093,38.50444104246157,39.29024732115489,32599200
2009-01-23,38.0875358581543,39.783562712754204,37.76666519254328,38.96720069959303,31859400
2009-01-27,38.82967758178711,39.46268577997698,38.41713012447291,39.159277896880035,24549860
2009-01-28,39.80321502685547,39.98002065294156,39.08725948898691,39.202947203109325,26349180
2009-01-29,40.31398391723633,40.9295294977749,39.72681236638542,40.377283416498464,46873960
2009-01-30,40.407833099365234,40.81819894602912,38.95845975130009,38.95845975130009,14969020
2009-02-02,38.79694747924805,40.18520336999789,38.286171603185046,40.16337411701157,26159440
2009-02-03,39.211669921875,39.71807919443504,38.85369221670096,39.087252527065075,22960400
2009-02-04,38.67252731323242,40.27469591846897,38.510999498466404,39.726816299318585,75987120
2009-02-05,38.60267639160156,39.27715829471785,38.4215042627757,39.06979372869947,21546020
2009-02-06,39.220401763916016,39.499802180676774,38.69653306017607,38.984663178706235,23419660
2009-02-09,40.13935470581055,40.25067587866305,39.42121773299998,39.639496893579874,20581120
2009-02-10,41.34207534790039,41.82884031724781,40.222305419680445,40.392562913577656,16643980
2009-02-11,40.79636764526367,41.16525990407877,39.59583244260752,40.468948953630175,18642780
2009-02-12,40.768009185791016,41.08014685890912,40.36200971995725,40.826942174695276,14280640
2009-02-13,41.217655181884766,41.643298888070206,40.905514243564944,41.03648307501081,15215800
2009-02-16,39.89924621582031,41.036482105627826,39.63949681302565,41.036482105627826,27995360
2009-02-17,38.430233001708984,39.91889865079183,37.99149303635057,39.59584305702614,34365340
2009-02-18,38.25996780395508,38.766377012922014,37.76011003347988,38.19884991055223,15660980
2009-02-19,38.61576843261719,38.949735293396635,38.170477064460734,38.59175759089624,17921580
2009-02-20,37.82777404785156,38.36910535984794,37.26461349049697,38.24250306425581,19994900
2009-02-24,37.303916931152344,37.5440254026258,36.45262931534016,37.23843583045643,15370420
2009-02-25,37.73173904418945,38.039513486178414,37.552748518547325,37.75793147987329,21852620
2009-02-26,38.190120697021484,38.54155025390393,36.71455154432665,37.819043485764226,64875240
2009-02-27,38.83185577392578,39.198566443136066,36.801862535781154,38.02422366157332,27103880
2009-03-02,36.91973876953125,38.2839835853184,36.56176106309573,38.1159076914242,37138220
2009-03-03,36.299835205078125,36.81060778407489,35.7977923294445,36.537758757173634,33429840
2009-03-04,36.62724304199219,37.1074565190447,36.23433989506718,36.27799506013094,34239980
2009-03-05,34.985782623291016,37.303906178694525,34.53830969034795,37.094360055514,48449580
2009-03-06,35.00325012207031,36.14484932319049,33.78961839046134,34.92466948250763,47417080
2009-03-09,34.87010192871094,35.56641310420185,34.14977990817978,34.881016554761274,35178920
2009-03-12,34.86573791503906,36.408973556540545,34.538319094082176,35.57951187731448,57410880
2009-03-13,36.419883728027344,36.531204914490914,35.459453305640096,35.579507524773014,91452600
2009-03-16,36.88262939453125,37.22096275373922,36.088093396929125,36.670898345960644,54510220
2009-03-17,36.15357971191406,37.50036178066516,35.321936613586104,36.845524275754855,41847020
2009-03-18,36.801876068115234,37.54402404842991,36.33039217605168,36.66654069331326,37820820
2009-03-19,36.33911895751953,37.674989877638,35.75413232158832,37.05071125518876,48852220
2009-03-20,36.640342712402344,36.74511578456707,35.404881773649365,36.22779520191056,40572140
2009-03-23,38.635414123535156,39.28152194951653,36.758211879047835,37.2755357906463,40899460
2009-03-24,41.11069869995117,42.520783624966256,39.72680954059167,39.99965850721661,75401080
2009-03-25,42.44001770019531,42.647385577583655,40.90551539157657,41.38136571722057,35818000
2009-03-26,43.367706298828125,43.874115600000366,42.57098861647165,43.13196771316628,46312840
2009-03-27,43.719139099121094,44.22336684423683,42.82201146217153,42.82637797872059,45761560
2009-03-30,41.27659606933594,42.782721144710926,41.06704658190517,42.782721144710926,26509680
2009-03-31,42.49458694458008,43.12759853192937,39.48233708242253,41.5603523694205,74405400
2009-04-01,43.65583419799805,43.874113368988034,41.54289342153934,43.00099668502807,25893640
2009-04-02,45.25145721435547,45.92157590962186,44.13605044812222,44.13605044812222,35591320
2009-04-06,46.456356048583984,46.93002144676089,45.41298188473332,46.05690476868162,26945760
2009-04-08,45.696746826171875,46.493464486271904,43.319686732847266,46.493464486271904,53028520
2009-04-09,45.59415817260742,47.14830493616847,45.05718990089246,46.44107916308254,29772380
2009-04-13,47.94938659667969,48.67407506583668,45.402068990954824,45.402068990954824,34222020
2009-04-15,47.26836013793945,48.226605666597514,45.51121195969143,46.050361835452186,62675520
2009-04-16,46.54148483276367,48.35975071615811,46.155129769781574,47.96902913719252,39041500
2009-04-17,46.79469299316406,47.93411061133359,46.12457429295174,47.3229282239717,47042120
2009-04-20,46.58514404296875,48.02142150399669,45.76223056915186,46.711746372069506,22931780
2009-04-21,47.45825958251953,48.021420274510824,45.175061192828174,45.40207007771932,30096100
2009-04-22,47.556480407714844,48.124007566538495,46.49346194456382,47.58485776485875,24182440
2009-04-23,47.694000244140625,48.021419010118706,46.5152940188899,47.803139832799985,28823100
2009-04-24,48.46888732910156,49.021133328161156,47.01732894110499,48.021414392490954,37310260
2009-04-27,48.69371032714844,49.765461690182136,47.5848519104711,48.021410184879095,28785580
2009-04-28,46.792510986328125,49.200130293205895,46.40615920084319,48.818141693629215,29601760
2009-04-29,48.03669357299805,48.45797072880806,46.79904787609219,47.41023015502306,42856300
2009-04-30,48.03669357299805,48.03669357299805,48.03669357299805,48.03669357299805,0
2009-05-04,52.36080551147461,52.692587433704155,48.90544603902893,50.206387956142244,45266140
2009-05-05,52.09232711791992,52.82138214042855,50.85905103245068,52.683865185554495,30463880
2009-05-06,51.16245651245117,52.34334766743061,50.68442457865546,51.95481099617699,24286180
2009-05-07,51.35454177856445,51.86313264949612,50.931079651567856,51.51388464168891,15457680
2009-05-08,49.944454193115234,51.29560272984347,48.6566084781256,50.64076524818589,45138660
2009-05-11,50.07323455810547,51.850026666149844,49.680334761431006,51.850026666149844,33836720
2009-05-12,52.18182373046875,52.559445804554066,49.73491582407352,49.94228039281742,34608840
2009-05-13,50.828487396240234,52.334612329171286,50.0732400064535,52.16872135987355,47519520
2009-05-14,50.800113677978516,51.03367400412667,48.9491071259392,50.302437403754155,19203300
2009-05-15,51.729976654052734,52.037747722433714,50.51852671252499,51.29559994905796,41519920
2009-05-18,60.1620979309082,67.2168816193724,55.056548773324025,55.056548773324025,271500
2009-05-19,61.63330841064453,65.44009798748652,52.66203576996304,60.768924690159274,99306960
2009-05-20,60.271244049072266,61.59838514832145,58.97903507813942,60.98719946846795,29037980
2009-05-21,59.85215759277344,61.336453445781665,58.245619262817,60.00058584580379,38176700
2009-05-22,59.80194854736328,60.85187089371625,58.549028157798666,59.32827978518403,18276080
2009-05-25,59.52908706665039,60.67505254663364,58.778206295429506,60.026763237217665,16761340
2009-05-26,58.324195861816406,60.7667402640266,57.84397903172937,59.74301044183996,24951620
2009-05-27,61.515438079833984,61.94762657873125,59.688442469236634,59.812856535110626,53941080
2009-05-28,62.862220764160156,63.462488526802716,60.41967613526281,61.16183069815713,70308860
2009-05-29,63.06085205078125,63.7331556372123,62.03494392955719,63.065221897527366,30721400
2009-06-01,62.587181091308594,64.78524699942362,61.84939652190689,63.47557214098769,22222360
2009-06-02,61.022125244140625,63.30096034963565,60.201393419699,62.62429357914506,19577240
2009-06-03,59.84123992919922,62.340539374494604,58.84370241012113,61.99129133050298,28659520
2009-06-04,60.62922286987305,61.10506984981144,59.022684755072206,59.41559124802663,24262960
2009-06-05,61.9301643371582,62.47149905899822,60.46987620509243,61.070143902802975,20214840
2009-06-08,61.12035369873047,62.20956464634443,60.463331252762835,61.991285472146735,15709480
2009-06-09,62.00220489501953,62.42785200504955,60.16648266133688,60.67725519656133,12893300
2009-06-10,65.53831481933594,67.62287803830813,62.64611608043102,62.87530652350195,32476460
2009-06-11,67.95030212402344,68.53965854034409,65.54050491291821,66.57514603441065,36272980
2009-06-12,66.7126693725586,68.93256498676692,66.18225254382055,68.38686701612642,23487560
2009-06-15,66.92657470703125,68.12493190853415,65.57106289429049,66.51839371524544,18419340
2009-06-16,67.50065612792969,67.66655044775695,64.8944020068079,65.8330065420882,27458080
2009-06-17,67.43734741210938,69.15083344495892,66.35686293335799,67.22997955090217,35711420
2009-06-18,66.56859588623047,68.30828106296953,65.77842639053706,66.79342315523357,31335520
2009-06-19,68.0528793334961,68.49162249948192,66.57513207855969,67.01605350604312,17830440
2009-06-22,67.80026245117188,69.36444346741833,66.96984020583382,69.36444346741833,20433060
2009-06-23,65.26724243164062,66.5524212370235,63.988654011747535,66.5524212370235,29413000
2009-06-24,64.04795837402344,67.51464107737809,63.762359429799815,67.51464107737809,23783620
2009-06-25,64.34675598144531,65.8933647946482,63.973289579179614,65.8933647946482,39782340
2009-06-26,65.83184051513672,65.95925686386427,64.63234347752068,65.02777999847035,36775320
2009-06-29,66.24925994873047,67.35209374564977,65.55504352166824,66.12623493171799,36200480
2009-06-30,65.60557556152344,67.00499018548653,64.99484182079408,66.95885747930114,20584840
2009-07-01,66.01639556884766,66.6974312733253,65.1662021295606,65.81867725576991,11854560
2009-07-02,65.92849731445312,66.3019636122481,64.37968990425465,66.3019636122481,13585200
2009-07-03,66.59855651855469,67.0049815178134,65.1595997611456,65.46277091415328,19610540
2009-07-06,62.565093994140625,68.01556550884958,61.51278413124562,67.00499700010684,30500820
2009-07-07,62.71226501464844,63.69647171489756,61.732456374326446,63.2702755722634,20679740
2009-07-08,60.427513122558594,62.17184020021377,59.76624864853201,62.15865942768623,21619400
2009-07-09,61.50838851928711,61.90821649316489,59.97496037881558,60.45827775958338,11691480
2009-07-10,60.5834846496582,62.16304522511424,59.76844233423807,61.732457717543575,21467820
2009-07-13,60.36160659790039,60.717500849169355,59.31588732776384,60.19464121410108,15282560
2009-07-14,59.867305755615234,62.82211158789438,58.973172093823656,61.12392404386397,51070240
2009-07-15,60.710914611816406,61.07339927382853,58.57114419340127,61.07339927382853,42583380
2009-07-16,61.09317398071289,61.82034237722435,59.84314588304216,61.51277981900153,28846400
2009-07-17,63.12309265136719,63.659133118343334,60.37259509302987,61.073401932125066,24977340
2009-07-20,64.753173828125,65.2914132388898,62.404703645558556,63.75359401311584,22513560
2009-07-21,64.18856811523438,65.01020745676014,63.78214315197249,64.45658828574163,16773220
2009-07-22,63.49656677246094,64.7509862279805,62.96272532746907,64.58841888366882,29869220
2009-07-23,64.10729217529297,64.59939220485431,63.035211364297105,64.13365371911088,25878520
2009-07-24,63.70746612548828,64.50054509869653,62.78697077188707,64.14904215696427,22111200
2009-07-27,62.98029327392578,64.5884145932533,62.61121822815372,64.01722319135243,19702420
2009-07-28,62.587059020996094,63.48997552402307,61.380964615570896,63.446035142954145,32996480
2009-07-29,62.334415435791016,63.16923579311034,60.8537170296352,63.16923579311034,19905200
2009-07-30,64.34017181396484,64.67629496067275,61.468841425498354,62.33441467729591,37241540
2009-07-31,65.86698913574219,66.32393813718011,64.775137329953,65.03436807792603,25795680
2009-08-03,65.61875915527344,66.30198717794768,64.15563292839906,65.90655055635396,10928980
2009-08-04,64.54669189453125,66.2470791144224,63.990880135034374,66.12625309449969,19447220
2009-08-05,63.61520004272461,64.97067432238754,62.99787589903538,64.97067432238754,21808440
2009-08-06,62.110328674316406,63.92934905980234,61.6006497806694,63.270283605577575,33306200
2009-08-07,61.082191467285156,62.655161907346006,60.59008467597283,61.9521560365346,28488020
2009-08-10,60.42971420288086,62.17623366563542,59.75526893344579,62.1279019299413,27679720
2009-08-11,60.59667205810547,60.98112690806393,59.755268107829295,60.41433356490094,20270720
2009-08-12,61.78738784790039,62.040028270673005,59.53558082411024,59.97495780436198,18392820
2009-08-13,62.5914306640625,63.04618731789203,61.743429847909944,63.04618731789203,20531280
2009-08-14,62.71226501464844,63.665712112846194,61.996085204288065,63.665712112846194,12256400
2009-08-17,61.78520584106445,62.424500327996576,61.29310563299128,61.908230893082745,26981300
2009-08-18,63.30983352661133,63.924965380374765,61.556723498634604,61.556723498634604,25274500
2009-08-19,63.69868850708008,64.13586651271878,61.9961024917452,63.3120345698148,22003460
2009-08-20,65.02998352050781,65.46716141273464,63.929342184918724,64.10509027206805,14477600
2009-08-21,64.41045379638672,65.24746621041402,63.505338502798296,64.9838374025677,20833940
2009-08-24,65.23210906982422,65.98563906630244,64.45660888100068,65.81868035407317,12741880
2009-08-25,65.33316040039062,65.86260373828624,64.17100646192236,64.52250937141368,9548980
2009-08-26,64.1754150390625,66.7281947934858,63.711875439150674,65.81868772688992,13106840
2009-08-27,64.0172119140625,64.23690036037318,63.446020612782846,63.709649430099404,14838040
2009-08-28,64.0501708984375,64.3687218624359,63.05059103931435,63.92934492139538,9175820
2009-08-31,64.63235473632812,65.16179808343702,63.05059496827188,63.05059496827188,13194940
2009-09-01,63.53828430175781,65.32874356137609,62.7342238901436,65.02997053202441,12314080
2009-09-02,63.215362548828125,63.790945315845214,62.62659900885344,62.92098077884078,6342740
2009-09-03,63.06816482543945,63.62178407649858,62.611215744660086,63.4899696498483,10059660
2009-09-04,63.89638900756836,64.1490293920418,62.611210194287374,63.05058710793149,10667720
2009-09-07,64.47417449951172,64.85203893556066,63.630571580408045,64.15123218088641,15236680
2009-09-08,64.0106201171875,65.11346038413559,63.709648025076845,64.79271043245696,14822620
2009-09-09,64.827880859375,65.11567226778773,63.95571721661762,64.35994326580526,27106000
2009-09-10,65.27164459228516,66.03836198776965,65.02779358443667,65.4671705681153,17774500
2009-09-11,65.52208709716797,65.73518518423342,64.35115048555112,65.46716497889707,14430880
2009-09-14,65.63412475585938,66.08228437551841,65.20353055826757,65.52208149876483,12454780
2009-09-15,66.53264617919922,66.7083942515274,65.56162031303415,65.68684433435656,21756800
2009-09-16,66.64469146728516,67.44655975140097,66.15698949695206,67.22467224988684,23157440
2009-09-17,67.43997192382812,67.62011138190019,66.81605744589278,67.10604114383432,24112200
2009-09-18,66.9808349609375,67.56300818833094,66.38987231566979,67.48831489730324,8229580
2009-09-22,67.94305419921875,68.10342920414018,66.60955021301932,66.7852983163181,13451620
2009-09-23,68.96460723876953,70.25197845089036,67.29057547089073,68.32311395843749,26131400
2009-09-24,71.34603118896484,71.91282450377234,67.92548002883952,67.92548002883952,44450520
2009-09-25,70.67597961425781,71.36580466531603,69.94881127572928,70.42333920101842,11237640
2009-09-29,70.79900360107422,71.82934310229312,70.34864490158516,71.35481518388517,7774000
2009-09-30,72.51918029785156,72.93658713637419,70.48486249919438,71.00333088197391,23977240
2009-10-01,72.24676513671875,73.30566543660724,71.19006386747671,72.05783622325141,17295980
2009-10-05,71.79640197753906,72.27752035454589,71.04726334806433,71.22301818005388,10969880
2009-10-06,72.92120361328125,73.15188056538136,70.51561851414183,72.89264303502837,11507280
2009-10-07,73.71426391601562,75.13344941666534,73.37594182797142,73.55168990509705,21686660
2009-10-08,74.1382827758789,74.47001457601907,72.49501028450152,72.9365863411796,16809880
2009-10-09,73.62419128417969,74.25469606266516,72.93656536332792,72.93656536332792,9009600
2009-10-12,74.7929458618164,75.13346032481925,72.27751007855419,73.0683899491612,15601380
2009-10-13,74.7929458618164,74.7929458618164,74.7929458618164,74.7929458618164,0
2009-10-14,74.79074096679688,75.96826791174963,74.08554287696988,74.91376596987075,15642420
2009-10-15,75.67388153076172,76.2318920703997,74.43484216032242,75.14882962207687,18772320
2009-10-16,75.55746459960938,76.39887531354664,75.23672126511691,76.10009546568276,16519700
2009-10-20,74.31183624267578,75.57284612269967,73.81533807333457,73.93177271343056,9388380
2009-10-21,72.98490905761719,74.78415829357934,72.53455034324328,72.93657732254228,12847520
2009-10-22,73.2002182006836,73.68352892639095,72.0578352047178,72.10177559085558,7579740
2009-10-23,74.33818817138672,74.65014205534007,72.98929769995154,73.5956400439176,7576980
2009-10-26,74.38212585449219,74.56227202500018,73.15626703251468,73.4198959017635,8164820
2009-10-27,73.38035583496094,74.69409557661386,72.93658744539943,72.93658744539943,19155140
2009-10-28,71.15930938720703,73.36717633361827,70.52660537629137,72.93658871121907,13320900
2009-10-29,70.88031005859375,72.03147580262339,68.99317969880029,70.52001765373333,20490880
2009-10-30,71.20983123779297,74.16683647214461,70.54197634280222,71.26694568692639,15292380
2009-11-03,70.3222885131836,72.0358560905584,69.59731245786287,71.03846844713215,9502520
2009-11-04,71.35261535644531,72.36537591845438,69.48086542433926,70.51999423267681,12550460
2009-11-05,71.32624816894531,71.96114426897542,69.72910893269604,71.17026455070965,19742900
2009-11-06,72.0578384399414,72.65100015762472,71.2669583844843,71.83814990811231,11478120
2009-11-09,75.02143096923828,75.133474260461,72.05783496324915,72.10177534923967,17472440
2009-11-10,74.84566497802734,76.53506983958825,74.32939573543253,74.70945920005765,18728700
2009-11-11,76.26924896240234,76.45158744230321,73.61320946435445,73.61320946435445,15191800
2009-11-12,75.42124938964844,76.5394629165555,75.02800514440005,75.95289844606224,15689900
2009-11-13,75.67169189453125,76.49552361044924,74.93792654638378,74.93792654638378,17245820
2009-11-16,75.73099517822266,76.88216039569816,75.52887887451841,75.70243460988152,12131120
2009-11-17,76.8755874633789,77.19633746825598,74.75120363650339,76.66468840181338,14013800
2009-11-18,76.8733901977539,77.11065078872396,75.21034691785101,75.21034691785101,18930600
2009-11-19,75.55307006835938,76.80309812385926,74.86983537215161,76.80309812385926,11882240
2009-11-20,77.06671142578125,77.39624412578492,75.08951522575921,75.08951522575921,15307920
2009-11-23,77.56982421875,78.20911866177278,76.24510261745682,76.24510261745682,11746440
2009-11-24,78.07290649414062,78.20911230241892,76.45599551757545,76.89098119619837,8803300
2009-11-25,79.20647430419922,79.4832771875658,76.95026966996589,76.95026966996589,15749580
2009-11-26,77.38306427001953,79.52722587548301,76.89096424425153,76.89096424425153,16057640
2009-11-27,76.90634155273438,77.49290599222452,73.91857712666759,76.53945887103112,14975520
2009-11-30,77.60494995117188,78.51665573640709,76.5504480051292,77.55002783514132,17511280
2009-12-01,78.63528442382812,79.04390172322654,76.89095759238359,78.19590752330022,10975060
2009-12-02,79.39981079101562,79.68101176803131,78.04432996389178,78.2134876743818,23703320
2009-12-03,79.39321899414062,80.14235077325543,78.5847603332722,78.5847603332722,9752940
2009-12-04,78.62870025634766,79.13178872445633,77.99379736678503,78.47931370740115,6778560
2009-12-07,78.9714126586914,79.4261693895793,78.42658285277066,78.64847034747014,9102120
2009-12-08,80.54878234863281,80.80142276759413,77.8751772185765,78.5166638456247,13661280
2009-12-09,79.27898406982422,80.61688616528697,78.71438304321377,79.33610522244398,16068740
2009-12-10,78.43317413330078,79.30753664618285,77.87297122377672,78.7077847172557,12233920
2009-12-11,78.43537139892578,79.04390602571104,77.46654447600385,78.59793871557488,11953200
2009-12-14,77.21170043945312,79.08784167189026,76.84701680944295,78.41559555402795,16142240
2009-12-15,74.72923278808594,77.63790606444034,74.2547048754827,76.3000040503491,17086360
2009-12-16,74.40190887451172,75.08293787593924,73.59564911193374,73.66595104252016,17161840
2009-12-17,73.4418716430664,74.56228446780516,73.24415331031528,73.81534481943325,13195340
2009-12-18,73.1167221069336,73.51655675277522,72.35879416313273,72.55871148605354,12563560
2009-12-21,72.6180191040039,73.42867007263044,72.36757774127466,73.11671620814666,17188860
2009-12-22,72.34562683105469,73.25294150196511,72.15010753223578,72.93658949311592,12548620
2009-12-23,74.27008056640625,74.6940776924967,72.4971930544821,72.4971930544821,20208740
2009-12-24,75.16203308105469,75.74859766456075,73.9998789537408,74.79734933982925,7437940
2009-12-29,74.5600814819336,75.48496816799012,74.11191507523841,75.47178739464856,10404580
2009-12-30,74.36454772949219,74.68309869545413,73.59563807793171,74.68309869545413,8531020
2009-12-31,74.7929458618164,75.30920842746065,74.2481160166515,74.6940833638554,11516440
2010-01-04,74.94452667236328,75.94630554315371,74.36674493282882,74.6940786024857,6100980
2010-01-05,75.01042938232422,75.79251977466473,74.91376592220485,75.13345438531982,16773200
2010-01-06,75.06096649169922,75.57283770413716,74.17122411820579,75.3092088443553,13279680
2010-01-07,75.25647735595703,77.69941192712463,74.76437735726418,77.69941192712463,12247960
2010-01-08,75.3553466796875,75.7222226820233,74.73802259535074,75.22133322238165,14171800
2010-01-11,75.05216979980469,76.83164766993217,74.80392076685295,76.83164766993217,27533220
2010-01-12,74.4831771850586,75.212537775275,73.75380989048246,75.04557910502194,9814100
2010-01-13,74.22393798828125,74.46559662900225,73.18041782984203,74.0328101056436,20693500
2010-01-14,73.98229217529297,75.30042301084168,73.37594984554532,75.13345762627694,20345280
2010-01-15,74.43704223632812,74.65014032296801,73.41989023964508,74.62377877894825,23163460
2010-01-18,77.62252807617188,78.12122521905327,73.90760176065456,74.25470661086963,47002920
2010-01-19,78.1739501953125,78.59575503911515,77.01838661146407,77.55003569846568,33328440
2010-01-20,77.15898895263672,78.6484765931254,76.58340620222268,78.4287881110217,27304220
2010-01-21,75.20594787597656,77.3698805568861,74.9181565285234,77.3698805568861,25046940
2010-01-22,73.68791198730469,74.69408226316648,72.67294559077197,74.5183341631149,18947400
2010-01-25,72.79159545898438,73.72307266457936,71.67558069592407,72.93659069078466,12057580
2010-01-27,70.17729187011719,72.98491050767015,69.72473411649746,72.98491050767015,24215580
2010-01-28,70.00371551513672,71.13510956672832,69.28093871729408,70.73967308217394,34864460
2010-01-29,71.66458129882812,71.92601114138924,68.21327695706219,69.42156366644654,32870340
2010-02-01,70.289306640625,71.5305447664441,69.64122317538846,71.5305447664441,15034660
2010-02-02,69.38202667236328,70.95499720474854,69.07006603898569,70.60788560533112,20669400
2010-02-03,71.29989624023438,71.72390011823036,69.33368829134648,70.30031629959377,15455340
2010-02-04,71.0362777709961,71.39437109846763,69.6632246468635,71.0911998959614,17210480
2010-02-05,69.1293716430664,70.21243415725142,68.76248895972081,70.21243415725142,18693880
2010-02-08,68.86795043945312,69.8104092368861,68.05949169881794,69.64125151271215,15181200
2010-02-09,69.05467224121094,69.32928282241194,68.16932799559329,68.84157416202457,23947500
2010-02-10,70.01689147949219,71.06700181420162,68.71853216805641,69.20184935321902,27733360
2010-02-11,70.21244812011719,71.75026766784784,69.86094516833509,70.47607030568288,14539380
2010-02-15,70.90665435791016,71.16588514944236,69.5314023585976,70.16849759541887,9604980
2010-02-16,70.58150482177734,71.29769131289336,69.86092697523857,70.51999232406158,14349700
2010-02-17,72.75862884521484,72.97831732707984,70.9549882863242,71.09119407238282,24796680
2010-02-18,73.98009490966797,74.25470550695701,72.53014961510978,73.15187176181392,20008840
2010-02-19,74.42607116699219,74.69409141022686,72.76522661198427,73.3759603853405,14691980
2010-02-22,74.54468536376953,75.55964491510488,74.25469500499963,74.73801226961614,13280340
2010-02-23,74.73802185058594,75.08292766090148,73.91858142555307,74.03721507923241,12945780
2010-02-24,74.71604919433594,75.13345594203078,74.14485783753038,74.25470207136375,11211380
2010-02-25,74.30084228515625,74.86983466942266,73.90320665482197,74.73802693898307,11673940
2010-02-26,74.90499114990234,76.22092986018323,73.81533803705268,74.254715049178,18702060
2010-03-02,76.6690673828125,77.15458366775032,74.95769924331961,75.7485722726273,15429300
2010-03-03,78.06190490722656,78.2530395171228,76.56363456397425,76.56363456397425,22295920
2010-03-04,78.2596206665039,78.516652404177,77.02716494881632,77.98940145353208,27028840
2010-03-05,78.38484191894531,78.86815922546931,77.81365727132957,78.45294480699734,20899300
2010-03-08,78.39362335205078,79.52721652471625,77.89712532448495,79.52721652471625,14745920
2010-03-09,79.57994842529297,79.74691380620528,77.98940606391977,77.98940606391977,24795380
2010-03-10,79.7227554321289,79.96221506992511,76.00782244446657,79.61510351835975,29921120
2010-03-11,80.27196502685547,80.62566020913548,79.22404684179415,79.79084679062115,15490460
2010-03-12,79.14277648925781,80.42355740313482,78.48810239230708,80.27417084281923,14944880
2010-03-15,79.63926696777344,79.96660063266033,78.20909292644802,78.20909292644802,15025920
2010-03-16,79.28997039794922,79.52283965406107,77.50609428064416,79.3075425267069,20872500
2010-03-17,79.42617797851562,80.17750885445048,79.00437313084156,79.28997218839648,9589680
2010-03-18,79.12739562988281,79.6326831597719,78.67044653844158,79.6326831597719,7003940
2010-03-19,79.96000671386719,80.17749613750594,78.98458944366982,79.73811923036693,12679680
2010-03-22,80.71792602539062,81.50440765608944,78.99996089108677,79.17570895361513,30611220
2010-03-23,82.77860260009766,83.04223141331218,80.62565854149621,80.62565854149621,20308760
2010-03-25,84.63058471679688,84.79974241114606,82.17227040433225,82.60285789272258,46592800
2010-03-26,85.7422103881836,86.3639257761321,84.05719696072534,84.84368539699116,23105720
2010-03-29,86.33977508544922,87.43601849861687,71.56791654696893,71.56791654696893,26453420
2010-03-30,83.7825927734375,86.55286793393131,83.54313313982378,86.33757081451374,18739960
2010-03-31,84.95355224609375,85.36656102658675,83.3608104970854,83.48163649974833,13652160
2010-04-01,85.20618438720703,85.67851331202938,84.62840257089228,85.67851331202938,14818440
2010-04-05,85.61259460449219,86.10030324851596,84.55369462986299,86.06515229077843,14247680
2010-04-06,84.92718505859375,85.67852274644319,84.59765227879974,85.67852274644319,8842880
2010-04-07,84.87663269042969,85.58842111206606,84.62399231769474,85.23911728647194,10756100
2010-04-08,83.60465240478516,84.79536698740556,83.20921579891636,84.79536698740556,12477660
2010-04-09,85.64995574951172,85.98607889154576,83.06422447801386,83.06422447801386,12415300
2010-04-12,85.86305236816406,86.4649967115956,85.18201667861894,85.18201667861894,9141280
2010-04-13,85.7531967163086,86.24529674452269,84.84368993528001,85.67850344090895,12682600
2010-04-15,85.98827362060547,86.77256314757294,85.42367258605283,85.89820053419211,19094720
2010-04-16,86.30462646484375,86.75059384081253,84.6240108216294,85.45882441956203,10465120
2010-04-19,84.97990417480469,86.06516586278698,84.62400989008415,85.67851197106062,12241660
2010-04-20,85.43904113769531,85.98387094070269,84.75580652999606,84.75580652999606,10878640
2010-04-21,85.28307342529297,86.11788699503118,85.01944455887008,85.63456964137607,7889000
2010-04-22,84.98210144042969,86.5572709712208,83.83532717613907,85.18641684539702,13790220
2010-04-23,85.75758361816406,85.98826052267883,84.74043168488137,85.01943361418012,10634120
2010-04-26,87.41844177246094,87.73918507186076,86.01682821562622,86.01682821562622,15796560
2010-04-27,86.97686767578125,87.69964465847168,86.46059840243093,87.39207542031548,8968940
2010-04-28,86.4759750366211,87.29321642753969,86.03000770286789,86.03000770286789,11423540
2010-04-29,87.24928283691406,87.6557078860297,85.52253451619968,86.64074813057337,18792900
2010-04-30,87.89515686035156,88.31476263160701,87.12844626548724,87.7897039839383,14219220
2010-05-03,86.54846954345703,87.21632438320927,86.21015411984034,87.21632438320927,10014140
2010-05-04,85.1073226928711,87.20754419514532,84.89642361223878,87.20754419514532,9177920
2010-05-05,84.20000457763672,84.96232390094066,82.60726303593962,84.88763061937054,16028540
2010-05-06,83.2839126586914,84.18463686003066,82.47106251750111,83.70131947266978,10522460
2010-05-07,81.19904327392578,82.38316721546182,80.66960001912393,82.20741914047923,19571620
2010-05-10,84.98429107666016,85.15125646740161,80.40598394300777,81.86691099891438,12853080
2010-05-11,85.60381317138672,85.89819492748452,84.06379479468282,85.15125544290021,13929300
2010-05-12,86.77255249023438,87.04057268623684,85.63456114397871,85.63456114397871,13741640
2010-05-13,86.35295867919922,87.65570985063957,85.68730280489886,87.0493674566532,12744380
2010-05-14,85.75540161132812,86.68907767421896,85.33799482996668,86.29363437790771,9400300
2010-05-17,84.74921417236328,85.53789493339343,84.11870936953493,85.3269958905776,13207200
2010-05-18,83.29708099365234,84.5800608524494,83.05103098023373,84.27249833567615,12243120
2010-05-19,82.09978485107422,82.95437630703383,80.91566735993818,82.55893299697274,18180160
2010-05-20,81.32647705078125,82.44469058337805,80.68279142844034,82.33923770186779,6778000
2010-05-21,80.25438690185547,81.28472626573475,79.13617349910132,79.96659556953364,10997240
2010-05-24,80.16651916503906,82.05364228892789,79.57335762337512,80.6344566716735,9621820
2010-05-25,79.25260925292969,79.9665967236768,78.42877755591378,79.60630444342262,11068700
2010-05-26,80.30711364746094,81.42752613121058,79.62827711247584,79.65024729928658,14002780
2010-05-27,83.33223724365234,83.78918633981614,79.57117147551786,79.74691958072844,22619720
2010-05-28,83.34101867675781,84.09674758541338,82.83353882356344,83.3322359646844,11758500
2010-05-31,82.9741439819336,83.42011133586867,81.94380445657315,83.30587573786359,8768220
2010-06-01,81.5088119506836,83.04223985145731,80.75748115408814,83.02905907989317,11365460
2010-06-02,81.41873168945312,81.84492781070416,80.31809713482957,81.19685091813326,18903340
2010-06-03,83.72767639160156,83.92100333585832,81.90426460295939,81.90426460295939,13593780
2010-06-04,82.85332489013672,83.91221837481717,82.607268136151,83.74525967220671,10188700
2010-06-07,82.45568084716797,83.25535019645612,79.45474187004872,82.0316836558832,19238260
2010-06-08,81.8427505493164,83.34981034698158,81.41655434961902,82.60287083456244,11342280
2010-06-09,82.64242553710938,83.2883103198555,81.35285500220465,81.72412913597236,11584680
2010-06-10,84.73179626464844,84.98827198718156,82.38151214753418,83.1730438234869,17020940
2010-06-11,86.06503295898438,86.22864412456276,84.95069166871559,84.95069166871559,21630760
2010-06-14,87.25231170654297,87.33411726844982,86.06501098933927,86.06501098933927,14977960
2010-06-15,86.84329986572266,87.55523920185632,86.36130547131275,87.33414011296274,9121560
2010-06-16,87.38054656982422,87.99741475853615,87.02678676905222,87.33411766236628,18168580
2010-06-17,88.26716613769531,88.39540062237862,87.02679691460423,87.68788768576,15977200
2010-06-18,88.07260131835938,88.34897515141671,87.4822705894974,88.08586672255349,9802800
2010-06-21,88.38878631591797,88.88183974656447,88.00186288418541,88.51039487147942,14203300
2010-06-22,87.86697387695312,88.43961960420143,87.66355978300416,88.21852055519092,8524880
2010-06-23,88.38436126708984,88.60324720711708,87.35625184761108,87.76307336370425,8488080
2010-06-24,88.5103759765625,88.74915998888255,87.55522643246682,88.30917502532421,17653100
2010-06-25,86.12471771240234,88.08586532098741,85.786436416019,87.56186162143358,14470320
2010-06-28,86.25958251953125,86.84770002695277,85.04574420429518,86.32148998070232,10658160
2010-06-29,84.21221160888672,86.1755723542465,83.84518635717235,85.79085539906683,15902320
2010-06-30,84.85782623291016,85.73780302140628,83.08903355064078,83.79655332251197,17535120
2010-07-01,84.34487915039062,85.33097915420923,83.7965510049849,84.54828652467722,11567260
2010-07-02,84.58586883544922,85.0501782100079,84.01542948323468,84.34487167021719,8225000
2010-07-05,84.6897964477539,85.30002534161031,83.92921504622048,84.06187584833141,5160540
2010-07-06,86.84770965576172,87.10197897733353,84.45984246309804,84.68094152713756,12496060
2010-07-07,85.66704559326172,87.06881291715885,85.39067174988907,87.06218021481423,7933440
2010-07-08,86.03849029541016,87.1063957720553,85.88593140625974,86.67083035978963,6725840
2010-07-09,88.56123352050781,88.96806176416614,86.2330604852212,86.44974001201656,31402360
2010-07-12,90.62630462646484,90.91594387983106,88.749168859663,88.83760714168022,29738560
2010-07-13,91.64776611328125,91.97720152688751,90.09344011699,90.73904554146718,12514620
2010-07-14,92.25579833984375,93.34360196485399,91.67872626954762,91.97721135781059,21116060
2010-07-15,91.2077865600586,92.4194119011308,90.87171840039416,92.4194119011308,6477460
2010-07-16,90.16199493408203,91.35814175611172,89.81928731463366,91.26969672695834,9427760
2010-07-19,90.55554962158203,91.26969531434291,89.41246443680961,90.29686073538815,17531160
2010-07-20,90.40298461914062,92.36191904953097,90.0315398181838,90.55554351014214,13369180
2010-07-21,89.90108489990234,91.30285886791826,89.54511865462365,90.65503349875736,9284700
2010-07-22,90.97119903564453,91.22546157190183,89.54510758623431,89.76620661731143,11149940
2010-07-23,90.14651489257812,91.49079429619447,89.58492135427602,91.49079429619447,13843620
2010-07-26,90.7346420288086,91.08397560826938,89.94973624204843,90.42952421714583,6072980
2010-07-27,91.39348602294922,91.8887524070687,90.42949755186055,90.79210317688718,13291820
2010-07-28,92.2469482421875,92.41940523564958,91.09059775239717,91.6234472860524,13142120
2010-07-29,92.88813781738281,93.52490420217438,92.12092379433862,92.45920509283316,22531480
2010-07-30,94.0511245727539,94.49774227029422,91.9772141923883,92.75990679858822,23399320
2010-08-02,94.468994140625,94.84707839617526,93.8056969521749,94.18820075991464,16526680
2010-08-03,93.85433959960938,94.80727602648344,93.38119111089105,94.63039947409317,16220960
2010-08-04,93.51605987548828,94.14398041867412,92.47247200503948,93.5249057274791,14734700
2010-08-05,92.87266540527344,94.07323853188973,91.3139195977855,91.3139195977855,14710560
2010-08-06,92.45037078857422,93.30380998235829,92.04133614888553,92.56312672898822,10920880
2010-08-09,92.0656509399414,93.03406594130306,91.59470884360186,92.41941079966097,5236440
2010-08-10,92.64714050292969,92.95889099280785,91.52396022685217,92.21820777904692,14694540
2010-08-11,92.39730834960938,93.4386831741007,91.8865699915679,92.90584030498908,14670160
2010-08-12,91.67430877685547,92.10102836398869,90.56218072097394,91.84013307990385,9938860
2010-08-13,92.31107330322266,92.92351528762856,91.01542926642949,91.161355459834,10499860
2010-08-16,92.1540756225586,94.05110913238934,91.5526859739806,91.90644578151009,7186680
2010-08-17,93.79242706298828,94.45351781743385,92.02584779473226,93.2153617753881,20131820
2010-08-18,96.92761993408203,97.23936367026175,94.18819934808958,94.18819934808958,38844340
2010-08-19,98.61680603027344,99.03026016173084,96.62028193882513,96.62028193882513,20763920
2010-08-20,98.66766357421875,99.04352790834402,97.51352627078471,97.79431963340248,8398140
2010-08-23,97.13325500488281,98.52175703686429,96.53186520296293,97.85182705601386,8194860
2010-08-24,97.66609191894531,98.16798436489718,95.51921515048917,97.13324236529374,10680280
2010-08-25,96.94087982177734,97.94687778630805,96.33506384497485,97.3278031538903,10591220
2010-08-26,96.32621765136719,97.89601537104397,95.80220728090909,96.33726990393683,20388100
2010-08-27,94.59281158447266,96.83917893194966,93.99584814748172,96.3991939444472,11550480
2010-08-30,94.26336669921875,96.29748062650172,93.59565000768472,95.51478811241756,6876460
2010-08-31,94.37612915039062,94.63039170385173,93.40550109953247,93.96709456574062,9390160
2010-09-01,95.03942108154297,95.29368362107371,93.74599038360847,94.43360514035551,9616200
2010-09-02,96.72863006591797,97.06027867122924,95.5059524775667,95.5059524775667,11590660
2010-09-03,97.01606750488281,97.28359550324237,95.87961499138433,97.01827390745194,8118160
2010-09-06,97.47372436523438,98.15471322072379,96.62691796893633,97.1951441492683,9546440
2010-09-07,97.24378204345703,97.99109788324725,96.5119447559482,97.99109788324725,8407840
2010-09-08,96.38151550292969,97.27917724265693,96.01449021442218,96.75296034404263,9969600
2010-09-09,99.26686096191406,99.49459275989035,96.53628578891085,97.06250271464859,26029580
2010-09-13,100.92950439453125,101.48446517590544,99.40613543028127,99.49899325385475,14595580
2010-09-14,103.2178955078125,103.9165694225553,101.08650384788318,101.08650384788318,32697460
2010-09-15,105.04195404052734,105.42003155261679,103.2996923277574,103.43013996649216,25503160
2010-09-16,105.91973114013672,106.79086210789028,104.15315154311284,105.05302647259266,25534780
2010-09-17,106.15408325195312,107.27727029386125,105.5526935182107,105.91971878009986,21503140
2010-09-20,108.1705093383789,109.22072994506144,105.96394488731144,106.26906269052243,15095460
2010-09-21,109.25611877441406,110.31076579839379,108.56407751272239,108.56407751272239,32710780
2010-09-22,109.73809814453125,110.10733655928239,108.35180940848431,109.22294028169779,25049020
2010-09-23,108.95099639892578,109.7469544742244,108.47784785389831,109.29149088757745,12380340
2010-09-24,110.3395004272461,110.63798555434612,106.48795797904711,106.48795797904711,27910620
2010-09-27,107.82781982421875,111.02712404753971,107.61777298180296,110.54954918536984,16677440
2010-09-28,108.35623168945312,108.85591775804221,107.07385975362577,107.80791030188394,18864220
2010-09-29,108.02237701416016,109.39981993717524,107.28611331366659,109.39981993717524,15595720
2010-09-30,110.07859802246094,110.5053176280351,107.3082268163723,107.45415301905015,36959780
2010-10-01,110.58270263671875,110.72641568809888,108.88466333514502,110.19577924978313,17730260
2010-10-04,110.2842025756836,111.54888940165644,109.80663456914951,110.58268764032302,13980460
2010-10-05,108.24126434326172,110.97847201499555,107.78358763133545,109.72705042085093,17196660
2010-10-06,108.63701629638672,109.66512549845325,108.33853123839131,108.55963028173497,8219880
2010-10-07,107.61112976074219,109.22294391959927,107.30159240275941,108.64808497054076,9012840
2010-10-08,106.38182067871094,108.2501105981632,105.68535992824707,107.68188434486134,14906860
2010-10-11,105.61904907226562,107.93174390701178,104.65284027977907,107.93174390701178,19820040
2010-10-12,105.25642395019531,106.12755483593293,103.45446785819185,106.04132295887278,15619800
2010-10-13,107.95161437988281,108.33853772891464,104.66829204004539,105.46424999324957,20573400
2010-10-14,107.20429992675781,108.60386075228817,106.57195985518679,108.11744012230444,7707260
2010-10-15,105.51952362060547,108.01794023418896,105.24093665313336,107.20651048379513,11726540
2010-10-18,106.05902862548828,112.31392410133817,104.0492386008907,112.31392410133817,16550200
2010-10-19,104.7500991821289,107.14460577944854,104.29463565851722,107.14460577944854,16649040
2010-10-20,103.277587890625,104.88940207107957,102.94815242100852,104.75674127376412,9860460
2010-10-21,104.58428955078125,105.01322232692951,102.44183882011981,103.03438951177569,14595060
2010-10-22,102.884033203125,105.24316338483386,102.52364736607993,105.24316338483386,12950380
2010-10-25,101.91341400146484,104.69041800256382,101.66135780278698,103.29749644932845,17259580
2010-10-26,101.76747131347656,102.85528161741497,101.3075882544976,102.05932368129024,10139440
2010-10-27,99.68472290039062,101.97089320904259,99.0700677591464,101.97089320904259,16440660
2010-10-28,100.2330322265625,102.40643944347083,99.09658673489126,99.78198832159627,42138460
2010-10-29,100.81676483154297,101.61714245255182,98.9197308731326,100.82118438424706,16264860
2010-11-01,103.88118743896484,104.62408383139773,101.04448930695985,101.61713509518508,20269600
2010-11-02,103.93205261230469,105.5527060005366,103.60703667461502,104.57987133757581,11122040
2010-11-03,104.458251953125,104.884971512836,103.96298547827683,104.40297718899431,7081520
2010-11-04,105.64998626708984,106.34866018736531,104.69263019517771,105.68536293047946,9716320
2010-11-08,103.27095031738281,106.12755326153194,102.83096532865665,105.83570087068479,8510920
2010-11-09,106.06123352050781,106.4282520630129,103.04765191955981,103.47437153321403,13716100
2010-11-10,105.94404602050781,107.0031057244654,105.39129833674397,106.12755528265778,8934340
2010-11-11,104.06248474121094,106.54321647269667,103.30853613437226,105.46867152881066,6728740
2010-11-12,102.36445617675781,105.19894130110407,101.92667756206625,103.69547023125611,12403100
2010-11-15,105.50184631347656,105.7737938515259,102.32464700635924,102.36886951936974,22815960
2010-11-16,104.91592407226562,106.11428395260873,102.81106343909549,106.11428395260873,18299340
2010-11-18,103.48983764648438,106.96772150877106,102.53468809701678,106.96772150877106,16631980
2010-11-19,101.86476135253906,104.53563508509977,101.35180990308707,103.69546133825197,11752680
2010-11-22,105.23872375488281,105.7273507452467,101.97088020530022,102.63417732698063,11021900
2010-11-23,104.88054656982422,105.24315226596691,102.03500275515948,104.57985508782006,11416240
2010-11-24,102.20966339111328,104.97340137623618,101.26114662534508,104.09342477270646,8257500
2010-11-25,102.7248306274414,104.301267998682,101.36286636086899,102.81106249926104,22687740
2010-11-26,101.6126937866211,103.474350671406,100.64428565969796,102.85527605865963,15139380
2010-11-29,101.6126937866211,102.49708994620576,101.04226123254817,101.70555835223666,11818860
2010-11-30,101.05995178222656,103.21124798859282,99.87044454954828,101.57290320256378,17253560
2010-12-01,104.67050170898438,105.02204838758233,100.82116645207904,101.19924393700023,16081440
2010-12-02,105.76274871826172,106.12756085923363,104.05365036119072,105.15472623417236,14738560
2010-12-03,105.93521118164062,106.12756631600294,104.8894100261678,105.90646721951127,7923580
2010-12-06,105.38687133789062,107.23304993889761,105.03311147314663,107.01195086685864,9363120
2010-12-07,103.98951721191406,105.6853499594109,102.96583423891637,105.24315184242592,17194700
2010-12-08,100.84107208251953,103.47436276514192,100.16672263098341,103.47436276514192,23488440
2010-12-09,98.6986083984375,101.01572872660395,98.13701495728243,100.51825589521323,36567840
2010-12-10,98.27190399169922,98.70968257971765,95.97026186146225,97.28359087810938,41242460
2010-12-13,99.0081558227539,99.27347739225311,96.46109709467426,99.18503911822265,15823360
2010-12-14,98.97499084472656,100.63986646273908,97.81422080335587,99.36191419185012,11844160
2010-12-15,95.64303588867188,98.61018847486956,95.07260323810294,98.61018847486956,22420420
2010-12-16,97.31897735595703,98.15031210285497,95.07260976666491,95.64746875659628,19518360
2010-12-20,96.06754302978516,97.27474202645483,95.13671786231508,97.27474202645483,10322440
2010-12-21,97.90708923339844,98.12597514779702,96.04101259166295,96.08965465568573,12351160
2010-12-22,96.34613800048828,99.05238860131786,95.95921460751438,98.74285123642044,15006480
2010-12-23,96.88339233398438,97.46045761021736,96.13165692064551,96.39918487931631,6526540
2010-12-24,98.09722137451172,98.37802147630497,96.17808330856005,96.79715792744533,7033420
2010-12-27,97.8893814086914,98.61016639848731,97.15533776442695,98.12374583836612,7541260
2010-12-28,99.76653289794922,100.32148695935145,97.95351787745415,98.34044123875668,9350060
2010-12-29,102.93489837646484,103.33287406492549,99.65157533073243,99.75991847999173,16142080
2010-12-30,101.94876861572266,103.62469636878521,101.1771283784743,103.30631321163547,14504700
2010-12-31,103.7551498413086,104.57985173543489,101.35401737214283,101.92666310789743,16497820
2011-01-03,105.70747375488281,106.11208211106357,103.934254777074,104.8009661580425,10796780
2011-01-04,103.71977233886719,105.5969078658053,103.16481831036234,105.53057410221233,16568260
2011-01-05,102.06818389892578,103.9033035885756,101.59502862262363,103.9033035885756,15651840
2011-01-06,102.93266296386719,103.5915405807231,102.10354150272313,102.41308557947643,10870180
2011-01-07,100.35464477539062,102.86411343823035,99.98098686443564,102.86411343823035,15896020
2011-01-10,95.1720962524414,100.3789765902639,94.54196256092841,99.76210830300101,40141720
2011-01-11,94.9222412109375,98.11048558041493,93.96709174138847,95.956983095912,24315180
2011-01-12,97.51795959472656,97.9026698343997,93.15346591873785,95.91277811624191,19810660
2011-01-13,94.76306915283203,98.05302461625747,94.02901857146814,97.68157302553531,18972020
2011-01-14,90.6307144165039,97.63734400706367,89.76621630203431,95.07259362038116,25582820
2011-01-17,91.45099639892578,92.55207219833986,90.67493650282375,91.09281698454274,24561640
2011-01-18,93.27505493164062,93.56912044601961,90.50247096167632,92.27789605923954,16840320
2011-01-19,91.77600860595703,93.48289363021695,91.22547410212687,93.376763651656,17984100
2011-01-20,93.63766479492188,94.38276754542915,90.469311495535,91.50184707167398,19277080
2011-01-21,92.60291290283203,93.95383161807383,91.80474856453539,93.03847830480395,16595220
2011-01-24,95.01068878173828,95.24947279880637,91.66767205833776,92.64050657744993,25548320
2011-01-25,92.1673583984375,96.1714662088928,91.53943782672836,95.12566514108873,28221080
2011-01-27,90.69041442871094,92.86160890388935,90.25264259079094,92.86160890388935,37891160
2011-01-28,90.83855438232422,92.39066742676478,90.29907211099905,90.87171789338763,35596840
2011-01-31,90.5312271118164,91.24537956695076,88.27159425170089,90.32781973742954,22236060
2011-02-01,90.19072723388672,91.84012425375437,89.10733649349494,91.84012425375437,17102460
2011-02-02,89.3196029663086,91.24758708858559,88.71378693821758,90.71694393312322,19524340
2011-02-03,91.13482666015625,91.61240146344038,88.88182658576424,89.32402472798198,11592060
2011-02-04,89.22451782226562,92.19830270685746,88.66071795071905,90.6948318844616,18506400
2011-02-07,90.15756225585938,91.09281371898277,89.33286707135625,90.42951653170863,17118920
2011-02-08,88.56565856933594,91.09060624089217,87.78075280041175,91.08839983836792,14391980
2011-02-09,89.42572784423828,89.9873213705672,87.61713907341662,88.35118960422034,14715160
2011-02-10,89.1405029296875,90.60638389713168,88.43961600399665,89.14713563099151,23071180
2011-02-11,91.06185913085938,91.09281623921112,88.21852834816805,88.21852834816805,20206840
2011-02-14,93.10260009765625,93.31264689850248,90.6572450934197,90.6572450934197,11844720
2011-02-15,93.17115783691406,94.09977674039322,91.76939037597725,93.30381864418379,15199460
2011-02-16,92.63387298583984,93.83443925640057,92.20052071962975,93.48067941264613,9101580
2011-02-17,96.64682006835938,97.01826486993808,92.64050617905563,92.86160523914884,23609840
2011-02-18,96.22673034667969,99.18945631448344,95.74694243166294,96.57606388239576,39535740
2011-02-21,97.35877227783203,97.63735928982173,94.29876168830391,95.73590577030619,11201020
2011-02-22,94.5618667602539,96.91657063008506,93.98479464855862,96.84139775202136,11592860
2011-02-23,93.48509979248047,95.2052500920623,92.87044471749898,93.97593994209932,12228440
2011-02-24,91.05303192138672,93.68189668113016,90.46269436239913,92.2867619161643,20055540
2011-02-25,90.3034896850586,92.28674857210056,89.23558416776277,92.28674857210056,12619920
2011-02-28,90.75011444091797,93.78801345201043,89.98731996339527,91.269691848677,21962720
2011-03-01,94.586181640625,95.07260230486905,91.04859643858336,91.74727032567559,20501160
2011-03-03,96.98067474365234,98.26967920123798,94.19040588812015,94.40487223068395,25337640
2011-03-04,98.0905990600586,98.73841770259875,97.57101490664954,97.72578695146348,19709880
2011-03-07,96.0962905883789,97.4604680818761,95.11239702059818,97.4604680818761,12855680
2011-03-08,97.5710220336914,98.10166522758098,95.36003121717985,95.4263649901203,17971140
2011-03-09,97.55110931396484,98.99488583098895,97.06248230598104,97.72577945158,18083980
2011-03-10,97.65504455566406,97.94689697415251,96.50312018481361,96.92983980958927,14940620
2011-03-11,96.67998504638672,98.03532338492991,96.17809260141858,96.48984309057421,13107900
2011-03-14,97.93583679199219,98.12376560555467,96.04543567503977,96.04543567503977,13082880
2011-03-15,96.60482788085938,97.6240982377397,94.18821634381067,95.9570091389996,27602000
2011-03-16,96.56502532958984,97.50469644041011,96.33729354204033,97.10672078655556,11610680
2011-03-17,96.46552276611328,98.74284726445575,95.78675374063039,95.96584344981027,33521240
2011-03-18,95.04165649414062,97.11556714496922,94.72327999572393,96.39920821556574,9644240
2011-03-21,95.26937866210938,96.34170372161593,94.91561881120661,95.9658393623007,12318700
2011-03-22,95.14336395263672,96.0896678070812,94.72106387250584,95.47501259434496,9430540
2011-03-23,95.70050811767578,96.48320061226094,94.85370175931982,95.07258765078736,9314700
2011-03-24,96.96519470214844,97.23493580156673,95.89065660362776,96.35495919094475,8827620
2011-03-25,100.16008758544922,100.60007255680186,97.28358664833587,97.59312398364446,17802960
2011-03-28,101.56185913085938,102.23620859524259,100.15787868719738,100.15787868719738,21860620
2011-03-29,101.93328857421875,102.7579904098067,101.02678117467362,102.14775490961792,21636600
2011-03-30,103.54067993164062,104.5356256327675,101.970882112233,102.36885769372081,22194840
2011-03-31,103.7330551147461,105.9462522486568,101.93109227071473,103.91656437659407,37863820
2011-04-01,103.19798278808594,104.57985186666234,102.72262117453717,104.04921548997052,8738580
2011-04-04,106.16293334960938,106.34865576412383,103.47436777049887,103.47436777049887,12644540
2011-04-05,105.93961334228516,106.56753386354606,104.71914895908327,106.1275488929313,16825320
2011-04-06,105.0640640258789,105.90645091402455,103.96078186341899,105.72957436302691,12939720
2011-04-07,104.12660217285156,105.15471142439685,103.45667230917554,105.02205064252476,13116320
2011-04-08,104.02268981933594,105.46425328421687,103.69988032850839,104.09343639162236,15440340
2011-04-11,101.53089904785156,103.36602532311662,101.20146360244834,102.81991036644366,22416360
2011-04-13,104.75452423095703,105.40455599910936,100.6000710556696,100.79685245539136,18067780
2011-04-15,104.49583435058594,105.77378661927536,103.6512343406549,105.02205118135353,17181860
2011-04-18,102.22736358642578,106.12092174900886,101.89792812865393,105.19009654611683,20706540
2011-04-19,103.80602264404297,104.30570874607966,102.78675907898865,103.47437400939747,14924860
2011-04-20,104.8871841430664,105.64112598435584,103.82811777829393,104.38307181918003,13096140
2011-04-21,106.5984878540039,106.8748616711653,105.33158784706933,105.33158784706933,32410700
2011-04-25,105.72957611083984,107.94277317432318,105.50847704473387,107.14460878443647,12645740
2011-04-26,104.35212707519531,106.03248133634563,103.49647476423353,105.53279528502094,12643700
2011-04-27,104.06027221679688,105.19893103700899,102.86855178085696,105.06627699768944,14295300
2011-04-28,103.37486267089844,104.7567317941187,103.03216182730294,104.49804967280026,26769640
2011-04-29,101.50880432128906,103.46111314820388,100.86541187953628,102.81108125595415,18625880
2011-05-02,101.2699966430664,102.3998162865244,100.02520792376333,101.97088359379171,14156740
2011-05-03,98.8600082397461,101.51319654274954,98.26525132203028,101.19923295803515,21480560
2011-05-04,100.00089263916016,101.04889999192777,97.62849736977796,99.22925235542428,26421220
2011-05-05,98.1878890991211,100.59123500620234,97.72579283409684,99.75327435564584,18698980
2011-05-06,101.58395385742188,102.58995176303189,98.38907011756291,98.38907011756291,21551460
2011-05-09,100.77032470703125,102.3688734756862,99.42383212694287,101.79401452137346,7797180
2011-05-10,99.33539581298828,100.73274363794822,98.39351155954874,100.73274363794822,13046440
2011-05-11,99.98321533203125,100.33034251483659,98.21221624953502,99.93678641345869,9821700
2011-05-12,99.06121826171875,100.1534480865749,98.83127336506287,99.49457050174115,9478860
2011-05-13,99.54100799560547,101.26337159830946,98.42667356802855,98.69862109917635,11646140
2011-05-16,99.62946319580078,100.20653536115043,98.88878660141596,99.27349688004297,12541240
2011-05-17,99.60291290283203,100.55364290471988,99.09660091599243,99.58301479721634,12223880
2011-05-18,100.26179504394531,100.7194717359461,99.18504365798798,99.85276041699883,13870960
2011-05-19,100.54701232910156,100.99804956074412,99.8350730743623,100.40108613742616,15022540
2011-05-20,102.39983367919922,102.5899756539396,99.7333725009227,100.37898479932883,23827740
2011-05-23,100.14462280273438,101.65252022251266,99.31550121160524,101.48448275420635,20092800
2011-05-24,99.72893524169922,101.37391268526137,99.41497837463544,99.67144733051539,9004880
2011-05-25,99.70462799072266,100.24631666201347,99.28896066089119,99.49458117594352,8314880
2011-05-26,100.12249755859375,100.68851061261527,99.0523789174778,99.71567609772876,19899900
2011-05-27,101.86697387695312,102.23620553416525,100.04953930648678,100.15345613614805,11662040
2011-05-30,102.04163360595703,102.92602982744276,101.58838324140868,101.8824420161933,7849500
2011-05-31,106.10765075683594,106.51225906801498,102.36886484034311,102.80664340846798,35393460
2011-06-01,106.0479507446289,106.43708048132373,105.0109956685121,105.68534506673224,13143340
2011-06-02,105.09510040283203,105.38006756997483,104.41385066272264,104.86134076826332,13445520
2011-06-03,104.93704223632812,105.56486280248149,104.56970272860987,105.07952243342358,11977060
2011-06-06,106.0279312133789,106.41753516009474,104.4272150259113,104.4272150259113,11685600
2011-06-07,105.8164291381836,106.44870666442067,105.25095173055523,105.30883112543191,8126940
2011-06-08,104.87024688720703,105.61606150615091,104.5563434043429,104.91254728728305,10278780
2011-06-09,105.2064208984375,105.7318331723044,104.25801142080661,104.8479885355378,6459880
2011-06-10,105.19084167480469,105.72738280561445,103.75487685708633,105.43796543607077,8743820
2011-06-13,105.64276123046875,105.97225724932376,104.37599147738054,104.77673098044518,7835560
2011-06-14,106.08358764648438,106.7737445597833,105.32664420364027,105.88322126369528,12433200
2011-06-15,105.65168762207031,106.67579081325479,105.39343504035223,105.97227656529596,14077880
2011-06-16,104.32478332519531,105.61603911245318,104.10437423622884,105.25982851088656,8425300
2011-06-17,104.60530090332031,105.35334389908299,103.90847222988042,104.65873691354433,14213480
2011-06-20,102.36564636230469,105.14630987099527,101.16121962797428,104.28695138925636,15625700
2011-06-21,103.54782104492188,104.36932934294143,102.49923174846784,102.49923174846784,10157720
2011-06-22,103.42091369628906,104.53851786598261,102.96229479199013,103.85503967963754,6183160
2011-06-23,103.91291809082031,104.16672044494013,102.85542187029242,103.25615456251575,8267580
2011-06-24,106.11251831054688,106.41529293455578,104.26022844106602,104.59194615587192,16575460
2011-06-27,107.5818862915039,108.28094348588995,105.64499557132467,106.10584296803775,20512380
2011-06-28,107.88910675048828,108.19856681801294,107.06537688206912,108.17185220956675,12193620
2011-06-29,110.83006286621094,111.27086748755376,108.42119605830254,108.42119605830254,20504880
2011-06-30,112.00778198242188,112.42632898639916,110.2534569313866,111.27087455521936,26841200
2011-07-01,111.37106323242188,113.43484840504658,110.3358313198267,113.09645201813156,13304840
2011-07-04,112.74913024902344,113.18548466571694,111.86751428227271,112.8738029395073,14323360
2011-07-05,113.14766693115234,113.63077201793806,111.96104082607724,112.2949870644494,10637280
2011-07-06,113.33243560791016,113.98697070981515,111.98329349030668,112.87381669897711,11785740
2011-07-07,114.24520874023438,114.65262688539144,112.83595884718459,113.3680496895973,14778040
2011-07-08,113.9491195678711,115.02442334426794,113.70645281075778,114.25412947147687,15089360
2011-07-11,112.39961242675781,114.16953002831957,111.98774408236545,113.94244226099521,7945000
2011-07-12,110.41374969482422,111.76066333811039,109.54326243798799,111.76066333811039,14721800
2011-07-13,112.19256591796875,112.60443425688167,110.3380475488723,110.87013842217206,7441820
2011-07-14,112.64006042480469,114.27639143408642,111.04824470663593,112.45082287850282,9354344
2011-07-15,113.30796813964844,113.64191439789185,111.98331193095467,112.7513910425761,5490152
2011-07-18,114.66600036621094,115.52313717053548,113.09645581323585,113.97585026409068,6209896
2011-07-19,113.73095703125,115.54539687576708,113.17437997500835,115.2114506420221,17052664
2011-07-20,112.00556945800781,114.96656350810174,111.76067419158596,114.96656350810174,7408644
2011-07-21,110.49166107177734,112.40628727160964,110.09092835760084,112.38402283323256,12881024
2011-07-22,111.66046905517578,112.88493838973984,111.05937000379036,111.3153940512778,12634120
2011-07-25,112.47307586669922,112.76249317099737,110.68089396192242,111.66046806203052,13370428
2011-07-26,110.90353393554688,113.5862392070547,110.25790596113708,112.50647844608072,10581528
2011-07-27,111.77178955078125,112.19479350280507,109.53435274588914,111.17069047196011,11062712
2011-07-28,108.48798370361328,111.20408212071935,107.88688463350641,111.20408212071935,21417956
2011-07-29,108.37667083740234,109.06682767696566,107.10767935254675,109.06682767696566,11990668
2011-08-01,108.64383697509766,110.41375465987377,107.8646291279402,109.85717762618987,8809416
2011-08-02,107.4972915649414,108.62157447540652,106.862792376376,108.62157447540652,7929976
2011-08-03,107.31917572021484,108.95551347883463,105.97226208158692,106.5733679665176,8330268
2011-08-04,106.07244110107422,108.84419032057079,105.74962374251504,107.77556526146529,7318424
2011-08-05,105.31549835205078,105.92773305861817,101.76454113045162,103.52332311048738,12624376
2011-08-08,102.87769317626953,106.86278310402663,101.97603436733763,103.07805953575902,17233492
2011-08-09,103.40086364746094,105.42679821528546,100.15045305281382,100.18384630941992,17963696
2011-08-10,106.84052276611328,110.15772042679019,105.39342252270394,110.15772042679019,13068904
2011-08-11,106.85165405273438,107.90915034160113,105.7496288866753,106.57336555566418,8409216
2011-08-12,104.20233917236328,108.19856459470529,103.32295162303366,107.9981982413234,11413552
2011-08-16,101.61982727050781,106.5065690565094,101.21908777021274,106.5065690565094,12222592
2011-08-17,104.07990264892578,105.1819278652227,101.49738391955498,101.53077718189515,12536804
2011-08-18,102.94449615478516,105.71625275230076,102.08736608612,104.25801671492137,22888452
2011-08-19,102.59941864013672,103.1893889766417,100.18387279285601,101.29702693499885,17921036
2011-08-22,100.86287689208984,103.28955794322974,100.33969996987317,102.42129242518389,11908996
2011-08-23,102.27659606933594,102.96675296153037,99.13750018778617,101.83133443490769,16145092
2011-08-24,101.51964569091797,102.9444814645915,100.74043788407978,101.96490729482551,12742456
2011-08-25,98.77015686035156,102.27659209522616,98.11340005158118,102.27659209522616,23200840
2011-08-26,97.7237777709961,100.30628922966869,97.10040754767886,98.84806042528967,8523824
2011-08-29,101.61982727050781,101.95377345701075,98.65883367369014,98.9593866003733,11600396
2011-08-30,105.07061767578125,105.74963895562442,102.14301697252913,102.84430948724179,15589296
2011-09-02,105.25983428955078,107.75330184325401,104.19120922033653,107.75330184325401,15190948
2011-09-05,104.69213104248047,105.52699652128813,103.00013564659974,104.5919444673625,11800716
2011-09-06,105.25983428955078,106.06130648853771,102.41016290887778,104.32478905252643,17860792
2011-09-07,108.66608428955078,109.07795258839725,105.27096491914823,105.97225051223701,14746572
2011-09-08,107.68653106689453,109.02231599576656,106.67355675267449,109.02231599576656,8164048
2011-09-09,105.36003112792969,108.13178743786295,104.79232527849909,107.7310479022474,10331416
2011-09-12,104.49176025390625,104.90362856481065,102.96673801847778,103.96857655054946,6985520
2011-09-13,104.12443542480469,105.92773960018945,103.3006986874375,104.85911440039453,7175952
2011-09-14,106.61788177490234,107.55293379129306,102.64392089647042,104.05762774266613,7749008
2011-09-15,107.89801025390625,108.65495357573872,104.99268118255205,108.1762987394441,8736760
2011-09-16,107.68653106689453,109.08910252454876,106.03905755262957,108.25423694400375,10947008
2011-09-19,107.9202880859375,108.42120742207645,106.21716370189571,107.28578890133082,8389220
2011-09-20,109.38963317871094,109.81263029440535,107.53066483973195,107.97592639186334,11835268
2011-09-21,110.09092712402344,110.7922127630507,108.7328779280715,109.70132323632467,12891396
2011-09-22,105.14852905273438,108.8664663047289,103.63464225940963,108.62157105441524,10191088
2011-09-23,101.60868072509766,104.6364605158768,100.7404220924133,104.31364318598624,32911224
2011-09-26,100.20611572265625,101.88697539878982,97.83509926772366,101.51963596957246,27785068
2011-09-27,101.84244537353516,102.83314819357629,101.09663095776486,101.96488957567058,16022836
2011-09-28,101.96491241455078,103.60125024990315,100.57346983247449,102.94448663350185,15223752
2011-09-29,104.7700424194336,105.7050875831773,100.77381735362613,101.86470677506976,32532984
2011-09-30,104.11328887939453,105.70509768885933,103.38973880289664,103.71255617007213,19028800
2011-10-03,101.5307846069336,103.50106875892881,100.3508439569372,102.44357234451849,18136236
2011-10-04,99.93895721435547,101.5196371338222,98.068859994405,100.74042939266349,14963192
2011-10-05,97.66812133789062,101.57528862657824,97.18945974794522,99.95008672621375,16534992
2011-10-07,100.18387603759766,102.41018439398871,99.33788157983062,100.78498201148481,18887004
2011-10-10,101.23023223876953,101.96491119566217,100.19499353475743,100.6291263328369,24125984
2011-10-11,101.85359954833984,103.5010662477774,101.33041576559967,102.56602088579288,9987516
2011-10-12,104.00199127197266,104.6142260568056,100.95195296584262,102.84431502805354,17935560
2011-10-13,104.78118896484375,106.01679403208541,104.10216771461546,105.74963434345125,11733404
2011-10-14,105.5047378540039,106.06131487031978,103.60124717586488,104.41384826085543,6670040
2011-10-17,106.42865753173828,106.97410574173516,105.15966597300049,106.10584692909283,7087264
2011-10-18,106.450927734375,107.17447791643694,105.08174951791928,105.50474672706322,8109020
2011-10-19,109.5009536743164,110.11318833705421,106.70693322787609,107.51954103374092,17378084
2011-10-20,108.98892211914062,109.62342135517471,106.99638023038041,108.6438470439372,11353704
2011-10-21,108.42119598388672,109.48982107058431,107.59745933369922,109.10021718357855,9161464
2011-10-24,107.83125305175781,110.64753193224877,107.51957122204713,109.70135082417622,9743092
2011-10-25,104.19121551513672,109.25606626934476,99.86104369113067,108.6104383012653,82630020
2011-10-28,107.45276641845703,110.09094305577291,106.80713838424076,108.19858104166964,18038448
2011-10-31,109.0890884399414,109.47869232722692,106.22828139447161,107.5306728907994,12851416
2011-11-01,107.37483215332031,109.75698443166878,106.86278403083371,107.99820246999188,13299516
2011-11-02,107.55294799804688,108.64383763183092,106.306214076228,106.5733737716725,10111820
2011-11-03,107.27466583251953,107.94255831653129,105.1040152594813,107.08542826988545,10505636
2011-11-04,107.53067779541016,108.6215673707359,106.92957190994855,108.35441448376079,6803220
2011-11-08,107.8089828491211,108.49913980285592,106.52885553599266,107.53069430278883,8392808
2011-11-09,106.25054168701172,108.13177452988009,105.81640894045675,107.9759302633854,8604988
2011-11-11,103.31181335449219,106.50656648713023,102.98900279181841,105.89433182664446,9210036
2011-11-14,104.94815063476562,106.82938348468345,104.402709288295,104.61420445744193,12228564
2011-11-15,105.13739013671875,106.37298829837758,104.61420642358165,104.79231513132646,11644292
2011-11-16,103.67916107177734,105.08173232369104,102.4769493768199,104.63647074604827,7117600
2011-11-17,102.26546478271484,104.63648157010032,101.65323005012384,103.11145915008842,10777368
2011-11-18,102.03170013427734,102.76638590269907,100.2061315217318,101.34155004081752,11720744
2011-11-21,98.99278259277344,101.5196434992273,97.95755074486844,101.5196434992273,10194036
2011-11-22,98.85920715332031,100.0725477694093,97.95755510242512,99.5159707517819,15218304
2011-11-23,94.86299896240234,98.34717012761733,92.21369341796509,98.34717012761733,25565636
2011-11-24,95.65332794189453,96.84440415644235,91.56805114336107,95.46409039103405,28885188
2011-11-25,95.93161010742188,96.82213330506636,93.29343377556953,95.23032444810741,18906468
2011-11-28,98.14678955078125,99.05957718972296,96.64403165059827,97.06702881181921,10891716
2011-11-29,96.88892364501953,99.19314691281822,96.22103126730336,98.84807190199257,14831024
2011-11-30,98.51412200927734,100.10593075748945,95.55313529705492,95.55313529705492,28214548
2011-12-01,100.96307373046875,103.96858970700973,100.06142165516776,102.17641437940028,13929784
2011-12-02,103.74596405029297,104.16896125733255,100.88515660123423,101.33041824951874,11237028
2011-12-05,102.93334197998047,104.0687603111649,101.96489673296574,103.23389489031636,8753228
2011-12-07,103.99085235595703,104.8368467134169,102.87769830974501,104.63648034392936,11172944
2011-12-08,101.01872253417969,104.12442482066015,100.42875229033126,103.96858054757446,12557000
2011-12-09,98.79240417480469,100.45100612875231,98.06885417239766,99.5159541772117,13606912
2011-12-12,96.18763732910156,100.39536501158015,94.90751019041649,99.7608658535752,12071156
2011-12-13,97.6013412475586,99.15975684574455,94.8407206896026,95.2859822890843,14925880
2011-12-14,96.6996841430664,98.79241219179161,95.78689655328077,97.73491594861187,24306724
2011-12-15,96.03178405761719,97.06701577992592,95.06333884868893,95.50860038896381,26960140
2011-12-16,92.45856475830078,98.06886340756363,91.27862428399793,96.64402770440002,29424820
2011-12-19,90.38809967041016,91.94651518196895,89.10797264305829,91.7350132163107,32341524
2011-12-20,92.21369171142578,93.86115848044115,89.94285454727373,90.38811620344835,19983568
2011-12-21,96.944580078125,97.82396762081785,93.0151412051817,94.84071639811152,14986880
2011-12-22,98.59204864501953,99.02617461754694,95.46408190764738,96.06518777010399,13576068
2011-12-23,97.41211700439453,99.40466565169243,97.06704193535923,98.89261746006189,6855300
2011-12-26,98.78128814697266,99.1597564284477,97.30078789960416,97.73492067493298,4564760
2011-12-27,97.89078521728516,98.75904415353853,97.00026183771159,98.02435828889783,6294236
2011-12-28,97.91303253173828,98.6254538778628,96.4102744873239,98.51413846716544,7668340
2011-12-29,95.64218139648438,98.4028016216086,94.84070925521553,96.98909485486595,10930628
2011-12-30,95.02996063232422,96.62176953191104,93.97246430680215,96.57724065317524,7676416
2012-01-02,95.02996063232422,95.68671743168296,93.39362285400158,95.48635106567781,7029996
2012-01-03,97.76832580566406,98.15792975087155,95.73125510812424,96.0429369054595,6878476
2012-01-04,98.69223022460938,99.05957647733459,95.92048086069664,98.38054846564344,9742956
2012-01-05,98.77015686035156,99.44918490296199,98.02434229283332,98.84807900217939,6761212
2012-01-06,100.91854095458984,101.77567091068089,97.72379434557777,98.18018477710721,7954444
2012-01-09,101.4528579711914,101.76453973141932,99.29333650005378,100.60685685725532,8463936
2012-01-10,102.3433837890625,102.92221844681308,101.51964709279747,102.41017031290973,8982772
2012-01-11,103.0001449584961,103.30069791686937,101.29702058658526,102.52149006620333,7719112
2012-01-12,103.89065551757812,104.43610366403414,102.67732180348473,102.78863719711637,7975444
2012-01-13,104.54742431640625,105.31549649460716,102.64392691306774,104.63647527696034,7381684
2012-01-16,102.52149200439453,104.1578298805592,102.02057266235352,103.92406344444802,6383420
2012-01-17,104.28025817871094,104.413838008341,103.07805330034516,103.27841964771406,7322016
2012-01-18,107.28578186035156,108.06498966542966,104.54742572016681,105.2821046472936,20137244
2012-01-19,108.37667083740234,109.14474981587895,106.92957063586596,108.19856891487439,16842176
2012-01-20,109.21153259277344,109.8571673266385,106.96296702282513,109.08908837450392,14390260
2012-01-23,107.75331115722656,108.58817668788689,107.06315429305008,108.19857277357873,7533728
2012-01-24,108.82192993164062,109.77924642710113,106.98522587199099,108.03159332666458,15063952
2012-01-25,109.13361358642578,109.75697706711762,108.14290387495413,109.14474240802113,14819100
2012-01-27,107.79783630371094,112.20592343529347,106.78486208509506,112.18365899641621,14877636
2012-01-30,106.65129089355469,107.53068534436353,105.30437715918002,107.51955652109898,9975016
2012-01-31,109.5566177368164,110.20224569620605,106.82939044433455,107.64199150326388,10653848
2012-02-01,110.680908203125,111.2486208572756,107.16334404745051,110.09093790282023,12020596
2012-02-02,110.84786987304688,111.31539589463486,109.37850528840718,111.09276510284559,22841708
2012-02-03,112.70684051513672,113.09644440827546,110.25790175826461,110.758821049443,14915004
2012-02-06,113.0296630859375,114.87749606072596,111.31540315961817,113.54171122281053,17438624
2012-02-07,113.38587188720703,114.74392801798346,113.09645454402734,114.43223944021663,12075708
2012-02-08,113.19664001464844,115.27823268873055,111.9276416580987,113.6975593457886,13861148
2012-02-09,116.33573150634766,117.0926817246799,112.5732720319839,112.58440764940255,17361024
2012-02-10,115.21144104003906,117.02588752748957,114.43223322624169,116.39138158327103,11515172
2012-02-13,116.20216369628906,116.88118500580416,114.85524990102653,115.46748467962836,14614324
2012-02-14,115.30049133300781,116.61400483825292,114.66598542986375,116.32458752952468,13114828
2012-02-15,118.67335510253906,119.0852302698133,115.1557908873439,115.87934104758338,19379584
2012-02-16,117.20399475097656,119.74197787765794,116.49157342849693,118.21696223704133,8124264
2012-02-17,117.6158676147461,118.66223525870393,115.79029204695063,118.27263129678511,14219648
2012-02-21,118.45072937011719,118.77354678851596,115.87934602328502,117.1038155778058,14831136
2012-02-22,118.31714630126953,119.97574854795116,117.24852113446127,117.99432891017479,13923108
2012-02-23,118.69561767578125,119.3189812045297,117.37096168449966,117.37096168449966,17095748
2012-02-24,116.80326843261719,119.19654981491188,114.73279087775363,117.37097432191865,16380168
2012-02-27,114.78843688964844,118.317143279348,114.02037148794803,117.30417584072792,15321292
2012-02-28,118.10562133789062,118.7512559944748,114.25411180457019,115.6010252209231,14801148
2012-02-29,115.12238311767578,120.19837631090482,114.28751760409283,118.86259148917209,19988636
2012-03-01,114.43222045898438,116.28005320787908,112.49532996312668,115.10011279629362,12198492
2012-03-02,115.48973083496094,116.88117337514119,113.0407919642437,114.43223450442395,8116696
2012-03-05,113.75320434570312,115.9795122354779,112.55099264990274,115.7680102682883,10051372
2012-03-06,112.9628677368164,115.99064800715821,112.03895126603142,113.49718030354663,11597188
2012-03-07,114.7995834350586,115.32276040698783,110.76995759217809,112.84042821651747,7577636
2012-03-09,116.48043060302734,117.32642487688852,115.69009402597683,116.21327094067516,9315044
2012-03-12,115.53425598144531,118.99616219191184,115.100123205273,118.88484679229359,11217384
2012-03-13,116.74760437011719,117.43775445862727,115.84593870220667,116.43591579499916,11079428
2012-03-14,117.5936050415039,117.99433781074688,116.09084696561233,117.57133380591375,11721124
2012-03-15,113.71981048583984,117.99432458468192,113.33020658390929,117.54906298247558,14939196
2012-03-16,113.06305694580078,116.85891629010366,112.42855778560586,113.5417118230871,12810608
2012-03-19,111.05938720703125,113.55284834352871,110.22452162232493,113.55284834352871,15299768
2012-03-20,112.51760864257812,113.73094925993796,109.7569879910853,110.42488041293774,6324272
2012-03-21,114.7995834350586,115.2893603499258,111.9832982330403,111.9832982330403,12021572
2012-03-22,112.26158905029297,116.30234379897769,111.33767252204636,114.4099818615905,11280064
2012-03-23,114.42110443115234,115.4897295726696,111.52690397921074,113.43039463571115,8047164
2012-03-26,113.90906524658203,114.98882615400316,112.57328023801665,114.32093364972047,9832916
2012-03-27,115.51200103759766,116.16876470562076,113.98698528309797,114.65487777499112,11857352
2012-03-28,114.30978393554688,115.43406672796533,113.55283380036924,115.43406672796533,8699492
2012-03-29,113.56398010253906,114.45449656848152,112.42856158708635,113.09645403215815,16225116
2012-03-30,115.734619140625,116.6251423652163,113.48605343385437,113.98697274768698,11184976
2012-04-02,117.62698364257812,117.98320109342252,114.89975620583301,115.322760182365,5530932
2012-04-03,118.03885650634766,119.41917022644165,117.54906601362966,118.66222004784963,12920812
2012-04-04,117.22625732421875,117.77170555911995,116.74760920697219,116.93683997150805,4175076
2012-04-09,116.15762329101562,117.17059074292628,115.76801937964183,116.60288490401425,5036740
2012-04-10,116.84777069091797,117.10380154787535,114.84409347812162,116.52496689950094,5834072
2012-04-11,117.20399475097656,118.20583341400234,115.1223884870391,116.1798848535663,7463248
2012-04-12,118.0833740234375,118.996154808348,116.72531807937713,116.88116234683386,12103288
2012-04-13,117.84961700439453,119.71972129396036,116.63628992794159,119.41917512770821,9833428
2012-04-16,117.93866729736328,118.21695579971667,116.6807978314037,117.7494365510853,17396084
2012-04-17,118.04999542236328,119.30786502390278,116.01291793024713,118.43959936765161,15665808
2012-04-18,119.69747161865234,120.19839098796785,118.66223282007724,118.66223282007724,12000284
2012-04-19,123.34857940673828,123.69365439378426,119.59725624573092,120.22061970431466,16366676
2012-04-20,122.69182586669922,124.227983789744,121.65660082143458,122.94785671664181,15725100
2012-04-23,121.41169738769531,123.7827207657425,120.95530698023086,122.88106877278977,8437648
2012-04-24,120.63248443603516,121.66772301318927,120.08704988786401,121.57866526459152,8760780
2012-04-25,121.70111846923828,122.33561074204188,119.77535683206284,121.11114148074755,10778388
2012-04-26,120.33196258544922,122.43582662861023,119.99801634330643,121.33380131187756,9338952
2012-04-27,120.47667694091797,121.55643101183573,118.92938998235495,120.66590770771971,4549020
2012-04-30,120.7771987915039,122.22429886919014,120.29853717663974,121.06661608938025,6039020
2012-05-02,122.42469024658203,122.66957870704479,120.37648403689747,120.37648403689747,8978348
2012-05-03,123.34857940673828,124.22797369445847,121.43396015788016,121.44508897908082,13714548
2012-05-04,119.6640625,123.27068440370782,119.02957011555517,122.7141073688241,12351888
2012-05-07,118.4952392578125,119.00728736268404,114.96654663350785,118.41732391579266,16712688
2012-05-08,114.7327651977539,119.41915391224367,114.2652460025731,118.63994619473952,11283080
2012-05-09,114.13169860839844,116.34686446080363,112.51761832257446,114.36545825849613,15023992
2012-05-10,115.21144104003906,116.41365281664879,113.54171001047328,113.7754696369513,12084380
2012-05-11,113.66415405273438,115.76801786427517,113.14097709963164,114.26525994007544,8050084
2012-05-14,111.4378433227539,113.94243980253549,109.99074313443566,113.70868018208365,11034848
2012-05-15,111.11502838134766,112.30610446382164,110.42487157517232,110.42487157517232,8019464
2012-05-16,110.24677276611328,111.02598055118918,108.19856672768128,109.97961309356904,16960872
2012-05-17,110.82562255859375,112.76251346408851,110.20225896292953,110.64752061530501,11618520
2012-05-18,111.4378433227539,112.18365785556387,108.8664603211726,109.04456224207374,9614416
2012-05-21,110.74768829345703,113.0630471316077,109.9684805348576,111.3710517826756,8542340
2012-05-22,108.92212677001953,112.42856212337223,108.41007861068333,112.16140242640785,11096812
2012-05-23,108.46572875976562,109.7347202465744,107.35257475687047,109.08909228372578,12695888
2012-05-24,111.24861907958984,111.9165115132216,107.975943437133,109.75698992681767,11539244
2012-05-25,111.3154067993164,112.01669250332145,110.33583257831307,111.27087791893538,11194572
2012-05-28,113.263427734375,113.67529610314884,111.31540809275184,111.58256778983578,12206852
2012-05-29,112.41743469238281,113.9758504242831,111.78293549984987,113.57511087387384,10573024
2012-05-30,111.4601058959961,112.51760216976105,110.54731827981054,111.32652606047947,10167280
2012-05-31,112.69571685791016,113.29681595838134,110.28017125091341,110.42487991616649,19039120
2012-06-01,109.17813873291016,112.9072044884906,109.08908777518948,112.20591885448061,11708748
2012-06-04,110.34696197509766,110.9814611559836,107.9870739798509,108.64383760104312,11360968
2012-06-05,111.64935302734375,112.40629643480017,110.97033176348282,111.31540680692298,10710712
2012-06-06,115.74575805664062,116.43590809953743,112.09460751074013,112.39516044879512,25091692
2012-06-07,119.7308349609375,120.10931001785772,116.43590201916513,116.70306168218558,19800492
2012-06-08,120.02025604248047,120.83286387883021,118.2058232178267,120.42100234376849,19322744
2012-06-11,120.6547622680664,122.20204901354428,119.86442566216638,120.46551793901925,13071884
2012-06-12,122.35789489746094,122.63618342623819,119.76425396224114,119.95348472648685,11253840
2012-06-13,120.61024475097656,122.98126838029627,120.17611194145661,122.66957980210076,8064732
2012-06-14,118.97390747070312,121.86810793189315,118.584303562466,120.22063454173951,8642552
2012-06-15,121.90148162841797,122.38014324371252,119.09633921831819,119.10746803972641,9932224
2012-06-18,119.09635162353516,122.8922041238292,117.89413984352313,122.8922041238292,11237464
2012-06-19,119.4302978515625,119.99800368566093,117.17058974943222,119.06295158863095,11860736
2012-06-20,118.92938232421875,120.33195372022521,117.67151280282908,119.5527458792987,9534472
2012-06-21,120.86625671386719,121.26698940291355,118.28373149543755,118.66220654165534,10652656
2012-06-22,121.18909454345703,121.35606767652231,119.12975923565192,119.12975923565192,6168816
2012-06-25,119.48595428466797,122.11299503354432,119.10747920318362,121.42284498189493,6374848
2012-06-26,120.98868560791016,122.001652817843,119.39687028637083,119.77534528467068,5853128
2012-06-27,122.22432708740234,123.49332555078007,121.55643458965697,121.55643458965697,11937288
2012-06-28,123.07699584960938,124.00821287346598,121.89895714731138,122.71798000904437,12142440
2012-06-29,126.45402526855469,126.75695769459526,123.87355978707443,123.88477646309627,12659172
2012-07-02,128.7876434326172,129.02324836442907,125.65742449405265,126.55497752615302,8201524
2012-07-03,129.21400451660156,130.1452214934488,128.28280123533008,129.22523488870814,8466800
2012-07-04,129.69644165039062,130.33594284811826,129.16913460633978,129.40473958994602,12810284
2012-07-05,131.06520080566406,131.26715575428526,129.1242502242491,129.67400429942907,8381528
2012-07-06,130.4818115234375,132.16472396784985,129.80864654567256,130.61643904075987,15741520
2012-07-09,129.73008728027344,130.5378795958473,127.69936242550365,130.13398343806037,7661160
2012-07-10,132.086181640625,132.9051907391598,129.58424655361088,130.14521731791223,13543016
2012-07-11,131.71592712402344,133.2417647672652,131.2895838918999,131.6934937731009,12299444
2012-07-12,130.16766357421875,132.5910684727012,129.15791609837663,131.02035017694678,7583748
2012-07-13,131.72715759277344,132.7032549804515,130.6949768219165,131.26716428609973,9508572
2012-07-16,130.73985290527344,132.9949526576057,130.38082339575746,131.94032487273913,12850160
2012-07-17,130.87448120117188,132.10861690045425,129.83107008627567,131.7159373597735,8539356
2012-07-18,131.71592712402344,132.0973899587275,130.1676424342847,131.19983679263532,7117996
2012-07-19,132.2544708251953,132.5686062310022,131.39056764418243,132.07494922693414,4800448
2012-07-20,130.72862243652344,132.1647130823719,130.369606622849,132.1647130823719,4168944
2012-07-23,128.57447814941406,130.1451960325657,128.1369182857072,129.5617920113386,6094528
2012-07-24,128.8101043701172,129.57303008904304,127.94621486991242,128.4735219109867,5305588
2012-07-25,129.25885009765625,130.3246942969005,128.73154318257474,128.8998343719291,8815704
2012-07-26,126.95890808105469,129.86473954961707,126.33062352731646,129.69644831045989,17705416
2012-07-27,131.17739868164062,132.09739895689805,126.70086291728425,128.35011149409183,13430872
2012-07-30,131.77203369140625,132.81544480039852,131.04277169141125,131.73836996702246,8466284
2012-07-31,131.88424682617188,132.38912059113807,130.11157346205957,132.38912059113807,8391408
2012-08-01,131.60372924804688,132.01884209736863,129.60666803186734,131.3905576380273,7870988
2012-08-02,130.70614624023438,132.20955014640361,129.53932468489836,131.60369917578964,6885460
2012-08-03,131.98521423339844,132.1647221525549,130.0891301662881,130.36961556983766,9951500
2012-08-06,134.68905639648438,135.08173586119716,133.0622414712457,133.09590518930736,12329176
2012-08-07,134.65541076660156,135.14906775623913,133.95981252818592,135.08175400664643,11228764
2012-08-08,134.38616943359375,135.0817677427429,133.44373575673848,134.63299110572382,8053116
2012-08-09,135.67640686035156,136.2037139484783,134.29641317654742,134.8573839918212,9873120
2012-08-10,135.11541748046875,136.18126188304393,134.5544467422713,134.63297716738907,15127420
2012-08-13,136.30467224121094,136.76466550584826,134.63297670797203,134.63297670797203,8421704
2012-08-14,136.4617462158203,136.65247078712918,135.36223809907335,136.21491087554315,11225568
2012-08-16,134.64419555664062,136.461748988877,134.15053856162922,136.42808526592682,8143296
2012-08-17,133.53347778320312,135.13785967769826,132.79299909942674,134.31883686808806,7686156
2012-08-21,133.82516479492188,134.2963746663995,131.9851783093337,133.5110157502217,8340840
2012-08-22,133.93740844726562,134.7339843319398,132.6920421775548,133.3764375854419,9580860
2012-08-23,134.1168975830078,135.65395205070467,133.56714347637126,134.49836045468882,9425048
2012-08-24,133.802734375,134.72273457988084,133.11835283070374,133.1744499031145,6708376
2012-08-27,133.36520385742188,134.3861817567242,132.84911341664,133.5110617560586,4046724
2012-08-28,132.2432098388672,133.4100314795662,131.60370880372744,133.03979908390653,8895964
2012-08-29,132.063720703125,133.69053574850133,131.54763039336177,132.2207952397244,6729628
2012-08-30,133.7130126953125,135.08177604410673,131.49156272731983,131.49156272731983,22716404
2012-08-31,133.58956909179688,134.6329801663158,132.22080593833599,132.4676275904109,12506740
2012-09-03,132.4900665283203,134.13931495618036,131.9403124871756,134.08321788454464,7437816
2012-09-04,132.41156005859375,132.9164338468633,131.76084205994871,132.51253755536325,5772588
2012-09-05,132.8602752685547,133.73539490809472,131.79443109772674,131.940288936174,12158472
2012-09-06,131.97396850585938,133.17444029056946,131.51396158883514,132.41151468262163,5097452
2012-09-07,132.47886657714844,133.51104734731751,131.42423875814688,133.34275611116544,11205148
2012-09-10,132.64715576171875,133.95982190517233,132.24324584474013,132.72568619247812,6034892
2012-09-11,133.37640380859375,133.95980787891546,130.89690227079097,132.10860450370433,6311544
2012-09-12,134.4534912109375,134.63299913733857,133.2642357910064,133.56715456083464,6391016
2012-09-13,134.4534912109375,134.96958163518192,133.1856916574968,134.85738746923414,3399760
2012-09-14,137.4939422607422,137.94271889806816,134.84616283963422,136.11394862273443,25771220
2012-09-17,136.4954071044922,139.10953641089608,135.8671225715999,138.8963647759213,21086848
2012-09-18,135.85592651367188,137.32566743749024,135.49689694354748,136.49542782007615,10039176
2012-09-20,136.1812744140625,136.87687271520448,134.8573778718654,135.08176618779197,10491328
2012-09-21,140.27635192871094,141.14024140982565,135.77735553462452,136.58516163603213,23602848
2012-09-24,142.4865264892578,142.91286960580044,139.74898733570438,140.35483829768626,17574880
2012-09-25,142.9129180908203,143.36169470445697,140.50074379252334,142.03779821599872,11686144
2012-09-26,141.5329132080078,142.84557921969778,140.05195597966147,142.45289971416625,10730508
2012-09-27,141.5441436767578,142.93535394247155,140.28757461483445,142.03780069950471,15861744
2012-09-28,141.17391967773438,142.3295113302565,140.48952433232228,141.79098756941147,11007688
2012-10-01,139.76025390625,141.81341242833992,139.12075269868788,141.1402474959269,8054784
2012-10-03,138.99734497070312,140.64659361371284,138.66076249698065,140.01830906854607,11032228
2012-10-04,141.6563262939453,142.23974407169862,139.44610709139633,139.45732376690466,12652064
2012-10-05,139.65927124023438,143.30558079780602,113.32729831021135,143.15972293727364,14947024
2012-10-08,139.27783203125,139.995877389561,138.34661503125002,139.995877389561,9290672
2012-10-09,140.41098022460938,141.47682466099275,139.5695240906225,140.2314723218072,4310768
2012-10-10,138.66075134277344,140.01829780513452,138.2680718216853,140.01829780513452,4295016
2012-10-11,140.2090301513672,140.87097840557763,138.77295318342098,139.37880436008098,9812932
2012-10-12,141.62269592285156,142.48658549050836,140.46709057804446,141.36464387247284,15506408
2012-10-15,142.29586791992188,142.46415917093705,139.70417169782667,141.90318833421983,7572068
2012-10-16,141.45440673828125,142.59878172709736,140.9383026300146,142.54268464537938,7273836
2012-10-17,140.9382781982422,141.9255921435575,140.5792624157135,141.8133979995705,6433772
2012-10-18,142.75582885742188,143.13729167890247,140.11926652342297,141.36461875909063,5618460
2012-10-19,141.028076171875,142.48660042822692,140.6914936511784,141.81343538683373,9055400
2012-10-22,143.38412475585938,143.60851305751174,140.28756893217178,140.28756893217178,8241404
2012-10-23,142.28465270996094,143.49635532463176,141.92563681443252,143.39537782414612,8332960
2012-10-25,143.01385498046875,143.83287762457886,141.14021844907973,141.95924109318983,17011340
2012-10-29,143.74314880371094,144.16949207953056,142.60999055449673,143.1260809387791,5512328
2012-10-30,142.1836395263672,144.68556063852145,141.499244313857,142.94655146330948,8834904
2012-10-31,142.30706787109375,142.6885307343406,141.37585091336544,142.2846208229172,7492968
2012-11-01,141.05047607421875,142.64364117833154,140.8036544291465,141.9816929721792,7058460
2012-11-02,141.4319305419922,143.15972304195816,140.91584023565787,143.15972304195816,5432772
2012-11-05,142.4865264892578,142.71091471994956,141.5328765088179,141.81336179718258,4022128
2012-11-06,143.5075225830078,143.87776872542545,142.25095368581106,142.25095368581106,7278084
2012-11-07,143.61973571777344,144.7304605963489,142.9129207554622,143.55242196358793,8200660
2012-11-08,143.38412475585938,143.8329013591641,142.59876570007611,142.82315400172848,3867800
2012-11-09,143.46266174316406,144.28168455987574,142.48657806457402,143.21584007829034,4420776
2012-11-12,146.14410400390625,146.70507478059525,142.99145097802912,142.99145097802912,9657456
2012-11-15,145.0109405517578,145.26899257797163,143.38412535794697,145.17923177870375,9442340
2012-11-16,144.11341857910156,145.538279131197,143.64220851974446,144.28170984252597,12102824
2012-11-19,145.1231689453125,145.38122103241452,143.48513668898823,143.55245045653447,5787948
2012-11-20,146.71624755859375,147.1762544143023,145.45967887301381,145.65040340179186,9353388
2012-11-21,148.92652893066406,149.33042516268762,145.7850924884738,147.0080115568702,12929784
2012-11-22,150.13818359375,150.59819049640106,148.9938089131582,149.622093320063,8440964
2012-11-23,150.2840576171875,150.923558767116,147.88310016884694,150.22796054454204,5249712
2012-11-26,148.52259826660156,151.17037705778282,148.11868843264057,151.01330253297274,5481536
2012-11-27,152.6962432861328,153.43672196192477,149.1957911666206,149.1957911666206,16502672
2012-11-29,157.03814697265625,157.91326682476418,151.55186396980474,152.02307392366285,25199452
2012-11-30,157.95816040039062,158.305959556829,154.73817979517747,157.29621211812494,15639292
2012-12-03,154.14353942871094,157.32985590389433,153.4815912303424,157.07180389070126,11636340
2012-12-04,153.73963928222656,154.82791698862715,152.81963909437,153.50402062600202,8679488
2012-12-05,155.41134643554688,155.94988388691206,154.15477730979654,154.6035539540754,9219860
2012-12-06,155.89376831054688,156.7352244187362,152.76354884896756,156.12937328172495,10904552
2012-12-07,155.52352905273438,156.6230372278361,154.37915417299607,156.0059693877551,7936632
2012-12-10,155.5010986328125,156.28645771681659,154.74940327349591,154.82793370366613,8324104
2012-12-11,155.01864624023438,156.84741630050874,153.9976822494962,156.00596020447597,13500552
2012-12-12,155.6918182373047,156.17425856599002,154.49134629695996,155.10841412893765,7736504
2012-12-13,155.0635223388672,156.17424709395192,154.6035290915702,155.69180680070505,6283232
2012-12-14,154.54747009277344,155.81526969953316,153.78454425401188,154.8391721973902,8373892
2012-12-17,151.7987060546875,154.35673850856264,151.14797441598583,154.35673850856264,12230212
2012-12-18,151.67529296875,153.07772001799214,150.28408259678648,152.12406962450748,13375072
2012-12-19,154.37913513183594,154.65962047909582,151.34989338142927,151.36111005620495,16489012
2012-12-20,153.34695434570312,154.15474666659998,152.64012579323818,153.9303583890649,10260748
2012-12-21,151.6864776611328,153.03280734451565,151.24891777491865,152.80841906395185,11086244
2012-12-24,151.70892333984375,152.61770690644002,150.7440563941226,152.5840431833902,5482252
2012-12-26,152.6513671875,153.67233127649905,151.03576858851181,152.15771015786808,5723216
2012-12-27,152.60647583007812,153.481595669582,151.84356383503035,153.481595669582,9858168
2012-12-28,152.05674743652344,153.25721944590006,151.2713883324815,152.83087616833265,7024264
2012-12-31,152.2698974609375,152.5840465644473,151.23771674181984,151.91088165313357,5107288
2013-01-01,153.5937957763672,153.728423282017,152.50551796823447,153.05525836261728,4029212
2013-01-02,154.23326110839844,154.82789546049733,153.2683943540634,154.80546211329715,9709596
2013-01-03,153.3357391357422,154.8279268071132,152.67380460802678,154.8279268071132,9142732
2013-01-04,152.43820190429688,153.70600140874555,150.96846112629203,153.70600140874555,10884508
2013-01-07,149.93626403808594,153.4142826704326,149.4426070414766,153.4142826704326,11004568
2013-01-08,150.3962860107422,151.10311476526388,149.37532179521557,149.89141224196314,9885196
2013-01-09,149.77920532226562,150.91236361218023,149.4538395154091,150.7889527738764,12871964
2013-01-10,151.6416015625,152.13525853284233,149.55479323324397,150.22795809400878,9130368
2013-01-11,150.18312072753906,151.88848041410236,149.5997164926173,151.88848041410236,10283428
2013-01-14,150.18312072753906,150.4523894881099,149.68946361575553,149.9250823409913,11389748
2013-01-15,149.95870971679688,151.56309166376852,149.21823100880073,150.51968051006304,8263376
2013-01-16,148.20848083496094,150.160661898473,147.55774924859833,149.3416390772486,9150756
2013-01-17,149.62208557128906,150.53085526417394,146.76113532240237,147.5801579307047,12844144
2013-01-18,148.7357635498047,151.23769831016818,147.0416348019138,150.34014520446985,20224692
2013-01-21,147.77090454101562,148.85919595676367,146.9182317844741,148.09627029820987,10854720
2013-01-22,146.6938934326172,148.320709076803,145.30268283226664,147.7597381650148,8486128
2013-01-23,147.33334350585938,148.76943401835368,146.8284698610007,147.42310429873058,7079740
2013-01-24,148.16358947753906,148.7133435432189,147.03043131904064,147.10896174460572,6147960
2013-01-25,149.22943115234375,149.66699106172908,147.09774237410323,148.1635867632235,5589732
2013-01-28,150.41868591308594,150.78893207274433,149.09480320895858,149.27431110326364,7368020
2013-01-29,146.4021453857422,150.5421121555572,145.85239132547738,150.50844843317532,11961748
2013-01-30,147.34458923339844,147.73726877588157,144.50607163379019,146.52556642370342,10039632
2013-01-31,144.2929229736328,147.6250981248638,143.63097461465472,147.33338231897065,13888384
2013-02-01,143.64218139648438,144.6967954916772,142.75584483736287,144.68557881534915,10484144
2013-02-04,145.15679931640625,145.74020342849812,143.60851454078335,143.86656656857892,10475800
2013-02-05,144.5397491455078,145.22413081714336,142.78950920417515,142.78950920417515,7460020
2013-02-06,143.49632263183594,145.1568015853993,142.98023226375287,145.08947413669574,9873588
2013-02-07,143.945068359375,144.2816507483681,142.38556721792588,142.77824667175116,9082836
2013-02-08,145.86363220214844,146.61534133027564,143.72072637470882,143.72072637470882,18826656
2013-02-11,147.4119110107422,148.08507597735286,145.8524094323122,145.8524094323122,15167060
2013-02-12,149.2631072998047,149.6670035207155,147.12020166767118,147.12020166767118,15832836
2013-02-13,149.0386962890625,149.75674151441603,147.9840686482845,148.83674136157842,14508832
2013-02-14,151.417236328125,152.22504250137183,148.54506855736966,148.99384519953693,17684152
2013-02-15,151.85476684570312,152.76353663074812,149.93624981159172,150.7216087830878,12488780
2013-02-18,151.6864776611328,152.78598571412496,151.2377011000052,152.13525422226044,9469164
2013-02-19,151.417236328125,152.0006541802882,150.68797428460317,151.34992257091514,2374812
2013-02-20,151.899658203125,152.76354765588925,151.43966494002228,152.02306902558067,6861684
2013-02-21,149.49871826171875,152.01187018587152,149.0050612183997,151.4621160625293,10871872
2013-02-22,147.93922424316406,149.53238961442221,147.5465446629745,148.58995588285183,7708384
2013-02-25,147.29971313476562,149.26311090453018,146.77239237354044,148.82555094815316,7552944
2013-02-26,146.1328887939453,148.76945147084183,144.82022264155054,146.9294645657223,11742640
2013-02-27,144.22561645507812,146.74998547121135,143.81050347287868,146.3685225252133,12871336
2013-02-28,140.3212127685547,146.963114421743,138.97488301804583,145.1680080877312,27887004
2013-03-01,139.68174743652344,141.27489923829117,138.290536931775,140.2427183097625,17220728
2013-03-04,140.8373260498047,141.4319468446712,138.671973413898,139.19928045593105,11969800
2013-03-05,142.0265655517578,142.4192450444857,139.82756313159632,141.56657231367703,10557580
2013-03-06,141.47679138183594,142.96897872,141.14020900741443,142.47532183173408,10933316
2013-03-07,144.01242065429688,144.2704726998418,140.72513999237566,140.99439501919943,5950984
2013-03-08,147.49041748046875,148.09626859109258,144.3714285259705,144.55093641545093,10596860
2013-03-11,147.03042602539062,148.0289566482338,145.90848458299922,147.49041927765623,8504584
2013-03-12,144.5060577392578,147.13140345282812,143.63093793620962,146.5255523349928,6895724
2013-03-13,142.46414184570312,144.93241322708948,141.85829067661138,143.84412171886026,7913372
2013-03-14,145.68411254882812,146.63776288126175,138.07734324248034,142.46414572813555,31914436
2013-03-15,143.473876953125,145.82995397922198,142.21729432186208,144.7304458888137,15439608
2013-03-18,144.3489990234375,146.7499567118132,141.36463719945309,142.0378021384981,17561924
2013-03-19,141.71241760253906,144.46117407342064,140.01828880245745,144.28166618586562,20028460
2013-03-20,140.35487365722656,142.13876327975458,139.34512636472854,141.81339752416818,11336436
2013-03-21,136.2036895751953,141.09535146991783,135.47442764583883,139.71537172863384,14452588
2013-03-22,135.81103515625,137.9090605391692,135.21640061042072,136.6524913839839,29525900
2013-03-25,136.7422332763672,137.62855609050578,136.32710671076742,137.10124907230372,27198976
2013-03-26,137.88661193847656,138.55977684623153,135.2051689834709,135.97931136650416,13274404
2013-03-28,140.3212127685547,141.6226758171728,136.19247641767222,138.33538186478393,19496092
2013-04-01,139.98464965820312,141.14025499850408,139.3451484166471,140.1641712728499,6708772
2013-04-02,141.34219360351562,142.32949389188798,138.64953404246876,140.24268547119158,6857420
2013-04-03,139.9397735595703,141.7348800209681,139.00855660449005,140.91585721972518,6703616
2013-04-04,138.2568359375,139.88365087027566,137.6509848785931,138.85145662661907,8181984
2013-04-05,139.3339080810547,140.55682697141125,137.63977927120155,137.9875783732656,12959920
2013-04-08,140.11927795410156,141.12902531332557,138.615873591253,138.88514229282777,8652128
2013-04-09,139.25534057617188,140.9382524282634,138.53730914240353,140.9382524282634,14760408
2013-04-10,141.81341552734375,142.18366172649203,138.88515074647185,140.6465935465479,15144504
2013-04-11,143.4402618408203,144.05732984248203,141.79101284188326,141.9256403821961,25066068
2013-04-12,144.4387664794922,144.9211931573488,142.7334070046866,142.7334070046866,15206080
2013-04-15,143.95631408691406,144.38265734391348,142.48657343079805,144.0797249153375,15923768
2013-04-16,148.84796142578125,149.4089321309294,144.13580750253678,144.28166536410484,13740312
2013-04-17,148.11871337890625,150.75527593998996,147.37823471788712,149.21822154218398,14956948
2013-04-18,151.14796447753906,151.5518744035966,146.7499589534935,146.7499589534935,9223784
2013-04-22,156.6903533935547,157.52059287574707,151.39479478080534,151.39479478080534,19860152
2013-04-23,154.6035614013672,157.0718330637983,152.3147976661793,156.80256432514497,23863560
2013-04-25,154.72695922851562,155.94987827931752,152.59527024484152,155.35524376879914,25895124
2013-04-26,154.62596130371094,155.3327898778092,153.2571982470837,154.30060924778613,8568744
2013-04-29,155.98353576660156,156.3649849288067,154.04257144928002,154.43525098320023,11675432
2013-04-30,153.1001434326172,156.16304938753538,151.86600770940962,155.72548943746483,12552272
2013-05-02,155.3888702392578,155.72545262966776,153.10010724535567,153.57133080927312,12303268
2013-05-03,152.79722595214844,155.72549072596385,152.2811355663793,155.41134160649958,12286584
2013-05-06,151.5742950439453,152.42696783579555,150.32894273125584,152.3596540856238,7673460
2013-05-07,154.39036560058594,154.8054921689641,150.9011303080428,151.75380310077998,11098464
2013-05-08,156.43235778808594,156.95966497990827,154.0426161668435,154.60358709243286,8653956
2013-05-09,154.83914184570312,156.95961399475436,154.42402897383968,156.85863652183292,4523360
2013-05-10,157.82350158691406,158.17131440013208,154.52500461153667,154.53622128715588,13913256
2013-05-13,155.44496154785156,159.6410245986871,155.00740171740793,158.19371763440685,9593972
2013-05-14,154.61476135253906,155.92744117562583,153.7284247941626,154.83914966121282,6653676
2013-05-15,160.40396118164062,160.6620131894343,155.1308364470712,155.6132767414423,14173480
2013-05-16,162.18785095214844,162.45711963541035,159.54007190715024,159.76446019393947,11660616
2013-05-17,161.312744140625,162.12053649127927,159.13617502923972,162.12053649127927,12819852
2013-05-20,160.325439453125,162.45712829120015,159.7981324293048,161.44738094684877,5841608
2013-05-21,158.8220672607422,161.11083111033886,158.20499931428893,160.21327773367958,9206500
2013-05-22,157.845947265625,159.76446442941958,156.62302833108828,158.7547171120988,5412112
2013-05-23,156.7576904296875,158.51914713383212,155.79282329705373,156.8474512448254,7905248
2013-05-24,157.37472534179688,158.36203931879072,155.7927905999377,158.36203931879072,8264240
2013-05-27,160.4488525390625,160.886412466895,156.75766223358707,156.75766223358707,8995208
2013-05-28,160.0561981201172,161.7391106484282,158.5976739289143,160.26936977948537,6707916
2013-05-29,160.6508026123047,161.2117733500419,157.93569602431168,159.32690619301493,4933492
2013-05-30,162.71519470214844,163.19762136976647,159.3381395509417,159.3381395509417,15357456
2013-05-31,157.18402099609375,161.7166678809922,156.55573642787274,160.942525423909,12332896
2013-06-03,154.63723754882812,157.3859948482039,154.05381961896072,156.62306897667654,7890124
2013-06-04,153.26841735839844,155.6805914540697,152.80842410717597,154.2220675822685,5616324
2013-06-05,154.3679656982422,155.81527327213695,152.2474930849152,153.0328522975861,7563676
2013-06-06,153.07769775390625,154.69329621877097,152.1352641747706,153.36939979860725,7116412
2013-06-07,151.7201385498047,155.59083631728922,151.05819039538102,152.97670741928042,9556224
2013-06-10,151.7650146484375,154.15475541808294,150.67673691883945,152.81964235183912,6368012
2013-06-11,149.19578552246094,152.7859983074026,148.58993437588705,151.11430274029914,11820860
2013-06-12,148.98260498046875,151.10307701874885,147.748469409526,148.5450450843833,9815652
2013-06-13,148.22462463378906,149.55957950586398,147.82866508139077,148.79028113721517,7149736
2013-06-14,150.47592163085938,151.24521990416864,149.17491183421416,149.7858235441984,14965212
2013-06-17,150.996337890625,151.4149319791367,148.7337119310144,150.60037834769315,13070908
2013-06-18,148.75636291503906,151.14343080421858,148.2020167316814,151.14343080421858,12446568
2013-06-19,150.5098876953125,150.8266470565122,147.7155362359573,148.4508897026339,9646956
2013-06-20,144.0387725830078,149.07311567581445,143.5862473611825,149.07311567581445,15138044
2013-06-21,143.7333221435547,145.38503642468933,142.56806418502873,144.08402642496412,17899844
2013-06-24,141.49331665039062,143.41654882194612,141.13130200091084,142.95271323668337,10768052
2013-06-25,143.45050048828125,146.25616248869792,140.8258596310974,141.64039953574775,18686432
2013-06-26,140.92764282226562,144.2763400635876,140.28279999145497,142.88481966871583,10476020
2013-06-27,146.2787628173828,147.68159362186418,140.81451580531993,143.45048047365924,27003560
2013-06-28,151.48280334472656,152.31997768607204,146.86704100485642,146.95755156445094,21082680
2013-07-01,151.3131103515625,152.50098897488317,150.3854392363869,151.36967600029206,9838684
2013-07-02,148.55267333984375,151.31307919138524,148.0435826061157,151.30176882596308,9183152
2013-07-03,147.2177734375,148.1341342504683,145.6226109812519,147.97574766070213,13386260
2013-07-04,148.23594665527344,148.75634786885993,146.0977623414348,147.93048386188335,9591060
2013-07-05,151.0868377685547,152.21815066835669,148.99390890392104,149.35592350786888,9543496
2013-07-08,149.43515014648438,151.01898848654255,147.6929252104255,150.23837968551902,7169296
2013-07-09,151.66383361816406,152.4444424304522,149.83111189363936,149.83111189363936,7040192
2013-07-10,149.17494201660156,152.02585930336016,148.46222305239263,151.65252045784052,7138580
2013-07-11,154.5939483642578,155.37455723215368,150.70222820472853,150.91718047414557,10599568
2013-07-12,157.4221954345703,157.86341024269834,154.2658295733128,155.4423977916634,15634852
2013-07-15,157.3543243408203,157.94260156340525,154.76361486795142,156.34745303180472,8511888
2013-07-16,153.56442260742188,154.87674286753355,151.58462494476166,153.63229862243284,11647384
2013-07-17,149.989501953125,154.03959471719514,146.59556252570454,153.36080683171107,22633988
2013-07-18,154.78623962402344,155.78180059115152,148.64321830063952,151.5733217418722,13663880
2013-07-19,153.8585968017578,156.5624381399015,152.30870322561276,155.68000831072467,12458420
2013-07-22,154.3224334716797,155.44243632070174,152.95354723841976,152.95354723841976,6460432
2013-07-23,154.67312622070312,156.1212125568142,154.09615928411856,155.64606656432687,7414784
2013-07-24,149.322021484375,152.95353383791033,147.86262479744735,152.50100858986917,14628748
2013-07-25,147.94178771972656,150.69088368940052,147.10462719165227,149.4803843669356,16267256
2013-07-26,145.7357177734375,148.48481355990666,144.35552160185972,148.42824791664574,9356492
2013-07-29,143.11109924316406,145.48685662190434,142.46625633578114,145.48685662190434,14922224
2013-07-30,141.49331665039062,143.67675634561664,140.3054379561946,142.71514025983888,14691084
2013-07-31,137.963623046875,140.6900846681765,137.31878014825904,140.50907734663284,26824520
2013-08-01,143.04322814941406,144.31029327105801,138.56323112863302,138.9026250515706,23446608
2013-08-02,142.82826232910156,143.63149177505682,141.8327013924423,142.54543408686573,20015848
2013-08-05,143.15635681152344,143.77857899207694,139.1515058328752,142.89614928475697,13598372
2013-08-06,137.7147216796875,142.8508710798074,137.22825161986586,142.77168470261395,19645180
2013-08-07,136.02908325195312,139.0044282734256,135.75756535923992,138.0088810801087,22756456
2013-08-08,138.13333129882812,139.71716965933885,135.75757375806205,136.66262424978245,20461448
2013-08-12,136.2553253173828,138.20117793682883,135.4520959387733,138.03148100571534,15700868
2013-08-13,140.39593505859375,141.3688614194872,135.3389717694327,136.62865746574812,14702392
2013-08-14,140.5882568359375,141.1086718485537,137.71473294874056,140.73533304558518,14303708
2013-08-16,133.01979064941406,140.73533993538726,132.34100283622087,138.9252391002054,28059568
2013-08-19,132.29574584960938,133.1781617094125,129.03755886425247,132.81614707102761,20018440
2013-08-20,132.30706787109375,133.4723258953591,128.17777503031144,130.0896969432439,25726984
2013-08-21,134.25291442871094,140.13574230225979,133.49494020745473,137.11514197579248,28908596
2013-08-22,133.2008056640625,136.59474492604826,128.96969195545876,133.26868168730738,30250692
2013-08-23,137.4658660888672,137.82789460390603,133.11031020806874,133.94748474974983,20698444
2013-08-26,138.3143310546875,140.91635107577673,136.3345332125544,138.5519040337487,14607608
2013-08-27,127.13699340820312,135.7575951780165,125.67759649804411,135.14668323772008,54708372
2013-08-28,127.14830017089844,129.4222370636046,119.46668036640426,125.73415859459156,37067552
2013-08-29,129.43353271484375,131.79797992353562,128.5171718396021,128.5171718396021,40771004
2013-08-30,134.39999389648438,135.75756959240846,129.11676733716945,129.19595372877538,36616916
2013-09-02,133.38180541992188,136.74179957444963,131.79796718762424,135.30503755914043,19515716
2013-09-03,127.2840347290039,135.05616404923586,126.03959031304001,135.05616404923586,18140008
2013-09-04,127.62340545654297,130.5195637178573,126.51472710079075,128.3927037523481,20941800
2013-09-05,137.9070587158203,140.93898316809847,132.13736224780814,132.13736224780814,33246248
2013-09-06,139.42300415039062,140.28279918988264,132.75956842687683,138.24643597583594,18997216
2013-09-10,144.35552978515625,145.0343175427667,139.9207886260902,140.40724489972766,20298836
2013-09-11,146.44847106933594,147.07069323301405,141.5385697794083,143.22422894845832,12690392
2013-09-12,143.4391632080078,146.16562449424197,142.00238756051016,145.37370547608433,17676536
2013-09-13,142.36444091796875,143.56363002219558,140.5090847025744,143.0997944208405,15503120
2013-09-16,145.4416046142578,146.82181483707345,142.3191833224376,144.24241552949755,12139216
2013-09-17,145.3171844482422,145.93940672497658,143.36000703561453,144.35556820237994,8432088
2013-09-18,147.18382263183594,148.17938360483382,142.805646806208,145.62260515371955,10989616
2013-09-19,154.58262634277344,156.09858867442762,153.0214087246569,153.85858318929948,29280904
2013-09-20,149.11837768554688,155.31797902815836,143.73333006494332,154.42423891274902,24726152
2013-09-23,145.24925231933594,147.60237464383155,143.24682038886027,147.29692571357506,13985240
2013-09-24,144.4573516845703,145.7922926642196,142.53411969170963,143.23552818864636,18175188
2013-09-25,140.41854858398438,145.19269720460838,138.74421381421647,144.35552291473863,20980920
2013-09-26,140.54302978515625,141.64039795136486,139.83029701907907,140.58827126048408,22582440
2013-09-27,137.7713165283203,141.1878766081495,136.88888677552956,140.73535136261054,16408692
2013-09-30,134.18502807617188,138.66502465756437,132.97452872707404,137.11513141881602,17062428
2013-10-01,138.39352416992188,139.01574631702613,133.3478571654253,135.48604148746907,12997108
2013-10-03,143.94827270507812,144.5818052399093,138.0201896656411,139.21937871549542,9772912
2013-10-04,144.909912109375,146.48244023629212,143.6767779461101,143.7899092673275,13628376
2013-10-07,143.5183868408203,144.38950627290487,139.88687430544002,144.01616740058645,9922000
2013-10-08,143.14503479003906,148.10017728399143,141.59512774412113,147.18381654558684,11768148
2013-10-09,146.87835693359375,147.27431644213078,140.9615850391804,141.45936546904986,8668760
2013-10-10,145.045654296875,146.84444494377445,143.30342930673356,146.84444494377445,8345284
2013-10-11,149.62744140625,150.18178748929716,144.6609750127828,146.45976528594844,13390264
2013-10-14,151.03028869628906,151.43755862291357,146.7652441200162,148.77897301664933,12375720
2013-10-15,147.6250457763672,152.7272649777015,146.30140119390936,152.27473974813796,16143324
2013-10-17,148.02099609375,149.32200604736906,145.38503127242817,147.74947821100008,14551588
2013-10-18,153.0892791748047,153.75675664838897,148.25857788779922,148.25857788779922,21281184
2013-10-21,151.87876892089844,153.58704877395454,149.91028155613017,152.50099106545332,11225424
2013-10-22,151.3696746826172,152.4896772797073,150.509879591407,151.8221998685144,8758096
2013-10-23,149.37857055664062,151.36967866497756,147.930484399683,151.36967866497756,13544956
2013-10-24,151.43759155273438,152.89698843295767,148.47355630947115,148.47355630947115,12321928
2013-10-25,152.17291259765625,152.71594837495493,150.0460523915123,150.52119833916854,8946872
2013-10-28,151.1208038330078,152.72726285160553,150.5551473039278,152.2747376283415,8382088
2013-10-29,155.3292694091797,155.89492588918398,148.32643942473197,151.1434114571479,15222916
2013-10-30,153.7114715576172,155.5555170289305,152.89693182879967,155.21612317359464,10188672
2013-10-31,154.03958129882812,155.00119738616436,152.3652462798034,152.99877882240665,18195556
2013-11-01,154.7183380126953,155.668643540489,153.45127318228435,154.22055761147283,15642444
2013-11-05,153.0100860595703,154.98988384592334,152.27473259606776,153.96039175901444,14258472
2013-11-06,151.34706115722656,153.67756321362378,150.52119712963233,153.60968719450025,4610652
2013-11-07,150.55511474609375,153.29288623080313,148.63188296312427,151.59591701053594,7789140
2013-11-08,147.63633728027344,151.06422098019513,145.86018150518166,150.102604990247,13480760
2013-11-11,148.0323028564453,149.49169935695585,139.53614517173062,145.71311125647807,11216304
2013-11-12,146.15435791015625,150.02344360535247,145.56606674873885,147.64768583918527,8980320
2013-11-13,143.3826141357422,146.49372492379493,142.17210092495222,144.58180316841512,10561084
2013-11-14,145.30584716796875,147.04807198216835,144.35554146840775,144.35554146840775,12626860
2013-11-18,151.32444763183594,151.5959655560209,146.8557605874607,147.38748606606774,14873920
2013-11-19,149.34463500976562,151.23393611507308,148.75635773971447,151.23393611507308,6789036
2013-11-20,146.9688720703125,149.10705644598636,146.25615315173684,148.58665521735014,8370096
2013-11-21,144.27635192871094,146.07512854468217,143.71069543061353,145.83755557747588,12787656
2013-11-22,145.29452514648438,146.3692724301515,143.69936286695847,145.37371152760778,7492384
2013-11-25,149.27676391601562,149.72928915714036,146.62948849344116,146.62948849344116,16150540
2013-11-26,147.73817443847656,149.31070234504833,146.70868232164753,148.81292183944646,14478516
2013-11-27,147.87391662597656,149.05048488535843,145.73573233507628,147.31957050463606,8593012
2013-11-28,147.8399658203125,150.01208092510387,146.62945280891614,148.33773241643104,14773732
2013-11-29,149.62744140625,151.34704530039687,148.20198991410868,148.20198991410868,9571080
2013-12-02,149.62744140625,150.46461571432408,148.89208802118,149.78582797425946,6858612
2013-12-03,148.37171936035156,149.83111608326806,147.67031073258084,149.33333553615256,10288280
2013-12-04,148.790283203125,149.23149804391815,147.8513016803841,148.17938521892123,10476608
2013-12-05,155.6912841796875,156.09856789365404,151.9466410405109,151.9466410405109,32019992
2013-12-06,154.46946716308594,156.03067068956435,153.46259591334456,154.96724760441592,16069232
2013-12-09,157.6258544921875,162.32080370067112,156.6981694951293,160.64645484449943,25265628
2013-12-10,157.63714599609375,158.8023900248163,156.1211839120547,156.65289546370832,25064880
2013-12-11,157.376953125,158.7910944150492,155.41978986555603,156.1438191580824,12289776
2013-12-12,157.29776000976562,158.5082593782902,156.23432304313278,156.84523481630254,12867696
2013-12-13,156.10987854003906,158.83634001911335,154.98987594457643,155.62340844191738,25316080
2013-12-16,154.84280395507812,156.32483502510362,154.13008505488668,155.66866796463555,21432244
2013-12-17,148.790283203125,152.87433426254597,147.98705371910197,152.87433426254597,17942644
2013-12-18,150.74746704101562,154.00565421662344,146.96887861360247,147.1838308595582,14087316
2013-12-19,147.64764404296875,154.75229458983063,147.16118778120742,153.63229205512218,10019516
2013-12-20,150.37413024902344,151.2791807201219,147.09332229129143,148.83554721015085,5722468
2013-12-23,150.34017944335938,151.93532792766428,148.6545203998145,148.88078298794207,5531232
2013-12-24,148.722412109375,150.80403090182253,148.2133212323621,150.58907865842232,3554696
2013-12-26,151.3809814453125,152.0937141201168,148.63189929243669,149.29936287776204,8046760
2013-12-27,151.51678466796875,152.8291052376171,150.26101594919132,150.26101594919132,5464012
2013-12-30,151.48280334472656,153.17977276232992,150.4985666065056,153.13451748253266,4227604
2013-12-31,150.65695190429688,152.11634848684042,149.35594190923393,152.0710932032783,5261312
2014-01-01,150.49859619140625,151.55070915116042,150.01212600540768,151.14343917286928,4492436
2014-01-02,148.65457153320312,152.67073385392513,147.8739625736589,150.4646728608525,7228992
2014-01-03,150.0347137451172,150.69088076191318,147.07067942228764,147.52320458974083,6513184
2014-01-06,149.7179718017578,150.01211043276848,148.65453477274343,150.01211043276848,5963420
2014-01-07,150.32887268066406,151.81088990644227,147.8173496062411,150.93977063527922,7896920
2014-01-08,150.39675903320312,150.90584990368637,149.33332200842116,150.50989033775497,4649480
2014-01-09,150.00079345703125,150.70220199315906,148.67714896082643,150.0573591070407,3777472
2014-01-10,149.79714965820312,152.6593770357011,148.49613972479003,150.0007915195961,6150508
2014-01-13,152.2407989501953,153.16848398187983,148.63192119478146,149.35595053368962,4752580
2014-01-14,152.11634826660156,152.9535226763812,151.2112978365638,151.38099479219588,3577120
2014-01-15,153.98300170898438,154.46947179782913,151.50542360504997,152.27472192927598,4627840
2014-01-16,152.2860565185547,154.98989764085354,151.67514467096808,154.85414559026748,4501176
2014-01-17,150.46463012695312,152.72725614389978,149.1183648848752,152.72725614389978,43374856
2014-01-20,151.60723876953125,153.11189044856016,150.78138863959012,151.16602397711156,5600368
2014-01-21,152.97613525390625,153.58704702359248,151.59593894570318,152.26341636424974,6251924
2014-01-22,153.20240783691406,154.9220119603564,152.64807548992306,152.84039318459662,7033336
2014-01-23,153.74546813964844,154.10748284968813,152.21819527733405,152.72728623143885,5482740
2014-01-24,152.36521911621094,152.71592333530958,150.1704694402806,151.59592085950257,8842900
2014-01-27,146.8896942138672,150.44202007474433,146.0751405039351,150.44202007474433,17060448
2014-01-28,145.81494140625,148.42827178311964,144.49129685512668,146.61817090771575,18395424
2014-01-29,146.0411834716797,147.27431728157518,144.93249131746794,146.50501899375823,10970924
2014-01-30,142.95269775390625,144.7854329695806,142.0137163166528,144.24239724420178,11425460
2014-01-31,142.2060546875,143.97090033690137,141.43675626623508,142.5454486127685,9620984
2014-02-03,141.75352478027344,143.45049435066778,141.43675160314368,142.53413354464956,4776820
2014-02-04,142.68121337890625,143.78990582427954,139.55879175006726,140.65617382558477,7409304
2014-02-05,144.2310791015625,144.7627906211036,141.4367280549025,142.77168275200808,6905384
2014-02-06,146.3919219970703,146.98019931263576,142.43232596160087,144.52525529463472,13466944
2014-02-07,146.56161499023438,148.0888877053005,145.28322563807805,147.61374171793645,4029468
2014-02-10,145.69049072265625,147.10463194410627,143.90301069475427,146.53897545552627,6280820
2014-02-11,145.89413452148438,146.42585996413177,144.64969011227356,146.16565242730707,4464856
2014-02-12,146.0411834716797,147.70420789302554,145.63391359400026,146.30137714993265,6436960
2014-02-13,143.11109924316406,146.6181696593997,142.82827098379022,146.16564444440155,3155200
2014-02-14,145.21533203125,145.67916759322884,142.39835993585575,143.45048653617494,4249112
2014-02-17,147.16119384765625,147.5232084671449,145.05694071571438,145.26058257040955,3650120
2014-02-18,149.42381286621094,150.32886318324438,146.48239933585222,146.73128264904767,5019672
2014-02-19,151.60723876953125,152.10501920687724,148.20198970696111,148.47350756460182,4060948
2014-02-20,149.95555114746094,151.01898822162943,149.5256466462095,150.64564937528087,3448436
2014-02-21,150.32887268066406,151.50542711916196,149.26543572896998,149.2993668320193,3043872
2014-02-24,151.82223510742188,152.2747603983531,148.37172976407138,149.80849203878762,5018984
2014-02-25,151.84483337402344,152.9535256967021,150.6908995769284,152.50100047274736,4020560
2014-02-26,153.27029418945312,153.67756411656066,151.26786184871654,151.59594538804356,4551340
2014-02-28,151.5054168701172,154.51472020877804,150.49855944489605,154.31107836436712,4903584
2014-03-03,150.7361602783203,152.04848071295513,150.05737241799463,150.50989765821174,3678432
2014-03-04,151.98057556152344,152.46703181554187,150.2949166027798,150.69087611208334,6443868
2014-03-05,151.5393829345703,152.7272616361851,149.89897901329277,152.38786772143803,4006984
2014-03-06,152.86305236816406,153.33821225505852,151.16608236492078,152.2747749576973,4948680
2014-03-07,160.9745330810547,161.75514183025967,152.9987762552105,153.76806082618728,22767568
2014-03-10,166.17857360839844,166.7329197546585,158.3838240758154,159.85453101366224,26123852
2014-03-11,164.07435607910156,167.43435070093423,162.80727703105524,166.18990620248132,13000472
2014-03-12,164.16481018066406,165.85046914336522,162.11713661830993,163.1918838603713,7110216
2014-03-13,167.96603393554688,169.58381703363952,164.60603988255204,164.60603988255204,11448452
2014-03-14,165.658203125,167.41173864560074,163.81415702128106,166.30304614729502,12208480
2014-03-18,166.07676696777344,168.5204005589828,164.78706724158735,166.39354016717868,8102724
2014-03-19,167.08363342285156,168.1810015987808,166.47272159079873,167.43433771959369,6055136
2014-03-20,165.21694946289062,167.08361586974132,164.71916899240253,167.08361586974132,5195084
2014-03-21,166.04278564453125,166.86864956978053,165.44319810494147,166.33693804090277,7525592
2014-03-24,169.8440399169922,170.3531308080656,166.07676179905926,166.18989310818668,11713860
2014-03-25,169.73092651367188,172.08404970578107,169.18789064858282,169.69698159336292,8031092
2014-03-26,168.80320739746094,171.12239901214414,168.36199257218513,170.33047992420353,9409312
2014-03-27,168.9615936279297,172.129269973147,167.8868462965167,169.69694706521227,24554932
2014-03-28,168.55433654785156,170.6246311736607,166.31433115208537,169.6856496144054,12160900
2014-03-31,169.42543029785156,170.37573596963696,168.1357307297123,169.2331126139069,8262428
2014-04-01,167.00440979003906,170.50016951802965,165.74865519531647,170.0363339770926,8051832
2014-04-02,165.6016082763672,168.79190552435276,163.33898219695226,168.55433254800892,10398752
2014-04-03,164.90016174316406,166.98178019320375,164.32319493945016,166.52925504362867,5559704
2014-04-04,164.14222717285156,165.85050726191727,162.920403450752,164.16484791178956,7422408
2014-04-07,164.11959838867188,165.62425045022212,163.61050745491096,164.04041198963256,11733156
2014-04-09,167.85287475585938,168.54298661242737,163.3050028199502,164.73045418717766,10520384
2014-04-10,167.298583984375,169.39151318475174,166.52928556511173,168.48646271972396,7494792
2014-04-11,167.0157470703125,168.52038510456558,166.054131000988,166.088062105686,5207952
2014-04-15,163.80279541015625,167.16278915521266,162.47915104848877,166.14460755853233,8371868
2014-04-16,164.25534057617188,165.57897128913123,163.1579586578457,163.63311841350367,3572392
2014-04-17,162.61495971679688,163.20323704807663,160.0355601350848,162.06061349502824,12302328
2014-04-21,162.1058349609375,164.37977122274003,161.32522626540074,163.51997614489088,6987752
2014-04-22,164.61734008789062,165.08117562270365,162.3207831482175,163.3389647753558,11395824
2014-04-23,165.85049438476562,167.30989099230166,163.49735769897313,164.0177727538894,21025344
2014-04-24,165.85049438476562,165.85049438476562,165.85049438476562,165.85049438476562,0
2014-04-25,164.35714721679688,166.9817876779905,164.04037407390666,165.8844196650712,6212444
2014-04-28,164.0856475830078,165.00200839178677,163.03352092220405,163.4181701213137,4882860
2014-04-29,161.95875549316406,164.6060304982227,161.2120917250635,164.3571471788466,6641236
2014-04-30,163.2032470703125,165.14911415091606,161.01982077861658,162.00405778446185,8786920
2014-05-02,162.25291442871094,164.6173614990389,161.9022101401874,163.70100067742132,5915292
2014-05-05,162.1623992919922,163.61047156662266,161.55148754348872,162.8751181569359,5192324
2014-05-06,162.95433044433594,163.94987761767194,161.57412027156727,162.95433044433594,6184560
2014-05-07,161.9135284423828,164.49292788366816,160.9745468374223,162.56969557691275,6598624
2014-05-08,162.5244140625,163.58785098720523,161.89088157862426,162.26422037250103,7520428
2014-05-09,171.23556518554688,171.95960840397981,162.9091026985072,162.9091026985072,16376444
2014-05-12,179.23390197753906,179.84479987411103,170.71511061567108,170.85086263491564,17561360
2014-05-13,178.32888793945312,181.01009443934623,177.05049862348554,181.01009443934623,12665216
2014-05-14,175.4553680419922,179.8335446292508,175.1838501103072,177.61617350544546,8501500
2014-05-15,178.37413024902344,179.00767663050252,173.32847660493192,173.99595409329248,9466188
2014-05-16,182.073486328125,193.22822786811946,178.21571240961396,181.01004952517044,32868368
2014-05-19,183.70260620117188,188.929266615898,182.82017655765938,184.6076565801702,10522804
2014-05-20,184.6416015625,185.8973562957579,181.99432624294553,184.6302911939069,6357032
2014-05-21,183.15956115722656,184.29087407357756,182.14137953251065,183.80440399555778,3642388
2014-05-22,181.59832763671875,184.4039889434043,180.5575253703517,183.72520125404208,7806456
2014-05-23,178.6682586669922,181.68885870174327,177.0957309137435,180.7838083470646,9818936
2014-05-26,180.36524963378906,181.92645339617394,178.74746640750365,180.78382994885496,17395232
2014-05-27,182.11880493164062,183.41981511500995,178.37414718196226,181.01011246877908,7619524
2014-05-28,186.3159637451172,187.06262765534797,180.89697104378675,180.98748161895557,14355564
2014-05-29,183.3292694091797,187.96765265248507,182.6844265310508,186.12360696103545,13684008
2014-05-30,179.3697052001953,186.1688946693776,165.17172475073173,184.40404886554296,32807544
2014-06-02,185.39959716796875,186.0670608519269,179.5393897601871,179.5393897601871,8083132
2014-06-03,186.51956176757812,187.31148083777947,184.17774946968603,186.21411279306093,3624148
2014-06-04,184.7886962890625,187.73011053646286,184.4266677880127,186.0783960672254,2864340
2014-06-05,183.78468322753906,186.05504118131032,182.76929546736395,185.23359778943265,7674472
2014-06-06,186.0208282470703,187.33284267506252,182.7693142298722,185.5074312969864,10565276
2014-06-09,186.97915649414062,189.38641476391584,185.96376871396555,187.53819146765568,9339920
2014-06-10,186.34022521972656,187.9260397399214,184.82284689365332,187.3670188135802,4999344
2014-06-11,187.21876525878906,189.35220935921444,184.82291268692154,186.42014773483322,7743772
2014-06-12,191.6339569091797,192.79766498382725,185.47319369318026,188.1314545033896,12732048
2014-06-13,190.61856079101562,195.31898882999684,189.7628993329403,192.58087216415578,12212884
2014-06-16,191.44000244140625,192.30706998891907,189.45486494658584,189.61459121431298,5309880
2014-06-17,193.16273498535156,193.6761319022308,188.78174517595912,190.75547667156337,6988120
2014-06-18,190.49307250976562,194.26940328014564,189.1012019634627,193.2882335644292,5374628
2014-06-19,188.4166717529297,191.65677958084348,187.60664827764697,191.0064684521478,4720996
2014-06-20,187.5496063232422,189.7857323956887,186.95633929061233,188.47371801483482,2969768
2014-06-23,187.43551635742188,188.59921048750306,186.03222585339785,188.01736342246247,5840844
2014-06-24,189.1582489013672,190.01391046153623,188.2455432371869,188.32539941208938,5066224
2014-06-25,188.04017639160156,190.11659010607093,187.78918790800276,189.15824638606838,6330624
2014-06-26,185.37051391601562,188.61060767181198,184.51485241146753,187.1046489945202,21808264
2014-06-27,186.23756408691406,187.560984305171,185.7355732657046,186.6140467577354,5142960
2014-06-30,187.4583282470703,190.00250080824244,187.0818455238345,187.0818455238345,6176100
2014-07-01,187.8576202392578,188.91864602989574,185.96375897614544,187.78917010719962,7641372
2014-07-02,191.64535522460938,192.1245200721289,188.359609643162,189.56894172286778,7626724
2014-07-03,190.93801879882812,192.87751830105753,189.69445456792442,191.89636251469807,6062740
2014-07-04,195.46734619140625,195.9921492000465,190.55013293665849,190.93803565670882,5631988
2014-07-07,191.77085876464844,196.39143087908792,190.721238965299,196.20889254387393,8131968
2014-07-08,189.2152862548828,193.57345007514743,187.10465448176532,192.58088827147554,6732272
2014-07-09,189.45486450195312,190.49306434956938,186.64829753224046,188.93006156075197,5795552
2014-07-10,187.86904907226562,193.49360337310523,185.33629639127915,189.45487797017313,9857544
2014-07-11,185.2335968017578,189.71726858568422,184.54906760890077,187.3556345142582,9198780
2014-07-14,186.5228271484375,187.10467426475765,184.17261268388336,185.96379210460668,4921608
2014-07-15,188.65623474121094,189.11258751703718,186.3060207310621,187.27577037969286,6092036
2014-07-16,190.6984100341797,191.3258950806577,186.6254672122985,189.27230765582058,9589300
2014-07-17,189.797119140625,191.43999194024806,189.27231622697948,191.3715418083433,5039100
2014-07-18,189.94544982910156,190.9380116133532,187.5610036277956,189.13542638224556,7288432
2014-07-21,188.80458068847656,193.25402085901356,188.3025897813157,192.0560946592536,9813656
2014-07-22,191.6339569091797,192.2728620137469,188.70189554190804,189.36361271730274,6970352
2014-07-23,190.82394409179688,192.80908180221792,190.52731752053487,192.37554101798455,7849852
2014-07-24,192.18157958984375,192.5808883037437,190.07094781637264,190.7554770402011,4278600
2014-07-25,190.64138793945312,193.9043077723302,190.33335536089237,191.89635817723527,10665952
2014-07-28,189.2837677001953,191.62257626806576,188.93009699480118,191.3259496740831,3884952
2014-07-30,191.39437866210938,192.1017339214784,188.6676676527455,189.61460536819777,4685380
2014-07-31,190.2991180419922,191.6453643758319,189.0555538737474,191.18901157477197,11901344
2014-08-01,186.06643676757812,188.88440956424608,185.27922545044348,188.48510088870634,6828460
2014-08-04,185.5074462890625,187.720760549209,184.16119971821888,186.87650493326223,7363044
2014-08-05,187.1503143310547,187.7892055621913,184.8000998414534,186.42014695541957,6077104
2014-08-06,184.8228759765625,187.00195771660884,184.21820297209936,185.9751639611835,3381400
2014-08-07,185.16514587402344,186.76238065050916,184.82288127906222,185.48459840003338,3933740
2014-08-08,181.6626434326172,184.32089009267708,181.400235006235,183.68199896857757,7450680
2014-08-11,180.93247985839844,183.19141787098172,180.5788092224002,182.76929710007772,5626224
2014-08-12,184.18402099609375,184.4806475760416,180.71573640102034,182.7693243146683,6603072
2014-08-13,185.37051391601562,186.1348992893657,183.14579400419055,184.8228849823919,7839820
2014-08-14,188.63343811035156,189.76291410831087,185.57586869138046,185.75840703129307,11873224
2014-08-18,189.92263793945312,190.41322281400127,187.92609426105588,189.3864289222541,6702168
2014-08-19,187.98312377929688,191.09773724662648,187.61804710571775,190.07094343455506,7892856
2014-08-20,187.2301483154297,190.43602405419242,186.87647766929976,189.158241743406,9434852
2014-08-21,189.95684814453125,190.57292719414016,187.33281961160378,187.5609960057714,6390480
2014-08-22,193.2083740234375,193.66472684073526,188.94147239634694,190.3789809854783,10015288
2014-08-25,192.45542907714844,194.58887330882717,191.0293262680623,192.35274688953717,6656064
2014-08-26,192.23861694335938,193.60767534295601,191.2346352129423,192.69496974322493,4165256
2014-08-27,190.89234924316406,193.03721273313337,190.29909624046482,193.03721273313337,4852968
2014-08-28,192.47821044921875,192.9231572400373,190.29912848987712,191.09774593557805,7991452
2014-09-01,191.94203186035156,193.72180537882826,191.34876473633582,193.01446395699304,4154656
2014-09-02,196.04917907714844,196.48270591073683,191.36015652172725,192.37553042976353,11442252
2014-09-03,195.46734619140625,197.3726138293341,194.31504406750707,197.3726138293341,9234780
2014-09-04,194.37208557128906,196.00355261017816,193.60770010446586,195.7867822171617,6406968
2014-09-05,193.5962677001953,195.21631455554805,192.60369201266332,194.4062911278717,3835208
2014-09-08,197.31553649902344,198.01147171461764,193.82444045993913,194.17811108490193,9788344
2014-09-09,197.50949096679688,198.49066065155853,195.7297177898237,196.25452073694902,7661044
2014-09-10,195.61561584472656,197.3725768284401,194.88544861329973,197.3725768284401,4314252
2014-09-11,194.94247436523438,196.93901758457017,194.63444183924895,195.63842342882705,6532864
2014-09-12,195.25054931640625,195.77535225387487,193.71035860811529,193.97275311345842,6086556
2014-09-15,196.31158447265625,197.37261043472412,193.9499640110006,193.9499640110006,5809088
2014-09-16,194.17813110351562,196.69947772908006,193.49360185168183,196.4598952762949,5076268
2014-09-17,193.12850952148438,195.2961853101568,192.14733986518587,195.09082098051707,7905896
2014-09-18,195.80960083007812,196.45989805781394,192.18159017327966,192.7520312245509,6652568
2014-09-19,196.2887420654297,197.3725799321089,194.26938655822428,196.2316979671834,6542108
2014-09-22,195.51296997070312,195.8894666537974,194.17814341570366,195.5357959699482,6534316
2014-09-23,193.6875457763672,195.7411335269989,192.9459724219724,195.33041876222921,4716976
2014-09-24,195.19349670410156,195.61561745725314,192.82045666409792,193.28821548086142,6665496
2014-09-25,193.93853759765625,197.50948996846773,192.14734446803942,194.63447284533407,16595960
2014-09-26,198.8899688720703,200.56705987712164,192.8090621116812,193.9385381011239,9882252
2014-09-29,197.39540100097656,200.1905619424899,196.50552138382952,199.1980001584614,8682268
2014-09-30,199.1181640625,200.74961715513913,196.49413515898135,197.19007047412302,12035432
2014-10-01,198.05711364746094,198.77587487253956,196.34579066087574,197.60076085103822,5870188
2014-10-07,196.7907257080078,197.82892547271018,194.88544454029298,197.37257270345364,5026288
2014-10-08,197.96583557128906,198.5134644923255,195.8437978741413,196.35719476506972,3140384
2014-10-09,202.5293731689453,203.75012530178054,198.1141652666836,199.42617960619808,7650420
2014-10-10,197.8973846435547,201.97034165130844,197.34976965149818,201.49116286562935,4266980
2014-10-13,200.0650634765625,200.3388779401971,195.23914100297898,197.14440836028507,5376512
2014-10-14,198.136962890625,202.1528757148457,197.40680958329543,201.93610535876527,7266240
2014-10-15,198.136962890625,198.136962890625,198.136962890625,198.136962890625,0
2014-10-16,195.9693145751953,199.42619294117046,195.10224695645996,198.14841054795875,5533084
2014-10-17,201.99314880371094,202.64344594306957,195.56997786861032,196.2887390662438,9977920
2014-10-20,203.944091796875,207.54927663111903,203.11125617753135,203.98972986855588,9532004
2014-10-21,204.3433837890625,206.6707859860199,202.54079848320623,205.35877161183316,16037152
2014-10-22,203.9098663330078,206.80769576863136,203.36223734615885,206.51106920358134,4571544
2014-10-27,204.73129272460938,207.0244629589042,204.0239513937387,205.14200749501117,6724768
2014-10-28,204.28634643554688,205.4044164664216,203.98971987433015,205.1306019765356,5803492
2014-10-29,203.4306640625,205.9291983962654,203.0769934323282,205.40439546825735,7896188
2014-10-30,204.59439086914062,205.3473702635473,202.41529493476244,203.0542000468974,10738180
2014-10-31,208.0626678466797,208.69015301627755,204.75410967970902,205.3815948493069,10105988
2014-11-03,207.80026245117188,209.7625740355328,206.5909302456107,208.8270563113851,7239648
2014-11-05,208.27940368652344,209.99072659246022,207.69755668386122,208.79280055830446,7524180
2014-11-07,205.2332305908203,206.8646832151394,203.90981048299523,206.49960660842206,9028492
2014-11-10,206.41976928710938,207.2640107580215,203.76150886944396,205.24465535057652,6389756
2014-11-11,207.16134643554688,209.30619610803785,205.90637631245338,206.70499366351288,5913408
2014-11-12,208.03985595703125,209.89949939563596,206.30572069388302,207.86872363790016,9058664
2014-11-13,208.9981689453125,209.9222805471474,206.248646208285,208.89548678360157,7388952
2014-11-14,212.22686767578125,212.8885848177391,208.03983623534148,209.51157682570806,8438056
2014-11-17,209.68270874023438,213.1167608268741,207.18417433704676,212.2040552130545,13464084
2014-11-18,212.70606994628906,213.34496116227382,208.09690329411094,210.150491155566,9189112
2014-11-19,211.41685485839844,213.96102746027879,210.4128869869226,213.35635438888457,3454848
2014-11-20,209.5115509033203,211.73627056586676,208.11966665581255,211.73627056586676,4770372
2014-11-21,212.85435485839844,213.34493970222354,208.5646412091006,210.1961080834189,8823808
2014-11-24,215.67233276367188,216.76757668154858,211.77050802733478,212.7402577124891,7316860
2014-11-25,217.57760620117188,218.77553231640366,214.25764232431453,215.1703479359197,12156508
2014-11-26,217.06422424316406,219.0265497993237,212.9570487080927,214.4401954290907,8976428
2014-11-27,216.345458984375,217.63464728683775,215.17034495500013,216.9044800223127,13211448
2014-11-28,218.39903259277344,220.39557596261415,216.0830367130457,216.31121309817036,9251860
2014-12-01,216.767578125,219.60837706578405,216.35686339390904,218.661439443262,7389128
2014-12-02,215.23878479003906,216.6762932542587,214.3032671665832,214.88511417272193,4517556
2014-12-03,212.91139221191406,215.40992656486213,212.66040374387342,214.9421677325416,6661184
2014-12-04,214.80528259277344,215.45557980463175,212.6604187216487,214.48583004114784,6839104
2014-12-05,215.11331176757812,215.48980841696167,213.50467085316126,214.7140030477762,4074180
2014-12-08,211.55377197265625,215.626715471969,211.06318710219188,215.626715471969,4057128
2014-12-09,211.46249389648438,213.34494933176464,211.0745912032518,211.0745912032518,4873344
2014-12-10,212.5235137939453,213.34494329903595,211.1316293372081,211.31416767980792,5565432
2014-12-11,213.02549743652344,213.5160823040079,211.06318582015209,212.18125583466946,4818844
2014-12-12,212.54632568359375,213.61875759478275,211.9758846592148,212.88859029822112,4616828
2014-12-15,214.82809448242188,215.46698565835126,211.7477128833643,212.20406571285432,6638628
2014-12-16,211.2342987060547,214.94216514296895,209.23775524002392,213.92677739488835,4989956
2014-12-17,210.3444061279297,212.77449032812729,209.0095797754044,211.2913437467516,7064016
2014-12-18,213.12815856933594,213.68719352140607,210.39004183441133,212.79730001184282,6493828
2014-12-19,214.81666564941406,216.53939461255592,212.77448416881813,215.6380950846078,6114108
2014-12-22,219.89358520507812,220.44120017349553,215.05624305342727,217.6802714832569,8295612
2014-12-23,218.99229431152344,222.2324018941954,217.9883126064312,218.98088827717095,7544080
2014-12-24,215.68373107910156,220.1445766858071,214.73679349677482,218.57016796232475,16664812
2014-12-26,216.45953369140625,217.44068936377303,215.0676493836838,216.85884236606097,3366480
2014-12-29,217.155517578125,218.13667347051205,216.37971212268346,216.7904269233589,3614800
2014-12-30,218.2393341064453,218.95808145497207,215.11331444712883,216.76759344977182,5681200
2014-12-31,217.1326446533203,218.433252846702,216.71052390739305,218.13662632847357,4992528
2015-01-01,217.2353515625,217.77157448998673,215.63811666891775,216.99576911381928,3544940
2015-01-02,220.25868225097656,221.17138787632138,216.85886215263676,216.85886215263676,5900384
2015-01-05,218.39903259277344,221.456587797375,217.93125986184285,221.3310935709127,4796000
2015-01-06,214.9992218017578,218.26214167149823,213.92678989199874,217.68029461276407,8219680
2015-01-07,215.6267547607422,217.07566971143598,213.63021073517976,214.4174223077587,5746112
2015-01-08,220.156005859375,221.0915375059701,216.35687695026266,217.73734145946173,9525824
2015-01-09,222.6203155517578,223.612877344769,220.55530794097444,221.99283043675973,8985184
2015-01-12,220.65798950195312,222.3350944334962,220.07614245500247,221.19421240936452,4126412
2015-01-13,219.81373596191406,221.77606141683725,218.06819480563135,221.09153219630693,5828348
2015-01-14,219.9392547607422,222.39215125290198,218.98091102030915,219.06076719585218,3685232
2015-01-15,226.6134033203125,227.76569138592055,221.5022462522516,225.8946420702849,11398476
2015-01-16,228.48440551757812,231.5762065129461,227.8455144585769,228.6783637906835,7821308
2015-01-19,229.21463012695312,232.7399587582063,228.8495534094186,231.19976785465934,4239492
2015-01-20,232.95672607421875,234.33719067306063,228.6327799945538,230.45819141167598,8505804
2015-01-21,232.72850036621094,235.6947793641333,232.36340980402505,234.42841717380094,6740612
2015-01-22,233.025146484375,235.59213096217104,232.4090674243475,233.88080797697367,6470680
2015-01-23,237.94236755371094,239.12887372465912,233.74391610844282,235.02169841259436,9987912
2015-01-27,245.07286071777344,245.9171022121031,237.50880788347354,237.98797272764884,9962400
2015-01-28,241.490478515625,249.4424201933735,240.72609317436223,244.14873904887924,11364940
2015-01-29,249.85316467285156,251.1309469762645,242.095166865658,245.289636550973,20567616
2015-01-30,245.82582092285156,249.75047142687586,242.83671587299906,249.75047142687586,10570416
2015-02-02,246.79559326171875,249.39680984083572,240.1214334375244,243.80648793680965,5710352
2015-02-03,242.80250549316406,246.932492827494,240.79456985367992,246.08825127562392,10200688
2015-02-04,243.62391662597656,246.61304957076644,241.2394845294422,242.55149875128592,6197512
2015-02-05,245.6319122314453,249.35119895984127,244.22862170000428,245.28964760687757,8059148
2015-02-06,240.3838653564453,246.190944270378,239.59666782632067,245.74601138005846,6903120
2015-02-09,237.32630920410156,239.98457029556016,236.04852671334154,238.90073220770284,5231896
2015-02-10,240.60060119628906,242.39180827391687,235.0216991871086,235.0216991871086,9275752
2015-02-11,241.5018768310547,242.9622111773396,240.269718855953,241.4106007118692,4161588
2015-02-12,245.517822265625,246.86406868333376,240.20130066063987,243.03069377419118,5525740
2015-02-13,243.19044494628906,246.88689189046795,242.68844009906627,246.70433960901104,7714500
2015-02-16,243.58975219726562,247.57141964833966,242.43745011646163,245.47220769228758,7388716
2015-02-18,245.2440185546875,247.1036340280853,241.1938872450621,243.58973956906584,5381692
2015-02-19,246.38487243652344,247.54856643295759,242.73405026508283,245.06143825795112,4507004
2015-02-20,244.84471130371094,248.68947829507263,243.8064974823177,247.11505547342074,6206024
2015-02-23,243.57833862304688,246.78422860068378,242.32336826011783,245.76882677671853,5581564
2015-02-24,243.61253356933594,244.37691892148683,241.2052614618771,244.2172065864931,5846288
2015-02-25,240.14425659179688,245.24402174494068,239.585235517017,244.14876381257923,4648524
2015-02-26,236.88133239746094,240.95427551803306,236.18538324435917,240.41806655515936,12426944
2015-02-27,240.49794006347656,241.53615388734022,238.54702058472304,238.54702058472304,10261784
2015-03-02,247.01235961914062,250.7658500549714,243.69238203704228,246.51035485411757,14385232
2015-03-03,247.19491577148438,249.1686473491299,245.7574210566101,247.90225709342886,6029348
2015-03-04,243.0763397216797,253.11610172067634,241.8669936121925,252.13493202025728,12277624
2015-03-05,247.5941925048828,248.71226237434243,242.43741171810902,243.00785268685752,9702452
2015-03-09,241.6388397216797,246.8412734746785,240.95431043068342,245.7574354306011,5755808
2015-03-10,240.1670379638672,242.38033750619022,238.4442953108673,242.32329341640292,5134836
2015-03-11,241.0569610595703,242.30053922610483,239.58523433295147,239.7905986759501,5465536
2015-03-12,240.6348114013672,242.7568629352068,239.83619404938324,241.8897815259134,7530836
2015-03-13,237.9081573486328,242.77971849777595,236.07132596857122,241.86701278913768,5426780
2015-03-16,239.93890380859375,241.38781837333474,237.87389625364713,238.44433725185732,5348772
2015-03-17,241.42202758789062,243.21320658227896,237.9537299344122,241.8669603830196,5369304
2015-03-18,242.67703247070312,244.58229992720962,240.31538433973995,241.9012271044754,5148332
2015-03-19,240.08721923828125,245.01585221891258,239.28860176410433,244.37694709814423,5373572
2015-03-20,240.9314727783203,241.7529022695898,238.66110082542383,239.81340281768655,6483236
2015-03-23,239.07183837890625,241.73009917950665,238.67252965338673,240.942873837057,5446740
2015-03-24,236.83567810058594,241.18244956771147,236.26523711296127,238.0564440969538,8973564
2015-03-25,235.99142456054688,238.83220939280218,235.27266338203577,237.31485872585503,10608900
2015-03-26,229.76223754882812,235.52367794229727,228.65557361045265,234.31435968820549,35800620
2015-03-27,231.51922607421875,233.54998799605792,230.0246592788239,231.58767621957793,10840896
2015-03-30,236.59613037109375,237.07529527205645,231.09707041150455,232.73994338546447,6955144
2015-03-31,233.35601806640625,237.28065511678096,231.5648248858951,237.28065511678096,5962256
2015-04-01,235.76327514648438,236.5847046500779,231.1427028535095,234.13180824763444,3844196
2015-04-06,235.46664428710938,236.58471431017006,232.69430915419574,236.1625935060176,7151172
2015-04-07,235.649169921875,236.89272012256933,233.57277031583723,235.76325811839973,6197072
2015-04-08,236.28805541992188,237.86245011889085,235.033085361951,237.31484910371623,4106144
2015-04-09,240.9771270751953,241.63884430642713,235.0217277012464,236.90418328720298,7002784
2015-04-10,237.9081573486328,240.26977779902074,236.1283700753611,240.26977779902074,6119324
2015-04-13,237.02964782714844,238.74097077202995,236.11694225654495,237.30344835690406,4563236
2015-04-15,235.39822387695312,239.28861536732384,233.92646916444824,237.3034915315165,4893996
2015-04-16,234.9418182373047,235.8317117013787,232.28355780565326,234.56532163478542,5610120
2015-04-17,232.34060668945312,234.53109443984906,231.8386158513428,233.90360937390653,4049012
2015-04-20,229.340087890625,233.88080369900626,228.76964690599328,232.7399217297428,5188880
2015-04-21,228.86093139648438,231.46214795216235,227.17242044956606,229.3172842008642,6510744
2015-04-22,231.16551208496094,232.96811126882156,226.69326008381412,229.65955337127218,6765936
2015-04-23,231.2567901611328,233.69826659220206,229.5682791664509,232.7513428523973,9627828
2015-04-24,229.6481475830078,232.5117587051584,228.2562631444049,232.4889466351742,7205244
2015-04-27,229.41998291015625,231.0286238762341,227.26371296862138,229.76224753812102,7370704
2015-04-28,229.21463012695312,230.78905306573697,225.91747792585505,228.0737479761776,7942108
2015-04-29,226.6134033203125,230.34408198985113,225.4382892580217,229.08911175612732,7863564
2015-04-30,225.62083435058594,227.0355308963014,223.39611432421515,226.12282524445698,15143684
2015-05-04,228.39320373535156,230.34410945503737,226.35102187161672,226.81878077460343,3141448
2015-05-05,225.3584442138672,229.066310996585,224.94771552112414,227.95964701613465,5138004
2015-05-06,221.468017578125,225.32420447092278,220.304323459925,225.32420447092278,11007696
2015-05-07,217.06422424316406,221.33112605662262,215.44417724171038,220.87477321939247,11736664
2015-05-08,224.06922912597656,225.39264948617065,217.99974233950934,219.3916128356685,11571932
2015-05-11,225.9630584716797,226.5220933685977,222.25519242560594,224.99330889039888,6731344
2015-05-12,221.77606201171875,225.8946433809338,220.64658600945754,225.8946433809338,11107568
2015-05-13,225.9517059326172,226.67046724550465,221.69621001538175,222.66595982625137,7791848
2015-05-14,226.13421630859375,227.0012838350854,222.24381151052668,225.66645747834795,4455188
2015-05-15,225.91744995117188,227.61736693068858,224.57121753602715,227.01270782172114,8153624
2015-05-18,230.4239501953125,230.91453506482958,226.35100670386456,227.26371237605755,5713304
2015-05-19,229.89915466308594,232.28360109425304,227.7428846573552,229.62534016720548,4786348
2015-05-20,233.6640625,234.2915476240038,230.35549064665182,230.37831664359436,4008840
2015-05-21,233.8123321533203,235.02167814344472,231.62184441318135,233.6526198241625,3934380
2015-05-22,233.7210693359375,234.7934871445416,232.36340320833924,233.81231760202724,4689536
2015-05-25,233.5499725341797,235.24988965311124,232.19232004616924,234.65663653022804,4369060
2015-05-26,234.4284210205078,235.06729817955926,232.29496348743348,233.75528397979645,4906344
2015-05-27,236.88133239746094,237.30345316169922,233.05937774317397,233.6069927405548,3218592
2015-05-28,234.88482666015625,238.1477329532405,233.2419535504901,237.0867348183123,9561160
2015-05-29,239.71072387695312,240.49792130145735,234.37139064167286,235.0102678381152,5058680
2015-06-01,236.43637084960938,240.9542746405452,235.24986472954743,239.3456199042182,3841320
2015-06-02,230.18435668945312,237.37192743964627,229.29447705786237,236.93838669545767,4726008
2015-06-03,229.44276428222656,232.05538671148304,227.72003533732556,230.2299756065746,5824832
2015-06-04,231.587646484375,232.2493497069321,227.03552439087971,230.19576204912514,5557588
2015-06-05,230.85748291015625,232.39767367827443,228.74685111680913,230.51521829501888,6753860
2015-06-08,228.96363830566406,230.9715880765669,227.1610389628538,229.14617666178543,3811996
2015-06-09,228.59854125976562,229.5454789753575,227.5147032626156,229.31730255490484,6040260
2015-06-10,231.73594665527344,232.51175198727853,227.49187117891725,227.72004757929733,7986248
2015-06-11,228.22206115722656,232.4090929501642,226.9670908302467,232.19232256287458,9094176
2015-06-12,230.2642364501953,230.6521252171026,225.9288845335227,228.40459308364615,6528344
2015-06-15,229.3629150390625,231.3138204309536,228.17639499970764,228.63274778970705,5999828
2015-06-16,230.09312438964844,230.56088329962952,227.5033134764626,228.17643675023268,6010524
2015-06-17,229.24884033203125,231.2567899408329,228.06232022285397,230.2299961029111,9686268
2015-06-18,232.6486358642578,233.60697946368512,228.68978116731952,229.52263054073666,8431716
2015-06-19,235.1358184814453,236.15119248532818,231.17696286763405,233.8352239311269,3742324
2015-06-22,238.9349365234375,241.1596565509303,234.6794408488535,235.50087036521455,5449652
2015-06-23,240.06436157226562,242.14076104004877,237.87387391555416,240.0415495051923,5655180
2015-06-24,238.62689208984375,241.3650089108239,237.91952296157217,240.4979274427543,6267396
2015-06-25,243.00784301757812,244.3426692606243,237.90810653059765,239.18588867903875,16573568
2015-06-26,242.5172882080078,244.365511530937,239.92749156355552,243.46422586620423,5647504
2015-06-29,241.1025848388672,242.26627884158725,235.13576674947555,238.4215122922332,6487836
2015-06-30,243.49847412109375,244.60512419623083,239.12889007243461,240.0986398651902,7290136
2015-07-01,244.68495178222656,245.74597759044684,241.87839883386116,242.1750114354346,4971188
2015-07-02,243.27114868164062,245.45511770367304,242.68494225558652,244.83442194363354,4483444
2015-07-03,246.9608917236328,247.3976910939782,242.31709562944607,242.31709562944607,4039288
2015-07-06,249.08740234375,249.43223954127248,243.7424257821513,244.6160245743775,3267780
2015-07-07,249.85752868652344,250.92652959237827,247.93794060043973,247.93794060043973,4141472
2015-07-08,245.71946716308594,248.42069166148525,245.06428215265407,248.07585449147683,5400676
2015-07-09,246.91490173339844,247.57008669662446,243.70789944563109,244.30561155132992,2797964
2015-07-10,250.75408935546875,251.73112798004885,245.63900479149058,245.9378748900596,4900088
2015-07-13,251.99554443359375,254.23698630149946,249.43224889001934,249.43224889001934,7076084
2015-07-14,251.00698852539062,253.31740895611605,249.6621290780245,251.84609797879912,5674116
2015-07-15,252.12191772460938,253.21390200701242,250.76558075048558,251.27133066664172,3849404
2015-07-16,256.260009765625,257.24855430940966,252.44381698541596,252.60475785178187,7310424
2015-07-17,255.30592346191406,257.8806960979436,254.16794411408156,257.34045688250814,3510988
2015-07-20,256.3864440917969,257.2485370443584,254.48983959616152,256.5473568844397,4551268
2015-07-21,252.43231201171875,259.3175495535076,251.29433252300026,256.685303737552,11028136
2015-07-22,256.1910705566406,256.80028859035065,250.2713649551426,252.05302392258375,7286400
2015-07-23,254.6967315673828,256.7197593982853,252.90356711318026,255.8461887654819,5083172
2015-07-24,254.68521118164062,256.32894049335204,252.99551480980622,253.6047327024862,4761008
2015-07-27,251.926513671875,253.9150801201666,245.9838259199441,253.77715087709421,3328572
2015-07-28,254.8346710205078,256.07609045673723,251.1449020417272,251.50124501257156,6345672
2015-07-29,254.80020141601562,256.9956761474087,254.04157641392257,254.0530541494997,3943032
2015-07-30,255.30592346191406,256.78871187109695,253.13343274127948,254.4897977093145,9462188
2015-07-31,255.55880737304688,257.7082865771415,253.5702409407556,256.46686727364215,5649500
2015-08-03,251.8230743408203,256.90366925671395,251.37476922114487,255.81168498023126,4345728
2015-08-04,249.76556396484375,253.34038737115736,248.73105240116843,252.4438050700543,5390928
2015-08-05,251.0874481201172,252.35185118402404,249.478207856963,251.07597038456282,4122780
2015-08-06,251.9495086669922,253.19092803697163,249.53564858316747,251.0184651866972,3743712
2015-08-07,251.19088745117188,252.30585532224427,250.25981589429082,251.4897294853278,3227140
2015-08-10,251.65069580078125,254.24845249714957,250.12191195793906,251.7311522003155,3954376
2015-08-11,251.66212463378906,252.6161796332499,249.2597705353732,251.74260908060654,2727688
2015-08-12,246.0873260498047,251.70818963086688,245.4551244733591,250.21389499563185,6005740
2015-08-13,247.71954345703125,248.9034619755534,245.20221523888887,247.59309193421765,3465052
2015-08-14,253.29443359375,253.71972720187856,248.25980477380287,248.995446254732,3601660
2015-08-17,250.92652893066406,253.2944221970477,247.31724422893296,252.66222068118944,2500212
2015-08-18,249.7425994873047,251.98404137962663,247.92645121324873,250.94952973701652,1857316
2015-08-19,248.70809936523438,249.8920461347597,247.13334829334562,249.39777382558788,3004576
2015-08-20,247.06431579589844,249.3747359598973,245.5240543951789,245.5240543951789,3044852
2015-08-21,243.9838104248047,246.66202340335258,241.61591723246727,244.6045061230687,7758972
2015-08-24,234.2708740234375,240.16758116383966,232.4777235602414,240.16758116383966,14686328
2015-08-25,234.13294982910156,237.3169548273543,231.20183384447705,235.56975735873144,12347920
2015-08-26,232.99501037597656,236.55832824556478,231.9604987364187,233.89159274284492,5573000
2015-08-27,234.97206115722656,237.8112151421443,231.98347210722406,235.6387520194271,13873432
2015-08-28,236.31690979003906,239.7193145470187,234.3513546888067,237.0295957504179,5553136
2015-08-31,236.2019500732422,237.454875265733,233.46625034140425,234.74214503397462,3441460
2015-09-01,229.91444396972656,234.78814573726768,228.28222021321355,234.78814573726768,10469144
2015-09-02,228.77647399902344,233.09843030006706,226.44307025136195,231.06388262055697,8681688
2015-09-03,232.25936889648438,233.33986170277998,229.66159787298247,230.42023698158562,6507368
2015-09-04,228.98336791992188,231.27079057333586,225.2936130833689,230.39720590032502,11404592
2015-09-07,226.31663513183594,232.14437763185535,225.29361539847935,230.12133572844678,5381740
2015-09-08,230.822509765625,232.1903667124509,224.6039487901629,226.83389868270334,7444488
2015-09-09,233.638671875,235.63873024532552,231.0409013624899,233.22487008183683,6553120
2015-09-10,232.42025756835938,233.78811451167599,229.0408504235362,230.58112595555338,4463740
2015-09-11,232.30531311035156,234.4892819124776,231.45471192849456,233.22487892177307,4301760
2015-09-14,234.42031860351562,235.0180307717225,230.69607423998602,231.92598790710665,5060344
2015-09-15,232.91453552246094,234.40882999456693,231.7535724381944,234.0180117109547,4332728
2015-09-16,235.25941467285156,236.35139908322515,232.5466983123209,234.2364089240913,4254052
2015-09-18,241.32855224609375,244.14472253903457,237.05257684245765,237.93765332194047,7841168
2015-09-21,242.064208984375,242.5354977169564,238.24801624425683,238.61583697892067,4276688
2015-09-22,236.9376220703125,243.68493033056046,235.70770845905838,241.39752169083326,6025212
2015-09-23,241.20208740234375,242.17912602145063,234.17892075451576,234.30535824010818,5161152
2015-09-24,241.70787048339844,242.30558262681978,238.16753662370522,240.69634251449745,8252836
2015-09-28,240.55841064453125,243.68492864474774,239.7997576603748,242.53547143415932,5777108
2015-09-29,244.78842163085938,246.88042816580702,235.66171443519391,237.24797101678558,10418840
2015-09-30,245.70799255371094,246.67352541684704,243.99528441646572,245.52406816886545,9027796
2015-10-01,245.44361877441406,247.57011474383,243.53550846317478,247.17928243061664,5034788
2015-10-05,252.50125122070312,253.9840678095128,247.63904177325426,247.63904177325426,8053372
2015-10-06,249.6505889892578,254.69672275201182,248.97242049101956,254.48981485093134,4758964
2015-10-07,250.06442260742188,252.50126634408034,249.05289462345397,250.12189546943233,4386268
2015-10-08,248.9954071044922,250.7425763941794,247.2252542839379,250.14486427703892,3881908
2015-10-09,249.6965789794922,251.73111249529515,248.32870815146995,251.73111249529515,3443228
2015-10-12,248.4092254638672,251.8460915260692,247.77702395615682,250.05292693357646,2217340
2015-10-13,247.4436492919922,248.7770308878079,246.71948563328056,247.2597529751723,1823652
2015-10-14,249.37474060058594,249.77705062229697,245.30567332044825,245.70798334215925,2749148
2015-10-15,249.23680114746094,252.07595471474687,248.5126375254367,249.59311602864062,3925952
2015-10-16,252.8920440673828,253.22537536993946,249.432167295855,250.58162428800182,4843688
2015-10-19,252.3748321533203,253.36334850011124,251.57021211939013,252.8805820923371,2654220
2015-10-20,251.70819091796875,253.5473227861239,250.85757559119185,252.42084890429382,3851356
2015-10-21,251.73114013671875,253.8001632063356,249.43222561492223,252.62772241280368,7273204
2015-10-23,254.8346710205078,256.03009532922005,251.96102791021792,252.75414218348953,4467048
2015-10-26,253.22544860839844,256.14505898770193,252.19093701626244,256.08758612147216,4887984
2015-10-27,255.3864288330078,256.0990867472784,251.85760053035824,251.85760053035824,8984032
2015-10-28,255.5243377685547,258.3979807933922,254.04154919290656,254.04154919290656,7694760
2015-10-29,253.69674682617188,256.2140472360265,252.8806208700127,255.17953560519464,6702368
2015-10-30,252.7886199951172,255.63927944321904,250.68510772164706,253.34036505973685,8097460
2015-11-02,248.9954071044922,251.93802869137954,247.47812924931432,251.74262658463047,3156552
2015-11-03,249.4092254638672,251.04144905300151,248.09882743600366,250.8000518191289,2548592
2015-11-04,248.67355346679688,252.44377860507936,247.8804392429609,250.59316939515566,2696444
2015-11-05,248.248291015625,248.97245473755703,245.86891998321073,247.93794315277492,3596952
2015-11-06,248.48965454101562,250.3517695282286,247.1907623372156,248.44365941684953,5881004
2015-11-09,244.78842163085938,245.90338952547626,241.615908467676,243.22514858116196,11429432
2015-11-10,242.44351196289062,244.83438860030398,241.949239744212,243.6964371742313,4402580
2015-11-13,241.85733032226562,242.53549892822258,239.31701837372484,241.24811231900816,3940028
2015-11-16,243.90330505371094,244.83437658419876,240.294020774304,241.0986407912474,4734732
2015-11-17,243.86883544921875,244.55850972587046,241.66185531359866,244.44356401309517,2567404
2015-11-18,241.0641632080078,245.0297906275722,240.5354297231515,244.07573551984652,2446720
2015-11-19,245.73098754882812,246.20224820473106,241.29407113947963,242.53549063779312,3277680
2015-11-20,246.17926025390625,248.34024555472428,243.6849435667741,244.81141731471433,4648160
2015-11-23,245.0757598876953,247.24822258482172,243.46651994525575,246.90338545429896,3408280
2015-11-24,244.6849365234375,246.78844870861914,244.16768080886425,244.89184442185052,4002252
2015-11-26,244.593017578125,245.29419778477856,241.63891780970278,243.45506603006606,8791484
2015-11-27,248.1448211669922,248.78850034883695,243.9033073429715,244.7998895542789,6925072
2015-11-30,247.7655029296875,248.51265012015048,245.91486558660336,248.09883429718747,5247776
2015-12-01,248.97244262695312,249.40924199853205,246.78847383197984,247.6045997121121,1895332
2015-12-02,247.77703857421875,251.2023990404699,246.4091674845376,250.58170329417675,2562284
2015-12-03,247.53561401367188,248.51265265732926,245.3631510782372,246.55857537001447,3807712
2015-12-04,243.4320526123047,246.81144557156946,242.76536182047883,246.81144557156946,5859828
2015-12-07,244.1332244873047,246.23673695686844,243.93782235907688,245.5700461109244,5814808
2015-12-08,241.21360778808594,244.1217402898952,240.69635201727516,243.9148323689866,4902660
2015-12-09,240.79977416992188,242.99524861579053,240.202062047027,240.71931777965287,3890616
2015-12-10,243.82289123535156,244.42060345399872,239.61589410712705,240.23658986054448,6514340
2015-12-11,240.54690551757812,243.8228585768841,239.5468833541635,243.68492932381315,3033920
2015-12-14,242.54696655273438,243.65042858856464,239.11007280664015,239.3169807080205,5878016
2015-12-15,243.55848693847656,244.24816129261404,240.3055453517986,242.07569830224955,4557416
2015-12-16,245.36312866210938,246.75395494296953,243.53547499907634,244.37458431131782,6842768
2015-12-17,248.3402557373047,249.20234873338418,244.83441088658134,246.88045054319466,4878012
2015-12-18,246.6735076904297,249.43220488734036,245.6389962415882,249.43220488734036,3172128
2015-12-21,247.2252960205078,248.2598076504461,245.76549077751298,246.38618653030636,3097500
2015-12-22,245.167724609375,247.47814489745042,244.60450178438202,247.01836199935946,2429536
2015-12-23,246.92642211914062,247.81149866535597,245.78847056870998,246.58158491441333,3013968
2015-12-24,246.90341186523438,247.45515694567376,245.59304185424634,247.4091618189335,2146352
2015-12-28,247.65057373046875,248.25979170822907,245.46660487417776,246.90342649015867,7755428
2015-12-29,247.81150817871094,248.24830760071873,246.2827522960706,248.04139965735453,4231612
2015-12-30,246.97235107421875,248.73099789675686,246.5700411098365,248.28272087589735,2112560
2015-12-31,248.7770538330078,249.40925536015854,247.13332424983133,247.13332424983133,9290008
2016-01-01,250.29432678222656,250.6391639718232,247.39770000219926,248.8345216255186,3195076
2016-01-04,246.09878540039062,249.20231982627132,245.5470403343168,249.20231982627132,5187536
2016-01-05,244.23666381835938,247.08732319765215,243.99526658875268,246.029800156441,3160872
2016-01-06,245.3171844482422,247.5356427682461,242.91482978817544,242.91482978817544,4165536
2016-01-07,242.8113250732422,244.8113974173338,241.31703072942503,243.70790729211637,6055428
2016-01-08,244.2251739501953,244.71944617553422,243.05273317903576,244.13321175849399,3488356
2016-01-11,243.36306762695312,243.91481268387375,240.30552837733856,241.85729556453566,3288912
2016-01-12,240.6848602294922,244.5815374341753,239.8917458932511,244.5815374341753,4258736
2016-01-13,243.7194366455078,244.31714882822175,238.39744374017025,241.84581563612258,4515148
2016-01-14,241.32855224609375,243.08722747018803,238.97216485812282,241.42051443967202,6279184
2016-01-15,239.5813751220703,242.6389145041291,238.65030354425284,240.92623446331288,5417260
2016-01-18,235.8341522216797,239.42045343973754,234.71918423627608,238.08709978917545,6495388
2016-01-19,238.12159729003906,238.52390736497006,235.93762831184225,236.14450818575347,6405212
2016-01-20,234.09844970703125,254.7197146074459,231.7075871584727,235.63872515580508,9563588
2016-01-21,235.178955078125,237.53534245794003,232.97200275449225,234.71917217474646,6300804
2016-01-22,236.857177734375,240.0641523121796,234.96055919577933,235.7996545891503,4236284
2016-01-25,239.35147094726562,240.6273515619538,237.48935595358626,239.0755843900678,10143884
2016-01-27,238.0870819091797,241.08714844483583,237.4778639640643,241.0296755832763,4039468
2016-01-28,237.17901611328125,240.67338326173063,236.78821184317542,238.8572350534556,9951972
2016-01-29,241.35154724121094,242.52398809198243,237.98363168977025,237.98363168977025,5360184
2016-02-01,243.62750244140625,245.2942157159523,242.2366477250631,243.22519234065373,4609484
2016-02-02,242.25962829589844,244.89187424994756,241.43199660143995,244.8344013857725,6528628
2016-02-03,239.97218322753906,241.70787489122156,239.5468896598251,240.12161828184963,4850244
2016-02-04,241.20208740234375,242.51248544689784,240.3630060974467,240.92622889976388,5675992
2016-02-05,242.59298706054688,244.55857046232688,240.37452864044297,242.02976415323803,7523904
2016-02-08,238.133056640625,243.22515795133992,236.85717591067478,242.5354835904193,3481924
2016-02-09,235.880126953125,237.14452989304388,234.63870754498421,236.02953394114277,5535460
2016-02-10,232.8685302734375,236.8226657342878,232.21333126935878,235.38584427550933,7682280
2016-02-11,224.21316528320312,232.8800771810306,222.58094133213052,232.19040271751325,8803600
2016-02-12,223.31658935546875,226.77645332427448,222.07516975048975,225.06375899143836,12542144
2016-02-15,223.8223114013672,227.19022677592184,223.24758277304457,225.2936223024573,10912960
2016-02-16,223.787841796875,225.75341094946046,221.15558180588692,225.63846522087113,7136096
2016-02-17,224.1211700439453,225.27062724176747,220.46589054228693,224.5809529230742,7503924
2016-02-18,227.46607971191406,227.87988148233663,224.60392858334717,226.67295146691944,6799856
2016-02-19,227.43161010742188,228.1902490908955,223.79932798089618,227.3051726154197,3328660
2016-02-22,227.30516052246094,228.97187345675965,225.98328474698266,225.98328474698266,4002396
2016-02-23,223.00619506835938,226.55802072621927,222.0751375155026,226.4200914707814,6078320
2016-02-24,218.30491638183594,221.36248390705268,217.56927496338383,220.69579308618722,6463468
2016-02-25,216.70718383789062,220.06359343995595,215.6841640654895,219.3164462175168,8463196
2016-02-26,220.92568969726562,223.2246042622736,217.24742639325288,218.39688367575687,6209388
2016-02-29,223.4199981689453,225.89133123541797,213.33926378480152,220.94866510247266,8812752
2016-03-01,226.2476806640625,226.84539283345634,223.42000454722773,224.13267647538592,4322560
2016-03-02,231.5466766357422,232.3972778268328,228.74199807416875,229.43167244022152,6358976
2016-03-03,233.53524780273438,234.4893030305907,232.19038829499667,232.36280690016622,4610400
2016-03-04,234.61573791503906,235.6157742327333,228.3052142300043,233.4432970255624,5704624
2016-03-08,233.14442443847656,235.40884965509406,232.07542356134516,235.40884965509406,1913688
2016-03-09,235.59275817871094,236.76519890635245,231.44320647490187,232.88002797027622,6528172
2016-03-10,234.77664184570312,235.81115336423989,232.2133465816334,235.59276771327274,2671392
2016-03-11,236.48931884765625,236.97211333372027,232.8800343771471,234.4662909642646,4730856
2016-03-14,236.22499084472656,238.6158396785524,235.69622923940534,236.3284307808912,3008656
2016-03-15,236.029541015625,237.56983057180892,234.8686060282915,236.30542759399225,7690036
2016-03-16,236.89163208007812,237.76523081027824,234.24789445157418,236.0985178072572,4803548
2016-03-17,234.12147521972656,238.8572338195409,232.45476208672207,237.92616215455533,5113484
2016-03-18,236.42037963867188,237.2479832700528,233.4202849041289,235.16746839359888,4135068
2016-03-21,240.37451171875,240.77682178505628,237.30546625408397,237.4778848539295,5318796
2016-03-22,242.27110290527344,242.90330440304265,239.2480246760835,240.5814063329109,4120264
2016-03-23,241.236572265625,242.08718741485455,239.21354447067233,242.08718741485455,8464300
2016-03-28,240.81126403808594,242.07566685642433,239.46640483480044,240.23653548429576,11270868
2016-03-29,242.25962829589844,243.5699983739211,240.0641536592422,240.81130089351802,6733952
2016-03-30,244.82289123535156,245.9608707635402,242.2826075217276,243.22515686485778,7814380
2016-03-31,246.2482452392578,248.0299040705202,244.84591293304223,245.25970072706573,20080392
2016-04-01,244.70794677734375,247.45516648806398,242.94929960607436,245.7079970517319,5158648
2016-04-04,245.76548767089844,246.6275806849497,244.60452452014,244.88038305946694,6179960
2016-04-05,243.09869384765625,247.57009922734073,242.68490609026804,245.7539512249744,6663028
2016-04-06,244.02976989746094,245.28266705283076,242.93778552910206,243.9148241744758,4295376
2016-04-07,242.650390625,244.77688623208786,240.70781937666496,244.604467669351,3911692
2016-04-08,243.5355224609375,244.45508833840395,242.36308157975247,242.53550018177742,2962796
2016-04-11,246.20223999023438,246.92640367866582,239.74229578335667,243.7539184698502,4049620
2016-04-12,244.3746337890625,246.21376555793597,243.51254077240307,245.89191188579838,4941480
2016-04-13,248.68508911132812,249.4207305648337,245.86891870077693,246.44364735599146,4974604
2016-04-18,250.075927734375,251.0414605883928,246.35166944833315,249.087383285278,4117068
2016-04-20,252.3863525390625,252.8806248274465,249.09892125406037,251.0185094753929,3821352
2016-04-21,250.84605407714844,254.06453428473117,250.35178186125702,251.73113052164962,8191728
2016-04-22,251.07595825195312,253.0760026857713,249.47819580156116,250.4667402834705,7809320
2016-04-25,251.3288116455078,252.88057883380617,249.31726158660254,252.88057883380617,5561960
2016-04-26,256.0646057128906,256.32898651335904,251.15642848954684,251.7311571588593,7053796
2016-04-27,258.44390869140625,258.62783304229157,254.94957052791233,255.14497261140554,5763636
2016-04-28,256.0875549316406,261.317585121566,255.25995137131326,258.44394216006856,8089584
2016-04-29,260.31756591796875,261.15667528476877,254.30589916216587,256.05309655278717,5611940
2016-05-02,256.938232421875,259.7773867440589,256.5589058463449,259.2601308854977,3862716
2016-05-03,257.0186767578125,260.92683195001536,255.90370868321023,257.91525914978524,4695296
2016-05-04,259.1681213378906,260.81185082300414,256.1565489462604,256.9036961610464,5292328
2016-05-05,260.30609130859375,260.8693141169896,258.0991110124562,259.31754688166046,5214248
2016-05-06,257.39794921875,260.29457566925527,256.8462041655778,260.2371028108606,2733152
2016-05-09,262.3981018066406,263.21419960134745,257.248527808962,257.47841925472517,6953180
2016-05-10,263.20269775390625,263.80040984554785,261.1796419913614,262.88084414673983,5453000
2016-05-11,261.80035400390625,263.22566954834633,259.70831968205323,260.8577767543167,6147372
2016-05-12,264.1683044433594,264.83499537416077,260.35211133787936,262.9958634618402,4221688
2016-05-13,262.2831726074219,263.9153963625851,259.7773500781543,263.9153963625851,5045316
2016-05-16,267.3177490234375,268.0304067985172,260.363533708338,263.2256706045924,4518768
2016-05-17,265.16827392578125,268.80056995339856,264.6740297732526,267.8350371171561,4295424
2016-05-18,262.2256774902344,264.6050482892873,260.12216519489886,264.6050482892873,4162644
2016-05-19,261.9153747558594,262.6969833386138,260.2371557243399,262.09927110236197,3855796
2016-05-20,262.2831726074219,264.03034209270817,260.604953722456,262.0647588824346,2016632
2016-05-23,261.3291320800781,264.3636883002193,260.51300612529843,262.5245565151825,3463532
2016-05-24,262.06475830078125,262.9153735395575,261.0532583282811,261.708443375944,3259468
2016-05-25,269.7316589355469,270.3408488489972,263.5245895686499,263.5245895686499,5767348
2016-05-26,272.0190734863281,273.31796586434496,268.11091861688584,270.3753439139487,13705560
2016-05-27,272.8351745605469,273.5708159496973,270.51324854626796,272.0190487163692,5775184
2016-05-30,271.2144470214844,274.72029174882294,270.8351205039748,272.88116008857975,3814532
2016-05-31,271.7086486816406,272.6282142728719,270.67413739150544,272.6282142728719,5515640
2016-06-01,270.1568908691406,271.95002699484365,269.20283592343856,271.95002699484365,5675632
2016-06-02,270.1109313964844,271.4098236219559,269.20287144981035,270.0534585375071,7910616
2016-06-03,269.3752746582031,272.4213360102161,268.754579041828,271.2948624259447,4524420
2016-06-06,269.2258605957031,271.8236451008247,268.9844914207161,270.352334267736,5547308
2016-06-07,269.8236083984375,271.2719358915023,268.43278183607003,270.5707556794946,5628504
2016-06-08,267.2718505859375,270.81218527598486,266.9040298008645,270.3064352043754,4742812
2016-06-09,266.5361633300781,267.63962549615775,264.94990664948375,267.24882124080244,4648184
2016-06-10,266.98443603515625,269.59369844056977,265.8004894276213,266.30626746710084,6322312
2016-06-13,265.0418701171875,267.81204537526236,264.61657652833776,265.46716370603724,3323236
2016-06-14,264.80047607421875,265.98442272138857,263.05330656780365,265.52463979533604,3828768
2016-06-15,268.8695068359375,269.1798546234437,265.1107598734111,265.52457563202995,3045824
2016-06-16,267.1683654785156,268.7086270331959,265.6050923275296,268.1798935136876,4727768
2016-06-17,268.9730224609375,270.81215423844816,267.9500166348667,268.283348044371,3761652
2016-06-20,269.44427490234375,271.09948205393067,266.39821330623215,266.44418036930733,2742764
2016-06-21,268.202880859375,270.2259088955525,266.9499555485618,270.1224689623956,2670968
2016-06-22,269.3178405761719,270.12246067178995,268.053437568772,268.053437568772,3803840
2016-06-23,273.5937805175781,273.9960905131481,268.39823990165854,268.92700140671775,3926732
2016-06-24,267.11090087890625,269.40981554683225,263.68551241111186,266.63961214681217,11173964
2016-06-27,266.6625671386719,268.74309591562474,265.07633863792347,267.13385582032157,4163788
2016-06-28,268.2718200683594,269.68565811802773,264.37517116205254,266.96145001037695,4034980
2016-06-29,270.7866516113281,271.064774307852,268.79333521097163,270.0217717560048,5420668
2016-06-30,272.675537109375,273.4983612932761,269.36112479168384,271.4123568427342,16278892
2016-07-01,272.2236328125,274.65730513649424,271.5978426750592,273.4984135536398,4304876
2016-07-04,271.8296203613281,273.38252376145164,271.505125060231,273.08120063330756,7249852
2016-07-05,270.16082763671875,272.1773161720998,269.3264312707786,271.8296486618535,2136328
2016-07-07,274.8079528808594,275.5264599674452,269.07143983421855,270.69388796862205,4832616
2016-07-08,272.3047790527344,274.7963962256904,271.4703826813721,274.68050705485524,3118868
2016-07-11,278.0760498046875,278.57437886994785,273.74180637612693,274.8890977856715,5102532
2016-07-12,278.63232421875,280.4286062707741,277.10259290406395,280.4286062707741,7046032
2016-07-13,277.61248779296875,278.5859454372461,276.58108556764506,278.0876446748496,6687072
2016-07-14,278.2151184082031,278.6323307279792,276.32611932168146,278.36577998441413,3459668
2016-07-15,283.6271057128906,284.1602071414677,276.9982517269682,279.01473999340044,5774216
2016-07-18,284.49627685546875,287.0574385123423,283.38375793730603,283.9284313101488,4438484
2016-07-19,282.38714599609375,285.26120318387757,281.3441434250375,284.85559107291124,2586004
2016-07-20,285.59722900390625,287.0574437086631,283.17515692455316,283.46487981888976,4690332
2016-07-21,284.7628479003906,287.3819543220522,283.3490057593422,285.249576730161,9112904
2016-07-22,285.2727355957031,286.16507636902594,283.11718614402827,285.86375326950196,5620272
2016-07-25,289.01593017578125,289.59537590635,284.39196456314204,285.782634316507,9872884
2016-07-26,287.1269836425781,288.71465941791905,286.2809871468378,287.9613799054415,5665992
2016-07-27,286.6982116699219,289.1550847541516,285.0873634943088,287.6369252816563,10734736
2016-07-28,289.3636169433594,290.0126075222478,286.3736994084996,286.9415449450891,10646528
2016-07-29,288.8421325683594,289.72290150623917,286.2462266881643,289.2593448638292,3395676
2016-08-01,287.938232421875,291.7973190051675,284.54267420813943,289.49113592498793,5560864
2016-08-02,288.1700134277344,291.2178758793956,287.49785060177066,289.0275819445909,5329396
2016-08-03,287.5093994140625,289.71129340571713,285.319105655454,287.66006097740495,4733876
2016-08-04,287.6369323730469,288.9580576508505,285.92176692425835,288.93488547449977,4662880
2016-08-05,289.5490417480469,291.03242852912024,287.8107044952069,289.12025755099626,5784912
2016-08-08,289.6302185058594,290.88182724588717,288.45975482237696,290.39509837289177,4728776
2016-08-09,289.0739440917969,290.39509765036064,286.872049787446,290.39509765036064,4210856
2016-08-10,284.3688659667969,289.9431183611351,282.7116450899509,288.5640484828767,3619720
2016-08-11,284.68170166015625,286.24620521090407,283.23308726131563,284.3456344369252,2856072
2016-08-12,284.7860412597656,286.2462561509551,282.6305196266467,285.3307430052642,4641496
2016-08-16,284.4615173339844,287.04582273009134,281.3325103012905,285.7826423193776,3468568
2016-08-17,286.22308349609375,286.82570153359416,284.1602505698476,285.87541597908336,5511036
2016-08-18,290.3023681640625,290.8586418335666,286.1419583168572,286.9415822651572,6111656
2016-08-19,289.0507507324219,289.7229135505097,287.7411975045229,289.7229135505097,4110636
2016-08-22,289.7924499511719,290.75430736162355,287.6369002196543,288.575613749598,5501292
2016-08-23,290.0589599609375,290.6500059793923,288.80737969897655,289.95467103685786,5314524
2016-08-24,292.4579162597656,293.0141616326612,289.0391857970129,290.198077479302,5570936
2016-08-25,291.70458984375,293.61676081259765,290.7195320719194,292.96777025738595,8729888
2016-08-26,291.3685607910156,292.4811081984925,290.62688138153493,292.0407236708139,2521136
2016-08-29,286.9647216796875,290.9976699566133,286.5243372293865,290.9976699566133,2944184
2016-08-30,294.0455627441406,294.474346964975,288.32062143128724,288.58717215015764,9867608
2016-08-31,299.27215576171875,300.15292469588775,293.31546424914745,294.12668836994715,11161364
2016-09-01,297.5338134765625,298.99402818733614,295.6100704261918,298.5304715544876,5224676
2016-09-02,297.85833740234375,298.7622785819174,296.94282428178775,297.95105439647386,3955188
2016-09-06,301.4045715332031,302.2157957569504,299.0056712730588,299.0056712730588,5508884
2016-09-07,298.2408142089844,302.470769413425,297.3948175094447,301.5436559439586,4016444
2016-09-08,298.8550109863281,300.21090867897755,297.5106852352578,298.9940723380668,2905380
2016-09-09,299.08673095703125,300.0370163505537,296.28221912024543,298.99401397621807,4013768
2016-09-12,296.6531066894531,297.6961092323382,294.70616295075,295.44784233061085,3985728
2016-09-14,294.2310485839844,295.9809866429908,293.2923631355825,295.5174298902218,3849508
2016-09-15,296.5835266113281,297.5801846844593,294.32368803706095,294.82201707362657,3501812
2016-09-16,300.8135070800781,302.3548386698554,297.55703844214656,297.55703844214656,6525816
2016-09-19,299.02880859375,301.89126521952267,298.530479541455,300.6164844450832,5894832
2016-09-20,298.6347961425781,300.1529556137566,297.6149940631276,299.60828216376484,3778248
2016-09-21,299.6893615722656,300.8482531483378,298.5072978233223,299.45758325705117,4256400
2016-09-22,302.91107177734375,305.2404267613699,301.439285202576,302.47068734019075,6555800
2016-09-23,304.25543212890625,305.58815765630453,301.65952589718944,302.71412871878084,4876808
2016-09-26,300.41949462890625,303.3746684007465,299.8516207320905,302.72567774531535,5576772
2016-09-27,300.85986328125,302.7372620376128,300.11815567220697,301.0800413706482,4056812
2016-09-28,300.2108459472656,301.31179288279895,298.76223155840603,301.28862071122717,4989652
2016-09-29,296.0968017578125,302.70248383225294,293.88330749977825,300.83665705182085,16450012
2016-09-30,295.0190124511719,296.90801131215926,293.7558319951299,296.0040702560717,4138428
2016-10-03,298.34503173828125,298.97085015631546,295.8418429458972,296.90801752190805,3900548
2016-10-04,298.8897705078125,300.1529511470756,297.2093775380702,298.66956410823843,2775512
2016-10-05,298.0901184082031,301.32344323792506,295.84187982001663,300.8482863220407,3647020
2016-10-06,297.1282043457031,300.29198405466747,296.456069856062,298.32186834568074,2895712
2016-10-07,296.8153381347656,298.47255893329077,295.80710800901755,297.60339015363644,3337464
2016-10-10,297.68450927734375,298.507333712583,296.38655621474146,297.8351708589973,4719312
2016-10-13,292.6780700683594,296.444467723169,291.2178553525787,296.444467723169,4519356
2016-10-14,292.4579162597656,293.89493062850244,290.65003391809313,293.3734293714724,4067116
2016-10-17,286.8720397949219,293.5240951217841,285.7247483304465,293.31548895735557,5135360
2016-10-18,291.5423278808594,292.0406568826026,287.17331260122586,288.14677014020145,2610968
2016-10-19,291.6582946777344,292.7360697141934,289.2593943019108,292.2956851699862,3044904
2016-10-20,290.9976806640625,293.76742026984857,289.95467822440634,292.09862768369953,3200356
2016-10-21,294.52069091796875,295.0421921220526,289.7228911576977,291.11356103525463,3956408
2016-10-24,292.8635559082031,295.946191097228,292.28411001253045,294.76412712870695,3255664
2016-10-25,289.7924499511719,293.89491497060567,288.3438354254887,293.89491497060567,5501796
2016-10-26,287.242919921875,293.1996121881583,286.2578619362626,288.1816052616229,5366540
2016-10-27,290.2095947265625,291.34531401981616,283.73140276076424,287.17330474984266,11623860
2016-10-28,291.8205261230469,292.481088723954,287.42830966687615,290.76592337381953,5320536
2016-11-01,291.9943542480469,292.93303951758577,289.039180512242,291.1135852683095,3402416
2016-11-02,288.8305358886719,291.0440016906354,287.7527611287343,289.9778271630653,6474432
2016-11-03,290.8701477050781,292.04063936268,285.49290280554055,288.5639650845529,6315812
2016-11-04,288.2627258300781,290.3719314734801,287.8107693597811,290.3719314734801,5734920
2016-11-07,289.5954284667969,290.8470371306372,287.4051345250166,290.186474536549,5671392
2016-11-08,290.7196044921875,291.5771730957548,287.42833484694927,289.9778967738597,5348164
2016-11-09,290.01263427734375,291.438076659915,277.05622002240665,278.1339949113387,13645468
2016-11-10,296.3401794433594,297.37158163993064,290.67318259905585,292.90984902374305,10700736
2016-11-11,295.7027893066406,297.13980356038076,293.3386334880095,295.2855770171023,7139320
2016-11-15,290.8238220214844,298.762228799118,289.873536649819,296.0967783482337,12512524
2016-11-16,288.4133605957031,293.8949237839198,287.4167307480977,293.8949237839198,8647744
2016-11-17,285.1336669921875,289.46793838562087,283.9632034971066,287.0110939466605,4815624
2016-11-18,280.7762451171875,286.4779857774082,280.2663158688181,286.4779857774082,6879900
2016-11-21,277.8326721191406,282.6536726876957,275.4337720686337,282.6536726876957,5552520
2016-11-22,277.68206787109375,279.710128465264,275.66557921865086,279.710128465264,10017784
2016-11-23,274.599365234375,278.82931958383887,273.7533687058318,278.82931958383887,3532692
2016-11-24,270.1376037597656,274.9586036297921,269.07142925771626,274.4255022321429,15285996
2016-11-25,275.65399169921875,276.557904592648,268.39931832360196,270.9488800693357,5969960
2016-11-28,274.5298156738281,277.879029323359,273.0580290226353,273.55635806178367,4130180
2016-11-29,273.208740234375,276.49998160960945,272.6872389274589,274.5878101509171,3932644
2016-11-30,278.0412902832031,278.5975639564092,273.7533910043399,274.65733218664303,6442840
2016-12-01,277.4966125488281,279.9650574838581,276.51155462163456,278.66710446197146,4476984
2016-12-02,275.60760498046875,278.5859508454181,272.7335480461264,275.58443280625085,4062672
2016-12-05,277.2879638671875,277.89058178923483,272.68717026551406,275.2599037398409,4551936
2016-12-06,276.84759521484375,278.79453870669755,275.8625373825681,276.97508460455634,2702964
2016-12-07,273.8692932128906,279.5015184457129,270.48533495522105,278.5628048091573,5628192
2016-12-08,278.0180969238281,279.42036708763936,275.12086790211254,275.12086790211254,4309696
2016-12-09,277.74005126953125,278.66716481355934,275.3527225763548,277.9254570023809,4387952
2016-12-12,274.5298156738281,276.3145256869116,273.7533639721675,276.2797532807847,3425272
2016-12-13,274.9469909667969,275.8972762779799,273.16230948709335,273.5563212548468,2526868
2016-12-14,272.50177001953125,275.35265478281616,271.968696838917,275.1208764538744,4314144
2016-12-15,272.71038818359375,276.8592261130046,269.69726977466195,269.83633111950024,4941488
2016-12-16,274.03155517578125,274.65734540497135,271.53993790733955,272.71040160167735,3255828
2016-12-19,272.7452087402344,273.3825992854102,271.2965938648348,272.75680897654127,3160436
2016-12-20,273.93878173828125,274.6572888183121,271.5746260737686,272.57128409310974,4189992
2016-12-21,273.4984130859375,274.6573046668101,272.33952150506485,274.4255263506356,2658876
2016-12-22,271.89910888671875,273.3824956152605,270.8097622308162,272.66398856818125,2805716
2016-12-23,274.9469909667969,275.6423258227719,271.018360347837,271.4123721155904,4752516
2016-12-26,272.33953857421875,274.91227238635435,271.20381909513094,273.1623629655102,4183864
2016-12-27,274.70361328125,275.09765334344365,272.08453562509976,273.33614402829215,4899296
2016-12-28,275.06292724609375,276.9634981941544,273.73020187709017,275.7930346286332,6507840
2016-12-29,279.3392333984375,279.9766238091314,273.83449803335384,274.6573224262782,8100816
2016-12-30,279.57098388671875,280.91530939087295,278.1223694612295,278.13396969393364,4066540
2017-01-02,277.4618225097656,280.4749406838442,276.29135896424793,280.32427911648983,3708656
2017-01-03,275.7930603027344,278.5859724035618,274.83117450560707,278.3194499395521,3847500
2017-01-04,274.7732238769531,276.2797830968605,274.3792120136638,275.78145400393254,6967120
2017-01-05,274.9354553222656,276.8592268596891,274.216948127618,275.5844459909338,6776384
2017-01-06,276.6622009277344,277.7631479620645,275.39899209134103,275.8393765637236,5525260
2017-01-09,277.0214538574219,279.0958869255041,276.3145469137097,277.86745043632675,4573796
2017-01-10,281.46002197265625,282.0278958825214,277.0446615645134,277.25323943624505,5546116
2017-01-11,286.01446533203125,286.9647508466879,281.7265661354003,282.1901228053063,9343404
2017-01-12,286.24615478515625,288.26261435581847,284.04426128680893,286.24615478515625,2916316
2017-01-13,285.66680908203125,287.33560184212536,284.7628678814574,287.1733683185693,3850412
2017-01-16,289.1782531738281,289.59543721220416,285.7363504642665,285.8985839858703,3765864
2017-01-17,287.0574645996094,290.279189077747,286.5359633518507,289.0275804244755,3559612
2017-01-18,288.0077209472656,291.11355594481745,287.60210890673744,287.61370913948133,4612888
2017-01-19,286.54754638671875,288.5408342665275,286.24622325546494,288.5408342665275,3512412
2017-01-20,286.55914306640625,288.56403135252646,285.08735627599,286.4780263066046,13942068
2017-01-23,288.48291015625,289.7229185891608,286.4316775512895,286.47802190096223,4793848
2017-01-24,293.7906188964844,294.7061319371481,289.54906435114606,289.72289809000006,10261864
2017-01-25,299.13311767578125,300.29200936698857,294.3816617418313,294.9611075874349,15636984
2017-01-27,299.4344482421875,301.31184716974803,298.5305070420273,301.0800688257713,6852236
2017-01-30,297.82354736328125,299.6777739631059,296.80374536797973,299.6777739631059,5319628
2017-01-31,298.21759033203125,299.61983223555256,295.9809238160394,297.23253244149237,6101040
2017-02-01,302.6329040527344,303.6295620240057,296.792102421175,298.1132273661175,10910664
2017-02-02,301.0105285644531,302.6329769968642,299.5966863034317,302.6329769968642,5971636
2017-02-03,303.8729553222656,305.0202466042751,300.5005696979047,301.0800154551317,8005104
2017-02-06,304.57989501953125,305.94739281272354,303.9656767919763,304.1627110052838,4310220
2017-02-07,302.9690856933594,305.48387521382034,301.9955996158136,305.0203184987766,3411920
2017-02-08,302.62139892578125,305.64608932327155,300.8830613548369,303.0617834357381,4940960
2017-02-09,300.7671203613281,305.92418759990136,299.58505667540624,303.4905154199005,4465376
2017-02-10,302.14630126953125,303.33996562769244,300.8483479539597,300.9294647311967,3296736
2017-02-13,303.67596435546875,304.78851168500455,301.1264026607653,303.0617743999842,2795792
2017-02-14,303.88458251953125,304.5567453787899,302.23896192841863,304.5567453787899,2446060
2017-02-15,306.4573059082031,306.8745182321648,303.03857543696114,304.0931781877645,6126940
2017-02-16,307.7784729003906,308.96053681243984,306.0053628856892,306.6427533404786,5043700
2017-02-17,319.17034912109375,337.00567965340025,315.32280634739544,334.91967475870933,402259960
2017-02-20,326.5988464355469,328.07063320525333,315.0215299108889,315.496658522044,10566716
2017-02-21,328.0938415527344,329.5424561823635,323.8870590096406,325.8919473156982,6260028
2017-02-22,324.29266357421875,328.8471135226461,323.29600541487963,327.96634453098574,5296776
2017-02-23,323.1685791015625,329.438166772072,321.48818598929404,325.37047352453493,34494980
2017-02-27,323.0063171386719,324.1072643496989,319.5296417354286,322.3805268833908,4681376
2017-02-28,322.1950378417969,323.62048017228943,320.89708490494877,322.84402845684696,2928008
2017-03-01,322.5543212890625,323.6784405402724,321.3374850464299,323.6668403063745,3481736
2017-03-02,319.8772888183594,323.5625701687606,318.98494784724693,323.2265028852426,4601988
2017-03-03,319.1587829589844,320.8971205568002,317.30455618798084,320.8971205568002,2492824
2017-03-06,320.02789306640625,322.14867020545285,318.25478338316236,319.11238008342576,3679124
2017-03-07,321.2911071777344,321.59243032164323,318.97332389613695,320.3755940988046,3112876
2017-03-08,322.6817626953125,324.304210919769,320.0974570866725,321.68513290481167,3782144
2017-03-09,323.14532470703125,324.1883271543914,320.236523746456,320.236523746456,3509316
2017-03-10,324.5128479003906,326.34390244349004,322.90199975605725,323.33078402604303,5860704
2017-03-14,326.9696960449219,330.08713172366186,326.0310107349053,329.61197480481997,7155020
2017-03-15,328.337158203125,329.12521013957434,326.9349163612278,327.0276050534264,4271860
2017-03-16,328.5110168457031,329.78579768584416,327.6534483250915,328.68485059663146,4980108
2017-03-17,330.4811096191406,330.86354950313614,327.4679914800578,328.7891448708375,3390464
2017-03-20,332.8568420410156,333.72601074714595,330.50428641777245,330.66654821886806,8142344
2017-03-21,333.9809265136719,334.91963993598245,332.37007866311336,332.37007866311336,5557280
2017-03-22,331.651611328125,333.0654534537947,330.4695475277537,330.9099037112186,5636544
2017-03-23,331.651611328125,332.6018968031979,329.79738472573786,332.4628354666694,4922472
2017-03-24,330.13348388671875,332.47443953982975,329.5888104282767,332.138372252968,3810364
2017-03-27,326.77264404296875,330.05231278157623,325.4283468236009,330.05231278157623,5864084
2017-03-28,329.17156982421875,330.2145722993186,327.5259493554895,328.7312136360011,8061400
2017-03-29,331.1185302734375,332.5555729548213,329.1252422116516,329.3106762006219,8575772
2017-03-30,339.8333740234375,343.02032604119444,330.2957184376256,330.97945318958864,34321092
2017-03-31,334.3517761230469,337.00562616724363,332.9611064139661,336.95928182757336,9651392
2017-04-03,332.18475341796875,336.10181358682564,330.5159604469007,335.15152791459917,4149052
2017-04-05,331.9877014160156,335.2673706032081,330.87518235401785,332.6598642642616,5744080
2017-04-06,333.41314697265625,334.45614951793044,330.29573957130526,331.79069856889635,6124416
2017-04-07,333.4942321777344,334.91967451337945,331.11850438274325,331.6863782462778,4648360
2017-04-10,332.4048767089844,334.456109141744,332.0572092358641,334.456109141744,3393876
2017-04-11,333.6448974609375,334.03890929451086,331.7906708685877,332.37011667869706,4356260
2017-04-12,334.6183166503906,336.0669310091896,332.7177459289461,333.5289699698735,3565092
2017-04-13,333.8302917480469,335.8235794391884,333.07701228446297,334.45608183126313,4804236
2017-04-17,333.01910400390625,334.6415522561378,331.03738803566546,333.830328130022,7137056
2017-04-18,335.4527587890625,337.23744045561665,333.29720919256135,333.76076581174436,3638860
2017-04-19,335.8468322753906,337.64311450460684,333.29727040166443,335.38327557107675,4338144
2017-04-20,338.89471435546875,339.7986555637676,336.762336595731,336.77393683033625,5781372
2017-04-21,346.87945556640625,347.43572923717795,336.8434704903442,339.7870440705156,17258032
2017-04-24,355.32781982421875,356.70688972449955,346.9721987768524,347.2271493096871,20206952
2017-04-25,356.2548828125,358.213398325253,354.528117329578,355.7913261663334,9057780
2017-04-26,359.4070739746094,359.95174739282487,340.3548782248711,357.62236385318107,7795852
2017-04-27,363.5675048828125,364.8075133650495,358.35249214076043,358.35249214076043,16180420
2017-04-28,358.4451599121094,361.55099495506107,356.26643811820287,361.55099495506107,5437728
2017-05-02,357.0776672363281,359.4649952035172,354.70193950221574,358.5610541143266,4007040
2017-05-03,357.93524169921875,360.24142447782003,356.78792213284584,360.24142447782003,2507964
2017-05-04,355.7333679199219,357.6107666061252,352.90565551098183,356.76477010071994,5131028
2017-05-05,355.1307067871094,357.61075162085683,353.76323742535385,357.4253176599832,2757896
2017-05-08,355.7333679199219,356.93860383635456,354.28475345630034,356.47504720799566,3747252
2017-05-09,355.9535827636719,358.2365937354766,355.235075574159,355.7334046597621,3345836
2017-05-10,359.67364501953125,360.41532440196323,356.2549144504451,356.9386492469604,2342244
2017-05-11,358.4220275878906,361.5742073264447,357.170418903879,359.48820228417674,3875744
2017-05-12,359.63885498046875,360.85569122507263,356.0578627703968,358.3061295697122,6147604
2017-05-15,360.0444641113281,360.925204790919,357.46013006865064,359.2564121292971,2804780
2017-05-16,361.49310302734375,362.0377764818376,358.850824224075,360.4153280597039,3590376
2017-05-17,360.91363525390625,362.82580649249013,359.60408201974053,361.2960751602737,3472472
2017-05-18,360.90203857421875,361.9218689034909,358.8160335661295,359.0246397255891,3107280
2017-05-19,361.8639221191406,363.86881035670604,358.1554687939805,361.4583100367012,2854136
2017-05-22,365.28265380859375,366.2097671431333,362.29270764605286,362.7562643133227,2860052
2017-05-23,363.683349609375,367.03256324814083,362.73306417338574,366.2097389098719,3080172
2017-05-24,363.1387023925781,365.1551625677391,362.03775531336015,363.6718038745535,3467388
2017-05-25,374.8202819824219,377.6595661458985,363.21976679720336,363.21976679720336,20090804
2017-05-26,376.8715515136719,378.26222144545665,371.10026563811465,372.38664664231646,5443156
2017-05-29,378.2390441894531,381.9706694642827,374.9362031458451,375.4345321900223,5916340
2017-05-30,377.5785217285156,378.6099240396044,374.58857543924887,377.7986998374993,4434184
2017-05-31,379.2356872558594,380.8117911964935,376.2109970649734,376.63978131120024,5318912
2017-06-01,377.4741516113281,380.081657609908,375.60835318385034,379.884651704221,3359540
2017-06-02,378.78375244140625,381.5303201139046,376.91792548564445,378.7258078563609,3213544
2017-06-05,379.0850830078125,379.8731067452227,376.63981015381955,378.65627043549495,2899900
2017-06-06,379.8731689453125,380.99731673582716,377.79876373779837,378.9576556511045,5002632
2017-06-07,380.3019104003906,381.2521959327689,377.87980977901003,380.2091934060296,2554276
2017-06-08,381.2173767089844,384.6129346210388,380.49886960411555,381.0203708034438,4248768
2017-06-09,386.328125,387.0698043257182,380.13962672135574,380.13962672135574,5305272
2017-06-12,386.78009033203125,388.4604832338483,384.7520299332865,385.67914325842696,3971412
2017-06-13,388.6226806640625,392.14572794842627,384.9837725180674,385.1576062503904,5051620
2017-06-14,387.347900390625,389.3759606033131,386.37444280583503,388.228669286007,3858360
2017-06-15,385.7602844238281,388.36779081576964,383.26866720486174,386.60628104519793,3526692
2017-06-16,386.8959655761719,388.15914611892197,384.31163161668314,385.910907703655,3755104
2017-06-19,392.3775329589844,393.09604010949624,386.698963983346,387.3015819710897,3825532
2017-06-20,390.9057312011719,392.6324683426391,389.352799503913,391.70535507618655,3660264
2017-06-21,393.72186279296875,394.31290888920825,389.29490206820526,389.9902371022494,3410932
2017-06-22,393.5595397949219,397.73154905069845,391.9834360921069,392.85260468706036,6675460
2017-06-23,389.0746765136719,394.6605282806946,388.27502434607896,394.48669454338113,5217468
2017-06-27,386.525146484375,392.86427829556715,383.88286780355935,391.4736082839014,6000432
2017-06-28,386.2469482421875,388.22866408361597,384.24208852196796,385.9108810144601,4449036
2017-06-29,388.0202331542969,392.4182799400579,385.2320607785395,388.9418295763282,9187708
2017-06-30,385.45379638671875,387.30866686262345,383.34225280439176,385.8621037162426,4330432
2017-07-03,386.98193359375,389.05847327027374,384.3337751690905,385.5820230452513,3504332
2017-07-04,385.75701904296875,388.87181437509594,385.44204485994527,387.3669218999541,3766080
2017-07-05,384.6837463378906,387.1919193617768,383.8088022597908,385.6986757722359,4014200
2017-07-06,386.8769226074219,388.00851118612826,385.2903460459103,385.57034522330986,4571676
2017-07-07,388.988525390625,389.5484953912668,386.8420069496318,387.5069588648438,5517396
2017-07-10,391.1233215332031,407.84059176012454,387.55356685197154,389.175118453025,1309252
2017-07-11,392.06829833984375,394.4948157258668,388.96515180561414,391.4033465057242,4410280
2017-07-12,392.2666320800781,393.1415762408515,386.97031481936517,391.974984026487,5738892
2017-07-13,392.8033142089844,395.07816924890636,391.893366496764,393.8415699885481,4481004
2017-07-14,391.9632873535156,393.3865525697522,390.1084172167866,392.8849122460995,2443252
2017-07-17,392.52325439453125,393.7598534640804,391.2750064922527,392.5699351692097,2399340
2017-07-18,392.8033142089844,393.80656652245153,391.3567226333048,391.90501533129077,2322188
2017-07-19,394.84478759765625,395.7547066830075,392.406592933212,393.14155167859474,3987244
2017-07-20,399.18450927734375,400.14110914815274,393.87651497231724,395.21809595051076,3698476
2017-07-21,397.35296630859375,400.1994397814669,396.64133369974854,399.9311178888898,3873508
2017-07-24,404.8307800292969,405.97404596994545,395.4747171948606,398.97449345322224,19678176
2017-07-25,405.8923645019531,410.4070698929277,404.3524687420956,410.4070698929277,11160468
2017-07-26,407.73565673828125,409.47386774732763,404.224202776208,406.4407279862363,3895344
2017-07-27,417.558349609375,419.6932190202099,408.66892278916185,409.70717844910786,17961712
2017-07-28,414.956787109375,416.8233343665439,410.8970411287823,413.4402174629252,9255396
2017-07-31,416.33343505859375,417.87333108493374,412.1687065505645,414.73520942154954,7369140
2017-08-01,419.3198547363281,422.1080269554155,413.4868942126131,415.7384226710176,8516860
2017-08-02,418.0249938964844,421.6064262985637,415.7851425410109,421.6064262985637,7397916
2017-08-03,415.29510498046875,418.1066032980485,414.00020485476455,417.17332962997256,4256784
2017-08-04,417.69830322265625,419.21487295925573,412.0753349724378,414.6068341442034,3545068
2017-08-07,417.30169677734375,419.1448896220629,416.4734049436376,416.7067233777797,1918660
2017-08-08,414.8168640136719,419.3315701732294,412.0636950036741,418.129974499851,4035372
2017-08-09,411.6787109375,414.61854607273096,410.25547414673633,413.206958115239,3270056
2017-08-10,410.74542236328125,412.04035105382854,408.9722079757217,410.64044046134666,7788444
2017-08-11,408.0855407714844,410.17372896615615,403.90913590089207,407.14058990099113,6359836
2017-08-14,409.9870910644531,414.1284927652333,407.84057312471805,409.0071651531068,3577084
2017-08-16,415.5984802246094,417.5933643221897,407.96897846435667,411.18875591713294,4426832
2017-08-17,411.9003601074219,415.5284445883388,409.18219471428085,414.43185936492733,5454868
2017-08-18,408.80889892578125,410.8737613658665,406.674029563149,410.64044293238226,3707464
2017-08-21,406.72064208984375,410.407084370952,405.55405003648684,409.2404923175951,4009724
2017-08-22,407.6072998046875,409.240528825084,405.2274631960397,408.6105804525755,6609556
2017-08-23,413.54522705078125,414.8284783760305,408.30723985203764,408.30723985203764,3360524
2017-08-24,411.2236633300781,414.1284658998251,410.44205241801257,414.11681706904733,7878276
2017-08-28,411.1654052734375,413.241945006819,410.25545769574745,411.200408734359,1507784
2017-08-29,407.4089660644531,410.4071020746605,405.5074152392041,410.4071020746605,4918596
2017-08-30,412.63525390625,412.9735541824309,408.3188636506709,408.7621458108393,2694320
2017-08-31,414.478515625,415.2718039871628,409.80049816918256,413.4402599988813,7303436
2017-09-01,412.4136657714844,415.6451204451294,410.8970959227967,415.54013854041443,2295172
2017-09-04,408.51727294921875,411.8070573427882,407.397333015501,411.8070573427882,3642524
2017-09-05,409.5555114746094,411.7837139338395,408.54058197292636,409.9404925907662,3682436
2017-09-06,410.6170654296875,411.29369449841727,405.5073866791944,406.8489675039386,5751632
2017-09-07,412.16864013671875,414.5484764774788,410.66371933428906,410.66371933428906,6946420
2017-09-08,417.0916442871094,417.63993683195156,413.2068872231208,413.76685708048626,8311664
2017-09-11,425.4211120605469,426.7393667574419,417.68660116582254,418.3399040984655,11477676
2017-09-12,428.1859436035156,429.28255724222385,424.2428851769692,426.436055491882,6687680
2017-09-13,429.7375183105469,431.4057506792454,425.57279028607013,428.1392928590672,4995376
2017-09-14,429.1659240722656,432.22238979643777,427.3227027865996,429.3409128940456,8154016
2017-09-15,431.39410400390625,432.0590843209572,427.77766830329546,428.37264169815563,3767332
2017-09-18,434.0773010253906,435.0105748299387,432.2224307313537,432.4674264975501,4084928
2017-09-19,431.569091796875,435.83883049021756,431.06747995363725,435.1155490480745,4241468
2017-09-20,431.3707580566406,434.3105644723983,430.5308174351745,431.1724430945414,3446128
2017-09-21,429.0959167480469,431.2891156752129,427.1360362497016,431.1724564608025,7712496
2017-09-22,425.5960998535156,429.0608724958511,424.6395000825469,428.09262389330087,8243524
2017-09-25,419.9148254394531,425.21114216890004,418.2465930439988,425.21114216890004,10149228
2017-09-26,418.1766052246094,419.17985731706574,416.4733694081984,417.41832037834797,11438732
2017-09-27,414.49017333984375,421.27973366903063,412.97360360907595,419.03988253214715,7337220
2017-09-28,418.8765869140625,419.73985370873305,411.4103971871701,413.90689298459836,27646464
2017-09-29,421.3031311035156,425.1062333874651,419.09828305281786,419.9965534260185,6213632
2017-10-03,422.03802490234375,424.87284944580273,419.29653342459073,421.8397099385015,4394424
2017-10-04,419.2732238769531,422.7496742230462,418.4216059007074,421.8164004915449,6625104
2017-10-05,419.6465148925781,421.13975851375284,418.36326355084645,418.8065742560589,3336196
2017-10-06,419.9964904785156,421.0114199294014,418.573253784529,419.5065274830452,3030660
2017-10-09,418.9232482910156,420.6731365461995,417.75665612089307,419.69321051579817,3062492
2017-10-10,420.60308837890625,423.46123891543465,418.25825543564804,419.73982165016963,3798180
2017-10-11,417.6750183105469,423.5313055599254,417.0800448857198,420.73148423133756,5267440
2017-10-12,424.35955810546875,424.9778291399021,417.1733393021696,418.8298944051615,5381560
2017-10-13,431.8257751464844,433.16735616095673,425.1061927597559,426.2027780225619,6433464
2017-10-16,433.307373046875,437.0637944643975,429.77259276840795,433.97232494529794,3274544
2017-10-17,431.93072509765625,432.5023438342514,429.0959005979289,431.6390770726072,2613288
2017-10-18,435.95550537109375,437.47207523189763,429.0726113874452,429.5392482676926,3926720
2017-10-19,431.2657775878906,435.1388577028288,429.4575598145947,434.3922501437754,570008
2017-10-23,434.7422180175781,436.2354331021629,428.38429115097944,433.94892970310985,4162892
2017-10-24,435.62884521484375,438.5453256585204,432.3390609706274,434.6722453255687,11328872
2017-10-25,418.8299255371094,434.67225329382785,416.4734149916708,433.9722979745141,21367208
2017-10-26,418.88824462890625,422.306365381978,410.13880335718017,412.50699115764485,28571464
2017-10-27,417.8849792480469,421.72305597213847,415.07348081573133,420.99977454611326,7472088
2017-10-30,423.4729309082031,423.7062493274363,418.19994032978394,419.5648473860475,5422352
2017-10-31,421.9563903808594,422.65634568699295,419.7981948536142,422.65634568699295,4682460
2017-11-01,424.91949462890625,425.80611601640027,422.7729765598451,423.4962579647732,4190612
2017-11-02,425.1294860839844,426.92605500123466,423.92789052841323,425.3394783575919,4737944
2017-11-03,427.1360168457031,429.30588952766453,425.0128249361374,425.96942475459537,3810488
2017-11-06,426.6460876464844,429.3059235210724,425.24617702630695,425.80614697062884,6148244
2017-11-07,425.5027770996094,430.4607933607583,424.8144991758563,428.8392417878478,7446376
2017-11-08,426.0278015136719,427.81269330687644,424.4062497200529,425.8528126806372,3283144
2017-11-09,426.4710693359375,428.13930173923734,424.8961699971147,426.2727543747066,3113308
2017-11-10,425.106201171875,428.09268862090835,422.85467251112965,425.036194246798,7744360
2017-11-13,423.1346435546875,425.37449475168876,418.80657535282967,425.10617286510063,3335872
2017-11-14,420.5215148925781,424.40627289432183,419.97322221538167,423.6829913745356,4712468
2017-11-15,420.031494140625,420.8247824809962,417.1733434375434,419.50652768495695,6148368
2017-11-16,421.76971435546875,423.70626871622164,418.8532339815961,420.9064475573039,4012972
2017-11-17,425.9344482421875,428.90925806379386,423.041294170414,426.6693784719356,6358772
2017-11-20,428.8742980957031,429.23592459056357,426.73942866392724,426.73942866392724,2392424
2017-11-21,430.7641296386719,431.63907370699684,428.3959419974884,428.710916165835,2275532
2017-11-22,432.864013671875,433.9722762051947,430.36751788405616,431.56908500360004,5660796
2017-11-23,429.9708557128906,433.9722724155535,428.8392670428964,433.7389539895236,3232580
2017-11-24,431.96575927734375,433.45900296804155,429.53924184011663,430.0058787133813,5203684
2017-11-27,433.4006652832031,434.4389209143691,430.61249292864693,431.4057812946662,3870472
2017-11-28,435.2204895019531,436.53874421199157,433.0039646115128,433.038968069191,5090540
2017-11-29,437.0754089355469,437.58869806863953,432.9923365728696,435.13885465103317,3274584
2017-11-30,432.50238037109375,437.22707877602056,429.3059291390279,436.0021569673358,5796312
2017-12-01,431.2190856933594,433.9722543987122,430.2624858826019,432.78233617161135,3858148
2017-12-04,427.9293212890625,432.78235596344297,426.99604758100884,432.78235596344297,3641932
2017-12-05,424.7445068359375,426.63440882533973,421.606385475453,426.0394354610831,3893360
2017-12-06,420.74310302734375,424.95448326793854,419.7398224649714,424.6278317954509,6395120
2017-12-07,422.22467041015625,423.8462219827382,420.69642341746993,421.52471517342997,4231304
2017-12-08,429.3992614746094,432.339068114159,423.23964897953823,423.23964897953823,8956400
2017-12-11,430.7991943359375,432.04744235460305,429.30595055081386,431.17249816190434,3198232
2017-12-12,424.6162414550781,431.6157947672188,423.69461651355977,431.42912861972627,2410588
2017-12-13,424.95452880859375,430.47251553047926,423.49628857983197,424.651231929764,2907460
2017-12-14,428.8509521484375,429.30591169496057,422.77299564742856,425.57281681065655,3683092
2017-12-15,437.1103515625,440.5051457252877,432.92229761296153,433.03895681468964,12450124
2017-12-18,438.39361572265625,443.07166124254644,422.14301122722367,432.80565118742686,12297988
2017-12-19,439.6885986328125,441.8234680475513,437.7403953619189,438.59201336117314,4952112
2017-12-20,435.87384033203125,444.0283082482149,434.82390737383145,443.0483822130634,9343504
2017-12-21,435.90887451171875,439.805281260891,435.1855645267621,438.6153628539961,6854544
2017-12-22,437.8570251464844,438.6386361689391,434.38057494017147,438.405317745445,4470904
2017-12-26,435.92047119140625,439.2919395023736,433.2023058592517,438.8719549472435,6785696
2017-12-27,433.2139892578125,436.37546533562056,431.9074117630877,436.32878456147665,3489384
2017-12-28,438.18365478515625,438.8486065627054,433.50560923487353,433.7156015017973,8700520
2017-12-29,436.86541748046875,438.4519656556206,435.8738141905291,437.8920242298332,6345872
2018-01-01,432.6889953613281,438.8136036806783,431.75572171266526,436.93537907024364,6580516
2018-01-02,436.853759765625,437.4720593056945,433.6339824978874,433.6339824978874,4776316
2018-01-03,432.25738525390625,438.2303312304897,431.9190564493103,437.4720463501494,4531288
2018-01-04,433.948974609375,435.25555218422113,432.33907166837935,432.33907166837935,2373776
2018-01-05,434.8122253417969,435.85050945572596,432.93402904792623,434.67223997847327,2870868
2018-01-08,434.1122741699219,436.4687846655706,433.4473223268743,435.1388809794755,4570308
2018-01-09,434.8355407714844,436.2704547930066,432.805681850187,434.4389108383009,5305528
2018-01-10,434.95220947265625,435.81550475967117,433.34233507711565,435.1855279046191,4615888
2018-01-11,436.9004211425781,437.7053583034603,433.0973194833679,434.9521895399674,4059096
2018-01-12,435.2088928222656,438.2070290476211,433.97229371112456,437.00543339835286,4336708
2018-01-15,442.780029296875,444.33160247821263,433.93725552772156,436.29376586145315,12576444
2018-01-16,443.3399963378906,445.6381770520921,439.86354622379923,444.109930026245,6445384
2018-01-17,441.0885009765625,443.89999950832237,440.2718864547862,442.60507080271833,2905496
2018-01-18,451.3078308105469,455.90419228809475,447.51640648880607,448.9046396941117,16649540
2018-01-19,455.4842224121094,457.28079139118796,447.7963916245769,451.5061603151383,11455988
2018-01-22,458.08575439453125,463.8370596482925,455.70591769427034,457.30414331521797,8849768
2018-01-23,455.27423095703125,458.8673117344211,453.407683651893,458.47068182457986,5047796
2018-01-24,456.755859375,459.4040180284814,455.11095294587983,455.5659410022083,4790568
2018-01-25,460.79217529296875,461.9704446377016,455.0875516494126,455.88083992736387,8723668
2018-01-29,466.55517578125,468.2583831275852,461.50382638368177,461.50382638368177,8235892
2018-01-30,465.5869140625,467.0801576690488,462.93875565220617,466.12355782901454,6397560
2018-01-31,467.96673583984375,469.7866308781601,463.60369285070976,464.16366274567264,6943348
2018-02-01,464.572021484375,470.13666062982185,463.2071142949265,468.0367946518226,6521420
2018-02-02,454.5042724609375,464.2803197465684,452.9877027633009,463.37037223173604,7346124
2018-02-05,446.53643798828125,451.52945771115276,444.66989068860977,447.5047150962361,7926784
2018-02-06,442.5583801269531,446.1048086357407,428.44261604616736,433.97225107870173,10749804
2018-02-07,436.95880126953125,444.93828080707715,434.532283711511,444.93828080707715,8364972
2018-02-08,438.8603210449219,442.9783973265265,435.48888088170986,439.571953700049,5171444
2018-02-09,431.5224609375,435.0688898836029,430.26253564727085,431.1491571244242,6408952
2018-02-12,437.8570251464844,440.0385467099038,432.8406790413609,433.9722676990568,4381108
2018-02-14,439.37359619140625,442.81504294806587,437.3903895858736,440.92516940845593,3577188
2018-02-15,439.08197021484375,442.0801064198968,437.4720673108888,440.9018369261044,4915224
2018-02-16,438.31201171875,442.1034363344179,437.62373371948445,439.5486108320543,3583520
2018-02-19,438.2186279296875,440.41182668824666,433.75060314626137,439.245234633827,3654552
2018-02-20,434.7189025878906,440.0035709084739,433.69232424498875,439.7469263227484,4084068
2018-02-21,433.36566162109375,435.9671678361138,432.152388685023,435.8271539918047,2753072
2018-02-22,432.38568115234375,433.972257788372,429.66754436571404,431.6390736067141,13253596
2018-02-23,438.7669982910156,439.770250481816,431.7324417160376,433.24901155722256,4076748
2018-02-26,445.99981689453125,446.75810172510415,439.4669014311341,440.52848310518544,4788884
2018-02-27,443.8999938964844,448.3796963953793,443.3050205027817,446.74646737247434,4787328
2018-02-28,439.61859130859375,442.24342374696937,438.17202837950197,440.86686774206953,4066364
2018-03-01,437.3204040527344,441.7418054959263,435.8388376829858,438.4753473976598,3909840
2018-03-05,436.29376220703125,438.1719868552214,433.56394812231906,437.27371664657693,3781464
2018-03-06,430.7641296386719,438.6153001080252,429.18923031568687,436.30544207139684,4576828
2018-03-07,427.5793762207031,432.4324112647783,426.62277629332687,429.30593840837923,5628164
2018-03-08,432.3040771484375,433.6223320651179,427.4393932436352,429.25928851566823,5518724
2018-03-09,431.8841247558594,435.19723532643724,430.2392183042221,432.7940439184612,4108108
2018-03-12,435.6638488769531,436.17713804277474,432.43239424012285,434.0189425134606,6557116
2018-03-13,434.0306091308594,439.74691066221595,432.8056873741401,435.7104904332872,5124200
2018-03-14,435.0222473144531,435.8155357357615,431.17249291344024,433.0390405018101,3680392
2018-03-15,438.8252868652344,440.3885088551599,435.1854968017479,435.1854968017479,5870924
2018-03-16,432.33905029296875,438.8952924721807,430.83415781370024,438.6386478957265,7896336
2018-03-19,430.9974365234375,433.97224627613684,430.0408367305845,432.3390173923019,7838740
2018-03-20,429.1892395019531,433.0156673389115,428.1976362032941,430.49581697570034,3657372
2018-03-21,433.7156677246094,434.7189199600379,430.0759056401072,431.17249095078057,5921140
2018-03-22,435.7804870605469,438.6386377587087,432.8290032963986,433.71562470139077,6673224
2018-03-23,429.66754150390625,432.362352127021,428.6642609199748,430.8574597323759,7190152
2018-03-26,441.7767333984375,443.3049803811995,427.7893060678575,429.2825495927603,10501768
2018-03-27,441.5784912109375,443.0717349819039,437.7054106508961,441.8584904387002,6136836
2018-03-28,440.0618591308594,443.2349838951618,437.7170261366285,439.32690042352505,8837508
2018-04-02,450.58453369140625,451.64614392407515,441.08848512900124,441.08848512900124,4596368
2018-04-03,447.0147399902344,449.3012432815043,445.87147410397404,448.8929360707864,4079884
2018-04-04,439.3969421386719,449.1263094729365,438.27700225963594,446.3264882566009,3714108
2018-04-05,445.3815612792969,446.57147958821844,441.01848950491245,443.60834688940844,4858892
2018-04-06,448.7646484375,449.4762525197797,444.6582499992771,446.15146508135666,3720008
2018-04-09,452.41607666015625,453.1043545807418,447.1314089498721,447.6913788330399,4003536
2018-04-10,448.169677734375,453.33768639180846,446.45479305750155,453.33768639180846,6067236
2018-04-11,447.7030334472656,447.9713553198794,444.56491216838486,447.0147555177905,2870812
2018-04-12,450.02459716796875,450.9811970304485,444.68159944856467,447.0381098847965,4712516
2018-04-13,449.13800048828125,452.63777711546265,447.7614159853389,449.83795581371754,3297172
2018-04-16,453.1277160644531,454.97093735305725,447.93638101004007,447.97138447070256,2847744
2018-04-17,454.6209411621094,455.2042372118426,451.26115021939523,453.45434906264285,2667832
2018-04-18,450.91119384765625,455.78755474957177,450.31624893763126,455.2042586723391,2712720
2018-04-19,452.4044494628906,453.75770779035105,451.0045388405197,452.63776789995245,3169032
2018-04-20,456.3475036621094,457.5374219086095,450.806191183614,452.87105350566594,9361380
2018-04-23,451.6461486816406,461.73717073019077,434.0422846160355,461.73717073019077,15304620
2018-04-24,451.47113037109375,454.51594706144596,449.3712646484375,451.47113037109375,5037416
2018-04-25,448.1463623046875,452.17110511335903,446.10482609739034,449.8145947303295,4020592
2018-04-26,450.3628845214844,452.45107300799754,445.929834498996,447.22476313490813,7847480
2018-04-27,448.7646484375,451.58779558370003,446.2214719988769,451.00449954187144,5777008
2018-04-30,453.64105224609375,456.09089585508553,450.024616442344,450.304587176584,4609552
2018-05-02,459.5205993652344,461.503805810832,454.03761683917037,454.9708904606281,7100048
2018-05-03,459.1473693847656,460.78059848472986,454.0376897900551,459.18237284744447,4152772
2018-05-04,463.95367431640625,464.30365194349935,458.7740168279294,459.63728358225814,6881436
2018-05-07,461.3638610839844,463.67371919671046,460.8038911655579,462.3554643940875,5264128
2018-05-08,458.94903564453125,461.9471718163766,456.0442040610086,461.7955091384711,7100564
2018-05-09,461.59716796875,462.0871309546529,456.4058331221249,456.4058331221249,4327332
2018-05-10,464.93359375,466.40351115564755,462.4370981042989,463.97699394563097,7171672
2018-05-11,469.3783264160156,470.60324810791775,463.3703771652576,464.93359917004136,6057068
2018-05-14,471.7115478515625,473.02980271084607,469.53002617182125,470.6499375755565,4742916
2018-05-15,475.456298828125,481.8025486085794,472.86644152033546,472.94812575425465,9826684
2018-05-16,472.0848083496094,478.06943137863766,470.6382455720039,473.76471802299983,6841604
2018-05-17,473.1114501953125,477.00785661480046,469.5533441095137,472.2015026148247,6615476
2018-05-18,469.4716491699219,472.3997781565603,467.4534392065706,472.3997781565603,5217460
2018-05-21,465.0152587890625,471.536496820678,463.3820299529691,470.3932309391625,4848108
2018-05-22,464.28033447265625,469.89162544314,463.2537277177514,466.33351950121323,3960372
2018-05-23,459.0539855957031,465.23692364819925,458.0973857819447,463.79036085483307,5726292
2018-05-24,463.37042236328125,464.3620257344011,456.4525249132179,458.9606981460504,4520744
2018-05-25,468.6667175292969,470.36995345564065,464.2803481473317,464.30367429401036,4759588
2018-05-28,476.4828796386719,478.7694116129504,468.0367639842001,468.4567485447829,5103940
2018-05-29,474.2430419921875,478.93273680687713,473.3564490340955,475.502967228691,3351244
2018-05-30,477.9178466796875,479.00275463460133,470.4399793271082,471.23323923365706,4866996
2018-05-31,502.3613586425781,507.186687902472,488.401995757936,493.09816879407,39639192
2018-06-01,495.5871887207031,502.0209231779506,493.33300261780835,496.85513257462276,21151356
2018-06-04,480.4654846191406,506.482296478383,478.5283131096614,504.8386358036733,88796324
2018-06-05,484.5511779785156,485.33775260065056,475.0179233679337,481.357757243828,17105460
2018-06-06,483.0836486816406,484.83296183874955,480.18373862542194,483.75281900715044,9782000
2018-06-07,484.222412109375,488.3550674979211,482.10913414789127,486.8053073956329,10563896
2018-06-08,481.2051696777344,483.99936991371237,477.8356423405238,483.47105040743907,6180888
2018-06-11,479.54974365234375,484.39851961015336,478.7279133322856,481.8038724201316,7091188
2018-06-12,479.91363525390625,481.9916859944641,478.6339396255121,481.80382761636764,5234256
2018-06-13,477.0020446777344,482.48484986278504,475.2762067456696,481.8273741443,7897960
2018-06-14,478.3991394042969,480.1836793749646,475.4875064715419,476.66154969739756,16927576
2018-06-15,476.567626953125,478.75135884802125,474.85354101808844,475.7223215517076,10880816
2018-06-18,474.1139221191406,478.7279181234205,471.7540835683752,476.68506553807373,7487404
2018-06-19,475.1352844238281,479.1739815783252,474.1490995982215,475.4757454875541,10981152
2018-06-20,482.8017883300781,483.23620726811595,475.48752172883127,475.7223303815369,9051712
2018-06-21,483.142333984375,486.2417969096168,480.6650910933606,483.70585185211553,13510704
2018-06-22,489.1886901855469,490.46838603615976,481.322599344813,482.98970658988196,7848980
2018-06-25,491.91241455078125,492.5816421946241,486.77012757904987,489.1182142924132,6992336
2018-06-26,491.6188659667969,493.8025979078324,488.3668005142726,489.82260269951917,9161932
2018-06-27,496.0567932128906,497.6769500205704,490.75009461806656,491.45452059120254,19126804
2018-06-28,500.342041015625,502.4905172593556,495.7280165898513,496.6203009362323,37533540
2018-06-29,495.0823669433594,502.49059251794563,494.2957922340534,498.19358206058496,19458120
2018-07-02,486.81707763671875,495.0705795000736,484.46899092437474,495.0588849275805,9864876
2018-07-03,486.1008605957031,489.57604011550626,485.0207751907673,486.8170384505867,6863100
2018-07-04,493.9317321777344,494.98837107065634,485.8190821012562,487.521444762075,6097992
2018-07-05,498.67486572265625,499.90761112350094,491.348847377188,494.2722035767823,9735968
2018-07-06,496.655517578125,501.4456486698457,495.7632905252457,496.22115595003027,8121344
2018-07-09,499.1210021972656,500.14244279265694,494.91795013907165,498.22877515569695,6182296
2018-07-10,503.9932861328125,504.74471970772674,498.96840372698927,500.1189432332853,10950736
2018-07-11,504.4276428222656,506.1769556623773,501.2694781925887,503.6762666664294,5857920
2018-07-12,508.5838317871094,511.84770672457074,505.30826227711367,505.51956715143496,8020668
2018-07-13,512.0941772460938,514.418817346762,507.9146290115367,509.15906903287544,7161188
2018-07-16,509.2647705078125,514.2427024912118,508.0672234457614,511.7419559384183,9017336
2018-07-17,511.11968994140625,512.1176266278659,507.9497734079463,507.9497734079463,6361924
2018-07-18,510.99053955078125,521.2751692195678,510.3917660668177,513.5264842717094,17460272
2018-07-19,513.3152465820312,515.0528077762041,509.76961280243404,512.5873167884447,5304776
2018-07-20,514.0079345703125,517.248305707058,509.79313037593937,513.3152604536332,10006964
2018-07-23,506.3531494140625,511.41328776237805,502.03269277856026,504.8386449444962,16880132
2018-07-24,507.1279296875,509.29990947664663,504.1341197078655,504.1341197078655,5208792
2018-07-25,509.6169738769531,511.13147819651647,507.1866814312297,508.2785187176676,7038616
2018-07-26,514.8414916992188,517.3891312686384,508.3607497419521,508.3607497419521,21281092
2018-07-27,517.0838623046875,519.3849986139951,512.9864626956155,517.036912038443,10554596
2018-07-30,509.51129150390625,516.3442464820189,507.04580055890347,516.3442464820189,7169120
2018-07-31,511.7654724121094,513.2682248995334,504.8503688681827,507.1867035605214,8860944
2018-08-01,506.88140869140625,510.70880105654413,505.23774818225877,507.84414706301,6071560
2018-08-02,500.1894226074219,505.70742641021417,498.11140025195914,505.66047614098954,8905704
2018-08-03,498.1817932128906,504.1459678439066,496.3855298127402,500.9760507897571,13604008
2018-08-06,496.45599365234375,501.8800396559748,494.53057398015,498.0292003115873,5744632
2018-08-07,500.3537292480469,501.1990633183993,494.9766340947228,498.9683811438737,7428456
2018-08-08,501.633544921875,505.2613275515667,500.85866481496566,501.5161405822323,9945380
2018-08-09,497.442138671875,502.9601420982564,491.8419292852061,502.9601420982564,8944408
2018-08-10,496.4911804199219,498.6866644132036,492.62858926677217,498.6162103469927,5442940
2018-08-13,491.1374816894531,494.02563950177796,488.40198389289253,489.341218477302,10054252
2018-08-14,490.53875732421875,494.2721918044669,490.0925865082655,492.6285313091551,4935964
2018-08-16,487.3923645019531,489.97525997607727,485.2086323176534,489.10647932732127,10625160
2018-08-17,487.77978515625,491.46626959535394,486.4413299541072,489.08292733781207,6065328
2018-08-20,492.2059020996094,494.8827552219809,487.22796996809353,487.22796996809353,7811136
2018-08-21,492.1706848144531,495.91587133583783,491.3723010045723,492.6285502190283,7776320
2018-08-23,488.3785400390625,494.7418780599746,487.6624194416207,494.27226071013126,12574552
2018-08-24,486.01873779296875,491.59544358226884,485.12645340141387,486.2887448269696,9714628
2018-08-27,488.5076599121094,490.39788106979233,486.1126230714568,487.69758150919733,12574788
2018-08-28,491.888916015625,492.6872424831356,488.12022577430554,490.28045385668395,9973532
2018-08-29,488.04986572265625,491.70115234404045,486.6997157453143,491.2549814339839,9873692
2018-08-30,485.13818359375,490.2569663965723,484.1402468129462,489.2473350441185,21827460
2018-08-31,483.98760986328125,488.1085134080727,483.2949357653232,485.86607918728106,15771500
2018-09-03,487.2397155761719,488.15544640869643,484.52766412031195,485.913012267225,7661608
2018-09-04,481.7804260253906,487.9206496299713,481.122950303974,487.67408906864836,7130536
2018-09-05,480.38330078125,483.752799385921,477.9647887335589,482.2500468628833,5641508
2018-09-06,481.8742980957031,483.47100837444475,477.27205430714184,481.1229218840395,10402412
2018-09-07,482.9896545410156,483.70583240863465,479.18576577083553,481.59255450005327,5919300
2018-09-10,479.2796936035156,482.5317877542872,475.5110032119931,482.5317877542872,8598592
2018-09-11,469.7112731933594,480.88816024773365,468.2437189933846,480.4889969706077,18186536
2018-09-12,472.39984130859375,474.63052378834703,467.16362489612703,470.0635063871725,12246008
2018-09-14,476.567626953125,478.39914587550027,474.0669091155928,474.2782426317384,10334672
2018-09-17,467.7857666015625,475.0061323658206,466.7995817673198,474.61872103583096,9338220
2018-09-18,467.08135986328125,471.9301642677093,465.1441884810871,468.4197863797874,9325736
2018-09-19,460.5419616699219,469.14770483101194,459.40314539633374,468.4080518159874,16712264
2018-09-21,462.6317443847656,469.58207471800694,448.53147343450763,463.4888016930893,22610148
2018-09-24,452.1710205078125,463.08962308700353,449.65857933657696,461.9273316970658,13390792
2018-09-25,458.4404296875,460.69458707203876,449.65858014421724,452.17102131996546,16682552
2018-09-26,462.1503601074219,464.45149627617934,459.1213515405001,460.9176147305513,14726724
2018-09-27,464.0171203613281,466.3299798358366,459.08613870143256,462.4321619706474,18352208
2018-09-28,471.03790283203125,473.2450812069738,464.25192712831097,465.07375740162604,14460716
2018-10-01,477.9412536621094,479.47926177999983,469.10073094816704,471.9184347392346,12449588
2018-10-03,476.9316101074219,481.87431514672244,471.2609752998059,476.7672268493777,15332148
2018-10-04,459.69659423828125,473.79686389994976,456.23316695440195,471.4957278664123,17970584
2018-10-05,461.4694519042969,467.2692141014966,455.564008616562,458.804350792834,15729180
2018-10-08,456.702880859375,462.3382891578969,453.18075067279887,461.39905444147655,20128020
2018-10-09,455.6696472167969,461.3989838429504,453.1806813317528,456.56193152613554,12459364
2018-10-10,461.9038391113281,465.4494439747444,454.47213964591634,456.7028218089937,15939932
2018-10-11,454.95355224609375,457.47774546092376,450.2691020588108,452.00669195793205,14359904
2018-10-12,465.35552978515625,468.9363617939593,455.9984105636386,456.70283653258343,9600320
2018-10-15,471.507568359375,472.1532922115992,462.6435409333883,467.26926033678166,12585968
2018-10-16,467.91497802734375,473.89084722487723,466.68223250751254,470.3217668993951,9406004
2018-10-17,463.6531982421875,472.6698569843588,461.0468277142516,471.0496714140739,7940796
2018-10-19,462.04473876953125,465.1207264699463,459.7553543441709,459.9666878699143,9867348
2018-10-22,469.3590393066406,474.3134963327304,466.94049862740013,472.90464436342523,20331160
2018-10-23,466.0599670410156,469.35904020740315,463.27749012893133,463.27749012893133,19428564
2018-10-24,467.7975769042969,471.6836718920969,463.18358076575566,470.5565788009592,18072336
2018-10-25,462.2912902832031,470.4626142590461,460.80023239711693,463.4183546265095,29847056
2018-10-26,460.5067443847656,464.2636830415066,457.64209012426744,462.29131317725137,15155712
2018-10-29,452.3119201660156,461.38725168249755,445.00934812029163,461.18767005989235,17044280
2018-10-30,449.13031005859375,453.6503772229529,445.97214472590673,452.00671643591323,13828704
2018-10-31,448.8955078125,450.3395869716002,442.6143754290898,446.61787501163417,23449404
2018-11-01,449.0010681152344,453.1806733554884,445.1971796279824,453.1806733554884,19629052
2018-11-02,457.7476806640625,460.224923221156,448.9541087749236,452.24142965507474,30092868
2018-11-05,459.2857666015625,460.14282399477673,455.05921046719226,457.8534394219929,5705296
2018-11-06,457.06683349609375,463.9819374446653,456.22149934349414,459.05095531595174,8485588
2018-11-07,459.7436218261719,461.38728250853865,457.876904373608,460.459799731613,958760
2018-11-09,456.7967834472656,460.20150909590456,454.66003032454637,459.8023171667845,10101620
2018-11-12,451.0791931152344,460.6945963911593,450.16343359772566,458.22910543187936,7907764
2018-11-13,452.65240478515625,454.9887395409306,448.0618839107078,450.59782896263255,13350420
2018-11-14,459.69659423828125,460.2249136544662,454.7303859935099,455.1882800187679,26110636
2018-11-15,463.7823181152344,464.287162453352,453.46246058661814,460.6711034535279,10392524
2018-11-16,470.62701416015625,472.66983806057607,464.92115219073054,465.1559608534531,15813216
2018-11-19,472.88116455078125,474.5483002986628,470.06346064005197,472.2002137063884,12286428
2018-11-20,472.5406494140625,474.21953696998906,469.3942364799602,472.6698056349664,5705168
2018-11-21,474.01995849609375,475.2409520013192,470.556530935565,472.6111066070651,6545604
2018-11-22,470.90875244140625,477.8356076879889,469.65253188355746,472.7285194977119,12974552
2018-11-26,481.31085205078125,481.82741969044474,472.4468242275287,472.88121456040517,18184436
2018-11-27,484.64508056640625,485.5608114218267,479.1857791501422,479.2562332143285,12895440
2018-11-28,490.5740051269531,492.76948908318366,483.7293554479616,484.87989498009244,13021108
2018-11-29,500.3890075683594,501.8800081671653,491.68933522905434,493.3329958530292,31908636
2018-11-30,499.7784729003906,501.91525460267167,495.4462646581016,500.142437782823,13040924
2018-12-03,496.22113037109375,502.9601271453569,494.7183206187454,500.3772320012865,10799856
2018-12-04,489.7052307128906,495.68109986897144,488.07332192989173,494.366148393072,8157420
2018-12-05,492.91033935546875,494.3426951461428,487.4510378803439,487.9324071100841,11798844
2018-12-06,492.405517578125,493.48560303074004,489.5760617273358,490.67965097675415,11730252
2018-12-07,494.88275146484375,497.3247385821171,488.4724636240853,494.6713892764455,9903920
2018-12-10,490.4566345214844,494.2253253328058,485.0912332073148,485.0912332073148,10915056
2018-12-11,483.60015869140625,486.35916028394206,477.131169024067,482.76657653222526,18905780
2018-12-12,489.6465148925781,490.7031538727838,483.729348068693,485.3377530094282,11370488
2018-12-13,493.4034423828125,498.9683960880337,491.0553558129864,491.9241363785556,7064236
2018-12-14,492.0885314941406,497.32477644129705,490.2922680508436,494.2487598509978,6158284
2018-12-17,500.1894226074219,500.7529978171257,492.8634034919606,494.0374468542568,8437324
2018-12-18,501.4220886230469,502.2556707433562,493.70865935174663,498.73354121500165,7413968
2018-12-19,498.60443115234375,507.0457909047198,496.27984837899174,500.87036908778845,9009896
2018-12-20,501.8917541503906,502.5961801237921,493.7204013936671,496.04504150169146,7980476
2018-12-21,495.71624755859375,504.6272814901696,495.2231838002918,501.08164802301764,10220308
2018-12-24,488.55462646484375,494.0374317294471,487.77980373051804,494.0374317294471,5601488
2018-12-26,498.34619140625,499.4380287642702,485.81912624037375,487.69759555401464,7601916
2018-12-27,494.28399658203125,502.0678809727584,492.7342364472643,500.84688736802366,11639868
2018-12-28,498.475341796875,501.96227375101176,496.73778043282203,497.17219943700525,9415612
2018-12-31,498.1934814453125,501.7860651128367,497.0194382419601,501.7860651128367,5866528
2019-01-01,504.3924865722656,505.07340873021195,494.4131188962852,499.59060379417036,6373440
2019-01-02,499.79022216796875,504.2515866129729,497.72389453870045,503.14799739973824,8134232
2019-01-03,495.86895751953125,499.7315486504346,493.8026297718144,498.78056207790377,12771664
2019-01-04,497.1955871582031,499.7902343243313,495.5284800629517,496.67901956990454,7287120
2019-01-07,497.9469299316406,501.39866287311526,497.32470995311866,499.6023423436343,5387012
2019-01-08,493.8026428222656,498.6162206529154,492.3115848076029,498.26400764091665,8343460
2019-01-09,497.0429382324219,498.1113290045613,493.70866702568554,497.32469713380436,8568628
2019-01-10,495.09405517578125,498.68663910687155,491.3723150175811,497.0899287679056,7691540
2019-01-11,495.89239501953125,498.73360278703433,494.9766641596367,496.33856587733516,6408040
2019-01-14,493.4856262207031,495.4227977790015,492.73424993002436,495.4227977790015,4855160
2019-01-15,498.240478515625,499.3206212947151,493.5678090578374,494.2839869444297,5087556
2019-01-16,497.8413391113281,498.9684322117089,495.0353869225107,497.8061407407654,5252452
2019-01-17,500.6824951171875,501.52777186013464,496.23288267155743,499.02708267187825,8240228
2019-01-18,500.2011413574219,502.25571710528124,496.51465690938636,501.3164824776884,5207976
2019-01-21,504.4042053222656,508.7129672088491,499.3206207106474,502.478785755401,17561512
2019-01-22,501.51611328125,504.0872567141924,499.9194028837618,503.899398315723,8796976
2019-01-23,494.3661193847656,501.51608879171346,493.4386366626351,501.08166984936196,7624288
2019-01-24,493.62652587890625,498.1817911405713,492.6050852351728,495.44629306908894,10111572
2019-01-25,492.15899658203125,495.4463181240868,490.75014449257884,491.4545705373051,11262236
2019-01-28,489.3764343261719,493.57954363735365,487.6388732134737,490.7500878854749,15360436
2019-01-29,483.142333984375,489.106451168911,482.0621911904821,487.9911100056597,14762788
2019-01-30,477.76513671875,483.0600831088448,476.1919302684347,483.0600831088448,18514160
2019-01-31,488.3902587890625,490.6913951123749,474.7831084661907,476.8963863970491,16579404
2019-02-01,490.8557434082031,497.0899246894855,487.6036779188113,488.3902525205132,15654188
2019-02-04,494.2487487792969,496.1507219454004,489.024255848258,491.92416586635767,7938288
2019-02-05,496.3972473144531,497.5595386885016,492.3937482915469,494.9766434900243,8690288
2019-02-06,498.41656494140625,499.4380055136804,496.2915924903421,496.91381249098555,10875684
2019-02-07,497.1486511230469,500.1424616328208,494.4718552448418,498.9801701942932,7217308
2019-02-08,498.41656494140625,503.6528093746815,494.65962648902314,495.91587571457126,12235644
2019-02-11,502.4083251953125,503.1714533384242,496.2211514154218,496.2211514154218,7036364
2019-02-12,500.072021484375,504.36903168325665,498.9214819124664,502.02094494357664,9772388
2019-02-14,495.4931945800781,502.4905037138832,494.4131092015377,502.4905037138832,7441388
2019-02-15,493.2507629394531,495.00013322616223,487.97932026301004,494.82402674035905,8416524
2019-02-18,490.7265930175781,497.3247392593423,489.81086217893676,494.6948937464669,7138744
2019-02-19,489.35302734375,495.01188197780425,487.9793736736031,490.6796734181402,5268636
2019-02-20,495.0588684082031,495.6810884356774,488.8481334002276,490.39789350919574,4892500
2019-02-21,496.8316345214844,497.7826210860852,491.59544711955283,493.49736292241994,5261544
2019-02-22,491.090576171875,499.69634823145043,490.5388101990573,497.6534669631564,8890708
2019-02-25,499.06231689453125,500.1307077924715,491.959354732252,491.959354732252,8140596
2019-02-26,495.5989074707031,498.96843489097216,493.3565304832037,495.7398156063835,9607428
2019-02-27,491.2784118652344,498.8392391439328,490.3156734424575,496.87862125674746,7030092
2019-02-28,487.8267822265625,494.4718793035095,486.8053415429955,491.47806864807086,11645376
2019-03-01,489.1886901855469,493.3095366902935,487.6976321254993,489.8696124322691,9352928
2019-03-05,494.7653503417969,495.704584981655,486.05392612657954,490.49178686937597,11837276
2019-03-06,494.0961608886719,495.516764856435,490.8792934639905,495.44631078773796,8458044
2019-03-07,499.3205871582031,500.1424174215719,491.9241147878841,495.3523439598972,10204852
2019-03-08,499.7198181152344,500.14248520179916,495.31715539338757,496.63210692351413,7053460
2019-03-11,499.7784729003906,503.35930490799063,498.3109187989152,500.6120550952951,9224108
2019-03-12,509.7696533203125,510.708888056969,501.78615805873227,504.1342449003735,15097292
2019-03-13,522.813232421875,524.5625454703749,510.02791237377454,510.70883455598266,57166348
2019-03-14,522.3905639648438,527.7324609556068,519.0680443714517,527.1102409399631,15379864
2019-03-15,529.02392578125,530.6440826500462,523.1654610156061,523.8581351167194,12763088
2019-03-18,531.0079956054688,538.0992051769432,527.6150221707048,531.1136480298233,14358720
2019-03-19,532.4873046875,534.4009722136778,528.5542598838331,532.8982198162413,11957992
2019-03-20,539.8250732421875,540.059881886486,530.9140966563264,532.7808139132334,11711992
2019-03-22,534.4596557617188,541.7035251380709,533.2034639505413,540.059864680348,30403880
2019-03-25,535.6690063476562,537.2070145325475,529.0239098189734,530.6675704353661,9199260
2019-03-26,542.7250366210938,543.5820653270366,533.6262007543885,534.4010234961627,11786848
2019-03-27,539.9308471679688,546.6463988366432,535.140772676897,544.4157162138353,13885300
2019-03-28,540.7173461914062,545.9300865200091,537.2069684981883,539.7781116339524,19554328
2019-04-01,542.8306884765625,547.5738120902938,541.1400775374341,545.988853586173,9647076
2019-04-02,538.8506469726562,544.7560615193709,536.6434112931161,544.7560615193709,10910496
2019-04-03,538.3575439453125,543.8168451760304,537.3009049974316,538.2049412500402,7659452
2019-04-04,536.2911987304688,543.1124014022787,535.3637160385626,538.3575262927257,9211552
2019-04-05,541.3748779296875,543.2885456082115,535.8333705361161,537.1952722507735,8351180
2019-04-08,537.5709228515625,545.4487648536463,535.3872481763427,544.5212821126408,6398132
2019-04-09,537.0660400390625,540.7642759689412,532.3111652720755,539.2615236644732,10777600
2019-04-10,525.3492431640625,536.3030455732784,523.858185058662,528.3195501488076,108128700
2019-04-11,530.08056640625,531.3720140763428,525.255236828182,527.1219542678673,8793300
2019-04-12,531.9002685546875,533.5321771275877,528.8125578878257,528.8125578878257,9170444
2019-04-15,537.4301147460938,538.3927959320159,531.6890540227838,533.015700125601,10219780
2019-04-16,541.2457885742188,542.3845763380109,535.434273429885,537.9349630766073,8273776
2019-04-18,538.5687866210938,543.5937256555237,537.2421408035731,543.1123565029128,10614856
2019-04-22,532.71044921875,545.9301895756782,530.9024338196166,545.9301895756782,20980420
2019-04-23,527.2158813476562,537.7118166974003,526.3471007946778,534.7884604256,15282400
2019-04-24,535.3050537109375,536.2794867395662,527.6268218353347,528.3194959314001,12354128
2019-04-25,531.4777221679688,539.7782323564232,530.1862743626349,536.9839745272602,18086636
2019-04-26,535.5867309570312,536.5377173699322,529.9395719632117,532.052849624625,11707568
2019-04-30,544.1573486328125,544.7561222151697,534.9880584725012,536.5378186472684,12536836
2019-05-02,553.1622924804688,554.0662714906894,544.1691086903511,545.5779607516854,17169300
2019-05-03,556.0152587890625,558.3750977279079,553.3267105953806,555.1347261496682,12351520
2019-05-06,546.7402954101562,552.246547852736,544.0634992127839,551.3308168710932,13748092
2019-05-07,545.3079833984375,553.678890254833,544.286542667813,552.2465343172764,9924204
2019-05-08,541.76220703125,545.6483012904763,537.2421409415971,545.3547905054339,12064208
2019-05-09,537.9232177734375,540.0599998337511,533.3914558098189,540.0599998337511,9027724
2019-05-10,539.2381591796875,545.9067030772388,538.028917350905,538.028917350905,10594200
2019-05-13,537.0543212890625,543.1946017505849,535.3637105106106,539.1324007274973,11071632
2019-05-14,537.2186889648438,542.6427917261306,534.3188365247194,539.2850165561116,10494744
2019-05-15,536.9369506835938,541.7505282075591,535.8803117149184,539.1206826841227,8956348
2019-05-16,542.5606689453125,544.5213444096216,535.3638056291235,535.492961872065,8050136
2019-05-17,554.6415405273438,556.3321513586344,542.7837035862156,543.1124127689025,14758780
2019-05-20,571.136962890625,572.6279637359428,558.8447045470468,565.4193481299533,17699632
2019-05-21,564.4095458984375,575.1402898400529,563.4116091264627,572.4634941351707,10325176
2019-05-22,564.890869140625,569.6457439614076,562.1905698596868,566.3232247332185,11386660
2019-05-23,547.5972900390625,572.9096173156408,544.5447775085488,565.6540527697989,33081996
2019-05-24,557.283203125,560.2887083653219,549.4875090946937,554.0780302499783,13692800
2019-05-27,565.50146484375,568.6830763572027,557.0248492032421,558.5863038771777,12049024
2019-05-28,567.3446655273438,568.2369498891303,560.5000161069395,567.415119589704,7364840
2019-05-29,567.509033203125,570.7729080061649,565.9358266303697,565.9358266303697,7475216
2019-05-30,572.8274536132812,574.7880714451217,566.6050243878411,567.297698440124,9359200
2019-05-31,569.4932250976562,578.8033658407885,553.3970794626586,576.8779462310475,19785080
2019-06-03,576.9483642578125,577.5823361556912,569.3992316675275,569.880600871478,8480860
2019-06-04,575.8212890625,578.9794540779587,573.1796916343841,576.4552609799813,6442988
2019-06-06,569.0236206054688,579.9774222696217,566.6755338756323,576.032625098229,15634924
2019-06-07,574.7294311523438,576.2791913398175,565.654098782773,569.5636402958801,7970932
2019-06-10,572.97998046875,579.9655368821739,571.078065051141,579.9655368821739,7077140
2019-06-11,574.9054565429688,577.6057559278509,573.0152928346142,575.6333862642075,7103292
2019-06-12,569.892333984375,574.9054641652375,569.0939501946361,574.107137701828,7308620
2019-06-13,574.0367431640625,575.7508579175834,567.285993912378,571.9821673048542,11107948
2019-06-14,571.7825317382812,577.3826833040738,569.4109415871195,573.6257451327773,11956920
2019-06-17,568.70654296875,572.9095948190358,567.6029537932426,571.7590553793998,12810020
2019-06-18,567.59130859375,571.0547367876719,564.4800934364981,567.767415112085,12419652
2019-06-19,570.1976318359375,574.0836692937438,567.462076554043,569.8806172147409,10744276
2019-06-20,573.2691040039062,575.7853360926836,570.492953942729,573.7416401845322,11171492
2019-06-21,570.3984375,574.0605930629467,568.37833370133,573.1864126263846,13250260
2019-06-24,571.284423828125,574.2732498136112,569.4061040256472,569.8668152703848,6915000
2019-06-25,573.8243408203125,576.8485841311103,567.7522619975663,571.7334026797203,8899800
2019-06-26,583.0859985351562,583.5821845991668,572.2413162344866,572.879228543472,10533636
2019-06-27,581.762939453125,589.3707605441867,580.30985606529,583.2868571230551,19879236
2019-06-28,577.380126953125,584.7635045356458,575.79714233596,582.1645556265985,12756844
2019-07-01,587.2561645507812,588.0712779274111,578.8686473284337,580.2744309319894,8524160
2019-07-02,589.4888916015625,590.0795618336282,582.9206270844641,587.8350149517786,7246828
2019-07-03,588.224853515625,591.4499476980156,586.6536937198789,590.4339833290284,7463256
2019-07-04,586.8426513671875,590.1739965875495,584.0546765687225,589.4416001706891,7993964
2019-07-05,584.149169921875,589.4770265894634,581.2194688430377,587.1498206429052,7583060
2019-07-08,569.3116455078125,584.6690722418177,566.3464692711029,584.6572473001092,14607140
2019-07-09,562.1171875,569.5951069485533,560.6641618602692,567.9530553055912,16482688
2019-07-10,564.385498046875,566.5709782590922,559.0694650982389,562.02281673637,11569148
2019-07-11,568.7327270507812,570.351186589512,566.0156439332255,567.7522375205458,9097596
2019-07-12,565.6021728515625,571.2962570473821,563.5112348081819,571.2962570473821,8976272
2019-07-15,565.8030395507812,567.7522514001575,561.6919976324263,566.0983746794747,8233184
2019-07-16,564.9642944335938,571.2962913331199,562.7906393529743,571.2962913331199,12770568
2019-07-17,566.4409790039062,569.7842074303184,564.9879531742453,565.3777724897216,7759736
2019-07-18,569.85498046875,573.895187861456,567.4922995800656,567.7522175508764,10802584
2019-07-19,561.290283203125,571.9341725405675,559.2465872311668,570.5874559202653,8939228
2019-07-22,542.7669067382812,555.1946321921998,538.9866170406809,554.0487088045575,22171296
2019-07-23,534.7928466796875,542.117157811594,529.7249074491386,542.117157811594,27802864
2019-07-24,538.9038696289062,541.762736623964,531.8394767294125,533.1980182625952,17363740
2019-07-25,540.1206665039062,547.0669251202459,538.7503000762736,539.8725734784717,19462008
2019-07-26,538.0533447265625,541.9162934734342,537.0019632394681,538.2659629391828,12829828
2019-07-29,530.2564697265625,537.1673111479672,525.2357729674223,537.1673111479672,9976492
2019-07-30,532.134765625,536.6120340567686,529.2168318602072,532.7845028235653,10394136
2019-07-31,531.9929809570312,535.6197189333169,527.8819395795163,529.240480992779,13891840
2019-08-01,526.1087036132812,530.4183410722914,520.2362032749215,527.8373106620138,18241676
2019-08-02,524.3446044921875,526.6296425415806,516.6842985727197,523.5513217893141,27825536
2019-08-05,516.0330810546875,520.9465542366927,512.06678342584,520.2480238284405,19822440
2019-08-06,518.365478515625,523.3736456893027,513.1323109189997,513.1323109189997,24890940
2019-08-07,517.1578369140625,521.4201267787388,512.6587531680152,518.5786002022879,18750136
2019-08-08,528.7963256835938,531.128768948053,516.9211335771734,520.4730424198932,19711600
2019-08-09,540.3637084960938,542.0212658841185,530.3710169476325,532.0759215559696,30436112
2019-08-13,525.7653198242188,538.3035443330222,521.5622284123144,538.3035443330222,15440068
2019-08-14,527.9201049804688,529.3290170063403,521.6687696636742,529.3290170063403,14254052
2019-08-16,527.5057373046875,528.7607564841602,521.917436186086,524.2616725731888,15247560
2019-08-19,522.568603515625,530.8918853737774,521.3490803322883,530.0631067837647,8498200
2019-08-20,525.8245849609375,527.5294895678886,522.5686686656784,523.1369509309908,10270592
2019-08-21,527.0678100585938,530.7025623205361,524.3091259940887,526.842809568662,10472712
2019-08-22,514.813720703125,525.8838372395332,513.144311887837,525.8838372395332,13992044
2019-08-23,512.1141967773438,515.5003613793839,506.6442919380624,511.7116586774683,20099616
2019-08-26,534.24267578125,536.6106154080729,513.1325171325338,519.7390455669594,25280244
2019-08-27,535.1424560546875,538.2089260321806,530.4421310067062,534.2071315487987,20660832
2019-08-28,532.1942749023438,534.526717874484,527.1861071861758,532.7862596352718,13662588
2019-08-29,527.3282470703125,533.6624848926344,525.753590511788,531.8391831377588,14783716
2019-08-30,527.56494140625,535.1541972255666,526.1560293076145,528.879159072258,19233320
2019-09-03,523.5394287109375,525.9192188184453,520.0348676491805,525.6824249333401,11428676
2019-09-04,532.2536010742188,538.4694422612716,520.7098960125489,522.6042476124128,15060704
2019-09-05,529.2698974609375,538.0904708192375,526.8664623414039,532.5495163172213,17296252
2019-09-06,531.8154296875,534.3491708225876,525.9903340748198,527.576841740472,12870004
2019-09-09,532.691650390625,535.3673755625555,524.7590537008053,531.8391691144759,10643404
2019-09-11,533.0941162109375,538.4693261543216,530.6906234502475,538.4693261543216,15209116
2019-09-12,537.7234497070312,541.9738886400878,532.3481819405418,532.9520179463601,18132300
2019-09-13,534.5503540039062,536.9182928976408,529.9447244177942,533.0230449796491,15371340
2019-09-16,531.401123046875,535.7818111489042,530.6552452241821,533.236276170698,11030184
2019-09-17,523.6342163085938,532.431086609831,520.4966971190984,532.2889871447702,10656556
2019-09-18,518.0458374023438,526.6651119497242,516.2106847387084,525.0431084755679,12959884
2019-09-19,521.44384765625,524.2853743327779,513.3691528927131,520.8992101477138,10623310
2019-09-20,568.115966796875,572.9939447204633,523.504014961774,524.7353317954808,46150034
2019-09-23,595.4183349609375,607.4711228325581,582.0394779614176,596.5076101596419,41920410
2019-09-24,593.784423828125,597.6441182602333,581.3527437208729,591.9847670120035,23379048
2019-09-25,587.1067504882812,591.9373805534856,582.5603193412131,591.9373805534856,15608976
2019-09-26,588.4328002929688,603.8244027151188,585.5202239647298,587.1541364469159,30671560
2019-09-27,589.2379760742188,593.6423661754355,586.1123078464277,591.1560299788491,14873170
2019-09-30,581.3053588867188,587.2489092784182,576.119595271932,581.9447487061157,18218458
2019-10-01,591.41650390625,594.3527253212801,578.2980863579686,583.2234113411605,18768352
2019-10-03,579.4583129882812,589.0484648984963,576.0484465113799,587.2251058173802,16298876
2019-10-04,563.4274291992188,587.0594739386505,561.3436889554499,585.6624129373488,18403632
2019-10-07,562.1013793945312,577.7060745025601,559.3782495057151,568.8736503444584,22513220
2019-10-09,581.6368408203125,582.4656194313956,563.5694555364996,566.9319171964065,17427270
2019-10-10,568.5658569335938,580.5949408157695,566.9792915533363,578.6295976927835,11556858
2019-10-11,567.7371826171875,579.6715742568914,563.0722956768423,574.651554211969,17186318
2019-10-14,570.38916015625,577.7297710855158,567.0740455430332,572.5676524827331,12267802
2019-10-15,579.2215576171875,580.1450306640453,571.5494008924131,571.6204506216349,8400374
2019-10-16,578.298095703125,584.8809781939891,573.0886295005874,583.2944705036012,10586816
2019-10-17,577.7772216796875,582.4420508007167,574.5094536997867,581.3291308293577,12243614
2019-10-18,582.0394287109375,584.3363180675698,577.9428825202974,580.3581688315088,11233806
2019-10-22,586.9174194335938,595.2999008800527,583.744346293607,595.2999008800527,20006228
2019-10-23,588.0066528320312,591.8664053050052,583.933808954648,590.4929890015461,10190214
2019-10-24,585.4019165039062,593.950200126325,580.7844350714618,591.0376233528876,13107494
2019-10-25,582.0394287109375,590.4929597056838,577.7771383460893,587.2488947124186,12993542
2019-10-27,586.1596069335938,588.1487104141279,584.8809429761882,587.2251795017689,1750082
2019-10-29,588.4328002929688,595.4655670682729,586.1595558877563,586.3016553422095,14232568
2019-10-30,591.2033081054688,597.9992813530005,588.6696249825086,590.516628932025,12011366
2019-10-31,582.6787109375,598.5676040093693,581.1395506594295,595.6313250999839,13217706
2019-11-01,587.2725830078125,589.0248347687501,581.3763801259324,586.7752926862162,11512260
2019-11-04,585.757080078125,591.9847714358326,582.0631297909731,590.3035115605496,9935176
2019-11-05,587.0120849609375,589.5221234546789,582.0631155174988,587.7224666692404,12367810
2019-11-06,595.1340942382812,596.2470139570956,581.5894953166282,588.4091130876647,12130336
2019-11-07,598.4729614257812,601.3144886136432,591.9848308045706,597.1942973156508,16963034
2019-11-08,594.6368408203125,600.0357533996864,592.6714398527363,596.2470509314959,13251496
2019-11-11,598.97021484375,600.7461692265641,592.2215881890567,593.1924663760677,14286610
2019-11-13,595.5603637695312,601.4565087824031,593.6896572642707,597.6441038503623,9293496
2019-11-14,603.303466796875,604.7715773095834,595.3945164164026,598.5202419214672,11055218
2019-11-15,605.1978759765625,608.5603378765574,601.9774557334334,608.0157003310413,9279012
2019-11-18,597.6915283203125,605.9319100976571,596.1049628825585,604.7716430689543,9130292
2019-11-19,602.3564453125,603.8245562006659,597.2416730061564,599.2307768190773,10570578
2019-11-20,603.0430908203125,607.5895227205286,600.0358194672698,602.8773466312821,11054258
2019-11-21,607.7789916992188,609.5075990162085,600.6751735288667,601.5750020593154,12019526
2019-11-22,598.97021484375,607.9210364953358,597.6678482963531,607.9210364953358,7688010
2019-11-25,601.9774780273438,605.9556273541223,598.6860657393921,598.6860657393921,7893556
2019-11-26,603.8482055664062,606.074045315987,600.0120977688067,605.4583579923924,8716002
2019-11-27,605.4346313476562,608.9154899789958,602.0247646347251,604.2980091100126,9580666
2019-11-28,599.2306518554688,607.6368351005303,597.6677890291662,606.2870636546285,12366040
2019-11-29,603.8008422851562,606.1451369692408,592.9320236031017,600.3673301676463,15567626
2019-12-02,599.4437866210938,603.3271836430782,596.0576221263682,603.3271836430782,8946204
2019-12-03,594.5421142578125,600.9828965435161,593.7843853673195,600.6040031927653,6991906
2019-12-04,592.7662353515625,595.2525715277253,584.5020928032309,593.1687734559762,11395614
2019-12-05,589.9009399414062,596.12863094506,587.6040507210195,594.636817843651,12772494
2019-12-06,590.1141967773438,596.7207245316793,586.3964856971199,591.4875553707037,13774650
2019-12-09,588.6459350585938,591.913702452859,586.088607177962,591.7479582844493,8265350
2019-12-10,591.7479858398438,593.7133868708223,589.6641878529149,592.4583675755458,9788900
2019-12-11,591.3927612304688,593.8790971635698,588.4328375005865,592.0320931939212,11054642
2019-12-12,598.425537109375,601.19601419843,593.4055179530598,593.4055179530598,12913148
2019-12-13,598.5440063476562,602.5695031647103,596.3655137500424,599.0886439498142,11775186
2019-12-16,595.4656372070312,601.4565347253566,591.1322970678702,601.1013438583927,11327576
2019-12-17,601.9774780273438,603.7297876816821,594.5184697187642,596.7206646863573,12427354
2019-12-18,612.041259765625,615.1906305991793,603.1851899014221,607.6132248335235,17447172
2019-12-19,610.3599853515625,618.2688785595552,609.0812635932508,618.0320846573876,13018376
2019-12-20,614.1013793945312,615.4747958054319,606.2161874603134,610.3363788819952,15026044
2019-12-23,616.80078125,617.5585101910995,610.3599985341358,615.1905711182808,10195782
2019-12-24,610.5258178710938,616.1851698274687,609.4838898641705,615.0012001452966,7179208
2019-12-26,601.669677734375,611.8044695700078,598.9229028141689,610.7862441018287,14949758
2019-12-27,603.824462890625,605.7188141467524,601.4565238204657,602.4036994485294,7092992
2019-12-30,607.2106323242188,610.3363003603699,603.374582561169,607.1395825893263,9334190
2019-12-31,602.4511108398438,607.1159397427451,600.8172558318032,607.1159397427451,8357056
2020-01-01,605.5293579101562,606.1923924015477,601.7406554576465,604.345388393747,3673698
2020-01-02,609.38916015625,609.9811449630853,605.7188543538712,605.7188543538712,6137166
2020-01-03,600.69873046875,608.5602757765021,598.4254860807466,607.2342069149989,10855550
2020-01-06,587.6988525390625,597.5732060182935,585.3546156735159,596.7207247157202,10890186
2020-01-07,597.0047607421875,602.1431767378965,593.050314229868,596.1996846178865,14724494
2020-01-08,595.4420166015625,597.73890607202,587.2726263307592,590.5403361902679,11332110
2020-01-09,602.1195068359375,604.2033046016976,598.1887051911852,599.0885335231053,9546316
2020-01-10,607.4710693359375,609.4601728526172,603.871813491343,608.1341038414974,9214580
2020-01-13,609.0338745117188,614.0065461154303,604.2979967938983,607.4710117404351,7451568
2020-01-14,610.6914672851562,612.1359331976332,605.0084136927392,610.4546733854722,7886290
2020-01-15,608.2052001953125,609.9574521269482,603.3982719253166,609.2234256414325,11787448
2020-01-16,609.8153686523438,611.4018762888768,605.8845666176381,607.163288419645,7150400
2020-01-17,605.3162841796875,608.513001967246,602.3563603023184,607.0211887708494,16918814
2020-01-20,594.3053588867188,617.9610470531414,593.1687365718038,617.9610470531414,22178450
2020-01-21,589.3090209960938,591.9848038717975,586.4911964540704,591.9848038717975,14984804
2020-01-22,587.6514282226562,594.3527073618872,584.5968099426914,591.0612951746068,18368310
2020-01-23,589.5457763671875,590.4929519914465,582.9865967313965,587.248887040562,11508920
2020-01-24,589.4036865234375,593.8790678577712,586.8225984717415,590.0903656704809,11831756
2020-01-27,574.5567626953125,584.8810010611223,573.8700834298097,584.8810010611223,18888552
2020-01-28,579.2926025390625,581.4711527758164,574.5804268199824,577.2088623646235,13412158
2020-01-29,585.283447265625,588.1960236793792,578.8426650097595,580.2871308654205,13788350
2020-01-30,580.6424560546875,586.7516935910343,576.4511569765132,586.7516935910343,12111984
2020-01-31,580.7607421875,586.2070018867788,577.8955128734751,583.1996731083684,11178268
2020-02-03,564.8956298828125,567.3345611447334,557.7444068549465,566.8846757962867,13077010
2020-02-04,582.4182739257812,584.4073194738172,567.3581594243379,567.3581594243379,20897704
2020-02-05,589.4511108398438,591.0376185260882,581.2343734585951,584.8336294451086,18020682
2020-02-06,587.1542358398438,591.3691214293652,585.9228611888204,589.4511253356094,11827550
2020-02-07,588.290771484375,590.5640161625739,583.270752115284,590.0904283388669,6815448
2020-02-10,587.3909912109375,588.6459526743174,580.6423648340666,588.6459526743174,9219834
2020-02-11,587.532958984375,594.3526342382339,586.3253448922471,588.8116806131641,11613520
2020-02-12,591.5111694335938,593.3581734383829,589.1669329193304,589.7115126471815,6297930
2020-02-13,587.9119262695312,596.6733008644125,584.2179181807978,596.6733008644125,9112140
2020-02-14,577.46923828125,591.2269861835692,575.4091430350544,588.7642950823292,14688858
2020-02-17,576.4274291992188,583.9337846168844,575.1487073930117,580.1450820402947,10152690
2020-02-18,574.5803833007812,577.06671918566,569.9629023717208,576.3089902877083,10529116
2020-02-19,581.1869506835938,582.513019706518,574.8882673522369,578.9611110497709,10012268
2020-02-20,576.4037475585938,582.5130422467998,574.9829840409186,582.5130422467998,11123414
2020-02-24,573.0175170898438,575.2907615812694,568.3053417555244,572.5439293050475,16568084
2020-02-25,568.447509765625,572.5677008658114,567.3582346048321,570.1997616562753,13886680
2020-02-26,567.9501342773438,570.5311645044618,561.5093521550158,567.1213556782315,13814786
2020-02-27,568.0449829101562,569.4894491279878,559.307309289109,565.9375398818672,20655098
2020-02-28,557.7207641601562,561.2016234268023,554.1451526333246,556.7025386820304,24313056
2020-03-02,558.6441650390625,568.8500053945262,552.2744321654279,568.4000622917009,14664898
2020-03-03,559.6861572265625,561.3673594464186,553.1506216206781,556.4657366475143,22369550
2020-03-04,544.0813598632812,558.833632138287,536.6223516377066,558.0522006667385,34288870
2020-03-05,545.2653198242188,551.7298050681208,541.1924761730429,546.0467512820113,19549708
2020-03-06,537.4747924804688,540.316319210145,521.4201548955959,532.786261814301,23053566
2020-03-09,524.40380859375,529.6606217571953,504.3710209743091,525.6824725647729,34420590
2020-03-11,527.4820556640625,530.4182765706771,517.1578196564101,523.3144603666055,35538240
2020-03-12,483.67523193359375,511.4748425848141,475.2217009586306,509.10690349877325,59000770
2020-03-13,506.6442565917969,512.1615082677355,435.32191586076743,464.13972221452224,66342364
2020-03-16,473.35101318359375,491.1105559493614,471.2198680517016,490.1633803351871,31986322
2020-03-17,461.79547119140625,478.3236976526971,452.1342970177646,477.37652201378086,42676838
2020-03-18,415.2891540527344,470.2726861593095,409.6534476614327,466.4839837531922,61181406
2020-03-19,424.1215515136719,435.67710547774163,376.502303667405,401.12886944187676,67220048
2020-03-20,418.10699462890625,433.14340788887984,390.4968305499615,414.38934181029646,88637464
2020-03-23,365.39666748046875,397.2217739590976,362.294673119177,376.31286067374276,50276954
2020-03-24,363.5733642578125,383.6061226600706,349.86299150015697,376.62070252521124,61057272
2020-03-25,405.74639892578125,410.81379480726923,357.6772311510899,364.8757724018992,47228042
2020-03-26,426.75,444.08333265034827,398.2873817820586,412.06877665250437,57043156
2020-03-27,428.3365173339844,468.2126182809355,413.0159337363424,447.51682439119236,55235936
2020-03-30,393.8593444824219,420.072420249184,392.13073727883244,416.75730532049823,39268444
2020-03-31,408.18536376953125,413.7263182768991,396.8666030278932,404.3492849888451,35211092
2020-04-01,392.912109375,409.10878816730605,388.3419757807446,409.10878816730605,29103504
2020-04-03,385.42938232421875,399.70806468039353,383.60608103213127,399.23447692603287,34996280
2020-04-07,424.3820495605469,429.686239120886,400.3474668108766,413.91576991550437,60412638
2020-04-08,420.97222900390625,447.5404944115309,410.1744034746511,416.73361219107665,56219352
2020-04-09,438.0924072265625,440.86291331760424,421.4931599122434,432.3856797751441,44457146
2020-04-13,424.0268249511719,448.3455758120512,419.6935139266889,442.33100497402285,34158056
2020-04-15,408.848388671875,440.67349824915425,399.23456101454815,440.67349824915425,57978752
2020-04-16,416.6388854980469,421.8246779187658,405.50957170526016,409.6534651387446,53854396
2020-04-17,431.10699462890625,435.70080234780517,420.1908009598806,433.3328632046106,55883462
2020-04-20,447.4694519042969,455.0942333496393,442.8046233171163,450.38202863591187,66232986
2020-04-21,436.4822082519531,442.3310060307355,430.0177232076101,438.0687158227306,33178006
2020-04-22,439.77362060546875,441.85741849282465,429.6862062216211,435.29823900880433,38289354
2020-04-23,452.252685546875,453.93391649352765,432.1725508137539,442.8046029436081,40901222
2020-04-24,444.2490539550781,453.8865835478693,438.54232643857176,441.8574412172651,33284568
2020-04-27,440.29461669921875,453.41300553123114,438.6844064953877,447.6115545430124,27421072
2020-04-28,441.0997009277344,446.9721724701217,436.6479639199274,446.9721724701217,29441436
2020-04-29,462.74261474609375,470.1306015606987,442.3783399213504,442.804580491512,55877778
2020-04-30,474.44024658203125,482.58596242566557,469.84643919589695,474.25082880760095,43793134
2020-05-04,437.1215515136719,454.64430059926866,434.51681854148853,453.4603310664581,26722324
2020-05-05,431.651611328125,447.06688862405014,430.04140122638694,444.22536178957523,29672858
2020-05-06,448.20355224609375,449.908456941775,428.90484738253866,435.2272336099908,33785846
2020-05-07,438.0686950683594,446.73534563293526,436.3400881148069,445.40930563436973,21831730
2020-05-08,439.98675537109375,447.04322540288103,438.1634538388063,446.119723379116,20807484
2020-05-11,433.7117004394531,451.8027601380309,432.8592481825579,443.75176755695486,28550784
2020-05-12,426.96307373046875,430.6807552900282,412.54231949267944,426.7026062225327,49568418
2020-05-13,439.3237609863281,454.64431568712365,436.69532541185623,450.3820252275569,44346966
2020-05-14,423.2454528808594,431.43851662513083,421.4931721145625,425.2818747852552,39554890
2020-05-15,420.61700439453125,422.62975248836386,414.3893134361181,421.7299241312722,24349628
2020-05-18,396.2272644042969,420.5459875978959,393.6935522032802,420.5459875978959,46649964
2020-05-19,393.3857727050781,410.74275066170185,391.23092478900134,407.68810314295894,47460692
2020-05-20,405.9120788574219,409.1798461352874,394.1197603572423,396.1325084429772,40014306
2020-05-21,407.0723876953125,418.6516151860271,403.6388761454271,407.9722160774846,48478908
2020-05-22,397.26910400390625,412.16344570269695,394.5223006173569,402.54961939702196,42047432
2020-05-26,403.6862487792969,412.8501610675768,401.9576417620944,405.8647410781913,38005152
2020-05-27,427.9576416015625,430.87018932741387,405.93580815185277,407.23817464619043,56025754
2020-05-28,447.6589050292969,449.908447265625,432.83561144259414,435.7008120888158,75488806
2020-05-29,450.68988037109375,452.2763880759633,437.334697476126,447.0669218258737,53025166
2020-06-01,467.7390441894531,471.21990326949197,457.5332030595618,461.7481464198539,39190230
2020-06-02,474.0613708496094,475.9557219818755,461.84281182759344,467.28907133285867,41623594
2020-06-03,484.1251220703125,495.49122911818483,480.90473085451634,483.05954953457444,50546088
2020-06-04,474.3929138183594,492.03403078925146,469.3728657021748,486.87196992255116,54275882
2020-06-05,489.3819885253906,493.66798165104814,474.91388562823613,475.0559562007671,35195984
2020-06-08,481.1178894042969,505.152471843992,476.6188050067185,502.0031012034842,49812664
2020-06-09,467.5732421875,486.25628719919104,463.9029366352295,483.05956946011673,61844146
2020-06-10,469.7280578613281,473.5167603419333,463.2636015970991,468.8519319748906,36497730
2020-06-11,458.7171325683594,468.0941941542392,457.0122280466569,466.4839840683493,30897714
2020-06-12,465.41845703125,467.26546119830897,439.4895223861613,439.4895223861613,42644876
2020-06-15,449.83734130859375,461.27449775875635,446.59327657752283,458.4329710785176,32009936
2020-06-16,469.0413818359375,470.72261279198466,450.85559824373564,461.748117949204,45399970
2020-06-17,463.7608947753906,473.0669074428646,460.9193677203461,468.37837623983796,36957838
2020-06-18,483.0358581542969,485.38012342777216,460.3273185026194,464.11602071251747,40870126
2020-06-19,489.3819885253906,493.95212279611013,479.34194932642464,482.0887530488872,47877752
2020-06-22,487.2034606933594,495.34914792027973,484.85919524719657,492.2708271479766,29694474
2020-06-23,493.62054443359375,494.89920825875953,481.4256307312841,492.05768170416377,28830512
2020-06-24,488.97943115234375,500.81912682189204,487.81916410113365,496.5568363808547,39429246
2020-06-25,487.2034606933594,496.79361386861143,476.90292580142204,483.95939574936546,70646790
2020-06-26,500.32183837890625,503.4238617805108,486.8482877802117,493.0049295517514,39969138
2020-06-29,509.6042175292969,512.7061831896528,491.1105892829066,491.1105892829066,46005956
2020-06-30,504.7735900878906,510.7881903709314,500.25086088112084,508.63334256433905,35746130
2020-07-01,513.6532592773438,519.0521711600045,502.61869944932215,504.77348901342947,34846718
2020-07-02,515.9266967773438,526.2745813707754,513.9375928068071,516.3529374718178,36954496
2020-07-03,508.6096496582031,518.9575904554594,506.73900077042003,517.6315213477282,27597254
2020-07-06,522.3673706054688,530.3710164045095,520.9466071314738,524.7116072131548,35558216
2020-07-07,523.3855590820312,526.4875244282308,517.6551583698904,525.3983071949202,24349850
2020-07-08,525.8482055664062,532.7389312253459,523.314522382233,524.2616979883546,30056350
2020-07-09,532.7626342773438,535.0121765882539,524.3801523695173,529.471221809998,20114484
2020-07-10,523.3617553710938,530.4182236587536,520.7333783243838,529.4237010515932,17562978
2020-07-13,511.5933532714844,527.1033577330822,507.35476448959537,525.6352467355637,29922114
2020-07-14,501.4584655761719,506.21804642380647,497.26722481493465,503.2344199505109,26612674
2020-07-15,498.759033203125,511.0012670090253,497.3145672016317,506.8336709933505,20974394
2020-07-16,503.21075439453125,504.6078153200504,489.7371464128929,498.9958112918797,23662456
2020-07-17,520.2125244140625,522.8409599731156,501.1980194464601,501.553210316007,28405738
2020-07-20,536.5986938476562,545.9994003595516,532.3837507560095,537.5221669572308,65124096
2020-07-21,539.2035522460938,548.3911116930799,537.0487040744711,545.5969891993612,47512422
2020-07-22,533.4256591796875,542.021290153233,529.2581208183739,539.1797630751033,24718012
2020-07-23,535.3436889648438,541.7371246026141,528.6424096786076,532.7863031475329,20149122
2020-07-24,529.9921264648438,531.7917833346723,521.5385953018364,531.7917833346723,19598440
2020-07-27,511.2380676269531,522.3673817438901,509.27266655048254,520.8755685021828,37970094
2020-07-28,514.6242065429688,518.2945120793429,501.7662859081783,511.00124822550674,35596450
2020-07-29,504.18157958984375,515.5003400046988,499.89564452262283,511.9484313689292,33592086
2020-07-30,497.5750732421875,513.2034718863025,495.7043665966615,508.6333376902901,26956266
2020-07-31,489.12152099609375,500.9138114020133,483.08324741798464,500.9138114020133,37726696
2020-08-03,474.53497314453125,486.3509655689854,470.27268296658633,485.87737777143593,31783542
2020-08-04,493.3127746582031,502.50039012196834,475.0085934673722,477.3765326172594,60306168
2020-08-05,486.6352233886719,500.01408028854587,483.0596119600508,496.29636937905894,33221360
2020-08-06,492.86279296875,499.63512153192795,486.0194724854418,491.1105412593453,33646888
2020-08-07,494.3546142578125,495.9411218281457,483.3436978902163,490.09232405100107,24836784
2020-08-10,497.5750732421875,503.89745931328554,494.3310081161424,494.4257025592764,22172854
2020-08-11,505.1524353027344,507.2125306577697,496.556805223783,496.556805223783,20136148
2020-08-12,503.7554016113281,504.8446768527731,496.3200950672666,504.3710889758005,20666432
2020-08-13,501.55322265625,507.37831837353264,500.34555054567113,505.76810816309927,19892740
2020-08-14,489.9029235839844,504.7972960094688,486.5168167379499,504.7972960094688,20924512
2020-08-17,489.0978088378906,495.84643510362764,483.15428762706193,495.84643510362764,19561012
2020-08-18,500.345458984375,502.78444746448366,484.00668157314834,486.8482080794486,24040824
2020-08-19,505.12872314453125,506.6442387528146,500.2271011006814,504.37099424589417,17715624
2020-08-20,501.5295104980469,506.24168626831124,498.2143956977765,499.6114566677705,19216734
2020-08-21,514.150634765625,515.6424479794565,504.1815879057319,504.56048129086855,28924302
2020-08-24,529.0213623046875,531.8154845363902,514.1506913715862,514.3164355667011,36779740
2020-08-25,530.2763061523438,533.7335206706247,523.8828700129884,529.9448177732289,27601738
2020-08-26,529.684326171875,535.9830679208438,525.4457378910326,530.8919983558789,25190062
2020-08-27,526.677001953125,535.1068882558171,523.906524774149,533.1651897600997,20645996
2020-08-28,527.8136596679688,532.7863321009106,518.5786965782196,526.6059875241332,38696610
2020-08-31,528.4530029296875,544.0577576301962,521.2781352761166,534.917488792034,38501166
2020-09-01,533.8756103515625,541.5950576766639,524.7353416550061,534.2070987245911,28877884
2020-09-02,537.11962890625,539.4165182338052,530.7498381439231,532.3600482680174,19761682
2020-09-03,535.5804443359375,542.7079059029746,534.2070281800104,538.5877152462028,19833362
2020-09-04,530.0868530273438,532.9757270743686,523.0303831737506,525.6824633183799,23661370
2020-09-07,525.9192504882812,530.1815406768401,520.4729908029005,528.6660828453123,17615466
2020-09-08,526.8428344726562,529.85016387644,522.3674519569986,527.576918839616,14624918
2020-09-09,519.2890625,525.6824982900137,516.8027263594391,521.4202077633379,15728872
2020-09-10,516.4712524414062,523.2435240032332,513.3692289025056,522.3673980437857,15188088
2020-09-11,510.83544921875,523.2434254144251,507.2124912901903,519.2652766656342,20794730
2020-09-14,501.0322265625,518.1050911266838,498.38014625056275,515.2635641186764,21650590
2020-09-15,506.9757385253906,509.6515211503377,501.10323825911115,505.7917690286008,16505110
2020-09-16,517.9392700195312,519.0521897035009,505.95747645763004,506.83360225943557,18710112
2020-09-17,513.1797485351562,518.1050734094782,510.52766831390994,513.3691952247481,18318686
2020-09-18,500.72442626953125,517.2525949736809,495.94114302860316,517.1579005338858,23481778
2020-09-21,496.93572998046875,507.37830687889436,493.2417218055749,499.63515746988145,19842878
2020-09-22,490.35284423828125,501.1269672278319,487.5586645161511,499.185268712797,18620678
2020-09-23,495.9648742675781,499.63518009290516,489.8555794606369,495.3728894570415,16079828
2020-09-24,487.98492431640625,495.8464709371609,485.42753840553,491.5841803560392,19809510
2020-09-25,494.4256591796875,498.1906590346689,485.73533468255306,497.26718595658224,20321544
2020-09-28,499.2562255859375,501.529470104583,493.78632129264906,496.76988968598556,16152422
2020-09-29,503.21075439453125,506.69161326180074,497.74079202381324,501.0559067185484,12644446
2020-09-30,510.81182861328125,514.7426307785333,498.21440373132714,502.0031064212992,18813842
2020-10-01,524.238037109375,525.6825031478362,516.2580935562258,516.2580935562258,21203080
2020-10-05,527.7425537109375,536.1013899485746,526.156046142108,526.629633942416,16940126
2020-10-06,541.831787109375,543.6787910802993,533.3545539789349,537.5458522321513,19371990
2020-10-07,550.4274291992188,551.6587459363651,538.7534781835764,542.210692302306,21248778
2020-10-08,564.4219970703125,569.7261576245393,550.9483886643206,558.8336375702047,35060674
2020-10-09,584.1942749023438,585.8281297469175,564.350933803847,568.7789683314858,44972388
2020-10-12,574.7698364257812,588.5512296372209,570.9574315684628,583.247069481048,19220546
2020-10-13,567.5712890625,578.9373965283816,565.9374342386844,574.6514615247294,18353952
2020-10-14,573.7516479492188,575.0777169789134,556.7024863097868,566.1979452917092,22582918
2020-10-15,553.7425537109375,576.3563719189317,551.2562176775979,575.0303029100788,28246896
2020-10-16,567.99755859375,569.9629596720636,555.5185306982389,558.8336455446905,25822848
2020-10-19,569.986572265625,584.8808842087241,564.8007516016243,584.8808842087241,42359556
2020-10-20,579.6478271484375,581.2817399211143,571.0996011238872,571.8573301233379,27411978
2020-10-21,590.421875,592.4583256225468,578.5821802433544,582.7971231389221,35640752
2020-10-22,584.075927734375,591.9848218296115,579.1979496780918,587.2252407376943,21913060
2020-10-23,585.2598876953125,591.2507277442996,583.081337338208,588.9064910130453,15866230
2020-10-26,573.4675903320312,588.1961622199397,570.4839634862169,582.4184130584521,19571976
2020-10-27,583.9811401367188,585.3545564024548,567.2871691713575,580.6186781144091,24317780
2020-10-28,572.851806640625,583.4601852065834,569.0157569202192,581.5658339559128,16571186
2020-10-29,562.243408203125,570.4127976829093,558.1232175029422,568.5894962307826,23060024
2020-10-30,560.514892578125,567.973900810896,557.1050255565358,560.0413047538221,11522716
2020-11-02,575.5276489257812,580.145130577315,557.649707146766,565.629651054136,21926080
2020-11-03,591.013916015625,592.3399850790447,580.3818922361537,580.8317775553417,28164230
2020-11-04,595.4893188476562,598.9938801743824,582.5130014005952,592.9319331329635,23404822
2020-11-05,601.07763671875,604.2980570121856,593.0976935312227,599.562178822435,21433928
2020-11-06,619.2871704101562,620.400090307665,599.3254307514122,599.6806216428098,35705724
2020-11-09,634.8681030273438,637.4254307157104,622.8626069068144,622.8626069068144,26288440
2020-11-10,660.0156860351562,660.6550180387974,640.0776500995573,642.6586806298552,41517356
2020-11-11,658.2633666992188,670.0320702645637,649.0521067328153,662.9756001906362,36116194
2020-11-12,649.6204833984375,657.6004855668508,644.0795282285271,652.3199690489494,27053948
2020-11-13,643.5111694335938,648.2470477549742,637.9228098899588,648.2470477549742,22472480
2020-11-14,648.6732177734375,651.1595538431708,646.542072570809,647.7734471589163,1835066
2020-11-17,667.0247802734375,668.9901814015474,653.8353702909427,656.2980617830259,31059900
2020-11-18,667.14306640625,672.0210435465297,662.5729906887243,664.4436392500219,18862776
2020-11-19,650.8754272460938,662.7624703017743,647.8681560663222,658.1449889263016,20266882
2020-11-20,664.7515258789062,667.0010679250034,646.4710483928237,650.0703041043771,20405362
2020-11-23,660.465576171875,674.2233257581156,651.349010444153,670.126779466313,25246636
2020-11-24,681.114013671875,684.3344341333797,663.9938593712611,666.8116839168157,40154400
2020-11-25,664.3490600585938,693.5220600982908,661.6022274002418,687.3180708165835,24152602
2020-11-26,675.64404296875,678.1777261235598,656.8662752328055,670.1267335648304,27943126
2020-11-27,682.3690185546875,684.8080074601961,670.3872810499112,678.0830833467495,17994580
2020-12-01,678.7933959960938,686.2287011031041,675.0993881452553,682.3689490895632,17147574
2020-12-02,666.3143920898438,678.0830962284707,660.5603460504777,677.7042028299456,17892150
2020-12-03,652.2251586914062,678.1777957887336,650.7334032246226,676.7570322500701,37933222
2020-12-04,656.2033081054688,663.7096639052261,650.3782122840587,654.0248155752419,26912322
2020-12-07,649.8809204101562,653.5275236928608,643.17964084008,651.1832869841245,24316318
2020-12-08,651.7989501953125,657.7187980398132,646.5184343558151,651.1832628950788,19457896
2020-12-09,666.4327392578125,667.7825107573249,651.206937503077,652.1304106028376,22069074
2020-12-10,656.3215942382812,663.9700482247549,651.5383693617736,662.0756971599196,19727966
2020-12-11,654.8772583007812,660.6550065599108,650.2360745568154,658.3107699836195,21356384
2020-12-14,649.8335571289062,657.3399127257109,647.8681560581934,654.9719735588316,17222050
2020-12-15,658.9027709960938,660.631320326763,646.920975772821,653.9300987811489,21561436
2020-12-16,668.09033203125,670.9792640576541,660.4182322709024,664.9173166786283,16832092
2020-12-17,682.8189086914062,684.3343665170745,665.1540607427205,671.831637116775,21924478
2020-12-18,668.3981323242188,681.8243349393504,666.0065486123938,679.5984953959074,22995918
2020-12-21,650.0702514648438,674.3179216949129,647.2523696013045,671.3106509758467,23761824
2020-12-22,650.2835083007812,655.8245211990293,636.9757003974331,655.8245211990293,22851558
2020-12-23,651.4911499023438,654.0011308688444,644.576778722014,647.6313972886575,15467394
2020-12-24,661.6495361328125,664.9173036746126,652.1304324501009,658.0029330191164,14952188
2020-12-28,669.1085205078125,672.9682726910083,664.9172799846416,665.3908677908984,11699194
2020-12-29,675.9044799804688,679.4800909681309,672.4946709703752,672.9919612810602,14495346
2020-12-30,678.4146118164062,681.9191735548343,669.1796485141934,681.9191735548343,16216726
2020-12-31,680.2142333984375,683.8608366188828,674.8863702322585,679.5985460859396,22145750
2021-01-01,674.8863525390625,683.3872308658292,672.7788520330828,681.9664673920958,8810938
2021-01-04,670.600341796875,681.0192736609507,662.5493489928165,681.0192736609507,15740192
2021-01-05,675.667724609375,677.5857784188031,667.2852432584963,672.1158159334071,14386824
2021-01-06,672.755126953125,681.9663859162719,669.2268633949402,679.5984470762849,22134050
2021-01-07,670.71875,678.4618992939315,668.9664981906012,678.4145520741395,19894842
2021-01-08,678.0120239257812,682.9136463718647,673.962824881487,678.1777681029891,13768764
2021-01-11,687.3890380859375,693.758829135686,680.2142286543354,686.7023588514919,17331392
2021-01-12,701.3834838867188,704.5564988055578,686.2760225365455,687.862529995965,20388156
2021-01-13,696.4819946289062,708.9136758960336,692.432795320349,707.0193244648524,16934650
2021-01-14,695.5820922851562,704.6986575797872,689.5438477393617,696.7187145853906,12297166
2021-01-15,694.5875854492188,696.9555245413233,684.3343976182036,695.7478524799448,14165236
2021-01-18,702.3781127929688,711.7314726176702,694.7533601436431,696.1267764395999,42825632
2021-01-19,712.205078125,715.8990864870037,694.7533773788126,706.4983792073738,17360254
2021-01-20,706.593017578125,710.8553078986365,703.751490697784,710.8553078986365,13346052
2021-01-21,698.4473266601562,707.7059336769149,695.2979561553767,706.5930138834698,26333054
2021-01-22,683.647705078125,695.1795566696569,682.0374949646825,695.1795566696569,15392364
2021-01-25,692.7879638671875,701.3835947711163,689.1413606041951,693.853536512856,20344718
2021-01-27,667.5694580078125,697.0740057875922,665.9356029610964,695.2270015102044,23556276
2021-01-28,649.501953125,663.6385949413054,635.5548157983885,658.2396825593556,42704446
2021-01-29,658.5238647460938,667.1668424746923,646.2105814067206,658.9264028315245,28704502
2021-02-01,699.370849609375,702.0939797162,663.496570375984,667.8772579391374,26370544
2021-02-02,739.0574951171875,747.5583733559366,709.1504127425507,710.8553173311757,42420206
2021-02-03,745.80615234375,749.0738621856243,730.272448092601,747.7951981441097,20237254
2021-02-04,747.8424072265625,752.0573497793404,730.9589923144664,741.6384192408357,24484684
2021-02-05,756.6038818359375,766.3834817798823,733.1139377693545,733.1139377693545,27054716
2021-02-08,760.2268676757812,772.7295980086683,755.7040807536468,767.2122882010688,17447580
2021-02-09,763.3526000976562,771.0010557944302,751.4418535518959,762.4764740964574,18421366
2021-02-10,749.0975341796875,764.7732794572811,742.1121138356696,761.6949586277138,19788006
2021-02-11,744.6458129882812,756.698657949199,740.7860606113193,749.2159471102909,13648618
2021-02-12,749.1922607421875,754.1886355811185,744.9536726964518,745.3799133148704,9910106
2021-02-15,765.6021118164062,769.5802613449466,756.1777019768093,757.787912239673,10355244
2021-02-16,770.3616943359375,777.1576684792043,761.742360705804,767.7806058448106,13897358
2021-02-17,751.3470458984375,768.0647183895073,749.6894885957936,767.2122372237433,12794426
2021-02-18,736.0975952148438,760.5583606487642,733.1139687293299,760.5583606487642,14720560
2021-02-19,728.8989868164062,740.7860292853279,726.0101127375784,731.6931664576377,17139508
2021-02-22,733.1138305664062,745.379764745965,729.0646322150391,731.7167698405683,29451838
2021-02-23,724.186767578125,737.7076640521351,721.1084469986505,735.8370154397809,18239906
2021-02-24,760.795166015625,764.3470748323017,718.0775657714667,722.931841154258,14314332
2021-02-25,760.771484375,774.908069216845,758.6876864081806,762.3579920072215,20109570
2021-02-26,726.673095703125,752.4836295180887,720.3270079368773,751.6075036939108,27912846
2021-03-01,738.276123046875,744.7406088677005,729.6567893487684,740.6914095593214,13536018
2021-03-02,742.6803588867188,751.8206264779094,734.53467191637,746.2322673582679,16110038
2021-03-03,751.5128173828125,755.8461574794367,741.1649351223799,750.1631036638017,11222410
2021-03-04,735.031982421875,744.0064482821596,728.8989856058892,733.3744250896104,16291438
2021-03-05,724.58935546875,731.9773138054445,720.3744123616639,725.0629432827818,17445822
2021-03-08,719.61669921875,736.4290669859535,716.3015844477521,730.272425268386,15117050
2021-03-09,739.9808959960938,741.4963537466908,728.4963924902344,731.6931099609376,15066696
2021-03-10,736.7842407226562,745.9008061309231,735.0793361565595,744.4800426906737,11055016
2021-03-12,734.9845581054688,757.7404748656829,726.9809705885083,757.7404748656829,15631204
2021-03-15,723.9500122070312,733.303371388489,717.6276265503748,733.303371388489,12230386
2021-03-16,716.1358642578125,729.5147207460253,715.1176388389844,725.0156362632634,13722366
2021-03-17,708.1795043945312,728.8516234041614,705.7405156649922,721.8662033617888,21064428
2021-03-18,706.119384765625,720.8243085586888,701.4545566632114,715.9463312672258,18065540
2021-03-19,709.19775390625,715.6858838559789,698.0921427541265,703.2779062108723,21235020
2021-03-22,695.7716064453125,707.9664936714229,691.6277127277023,707.9664936714229,14015632
2021-03-23,710.4527587890625,713.9099150865279,695.7478342871996,696.1740748748355,19761428
2021-03-24,700.3417358398438,713.4363936460627,696.6477274847226,706.0721372637486,16368900
2021-03-25,693.024658203125,708.2742192275458,686.8206699198174,705.7404783853448,23964356
2021-03-26,706.261474609375,709.9080773660381,698.0683829469915,707.5401384822288,12021258
2021-03-30,735.8134155273438,740.0047142264807,711.1158555293341,713.5311419893512,25607644
2021-03-31,707.3744506835938,733.1139368392285,704.698667969491,733.1139368392285,30774506
2021-04-01,704.1066284179688,710.0975253674159,693.8060942541276,710.0975253674159,35763762
2021-04-05,686.5128173828125,703.2778359432572,677.7040964544115,700.9098971016974,16006586
2021-04-06,682.0848388671875,692.6932173036304,678.4855830970582,691.4381980531808,15075734
2021-04-07,685.3762817382812,689.87536610547,673.228800195683,681.6349841449041,25088180
2021-04-08,678.5567016601562,691.8645088213298,677.467426469423,688.123153205223,17613592
2021-04-09,673.3235473632812,678.5567163982668,670.1741764974265,675.3362957904267,28157816
2021-04-12,647.418212890625,662.5493196905331,640.7642813018523,659.7077929441834,22549128
2021-04-13,663.188720703125,666.0775949671928,644.5530507466788,647.8681656292848,18600682
2021-04-15,677.2778930664062,680.4035609465851,658.7606218714734,665.3908509916752,34444984
2021-04-16,676.5912475585938,684.3343968185246,674.1522587343736,679.5748161245511,15606526
2021-04-19,668.8954467773438,671.4054275301584,649.9045868073125,658.2870680749406,24069242
2021-04-20,658.9501342773438,675.5257087311528,655.4218701712806,674.8626741907973,23186270
2021-04-22,673.6787109375,675.7151617997141,649.3126393851161,653.5512274824252,38485312
2021-04-23,669.7242431640625,679.4090911892929,663.1176582311249,667.2852542707776,22713528
2021-04-26,665.2960815429688,676.756881748386,664.325203549719,669.1794778939604,30170952
2021-04-27,681.350830078125,682.9136931382856,665.2962478960185,666.4565150269433,20592906
2021-04-28,699.3944091796875,700.436279100601,677.7040672028128,680.1904028791333,24103940
2021-04-29,697.3579711914062,712.1102413631912,691.9117119936466,703.8461003286831,24078552
2021-04-30,668.84814453125,688.5020403312811,666.5748997239481,684.3344441215665,35232902
2021-05-03,669.8662719726562,673.394535934582,652.2725306270976,659.7078363110799,22473700
2021-05-04,657.505615234375,673.9154441830442,655.1140315140075,667.7351002247756,21486328
2021-05-05,664.2542114257812,667.5693258995556,654.3562152204534,663.4964825368345,14421612
2021-05-06,663.44921875,668.1377499432683,660.6550389228186,666.6222341637894,11477044
2021-05-07,670.00830078125,674.838872933729,667.877155806155,669.1558196668091,12048334
2021-05-10,672.4237060546875,677.230634357259,669.0849463551311,675.8098707886772,11060050
2021-05-11,664.7042236328125,674.4837660986876,660.678727067445,661.128612382698,14519034
2021-05-12,662.7861938476562,667.09583170597,657.7424716999027,662.9045908097584,13774926
2021-05-14,656.7952880859375,662.5020447148758,654.6641427937886,660.3471969061856,10604142
2021-05-17,682.0848388671875,683.1977586511666,654.1668607756777,660.726040338843,15120692
2021-05-18,699.3470458984375,702.2122750684749,689.0702142806481,690.9408628719897,22165280
2021-05-19,690.5858154296875,700.3654165997244,687.9100901877404,696.2688699233435,10130916
2021-05-20,678.5567016601562,694.232448095952,676.5202507595741,690.6568366668654,10684184
2021-05-21,709.10302734375,711.2815196347564,683.3871869956029,683.3871869956029,19341646
2021-05-24,715.0938110351562,720.0664824869762,709.6712543382882,711.9207961855401,22146102
2021-05-25,700.4127197265625,716.8935998449266,696.410925563643,715.3544393498013,19236974
2021-05-26,699.5128784179688,704.2250538719275,696.1740613259808,700.9099392941847,12283990
2021-05-27,702.1651000976562,705.172371651629,692.5985899863533,697.6423126016739,20439496
2021-05-28,712.0155639648438,716.5383506375555,700.3179682784436,706.0720716848272,17750020
2021-05-31,717.8880615234375,719.6166685711843,704.461858834904,710.3817063881385,15661054
2021-06-01,715.922607421875,723.1685234134856,713.8151649737893,719.9955084849281,11030162
2021-06-02,712.276123046875,715.2123445786457,707.0666567213992,715.1176501334982,10624016
2021-06-03,720.1139526367188,722.1976927085534,704.5802496675188,714.1704026204795,10287260
2021-06-04,710.8316040039062,720.1613185961918,710.002825332082,717.9591237059993,9424476
2021-06-07,710.3106079101562,717.011886442744,708.4873065510865,715.1175353557089,8091668
2021-06-08,702.3543701171875,710.9973469774541,701.6202859443782,708.7478050549189,9872540
2021-06-09,701.0521240234375,711.3289573399608,697.1450242244664,702.7570287371487,10223442
2021-06-10,701.4072265625,705.1722264064853,697.90266531903,701.9044590603982,11483540
2021-06-11,703.917236328125,708.7478667213167,701.4072555985663,706.1194312271526,7205974
2021-06-14,700.6494750976562,703.7514984338662,692.645887212192,700.0811928397461,8881964
2021-06-15,705.7642822265625,708.4874123207096,698.4473731849562,703.7515338961059,7569602
2021-06-16,703.0885009765625,707.5402382681639,700.0101799934681,704.6987112068459,7702098
2021-06-17,694.3270874023438,700.3179848535726,691.4382132789289,694.2797401828149,9283802
2021-06-18,700.8152465820312,705.6458189970701,689.0702460676088,695.9372691383855,11938060
2021-06-21,705.0301513671875,706.4983198306301,690.9646164997872,692.0775362938388,7260472
2021-06-22,702.7096557617188,714.17045829429,700.909998856465,708.960992086573,14366824
2021-06-23,703.5147094726562,709.3398628067645,700.2469419391567,705.645854671328,7844868
2021-06-24,713.3416748046875,716.7514840843272,704.6986968360997,705.6458725038901,14785024
2021-06-25,717.532958984375,720.8007267981603,713.6969088599393,715.6386075341827,10383176
2021-06-28,714.336181640625,721.2742548134761,712.749673994932,719.8534913437187,9356786
2021-06-29,714.4313354492188,717.3564596471477,709.722512551715,716.7857178673613,10971692
2021-06-30,712.4574584960938,717.7370233979096,710.6500126812062,712.5050106362283,9679022
2021-07-01,707.154052734375,714.4075246053683,705.3704121103602,714.4075246053683,16911442
2021-07-02,704.1337890625,708.3431694594663,702.516609898695,706.321710020015,14827036
2021-07-05,711.2921142578125,715.5966570879147,706.107711679034,708.6761078676606,7373882
2021-07-06,729.9608154296875,732.481717291606,711.5536682261314,712.0293057048922,17669032
2021-07-07,732.2439575195312,735.0264253821098,726.6314115936917,729.627951175681,9629190
2021-07-08,723.1830444335938,731.3877916578379,719.8535817918715,725.3472183752016,8420922
2021-07-09,714.4075317382812,721.0664568010882,712.2671629680933,719.4255306350982,10695842
2021-07-12,707.2730102539062,714.4075732356201,705.8460976575634,714.4075732356201,14458978
2021-07-13,714.336181640625,716.3576410548972,705.8936158516059,711.601265962492,18178142
2021-07-14,713.052001953125,716.95220640485,709.2230966806467,712.2671884304233,9788494
2021-07-15,723.302001953125,726.1796323666229,713.2898663223192,715.8345156127509,10438802
2021-07-16,724.0867309570312,727.701564317052,722.3982526817174,726.7502893243508,5170628
2021-07-19,699.6627807617188,708.1528987460736,697.2845931996463,707.2729809603507,25111600
2021-07-20,686.416259765625,691.5769149534121,683.0867973139923,685.8692650363275,24174250
2021-07-22,689.0560302734375,698.4736760969855,687.2961947294137,692.5757594227039,13207114
2021-07-23,686.22607421875,693.2179229686257,682.6825977011295,690.3879027749199,13126684
2021-07-26,682.3257446289062,686.8204954222465,679.2578481609638,680.1615709513936,13167166
2021-07-27,684.799072265625,689.6268043734378,683.0629838249257,683.0629838249257,22401430
2021-07-28,674.12109375,684.2996904317964,667.7950913834882,682.5636598981887,20670342
2021-07-29,674.5728149414062,680.1377498941217,672.2184327832294,679.3291894518339,13702230
2021-07-30,678.4730834960938,680.9939854514296,669.6737898129428,674.9296073725011,11655488
2021-08-02,676.6657104492188,682.5398220441142,673.6216187944088,682.5398220441142,13258786
2021-08-03,682.3970947265625,684.8704445513364,670.6488717578449,670.6488717578449,12033120
2021-08-04,696.9517211914062,701.3275634015005,684.9180680218112,685.3937055690486,22053948
2021-08-05,706.2503662109375,716.8095540851317,693.1941393958622,697.8078001562104,18822408
2021-08-06,709.9603271484375,713.4562511669117,701.0896761466853,705.632037503602,13339270
2021-08-09,715.311279296875,716.9522055194989,702.0409808514629,709.6511811858961,10998048
2021-08-10,717.0949096679688,722.8501119757157,708.224258418714,708.224258418714,14838346
2021-08-11,711.0543212890625,722.4220701727036,709.19938132137,720.5433251033847,12585786
2021-08-12,714.1221313476562,717.0710605291638,708.3669293933626,712.0293148021268,8597674
2021-08-13,725.9180297851562,728.2011133257563,713.931986350072,714.0270906387526,16658428
2021-08-16,728.0107421875,730.1035587891065,723.6586474723767,725.8941785477451,6252778
2021-08-17,720.42431640625,724.8715152055369,715.977117606963,721.6371571363015,8282666
2021-08-18,719.6395263671875,744.5391374947473,717.4278004141593,740.4248615711514,22985932
2021-08-20,720.471923828125,722.8739164966347,706.8211504103504,706.8211504103504,13150406
2021-08-23,725.1569213867188,729.2236452390042,717.570526480986,727.6540182634369,10843054
2021-08-24,741.447509765625,744.1348732691891,726.5124805626797,727.725379419533,18381314
2021-08-25,740.7578125,744.277541414522,736.286808638916,738.2369106671249,7727974
2021-08-26,739.5211791992188,747.226483172308,734.1226473371297,737.2380960643395,11119002
2021-08-27,736.5009155273438,741.3524532058019,734.978898644625,738.1894519957664,6382138
2021-08-30,745.91845703125,746.7508225978399,737.9990815997371,739.9016314662284,9049166
2021-08-31,752.1731567382812,753.100626642032,743.040881869667,743.6592338463132,12062576
2021-09-01,751.0791015625,760.0686611698048,748.8911808584842,749.1289995885123,12422558
2021-09-02,755.7880249023438,757.2149374729586,747.3454588595391,748.701014189379,9618524
2021-09-03,749.6285400390625,760.0687604261853,745.9423492422521,754.4086623001291,10735334
2021-09-06,744.7056274414062,751.959099481168,742.9219867758911,751.4834619703639,7876896
2021-09-07,746.3941040039062,752.4584817805828,739.711374288259,743.1835510633127,7245496
2021-09-08,749.794921875,751.7450238964017,744.6580139570113,747.6783002895594,6724080
2021-09-09,746.0850830078125,751.2457390461011,742.4702490768267,748.653537506038,8250948
2021-09-13,739.8779907226562,753.4098553676172,738.9742677939986,742.9458295986225,8959164
2021-09-14,736.5484619140625,744.1348566916412,735.6209339673617,741.9944879763249,9758506
2021-09-15,735.716064453125,739.5211642267409,730.1035190625556,730.1035190625556,14822998
2021-09-16,741.9706420898438,744.0397115165498,730.721862464464,731.4115135658899,10260550
2021-09-17,752.5299072265625,755.788012597511,741.6139914023458,746.2752622816204,20498102
2021-09-20,741.923095703125,752.3157628066822,741.0431779961812,743.8970028151653,8781610
2021-09-21,738.1655883789062,746.1087693954601,727.2259259755568,742.9457684361612,14774996
2021-09-22,729.4852294921875,737.3095014073501,727.7253939209189,736.7625066558845,10582202
2021-09-23,746.7509155273438,747.702190578971,733.4330648045631,733.4330648045631,13664304
2021-09-24,761.75732421875,764.8013580210053,749.1291243270337,751.0316744840547,20806702
2021-09-27,772.95849609375,777.9051377473095,764.8251063880609,768.487491944163,16415462
2021-09-28,768.1784057617188,776.2404385627441,752.4585623812875,776.2404385627441,12773790
2021-09-29,758.0947875976562,764.1591654813507,753.9567647367983,759.5930572752828,16263036
2021-09-30,758.6180419921875,764.0403213516778,752.9817489724259,754.361109397566,15975348
2021-10-01,752.7914428710938,755.7879823250635,744.4915917774107,752.9341573446038,11128596
2021-10-04,754.2421875,761.6621211029538,753.2195552330974,755.7880094198329,7051028
2021-10-05,758.8558349609375,759.8309150717456,749.7236180793985,757.2149087913734,10257178
2021-10-06,768.1070556640625,773.7909008998,754.8367570191563,759.1174947716279,18600830
2021-10-07,766.0142211914062,774.19516325999,764.3494898817696,773.6719736034911,11265724
2021-10-08,762.2803955078125,771.4839688507248,761.0913018443557,766.7275941968978,7245562
2021-10-11,777.0965576171875,782.4236743028476,760.5443496718865,760.9724350269096,13080848
2021-10-12,775.098876953125,780.7827800509983,772.9109560129631,772.9109560129631,8176946
2021-10-13,779.7601928710938,783.8506640933167,775.2891883932683,778.6186511655094,6225644
2021-10-14,802.5907592773438,803.827405211579,779.094254281992,779.094254281992,14757288
2021-10-18,794.4573364257812,820.4746843514532,792.9115145567133,810.9619343879581,28856456
2021-10-19,803.208984375,804.9926249141711,794.7902242545991,796.9067878032625,8987540
2021-10-20,796.145751953125,807.9891363363912,791.6747482104557,803.399223228551,10908568
2021-10-21,797.3111572265625,799.998462628159,789.962523081634,795.1707884960194,9738190
2021-10-22,799.427734375,812.3888563513312,794.6713593378141,799.1185583853392,12175554
2021-10-25,788.1312866210938,803.8273231078144,767.5837711720544,803.8273231078144,16426766
2021-10-26,786.1099853515625,796.145926358236,783.0658933241002,784.801982048149,12090656
2021-10-27,781.3773803710938,791.9603157232438,778.7613738795511,786.109950708577,13249642
2021-10-28,757.9759521484375,784.8019203094409,754.9081133208074,784.8019203094409,17797750
2021-10-29,752.86279296875,761.9712625572553,741.9944878834696,756.2636126504593,12406874
2021-11-01,763.5409545898438,766.2520653021783,753.1958382519653,753.8854894500015,8122320
2021-11-02,764.2305908203125,771.4840630530865,761.043842637615,763.873862677717,13237722
2021-11-03,752.1968994140625,765.728821094555,749.3906846195152,763.4457378753382,10207338
2021-11-04,758.142333984375,759.9973317587402,756.3111413083693,758.6417765602017,1096808
2021-11-08,761.1389770507812,763.2555408894857,746.9649550660273,757.2625194688669,18943580
2021-11-09,747.8211059570312,758.4515931319643,746.2990890867115,758.4515931319643,12695476
2021-11-10,739.7352294921875,746.2752451845312,737.2381325914745,745.7996076796335,13714126
2021-11-11,736.4295043945312,739.5687000261834,730.3888738006117,737.2618699516246,7999404
2021-11-12,738.6651000976562,741.5427304410064,734.8838048767004,737.2381874767336,14914092
2021-11-15,740.6865234375,747.6308195742927,739.3309681261308,742.9933537829838,9533594
2021-11-16,736.2868041992188,740.6626457025319,733.2427127763331,739.6162664921093,8245406
2021-11-17,728.1058349609375,734.3842261047051,727.0118455965297,731.0072118067511,7598878
2021-11-18,732.1964111328125,734.1465133558511,725.4661286012387,725.8466618423676,9152874
2021-11-22,720.7572631835938,738.5223119294355,713.0044068868091,735.3355639518028,15261272
2021-11-23,720.8524169921875,726.6789762107248,711.7201424006887,714.4075058157676,11235214
2021-11-24,722.0415649414062,730.7456967746908,720.1390148495992,724.8715849784808,30802286
2021-11-25,725.7990112304688,729.294993262682,716.7857039376246,720.4956996177941,10251652
2021-11-26,708.6524047851562,716.6430808721778,706.3217691534823,713.4563324782649,18624936
2021-11-29,714.05078125,717.0948727956322,695.3820097835137,710.9829426666183,12990996
2021-11-30,710.388427734375,727.2497542737889,707.058965157582,711.0780789007943,25221542
2021-12-01,715.6680297851562,716.8095714832115,708.2718428796858,711.0781159528814,8677634
2021-12-02,725.7039794921875,727.1546972193483,713.4563127893044,715.5966817276724,11203110
2021-12-03,719.9011840820312,730.5554179694886,716.8095402344054,725.7277436410184,8124694
2021-12-06,715.263671875,722.3982341371078,712.1957752655638,719.6395135046063,7029532
2021-12-07,725.6800537109375,728.6765929508213,718.1650166360319,720.0913135234882,12427534
2021-12-08,739.0455932617188,739.6401401548495,729.6279472500399,730.5792222790491,15295534
2021-12-09,726.22705078125,739.4735425502554,723.9202206915519,734.9549866392372,11747744
2021-12-10,724.1819458007812,726.7741471193556,717.4754101669981,725.2996823860045,7779384
2021-12-13,718.7597045898438,731.3640998278455,716.8809014063122,725.8229106864412,10322142
2021-12-14,714.6215209960938,721.0664321863622,712.0531250085195,714.6453260949929,9191100
2021-12-15,713.456298828125,724.5624236009718,711.387287173768,714.8832114257813,10115148
2021-12-16,713.5037841796875,721.5420693396168,710.6024071149554,719.5444151143828,13210432
2021-12-17,700.6378784179688,716.3101116196879,698.0931712139019,712.0293739008451,14994768
2021-12-20,678.0926513671875,693.4795137394923,672.599014710812,690.6256885800706,21156668
2021-12-21,685.774169921875,690.0311023174055,680.1616242039565,684.6801804486681,9118750
2021-12-22,687.391357421875,692.5282661369407,682.8728007403497,690.7684304433625,8577484
2021-12-23,686.8681030273438,693.3843716225142,683.4197311478777,691.220197770224,9779166
2021-12-24,684.3948364257812,690.6256763008242,679.2103758660999,687.5340324330864,5561024
2021-12-27,690.054931640625,691.5769484677854,676.4279051909655,679.6384584249116,4705098
2021-12-28,694.811279296875,697.7126564182305,691.2915502045277,694.7636690981695,5450678
2021-12-29,691.505615234375,694.9064352050838,688.4377763732563,692.5520526429435,7668702
2021-12-30,695.1442260742188,697.6888751595437,687.2962071004079,693.7173135335258,7215918
2021-12-31,703.6580810546875,706.2265349915142,695.1441587739171,695.1441587739171,6325736
2022-01-03,722.8025512695312,724.3959253104654,704.1813312029835,706.3216999908345,9069184
2022-01-04,727.0357055664062,729.1047170271323,717.1662276895983,722.9689818191866,8857352
2022-01-05,744.3013305664062,747.7021503050373,726.8216524342752,730.9597335226943,14332638
2022-01-06,732.36279296875,739.4973550044904,727.749132743457,733.9086147431605,9628930
2022-01-07,737.499755859375,745.2050602081262,730.5316548059,734.3843069802756,11179384
2022-01-10,741.5902099609375,747.7021401431209,735.0977465592833,741.0432152309048,8856496
2022-01-11,744.80078125,746.1325314282669,736.191754015291,742.731769713943,8389198
2022-01-12,740.401123046875,749.9138730090968,738.1893970684148,745.7995970381922,21085530
2022-01-13,726.7741088867188,739.6163215437484,723.1592754547615,739.6163215437484,41963896
2022-01-14,734.9313354492188,736.619813831022,722.493402522968,727.7254153127986,11208968
2022-01-17,723.6824340820312,740.0919273293728,722.5646976035137,727.7253527081879,22989372
2022-01-18,727.3687133789062,737.6662778076644,724.3959787321066,729.1523541669859,12341152
2022-01-19,722.2317504882812,732.3628526288228,719.8060108107658,729.6279369589961,14317626
2022-01-20,717.7369995117188,727.0119309169397,713.5038140786304,726.9881258170541,15197846
2022-01-21,723.7300415039062,727.6303040191038,706.6070907204011,713.4562826460474,11537694
2022-01-24,707.1065063476562,723.5635523601698,698.0218416410312,718.1888253449379,11868508
2022-01-25,707.7724609375,711.0781185988046,686.8206041850661,693.7887057220415,13594248
2022-01-27,701.54150390625,706.321683981928,682.5398091003816,689.6743715648455,28617838
2022-01-28,695.9766235351562,707.1303005135713,694.4308015454147,702.7544584132536,24925208
2022-01-31,706.6546630859375,709.4371891168743,697.6651601162798,700.4951802272873,12842546
2022-02-01,712.0293579101562,721.542108182837,700.8280712395866,717.4991893169476,14739484
2022-02-02,728.2960815429688,730.1035271800179,716.1197737442617,719.1400601109066,13969290
2022-02-03,720.7572631835938,732.457933895551,717.7369767162163,727.1308172000766,10564762
2022-02-04,724.8715209960938,729.0809010904223,720.1626983222618,726.9643375245986,11579958
2022-02-07,698.3071899414062,722.4933446051142,694.4307328001756,719.2114343241577,12268042
2022-02-08,695.3107299804688,703.2063015747357,687.0822353308985,702.2312794492199,13981130
2022-02-09,712.314697265625,713.3135243877856,697.7602016051236,701.0896640531371,11308342
2022-02-10,725.3947143554688,730.3413557953064,714.2410385936968,720.1151499017218,14314530
2022-02-11,722.4219970703125,725.3471792743838,713.2184231619269,713.5751512828815,10711104
2022-02-14,700.947021484375,713.1946881745109,698.8542627513499,708.6999366331057,14656620
2022-02-15,721.9226684570312,725.2996833180713,700.6378889247106,702.0409964179948,13135066
2022-02-16,720.947509765625,729.9846218788012,716.7856818187674,729.7943552747017,10032264
2022-02-17,716.5478515625,723.9202323784434,714.4074829385164,719.687047265433,7351208
2022-02-18,719.330322265625,721.5420481321954,708.9138499717109,712.6476505919669,7796128
2022-02-21,723.9678344726562,728.0583054018553,711.3396935564448,715.3588072476773,7468066
2022-02-22,718.5455322265625,723.9678112195843,707.7247793394828,708.6047551441089,9536196
2022-02-23,713.8843383789062,725.6801135920207,711.3872414933543,725.3947427030585,9029562
2022-02-24,675.119873046875,701.5415010977686,669.2933137242217,689.6268166665427,23630766
2022-02-25,692.5757446289062,697.2370153028564,681.5171728738023,684.8941874749454,18318654
2022-02-28,678.3779907226562,684.2283552518861,672.5752363928466,678.2590813465437,24880832
2022-03-02,653.6448974609375,665.1315558068055,644.2035037869538,659.4714573982826,38505560
2022-03-03,652.0990600585938,662.0874482870623,648.2464076398575,656.8554354054835,17527922
2022-03-04,649.958740234375,659.2336728612103,635.8798797566552,646.86709602543,21219364
2022-03-07,630.1245727539062,633.7156009825043,616.9256323482289,627.1280333292115,27054458
2022-03-08,631.551513671875,634.5004430311901,614.5236674634915,619.3751468768733,39212492
2022-03-09,652.17041015625,653.8588885491644,627.2945441400525,632.5979142059786,23134694
2022-03-10,662.4203491210938,678.7347392382749,656.4986852373013,678.7347392382749,22273206
2022-03-11,664.3704833984375,670.149432575976,652.9075731964616,660.1848501728542,15150780
2022-03-14,686.130859375,689.6743353216494,673.0270237794027,673.0270237794027,25018126
2022-03-15,677.3078002929688,689.436556548215,671.4812409154484,686.5827315469807,18867928
2022-03-16,688.79443359375,692.0525387446689,683.1105308271242,688.2474388752825,13364108
2022-03-17,703.9673461914062,708.6048120871039,699.4487896776494,700.1384408684183,14823954
2022-03-21,707.03515625,710.4359760473683,700.5189456092843,707.2729750042046,12257876
2022-03-22,710.6737670898438,712.5049598135698,693.0989270027054,704.561836957358,10461814
2022-03-23,703.5867309570312,722.398216212513,700.8993676260746,716.7856708144304,31188256
2022-03-24,686.178466796875,699.0206795927611,682.3258145703531,697.2845910655177,20160044
2022-03-25,680.5897216796875,690.6256614843303,674.9296237233227,690.1500239764209,16366462
2022-03-28,681.4934692382812,683.966761144496,666.6535436173285,680.58974632828,15754886
2022-03-29,690.5305786132812,694.5496924552175,680.16165739494,685.3936701441318,12377448
2022-03-30,702.4927978515625,705.2515186367268,691.6007453109708,700.1384153992661,20109742
2022-03-31,699.3536376953125,706.1790247075883,697.2370738898979,699.6628137051833,14295714
2022-04-01,716.3101196289062,718.2126697474425,699.3298830454588,702.2312603639822,14568556
2022-04-04,788.0363159179688,819.0954130904593,743.2074768388039,751.507328860271,97450970
2022-04-05,764.9440307617188,792.7450201895066,761.9712963036054,792.7450201895066,30922582
2022-04-06,737.6423950195312,756.1685102240006,735.9776637926485,755.1696250388968,27027860
2022-04-07,721.4231567382812,733.1238272791691,719.9724391818007,733.100080241604,40781732
2022-04-08,720.42431640625,725.7038807905826,712.1720177896111,719.2114176149829,41256322
2022-04-11,711.6250610351562,718.2126288330701,710.245700665551,716.3100788229164,20799066
2022-04-12,710.3646240234375,716.7143731950656,704.0148748518094,705.8460676603825,27435402
2022-04-13,696.7852172851562,714.5503265233343,695.6912857386209,708.6999613361365,28892520
2022-04-18,663.7283325195312,680.9464450214841,661.15993644386,674.8582617385757,45620376
2022-04-19,638.400634765625,660.9221170332797,631.1709679279387,656.8078410106541,74096022
2022-04-20,644.1558227539062,646.8193808657757,635.1424582257645,644.2271219225465,49325736
2022-04-21,653.6924438476562,656.2847032867525,643.68030843123,649.2452444448392,52446270
2022-04-22,644.774169921875,654.168010350688,641.706331335433,646.8669864904109,20659148
2022-04-25,649.6018676757812,651.9325028659932,628.9116379529942,642.1105776037376,20935488
2022-04-26,652.5984497070312,657.3072144691479,645.5114394033479,652.5746446077407,17016842
2022-04-27,652.8362426757812,655.904081179801,645.0119713376686,646.8669691113338,18054334
2022-04-28,652.2655029296875,655.9041415782432,647.8658558596376,652.5746789306378,20773722
2022-04-29,658.5677490234375,668.1518573977863,652.3607137487355,656.5462894086016,28401476
2022-05-02,667.6524047851562,668.9604080458433,647.8421473040924,647.8421473040924,19494316
2022-05-04,644.9644165039062,667.6047487158417,642.1105916521191,665.8924654170124,29055916
2022-05-05,643.5137329101562,654.0015630179496,640.4458942572139,654.0015630179496,17862912
2022-05-06,626.699951171875,634.9760551888268,624.5120303093106,632.5978677162095,26731268
2022-05-09,627.7700805664062,630.9330812402754,616.1883202011134,618.3286887390562,32762434
2022-05-10,637.8536987304688,643.537543685614,625.4871236116026,625.4871236116026,20113812
2022-05-11,641.4447021484375,644.4887936717504,631.9557575251372,643.5375186995411,17102924
2022-05-12,626.9856567382812,638.4133907389254,622.1498973824371,635.6706993369925,22382290
2022-05-13,621.35595703125,634.1790892090257,619.262889083472,630.353829122959,16768238
2022-05-16,627.9719848632812,631.292053906236,618.4448991695826,625.0368734940553,9804356
2022-05-17,632.2544555664062,633.6979588896172,624.6519812363082,631.580808934981,16641444
2022-05-18,632.2063598632812,641.5410265716883,630.3297937681616,637.0902245927911,15732384
2022-05-19,619.2869873046875,623.7858941010936,615.0767694162303,618.8779477207698,20537506
2022-05-20,635.5985107421875,637.1623059170763,621.837124950426,626.9615731938593,13919350
2022-05-23,627.4427490234375,639.9290287015857,625.0850152898169,632.2544265466233,19486320
2022-05-24,634.63623046875,637.5473190805823,624.0265159854545,625.5181243809486,12870796
2022-05-25,639.3756713867188,642.8159734964427,636.6810852434131,639.9530491395458,12887112
2022-05-26,657.6119384765625,659.6809832899339,644.7647830842534,645.7993054909392,26992428
2022-05-27,669.8095703125,671.0846178237094,659.5606740424182,660.0659236596756,24031718
2022-05-30,674.3806762695312,683.4987815396562,672.8890092715018,678.5668121550864,12624674
2022-05-31,668.3179321289062,675.944488061126,664.0115042012508,671.662083279525,13485388
2022-06-01,671.1568603515625,673.8513881488794,663.6025497657505,664.0115306279351,12091896
2022-06-02,666.4654541015625,667.860852355906,663.3378636546508,667.4999765351084,11475020
2022-06-03,664.1558837890625,673.995741003826,662.231212745682,672.8169034842749,6957244
2022-06-06,663.265625,667.3796325306656,654.7008747630125,662.2311613834544,6173266
2022-06-07,655.63916015625,661.2688580365657,651.5492343077399,655.3504712553794,10253966
2022-06-08,657.9487915039062,664.4926611407994,652.9446351687653,660.7876929692908,5986588
2022-06-09,662.90478515625,664.9979118561328,653.016823143348,655.4707669191479,7311816
2022-06-10,650.105712890625,658.213377451669,646.4969548898966,654.436222491499,9155430
2022-06-13,638.3170776367188,639.9530596115558,629.5117437124109,636.8735744947378,10892572
2022-06-14,631.2921142578125,638.0284630380025,627.9239398677174,630.9312384303023,11870356
2022-06-15,629.1027221679688,633.1205196838177,624.7481894734992,626.3119845887259,11810470
2022-06-16,616.520263671875,635.4060979237764,614.9323865969412,630.3297546494468,12169192
2022-06-17,620.5860595703125,625.0368609279597,611.8528538077786,613.4888357837941,14723922
2022-06-20,636.1759643554688,637.547280721459,622.703267102487,627.7795517185277,15936840
2022-06-21,643.104736328125,651.5010895040998,637.0901398592911,643.2731332819936,13220684
2022-06-22,640.0734252929688,643.2972258536737,636.6811690239211,641.0357608318419,8159698
2022-06-23,642.43115234375,648.6141463686242,634.419697319756,640.193710492177,15372244
2022-06-24,651.4049682617188,655.1821236118307,644.0671595693715,644.0671595693715,8013432
2022-06-27,652.5838012695312,662.0868649193548,650.5388382056451,659.1998582409274,9804164
2022-06-28,647.6036987304688,650.0576425546589,643.9949405371601,646.6894682409041,9770574
2022-06-29,646.6653442382812,649.9373082816165,640.5545375901551,640.5545375901551,9994046
2022-06-30,648.6141967773438,651.5012035879254,642.8401831561805,642.8401831561805,12475822
2022-07-01,651.380859375,654.3881578947369,639.9772068826776,646.6653918015329,11472452
2022-07-04,652.2951049804688,654.4843831117648,645.8474450575549,651.3567925787985,8487480
2022-07-05,650.8275146484375,663.6987525096566,648.7585284770123,656.3128389795442,14325718
2022-07-06,659.80126953125,660.835791929005,648.18105675633,648.6141194735643,15049078
2022-07-07,671.6139526367188,672.6724981664967,661.3409744346241,664.0114788767993,17743142
2022-07-08,672.2394409179688,678.4465165399553,671.1087084709948,678.4465165399553,12474030
2022-07-11,676.5940551757812,678.3984342696596,670.3869793455802,670.7478551643559,7462880
2022-07-12,669.6893310546875,676.1610141176355,668.5345166503326,676.1610141176355,9876974
2022-07-13,653.3535766601562,670.8440115296884,651.6213846159309,668.8231306008078,15945610
2022-07-14,650.081787109375,660.4749999608194,649.2156615649611,655.3505510850302,10372410
2022-07-15,655.3745727539062,656.7458891263111,648.0367643942972,651.0199810197498,13595646
2022-07-18,648.3976440429688,657.3232708257327,645.7512213402739,648.6141460423058,20332220
2022-07-19,648.6382446289062,653.6905062823398,643.3213172038678,643.3213172038678,15792538
2022-07-20,656.8179931640625,659.7290225107647,652.1025262039135,654.3399677588443,20347862
2022-07-21,654.7490234375,658.9592412990309,653.473917137891,654.6528133808986,12640278
2022-07-22,670.026123046875,672.19137802261,655.5429848453301,657.275177078658,12729592
2022-07-25,671.9988403320312,675.8481821741008,665.5993447613678,671.2289837108764,10143126
2022-07-26,670.6275634765625,674.5971974845852,667.0428871698978,671.710190933296,8527964
2022-07-27,675.751953125,676.5218097245117,666.0564118856013,668.2938535156615,9212778
2022-07-28,681.7425537109375,685.182915066855,678.9277339602053,680.8764869533358,17420406
2022-07-29,690.0907592773438,692.2079091114783,680.9967358477592,691.9192202105274,20019736
2022-08-01,695.8407592773438,696.9474098698968,688.0939701842794,692.4003980885738,13193036
2022-08-02,688.190185546875,695.094931123578,684.7258011854689,693.8439067006424,15036510
2022-08-03,689.8020629882812,690.8365853805471,681.8146902206062,685.6399502739025,10975498
2022-08-04,688.9840698242188,696.1053168364679,679.8659062909707,692.8815166078793,12012206
2022-08-05,686.6505126953125,691.4140267889854,683.8116110098687,689.5134375282818,9268982
2022-08-08,703.4913330078125,704.6701705018421,686.6744848885744,687.1075476112192,15357736
2022-08-10,705.5363159179688,708.0383647964982,697.2361719881424,703.154500244152,17353102
2022-08-11,714.870849609375,717.4210619895695,709.5058765842018,715.2558072753152,18301766
2022-08-12,714.6062622070312,716.6031200233123,710.1794838724827,714.534075300651,8850370
2022-08-16,722.7861328125,725.8415362160341,716.0016794217771,719.2495616686834,12563756
2022-08-17,726.5151977539062,727.8865140946783,714.8949848396419,721.7516252798,12384350
2022-08-18,727.3812255859375,728.4398298215469,721.5831897478574,721.7515867041628,8342138
2022-08-19,718.4075927734375,727.5256989047398,716.9400075185597,726.563363324178,8063702
2022-08-22,707.4849243164062,716.1459430188553,706.2098181490651,714.4378329054255,8234066
2022-08-23,705.2957763671875,710.1795824902051,697.8857805878358,699.2811789385421,14966884
2022-08-24,708.6879272460938,709.9630335639699,702.1199755407531,703.4191637412739,13455520
2022-08-25,704.8385620117188,715.4002292936442,701.0614069473538,712.0801600941289,11823040
2022-08-26,704.9588623046875,712.9943990116683,703.0822963230394,708.303013425697,7706176
2022-08-29,692.5928955078125,695.7685910224809,687.3962601301372,691.4380811198513,8653178
2022-08-30,715.0633544921875,716.9158385123882,694.3731420244557,695.9850421787525,10135400
2022-09-01,708.3511352539062,716.6753023262013,702.023767412422,704.7904820543832,22403136
2022-09-02,714.774658203125,717.1804968372654,705.0069298539969,708.351080797229,12038086
2022-09-05,719.369873046875,721.2704621778411,714.101050906599,715.0633864131738,12131932
2022-09-06,716.627197265625,724.951423073854,715.2317990033503,721.2223729044177,12238696
2022-09-07,713.2349853515625,716.9399535633776,707.9421400567993,707.9421400567993,9776206
2022-09-08,720.5968017578125,721.7516160908172,713.1627836065959,716.9880436773584,11164690
2022-09-09,721.0779418945312,726.0820979884301,718.888663984653,719.92312760574,15128888
2022-09-12,718.6480712890625,723.676250465666,716.9399023895229,721.751579586768,11080492
2022-09-13,728.054931640625,729.4022248737516,721.0539759192867,721.2223728893526,13001966
2022-09-14,735.537109375,740.4690789237419,718.0706961615213,718.8887165967504,20219760
2022-09-15,731.7118530273438,741.4555010181163,727.5257166443482,736.1867370805904,13539372
2022-09-16,718.26318359375,728.8247925761237,713.5717978693896,723.2432582308112,20560046
2022-09-19,723.0027465820312,728.488071416577,712.1283657176579,716.4588760497247,12076038
2022-09-20,731.7118530273438,733.2997302685097,726.5152760073807,728.4880522483752,10781668
2022-09-21,730.5810546875,732.0967448746909,724.1574768560039,725.6009801321287,9072304
2022-09-22,715.0152587890625,726.6354714109892,713.4514636402978,722.7139425983661,12048144
2022-09-23,695.8407592773438,709.7224372346395,691.438062580459,708.4473309391279,15806252
2022-09-26,686.4580078125,691.1734166960763,682.2958948729614,685.8324662197185,8923486
2022-09-27,680.299072265625,692.881621797613,677.0030846314178,689.2247583187195,12639700
2022-09-28,668.6066284179688,678.7351736760943,666.8503544937673,676.5218139126857,11816132
2022-09-29,665.1422119140625,674.6933797809945,663.434101683277,671.8545371114053,14410388
2022-09-30,683.9078369140625,688.7676199193113,656.7940432846984,663.4341823816585,15781756
2022-10-03,679.9862670898438,682.22370896109,674.1641488370536,678.4224718418965,11541112
2022-10-04,699.1367797851562,701.5426186694823,686.2174367235855,687.8293370288237,11538526
2022-10-06,691.4381103515625,703.7559939592081,690.0908170525987,702.4808875755999,12549198
2022-10-07,688.4547729492188,690.4515719276419,683.4265352110768,688.1901072180511,13297994
2022-10-10,680.8523559570312,686.1452011270152,672.7687143847188,677.4841817579505,13109302
2022-10-11,673.9476318359375,681.8147129301799,673.3701952846903,674.1641338324686,14521620
2022-10-12,678.350341796875,680.7802037798269,672.3357447059547,675.1745875438293,9225050
2022-10-13,670.5553588867188,676.6421426191388,665.9361602736982,674.6212615810351,14714234
2022-10-14,692.400390625,696.249732615966,680.9726565893199,681.8147001498437,12849920
2022-10-17,696.0332641601562,701.3501327995798,686.626410721968,690.4757528984051,18410500
2022-10-18,694.7340087890625,703.9002774553204,692.8815247929514,701.5666257336586,10561108
2022-10-19,701.8554077148438,710.8773037655702,699.3292768206403,704.4296436407238,12967040
2022-10-20,697.1159057617188,699.0886819198254,694.0845252418784,694.8062769145736,7898078
2022-10-21,692.2078857421875,701.3741545079234,689.9945259278926,698.6555450817992,10492606
2022-10-24,703.0101928710938,703.9484465267632,699.7623104281301,699.7623104281301,2167794
2022-10-25,698.1262817382812,706.2580282452401,695.287380341186,703.0341691638182,13773394
2022-10-27,699.8103637695312,706.0414624275766,698.2946736608377,704.6701461335379,15937276
2022-10-28,701.8793334960938,705.8730490883848,696.442173472227,697.6931978037887,10474278
2022-10-31,720.1637573242188,720.7892989018973,705.9933903964011,708.2789372387135,12830528
2022-11-01,728.127197265625,735.7055903645403,721.2224508560967,723.4358110615345,19073756
2022-11-02,728.5841674804688,735.34459771333,727.33314310533,729.931460645262,12720406
2022-11-03,725.3844604492188,731.4952673413037,720.3081172240958,720.6449111524606,10332352
2022-11-04,720.3803100585938,729.4984154442802,716.7474700445205,723.2913397099678,10818060
2022-11-07,725.9859619140625,727.5256752984809,717.9504248353214,726.5633397491442,9835834
2022-11-09,725.7694091796875,730.3886081201978,723.6763410840517,728.9932685473082,9269790
2022-11-10,733.6605224609375,734.7431498920162,719.3698638652188,720.3562225050898,12774182
2022-11-11,775.2334594726562,787.6716345011165,740.0360255728266,743.4041999414936,56722338
2022-11-14,777.1099853515625,783.341084117066,768.9060518544665,775.6424002436796,19195390
2022-11-15,779.0106201171875,781.0074781111963,772.3945632755499,781.0074781111963,11030202
2022-11-16,785.6987915039062,790.0774060630871,775.6423742836154,778.8421514086572,13578150
2022-11-17,778.6015625,785.0492217336395,776.5565996778271,778.5774806193391,12100930
2022-11-18,776.556640625,780.9352553866862,772.3945278555009,779.9729198902146,10459232
2022-11-21,768.5933227539062,775.6424423049926,765.1529614641645,773.5493742606727,8344816
2022-11-22,767.4625854492188,771.9614923063164,765.5379143885311,769.8684242750784,8546314
2022-11-23,769.4594116210938,772.2742311837565,766.9813859856123,772.2742311837565,10185738
2022-11-24,781.9697265625,785.2657136747216,769.4593659279763,772.7312711598448,17197960
2022-11-25,778.361083984375,785.1214561638104,776.6529148425003,784.1591205878366,8410496
2022-11-28,769.9887084960938,773.4530928760762,767.0054918764588,771.2638148082744,16105980
2022-11-29,768.8338623046875,775.8107945409757,766.4280236025191,768.5451734076865,12638236
2022-11-30,773.9342651367188,776.0754969244954,768.4730227722782,768.4730227722782,15184806
2022-12-01,779.2511596679688,787.6715951691663,777.0859048248036,780.4540790252827,20446366
2022-12-02,773.2847290039062,778.8181584847341,772.3464753255907,774.680127315897,7811078
2022-12-05,776.0995483398438,776.8934869252123,768.0399880135933,774.6560449978288,11592622
2022-12-06,775.2334594726562,776.4604020366052,769.8684271238768,770.3495948908293,12353092
2022-12-07,774.8966064453125,778.8181354914701,772.0095998448971,776.6769624240152,11674720
2022-12-08,779.2511596679688,782.378749996985,772.2742273955479,774.6800661101757,14803634
2022-12-09,784.8087158203125,786.637118107019,779.4917884600618,782.3787950839879,11963384
2022-12-12,790.9195556640625,795.659046653405,780.1654672932444,781.8976595918489,14434808
2022-12-13,793.1088256835938,797.2949616133573,791.5209486143468,793.9267873639345,17031702
2022-12-14,799.8211059570312,801.3849011709643,793.9268009198986,795.3703041942985,14227640
2022-12-15,785.1696166992188,803.2615137057865,782.88406971569,797.319103295872,18182648
2022-12-16,788.9466552734375,791.5689958244285,774.198853068412,779.5157798111618,14647958
2022-12-19,791.4006958007812,792.3149263180803,782.4750101040391,791.0398199705028,9604542
2022-12-20,785.939453125,787.3829564457624,779.5880032718654,779.5880032718654,7174698
2022-12-21,778.3369750976562,791.4247737186288,773.0201064666394,789.5963126931921,9269198
2022-12-22,775.66650390625,783.1005222357195,774.1989187571569,780.5503096365309,9747096
2022-12-23,768.7376708984375,771.8652612871225,762.867389080973,763.6132225912555,10693152
2022-12-26,784.0387573242188,788.6339327760353,765.0567133092716,769.6278068793584,9907322
2022-12-27,784.832763671875,787.1664156857469,776.3642223890472,785.7469942121562,7926772
2022-12-28,784.2072143554688,785.7469276450677,780.9833552219441,780.9833552219441,8691870
2022-12-29,789.7406616210938,790.7992071900476,775.1612551160126,779.5398699494827,11012896
2022-12-30,783.413330078125,791.520995396169,779.4918009372607,791.520995396169,7122640
2023-01-02,783.6779174804688,788.9948447926183,778.7941116415499,782.8599557722763,4381378
2023-01-03,788.8023071289062,790.5585810922254,780.5502688048173,780.5502688048173,8378030
2023-01-04,774.7042236328125,791.8818902379387,773.2366383790779,786.7093364964484,10351600
2023-01-05,769.7240600585938,778.5535356487463,764.7680672572426,777.085950452134,10941436
2023-01-06,767.1738891601562,774.2470317456477,759.3789361975485,770.8307523930382,9092462
2023-01-09,768.6654663085938,775.4258965646997,765.0567082508069,767.9437146970364,10729340
2023-01-10,754.6153564453125,769.8683496277957,753.0274794796877,769.8683496277957,16371766
2023-01-11,765.48974609375,768.9060251968651,750.6216516314828,754.4469115539331,15195798
2023-01-12,769.5797729492188,771.7450279982426,762.2419641719711,763.9982383478842,9250070
2023-01-13,770.1812133789062,774.6320153125537,763.1320937043018,769.2669828560861,9244546
2023-01-16,762.7952270507812,780.1172653577423,760.3893883970367,777.0858851595061,14748094
2023-01-17,774.1508178710938,775.1612584159965,759.0421385172157,764.9605254372576,10786354
2023-01-18,787.8159790039062,789.884965083016,769.724024650822,772.274237215273,19090642
2023-01-19,791.087890625,793.9267921137573,785.7469403162216,787.6716113274065,11172162
2023-01-20,799.1954956054688,803.0689192196495,790.751037418662,791.0878313258544,18843404
2023-01-23,805.0418090820312,809.6129030380878,799.4121694938297,801.7458215030824,15444400
2023-01-24,815.8198852539062,819.139954334254,805.9559468005266,805.9800286815163,24983940
2023-01-25,793.2772216796875,814.5929177332151,791.6653214666925,813.8471429635326,14704142
2023-01-27,777.470947265625,787.6716810331086,765.0327127660719,785.2658420562207,35179948
2023-01-30,776.6769409179688,782.0419731157772,761.2073858984988,767.4625666928607,18512822
2023-01-31,771.552490234375,780.7908875770869,767.4625643428925,779.3473843212695,18596244
2023-02-01,783.1245727539062,801.1442809848427,772.7553845415359,781.4164037954262,17302790
2023-02-02,771.4802856445312,781.6569951120864,764.4552483744704,773.7658324138648,17497106
2023-02-03,798.1610717773438,798.9790334420251,773.2365593142633,775.1612302770866,14411100
2023-02-06,794.7688598632812,803.2614827057959,792.0983552594887,798.7384939446326,11167672
2023-02-07,795.9476928710938,801.0962231951561,785.5544809008483,798.4498004893098,10264588
2023-02-08,795.8515014648438,802.6840603891873,793.9268303609384,795.9717934088378,8444826
2023-02-09,794.19140625,799.5323562116175,786.9738904271942,798.73841772385,11777336
2023-02-10,797.3431396484375,798.0167863072628,790.1737277709518,793.3494822002282,8172116
2023-02-13,797.9445190429688,799.5805011250109,791.3044393965116,796.3326188427218,5736944
2023-02-14,805.3304443359375,807.1589052910266,797.7520522296284,801.1443083812574,10908592
2023-02-15,803.6945190429688,807.3994872360046,797.1746725138561,807.3994872360046,11438712
2023-02-16,800.7833862304688,809.2760083229089,799.2195911244155,805.089813874159,8062500
2023-02-17,796.765625,802.6599294642466,790.5344678960206,799.2195685807135,8956270
2023-02-20,789.283447265625,803.2854159842882,786.61300169689,798.7384045852328,8086706
2023-02-21,792.2427368164062,799.8692342574486,786.2281396647481,789.115146297544,12389296
2023-02-22,776.700927734375,790.0533322670238,774.222960909244,788.6339109553685,10359102
2023-02-23,771.4321899414062,778.9383950431011,766.0671578181314,776.1235754720026,27882010
2023-02-24,764.551513671875,778.4813560195853,762.7471345130758,778.4813560195853,17061740
2023-02-27,766.4521484375,769.3872600713753,758.9459430133319,763.0839740657053,14312972
2023-02-28,769.6759033203125,772.4185946735463,764.431163219567,766.0190402522969,18993992
2023-03-01,768.9301147460938,776.1235488181169,767.8234054721079,775.6423810879135,14137256
2023-03-02,762.3861694335938,772.7312753996731,761.2073320156976,766.9813446479279,17391814
2023-03-03,777.5189819335938,779.4917579688479,764.094389910204,767.943731924865,14986234
2023-03-06,783.0043334960938,788.8504748967295,778.5535316356411,779.4917852900815,27004710
2023-03-08,784.568115234375,788.8745431955432,779.4917718675084,779.4917718675084,20099774
2023-03-09,784.6402587890625,791.9780672791738,782.859961535162,784.27938296168,20700166
2023-03-10,764.4071655273438,776.4844644274136,762.6508914747951,774.8965873418113,27387000
2023-03-13,754.7357177734375,771.6968814107662,753.0034668384583,764.0463022356049,26443550
2023-03-14,752.7147216796875,761.9772004206781,750.2848599011005,755.5536230150942,33185612
2023-03-15,741.9126586914062,761.6405389201565,739.3624458014605,759.2828049016546,37264754
2023-03-16,746.7242431640625,750.1886274704333,737.1730750713688,740.5171674402086,21753342
2023-03-17,756.7084350585938,759.8600484180247,740.9982970778341,749.4187322719004,22950876
2023-03-20,751.4637451171875,754.5191486294086,743.596664030981,754.4469617185391,26503114
2023-03-21,759.9804077148438,761.4479929018443,748.793257108229,756.3716494546454,33050494
2023-03-22,758.2241821289062,763.156151684689,753.1719206327385,762.1697342790129,14177324
2023-03-23,752.1373901367188,765.225129615806,749.9240302046185,754.350750068819,28364178
2023-03-24,750.9345092773438,757.3099823765483,748.1918176834523,750.6217384723866,31477748
2023-03-27,754.206298828125,759.980311312014,750.0923501751296,751.6801683664236,31872006
2023-03-28,760.3412475585938,761.6404357125624,752.5944586072359,753.3643152523856,39276302
2023-03-29,763.9981689453125,770.8307274292553,761.1592675027767,762.1697080199377,39763612
2023-03-31,774.4635620117188,776.0994853441741,766.2115234957539,767.7512367744048,34711228
2023-04-03,774.9447021484375,777.4226689404504,771.1915704030113,773.5011989750112,40025398
2023-04-05,795.7311401367188,796.8137675382653,777.5670581774376,778.8180825386323,43365392
2023-04-06,801.7938842773438,803.1652006446278,792.5314049071793,793.2291334002176,44637344
2023-04-10,797.9926147460938,804.0312933763835,795.8514417980481,800.3022433921424,31813286
2023-04-11,800.3263549804688,803.2614665555587,794.4560730939902,798.2573101275717,42361542
2023-04-12,810.7195434570312,812.307361770148,802.4915867834721,802.5877968377349,26955504
2023-04-13,814.3523559570312,816.5657746530499,807.4716921966794,812.3555567321653,35330086
2023-04-17,801.9382934570312,827.6085828103118,795.5147153318975,827.6085828103118,32405148
2023-04-18,798.5460815429688,807.0387050922136,797.0063680535616,803.5502384879993,29637226
2023-04-19,801.4810791015625,803.6944976892919,797.3671301762054,801.1442851788886,24741168
2023-04-20,804.46435546875,807.134801181368,801.8179329013308,804.368086679066,32922716
2023-04-21,805.7634887695312,806.8942212156402,800.3022466466929,803.0689611623811,20128618
2023-04-24,812.2833251953125,813.8711434821779,805.5228950106629,811.729970551708,35675852
2023-04-25,800.7352905273438,812.066755339811,799.6526631336261,812.066755339811,50353068
2023-04-26,804.416259765625,805.955973055451,796.3326181532963,798.738456878835,27392750
2023-04-27,808.843017578125,810.8879805910382,801.5533141495392,803.7907560168101,47790392
2023-04-28,812.0186767578125,813.6546588421882,803.5501361717647,810.6232785465422,27916272
2023-05-02,811.8502807617188,817.5040017864336,809.3241500911014,812.547950500037,32221184
2023-05-03,814.6891479492188,816.0604642226169,808.193383640843,810.7435373497618,29407270
2023-05-04,831.3616943359375,834.5614130090665,811.7781309061464,811.7781309061464,56854638
2023-05-05,782.2103881835938,799.1955750303342,780.5022191249311,788.6339660930405,62770416
2023-05-08,791.25634765625,794.095249360511,784.3034965950662,786.7093355416769,37244524
2023-05-09,791.2803344726562,796.8137633850524,789.0909977997552,793.878651970084,43688938
2023-05-10,794.937255859375,796.1642571593527,785.7950682892969,791.2803925786036,46340550
2023-05-11,795.4664916992188,812.2111527020498,793.5659026029952,801.2164814876731,35734618
2023-05-12,802.4916381835938,804.8974770572269,791.1601135942614,792.4833249747595,22478760
2023-05-15,806.3409423828125,808.7226992609494,801.1924121940802,804.5124814304968,18512260
2023-05-16,801.7174682617188,813.6412692634764,800.1113815056924,813.6412692634764,32722086
2023-05-17,797.4102172851562,803.0314612780545,791.0346460503185,803.0314612780545,30466868
2023-05-18,800.5980224609375,804.953835962047,798.1645938212387,802.0580796447568,49646942
2023-05-19,801.5227661132812,803.0314800422937,794.0521518021368,802.0581085513332,30460332
2023-05-22,798.6755981445312,804.4428118537385,794.6117249890884,800.597982910975,28334032
2023-05-23,796.8018798828125,802.8367950174272,794.9768083346355,802.5447954516952,22470074
2023-05-24,786.3868408203125,795.6095118101778,785.3160965486113,792.1053982534182,33588112
2023-05-25,783.3693237304688,788.455225154943,777.407423655138,786.3380947431477,29776930
2023-05-26,786.3868408203125,787.944211421121,779.7922252930767,787.944211421121,26635066
2023-05-29,795.9744873046875,798.6512587386072,790.7912725552128,792.5676872978805,21816292
2023-05-30,796.5828857421875,799.4543434930372,792.5920864341458,795.0498137776772,37125928
2023-05-31,783.9777221679688,795.706836766176,780.9602943063138,793.249109394473,43334270
2023-06-01,780.6439208984375,788.3822359863269,778.6971779535536,788.3822359863269,50366938
2023-06-02,781.8606567382812,785.9001722239442,779.1838851154611,784.7564131844704,17859710
2023-06-05,780.838623046875,786.7275086936293,779.889550195903,785.7541372012771,18697242
2023-06-06,778.4052124023438,783.4910548041016,774.9253973543547,782.4203699015892,32182852
2023-06-07,782.4446411132812,784.8051144822347,776.7504417142903,780.3762267164857,24949026
2023-06-08,782.9312744140625,791.350960923385,780.278861070367,780.278861070367,37395522
2023-06-09,783.8560791015625,787.7009085166137,782.1040222342899,786.4355374130215,18212578
2023-06-12,779.0865478515625,786.3868338718737,778.4294745818307,784.8051052341397,13408292
2023-06-13,780.4005126953125,783.0772840204289,773.8789124939628,773.8789124939628,27926108
2023-06-14,779.548828125,784.537356602154,778.7944415181629,783.7829699953168,20113968
2023-06-15,769.961181640625,781.5929230405386,768.4767664026215,780.6439096325554,35377476
2023-06-16,780.0355224609375,783.1746215295391,770.9101653895649,772.4432372595309,15779272
2023-06-19,780.7169799804688,785.6324943134937,777.8941787861185,784.0507655809437,24829146
2023-06-20,782.3473510742188,784.0507512165266,774.1467079853705,780.7169656771292,20005626
2023-06-21,796.023193359375,796.8262367213268,784.0507359035319,786.4841646307309,24308946
2023-06-22,799.9166870117188,806.7059888717916,797.7023024946114,798.1646301932708,56596140
2023-06-23,799.8680419921875,807.8497002925832,795.2688853504051,796.9722855006775,21339218
2023-06-26,795.9988403320312,803.3964393933287,792.6649956756461,800.5979965482512,16130314
2023-06-27,807.2169799804688,814.1766100290189,797.4589662553369,799.6003360457688,33831864
2023-06-28,815.7583618164062,817.5834334461853,808.1417176661517,812.7652324615918,59562950
2023-06-30,828.047119140625,831.6486054517263,819.2137611926184,829.3124901661796,40699016
2023-07-03,837.002197265625,855.3502267293802,832.2326530339916,833.449367439012,44104116
2023-07-04,841.0902709960938,850.2399866599931,834.0820438772298,838.778513734139,38795188
2023-07-05,814.3712158203125,837.0994145323269,812.0594587162262,835.274343134364,37165754
2023-07-06,815.1986694335938,821.4525697320477,808.0930690327465,814.2252978880014,52156544
2023-07-07,808.093017578125,815.1986175265295,806.0976179186929,810.3317601084606,19926336
2023-07-10,806.1705932617188,816.0503378295722,802.8854644229833,808.3850372058562,38398442
2023-07-11,802.2527465820312,815.6852604691176,800.8413461228718,809.3583461576029,50670426
2023-07-12,794.7334594726562,810.9644765133695,791.9107178120092,805.6352319869237,70958358
2023-07-13,798.699951171875,806.6572510904781,797.2155953198356,806.2922367876993,41913546
2023-07-14,800.354736328125,804.7835648843277,795.7312215849707,804.7835648843277,24727214
2023-07-17,817.0966796875,818.6053935606003,794.7577929158504,803.0314502823962,49252928
2023-07-18,816.4153442382812,829.3125165913748,812.7652011194812,826.3924020963348,81076818
2023-07-19,820.1141357421875,821.8905505906512,815.1986216073076,818.1673927652148,32935134
2023-07-20,821.8905639648438,823.4722926593728,817.6320636334198,818.1917641303833,56210948
2023-07-21,815.5636596679688,822.4016183376864,814.3469452719253,817.6320741412428,42154248
2023-07-24,816.8533325195312,819.8951183000274,812.813817239081,816.9019892100436,32179444
2023-07-25,825.7109985351562,826.879056170404,816.8533420034627,819.8951278192749,55992596
2023-07-26,822.8395385742188,827.1710534459679,821.5255108693627,827.1710534459679,24794358
2023-07-27,814.2982177734375,828.8257745170246,811.5240735457453,827.3170606790924,59741302
2023-07-28,799.8680419921875,812.2298721075693,798.6999842928814,808.6283856221597,41015684
2023-07-31,803.615478515625,806.3409662159895,797.5319067020986,803.0558374366854,34565006
2023-08-01,808.993408203125,811.5241504025686,803.0315076162769,805.1972354940766,35394188
2023-08-02,798.407958984375,803.7615021412346,794.830830666086,799.1379875966741,28116322
2023-08-03,792.6407470703125,803.6884896703888,789.8909607409018,798.1646183703506,57673946
2023-08-04,804.1021728515625,806.1949453417267,792.9327586465489,795.8042164551875,37388304
2023-08-07,803.6398315429688,809.4070457041624,801.8391180613743,809.4070457041624,28300918
2023-08-08,802.9828491210938,805.7569341954113,799.1623777784342,803.8588478451442,43773828
2023-08-09,803.2747802734375,805.221523152016,793.8330654303563,804.4914945725491,33361236
2023-08-10,796.1448364257812,805.099865704745,793.7844225264857,801.5957522263969,50781118
2023-08-11,787.846923828125,797.3859527425766,786.5814933374278,797.3859527425766,28225822
2023-08-14,784.0021362304688,785.9975360499187,778.8189207825898,784.0507929265752,31304410
2023-08-16,781.714599609375,783.3937010320665,769.5961724006356,770.4721710730195,34137542
2023-08-17,777.3831787109375,783.5154073300141,775.7770919586137,777.5291487912239,52884040
2023-08-18,774.1953125,776.8964420218484,771.6402124587459,772.6379419530916,25633366
2023-08-21,773.5869750976562,778.9405181779168,772.3702607612333,778.9405181779168,21837270
2023-08-22,770.2774658203125,777.7237811054864,768.963438139342,776.9207377849476,32273570
2023-08-23,772.1755981445312,774.0980425006611,765.6783552717781,768.9634840803492,36498588
2023-08-24,768.622802734375,776.8477441031978,767.0897307917666,775.4364030038525,43145792
2023-08-25,759.9597778320312,767.746749618975,758.4510639302869,766.3110504597091,30069756
2023-08-28,767.868408203125,770.2531801549441,759.9597651143588,759.9597651143588,28867238
2023-08-29,773.976318359375,775.1200179106506,769.669102242421,773.6842594017068,35538932
2023-08-30,768.3307495117188,780.6195643753474,765.8973208258516,780.6195643753474,28084204
2023-08-31,764.80224609375,770.4965046276685,760.7384322394234,768.4767470204652,100075772
2023-09-01,766.384033203125,768.4768057096691,758.9134187598048,764.5833196769412,43226776
2023-09-04,771.1779174804688,774.5360015777221,766.4813881806992,773.8303310146484,25073638
2023-09-05,766.4813842773438,773.0516417713671,764.38861183011,773.0516417713671,38712082
2023-09-06,776.507080078125,778.6971658570981,766.4813659496907,767.4060807161218,56320910
2023-09-07,783.9777221679688,785.510794150052,772.4432937501639,776.5071078478363,34208342
2023-09-08,790.0856323242188,794.7091467964383,782.3959739643648,782.7366896240351,34502210
2023-09-11,794.173828125,796.4612273788786,790.3776555229446,792.762427572447,31573022
2023-09-12,796.6558837890625,799.5759981707856,790.8886697671352,798.164597670977,39033340
2023-09-13,800.062744140625,803.8102007820438,792.61642814262,793.9305153592652,46420094
2023-09-14,799.5760498046875,803.0315068308923,795.7798770993519,800.2330637010272,23538848
2023-09-15,808.7500610351562,812.7652185519548,803.0315033597159,803.0315033597159,173411202
2023-09-18,792.8353881835938,805.464858730247,791.399629677695,804.8565015861909,37056288
2023-09-20,761.0304565429688,778.2104866731253,759.4244292708094,778.2104866731253,115474648
2023-09-21,755.9933471679688,763.5856334809762,748.0604045717047,755.8230190263404,72841442
2023-09-22,744.4588623046875,761.3711919566923,741.5874045249608,758.7430770496563,61704250
2023-09-25,745.1158447265625,749.8366724935371,742.195730377536,742.195730377536,40208754
2023-09-26,748.352294921875,749.4959944600172,742.1957087996923,742.1957087996923,27575308
2023-09-27,743.0960693359375,745.8458554975613,737.3288555163493,741.2223412220462,39338538
2023-09-28,741.5630493164062,748.3279930851168,738.9592924506106,746.5759362770035,55354188
2023-09-29,742.8284301757812,747.2815569377753,740.8816873168103,741.5629997895483,32053782
2023-10-03,733.9464111328125,743.1690816035621,732.9486816600946,743.1690816035621,38971694
2023-10-04,744.41015625,747.0625696224938,724.7966982477518,727.5951410981291,54649430
2023-10-05,747.4276123046875,755.1172706279191,745.8945403681716,747.0869560565192,48512674
2023-10-06,746.600341796875,751.9295273041055,744.5562258825445,751.4428415259151,17759356
2023-10-09,737.937255859375,744.6291848078113,735.8688414571311,743.6558133244023,16454972
2023-10-10,742.1227416992188,744.1424994102023,737.426212407623,740.0300286548502,33266292
2023-10-11,749.3013305664062,750.5424029295025,743.8991308991633,744.6778161774354,31333360
2023-10-12,754.2898559570312,755.3362421435227,745.4078415117224,747.5979272653602,22025336
2023-10-13,747.4276123046875,753.7788848660191,744.6048112974557,749.4960266639874,39745300
2023-10-16,744.4345092773438,746.794923276397,740.0056808464606,745.3592240817852,17856084
2023-10-17,750.080078125,757.1613797779257,747.0626501424497,757.1613797779257,32902558
2023-10-18,739.640625,750.0800099587005,738.8375816778204,750.0800099587005,31216200
2023-10-19,737.3045654296875,742.8041382598725,731.5860077723223,732.6567520860139,30252364
2023-10-20,741.1250610351562,743.1691173582408,732.46203118805,732.46203118805,21094010
2023-10-23,732.9730834960938,744.0208260452915,730.0772676931944,741.4657259067877,22376136
2023-10-25,728.3252563476562,741.1251158897211,725.8674694399969,740.2490577379119,28311996
2023-10-26,712.2159423828125,726.1351430280494,710.6828703798318,725.7701287135245,55561798
2023-10-27,715.0143432617188,719.3215000369331,713.9193003827721,715.1846713831347,31940532
2023-10-30,722.7769775390625,725.1373914861161,711.4858921827074,712.1429060469561,23310982
2023-10-31,718.591552734375,731.9754116576363,717.3748382868058,731.9754116576363,32634824
2023-11-01,717.6181640625,719.0538633124389,711.6562634115908,711.6562634115908,33877466
2023-11-02,718.7131958007812,725.4051249981815,714.041024388573,722.7283533192214,45225154
2023-11-03,722.1199951171875,725.84315305655,721.0979669049797,724.188409593513,18095340
2023-11-06,727.351806640625,729.0552066561768,721.7549208752405,729.0552066561768,25593730
2023-11-07,723.8233032226562,727.1084316790375,718.9320882014275,727.1084316790375,41952848
2023-11-08,725.9161376953125,726.8407930714139,720.7815793854345,722.2172785513859,31399546
2023-11-09,723.044677734375,726.4271198457463,721.9982915168673,723.2150058605088,22116740
2023-11-10,725.8917846679688,728.0818705084018,720.3192566823748,720.3435553235623,14015186
2023-11-13,724.5776977539062,728.0574529993991,723.1662973344708,726.1837249264701,20605914
2023-11-15,732.1700439453125,735.3577999173147,730.2963157159859,732.0240144584016,41245460
2023-11-16,734.0924682617188,739.275683586882,731.8537256048544,734.7494821683149,29713838
2023-11-17,732.5107421875,733.6787999200959,724.6751131549073,725.1617989259986,23701874
2023-11-20,732.5593872070312,736.355559924993,730.7830316987671,736.355559924993,19331452
2023-11-21,738.7645874023438,740.7356883923068,735.9174877356371,739.2756311878541,24959972
2023-11-22,736.136474609375,739.7622592873266,731.756303337279,739.7622592873266,29123650
2023-11-23,740.3950805664062,741.6360936254299,734.1654789893513,734.1654789893513,13046220
2023-11-24,745.6511840820312,746.1622278549652,739.6892839772345,740.3462978210936,16469192
2023-11-28,743.9722290039062,748.1577148272565,742.5851864137691,747.1599852149395,28489338
2023-11-29,758.8160400390625,760.6897681490088,746.0891967833849,746.5272258063289,34042488
2023-11-30,758.6456909179688,765.2889031775027,750.5423621524202,763.6828760176745,69491440
2023-12-01,756.9910278320312,762.028213465217,755.3849410922298,758.2077422076743,22153536
2023-12-04,783.2720336914062,784.5374047202694,765.873018667368,772.8569470817542,50662456
2023-12-05,790.2316284179688,797.6779441560443,786.7275147823341,796.4612297811876,52230820
2023-12-06,792.22705078125,797.4102062498663,786.8004930390686,797.4102062498663,38613060
2023-12-07,793.5167236328125,795.2444817359088,786.5814519897668,790.86431017188,20450386
2023-12-08,804.5888671875,805.4649253113081,793.5167662504412,793.5167662504412,33728038
2023-12-11,803.5181274414062,809.6990123500813,801.5713845523902,803.0557997692163,23187620
2023-12-12,795.5364379882812,806.0731953368484,794.1980523054578,805.0754658820659,36581476
2023-12-13,793.7357788085938,796.2178641804811,786.0461204150259,794.4901060535459,29346914
2023-12-14,803.1044921875,807.3872910879392,800.5980487244109,801.0847344683164,35172366
2023-12-15,806.2192993164062,811.7918273650013,801.3767404796611,803.0314839042278,138837130
2023-12-18,805.8056030273438,810.1857749432232,803.4938456272962,808.2390318694991,18014754
2023-12-19,804.44287109375,807.2413140972394,800.135714179051,803.0314705665357,24008446
2023-12-20,806.4382934570312,812.2541644467366,800.3303634873538,806.9249792104754,34232520
2023-12-21,820.8927612304688,822.3771764061897,803.1530909094922,806.438219443738,36589240
2023-12-22,813.1788940429688,820.5035385294108,811.3538224343752,819.3841375121868,48578850
2023-12-26,818.824462890625,820.5278631124984,812.0595781088068,814.3469774999401,18045856
2023-12-27,828.9718627929688,830.5292334309963,816.9506891067552,818.3620896655261,27009078
2023-12-28,829.9208374023438,837.7808237889657,828.3391087868577,831.8919383640549,44076470
2023-12-29,831.8676147460938,834.6174011041943,825.4190285852712,825.9057143332578,25011426
2024-01-01,826.4409790039062,831.8188797770368,823.472208102533,830.2858079331686,14239686
2024-01-02,826.9276733398438,828.7284461026671,821.8661301022644,826.7817032735886,29242092
2024-01-03,814.176513671875,829.653083176837,812.2540695245034,828.3390555600513,28389762
2024-01-04,822.91259765625,824.9079973714623,813.1058678027235,816.6586975811834,26734056
2024-01-05,818.7027587890625,829.7505611476026,811.8405014795056,821.1118889384027,31889470
2024-01-08,809.5773315429688,818.7757034690097,807.8982895845903,816.901975342009,17998470
2024-01-09,803.2747802734375,816.5613241836867,801.4497088247701,811.3781093874959,25326888
2024-01-10,805.92724609375,807.8739890989318,798.8460040583302,799.6246893784266,16115824
2024-01-11,802.5447998046875,809.309743595266,799.6246853117656,807.8983430417109,18314010
2024-01-12,798.7485961914062,805.95156875827,795.0497965259408,804.0048258385641,19773552
2024-01-15,814.1278686523438,818.0700109690749,799.9166104629336,801.9120099654888,28320356
2024-01-16,817.2183837890625,819.4084696501124,806.9736250528656,814.2252545636514,25322500
2024-01-17,748.279296875,777.1397839265529,743.8504686909188,764.0965828252033,170145236
2024-01-18,723.2880249023438,737.32889662945,720.3192537681881,727.1084960821111,161070930
2024-01-19,715.744384765625,735.0171279009493,714.6493418669147,732.924355486129,109600538
2024-01-23,694.6708984375,717.7154569857805,693.5271987986505,712.9946289403671,115469402
2024-01-24,708.5657348632812,709.8067477739886,671.7479491345199,671.7479491345199,86004404
2024-01-25,698.3453979492188,709.27146932584,690.8017687875753,706.9110553088505,98941852
2024-01-29,707.9573974609375,711.9238979776146,703.6502407027771,704.7452835773879,65645498
2024-01-30,702.920166015625,712.1184780311422,701.2654227872154,707.9086943394356,41728768
2024-01-31,711.8021850585938,717.837040132351,699.2700284462816,700.5840560552732,65761040
2024-02-01,713.651611328125,717.1800828855794,708.6387839338071,713.0189555223712,32690740
2024-02-02,703.8206176757812,720.7085896391353,701.8252179588541,717.8614898495053,44867754
2024-02-05,703.1879272460938,706.6190857097415,697.931756543557,703.7476277670278,38605046
2024-02-06,702.8228149414062,705.5482430083341,697.2259293320517,703.5285448598157,41075740
2024-02-07,695.9362182617188,707.5437201567751,694.330191039234,707.1543478186637,54837086
2024-02-08,682.844482421875,700.3164537570308,681.6034099643059,695.8876252029665,69106124
2024-02-09,683.112060546875,688.2709172654594,675.033089526087,677.5395328507874,56642124
2024-02-12,676.4931640625,688.0032934481292,673.2566920790741,681.18969323455,34447812
2024-02-13,678.658935546875,683.4771364619307,673.7434212435891,677.4422211445823,57580994
2024-02-14,673.597412109375,677.2231970540489,663.6203545889955,669.6795681971766,91320810
2024-02-15,688.197998046875,688.903668609651,673.7433958465795,674.0597534612269,41584944
2024-02-16,691.0451049804688,694.8412181662663,685.4725175238648,692.9918479710976,32175742
2024-02-19,689.6823120117188,695.4738838784058,688.7575972750415,695.4738838784058,34451756
2024-02-20,707.787109375,709.222808572302,687.102965017942,688.6603356526384,56133508
2024-02-21,700.413818359375,712.5079475266035,698.3940605878935,712.5079475266035,45893136
2024-02-22,690.8748168945312,695.3766603212918,687.2976289140083,689.9987587340186,50560882
2024-02-23,691.3857421875,697.85868621692,690.1203711604371,692.334815015207,29833452
2024-02-26,692.213134765625,698.3210050066913,687.9546346452112,687.9546346452112,23506870
2024-02-27,691.1668090820312,694.3545652339111,687.7113519923358,687.9546948776648,32087150
2024-02-28,685.9348754882812,693.1377886016653,683.3067606806109,691.1667470533215,25321986
2024-02-29,683.0147705078125,686.4215706434694,680.0459994144303,682.3820552900959,53295700
2024-03-01,696.3256225585938,697.2989940386686,681.360036052442,681.360036052442,34738898
2024-03-04,697.274658203125,699.3674307159147,693.186545384466,696.422958130924,35616474
2024-03-05,701.2411499023438,702.2875361451739,691.8968072809968,692.0671354112525,37991672
2024-03-06,702.0928344726562,707.0813632922424,697.6883641851937,697.6883641851937,42409530
2024-03-07,703.7962646484375,706.205394802925,701.5088653436588,703.5042650748312,49348046
2024-03-11,694.889892578125,703.7231908402335,692.553777365576,695.9605773947812,50531094
2024-03-12,710.3421630859375,712.5078907659129,695.5955620745772,697.9073192338245,65418454
2024-03-13,710.755859375,716.2067158438075,705.7429725398497,713.2379447418698,63067454
2024-03-14,708.3467407226562,713.4812990740788,702.9202422173576,711.5832127948388,52432158
2024-03-15,706.9840698242188,710.2205419583659,701.9225261192986,705.6943406988961,143613804
2024-03-18,703.7719116210938,708.6144107880084,698.7833829737194,704.2342392927528,21437856
2024-03-19,705.3779296875,706.8623448833252,698.6373444116205,698.6373444116205,36183594
2024-03-20,696.4716186523438,706.4973325344582,693.3568181834665,705.2319615530049,43606094
2024-03-21,703.6259155273438,706.3026871236781,700.0001304926251,702.0928435492851,28922860
2024-03-22,702.2144775390625,706.0593065998343,699.7323922549797,701.3141208411934,45980326
2024-03-26,693.7218017578125,699.8296715860995,692.1400732485544,694.597800363169,56844290
2024-03-27,701.1681518554688,704.6966236214441,691.7021375713913,692.8215385852401,62168668
2024-03-28,704.6723022460938,710.8045307526719,701.1681292352769,701.1681292352769,55592142
2024-04-01,715.67138671875,717.2774734382766,708.4197572494843,709.5878149173326,25199570
2024-04-02,720.367919921875,727.5221766350272,712.1429189199621,713.0676337207477,41225446
2024-04-03,721.414306640625,727.9115494819865,716.109420115624,716.450076374618,45584386
2024-04-04,743.461181640625,744.6292393883092,731.9754091764817,731.9754091764817,88935066
2024-04-05,754.1439208984375,756.5529915753328,744.7022055513205,749.0093625181328,59055902
2024-04-08,752.7081909179688,757.8914061879058,750.2504634550537,756.7720051664586,20482940
2024-04-09,753.6572265625,756.7233110790663,749.6420692068525,756.7233110790663,21884494
2024-04-10,747.7196044921875,754.3142198543229,746.0648611390807,754.3142198543229,27807400
2024-04-12,739.2512817382812,744.5561681914903,736.5745101656407,740.2490112702176,41084208
2024-04-15,727.4490966796875,734.8954117012732,726.1594270943376,728.8361984614614,23415248
2024-04-16,734.530517578125,736.3069325670494,721.3900014445425,723.7017589124875,20744886
2024-04-18,727.4490966796875,739.2025682918519,725.6727413912242,734.7980983246009,34234884
2024-04-19,745.2619018554688,747.0382572891224,720.4165709168466,723.4827148610226,34576434
2024-04-22,735.9661254882812,757.9643557818745,734.0680986992392,757.9643557818745,42298438
2024-04-23,733.7274169921875,742.9257894510552,731.6103458842442,742.8284760660457,26827060
2024-04-24,735.7227783203125,740.613993564681,734.4331086916868,737.3288649584306,22441580
2024-04-25,735.260498046875,739.616311752735,733.0704121681982,733.0704121681982,35445204
2024-04-26,734.7981567382812,743.6558134751455,732.729742335618,739.6650141563123,24854694
2024-04-29,744.3858642578125,746.7949349875348,733.216449914726,737.3289207914913,36093350
2024-04-30,739.8109130859375,749.2526274508922,737.2801712358929,744.2397410284531,52307382
2024-05-02,745.7241821289062,748.0359392606487,739.9326102747762,740.7356535814621,33475006
2024-05-03,739.5675659179688,749.7879654532404,733.532651453262,746.2108374978702,31865242
2024-05-06,741.0520629882812,746.819277196089,738.3752913854279,740.7357053714223,28793396
2024-05-07,733.021728515625,741.7334150168236,732.0483570497901,740.7113274497933,28480602
2024-05-08,721.5845947265625,728.5441648774708,720.465193806477,728.0574791574124,41687862
2024-05-09,704.4776000976562,723.5800151607533,703.4069152466064,717.83709973452,46281278
2024-05-10,709.361572265625,716.2928456267198,703.8856031439476,709.9042250216206,27276608
2024-05-13,717.9208984375,720.1655815796556,705.6122976051453,706.4509373389452,27047202
2024-05-14,720.7328491210938,722.9775322143812,715.4789152317669,716.4408878596623,25665142
2024-05-15,709.6575927734375,720.116199874965,708.3256213801538,720.116199874965,38931996
2024-05-16,720.3875122070312,721.5221990437014,708.1775543730138,713.3822271543565,34945236
2024-05-17,722.286865234375,724.210870736283,713.4562165510583,713.4562165510583,20920190
2024-05-21,719.6721801757812,725.0494465734148,715.3801590157026,715.3801590157026,43769978
2024-05-22,719.8695068359375,723.0268413842214,714.4182283327197,719.203521164468,39996278
2024-05-23,736.3468017578125,737.8514873644924,718.808897899437,719.5982164877166,40861920
2024-05-24,748.4827880859375,749.814819731989,733.0908640200075,733.8308615274302,31060206
2024-05-27,753.6627807617188,762.1974428837648,749.3955099218479,751.5168000055969,29385440
2024-05-28,755.0440673828125,757.7820820455768,752.2321011517142,754.846722684579,27908904
2024-05-29,744.0921630859375,751.763434227272,740.6141508121484,748.8774560751649,35147706
2024-05-30,747.3234252929688,751.6400771573121,738.8381451452329,739.6027730570852,33755350
2024-05-31,755.5620727539062,757.7573743920395,746.9040786650703,749.370736784836,74079588
2024-06-03,775.615966796875,788.8372786068238,764.6640286682782,788.8372786068238,72637256
2024-06-04,731.6848754882812,769.1040704644005,717.3042453208712,768.1174071283333,89531240
2024-06-05,765.5520629882812,769.4000136473305,731.2901444599279,737.062160780223,81631650
2024-06-06,769.4493408203125,772.2859977724349,762.9867083301413,772.0147015010076,46422870
2024-06-07,776.1832885742188,781.6099363682906,765.675361251112,770.115345809898,36712216
2024-06-10,770.23876953125,779.784725413951,768.4134061980604,776.5040577255814,22454058
2024-06-11,771.9653930664062,775.0240252200629,765.7493660748642,767.6240504407497,29545326
2024-06-12,776.5780029296875,783.5586575880445,772.7546827700062,776.9973227739393,39280436
2024-06-13,779.8340454101562,782.2760131134276,776.5040566032491,780.3273770852536,24120192
2024-06-14,787.8013305664062,788.8373149959045,778.329326673916,781.4373401835603,25540554
2024-06-18,793.1785888671875,794.5105601294592,784.1259056214269,787.8012622589033,32415714
2024-06-19,817.869873046875,823.8145435842582,791.3039754417663,795.941305047812,90131196
2024-06-20,823.5431518554688,829.5124525875813,814.983860042712,823.7651872236406,41408742
2024-06-21,821.7672119140625,825.2698546527171,810.6179284522095,825.2698546527171,51630776
2024-06-24,825.0478515625,826.3798229097616,811.9005512360641,812.5172157896385,28544994
2024-06-25,844.2631225585938,847.025767804676,824.4065232844747,824.4065232844747,74521548
2024-06-26,839.40380859375,844.041138181783,834.2731473521208,842.5857736709851,47596666
2024-06-27,836.7644653320312,845.0770913433391,832.0531241260426,836.7397746618053,55074650
2024-06-28,830.671875,841.9198007397313,828.3038589383985,837.4798157900913,26476046
2024-07-01,841.2290649414062,842.2651095333842,828.7971320491276,828.7971320491276,21187024
2024-07-02,853.7597045898438,855.8810546817267,840.0204307746837,846.0637432263002,45921690
2024-07-03,872.531005859375,885.0369507276009,870.5576793248654,883.5569558267186,123217802
2024-07-04,852.0578002929688,868.1404005851939,850.9231133709549,868.1404005851939,45848658
2024-07-05,813.0598754882812,831.2638253093144,810.1492067263514,831.2638253093144,82242548
2024-07-08,806.7698974609375,816.4391857049037,802.7246020410699,811.678583484828,39087800
2024-07-09,807.3372192382812,812.3691778178521,799.369901303005,801.6639054458949,48550878
2024-07-10,802.20654296875,809.063864597064,799.5672308205436,804.1058576798249,45507182
2024-07-11,800.1346435546875,802.0832795528332,789.8239996598078,801.1459373403621,44177074
2024-07-12,800.5292358398438,808.2745787950348,794.8312914757237,800.1839277769812,56049960
2024-07-15,800.2332763671875,804.031966294815,796.8292758573642,800.9239527377698,33375694
2024-07-16,799.0739135742188,802.6505679180453,797.6186093434653,799.5672452078501,28950324
2024-07-18,796.6320190429688,801.1459557272271,788.9113662252444,793.2773395385489,33717064
2024-07-19,792.9319458007812,800.677228233124,791.0572615353138,797.2239068544229,26002152
2024-07-22,810.3218994140625,814.4905276323838,795.5712715150735,797.7172520784763,53744822
2024-07-23,798.407958984375,812.9119216218081,791.7973027922226,812.7885887086006,52002152
2024-07-24,791.3286743164062,799.6906218755655,783.4353677463822,793.3513220807449,61728206
2024-07-25,797.5198974609375,801.6638951787058,785.8772830890329,785.8772830890329,25535732
2024-07-26,798.2846069335938,800.0605887969758,787.5792741911353,791.7972838101718,43810540
2024-07-29,791.822021484375,805.0432741154053,788.4920327099303,796.7306475152811,51001148
2024-07-30,797.0020141601562,806.4739582617092,788.8373508245744,790.317345854264,54595834
2024-07-31,797.1006469726562,803.0946388161857,793.8693004409521,796.2373165488889,37820484
2024-08-01,808.471923828125,814.0219048337823,798.1859108540549,800.627938629233,26215174
2024-08-02,818.51123046875,824.1105327295066,804.6239322848401,804.6239322848401,44119238
2024-08-05,797.1006469726562,812.0239300120638,789.824004829474,809.1132611105608,41333634
2024-08-06,789.922607421875,805.5858871810888,786.0253355957136,804.1305829139676,45116050
2024-08-07,800.9239501953125,804.1306059860544,790.4159617464212,797.7172944045706,42346264
2024-08-08,810.3958740234375,815.6252376687839,798.8272709671206,801.1705962949537,33976950
2024-08-09,814.0958862304688,820.1885804457108,811.9252750900921,814.9839073123685,26644618
2024-08-12,818.9797973632812,826.7990913723679,812.6898193077751,814.9838233487179,39316196
2024-08-13,790.9093017578125,805.3146225179424,789.8980079765901,803.1439511462899,54055042
2024-08-14,793.1785888671875,796.0891971974215,790.9092152779186,792.5372336839343,32334428
2024-08-16,805.1665649414062,806.177918901087,794.7572792867222,803.3905830654421,27849246
2024-08-19,804.895263671875,807.9045746403995,801.0225621096914,807.9045746403995,19502164
2024-08-20,807.92919921875,812.0238759013653,802.8725499307859,802.8725499307859,31134494
2024-08-21,802.05859375,806.3752455426795,798.1119406824072,803.1932203742449,47630904
2024-08-22,804.77197265625,808.2252943260683,803.1439540663039,805.1172807347715,21300638
2024-08-23,801.6885986328125,806.1038926835937,800.6772446912317,806.1038926835937,20333422
2024-08-26,809.0392456054688,812.9858989531632,805.2159251748899,805.2159251748899,22364266
2024-08-27,807.9539184570312,812.714580974844,805.2159036816922,810.7412543536698,35773244
2024-08-28,807.6332397460938,808.9405806750858,804.2292392849356,807.9539173658313,26921188
2024-08-29,808.3485717773438,811.2345497877237,804.6979056469421,810.0505418236547,49052604
2024-08-30,807.5346069335938,819.9172195651064,799.7646332824804,816.9572296027775,445342100
2024-09-02,802.6258544921875,812.4185353190471,800.7758609185206,812.4185353190471,34049680
2024-09-03,807.7565307617188,809.0391809529892,801.4665524914798,806.1038818486695,37282860
2024-09-04,809.9519653320312,811.4319603519671,805.1172908451134,808.5706125582972,24682744
2024-09-05,811.7525024414062,813.947864316631,810.0505324148638,812.0238589250097,22876318
2024-09-06,807.5592041015625,812.8872099026286,806.1532209716318,808.2252499925564,26029602
2024-09-09,812.2705688476562,813.2572321563082,804.1799176724811,808.0772497858858,23792914
2024-09-10,814.169921875,815.9705945420105,808.0772877024264,815.9705945420105,26606646
2024-09-11,810.9879150390625,815.2305552034559,808.6692201411954,814.1945707781381,22226684
2024-09-12,822.1865234375,823.8638631072175,812.541925723635,815.970556634334,32424046
2024-09-13,821.8658447265625,825.8371886289187,817.4752411837702,825.8371886289187,23860532
2024-09-16,824.3324584960938,827.7118283198007,820.9285184448568,822.383822656841,15172820
2024-09-17,823.2718505859375,827.8104775064535,820.9778464556504,827.8104775064535,20127122
2024-09-18,836.0985107421875,838.1211584780381,824.4065144173259,824.7765131575844,40917342
2024-09-19,842.8571166992188,848.0370989791965,838.2444778560398,838.2691083056365,30651776
2024-09-20,858.989013671875,860.8390072921377,842.3884524296358,846.8037464482039,60623386
2024-09-23,868.1650390625,871.3963251528371,858.5203814686755,862.8370332933276,26965350
2024-09-24,872.2350463867188,878.9443447710721,865.4270455398441,870.7303607683197,33039036
2024-09-25,877.6863403320312,882.0770041306025,868.3377295053485,868.3377295053485,31965312
2024-09-26,879.832275390625,882.0769584056752,872.2350164313859,874.7016745924757,31899644
2024-09-27,864.6377563476562,877.2423442796407,863.3304153886946,876.6503703689774,35613502
2024-09-30,854.47509765625,864.0456833682003,850.701098537286,862.738402689165,26383534
2024-10-01,851.5890502929688,859.3837142697525,848.5797393423385,850.5037447767241,24572284
2024-10-03,829.7838134765625,851.5644172954591,825.5164827720641,846.3844351066934,48473398
2024-10-04,817.771240234375,834.0511850540141,815.4772359655595,826.083866681385,48683232
2024-10-07,798.1119384765625,818.4371776300311,795.7439225540929,815.0824984433904,94458296
2024-10-08,814.5151977539062,817.351854577489,800.1838900610866,804.1305430330278,29734406
2024-10-09,805.6846313476562,817.3272467507278,803.4892692768091,813.750592132383,41125642
2024-10-10,820.114501953125,821.6191272702827,805.363874384187,808.5705299330368,21754766
2024-10-11,814.4906005859375,821.1258875682706,810.6672800804614,821.1258875682706,23672594
2024-10-14,832.7931518554688,834.741848018609,815.9705545228965,816.9819085005773,18527508
2024-10-15,830.81982421875,837.6771462351046,826.5771840500105,835.7038196244212,19651130
2024-10-16,838.565185546875,842.585790426718,828.8465156450762,828.8465156450762,20470682
2024-10-17,825.4178466796875,837.5044718768119,821.4958240034423,836.1724403142362,14695732
2024-10-18,829.7098388671875,834.2238355924767,816.0198853262701,820.4598702584595,24809724
2024-10-21,852.8223876953125,862.4177242903107,844.1151323678729,846.063768270474,46548354
2024-10-22,845.841796875,858.3970631644344,843.9424218629189,853.4884373802005,38875280
2024-10-23,856.3251342773438,861.603759041874,841.1551854708522,841.1551854708522,38036090
2024-10-24,863.15771484375,872.5310159915173,857.4597103207274,857.4597103207274,30832258
2024-10-25,860.0744018554688,867.2030200365818,852.8223905419693,865.7970368926951,26130478
2024-10-28,855.5357055664062,863.8237012026692,852.9210840084185,859.383716444917,22012142
2024-10-29,864.2430419921875,870.2370336046123,851.0464203091243,851.5644426318723,35794926
2024-10-30,855.7330932617188,865.6737383463702,850.6024319063034,859.3837596235229,32715724
2024-10-31,856.2756958007812,857.8543931673494,848.234426273393,852.4770662952162,22895912
2024-11-01,857.0651245117188,860.419743696405,851.5397737386437,854.9437742666823,1759692
2024-11-04,845.6197509765625,860.8637106769045,844.0411138190809,860.8637106769045,28089248
2024-11-05,867.2030029296875,869.5956493162819,837.6277954866241,840.1437747820238,44232406
2024-11-06,865.92041015625,873.9370497603172,861.0364145993881,873.9370497603172,27787910
2024-11-07,861.62841796875,868.7323455565536,857.4104082699865,860.5184217555121,18895456
2024-11-08,865.5256958007812,869.1517316326272,861.2830556229201,864.3170573375987,19902986
2024-11-11,871.3717041015625,879.5116762015548,863.9223481240455,865.5750573030832,24565362
2024-11-12,847.6423950195312,875.6636561032956,842.9311140165652,874.1836611915717,31395406
2024-11-13,829.463134765625,853.1677439816382,825.3438276461692,846.9270867373347,35728500
2024-11-14,835.087158203125,841.05645917869,824.8998474928816,825.39317914741,27146470
2024-11-18,841.1797485351562,847.987749103584,836.1971111266544,838.6637692715708,27081968
2024-11-19,859.507080078125,865.1803941380466,839.9957889401087,845.5704607570133,50981272
2024-11-21,858.989013671875,867.7703408111802,855.5356922473849,863.0343691875372,35716512
2024-11-22,861.1597290039062,865.4517505554312,853.2417920363309,860.1484352390544,24773612
2024-11-25,880.8929443359375,889.7482832055338,870.6810037082952,880.6216480727867,427737274
2024-11-26,880.8683471679688,892.9302818593218,873.0983737208503,892.9302818593218,30935566
2024-11-27,894.06494140625,896.5562300169572,880.6709755435701,883.0143007972586,32714976
2024-11-28,884.6176147460938,905.8061839354122,882.07694483503,897.3702251985009,35722392
2024-11-29,886.04833984375,890.2662893460416,879.561016559754,888.6383310231244,27669536
2024-12-02,890.3156127929688,892.0176431336934,875.6636867426915,889.7236388960249,15110876
2024-12-03,900.9715576171875,906.4475265301775,895.9395389832724,899.1955156163089,43410242
2024-12-04,917.6461791992188,920.0635162996781,903.3642521901575,906.7435619082082,44669084
2024-12-05,920.4335327148438,927.4388181075851,905.3622266087298,917.596875706611,39682714
2024-12-06,915.5494995117188,919.6688066050771,909.7035317020062,916.1168429341786,17783156
2024-12-09,922.5301513671875,927.4634676846591,912.1701871004972,914.4641912323508,26947912
2024-12-10,921.5928344726562,926.3288062229569,916.881553393078,926.3288062229569,13325480
2024-12-11,919.1261596679688,923.4675021564423,915.9935158212785,918.4354833328279,14045426
2024-12-12,917.2268676757812,921.864197216933,912.0221946944998,913.1568815747593,17293790
2024-12-13,923.3934936523438,924.9968214762359,902.4268990322158,918.8301759997277,19009002
2024-12-16,920.1621704101562,922.5054957499956,915.2535445762154,920.1128492893367,13107082
2024-12-17,904.4002685546875,918.7562078618506,901.0702798391582,915.7962178924912,21079532
2024-12-18,893.2755737304688,905.7568882727958,891.5242825465077,902.7228866518356,23422312
2024-12-19,884.790283203125,888.5395915672278,877.6369745293333,887.7995941182149,25380770
2024-12-20,873.93701171875,886.7883251977108,871.7417099804251,879.2156362475025,25692348
2024-12-23,888.4902954101562,890.956953642833,878.7716860618692,879.1169941259847,11044592
2024-12-24,887.0596313476562,892.2889348142179,882.8416818560752,889.0083275055933,14485834
2024-12-26,883.4336547851562,893.916952377888,878.5003382709294,887.2816657547127,10481678
2024-12-27,887.1336669921875,890.9322967259654,882.6196702111419,885.4316968356189,7259330
2024-12-30,877.0943603515625,895.3969526845203,873.6903598921683,884.1489668763874,22222218
2024-12-31,874.60302734375,879.0183818635131,871.0263727843891,873.3450677348718,14117236
2025-01-01,879.4869384765625,885.0369191568942,868.8062969452952,874.8989303590305,7313806
2025-01-02,884.9136352539062,889.6989281059142,874.6770036544534,876.699651347947,18558576
2025-01-03,862.9356689453125,885.6536147489581,861.5050553855514,883.5569553072743,24426194
2025-01-06,843.8438110351562,866.8823756490298,841.5251763034672,858.4464162412277,18816348
2025-01-07,845.2744140625,849.0237223493897,838.6637582765616,846.063732614296,13527906
2025-01-08,835.8518676757812,844.4111600559388,830.4498497882179,842.7338203435289,19738190
2025-01-09,822.778564453125,833.237171528912,817.9932112311335,830.844525028491,40420222
2025-01-10,817.3272094726562,826.2811909461473,815.9705474379197,824.3571854708366,17453280
2025-01-13,804.5499267578125,812.3939122066796,801.3186405131205,809.0639234971638,21669066
2025-01-14,812.3198852539062,817.0558570637163,807.5839134440961,809.0145872775671,26661432
2025-01-15,810.5685424804688,820.2624606383587,807.2385540448483,817.2038286822469,14022892
2025-01-16,815.008544921875,819.201863784551,810.469857784879,815.4031740939097,21212454
2025-01-17,807.4605712890625,814.2438814190301,803.3905852110819,810.7905598983193,23112076
2025-01-20,814.6138305664062,819.3991231510713,802.1572072678132,802.1572072678132,17557618
2025-01-21,810.2478637695312,819.4485105158285,805.6352251722408,818.0671578930118,31158144
2025-01-22,821.9152221679688,824.8012002853578,801.8859089377631,810.2479165643738,30619306
2025-01-23,821.347900390625,832.2505181334424,814.6139111249832,832.2505181334424,34909158
2025-01-24,813.8986206054688,824.0119199318104,811.2839386423929,818.9305795964561,24236200
2025-01-27,804.0319213867188,810.839861804967,802.157237088582,809.6065327196525,22804166
2025-01-28,824.0611572265625,830.918478848159,812.5171851743912,812.5171851743912,30179312
2025-01-29,827.4651489257812,829.3644636153648,823.2964606110903,826.3304621132276,12619890
2025-01-30,834.470458984375,837.627793486482,825.1218486077116,829.2904768269195,25744846
2025-01-31,838.047119140625,840.9824182950722,830.7457868177106,832.3738053097981,15821686
2025-02-01,834.1990966796875,845.0770832229423,826.8485035606199,837.4304429485957,5587528
2025-02-03,827.8104858398438,832.1518283284162,820.6324864421063,823.8638327488314,20276540
2025-02-04,848.9744873046875,851.391824544325,828.8219005259823,833.0891713164636,28616502
2025-02-05,857.311767578125,860.4690419690123,847.9877873258422,854.9437515638108,23675506
2025-02-06,860.29638671875,862.8370567631686,850.5037655001158,856.1770794811201,26760716
2025-02-07,854.8203735351562,871.7169816976605,850.9970534399911,863.3303440695562,23509600
2025-02-10,846.4337768554688,850.2324064646851,842.857122399865,847.1984649999539,17195950
2025-02-11,839.3544921875,844.090464044396,833.0891440189461,840.1438107934578,22724704
2025-02-12,842.0184936523438,844.5837941723514,829.389155095277,835.2104927183359,22809570
2025-02-13,837.5291137695312,845.6937766231139,835.4818356095761,838.1704689996619,12602434
2025-02-14,836.1231079101562,839.601120018604,828.7971451888767,839.601120018604,19959892
2025-02-17,847.2230834960938,848.5304243918573,829.413823260936,831.3624591587258,12938946
2025-02-18,850.0350952148438,854.2284140997132,841.697778564227,845.1017788797033,16350910
2025-02-19,852.0823974609375,857.3610822217985,844.8057556604201,847.0504387449713,11884112
2025-02-20,832.2998046875,845.9157460199498,831.4118438608401,844.0904430253034,26390510
2025-02-21,834.9638061523438,836.1724445897772,827.4404985932164,829.2411711352042,15680940
2025-02-24,827.3665161132812,830.8691588600108,819.4732095421047,829.3398427560753,20693646
2025-02-25,829.9564819335938,832.7438177754724,824.406500920576,824.406500920576,24138708
2025-02-27,839.0090942382812,843.9671012979777,830.0551731686357,830.0551731686357,35786800
2025-02-28,854.6477661132812,857.0404125816553,831.2638337603047,831.2638337603047,54516728
2025-03-03,839.4285278320312,859.9017921530082,835.7531707549724,858.2984642242569,21205364
2025-03-04,843.5971069335938,845.7184570804238,835.3338019387764,837.6771272358142,19920958
2025-03-05,833.73046875,843.991790915382,832.8671383829512,839.6257577393887,21583872
2025-03-06,834.3224487304688,838.6144701478811,824.973838204501,832.2504799228543,32966088
2025-03-07,833.3604736328125,839.2311321984157,827.6131479773222,829.7838192395386,13372914
2025-03-10,832.4971313476562,838.6144556459366,830.3018296675241,833.2371287977431,15604050
2025-03-11,831.510498046875,835.7038170818192,823.8885481247595,829.9811819724781,19898430
2025-03-12,844.1644897460938,847.7904654359072,834.4952011662076,834.4952011662076,18784106
2025-03-13,841.9197387695312,848.9250839737969,838.688452760047,846.5817587561914,15736264
2025-03-17,843.7944946289062,850.5037932506908,841.1304915849349,841.1304915849349,18950652
2025-03-18,843.7944946289062,843.7944946289062,843.7944946289062,843.7944946289062,0
2025-03-19,860.4197387695312,863.823739278078,854.5490799535085,855.930432694155,15221406
2025-03-20,872.580322265625,875.1703133281802,862.9850461318551,865.3036807089222,17833978
2025-03-21,873.3696899414062,875.2196836615442,866.0684175252852,866.0684175252852,33508264
2025-03-24,887.9969482421875,890.1676194932312,874.997671627427,877.6369838460287,17393736
2025-03-25,898.5789184570312,909.5555477752322,888.7369760332164,890.4143157035983,39101416
2025-03-26,891.2283325195312,901.5636066855513,888.9836493829623,900.3302775382388,24478442
2025-03-27,900.5029296875,908.2235821777275,887.0596420099644,887.9969842041877,41658100
2025-03-28,901.9088745117188,905.7568853680813,890.8829244709937,902.3035639097062,28773648
2025-04-01,872.1363525390625,892.8809726796349,870.9030234039785,888.9836405685396,28511006
2025-04-02,886.4676513671875,887.602278026219,873.5423260418547,873.5423260418547,11573564
2025-04-03,885.456298828125,889.9702954640933,876.6503409310941,878.6729886492828,11250038
2025-04-04,896.5316772460938,908.6922548603657,893.4729847277881,894.4103269547068,33540454
2025-04-07,867.1289672851562,878.0562747489253,857.5090006629878,869.6450067324856,37995450
2025-04-08,872.7777099609375,879.1170096868965,863.4784203033727,870.730371547347,35563872
2025-04-09,870.7303466796875,875.6636630914704,865.0570328061372,870.7303466796875,22454608
2025-04-11,891.3269653320312,897.567622795633,875.540352413462,875.540352413462,32775766
2025-04-15,920.0142211914062,925.8848799667485,915.1302257322174,920.0635423129839,49298344
2025-04-16,926.4768676757812,929.33821542373,917.8435635307726,929.33821542373,19136820
2025-04-17,940.6354370117188,947.048748489299,925.835487448072,928.4501692927759,35703084
2025-04-21,950.6994018554688,962.3420166432835,942.2634427629204,949.170085798879,34247298
2025-04-22,967.7686767578125,972.1593405008402,954.5967457498784,954.5967457498784,45961750
2025-04-23,949.1207275390625,976.2539669757358,947.4433879660209,976.2539669757358,30570642
2025-04-24,945.6181030273438,949.1207455952106,939.8460867592294,942.2634238174406,25931754
2025-04-25,942.8554077148438,953.6100615716746,933.2848220611925,949.5647662059754,18500878
2025-04-28,947.29541015625,951.982060830828,941.4741328194633,942.8554253066497,13920492
2025-04-29,941.6714477539062,951.5380804410966,937.4287475214969,946.6047640975014,18918308
2025-04-30,949.6633911132812,955.5340495753018,942.4114402150566,943.7434115323153,31936870
2025-05-02,948.1341552734375,958.0007887427045,947.1968130496268,952.0314875380283,17840404
2025-05-05,955.4847412109375,962.9833580251333,953.2647488384409,956.5700467268101,15068024
2025-05-06,952.9686889648438,957.112686715781,949.3180830668039,952.1300492793257,17490156
2025-05-07,959.8260498046875,961.355365881208,948.3807795701131,954.1034146874002,21420778
2025-05-08,951.3900756835938,964.364722012384,946.752746184645,964.364722012384,34803430
2025-05-09,932.248779296875,946.7034204881495,930.8181657127636,942.3127568324845,17188796
2025-05-12,965.5487060546875,966.880737676539,943.3981625785179,946.0127842578852,18618972
2025-05-13,948.4793701171875,967.7686246091653,947.1967199365026,961.9966686855105,24242102
2025-05-14,942.5594482421875,952.2287366384547,938.8101397074491,948.2327622761527,15445308
2025-05-15,954.0047607421875,959.4314088460198,935.85013208818,943.9901042439285,32241458
2025-05-16,954.44873046875,958.9380967138302,951.340777169636,954.0047801554118,15868010
2025-05-19,956.4220581054688,959.5300716290252,952.6234284399217,955.5834183781088,10202964
2025-05-20,944.6807861328125,954.3993955236706,943.7434439560598,951.1927398071444,23879090
2025-05-21,950.5514526367188,960.4674068130723,947.739426083267,950.6500948788123,15132040
2025-05-22,947.1474609375,949.2687509312965,939.895449442171,944.828766015395,21306670
2025-05-23,953.9060668945312,955.583406549638,944.4834444188342,947.246089616049,9566072
2025-05-26,957.1619873046875,961.9473401627192,950.6007128758197,954.5966869630639,10802860
2025-05-27,950.3047485351562,961.0100208805311,945.3714322062008,952.9193700568147,26162148
2025-05-28,948.9234008789062,954.3500488693757,946.0620533045636,947.2953823933067,18157594
2025-05-29,950.896728515625,957.4580633637506,940.9314535555673,951.1433943336576,28917794
2025-05-30,959.480712890625,961.4047183192448,949.8607459686729,953.0674016093235,28748078
2025-06-02,953.166015625,955.09002099665,941.2767355690125,952.1793523801688,14668822
2025-06-03,949.466064453125,962.9833634640112,947.1967509482078,956.0767204883472,24377584
2025-06-04,957.6553344726562,958.6913790708478,947.6407385330224,947.690059651711,12961542
2025-06-05,961.79931640625,966.3873245707182,957.1619871239031,961.0099978567567,22255418
2025-06-06,976.1552734375,984.8379583134906,958.3953347348495,959.0366899431259,30127008
2025-06-09,976.2540283203125,984.1966559557253,974.7740333489505,984.1966559557253,13202588
2025-06-10,969.5447387695312,978.1780428487654,967.472709657825,978.1780428487654,15533126
2025-06-11,962.1940307617188,970.6793107759778,960.516691162301,970.6793107759778,11096394
2025-06-12,958.74072265625,967.4233474890254,954.7447484104943,961.9966994408974,16349130
2025-06-13,946.0127563476562,953.6100757725884,943.7434428106371,947.19676434732,12117762
2025-06-16,954.7940673828125,956.520728121515,947.2460692080249,949.1700746468088,16513746
2025-06-17,951.9327392578125,957.852719054467,946.7527569357399,955.5834055099792,16978736
2025-06-18,954.0540771484375,955.2380851367438,945.7167603313338,945.7167603313338,18433816
2025-06-19,954.7447509765625,960.4180648603083,949.9593979158449,954.0540746334422,16876220
2025-06-20,969.2486572265625,971.8140179089729,952.9193918485255,952.9193918485255,32900408
2025-06-23,961.2073974609375,965.8940481289003,957.9514206200562,961.2073974609375,11739518
2025-06-24,967.3740234375,976.3033140635843,964.7593416610487,969.3966711141703,22625322
2025-06-25,976.8953247070312,977.7833457795492,968.854054817417,969.8900392545883,18405932
2025-06-26,997.4179077148438,1000.0325292056699,976.7966216145232,977.4872979366618,50084830
2025-06-27,1004.9491577148438,1007.393088107433,994.2258430942326,1004.0015037809444,28213384
2025-06-30,998.2658081054688,1004.400566128524,995.2732550959096,1003.2533964547342,13649020
2025-07-01,1003.5526123046875,1005.4977838847651,999.5126780283082,1000.0114368496795,14389386
2025-07-02,990.5350341796875,1007.4429706558585,986.4950998423908,1007.4429706558585,18878250
2025-07-03,991.0836181640625,1001.507689459166,989.6871300276722,994.9739612315547,16860506
2025-07-04,992.1809692382812,999.2633203019867,987.5424877454124,991.0836632772651,7863944
2025-07-07,991.2332763671875,996.7196233059492,989.4377568185034,992.0312782906421,11349426
2025-07-08,998.2159423828125,1000.0114620081927,986.0462146584523,986.0462146584523,15224316
2025-07-09,1003.1036987304688,1004.4005203490875,996.5699704674603,1001.0089360727129,13861428
2025-07-10,1000.6099243164062,1005.9965439473215,997.5176439735463,1005.4977851253348,17030310
2025-07-11,989.3878784179688,999.9117385623401,987.9913902076418,996.5201541247731,12516922
2025-07-14,989.0387573242188,991.8816582943851,982.8541356715338,989.0387573242188,13088850
2025-07-15,995.2732543945312,999.3131887778599,984.0511806165923,984.0511806165923,14498168
2025-07-16,995.6722412109375,1008.8394251469304,993.826797075495,1006.4952830829005,17994612
2025-07-17,990.98388671875,999.9116815490105,988.8890631972324,999.5126501495852,22529158
2025-07-18,976.2705078125,996.0213445308241,974.0759568696542,990.9838927216935,16129446
2025-07-21,997.7670288085938,998.5151670456409,985.7968170158388,986.6446826643673,22309078
2025-07-22,1001.058837890625,1006.4953213272488,999.0139388595042,1004.051390877723,14836814
2025-07-23,1009.6375122070312,1012.3806857402005,999.0139248978445,1003.0039954915454,13634916
2025-07-24,1004.5999755859375,1016.3208076773761,1001.7072110041944,1016.3208076773761,19107176
2025-07-25,1002.2999877929688,1007.5,999.5,1007.5,9306598
2025-07-28,1004.25,1010.7000122070312,1000.25,1001.5,12059580
2025-07-29,1010.7999877929688,1013.25,998.1500244140625,999.9500122070312,19895696
2025-07-30,1012.9000244140625,1016.2999877929688,1008.5,1014.0,15154036
2025-07-31,1009.0999755859375,1015.7000122070312,1004.0,1007.2999877929688,22183032
2025-08-01,1006.0999755859375,1014.1500244140625,1004.6500244140625,1007.0,11317258
2025-08-04,996.0,1009.25,994.0499877929688,1005.0499877929688,13933946
2025-08-05,988.7999877929688,997.2000122070312,982.75,993.25,23978058
2025-08-06,992.6500244140625,994.0,985.0,985.5499877929688,14080204
2025-08-07,997.7000122070312,1000.7999877929688,988.4000244140625,990.0499877929688,13081186
2025-08-08,986.9500122070312,996.4000244140625,985.0,993.5499877929688,13895264
2025-08-11,997.7999877929688,998.7999877929688,986.5499877929688,987.9500122070312,9105854
2025-08-12,984.9500122070312,998.0,983.75,995.9500122070312,12937802
2025-08-13,990.1500244140625,997.0,984.5499877929688,997.0,13577396
2025-08-14,995.5499877929688,998.0,985.5999755859375,989.0,17511716
2025-08-18,1001.7999877929688,1013.2999877929688,997.7999877929688,1005.0,19284796
2025-08-19,995.5499877929688,1003.0499877929688,993.3499755859375,999.1500244140625,12352438
2025-08-20,994.0999755859375,996.0,989.5,993.5,9950228
2025-08-21,995.5999755859375,998.75,991.5999755859375,998.75,12439850
2025-08-22,982.2999877929688,998.0,978.5499877929688,994.9500122070312,19833502
2025-08-25,982.0499877929688,988.7000122070312,978.5,980.0999755859375,17518044
2025-08-26,973.4000244140625,985.7000122070312,968.0,979.5,16917731
2025-08-28,957.7999877929688,972.2000122070312,955.0,967.0,25438255
2025-08-29,951.5999755859375,963.2999877929688,950.0999755859375,954.0,14823813
2025-09-01,950.5999755859375,957.4500122070312,946.3499755859375,949.5999755859375,20178344
2025-09-02,944.5,954.7999877929688,944.0,951.0,14196320
2025-09-03,954.4500122070312,956.2999877929688,940.0,945.0,16083481
2025-09-04,961.25,965.7000122070312,956.25,960.2000122070312,17597657
2025-09-05,963.4000244140625,967.5,954.0499877929688,967.5,11602111
2025-09-08,966.0,973.1500244140625,960.4500122070312,969.0,11711307
2025-09-09,965.1500244140625,974.4000244140625,962.7000122070312,974.0,13985539
2025-09-10,965.9000244140625,973.9000244140625,961.7000122070312,973.9000244140625,18091100
2025-09-11,967.7999877929688,969.25,959.9000244140625,960.2999877929688,15113633
2025-09-12,967.2999877929688,970.75,962.25,969.9000244140625,14363519
2025-09-15,967.0499877929688,972.3499755859375,965.0,969.5999755859375,14486377
2025-09-16,966.8499755859375,969.3499755859375,961.2000122070312,961.2000122070312,18661794
2025-09-17,966.5,974.4000244140625,964.3499755859375,965.1500244140625,17361476
2025-09-18,976.9000244140625,979.6500244140625,969.25,973.2999877929688,17791598
2025-09-19,966.9000244140625,976.7000122070312,962.0999755859375,974.9000244140625,31243267
2025-09-22,964.2000122070312,971.2000122070312,961.9500122070312,964.0,10854415
2025-09-23,957.2000122070312,968.2000122070312,955.5,967.0,21022298
2025-09-24,951.0499877929688,956.4500122070312,943.0,952.2000122070312,15117220
2025-09-25,949.8499755859375,958.0,947.4000244140625,952.5,31413279
2025-09-26,945.0499877929688,951.4500122070312,941.2999877929688,945.0999755859375,14874656
2025-09-29,950.2999877929688,956.7999877929688,939.0999755859375,946.0499877929688,32398179
2025-09-30,951.0,960.0,946.2999877929688,958.0499877929688,28296687
2025-10-01,965.25,969.5999755859375,946.0,952.7000122070312,25350832
2025-10-03,965.1500244140625,966.75,952.0,952.0,26658296
2025-10-06,973.4500122070312,977.4000244140625,962.0,971.9000244140625,18542683
2025-10-07,982.5,989.8499755859375,971.0,974.0,25535736
2025-10-08,978.7000122070312,985.9000244140625,974.5499877929688,976.0,15939710
2025-10-09,977.0999755859375,979.0,970.1500244140625,974.5,15370950
2025-10-10,980.9000244140625,986.2000122070312,978.0999755859375,979.0,13757080
2025-10-13,977.0,981.0,972.0,974.2999877929688,18634254
2025-10-14,977.1500244140625,980.4500122070312,967.0,970.0,22934382
2025-10-15,978.25,984.9000244140625,973.3499755859375,975.0,23310447
2025-10-16,994.3499755859375,996.5999755859375,981.5,982.6500244140625,22936566
2025-10-17,1002.5499877929688,1009.0,986.0,993.9500122070312,25210511
2025-10-20,1002.9500122070312,1020.0,997.0,997.0,22195202
2025-10-21,1007.7000122070312,1010.0,1004.0,1006.0,3471600
2025-10-23,1008.7999877929688,1020.5,1006.0,1016.0,43526526
2025-10-24,994.75,1011.9500122070312,991.2999877929688,1011.0,17707768
2025-10-27,1002.9500122070312,1009.0499877929688,996.2000122070312,996.5,15700796
2025-10-28,1003.5499877929688,1008.0,995.0,997.6500244140625,33904289
2025-10-29,1007.8499755859375,1012.5,1000.0,1004.9000244140625,17769445
2025-10-30,998.1500244140625,1009.5,997.0999755859375,1000.0,19962917
2025-10-31,987.2999877929688,1004.4500122070312,981.1500244140625,994.0,23221330
2025-11-03,992.6500244140625,994.5499877929688,983.2999877929688,985.0,16607180
2025-11-04,985.25,997.0,983.7000122070312,987.0,20024544
2025-11-06,984.6500244140625,991.0499877929688,974.0,981.0,22279516
2025-11-07,982.2999877929688,984.9000244140625,974.75,980.0,15004568
2025-11-10,984.5,990.9500122070312,980.2000122070312,982.2999877929688,15988262
2025-11-11,991.7000122070312,993.5,978.0,983.5,10200530
2025-11-12,989.5,999.0,987.7000122070312,998.7999877929688,13137263
2025-11-13,986.6500244140625,990.0999755859375,982.5999755859375,984.0,14124839
2025-11-14,989.5999755859375,991.6500244140625,976.0499877929688,976.0499877929688,21386965
2025-11-17,996.5499877929688,997.9500122070312,985.5999755859375,991.25,18396408
2025-11-18,992.4500122070312,999.0,990.0,997.6500244140625,20002640
2025-11-19,994.5999755859375,996.5499877929688,984.0,990.0,19813847
2025-11-20,1008.8499755859375,1011.5999755859375,992.4500122070312,995.2999877929688,19850865
2025-11-21,998.0499877929688,1008.2999877929688,996.5499877929688,1003.0999755859375,17499897
2025-11-24,999.1500244140625,1011.4500122070312,993.5999755859375,1000.0,32204053
2025-11-25,989.7999877929688,1006.0999755859375,988.4000244140625,1004.0,24989383
2025-11-26,1003.9000244140625,1006.9500122070312,981.2999877929688,981.2999877929688,19494356
2025-11-27,1009.5,1016.7999877929688,1001.0,1002.0999755859375,25536848
2025-11-28,1007.5999755859375,1012.0499877929688,1004.2000122070312,1007.0,15988807
2025-12-01,1002.0999755859375,1017.5,999.2999877929688,1017.5,16746566
2025-12-02,989.7999877929688,994.4000244140625,985.0,988.0,27316662
2025-12-03,1000.5,1002.2999877929688,986.0,986.0,15448777
2025-12-04,997.2000122070312,1004.7000122070312,993.0,1000.0,14528169
2025-12-05,1003.2999877929688,1008.0,990.2000122070312,992.0,12843366
2025-12-08,1003.0999755859375,1006.5,997.5,1000.0,12901022
2025-12-09,997.0999755859375,1002.7999877929688,994.0,994.9000244140625,15294322
2025-12-10,989.7999877929688,998.5,985.2999877929688,997.5,15322830
2025-12-11,1000.2999877929688,1002.7000122070312,988.5,990.0,11844809
2025-12-12,1001.5,1004.7000122070312,998.2000122070312,1003.0,11988618
2025-12-15,996.0999755859375,1001.7999877929688,992.0,992.0,9790060
2025-12-16,994.2999877929688,998.7000122070312,990.0999755859375,990.0999755859375,20049088
2025-12-17,984.0,996.0,980.7999877929688,996.0,19080922
2025-12-18,979.7000122070312,987.4000244140625,973.2999877929688,973.2999877929688,14912404
2025-12-19,985.5,988.0,978.7000122070312,987.0,25952384
2025-12-22,987.7000122070312,992.9000244140625,983.9000244140625,988.0,13540411
2025-12-23,996.5999755859375,998.9000244140625,987.7000122070312,990.5,17927849
2025-12-24,997.2000122070312,999.4000244140625,993.0,993.0,13699996
2025-12-26,992.0999755859375,997.2000122070312,987.7000122070312,996.0,9360853
2025-12-29,991.7000122070312,997.4000244140625,987.2000122070312,993.0999755859375,13545749
2025-12-30,990.9000244140625,995.0,982.2000122070312,990.2000122070312,33155849
2025-12-31,991.2000122070312,997.5999755859375,987.5999755859375,991.0,10963454
