Price,Close,High,Low,Open,Volume
Ticker,MBG.DE,MBG.DE,MBG.DE,MBG.DE,MBG.DE
Date,,,,,
2000-01-03,17.43207550048828,18.10445586403346,16.662347361924198,17.941453682789938,4195931
2000-01-04,16.764223098754883,16.979294439226575,16.32276076428038,16.766486614137182,4295647
2000-01-05,16.54915428161621,16.571793592130383,16.096373262882587,16.30012498089021,3349896
2000-01-06,16.141651153564453,16.492557358299106,16.05109494809002,16.32276356451331,2198697
2000-01-07,16.526514053344727,16.637446045717873,16.152969603844568,16.254845457190967,3238414
2000-01-10,17.00872230529785,17.2962385641302,16.820818362915727,16.97929245552701,3479426
2000-01-11,16.773277282714844,17.16040588208729,16.583109813381306,17.092487964609113,3033625
2000-01-12,16.775545120239258,16.920435044593866,16.583113059667046,16.583113059667046,1915615
2000-01-13,17.09248924255371,17.488674009201805,17.09248924255371,17.207949295575247,5363646
2000-01-14,17.047210693359375,17.40943543975627,16.93627871583172,17.239642719671448,3030131
2000-01-17,16.49028778076172,17.262280365356908,16.435954074028807,17.21700175725798,3668113
2000-01-18,16.492555618286133,16.730265243211203,16.23447020033528,16.537833197091437,3003225
2000-01-19,16.46991539001465,16.537832273584925,16.166551371889085,16.492554697308016,2432963
2000-01-20,16.073734283447266,16.50387703883655,16.017137044306036,16.39068152224411,2569080
2000-01-21,16.094104766845703,16.288801335945752,15.90393730471111,15.96053452882397,3027331
2000-01-24,15.824702262878418,16.284274797731094,15.802062955781683,16.284274797731094,2184952
2000-01-25,15.281367301940918,15.833759621042155,15.281367301940918,15.802065209572158,4301662
2000-01-26,15.190805435180664,15.46247499974826,15.054971691206507,15.439835696316019,3700209
2000-01-27,15.813384056091309,15.937898179895479,15.054975505442671,15.281366520502825,4867209
2000-01-28,15.428516387939453,16.005812408450616,15.304001254600868,15.912991677636697,3727862
2000-01-31,15.03233528137207,15.360602129399224,15.01196052734687,15.294948759793794,3590175
2000-02-01,15.168169975280762,15.32664305199539,14.91913966808939,15.304003744376205,3568971
2000-02-02,15.168169975280762,15.394559936543112,15.034598683313467,15.254198098261865,2908142
2000-02-03,15.360604286193848,15.448895937676653,15.054976703043398,15.054976703043398,3162028
2000-02-04,15.353814125061035,15.464745097804713,15.156853970315849,15.292687772111776,2542584
2000-02-07,15.179491996765137,15.553037541368594,15.082144198131475,15.213450965813651,2463967
2000-02-08,15.021012306213379,15.276834143395822,14.944039299732227,15.11156847904132,2453257
2000-02-09,14.885184288024902,15.054977047557314,14.733501731710072,15.043657391813818,3259020
2000-02-10,15.145530700683594,15.213447585379397,14.715388008220561,14.715388008220561,3442078
2000-02-11,14.934988021850586,15.476061682265806,14.94177960676121,15.213448194735612,5937719
2000-02-14,15.156851768493652,15.156851768493652,14.771987655463914,14.805945581824817,2301634
2000-02-15,15.007431983947754,15.31079496083473,14.964417923491522,14.98705723056632,2602796
2000-02-16,14.885184288024902,15.23608946283322,14.54559773065007,15.168172566682259,5423921
2000-02-17,14.871602058410645,15.054979052239261,14.681434516203732,14.78104583871446,2690068
2000-02-18,14.715386390686035,14.87386048863634,14.715386390686035,14.839901530866335,3478762
2000-02-21,14.602193832397461,14.715388296336782,14.461830952752145,14.613513486453364,1946142
2000-02-22,14.590871810913086,14.670108338138105,14.375800495366834,14.516162313928017,2593939
2000-02-23,14.319199562072754,14.636145588843188,14.206004107522132,14.579548380722587,2686011
2000-02-24,14.058855056762695,14.28524605204202,13.9343409438379,14.149411247212463,3121755
2000-02-25,14.896498680114746,14.996109954164007,14.036214492379207,14.036214492379207,4387706
2000-02-28,15.258728981018066,15.50549477996298,15.032337939701439,15.247409325121232,4131452
2000-02-29,15.847341537475586,16.01713531316787,15.376449319187623,15.430783036682389,4819262
2000-03-01,15.439840316772461,16.119012354818103,15.113836949394988,15.983177531884994,4822638
2000-03-02,15.227032661437988,15.39456189786808,14.771988127191085,15.39456189786808,4016994
2000-03-03,14.930458068847656,15.145529396560207,14.68595688967189,15.054973211993303,3544473
2000-03-06,14.885184288024902,15.068560219125505,14.783308424643455,15.054977047557314,1507274
2000-03-07,14.439191818237305,14.794624988729561,14.357690729239557,14.681429493259268,2892448
2000-03-08,14.692748069763184,14.749345294195258,14.28750824644693,14.28750824644693,4562640
2000-03-09,14.500319480895996,14.68595995761648,14.382595897211312,14.613514994828972,3885098
2000-03-10,14.262609481811523,14.613515695663489,14.14941396244992,14.613515695663489,2561559
2000-03-13,14.262609481811523,14.262609481811522,14.262609481811522,14.262609481811522,0
2000-03-14,14.86480712890625,14.867071682833243,14.432401926040622,14.488999161256777,3187560
2000-03-15,14.64747428894043,14.971213135971261,14.568237733286814,14.760669813435623,2341685
2000-03-16,15.813384056091309,15.813384056091309,14.889709794488184,14.92140524264734,5601863
2000-03-17,15.6300048828125,16.014868930699546,15.202126776608983,15.95827170413782,46575930
2000-03-20,15.315323829650879,15.790744111498197,15.113835647459515,15.630006476507429,3055075
2000-03-21,15.405879020690918,15.607367189755522,15.16816941440874,15.224766643054078,3618131
2000-03-22,15.598318099975586,15.869986789187072,15.349288727775956,15.496442211732496,5881555
2000-03-23,15.464739799499512,15.86997858837743,15.405878021009606,15.7001858751494,3800219
2000-03-24,15.892621994018555,16.205041165351567,15.507757857640783,15.620953375100715,5095731
2000-03-27,15.858662605285645,16.277485697249436,15.779426056665192,15.847342950009871,3491975
2000-03-28,15.403616905212402,15.84507823603334,15.304004569304507,15.779424863384703,5024337
2000-03-29,15.39682388305664,15.505491309371202,15.168169377064359,15.453421111562635,2464511
2000-03-30,15.439840316772461,15.711508924328728,15.281367221942128,15.349284114253706,2765742
2000-03-31,15.399087905883789,15.67754806520281,15.39682439046048,15.575672219886856,1923300
2000-04-03,15.779422760009766,15.85865929207603,15.371920446767577,15.584727221886384,2506265
2000-04-04,15.994497299194336,16.306916459653237,15.820176478334078,15.99223378348172,3210682
2000-04-05,16.017133712768555,16.06241128700188,15.575671393712462,15.869979260313267,3693466
2000-04-06,15.849607467651367,16.1031648379785,15.74546809298736,16.028455320991956,2686312
2000-04-07,15.73414421081543,15.958270624944364,15.56435046599321,15.949214487853453,2471241
2000-04-10,15.779422760009766,15.86997894498689,15.383239061368686,15.734145186676079,2280984
2000-04-11,15.76810359954834,15.872242955946945,15.577936124312185,15.75678394628396,2107191
2000-04-12,15.892621994018555,15.960538889170515,15.541716824371761,15.768106820981629,2182337
2000-04-13,15.847341537475586,15.960537041833817,15.657174045398847,15.67754880009318,2330903
2000-04-14,15.6300048828125,15.858659380949867,15.487379539617832,15.756783542490957,2388606
2000-04-17,15.5077543258667,15.559824522000271,15.145529583136865,15.179487503824188,3263384
2000-04-18,15.555299758911133,15.673023344471524,15.254200247739345,15.575674515653517,2746007
2000-04-19,15.326643943786621,15.530395647595054,14.953099499574462,15.530395647595054,5838839
2000-04-20,14.966450691223145,15.540539380344644,14.966450691223145,15.462576170405722,4491472
2000-04-21,14.966450691223145,14.966450691223145,14.966450691223145,14.966450691223145,0
2000-04-24,14.966450691223145,14.966450691223145,14.966450691223145,14.966450691223145,0
2000-04-25,15.427139282226562,15.474388760145152,14.966450642224766,14.990075922948892,3045019
2000-04-26,15.462574005126953,15.627949864049425,15.420049805874715,15.592511947809713,1689556
2000-04-27,15.046777725219727,15.424777927369762,15.025515620172458,15.403515822322493,1886133
2000-04-28,15.155452728271484,15.309014895279184,15.00188947773406,15.16490219101932,2176727
2000-05-01,15.155452728271484,15.155452728271484,15.155452728271484,15.155452728271484,0
2000-05-02,15.249954223632812,15.285391066719312,15.086941494845432,15.120016242902773,1777721
2000-05-03,15.238138198852539,15.516913025722861,15.176712906431407,15.238138198852539,2255873
2000-05-04,15.297199249267578,15.36807399830799,15.134186568003972,15.238137138988822,2028507
2000-05-05,15.309015274047852,15.344453198170905,15.075127792013047,15.344453198170905,1891391
2000-05-08,15.141278266906738,15.306654173359147,15.051503486866457,15.254678331230195,1734677
2000-05-09,15.141278266906738,15.141278266906738,15.141278266906738,15.141278266906738,0
2000-05-10,14.505764961242676,14.935739925072019,14.399452267768314,14.883765167582713,4019692
2000-05-11,14.31676197052002,14.458512561072709,14.115949265962634,14.392361996540233,4440892
2000-05-12,14.524662971496582,14.590813540261978,14.37582500442168,14.37582500442168,2326017
2000-05-15,14.529385566711426,14.633335048219392,14.451422372051,14.458510821726046,1628502
2000-05-16,14.661688804626465,14.940463657159208,14.567188762790813,14.635701428562871,2821359
2000-05-17,14.472687721252441,14.75146255452878,14.304949752257052,14.718387813053367,2376353
2000-05-18,14.427799224853516,14.682948758700917,14.35456129682645,14.45851186939617,2162037
2000-05-19,14.245888710021973,14.458514076370015,14.175012865552826,14.352201393195994,2650441
2000-05-22,14.389999389648438,14.527023619283696,14.189186692241632,14.222261431565347,2526343
2000-05-23,14.392361640930176,14.6120743465639,14.356923723285215,14.364012173637851,2259749
2000-05-24,14.364014625549316,14.527026257365076,14.293138778161017,14.293138778161017,2075431
2000-05-25,14.345112800598145,14.682949746230154,14.281324329316552,14.505762317245825,2641846
2000-05-26,14.082879066467285,14.399454006623708,14.068703244370333,14.316766586942848,2531389
2000-05-29,14.141939163208008,14.26951504253124,14.061613850344443,14.130126521593091,1718058
2000-05-30,14.151389122009277,14.26951444972129,14.059251171358557,14.177376499070569,1880772
2000-05-31,13.773385047912598,14.222260984976094,13.61982291167267,14.222260984976094,3828301
2000-06-01,13.766298294067383,13.912774153832544,13.608010878590749,13.820636217870222,1868753
2000-06-02,13.69070053100586,13.714325813390053,13.46862569377177,13.683613162996549,4213353
2000-06-05,14.00727367401123,14.075786328995889,13.70251040987055,13.759210426044453,2542610
2000-06-06,14.23643684387207,14.36401270196863,14.061611510707214,14.080511517440453,3080170
2000-06-07,14.340391159057617,14.40890383675778,14.156115232748263,14.186827887133155,2285575
2000-06-08,14.252975463867188,14.531750306143573,14.234075456195406,14.387637612205022,2679992
2000-06-09,14.175012588500977,14.352201112680978,14.127763109974738,14.278963174906183,1784631
2000-06-12,14.175012588500977,14.316763191139044,14.160837853296073,14.276601080215256,342494
2000-06-13,14.056886672973633,14.210448814271011,13.997823477451915,14.149023524340242,2401956
2000-06-14,13.962388038635254,14.163199672883332,13.844262719319593,14.163199672883332,2754845
2000-06-15,13.678884506225586,13.98837302843252,13.669435045727155,13.891509828029161,2499930
2000-06-16,13.338687896728516,13.773388113983842,13.338687896728516,13.761576556168697,23287505
2000-06-19,13.584388732910156,13.598564553386327,13.395388628525966,13.46390130180646,2570553
2000-06-20,13.449727058410645,13.674165096926517,13.367039645149493,13.629277705929313,2068220
2000-06-21,13.230009078979492,13.513509134218129,13.133145882900406,13.46625858324698,3223954
2000-06-22,13.07645034790039,13.277261991037534,12.998487135277317,13.234737784366441,2330299
2000-06-23,13.289072036743164,13.322147857956764,12.996122502633362,13.123697264793131,2360199
2000-06-26,13.239462852478027,13.456812406087423,13.185124922310838,13.395387108251413,2503527
2000-06-27,13.411928176879883,13.426102915552013,13.196940667409452,13.348140769325354,2137671
2000-06-28,13.2985258102417,13.53005119731084,13.173313111964815,13.445000612865135,2064156
2000-06-29,13.041009902954102,13.312697338383272,13.0410099029541,13.289072061338258,1845669
2000-06-30,12.906352996826172,13.161503729817259,12.901628805932464,13.024478356239268,2190240
2000-07-03,13.07645034790039,13.1709503908301,12.948874477298007,13.005574503055833,1971753
2000-07-04,13.378849029541016,13.44263641613674,13.09062365908439,13.168585779694808,2348950
2000-07-05,13.27962589263916,13.582026046485536,13.114249995857103,13.348138562936201,2940760
2000-07-06,13.111886978149414,13.298524966289342,13.041012217962356,13.277261779762446,2477618
2000-07-07,13.111886978149414,13.111886978149414,13.111886978149414,13.111886978149414,0
2000-07-10,13.714322090148926,13.886785304496563,13.525322049445656,13.558396785686368,3679128
2000-07-11,13.650538444519043,13.856076451310653,13.572576312734158,13.714325840257535,1894347
2000-07-12,13.603287696838379,13.72377620220262,13.482800275003862,13.72377620220262,1803958
2000-07-13,13.603287696838379,13.603287696838379,13.603287696838379,13.603287696838379,0
2000-07-14,13.3953857421875,13.508785780383414,13.206385678527642,13.430823660447313,2753403
2000-07-17,13.2985258102417,13.572576489533693,13.260725791272442,13.466262717211684,2454333
2000-07-18,13.619824409484863,13.754486555295399,13.267811637763172,13.28198637236857,2168635
2000-07-19,14.156112670898438,14.25770007973259,13.624550345548657,13.655262994375441,5272092
2000-07-20,14.23643684387207,14.49394957105365,14.198636830405594,14.264787395736727,3868929
2000-07-21,13.952938079833984,14.411263557913841,13.950575985089595,14.264788762578531,2568147
2000-07-24,13.702509880065918,13.867885733492722,13.525322471814572,13.775747804449052,3729454
2000-07-25,13.284347534179688,13.631634980478122,13.24182225328839,13.596197065813795,2967739
2000-07-26,13.513513565063477,13.584388331229379,12.960688005203925,13.305613456388324,5882885
2000-07-27,13.291439056396484,13.501701265306693,13.092988405871512,13.383575929686105,2733669
2000-07-28,13.48043441772461,13.75212183560477,13.092983799919033,13.383571221508504,3085973
2000-07-31,13.4922513961792,13.702513598766801,13.397751347230315,13.513513500869033,1551996
2000-08-01,13.3953857421875,13.53713633169718,13.230010957367517,13.53713633169718,2065985
2000-08-02,13.65762710571289,13.678889211795676,13.348139560570981,13.362314297959504,2328406
2000-08-03,13.489887237548828,13.73795052522101,13.371761914063487,13.700150508388077,2229752
2000-08-04,13.518235206604004,13.650535240217163,13.305609881700482,13.608009958530562,2921775
2000-08-07,13.785198211669922,13.870248780247655,13.636361341953211,13.700148726621737,2614448
2000-08-08,13.903326034545898,14.066338750863396,13.763938600832036,13.870251289018654,2762982
2000-08-09,14.458510398864746,14.576634609209176,13.974196585629025,13.978921857431041,5616915
2000-08-10,14.739651679992676,15.07276447979055,14.404176785352808,14.458514718486413,5795297
2000-08-11,14.730196952819824,14.907384341479162,14.555371658158318,14.694759041676214,2547659
2000-08-14,14.671135902404785,14.907386510680741,14.564823237033558,14.649873802742347,1919385
2000-08-15,14.529385566711426,14.812885630182405,14.418347635528416,14.812885630182405,1575751
2000-08-16,14.484501838684082,14.600263987421837,14.401813351266002,14.529389224593206,1539462
2000-08-17,14.423077583312988,14.557739750794537,14.276602773916073,14.557739750794537,1101627
2000-08-18,14.177371978759766,14.458509930699837,14.10649723814214,14.458509930699837,2270686
2000-08-21,14.1868257522583,14.1868257522583,13.941125637682708,14.144300461545482,1646088
2000-08-22,14.352198600769043,14.505760733515073,14.193910112409013,14.210448022940064,1999408
2000-08-23,14.434887886047363,14.49867527522973,14.1915498857894,14.293137289563509,1974768
2000-08-24,14.234074592590332,14.44906203137201,14.210449313551576,14.44906203137201,1650592
2000-08-25,14.326211929321289,14.453787790306194,14.267149813266336,14.340387747339358,1217089
2000-08-28,14.411266326904297,14.48214110168064,14.328578909076914,14.364016838230038,1443623
2000-08-29,14.127760887145996,14.41126096428722,13.997822945466039,14.41126096428722,1838916
2000-08-30,13.89151382446289,14.132489764146788,13.773388491307621,14.12776449077343,2186678
2000-08-31,13.678884506225586,13.91040983255549,13.678884506225584,13.870247729260592,2248807
2000-09-01,13.6859712600708,13.81590919169849,13.551309140170027,13.714321807356418,2219749
2000-09-04,13.808826446533203,13.924588601490244,13.65762636649309,13.72613903820249,1430101
2000-09-05,13.766298294067383,13.87261096370712,13.766298294067383,13.80882357862919,1712602
2000-09-06,13.844263076782227,14.019087340330207,13.754487225007681,13.865525179725585,1635198
2000-09-07,13.664708137512207,13.891508164671315,13.518233390854286,13.761571326317247,2378159
2000-09-08,13.68124771118164,13.84426038598632,13.584384510585817,13.749760363166901,1810767
2000-09-11,13.754486083984375,13.820636649092233,13.693061874955871,13.707236609075558,1754854
2000-09-12,13.388297080993652,13.768660349545351,13.241822316699384,13.697784519877297,3681819
2000-09-13,13.388297080993652,13.388297080993652,13.388297080993652,13.388297080993652,0
2000-09-14,13.23473834991455,13.305613114258033,13.052825624060134,13.277262558402791,2288260
2000-09-15,12.991399765014648,13.277261988498719,12.991399765014647,13.225287235779742,9436918
2000-09-18,12.863822937011719,13.022110348333861,12.774047097842082,12.951235598277437,3069236
2000-09-19,12.7575101852417,12.873272312347602,12.405497448147615,12.757510185241697,3990518
2000-09-20,12.483460426330566,12.771685800347706,12.403135126705697,12.757511066157905,2950972
2000-09-21,12.280287742614746,12.592138449755943,12.166887682477906,12.523625777982048,3629932
2000-09-22,12.511809349060059,12.577959911610245,12.006234461082506,12.072385023632695,3578178
2000-09-25,12.131444931030273,12.627570267634637,12.00859437299157,12.54252079813268,3420631
2000-09-26,12.155074119567871,12.320448923851613,11.876299263741615,12.001510872564653,3302633
2000-09-27,12.476374626159668,12.828387431770253,11.86684906062155,12.081836529109276,9087700
2000-09-28,11.814872741699219,12.462198239783298,11.800698007606398,12.455110872736887,7085174
2000-09-29,12.01095962524414,12.048759636780982,11.817234295235437,11.897559590633612,3500597
2000-10-02,12.025136947631836,13.856076890491739,11.897562152111247,11.923549530196569,2925734
2000-10-03,12.025136947631836,12.025136947631834,12.025136947631834,12.025136947631834,0
2000-10-04,11.862123489379883,12.261386849564047,11.71801078789332,11.871574035475579,4655280
2000-10-05,11.98024845123291,12.119635875446285,11.79124837034534,11.888110505476591,2472977
2000-10-06,12.122000694274902,12.247212316720802,11.918824767175346,11.930637409270771,4551876
2000-10-09,12.225945472717285,12.502358156738822,11.878658047121595,12.096007543556839,3699848
2000-10-10,12.59213638305664,12.908711228097982,12.336985747860762,12.336985747860762,7027455
2000-10-11,12.509446144104004,12.8378346662241,12.35588401580835,12.450384037112471,4697962
2000-10-12,12.190510749816895,12.792948919648852,12.121999167937755,12.55906145278683,3950506
2000-10-13,12.190510749816895,12.190510749816896,12.190510749816896,12.190510749816896,0
2000-10-16,12.190510749816895,12.190510749816896,12.190510749816896,12.190510749816896,0
2000-10-17,12.190510749816895,12.190510749816896,12.190510749816896,12.190510749816896,0
2000-10-18,12.190510749816895,12.190510749816896,12.190510749816896,12.190510749816896,0
2000-10-19,12.190510749816895,12.190510749816896,12.190510749816896,12.190510749816896,0
2000-10-20,12.190510749816895,12.190510749816896,12.190510749816896,12.190510749816896,0
2000-10-23,12.750423431396484,13.064636199377032,12.492911770862474,13.064636199377032,2963689
2000-10-24,12.750423431396484,12.750423431396484,12.750423431396484,12.750423431396484,0
2000-10-25,12.422035217285156,12.637023743752541,12.181060400314195,12.637023743752541,3508979
2000-10-26,12.285013198852539,12.740975541115601,12.1078246541629,12.440937471214124,5356766
2000-10-27,12.119635581970215,12.351160946333538,11.7652607097696,12.334623033332713,5576937
2000-10-30,12.292098999023438,12.36533585240204,12.079473639346904,12.162161038436743,2143080
2000-10-31,12.292098999023438,12.292098999023438,12.292098999023438,12.292098999023438,0
2000-11-01,13.239462852478027,13.449725038418604,12.688999433726352,12.85201214069824,4231101
2000-11-02,13.175674438476562,13.369399795279193,13.062274388181805,13.182761806178773,3631942
2000-11-03,13.135513305664062,13.565488257518373,12.934700566197433,13.234738627947294,4785654
2000-11-06,12.908711433410645,13.331598959548815,12.842560866370848,13.170949439931519,4028264
2000-11-07,12.792947769165039,12.944147821702876,12.618123521065355,12.875636245985056,2843574
2000-11-08,12.781137466430664,12.920524893090716,12.743336366059953,12.875637508533217,2281063
2000-11-09,12.958324432373047,13.088261308269377,12.712624331961303,12.783499090043817,3083086
2000-11-10,12.710259437561035,13.182759566860247,12.65355942204513,12.970135321322731,2957086
2000-11-13,12.7575101852417,12.925247056474372,12.667734346669658,12.677184891163355,1798822
2000-11-14,12.7575101852417,12.757510185241697,12.757510185241697,12.757510185241697,0
2000-11-15,12.388960838317871,12.828386282250682,12.195235491144425,12.828386282250682,5957096
2000-11-16,12.225945472717285,12.36769603939499,11.87157068131712,12.155070731143132,6603671
2000-11-17,11.76526165008545,12.138536559750438,11.529010994050061,11.992061759785148,9571774
2000-11-20,11.257322311401367,11.777073049772401,11.080134879817722,11.694384570405722,5605405
2000-11-21,11.018707275390625,11.186445209994549,10.801356696980898,11.080132556629176,5536076
2000-11-22,10.997444152832031,11.120294715959636,10.661969365377216,10.867507307442525,4830907
2000-11-23,11.453408241271973,11.52900825990976,11.068320781776935,11.080133420130274,3185302
2000-11-24,11.356548309326172,11.666035809745454,11.304572473862642,11.552635759964511,3000324
2000-11-27,11.172272682189941,11.554998130209214,11.056510534935155,11.399073870689636,2934037
2000-11-28,11.021072387695312,11.136835616121552,10.713946980922609,11.103760872369637,4328030
2000-11-29,10.820258140563965,11.047058208993962,10.796633946082993,10.891133974595492,2452859
2000-11-30,10.397370338439941,10.782457807706754,10.397370338439941,10.713945153636535,3251913
2000-12-01,10.784822463989258,10.926571980199018,10.454071786950397,10.513133904782855,3037787
2000-12-04,10.950196266174316,11.396709043680215,10.749383566841589,10.773008845240629,4756632
2000-12-05,11.455768585205078,11.55263177149095,11.02343172188287,11.108481188090941,4650397
2000-12-06,11.394347190856934,11.777072591624346,11.328196626642882,11.597521988925845,5034833
2000-12-07,11.210073471069336,11.517198905232442,11.10376186263767,11.328198804752036,3440883
2000-12-08,11.42269515991211,11.510107813548766,11.214795116636383,11.214795116636383,2469897
2000-12-11,11.755809783935547,11.855035091671661,11.505384420041391,11.505384420041391,4000018
2000-12-12,12.055848121643066,12.202322909050999,11.89283542133035,11.93063543637302,5097080
2000-12-13,11.751086235046387,12.214135890493283,11.661310384164207,12.164523233922246,4249031
2000-12-14,11.562084197998047,11.84794636504844,11.540821015334549,11.69438314842675,3970544
2000-12-15,11.347098350524902,11.611698480371155,11.292760417536394,11.493574235051383,7820370
2000-12-18,11.245509147644043,11.422696570973795,11.04469644559577,11.221883868925524,5544700
2000-12-19,10.865148544311523,11.387260347080797,10.832072715772782,11.056510729931226,5848923
2000-12-20,10.612361907958984,11.080138030568744,10.56038714440121,10.761199912907081,4759146
2000-12-21,10.489508628845215,10.848608738778102,10.461158078401532,10.513132823430485,3547996
2000-12-22,10.395009994506836,10.631259556761501,10.335946791295903,10.50132159322714,2789535
2000-12-25,10.395009994506836,10.395009994506836,10.395009994506836,10.395009994506836,0
2000-12-26,10.395009994506836,10.395009994506836,10.395009994506836,10.395009994506836,0
2000-12-27,10.241445541381836,10.489508798541374,10.099696037458862,10.395008768082873,2723442
2000-12-28,10.22727108001709,10.30050901189612,10.087883666820526,10.158758420669194,3015184
2000-12-29,10.569832801818848,10.725758119860375,10.22963269892617,10.335945366521324,2201095
2001-01-01,10.569832801818848,10.569832801818848,10.569832801818848,10.569832801818848,0
2001-01-02,10.49187183380127,10.876959357009847,10.449346545399248,10.501321295929689,2957077
2001-01-03,10.796635627746582,10.865148294530739,10.262710112605353,10.550934431814596,2995349
2001-01-04,11.245509147644043,11.245509147644041,10.621808940770304,10.985634332329044,6973169
2001-01-05,11.245509147644043,11.245509147644041,11.245509147644041,11.245509147644041,0
2001-01-08,10.985636711120605,11.174636814735042,10.796636607506167,10.891136659313386,3608788
2001-01-09,11.032886505126953,11.032886505126953,10.643073645032738,11.009262304158996,4809738
2001-01-10,10.546209335327148,10.99744632574585,10.326496618267631,10.914758930470482,6222055
2001-01-11,10.633622169494629,10.796634868040025,10.418633638181836,10.418633638181836,3515432
2001-01-12,10.435171127319336,10.465883773403037,10.222545782758074,10.253258428841775,7570873
2001-01-15,10.560383796691895,10.600545904249453,10.314683711771908,10.454071124506472,3237661
2001-01-16,10.572198867797852,10.572198867797853,10.423360875799938,10.569835689231798,2513986
2001-01-17,11.151009559631348,11.16990956665166,10.584009349022029,10.584009349022029,6261166
2001-01-18,11.340008735656738,11.420334030041685,10.950195986158985,11.103759208296312,5068591
2001-01-19,11.566813468933105,11.788888352629991,11.399076529382569,11.458138664170368,6490138
2001-01-22,11.859760284423828,11.930635039388108,11.505384342543229,11.602247555073028,4290588
2001-01-23,11.925909042358398,12.1550722892151,11.718008979170097,11.836134285954925,5712298
2001-01-24,11.88338851928711,11.93063800650424,11.687299950922883,11.93063800650424,4088292
2001-01-25,12.225945472717285,12.237758110234545,11.769982215374576,11.88338331883438,5912655
2001-01-26,12.407859802246094,12.542523021158363,12.14325972029686,12.166884998496144,5777897
2001-01-29,12.190510749816895,12.568511998685137,12.032223316022584,12.438574035526376,5397162
2001-01-30,11.774710655212402,12.084198157435893,11.625872682683605,12.048761318878816,5687470
2001-01-31,12.06057357788086,12.140898881950914,11.836135578827069,11.918822977549608,4912732
2001-02-01,11.871573448181152,12.254298875529027,11.864484997195197,11.961348214000514,4402047
2001-02-02,11.635319709777832,11.996782938450394,11.616419707086763,11.824319736688532,5148823
2001-02-05,11.88338851928711,11.904650626005337,11.45813771668355,11.56445041733444,4958180
2001-02-06,12.301548957824707,12.43857429146178,11.836136109234088,11.91882351166206,4676846
2001-02-07,12.242487907409668,12.61576284011346,12.242487907409668,12.34643742233967,6369007
2001-02-08,12.651201248168945,12.700813912560887,12.225950458255081,12.285013669926363,3902093
2001-02-09,12.355891227722168,12.710266243572653,12.296828002727029,12.710266243572653,2632820
2001-02-12,12.47400951385498,12.64883374343102,12.355884214443465,12.403133684090388,2922878
2001-02-13,12.922886848449707,13.123699571193129,12.547248778819588,12.547248778819588,7845924
2001-02-14,13.111886978149414,13.192212284243912,12.757512093684436,12.877999511061342,5671567
2001-02-15,13.111886978149414,13.111886978149414,13.111886978149414,13.111886978149414,0
2001-02-16,12.922886848449707,12.996124786612967,12.745699406859554,12.96304895958652,4078782
2001-02-19,13.029200553894043,13.178038536619132,12.946513146890025,12.946513146890025,2512198
2001-02-20,13.357587814331055,13.39538783296292,13.033925561119371,13.064637128169236,4741419
2001-02-21,13.5253267288208,13.558401476504427,13.230013927611001,13.348139264800883,5249887
2001-02-22,12.922886848449707,13.513512376103336,12.781137328589457,13.442637616173212,6391314
2001-02-23,12.429121971130371,13.02919797293977,12.374785131207476,13.02919797293977,5269661
2001-02-26,12.381875991821289,12.61340140101756,12.190512700294535,12.485825512156437,3812771
2001-02-27,12.49527359008789,12.566148347539194,12.261386132027843,12.379511450133108,2873118
2001-02-28,12.60631275177002,12.816574949700984,12.28501259245959,12.379512639315598,3660553
2001-03-01,12.46928596496582,12.686636589259937,12.405498576186464,12.686636589259937,3025885
2001-03-02,12.509446144104004,12.611033531564752,12.327533467652385,12.518896687999142,2580981
2001-03-05,12.781137466430664,12.781137466430666,12.386599384328878,12.466923607468777,2497116
2001-03-06,13.256001472473145,13.390664726953199,12.722075895206405,12.809488580807892,6363542
2001-03-07,13.154409408569336,13.390660002550163,13.041009383505605,13.277258893956985,3711334
2001-03-08,13.083536148071289,13.230010926179995,12.958323470750603,13.230010926179995,2682911
2001-03-09,13.1780366897583,13.303248288395956,12.946511332476753,13.052824007591031,4097695
2001-03-12,12.97722339630127,13.178036097657817,12.946510750778902,13.13078554038354,3005961
2001-03-13,12.46928596496582,12.835473468568559,12.46219859771585,12.774048174362653,5728275
2001-03-14,11.918822288513184,12.585047796142772,11.647134827408543,12.580322523581316,9290305
2001-03-15,12.27556324005127,12.275563240051268,11.91173775338395,12.046401010458528,4275734
2001-03-16,12.107820510864258,12.52125850111185,11.989696299533028,12.285008994919961,27821665
2001-03-19,11.956623077392578,12.341710603769469,11.883386223823399,12.10782314092852,2820431
2001-03-20,12.235396385192871,12.249571117229367,11.8739331335562,12.178695289988022,3421488
2001-03-21,11.90700912475586,12.18814711860838,11.895197569166525,11.989697598588018,4516130
2001-03-22,11.340008735656738,11.88338470729182,11.174633958151487,11.847946790599469,7060882
2001-03-23,11.647132873535156,11.715645521829307,11.389620189784521,11.481758113393086,3918560
2001-03-26,11.98024845123291,12.048761115995864,11.635323032730675,11.748723081263218,2973247
2001-03-27,12.223587036132812,12.223587036132812,11.718010983352334,11.970799551507435,5473494
2001-03-28,11.989697456359863,12.16215960168467,11.76525948282264,12.107821679088318,3734465
2001-03-29,12.190510749816895,12.190510749816896,11.743997919069514,11.89519906873462,4072326
2001-03-30,11.966075897216797,12.259025534226351,11.791250519646326,12.190512856974955,3289134
2001-04-02,12.131444931030273,12.192870210049625,11.845582799485376,11.873932261476243,2905324
2001-04-03,11.876301765441895,12.25193883809701,11.753451141961277,12.091289273003044,4139680
2001-04-04,11.753447532653809,11.916460226466683,11.493572710479919,11.729822253311747,4588974
2001-04-05,12.093645095825195,12.192870381245124,11.812507148311855,11.838494516678148,3514500
2001-04-06,12.190510749816895,12.485823514428853,12.015686485995076,12.237761312249058,3863508
2001-04-09,12.464560508728027,12.587411095330658,12.166885670964916,12.237760425950494,4161532
2001-04-10,12.946512222290039,13.038649085799927,12.474012013490334,12.533074133266664,5474864
2001-04-11,13.052824974060059,13.052824974060059,12.497636277682245,12.78113748799798,9823912
2001-04-12,13.108939170837402,13.283226690166183,12.934650509583133,13.158735115534702,4932891
2001-04-13,13.108939170837402,13.108939170837402,13.108939170837402,13.108939170837402,0
2001-04-16,13.108939170837402,13.108939170837402,13.108939170837402,13.108939170837402,0
2001-04-17,12.947100639343262,13.096489612085806,12.747913439144101,12.984447311566168,3103114
2001-04-18,13.609393119812012,13.694046329122576,12.996895199379066,13.158733426276093,5645187
2001-04-19,13.569557189941406,13.666659678451467,13.395268534652638,13.606903861704719,3632784
2001-04-20,13.704008102416992,14.005276597042776,13.586985861187916,13.594455195873207,6458334
2001-04-23,13.743846893310547,13.806092117451465,13.365393326943332,13.634293974188802,4040156
2001-04-24,13.96295166015625,14.037646157887764,13.594456825343011,13.738867025036072,4270278
2001-04-25,13.746334075927734,14.192012732284116,13.527229414919121,13.92062158897595,8370613
2001-04-26,13.788661003112793,13.880784691004228,13.53967787768858,13.67163877429386,3495536
2001-04-27,13.631803512573242,13.94552129052087,13.377841556231141,13.743845820824298,4918417
2001-04-30,14.052583694458008,14.14221684883014,13.482412323634037,13.644251708080935,3536213
2001-05-01,14.052583694458008,14.05258369445801,14.05258369445801,14.05258369445801,0
2001-05-02,14.34140396118164,14.41111965698288,13.893234730542986,14.129768618038446,5751446
2001-05-03,14.09241771697998,14.488300374598811,14.06752032000276,14.341400822154478,4021868
2001-05-04,14.19201374053955,14.216912284722596,13.756294926963863,14.020215612757369,3433097
2001-05-07,14.19201374053955,14.192013740539549,14.192013740539549,14.192013740539549,0
2001-05-08,14.042625427246094,14.042625427246094,13.821030200557384,13.990338938744838,2754305
2001-05-09,14.042625427246094,14.067523972613468,13.798622194882096,13.980380205753237,2389671
2001-05-10,14.042625427246094,14.042625427246094,14.042625427246094,14.042625427246094,0
2001-05-11,14.224382400512695,14.31650610550715,13.997808376629292,13.997808376629292,2271197
2001-05-14,14.09241771697998,14.229358539018483,14.005273972746494,14.154664064236247,1827766
2001-05-15,14.037643432617188,14.18952293840492,13.943030344397094,14.132257662762692,2251534
2001-05-16,14.067523002624512,14.189524039431461,13.666660332397178,13.955480698122487,3893306
2001-05-17,14.159646034240723,14.323973673979994,14.037643861249673,14.167115368599285,3636139
2001-05-18,14.18703556060791,14.26670999190913,14.020216220886107,14.167116952782607,3395612
2001-05-21,14.2393217086792,14.266709651043932,13.992827943545493,14.192014017039513,2564210
2001-05-22,14.177070617675781,14.284134095648337,14.070008281628393,14.266704891809741,2576156
2001-05-23,13.992829322814941,14.152179339242796,13.962951979808611,14.117320916501194,1913313
2001-05-24,14.035151481628418,14.216908290868869,14.002783611668434,14.01772227721144,1361206
2001-05-25,14.040133476257324,14.109848020297568,13.94302985213837,14.042622873571128,1809804
2001-05-28,13.943028450012207,14.042621461429784,13.816047503195454,14.017722923094075,2092504
2001-05-29,13.457513809204102,13.935560304756915,13.4575138092041,13.86335522258379,4557716
2001-05-30,13.357924461364746,13.507313461329069,13.183635772172144,13.477436118106473,3687858
2001-05-31,13.435107231140137,13.509801724850085,13.161226659586607,13.258329158831868,3524399
2001-06-01,13.26081657409668,13.452533271591008,13.183631558895943,13.382817589808841,2836446
2001-06-04,13.499839782714844,13.54216638597256,13.352940227967125,13.39277743406567,1018702
2001-06-05,13.586987495422363,13.59943676870374,13.295677698029907,13.53221160652481,3001322
2001-06-06,13.599434852600098,13.659190670775985,13.357922182361282,13.619353458658727,2673244
2001-06-07,13.479923248291016,13.661680100785995,13.41020755595736,13.544659003616808,2402738
2001-06-08,13.37286376953125,13.557111201259767,13.285719991749694,13.519763378528076,2092519
2001-06-11,13.375348091125488,13.43510389966102,13.248367140728146,13.320572218782575,1691459
2001-06-12,13.166206359863281,13.420168319058067,12.996897625783054,13.420168319058067,3597392
2001-06-13,13.121386528015137,13.253347418001164,13.034242781065467,13.19608100512552,2676446
2001-06-14,12.947100639343262,13.096489612085806,12.822609067440833,13.096489612085806,2253421
2001-06-15,12.947100639343262,12.947100639343262,12.947100639343262,12.947100639343262,0
2001-06-18,12.454113006591797,12.675707045387396,12.374438591484344,12.648319107934876,4605277
2001-06-19,12.598523139953613,12.847505115618695,12.449133041014292,12.474031581158401,4083264
2001-06-20,12.620933532714844,12.69313862766111,12.386890180012655,12.573626982631197,3100516
2001-06-21,12.601014137268066,12.648320684393633,12.399338677112947,12.648320684393633,3402588
2001-06-22,12.97199821472168,12.991916820817055,12.573626092814182,12.620932639550013,4988171
2001-06-25,13.041715621948242,13.106451385752058,12.847508330536797,12.971999920484373,2396075
2001-06-26,12.83257007598877,13.034246709473294,12.673221201100088,13.009348162290522,3739300
2001-06-27,13.004365921020508,13.019305731839298,12.703097436019558,12.825098468524178,2120377
2001-06-28,13.245880126953125,13.245880126953125,12.762853635564301,12.947101030515528,3793691
2001-06-29,13.50731086730957,13.542168141683636,13.196082511573982,13.220981054094937,4096017
2001-07-02,13.943028450012207,13.943028450012207,13.42763418770428,13.519757866006195,4291460
2001-07-03,13.768742561340332,14.04262425364077,13.758783829181027,13.918132679133798,4342081
2001-07-04,13.631803512573242,13.923113285640877,13.631803512573244,13.806091040107976,2274513
2001-07-05,13.664172172546387,13.716458662178642,13.50482330582927,13.62184441612115,2889080
2001-07-06,13.425148963928223,13.616865713244005,13.310616108750846,13.616865713244005,3269908
2001-07-09,13.51727294921875,13.53470101829004,13.196084667236496,13.437597371751101,2336900
2001-07-10,13.532209396362305,13.704007512505187,13.469964182047317,13.519760125114217,3066422
2001-07-11,14.065032958984375,14.065032958984373,13.604415594836857,13.68159948417911,9364864
2001-07-12,14.17458438873291,14.343891961599796,13.99033700555464,14.11731797068616,6417468
2001-07-13,14.17458438873291,14.174584388732912,14.174584388732912,14.174584388732912,0
2001-07-16,14.219404220581055,14.341405271977123,14.211934884977788,14.259241438415563,2582589
2001-07-17,14.236827850341797,14.241807786499674,14.082458964849906,14.164622772791086,3343297
2001-07-18,13.923113822937012,14.18703566402761,13.756295623924725,14.18703566402761,4280959
2001-07-19,14.00527572631836,14.00527572631836,13.669149976750044,13.88825463429012,4099584
2001-07-20,14.391202926635742,14.391202926635742,13.806092767681232,13.910665754057634,9241052
2001-07-23,14.129768371582031,14.31650516711583,13.9704195175878,14.241810677287413,5719265
2001-07-24,13.992829322814941,14.264220517442196,13.992829322814941,14.067524964182091,3133402
2001-07-25,13.888256072998047,14.172095370497923,13.743845884632854,13.945521355265747,4305440
2001-07-26,13.918129920959473,14.04262147079579,13.674126757342353,13.950497792432431,3818428
2001-07-27,14.057563781738281,14.092421059313805,13.818540492205166,13.930582801914507,2787683
2001-07-30,13.952991485595703,14.231851980789306,13.781193359208956,13.943031611233174,4577371
2001-07-31,14.122300148010254,14.15217863144793,13.773723931507268,13.923114064844436,3584715
2001-08-01,14.09241771697998,14.112337461642214,13.928090100844122,14.03266305069442,1982354
2001-08-02,13.656702041625977,14.114830006750697,13.569558277957075,14.092420859970483,4125347
2001-08-03,13.482413291931152,13.73139645115027,13.40771880093563,13.644252688001238,3939319
2001-08-06,13.432616233825684,13.569557074258244,13.360411146464912,13.447554902403654,2061467
2001-08-07,13.567065238952637,13.65420898656741,13.445064220677018,13.504820031206462,3187459
2001-08-08,13.365391731262207,13.639272283479794,13.320574581430096,13.606904405374685,3339392
2001-08-09,13.176165580749512,13.370372866787886,13.096491148095492,13.263309348724148,3628941
2001-08-10,13.074081420898438,13.455024323651301,12.967019058855321,13.25832766571019,4003133
2001-08-13,13.071592330932617,13.350452839430183,12.996897837352163,13.191103977431574,3253593
2001-08-14,13.330531120300293,13.407716135537779,13.123875755870435,13.14628489806212,3048231
2001-08-15,13.046690940856934,13.320571428242731,12.902280793318429,13.295672890682598,2745229
2001-08-16,12.70807933807373,12.934653392078408,12.503913292887654,12.922205259574124,4890839
2001-08-17,11.87149715423584,12.845019636745198,11.702189541844383,12.770325135452664,10116702
2001-08-20,11.995987892150879,12.232521794889157,11.76443392698908,11.913822918878596,4818474
2001-08-21,12.105536460876465,12.257415952288582,11.97855550882624,12.075659127182439,4076988
2001-08-22,12.307215690612793,12.498932429663977,11.978558097403464,12.003456642145956,6162073
2001-08-23,12.576114654541016,12.688156949121815,12.284806058941422,12.411787021619553,4183643
2001-08-24,12.83257007598877,12.922204389076484,12.568648216472976,12.576117552242675,3361255
2001-08-27,12.70309829711914,12.897304431673367,12.586076051696118,12.897304431673367,1694535
2001-08-28,12.548727989196777,12.894814781409407,12.44664555760489,12.576115930796417,3731416
2001-08-29,12.31966495513916,12.498932421704945,12.259909132950565,12.451625871879667,3693172
2001-08-30,11.86402416229248,12.352030523128251,11.86402416229248,12.262396235658278,4349106
2001-08-31,11.938721656799316,12.045784035824246,11.801780793760699,11.888925706010673,3262490
2001-09-03,11.57769775390625,11.976069943456237,11.517941925473753,11.976069943456237,3992429
2001-09-04,12.130435943603516,12.332112529423492,11.54283653536281,11.704675911875801,6836599
2001-09-05,11.916313171386719,12.190193744532678,11.794310984294682,11.89141462603011,5689413
2001-09-06,11.951168060302734,12.152843496748384,11.806757896417395,12.000963999134541,6371984
2001-09-07,11.154424667358398,12.105537784076446,11.154424667358398,11.883943728539982,7163450
2001-09-10,10.818297386169434,11.27891583045541,10.653968613020778,11.231608145427076,8132160
2001-09-11,9.934410095214844,11.214182096025057,9.498690684754058,10.95524019012246,9662138
2001-09-12,9.735220909118652,10.180900623447712,9.404074011549977,9.934406927060321,9520567
2001-09-13,9.521099090576172,9.951839126741863,9.187462124638424,9.859715422979637,8231405
2001-09-14,8.532636642456055,9.57338465547304,8.532636642456055,9.523588140804481,10846803
2001-09-17,9.12521743774414,9.187463237362504,8.191532156357255,8.622272244691304,12058087
2001-09-18,8.911089897155762,9.182481019630785,8.612310265935077,9.182481019630785,5869943
2001-09-19,8.166631698608398,9.087867426068934,8.027201469552088,8.921049259045805,7563620
2001-09-20,7.569075584411621,8.388228540423388,7.494380513525548,8.321003376299906,8125605
2001-09-21,7.524257659912109,7.805608132301351,6.782289248454907,7.4196846855348015,20245640
2001-09-24,7.524257659912109,7.524257659912109,7.524257659912109,7.524257659912109,0
2001-09-25,7.6338114738464355,8.069531523220865,7.618872229925486,7.880304145357567,8162098
2001-09-26,7.818057537078857,7.987365702920601,7.459522026686495,7.715974529639462,9186176
2001-09-27,7.718462944030762,8.111855682377993,7.653727762584823,7.875322388268937,6683419
2001-09-28,8.13924503326416,8.154184275242502,7.5317274690554825,7.917650940115071,10356376
2001-10-01,8.41561508178711,8.465411597083252,8.109366655456524,8.216429020602543,6502977
2001-10-02,8.749251365661621,8.856313722803696,8.104386112564436,8.500268807794763,7698632
2001-10-03,8.749251365661621,8.749251365661621,8.749251365661621,8.749251365661621,0
2001-10-04,9.399097442626953,9.59579355111687,9.105297693282113,9.187462092865976,7885934
2001-10-05,9.209870338439941,9.451383591104237,9.000724964897849,9.18248239655012,7463066
2001-10-08,9.23725700378418,9.24472690860045,8.67704611647426,8.888681429385537,5981017
2001-10-09,9.100319862365723,9.299505973170723,9.020645418043724,9.262158720135504,4327141
2001-10-10,9.513627052307129,9.600770793880864,9.043049934268756,9.12770370783571,5131038
2001-10-11,9.829837799072266,9.984206719504066,9.486240968176181,9.585834575211974,6550295
2001-10-12,9.605752944946289,9.934409384899213,9.416526181085747,9.859714895172482,6173471
2001-10-15,9.349297523498535,9.593300664813853,9.18247938725061,9.521095595346813,3974823
2001-10-16,9.349297523498535,9.349297523498535,9.349297523498535,9.349297523498535,0
2001-10-17,9.7700834274292,10.233190257455357,9.573386723770687,9.59828527196558,8165730
2001-10-18,9.573385238647461,9.755142100037594,9.38664786904298,9.648079729719038,6034404
2001-10-19,9.404074668884277,9.620689906758967,9.137663494006107,9.57587333507077,6695291
2001-10-22,9.660530090332031,9.7352245898194,9.137666310069129,9.436446020907095,4820407
2001-10-23,10.16596508026123,10.375109892380346,9.76012244485789,9.8173888708286,11135758
2001-10-24,10.342741012573242,10.452293916471259,9.914491554788967,10.043961922749746,6858099
2001-10-25,10.071351051330566,10.569316259779884,9.847266422046971,10.36764077858001,6583374
2001-10-26,10.579276084899902,10.681358523927331,10.121148095292254,10.233189267478789,5609732
2001-10-29,10.20828914642334,10.57927326895819,10.126124195584405,10.544415999291067,4704121
2001-10-30,9.77257251739502,10.046453113127532,9.493711983795382,10.034003839422553,7394303
2001-10-31,9.648077964782715,10.046450033523755,9.511137708893648,9.712813711434464,6570002
2001-11-01,9.857226371765137,9.867185105046675,9.42399635165472,9.785021273252934,5115730
2001-11-02,9.710325241088867,9.984205779009223,9.648078885703264,9.919470026178368,4745443
2001-11-05,10.046453475952148,10.106209306738707,9.762614136160288,9.794980878651337,4366726
2001-11-06,9.909510612487793,10.148533860097611,9.859713531606404,10.131104653404053,4059385
2001-11-07,10.116168975830078,10.121148913775151,9.760123396456962,10.046453270376132,5944476
2001-11-08,10.307883262634277,10.472212039947037,10.034001586471208,10.093758543608045,6107744
2001-11-09,10.300415992736816,10.432376920515116,10.156005791553886,10.20580174324676,3627338
2001-11-12,10.158493995666504,10.382578606764744,9.735223317353274,10.377598669602992,5411807
2001-11-13,10.668910026550293,10.693807429555788,10.173434235279858,10.208291513028,5395297
2001-11-14,10.917891502380371,11.308794298870902,10.706256164934354,10.706256164934354,9065219
2001-11-15,11.005034446716309,11.378509148456253,11.005034446716309,11.11707674304575,6212261
2001-11-16,11.204221725463867,11.473123494509814,11.007526192421308,11.054832741935988,6131350
2001-11-19,11.888924598693848,11.951169816863633,11.276426581753862,11.32871306746371,6806151
2001-11-20,11.664840698242188,12.075662132246308,11.473123952911891,11.864026778854756,9194748
2001-11-21,11.57769775390625,11.943702060314592,11.515451385585521,11.580187151868811,5543017
2001-11-22,11.652388572692871,11.789329397809873,11.602592635693705,11.659857906146481,2290621
2001-11-23,12.374441146850586,12.394359754740712,11.577696831245513,11.744515029584628,8308095
2001-11-26,12.449132919311523,12.760361242294312,12.39933698143545,12.424234379410821,7337723
2001-11-27,12.075661659240723,12.598525385849456,11.878964984118355,12.498932349444248,7384711
2001-11-28,11.734554290771484,12.075661139480893,11.734554290771484,11.90635241391664,5879470
2001-11-29,11.498024940490723,11.864029298609863,11.338674900231343,11.734557747750939,6797296
2001-11-30,11.592633247375488,11.866513767124465,11.592633247375488,11.672307663442488,3827123
2001-12-03,11.704675674438477,11.739532946393636,11.333691527552183,11.577694715089036,4912602
2001-12-04,11.515449523925781,11.659859704772813,11.361080610912826,11.527898795577299,5981855
2001-12-05,11.916313171386719,11.951170449730624,11.515450473692287,11.727085825372303,7083758
2001-12-06,12.190195083618164,12.287298736020368,11.891415932294889,11.988519584697093,5917183
2001-12-07,12.060722351074219,12.4217466607176,12.060722351074219,12.274847082533729,4385646
2001-12-10,11.761942863464355,12.14537516404031,11.71463517607582,12.14537516404031,3532231
2001-12-11,11.552796363830566,11.764431680193505,11.363569049393847,11.764431680193505,6900174
2001-12-12,11.231607437133789,11.654878042944489,11.092177213966467,11.535366423086785,6306997
2001-12-13,11.019974708557129,11.393449464302266,11.019974708557127,11.303815157507247,5593434
2001-12-14,10.955239295959473,11.21418118072732,10.865604995654007,11.029933784930362,4485996
2001-12-17,11.291362762451172,11.490548786998525,10.955237059730806,11.019971661264744,5258621
2001-12-18,11.331201553344727,11.54283687678872,11.303813613876741,11.450714326726144,5347280
2001-12-19,11.149445533752441,11.39095821196892,11.089689713602699,11.326223596584166,6197037
2001-12-20,11.037405014038086,11.33369476510777,11.037405014038086,11.154427275653791,4007463
2001-12-21,11.413368225097656,11.425817497981756,10.89299387140001,11.024954793660758,9266704
2001-12-24,11.413368225097656,11.413368225097656,11.413368225097656,11.413368225097656,0
2001-12-25,11.413368225097656,11.413368225097656,11.413368225097656,11.413368225097656,0
2001-12-26,11.413368225097656,11.413368225097656,11.413368225097656,11.413368225097656,0
2001-12-27,11.771899223327637,11.896390768471605,11.478100136005052,11.502997531493673,2825226
2001-12-28,12.038311958312988,12.038311958312988,11.76941137306593,11.76941137306593,1799810
2001-12-31,12.038311958312988,12.038311958312988,12.038311958312988,12.038311958312988,0
2002-01-01,12.038311958312988,12.038311958312988,12.038311958312988,12.038311958312988,0
2002-01-02,11.983540534973145,12.048276308039819,11.801782490741777,11.81423176571043,4993509
2002-01-03,12.249948501586914,12.399338618793065,11.851576378271158,11.976067952288703,5364292
2002-01-04,12.698115348815918,12.708074079083264,12.409295042183807,12.444153452932696,9816812
2002-01-07,12.232521057128906,12.807670125718804,12.232521057128906,12.797711393092078,7824917
2002-01-08,12.22504997253418,12.419257239319284,12.177743425576418,12.22504997253418,5436826
2002-01-09,12.15035629272461,12.21011211526443,11.956150154951581,12.21011211526443,6339528
2002-01-10,11.77439022064209,11.951168261612223,11.677287738610566,11.901371180016264,6721662
2002-01-11,11.84908676147461,11.951169187963348,11.7171258553273,11.7171258553273,4452710
2002-01-14,11.565245628356934,11.831656821683183,11.565245628356934,11.811738217117432,4882086
2002-01-15,11.565245628356934,11.565245628356934,11.565245628356934,11.565245628356934,0
2002-01-16,11.358593940734863,11.428308508412378,11.084712182488984,11.413369835613734,6607055
2002-01-17,11.659860610961914,11.699697826572676,11.333693550889503,11.358592096127621,6209584
2002-01-18,11.751982688903809,11.751982688903809,11.498020760002488,11.702186747242463,4345767
2002-01-21,11.512960433959961,11.779371657028866,11.4482246764127,11.766922385044737,2734862
2002-01-22,11.465654373168945,11.759453550326956,11.390958738087635,11.458185038045928,3802116
2002-01-23,11.654879570007324,11.654879570007324,11.26646732554132,11.473122719214645,7210105
2002-01-24,11.642431259155273,11.878965152186293,11.52541015342696,11.615043316497038,5908962
2002-01-25,11.739532470703125,11.851574757806839,11.547815769830134,11.627490183599411,4237040
2002-01-28,12.068190574645996,12.162803660032877,11.754471699007318,11.789330113139647,5684352
2002-01-29,11.826678276062012,12.322154051132765,11.732065178728067,12.122967982047868,6189610
2002-01-30,11.839126586914062,11.854065255401194,11.590143449809863,11.689737618191888,4851144
2002-01-31,11.689740180969238,11.988519325841281,11.450716865071604,11.951171504510146,7666109
2002-02-01,11.590141296386719,11.99349326407536,11.577693169577232,11.801776581026282,5063746
2002-02-04,11.241568565368652,11.639940676056833,11.191771480569907,11.428305349513057,5302468
2002-02-05,11.141976356506348,11.271446731031899,10.960218353944297,11.12952708439178,7767185
2002-02-06,10.658949851989746,11.107119080440283,10.367640081882003,11.047363259441912,19413866
2002-02-07,10.551887512207031,10.624092605526714,10.397517451076764,10.61164333337585,8008007
2002-02-08,10.741114616394043,10.873075542039276,10.462254094029756,10.497111373843886,6701338
2002-02-11,10.766011238098145,10.930340016309062,10.544417183700011,10.910421411129722,4655969
2002-02-12,10.646498680114746,10.89050185779958,10.614130806775657,10.756051570025921,3914522
2002-02-13,10.950260162353516,11.017485321552696,10.507070849268471,10.656459838172076,5500471
2002-02-14,10.833233833312988,11.002542508376358,10.758539366985103,10.855642972558961,4397222
2002-02-15,10.544417381286621,10.892992407494148,10.497109693914465,10.83323659083639,4127649
2002-02-18,10.596704483032227,10.668909575121774,10.482171637965768,10.581764671550397,2068098
2002-02-19,10.146042823791504,10.489639010877411,10.048940347910913,10.482169677496236,7629381
2002-02-20,10.387558937072754,10.492131911799857,10.058901342766298,10.071350615179101,8355286
2002-02-21,10.878053665161133,10.930340147123346,10.529477499388197,10.606662523603926,8944877
2002-02-22,10.731155395507812,10.880544383311076,10.688827640153946,10.748583463660367,5244317
2002-02-25,11.32871150970459,11.32871150970459,10.768500055506555,10.82825586782599,7231061
2002-02-26,11.35361099243164,11.498021169667972,11.263976695552035,11.316263178410896,6594264
2002-02-27,11.453205108642578,11.602595236983815,11.378510615434744,11.400918620819423,5649996
2002-02-28,11.55528736114502,11.69969754979919,11.328713345459452,11.453204926779444,5063128
2002-03-01,11.901371955871582,12.018394191710515,11.460673236259806,11.4905505736248,6092910
2002-03-04,12.374441146850586,12.419258300084767,12.078151426262856,12.125457977261211,7804284
2002-03-05,12.277337074279785,12.464075015880868,12.137906823942329,12.339583435455326,7456283
2002-03-06,12.172764778137207,12.37693079868344,11.988518507815584,12.324644309157843,5932078
2002-03-07,12.137906074523926,12.466563643847302,12.075660859117068,12.274846918729578,6860321
2002-03-08,12.374441146850586,12.49644219195552,12.212602885965397,12.247460164291725,6650679
2002-03-11,12.419258117675781,12.615954795923875,12.292277136981964,12.37942090248064,5643797
2002-03-12,12.449132919311523,12.543747142549126,12.254926820321772,12.424234379410821,4909444
2002-03-13,12.483990669250488,12.87489338562483,12.349539246079026,12.474030797048778,8190255
2002-03-14,12.685667037963867,12.735462976913318,12.51137953875275,12.553706143956052,5194725
2002-03-15,13.220980644226074,13.220980644226074,12.61097322292646,12.623422493800993,16631647
2002-03-18,13.328043937683105,13.457515450313387,13.171184483979223,13.196083027473584,6093420
2002-03-19,13.519760131835938,13.562086740560119,13.298166072515984,13.335512744353364,5205385
2002-03-20,13.171184539794922,13.445066235542535,13.079060842015787,13.445066235542535,6556734
2002-03-21,13.059141159057617,13.30812429068171,12.927180259166404,13.03673315682012,6742750
2002-03-22,13.37037181854248,13.407718492217553,13.1213886650563,13.13383793692316,4027241
2002-03-25,12.959549903869629,13.46747496791718,12.959549903869629,13.196083797008642,4006547
2002-03-26,13.300655364990234,13.432616268933218,12.822608833842269,12.944609864090282,6547880
2002-03-27,12.932160377502441,13.270777806683462,12.797710078338191,13.220980722889045,5527603
2002-03-28,13.021797180175781,13.163716840864543,12.847508495244508,12.952081477818144,3285344
2002-03-29,13.021797180175781,13.021797180175781,13.021797180175781,13.021797180175781,0
2002-04-01,13.021797180175781,13.021797180175781,13.021797180175781,13.021797180175781,0
2002-04-02,12.698115348815918,12.989425052533546,12.556194592585381,12.864933501677456,4264935
2002-04-03,12.548727989196777,12.969509271401654,12.508890775610844,12.670730169507149,6762294
2002-04-04,12.449132919311523,12.660768224616833,12.274845423857268,12.531297872598776,6455882
2002-04-05,12.573624610900879,12.727993504464921,12.486480862244964,12.536277942577112,3305351
2002-04-08,12.424236297607422,12.648320907459844,12.252438172848933,12.583586292419005,5439860
2002-04-09,12.47154426574707,12.54623875672256,12.419257779486568,12.461584391256721,3207093
2002-04-10,12.947100639343262,12.947100639343262,12.113008592100096,12.466563560054547,8284896
2002-04-11,12.794756889343262,13.296861784593904,12.794756889343262,13.151582014909689,6676121
2002-04-12,12.782013893127441,12.894158539925323,12.616344070876877,12.692807605278386,4237438
2002-04-15,13.095510482788086,13.113352207719984,12.705551371728193,12.74378196950699,4683831
2002-04-16,13.691919326782227,13.725053290412118,13.113352044058768,13.113352044058768,9265991
2002-04-17,13.597612380981445,13.83974451180288,13.467626039567048,13.737794325502135,6070954
2002-04-18,13.279022216796875,13.607812405030291,13.024147252716762,13.510959988817016,6988323
2002-04-19,13.266279220581055,13.30451099389429,13.057280963917242,13.215304691782967,4229474
2002-04-22,13.100608825683594,13.304509252087385,13.00885304932552,13.273924772603186,3232044
2002-04-23,13.291767120361328,13.380973422814295,13.100610590968847,13.100610590968847,4647553
2002-04-24,13.416654586791992,13.64859116733512,13.26118037115208,13.279020927222968,5432385
2002-04-25,12.980816841125488,13.406459418102543,12.87122050843829,13.406459418102543,8659854
2002-04-26,12.876319885253906,13.33764480087784,12.876319885253906,13.121000425985747,5975542
2002-04-29,12.919648170471191,12.922197656675253,12.644383149227467,12.845734111705003,4392414
2002-04-30,13.12099838256836,13.12099838256836,12.680063580675023,12.922195766422767,3707051
2002-05-01,13.12099838256836,13.12099838256836,13.12099838256836,13.12099838256836,0
2002-05-02,13.28921890258789,13.393717447626305,13.151585218473928,13.24079152159509,6372063
2002-05-03,13.0521821975708,13.760735864124833,13.0521821975708,13.228046455764215,6875191
2002-05-06,13.136293411254883,13.151585653678174,12.896710660462526,12.998660891539375,3164688
2002-05-07,13.0725736618042,13.159231641883919,12.708101183407589,12.952781713783622,5693235
2002-05-08,13.444692611694336,13.528801107849842,13.141390257972565,13.141390257972565,5525873
2002-05-09,13.429399490356445,13.635848241365668,13.38097211446148,13.419203884182943,2599225
2002-05-10,13.340191841125488,13.528800032122783,13.215303265439587,13.444691542655065,4508483
2002-05-13,13.375874519348145,13.493116968203543,13.159230177730064,13.444690764740502,3694952
2002-05-14,13.465083122253418,13.653690165819734,13.235694818862635,13.414107424187511,6177711
2002-05-15,13.388619422912598,13.587423240365558,13.271376955228234,13.5848749230724,5765397
2002-05-16,13.373326301574707,13.551738893135196,13.240790431990701,13.34783845450812,5459218
2002-05-17,13.735252380371094,14.005419622672251,13.462534482681582,13.521156305353715,9787917
2002-05-20,13.5797758102417,13.911113136145035,13.477825594051572,13.801516799859744,2505670
2002-05-21,13.587421417236328,13.992673949645864,13.449787753862523,13.554287452106676,6472911
2002-05-22,13.928956031799316,14.099722512136099,13.59506919186288,13.597617509124298,8182952
2002-05-23,13.702116012573242,14.081880712418089,13.602714113844785,13.969734890599872,7001262
2002-05-24,13.737798690795898,13.870334559577403,13.61036062518741,13.776030461164288,4744440
2002-05-27,14.007966041564941,14.030904400742358,13.697017604967677,13.712309844419288,4172820
2002-05-28,14.007966041564941,14.007966041564941,14.007966041564941,14.007966041564941,0
2002-05-29,13.691919326782227,13.847393539682788,13.528798994421333,13.686822693110457,5087641
2002-05-30,13.240789413452148,13.732699914395603,13.197461011934207,13.648591428289224,5284769
2002-05-31,13.391168594360352,13.59761735883961,13.266278839826636,13.304510612042586,4284164
2002-06-03,13.258630752563477,13.737797316994767,13.194912310607576,13.482921211265792,4704017
2002-06-04,12.764172554016113,13.230595218370434,12.616344452445531,13.189815133037358,7798903
2002-06-05,12.871217727661133,12.998655758420645,12.743779696901619,12.871217727661131,5057848
2002-06-06,13.12099838256836,13.253534239300551,12.883963999530167,12.934939688720302,6148710
2002-06-07,12.81514835357666,12.934940293613302,12.55262611366674,12.891610721984872,6252903
2002-06-10,12.567917823791504,12.934939748376163,12.36146908710579,12.904354100930481,5329272
2002-06-11,12.853378295898438,13.044535960571038,12.463419184904145,12.61889339971895,5969898
2002-06-12,12.769268989562988,13.024145080078451,12.595953060980053,12.756525068141952,5928818
2002-06-13,12.425187110900879,12.883963624445148,12.323236904441336,12.845731858665571,6570993
2002-06-14,11.777801513671875,12.28500297070596,11.520377141670576,12.262064616657783,10315573
2002-06-17,12.346179008483887,12.409897462463679,11.88995071651622,11.925634172939695,5516357
2002-06-18,12.399703025817871,12.524591616457947,11.933280295490587,12.437933630629676,5942687
2002-06-19,12.00464153289795,12.330882171005756,11.808387252917148,12.144823495442115,5918737
2002-06-20,11.655465126037598,12.20089852173357,11.530575373438452,12.004644198180204,8854830
2002-06-21,11.459211349487305,11.821134362780807,11.0361170310947,11.609587788060953,26886340
2002-06-24,11.382743835449219,11.770155731639724,10.97494306993552,11.494889630441731,9357230
2002-06-25,11.749768257141113,11.966412607210712,11.494892138605321,11.494892138605321,7950253
2002-06-26,11.81348705291748,12.042875332617282,11.013177559979907,11.217077993279112,11146901
2002-06-27,12.274812698364258,12.32323890818751,11.73192761457555,11.979157636034705,9498435
2002-06-28,12.524590492248535,12.575566186025897,12.19580030666183,12.23912988016315,6491295
2002-07-01,12.33088493347168,12.585761073569136,12.246776438474054,12.39715287017136,5543528
2002-07-02,11.879755973815918,12.234032860013393,11.73957397590886,12.1703144076663,5776440
2002-07-03,11.591742515563965,12.030128941708602,11.528024081585649,11.912886508849382,7550243
2002-07-04,11.826228141784668,11.887398257114093,11.62232775735325,11.826228141784668,3803204
2002-07-05,12.399703025817871,12.39970302581787,11.826232264111718,11.826232264111718,6856921
2002-07-08,12.183055877685547,12.409895835257679,12.083655149268774,12.23403156934769,4641906
2002-07-09,11.991899490356445,12.402249837852228,11.974058933260606,12.183055998072897,4748893
2002-07-10,11.578999519348145,12.185604109122917,11.578999519348145,11.940923619821284,6286295
2002-07-11,11.34196662902832,11.594294439375922,11.076896064367238,11.456660769471926,10937870
2002-07-12,11.607036590576172,11.892498352792629,11.39039341316501,11.647817844280858,7535379
2002-07-15,11.138063430786133,11.882300415976227,11.138063430786133,11.515279725213233,7607152
2002-07-16,11.558610916137695,11.798194801757484,11.150810049916066,11.673305055881624,11940817
2002-07-17,11.711536407470703,11.7421208868694,11.359807880669297,11.370003486437353,8929858
2002-07-18,12.047975540161133,12.152474094724967,11.599393328424364,11.749770950827806,13277294
2002-07-19,11.278249740600586,11.928182903301279,11.191591751783237,11.87720837214298,8585316
2002-07-22,10.76085090637207,11.25785806579538,10.500876977527613,11.16355396939388,8650601
2002-07-23,10.335209846496582,11.183945671004118,10.246003539932234,10.931618993818573,9204570
2002-07-24,10.962202072143555,10.987689919020708,9.596069143495729,10.347952443702113,12736823
2002-07-25,10.513620376586914,11.217077419993048,10.276585988871922,11.112578891625244,10806424
2002-07-26,10.582437515258789,10.735363429785018,9.978382315442898,10.373439271952497,8006697
2002-07-29,11.673304557800293,11.673304557800293,10.653802435746755,10.768496570596868,5811446
2002-07-30,11.647819519042969,11.655465639914254,11.18394511157746,11.591746017732044,6408060
2002-07-31,11.178844451904297,11.836423537310433,11.092186489248661,11.550962975935182,9235264
2002-08-01,10.883193016052246,11.69369708292434,10.449904229949984,11.08709348375296,8412736
2002-08-02,10.684388160705566,11.046312332948593,10.587535740055907,10.755753902046749,6605040
2002-08-05,9.96563720703125,10.679289831372277,9.889174843334954,10.590083545567818,6597801
2002-08-06,10.895936012268066,11.015726796231647,9.685276065698433,9.940152213066632,9935091
2002-08-07,10.870447158813477,11.224724012362508,10.704777327653765,10.857703235727902,8871205
2002-08-08,11.357260704040527,11.413333034536622,10.921423646179328,11.01317826254086,7884090
2002-08-09,11.558610916137695,11.673305055881624,10.949459102814624,11.418430098969496,7563542
2002-08-12,11.150811195373535,11.4948936499509,11.122775029059904,11.392943422922743,3921089
2002-08-13,11.329222679138184,11.370003934866068,10.860251681224513,11.240016385436746,4732696
2002-08-14,11.087091445922852,11.20943170405689,10.84495924667528,11.036115753890622,5690270
2002-08-15,11.52802848815918,11.617234797408832,11.290994046345885,11.329224653765456,5003796
2002-08-16,11.520380020141602,11.614684114156487,11.163553686870339,11.530574457059368,5644960
2002-08-19,12.170312881469727,12.183055635178862,11.341966091117621,11.489794191251978,6065927
2002-08-20,11.836424827575684,12.221287314740136,11.83387651064284,12.221287314740136,4772919
2002-08-21,11.979158401489258,12.22893558717463,11.731928364232386,11.892500414132636,4992713
2002-08-22,11.96131420135498,12.11933673226816,11.688596370824692,12.030130445963096,4886796
2002-08-23,11.96131420135498,11.96131420135498,11.96131420135498,11.96131420135498,0
2002-08-26,11.96131420135498,11.96131420135498,11.96131420135498,11.96131420135498,0
2002-08-27,11.96131420135498,11.96131420135498,11.96131420135498,11.96131420135498,0
2002-08-28,11.96131420135498,11.96131420135498,11.96131420135498,11.96131420135498,0
2002-08-29,11.061603546142578,11.211979966582344,10.824569151040873,11.112579237927045,6128082
2002-08-30,11.232370376586914,11.308833916762493,10.860251788838596,11.074347831005747,3638901
2002-09-02,10.888288497924805,11.140616322815953,10.771046033651498,11.115128474814366,2693979
2002-09-03,10.207770347595215,10.870447345722768,10.207770347595215,10.832215575808675,6906001
2002-09-04,10.505975723266602,10.61557206974194,9.94015226304045,10.240905136526536,7111915
2002-09-05,10.31226634979248,10.781238404010576,10.11856156861555,10.768494483835383,6624550
2002-09-06,10.717520713806152,10.768496403594643,10.325012110664542,10.470291891399569,4409402
2002-09-09,10.704779624938965,10.717523550759434,10.460099054673208,10.692036868071515,3800914
2002-09-10,11.252758979797363,11.296088547474465,10.860250398701456,10.893384361412425,7808348
2002-09-11,11.41843032836914,11.59684291868727,11.11257967255829,11.278248339431867,4814634
2002-09-12,10.704779624938965,11.357262314600671,10.704779624938965,11.341968902244297,5804353
2002-09-13,10.539109230041504,10.704777901123547,10.233258566461155,10.704777901123547,6145765
2002-09-16,10.432060241699219,10.70477691207544,10.304622184743604,10.582436657946701,3821592
2002-09-17,10.398926734924316,10.895935062053846,10.271488672353852,10.778691436633578,6072926
2002-09-18,9.76428508758545,10.370889079322113,9.73624892826552,10.243451035088475,8408603
2002-09-19,9.545095443725586,10.067589952622663,9.511961471683012,9.927409112003666,7664493
2002-09-20,9.787227630615234,9.873885626099145,9.341194896140516,9.481376913277638,18417989
2002-09-23,9.183170318603516,9.909565760265153,9.155134155070094,9.606264011052453,7429975
2002-09-24,8.846733093261719,9.430398754684745,8.602053182718612,9.34119188585166,10161809
2002-09-25,9.167878150939941,9.302962344157951,8.647932007389453,8.744784428165543,8257448
2002-09-26,9.48137378692627,9.700566436504221,9.180620388475297,9.397264721273098,9743487
2002-09-27,9.251988410949707,9.746447353686838,9.178074342848788,9.634302092748948,6208620
2002-09-30,8.640284538269043,9.124548320003477,8.362470074491576,9.124548320003477,9150586
2002-10-01,9.086318016052246,9.302962389711562,8.42364097086459,8.734589448513457,9505429
2002-10-02,9.36922836303711,9.659787337405088,8.9741714465572,9.366680046151798,7932645
2002-10-03,8.8237943649292,9.364130435422458,8.79320930433524,9.073572067541704,6120096
2002-10-04,8.709100723266602,9.048085309717306,8.589308790957572,8.887513878837202,6233063
2002-10-07,8.714198112487793,8.999659283900238,8.326787315931663,8.584211741341337,6372170
2002-10-08,8.370116233825684,9.009853647927459,8.041326664326155,8.716746943746152,8571408
2002-10-09,7.926633834838867,8.263069579121165,7.689599414339048,8.25797236008238,10973116
2002-10-10,8.347177505493164,8.347177505493164,7.709988391859737,7.771158518713681,8549474
2002-10-11,8.91300106048584,8.91300106048584,8.184056790155802,8.250324132289624,7993725
2002-10-14,8.525590896606445,8.856929384865516,8.324238785282628,8.665772294957726,6120648
2002-10-15,9.144938468933105,9.201010791925892,8.624991815951473,8.66577189975581,9635472
2002-10-16,8.943586349487305,9.371777813080687,8.844185041525652,8.951233053543085,8083665
2002-10-17,9.634299278259277,9.685274381975937,9.137291578664598,9.175522760333008,8590326
2002-10-18,9.636849403381348,9.873883811884724,9.30296199327845,9.873883811884724,8075440
2002-10-21,10.072686195373535,10.072686195373535,9.44314316204359,9.672531444352794,4413451
2002-10-22,9.863689422607422,10.309722130171739,9.769385895475315,10.00387143128697,9576158
2002-10-23,9.404911041259766,10.29697565062274,9.353935937424064,10.14405092359197,13910497
2002-10-24,9.402363777160645,9.792322926808287,9.129646502747597,9.506862313366758,9300753
2002-10-25,9.223950386047363,9.29276663620392,8.997111007760367,9.201011441169713,6627076
2002-10-28,9.491570472717285,9.698019821185849,9.30806007062888,9.392169151038507,6086983
2002-10-29,8.793209075927734,9.489019332485377,8.729490055226375,9.366679093287386,8220475
2002-10-30,8.760076522827148,9.009854259092474,8.413445204917311,8.958879735710997,8926869
2002-10-31,8.856928825378418,9.06082924081869,8.668320648857996,8.818697059126112,7470379
2002-11-01,8.793209075927734,8.93848767161813,8.405797733991141,8.767721233856674,5862528
2002-11-04,9.318254470825195,9.318254470825195,8.971623149991608,8.98691597471615,6403348
2002-11-05,9.162779808044434,9.404911414760809,8.93848875778364,9.239242174596399,5670895
2002-11-06,8.938488960266113,9.410009430748767,8.823795407840025,9.297864195316139,9423244
2002-11-07,8.614795684814453,9.134742270790735,8.436383133400627,9.073571568490932,7561441
2002-11-08,8.387958526611328,8.678516953847742,8.291106107183474,8.461872584265064,5702328
2002-11-11,8.206995010375977,8.400700386104917,8.138178188536115,8.385407564203966,5557266
2002-11-12,8.28600788116455,8.372665858368071,8.061717402430777,8.232483870802165,7460906
2002-11-13,8.1585693359375,8.31914135755828,7.862913722309449,8.161118237346487,7866505
2002-11-14,8.461870193481445,8.464419094450555,7.9852525981659355,8.15601902699985,6767888
2002-11-15,8.377762794494629,8.607151068611465,8.209544648878765,8.512846974386704,6556659
2002-11-18,8.492456436157227,8.594406644378388,8.365018383642603,8.449127451544147,3897812
2002-11-19,8.571466445922852,8.624990443518238,8.283457003764532,8.44148009559942,4947126
2002-11-20,8.436387062072754,8.647933671940141,8.199352599004865,8.614799696570103,6136144
2002-11-21,8.818696022033691,8.862025001338278,8.270713866100603,8.472065356549537,7942344
2002-11-22,9.048086166381836,9.11180461381897,8.811051765107463,8.818697885283695,7592909
2002-11-25,8.923197746276855,9.221402302716518,8.686163325287563,9.08631810747784,4251357
2002-11-26,8.693807601928711,9.201009687230126,8.693807601928711,8.89515909541878,7431205
2002-11-27,9.147486686706543,9.162779510205656,8.584211639142787,8.704003572377417,4821527
2002-11-28,9.394716262817383,9.417655206254214,9.035341625386978,9.121999596381075,4775499
2002-11-29,9.338643074035645,9.509409514346999,9.229046169760384,9.353935311925593,5179738
2002-12-02,9.048086166381836,9.537447209283048,9.048086166381836,9.402363609756154,6020549
2002-12-03,8.683613777160645,9.183169812530148,8.683613777160645,9.144938629411776,4752085
2002-12-04,8.790660858154297,8.895159966711402,8.47971243378348,8.591857661765747,6622495
2002-12-05,8.523041725158691,9.124548554127426,8.426189317012504,8.86967244232379,7648154
2002-12-06,8.602055549621582,8.60715276909885,8.13818110679513,8.551079847989957,7296126
2002-12-09,8.150925636291504,8.64028738172528,8.150925636291504,8.538337139859188,4448459
2002-12-10,8.44403076171875,8.530688151890766,8.232483628065964,8.260520375438315,5429549
2002-12-11,8.50520133972168,8.571468690473875,8.296203096513757,8.4491284264916,3676147
2002-12-12,8.168764114379883,8.46441969806896,8.008192109019106,8.423639033083822,5664559
2002-12-13,7.957217216491699,8.2324827671255,7.7609629277911125,8.16876432802121,7589588
2002-12-16,8.206995010375977,8.206995010375977,7.809388654666604,7.870558773317848,4883614
2002-12-17,7.982706069946289,8.257972260046436,7.9291826405434485,8.1687659598986,4668068
2002-12-18,7.569807052612305,7.982705119656811,7.508636925311166,7.954668957429547,8574066
2002-12-19,7.498443126678467,7.72273363001877,7.177299613748441,7.641173446985933,9897652
2002-12-20,7.6437201499938965,7.773707102606568,7.49334374040573,7.577452807513615,13883651
2002-12-23,7.618232250213623,7.811937627727842,7.416880753916599,7.811937627727842,3001888
2002-12-24,7.618232250213623,7.618232250213623,7.618232250213623,7.618232250213623,0
2002-12-25,7.618232250213623,7.618232250213623,7.618232250213623,7.618232250213623,0
2002-12-26,7.618232250213623,7.618232250213623,7.618232250213623,7.618232250213623,0
2002-12-27,7.24356746673584,7.610588285926551,7.243567466735839,7.57745431585272,2727224
2002-12-30,7.480600833892822,7.4882469537587495,7.238468639343264,7.263955900388477,2256287
2002-12-31,7.480600833892822,7.480600833892822,7.480600833892822,7.480600833892822,0
2003-01-01,7.480600833892822,7.480600833892822,7.480600833892822,7.480600833892822,0
2003-01-02,8.130533218383789,8.130533218383789,7.54431920625968,7.55706312889803,5798011
2003-01-03,7.852718830108643,8.143277230166682,7.753317518289364,8.031131995569545,7164852
2003-01-06,8.023487091064453,8.028584310261884,7.572357182889406,7.964865271197016,5360071
2003-01-07,7.985254764556885,8.010742612210285,7.791549343401434,7.977608644051432,7291715
2003-01-08,7.506086826324463,7.898595372788594,7.506086826324464,7.8501691758538055,6560022
2003-01-09,7.574905872344971,7.5901986996413955,7.190043886166517,7.506089610702274,9814738
2003-01-10,7.585097789764404,7.799193192910971,7.455111441115909,7.620780649193623,7503748
2003-01-13,7.656464576721191,7.8884017518819105,7.600392251270636,7.646269555323238,5181934
2003-01-14,7.646270751953125,7.773708831609596,7.50863823377966,7.687050843926961,6979981
2003-01-15,7.406687259674072,7.771159148951589,7.348065444994234,7.750769105013317,6482668
2003-01-16,7.531575679779053,7.620782558463385,7.348065288249149,7.378650353504133,7538429
2003-01-17,7.228274822235107,7.4882482012746046,7.228274822235107,7.429626380599323,7141489
2003-01-20,7.136516571044922,7.376099217390255,7.085541477729296,7.320026906981175,6606624
2003-01-21,7.0371174812316895,7.327675920174463,6.9861429522512,7.235920715951973,9022817
2003-01-22,6.947910308837891,7.1594574415532355,6.700680893408772,7.034568283102273,11577821
2003-01-23,6.856154441833496,7.116127754583105,6.749106435267092,7.060054850077771,7981626
2003-01-24,6.787338733673096,6.9988852777355754,6.741460845973851,6.863801100536687,9544540
2003-01-27,6.636962890625,6.919874607638801,6.565597151484429,6.80008324414307,9289418
2003-01-28,6.741460800170898,6.861252152497362,6.593633285816693,6.726168560692624,8095048
2003-01-29,6.97084903717041,7.0702503467664295,6.478939123025269,6.715973509695772,14076102
2003-01-30,7.080445766448975,7.3098340463274125,6.9708494295844,7.003983396140422,13637911
2003-01-31,7.258858680725098,7.29963876597154,6.861252265095907,6.983593105311606,9082440
2003-02-03,7.503540992736816,7.577455061101343,7.371005683882998,7.4423708501889,9974871
2003-02-04,7.190043926239014,7.434724488533608,7.136519907117949,7.391395492841484,10323356
2003-02-05,7.442368030548096,7.465306971431967,7.003982175043047,7.1110295917072985,8095712
2003-02-06,7.190043926239014,7.386297688888768,7.032020770852176,7.322579230815252,8026231
2003-02-07,6.937716484069824,7.309835122134508,6.9096803164622935,7.192592063403007,7163625
2003-02-10,6.983592510223389,7.032018711207938,6.800082142251741,6.9581046668780555,6091717
2003-02-11,7.116127014160156,7.251211166685753,7.021822939040305,7.034566859348665,5937116
2003-02-12,6.884191036224365,7.103383678069619,6.848508173321472,7.060054696143358,6447478
2003-02-13,6.800084114074707,6.983594535258941,6.731267267773253,6.815376356935149,6832294
2003-02-14,7.187493324279785,7.297089654100105,6.848508729324852,6.876544891004217,8046875
2003-02-17,7.261407852172852,7.304736256001,7.15435983218239,7.243566710333239,3344354
2003-02-18,7.340419769287109,7.381199859633934,7.149263241905479,7.274151830235298,5918886
2003-02-19,7.029469013214111,7.337868492774059,7.029469013214111,7.327673473486757,6155024
2003-02-20,6.960653305053711,7.26395500564774,6.919873224823378,7.133968646032628,8611467
2003-02-21,7.187493324279785,7.187493324279784,6.881642693751203,6.991239023571524,8523784
2003-02-24,7.136516571044922,7.238466757676174,7.060053638833375,7.1874916643605475,5484519
2003-02-25,7.049861431121826,7.123775492019876,6.861253218413211,7.060056453849955,8688068
2003-02-26,6.932618141174316,7.17220085468087,6.861252406050564,7.067702322447364,6786813
2003-02-27,7.1620073318481445,7.1874951832224365,6.838315476939557,6.955557956727091,7042474
2003-02-28,7.238469123840332,7.325127103042404,7.014178639933852,7.085543793904096,6443122
2003-03-03,7.238469123840332,7.439820662137276,7.202786254617006,7.325127103042404,5521049
2003-03-04,6.912227153778076,7.192589915065453,6.868898172114147,7.192589915065453,8125477
2003-03-05,6.919874668121338,7.067702782027375,6.73381536714445,6.856155633352307,6002535
2003-03-06,6.733814239501953,7.047310973042414,6.693034157595021,6.970848611705077,5182112
2003-03-07,6.693034648895264,6.817923805021776,6.585986633793578,6.682839627670169,6367296
2003-03-10,6.5044264793396,6.749106989319202,6.473841415592148,6.726168629865889,5896640
2003-03-11,6.392281532287598,6.631864834625925,6.1756371749077426,6.499329552442874,10655841
2003-03-12,6.101722717285156,6.405025031319048,6.043101492475148,6.379537770979357,9520554
2003-03-13,6.624218463897705,6.624218463897705,6.241904872131323,6.244453189104233,7894463
2003-03-14,6.506975173950195,6.794984661203547,6.473841209824512,6.657351586476433,9715682
2003-03-17,6.817925453186035,6.924972909688993,6.3107225862691125,6.402477799475864,10187643
2003-03-18,7.121225357055664,7.26140733364985,6.904581015479512,6.9453610993302535,12472718
2003-03-19,7.190043926239014,7.442370609986192,6.843412545178514,7.09828813090205,10045700
2003-03-20,7.212981224060059,7.406687225044387,6.996337446586129,7.136518851887238,7232155
2003-03-21,7.523928642272949,7.580001547308919,7.190041866732353,7.192590183502284,20964541
2003-03-24,7.13906717300415,7.39139379892457,7.13906717300415,7.376100975047633,7745461
2003-03-25,7.365906238555908,7.376101260042325,6.922423096134986,7.1084817999048004,7959994
2003-03-26,7.212981224060059,7.480601280094144,7.207884005337526,7.365906552882104,6160683
2003-03-27,7.2690534591674805,7.2690534591674805,6.975946752370867,7.187493291399633,6094584
2003-03-28,7.070250988006592,7.2588591876819235,6.993788615067583,7.187494033516524,5998414
2003-03-31,6.828118801116943,7.006531379661312,6.695582941202116,7.001434161305705,7736340
2003-04-01,6.812826156616211,6.965752062935804,6.6522547147999305,6.817923959582507,6559738
2003-04-02,7.174750804901123,7.187494729784292,6.907131304736908,6.907131304736908,8731593
2003-04-03,7.131422996520996,7.386298614172886,7.037118871870655,7.12377687411058,6814350
2003-04-04,7.429625988006592,7.434723791481357,7.136519238024255,7.269054530174474,7053669
2003-04-07,7.90114688873291,7.939378666034841,7.646271295769236,7.689600292692188,10486551
2003-04-08,7.773708820343018,7.931731968750841,7.671758590556185,7.7966477681641715,10066339
2003-04-09,7.794100284576416,7.964866804424268,7.636077107413447,7.8017464070826605,11227745
2003-04-10,7.77606725692749,7.981912202975331,7.721897534283321,7.868156095975364,10908851
2003-04-11,7.778777122497559,7.949412241509056,7.724607391328593,7.841072158065452,7005616
2003-04-14,7.922325134277344,7.962952267474645,7.564804374603429,7.8248196419405085,8085903
2003-04-15,7.916910171508789,8.098379245689117,7.732733076465934,8.006290387614836,9266444
2003-04-16,7.816695690155029,8.08483632754815,7.816695690155029,8.08483632754815,6192071
2003-04-17,8.084834098815918,8.084834098815918,7.765232459755638,7.773358383089196,6722364
2003-04-18,8.084834098815918,8.084834098815918,8.084834098815918,8.084834098815918,0
2003-04-21,8.084834098815918,8.084834098815918,8.084834098815918,8.084834098815918,0
2003-04-22,8.233800888061523,8.239217548916892,7.854612268388532,8.106501594141895,6043982
2003-04-23,8.363809585571289,8.431521899679767,8.182341155177742,8.269012718482795,10285112
2003-04-24,7.938576698303223,8.355683887583313,7.900658201698994,8.244635797061335,11121061
2003-04-25,7.697522163391113,7.990038686132175,7.678562293310165,7.990038686132175,7321196
2003-04-28,7.984621047973633,7.984621047973633,7.6650193656711325,7.702938483041689,5982607
2003-04-29,7.808568954467773,8.11462803735135,7.808568954467773,7.990037987993243,6392166
2003-04-30,7.827528953552246,7.965662222983898,7.735440728370101,7.870865356180202,5630370
2003-05-01,7.827528953552246,7.827528953552246,7.827528953552246,7.827528953552246,0
2003-05-02,7.887115001678467,7.903366228319933,7.583764568022883,7.748982370200972,7315455
2003-05-05,7.862739562988281,8.017122809222462,7.754399494820684,7.930451251572851,5135728
2003-05-06,7.962954521179199,7.962954521179199,7.773360765195261,7.88170023178771,5094239
2003-05-07,7.789610385894775,7.9358683366771885,7.73814930107175,7.8816992313623535,6234685
2003-05-08,7.488966941833496,7.884406202632303,7.488966941833497,7.732730988839302,6875256
2003-05-09,7.689395427703857,7.6893954277038565,7.456465318050751,7.570222042117642,5596181
2003-05-12,7.600017070770264,7.738150357835868,7.375212830701294,7.7327330739011995,5067100
2003-05-13,7.4239630699157715,7.600014171843123,7.299372419104628,7.543135817753134,7314530
2003-05-14,7.475424766540527,7.624391334885492,7.35354274648305,7.413129746484345,6279551
2003-05-15,7.459175109863281,7.497094230769391,7.329167760080584,7.451049805778274,5865497
2003-05-16,7.383337497711182,7.524178793472284,7.212703006200104,7.399588105900023,6545086
2003-05-19,7.082695484161377,7.293957112116672,6.9933152779776915,7.234370722064637,6456715
2003-05-20,6.982481002807617,7.174783372223848,6.931019297976161,7.074569225206217,7074870
2003-05-21,7.00144100189209,7.00144100189209,6.771219489558642,6.9743564469088035,7191442
2003-05-22,7.104363918304443,7.169367596660037,7.001441117021913,7.001441117021913,5542266
2003-05-23,6.9093499183654785,7.201866992844671,6.838929601254169,7.166656523736282,4721969
2003-05-26,6.944562911987305,7.096237530499368,6.8903925624467695,6.909351812122572,2765877
2003-05-27,7.082695484161377,7.104363375290415,6.76851106279034,6.963522082951673,6723058
2003-05-28,7.128739356994629,7.247912748991547,7.088111598439218,7.177491797713303,9243430
2003-05-29,7.0881123542785645,7.274998076024101,7.042068550108163,7.144990725436885,2920124
2003-05-30,7.245204925537109,7.299374655287985,7.039359952483783,7.09623770289296,5009225
2003-06-02,7.383337497711182,7.42667328102229,7.264164093605633,7.3941714435389585,6840232
2003-06-03,7.245204925537109,7.337293155560769,7.1639500203579685,7.285832067573852,5298169
2003-06-04,7.109779357910156,7.158532418843098,6.7983036079800065,6.8253881587495275,17437822
2003-06-05,6.9878973960876465,7.174783096344128,6.9039344804309595,7.109779428524968,10451933
2003-06-06,7.223537445068359,7.291249145284373,7.014983818372469,7.042068995343428,8540348
2003-06-09,7.126029968261719,7.2587465651995595,7.096236776066386,7.169366367507986,2679791
2003-06-10,7.274996757507324,7.291247362832649,7.107070316214247,7.172073979726624,4988969
2003-06-11,7.483550548553467,7.586473329295701,7.261454381276072,7.310207440865961,11239945
2003-06-12,7.667727947235107,7.800443925336661,7.583765030928241,7.610849582176501,11239185
2003-06-13,7.507926940917969,7.719188538992254,7.478133129000378,7.637934269303851,6980553
2003-06-16,7.789610385894775,7.789610385894775,7.353543932933729,7.451049440490543,6579494
2003-06-17,7.938576698303223,8.000872347318962,7.868156366992971,7.903366843200895,10030022
2003-06-18,8.071292877197266,8.12004594100851,7.887115809332057,7.92232628640622,9468583
2003-06-19,7.95482873916626,8.16067371334108,7.892533704889768,8.117337929304275,6392607
2003-06-20,7.841071128845215,8.090251859514957,7.827528542554158,7.860030998094932,18276101
2003-06-23,7.705644607543945,7.827525980960455,7.629807018680048,7.827525980960455,7275261
2003-06-24,7.868154525756836,7.925032257353154,7.627099152820421,7.678560223786092,6144122
2003-06-25,7.781484603881836,7.960245000633773,7.697521688367722,7.927742545673802,4695704
2003-06-26,8.09837818145752,8.125462734263476,7.651477159655857,7.683979616791997,9874770
2003-06-27,8.125463485717773,8.247345537380449,8.057751786888002,8.206718393861449,7701663
2003-06-30,8.233800888061523,8.371933503691892,8.095667651325678,8.1254608387939,7844122
2003-07-01,8.030665397644043,8.1850492650273,7.9385765570625955,8.157964092701375,7616312
2003-07-02,8.285264015197754,8.342142384360212,8.106503603860208,8.125462853212484,7356628
2003-07-03,8.504651069641113,8.618407180209298,8.26630366142489,8.31505672388668,12110259
2003-07-04,8.515484809875488,8.547986643700437,8.32859911010564,8.466731748585277,3423030
2003-07-07,8.751123428344727,8.862171521928513,8.54527846953104,8.547987111107624,8301042
2003-07-08,8.734874725341797,8.821546933111087,8.575074142707422,8.764668549086718,7817780
2003-07-09,8.675286293029785,8.756540575988357,8.504651801932265,8.696954184632824,6003462
2003-07-10,8.537153244018555,8.64820071751277,8.450481681619781,8.626532826913076,4908790
2003-07-11,8.740290641784668,8.761958535058474,8.431522852080095,8.434231494015744,4286582
2003-07-14,8.761955261230469,8.807999672509636,8.642781892752627,8.761955261230469,4398597
2003-07-15,8.629240989685059,8.75924832606922,8.566945962944043,8.724037850522114,6280417
2003-07-16,8.52361011505127,8.72674642122837,8.43152127530623,8.667159415315888,7458958
2003-07-17,8.355685234069824,8.45589939583892,8.233803800110712,8.436940144481595,9326280
2003-07-18,8.407146453857422,8.477566792389341,8.296097730841703,8.369227332258959,4465087
2003-07-21,8.128171920776367,8.474858195009904,8.038791710424118,8.450482282182106,7375931
2003-07-22,8.236512184143066,8.24734613126866,7.941286969694219,8.136298017954898,6138625
2003-07-23,8.171506881713867,8.325890752929551,8.063167431931914,8.266303744996677,4726796
2003-07-24,8.526317596435547,8.618405802545983,8.025246949974594,8.087542588840574,15527664
2003-07-25,8.501943588256836,8.504652230120001,8.31505785849499,8.409854733754656,6258363
2003-07-28,8.48569107055664,8.629240993148159,8.436938629945807,8.558820042025685,4867251
2003-07-29,8.434228897094727,8.520900443503553,8.236509276573214,8.447771481497481,5759700
2003-07-30,8.52361011505127,8.599447727327242,8.325890470626808,8.342141698095876,5497441
2003-07-31,8.691537857055664,8.691537857055664,8.423397222310887,8.526320021942409,5869491
2003-08-01,8.53173542022705,8.667159417341576,8.428813256952683,8.585905143293978,4549864
2003-08-04,8.423397064208984,8.596740200456386,8.247345286181302,8.49110938208204,4802222
2003-08-05,8.477566719055176,8.580488894735895,8.377352564025047,8.4694414148921,3362021
2003-08-06,8.43694019317627,8.504652515392605,8.287972960079193,8.39902106913707,5213886
2003-08-07,8.434228897094727,8.47756467029914,8.334014766283145,8.450480122599133,4376704
2003-08-08,8.464022636413574,8.550694188459694,8.369225781639518,8.491107806980759,3367084
2003-08-11,8.461313247680664,8.518191603962798,8.355682458232048,8.464021888719214,2530704
2003-08-12,8.550695419311523,8.594031822678298,8.412562768630547,8.464023854789243,3505187
2003-08-13,8.696952819824219,8.770082408337519,8.580487454905503,8.640074458015725,5885760
2003-08-14,8.870296478271484,8.916340898848262,8.696953361846518,8.71862125139964,5544670
2003-08-15,8.965095520019531,9.097810900783797,8.837796180927068,8.837796180927068,6508434
2003-08-18,9.076141357421875,9.097809246804053,8.95425994547632,8.99759510313509,2647069
2003-08-19,9.019261360168457,9.170937179498265,8.967800287475853,9.122184126659135,5286857
2003-08-20,9.130311012268066,9.168230128954725,9.019262924742481,9.049056738248277,4146088
2003-08-21,9.449913024902344,9.452621666427493,9.168230455032404,9.173647116977103,7451018
2003-08-22,9.35782527923584,9.560961602953654,9.322614800933767,9.349699354246846,4892833
2003-08-25,9.265734672546387,9.393033353273507,9.222398898587748,9.319904389994685,3390240
2003-08-26,9.235942840576172,9.409285961885903,9.170939170085022,9.260318751181147,4750586
2003-08-27,9.390327453613281,9.422829914676807,9.2792799662533,9.338866362289808,4625056
2003-08-28,9.46616268157959,9.601586660984095,9.346989306417209,9.439077513035391,6024001
2003-08-29,9.395742416381836,9.588044766683147,9.376783169699857,9.569085520001169,4178182
2003-09-01,9.723467826843262,9.745135711341428,9.46616185370389,9.46616185370389,4636015
2003-09-02,9.753262519836426,9.826392107146884,9.574502134551581,9.720760688066958,4210455
2003-09-03,9.9807767868042,10.170370510549319,9.780348497136465,9.80743304862623,10627933
2003-09-04,9.902230262756348,9.94014875803364,9.742429115214698,9.885979035419242,7121686
2003-09-05,9.59887981414795,9.940148755995903,9.525750222804325,9.929314811475244,7135599
2003-09-08,9.506790161132812,9.642214145492323,9.42011861238896,9.604295653469647,6031051
2003-09-09,9.263026237487793,9.57991924688717,9.187188631372889,9.571793944365528,8850233
2003-09-10,9.070725440979004,9.235943266370597,8.970511289075352,9.235943266370597,9160856
2003-09-11,9.203439712524414,9.268443999376919,8.978635523759285,9.027388583622274,6073184
2003-09-12,9.032807350158691,9.290114052863846,8.90821727232954,9.276571464067636,5640165
2003-09-15,9.078851699829102,9.168231915552706,8.986762842148856,9.084268983742387,4059169
2003-09-16,9.200730323791504,9.222398209151002,9.030095260756354,9.127600744874096,3465422
2003-09-17,9.192605972290039,9.3930336220307,9.116767744586992,9.295528127833897,5068794
2003-09-18,9.244068145751953,9.281986642992385,9.0734336659588,9.141145978008835,5961594
2003-09-19,9.198022842407227,9.31719622690823,9.138436460709498,9.31719622690823,17794011
2003-09-22,8.92717456817627,9.049056598428292,8.805292537924247,9.035514012599052,7263300
2003-09-23,8.734874725341797,9.02468330907721,8.699664859089095,9.016558003103956,6840425
2003-09-24,8.43694019317627,8.80258573937536,8.233803847632965,8.80258573937536,6296873
2003-09-25,8.382768630981445,8.504650660161989,8.304222379189046,8.420687125643289,9086574
2003-09-26,8.315056800842285,8.390894415624816,8.139005039820729,8.382769112174515,7676695
2003-09-29,8.36922550201416,8.569653148871524,8.233801517019538,8.279845311676507,6115032
2003-09-30,8.163381576538086,8.469440677384075,7.971078587386401,8.29338891624906,11459240
2003-10-01,8.336724281311035,8.33943292269663,8.030665195694777,8.087543559264418,8636320
2003-10-02,8.060461044311523,8.339435671337332,8.003582661995022,8.328601723329701,8996051
2003-10-03,8.380062103271484,8.464025037862092,8.057752332929287,8.122755394301272,8517211
2003-10-06,8.331307411193848,8.420686984732049,8.255469180928106,8.301513598908894,4809028
2003-10-07,8.09837818145752,8.369226815045177,8.04962511685893,8.369226815045177,9322089
2003-10-08,8.003581047058105,8.244636496864926,7.952119959681959,8.049625472076281,9705465
2003-10-09,8.43694019317627,8.461316107445363,7.957537895965281,8.000873682806823,11341019
2003-10-10,8.37193489074707,8.583196500112166,8.336724415484362,8.39089413854023,7576977
2003-10-13,8.529026985168457,8.615698544172671,8.423396177908469,8.45860665403033,5821706
2003-10-14,8.604864120483398,8.696952329601375,8.42339510118546,8.696952329601375,8734853
2003-10-15,8.751123428344727,8.829669686326351,8.577780305133201,8.653617921538244,9805857
2003-10-16,8.799877166748047,8.867589484718614,8.5831976250211,8.726747565209118,7212031
2003-10-17,8.648200035095215,8.910923343161768,8.585905009813116,8.813417843157172,6720842
2003-10-20,8.645493507385254,8.680703988186545,8.491109617115164,8.629242277359397,6014097
2003-10-21,8.420687675476074,8.761957255243841,8.285263672848336,8.69424494337717,16541877
2003-10-22,8.296096801757812,8.450481291536091,8.287971498434406,8.32859925726262,7257195
2003-10-23,8.298806190490723,8.33943395297722,8.157964895412212,8.233803136944749,6632665
2003-10-24,8.179631233215332,8.287970670388605,8.101084985988326,8.282554009082705,4824580
2003-10-27,8.350266456604004,8.393602232220697,8.19588260069315,8.258177622865762,3300552
2003-10-28,8.417980194091797,8.507359780685224,8.334016648714005,8.390895019168472,5184352
2003-10-29,8.450480461120605,8.50465017979613,8.296095986513448,8.469439707380657,5820912
2003-10-30,8.564236640930176,8.667158796836068,8.388184898290296,8.477565090228147,7669595
2003-10-31,8.691537857055664,8.72133105388097,8.455899060967313,8.542570630717787,5310317
2003-11-03,8.870296478271484,8.910923615907189,8.65090894126974,8.669868189352323,6817409
2003-11-04,8.92717456817627,9.01926278538285,8.881130149020194,8.910923340960068,6156100
2003-11-05,8.751123428344727,8.951551104005246,8.713204930695012,8.910923964778949,5838543
2003-11-06,8.718620300292969,8.856752925848948,8.642782695130105,8.789041244211246,5627738
2003-11-07,8.86487865447998,8.938007616860052,8.742996636442856,8.775498466512389,5328711
2003-11-10,8.767373085021973,8.913631639926944,8.707786703431257,8.802583558383148,4435672
2003-11-11,8.612991333007812,8.661743778975373,8.542570374147761,8.585906157721439,5896668
2003-11-12,8.707785606384277,8.729453491706634,8.53715116474708,8.656324534020046,4287029
2003-11-13,8.775500297546387,8.85675457912141,8.669868861950965,8.848629275185036,5865376
2003-11-14,8.783625602722168,8.824252743515412,8.650909613618223,8.734872536885765,4748043
2003-11-17,8.491107940673828,8.650908461998545,8.436938219792097,8.626531932325378,5157746
2003-11-18,8.450480461120605,8.599447032201917,8.369225572554553,8.539860031106075,4485961
2003-11-19,8.512776374816895,8.512776374816895,8.239219111548842,8.28797155291535,8201578
2003-11-20,8.447773933410645,8.547988093308755,8.214843774277659,8.545279451420937,6886824
2003-11-21,8.464022636413574,8.47485658041934,8.371934422917343,8.374642443089627,5663276
2003-11-24,8.607571601867676,8.656324655077517,8.396309406467486,8.396309406467486,6352214
2003-11-25,8.675286293029785,8.756540575988357,8.615699280568604,8.66716036784941,5558306
2003-11-26,8.667158126831055,8.843209855861451,8.607571750882435,8.645490861936047,6091661
2003-11-27,8.688827514648438,8.732163291042001,8.602155961861309,8.724037367139045,2622280
2003-11-28,8.607571601867676,8.740287556599494,8.45047974163641,8.669866617764272,5773833
2003-12-01,8.761955261230469,8.799874370844332,8.634656591087321,8.6969516056971,5730299
2003-12-02,8.675286293029785,8.840504121779368,8.604865955872732,8.789043034498562,5960008
2003-12-03,8.851337432861328,8.891964571427287,8.623824587344114,8.653617780885444,8449271
2003-12-04,9.184481620788574,9.325323535398466,8.82696141420085,8.843212022129292,18250410
2003-12-05,9.192605972290039,9.336155882911715,9.119476385813288,9.154686858438517,8132437
2003-12-08,9.146562576293945,9.195315018278606,9.035514484682214,9.073433602764151,4994411
2003-12-09,9.225109100341797,9.333449181966014,9.192607883291892,9.290113397758592,5937894
2003-12-10,9.384909629821777,9.455330584904734,9.157396778262843,9.162813440366198,8228667
2003-12-11,9.54200267791748,9.596172407490847,9.406578043431235,9.441788522930336,7336719
2003-12-12,9.593462944030762,9.742429532321733,9.555543826024449,9.6015882474944,8739304
2003-12-15,9.612421989440918,9.783057085206654,9.552835603825393,9.75055462982744,7333341
2003-12-16,9.609712600708008,9.682840941028594,9.466162697830507,9.533874377096254,6688211
2003-12-17,9.607006072998047,9.682843071081592,9.574503615097049,9.612422735244458,5572579
2003-12-18,9.750555992126465,9.750555992126465,9.490541281609485,9.547419654811494,5783263
2003-12-19,9.831809997558594,9.885979723945738,9.72888782797583,9.747847076934926,14311799
2003-12-22,9.891395568847656,9.940148004954274,9.734303074614662,9.777638849423,4521674
2003-12-23,9.999734878540039,10.021402765668308,9.891395442898697,9.994317596205212,3337356
2003-12-24,9.999734878540039,9.999734878540039,9.999734878540039,9.999734878540039,0
2003-12-25,9.999734878540039,9.999734878540039,9.999734878540039,9.999734878540039,0
2003-12-26,9.999734878540039,9.999734878540039,9.999734878540039,9.999734878540039,0
2003-12-29,10.113492965698242,10.127035553094908,9.940149834558987,10.005153508736209,2950420
2003-12-30,10.021404266357422,10.178496161008866,9.983485147651866,10.15412025016845,3043433
2003-12-31,10.021404266357422,10.021404266357422,10.021404266357422,10.021404266357422,0
2004-01-01,10.021404266357422,10.021404266357422,10.021404266357422,10.021404266357422,0
2004-01-02,10.089117050170898,10.09724235416379,9.967235005854965,9.99161153893928,3734504
2004-01-05,10.124326705932617,10.143286576345435,10.018695892814703,10.124326705932617,4982523
2004-01-06,10.048487663269043,10.17849499055716,9.953690809064508,10.156827723781348,10033993
2004-01-07,10.037653923034668,10.09724092647043,9.926605840112714,10.08098969967684,10503392
2004-01-08,9.978068351745605,10.151411472404034,9.87785420483855,10.124326299248352,9175038
2004-01-09,9.815559387207031,10.10807590960855,9.701802651275854,9.991611153188053,11320742
2004-01-12,9.796599388122559,9.83180986507615,9.647632797841627,9.750554966037527,6659202
2004-01-13,9.969941139221191,10.07828056888814,9.791180769717984,9.818265316581979,7212733
2004-01-14,10.108075141906738,10.156828202490368,9.880562308429454,9.891396252880753,7138799
2004-01-15,10.021404266357422,10.080990654330366,9.91306481449242,10.062031405530394,6150919
2004-01-16,10.525181770324707,10.571226810964152,10.062030796893527,10.075573382833886,15549856
2004-01-19,10.563101768493652,10.666023933526665,10.481846250846473,10.481846250846473,6157117
2004-01-20,10.36267375946045,10.682274829108223,10.332879944629497,10.508931707643503,7741417
2004-01-21,10.3843412399292,10.40059246845014,10.16224567158419,10.262459820997414,6527256
2004-01-22,10.492680549621582,10.533308307410845,10.37892382158056,10.424968862183956,5525566
2004-01-23,10.503514289855957,10.563101918753759,10.39517484032977,10.563101918753759,4335394
2004-01-26,10.536016464233398,10.576642980337935,10.343713480634714,10.481846119812465,5745480
2004-01-27,10.536016464233398,10.67144108307457,10.49809672625428,10.644355910864103,5979665
2004-01-28,10.674150466918945,10.717486251106907,10.45747154597914,10.45747154597914,5556268
2004-01-29,10.4845552444458,10.660606377075723,10.471012658518708,10.563101497496255,8438015
2004-01-30,10.359965324401855,10.495389330192582,10.319337563669581,10.424969617352371,10009901
2004-02-02,10.346421241760254,10.438509453008312,10.297668184371759,10.406007621784493,5340376
2004-02-03,10.105366706848145,10.338296827859812,9.929314950643528,10.322045600298264,14381143
2004-02-04,10.062031745910645,10.167662559775916,9.875146029845112,10.045780517028339,11109085
2004-02-05,9.948273658752441,10.089115552958543,9.869728029967831,10.024111267345047,7052126
2004-02-06,9.915771484375,10.007860316470031,9.829099934688161,9.953690597915756,5809827
2004-02-09,10.040364265441895,10.14057842118211,9.940150109701682,9.948275413922332,7486362
2004-02-10,10.102657318115234,10.102657318115234,9.96994197152311,10.021403049634568,4708168
2004-02-11,10.07557487487793,10.18391433623312,10.002445272633928,10.078283516688225,5526164
2004-02-12,10.062031745910645,10.167662559775916,10.032238550916324,10.10265888645796,5805744
2004-02-13,9.918482780456543,10.129745049919487,9.861604405473555,10.03765619317506,6739424
2004-02-16,9.777640342712402,9.837227352727053,9.65575830217314,9.818267482523614,6164641
2004-02-17,9.929315567016602,9.929315567016602,9.655758291778067,9.739721212925682,6489680
2004-02-18,10.013279914855957,10.037656450631859,9.848062069527538,9.885981194190686,6271641
2004-02-19,10.018695831298828,10.064740254566965,9.84264406311286,10.007861885889008,7902486
2004-02-20,9.750555992126465,9.97265220124589,9.669301705642747,9.948275666858503,9624631
2004-02-23,9.837227821350098,9.91577346309868,9.750555633262024,9.76409822087944,5160559
2004-02-24,9.696385383605957,9.877853800337665,9.67200885298519,9.831809380521902,6947519
2004-02-25,9.680136680603027,9.74784900727223,9.604299048643128,9.7153471650037,5186597
2004-02-26,9.658466339111328,9.696385456038621,9.509499755059325,9.634089808308467,6774808
2004-02-27,9.791182518005371,9.91306455341999,9.669300482590751,9.70992762069376,7318997
2004-03-01,9.785765647888184,9.9103557010479,9.731595303429339,9.845352033023984,3910417
2004-03-02,9.95910930633545,9.96181732682177,9.839935287346389,9.872437744238399,5608767
2004-03-03,9.888687133789062,9.999735214326764,9.864310604674829,9.92660562698406,4412565
2004-03-04,9.872437477111816,9.950983112307782,9.78576591735991,9.940149167338793,3780930
2004-03-05,9.872437477111816,9.978068285283053,9.73972087485971,9.858894269518581,5760257
2004-03-08,9.929315567016602,9.983485293741776,9.864311894946393,9.91306495955186,2883054
2004-03-09,9.764097213745117,9.910355778494692,9.723470076189074,9.875145302763515,6105195
2004-03-10,9.59887981414795,9.712635921062075,9.53929280873154,9.685551370313217,6829255
2004-03-11,9.252192497253418,9.458037432664165,9.154687001532539,9.425535600757206,11351789
2004-03-12,9.371366500854492,9.371366500854492,9.051765443179649,9.127602434873843,9132900
2004-03-15,9.046347618103027,9.34428138965582,9.027388371315777,9.260317857544836,9065095
2004-03-16,9.22240161895752,9.284696657122108,9.046349830043452,9.086976974837253,8514770
2004-03-17,9.425536155700684,9.463455272377455,9.17093876799244,9.25761032484726,8353914
2004-03-18,9.225109100341797,9.43908000069519,9.170939991188181,9.411995446118382,6506771
2004-03-19,9.181772232055664,9.317196222000886,9.097808699917747,9.317196222000886,15087680
2004-03-22,8.908214569091797,9.122184798497711,8.805291795020972,9.084266306701709,8497998
2004-03-23,8.943426132202148,9.0328063387007,8.851337905132155,8.97863661068728,6506657
2004-03-24,8.984052658081055,9.024679793225525,8.854044707628757,8.938008240327694,6680759
2004-03-25,9.160104751586914,9.20885719138283,9.076141215712745,9.095100463349736,7831949
2004-03-26,9.265734672546387,9.290111200674499,9.179063124629108,9.276568616036046,4546245
2004-03-29,9.371366500854492,9.395743031673675,9.219691275254936,9.26031841254985,4395380
2004-03-30,9.290111541748047,9.390325056877463,9.216981954678857,9.384908395486525,5036473
2004-03-31,9.203439712524414,9.403867992463606,9.12760210248631,9.292819908202853,6604763
2004-04-01,9.344282150268555,9.3740753435173,9.154687803646667,9.276569839253195,6429909
2004-04-02,9.58533763885498,9.58533763885498,9.336157509164334,9.355116758839815,8898669
2004-04-05,9.704512596130371,9.769516276504769,9.558254004735124,9.60158979165139,6071658
2004-04-06,9.696385383605957,9.799307546729406,9.623255791743656,9.796598905303636,7140119
2004-04-07,9.582629203796387,9.680134710760251,9.471581110033359,9.661175461904792,9786825
2004-04-08,9.70918083190918,9.817631691170115,9.64924813400611,9.703473236403719,7957044
2004-04-09,9.70918083190918,9.70918083190918,9.70918083190918,9.70918083190918,0
2004-04-12,9.70918083190918,9.70918083190918,9.70918083190918,9.70918083190918,0
2004-04-13,9.746283531188965,9.826194452668974,9.60073100478679,9.75769872264894,7320141
2004-04-14,9.609292984008789,9.657810494114152,9.440909415693085,9.640687051998,6921320
2004-04-15,9.640686988830566,9.717743786779879,9.503696180470142,9.597877074889166,5556503
2004-04-16,9.646395683288574,9.726306615494721,9.566484751082427,9.603586418937454,6478918
2004-04-19,9.577898979187012,9.637832331825035,9.466594648906197,9.586460699716524,4513303
2004-04-20,9.849027633666992,9.974601957836361,9.617855900636533,9.632126528283534,10872184
2004-04-21,10.074490547180176,10.14869323031718,9.760554406843713,9.794801950091372,12987189
2004-04-22,10.299952507019043,10.337053515864882,10.177231671024236,10.240019151587363,12566799
2004-04-23,10.887869834899902,11.233199392041277,10.887869834899902,11.216075947694451,38392720
2004-04-26,11.061960220336914,11.061960220336914,10.765148855591168,10.904993143643825,12679055
2004-04-27,11.187536239624023,11.24746960504708,11.0619612575634,11.0619612575634,13596345
2004-04-28,11.0048828125,11.21607632974362,11.0048828125,11.21607632974362,8886757
2004-04-29,10.94494915008545,11.273154610710744,10.876454063287168,11.073377601448685,23168986
2004-04-30,10.670969009399414,10.816521562511912,10.591058073254965,10.802251588869652,11849900
2004-05-03,10.816518783569336,10.876451479430575,10.479751026248866,10.596763602014379,6044529
2004-05-04,10.802249908447266,10.87645258180533,10.673821474577268,10.768001715247225,4318840
2004-05-05,10.816518783569336,10.816518783569336,10.625302887500823,10.702360332692175,5884556
2004-05-06,10.53112506866455,10.745172717241005,10.491169271989229,10.713778643258292,7640070
2004-05-07,10.311367988586426,10.528269056060148,10.24572638521219,10.436941636342329,10141269
2004-05-10,10.048802375793457,10.17152254677784,9.948913894967363,10.060218220872603,8077337
2004-05-11,10.225749969482422,10.294245051128232,10.054512265367896,10.103029124017661,5501268
2004-05-12,10.142984390258789,10.365593721312075,10.134422669112908,10.331346182262783,7767885
2004-05-13,10.23145866394043,10.285683779113974,10.077345040928066,10.19150352259125,5941398
2004-05-14,10.165815353393555,10.288535529229884,10.0602186186201,10.174377073924992,4969531
2004-05-17,10.043095588684082,10.068780751329848,9.891835465596644,10.01740977157257,5835629
2004-05-18,10.05165958404541,10.142986372693235,9.960332795397585,10.100176449665147,4971928
2004-05-19,10.14583969116211,10.257144042353813,10.080198076195092,10.140131440092873,7424181
2004-05-20,9.963186264038086,10.040243073260939,9.786240295470439,10.040243073260939,7541302
2004-05-21,9.986016273498535,10.074489575874448,9.88327365366122,9.963185234667137,5610469
2004-05-24,10.114445686340332,10.251435850457,10.043096478913117,10.045949949816196,5801892
2004-05-25,10.080198287963867,10.165817474540251,9.98316390794088,10.011703854954959,5431100
2004-05-26,10.26855754852295,10.345614339125765,10.231455888430597,10.265703423639147,5799363
2004-05-27,10.442651748657227,10.479753417273718,10.331347397273596,10.334200868347294,6823723
2004-05-28,10.419817924499512,10.494021246572725,10.3456146024263,10.474043026343347,4348145
2004-05-31,10.462627410888672,10.488313227129641,10.37130064600142,10.416964028445046,802982
2004-06-01,10.30280590057373,10.482605311057316,10.248580795810796,10.482605311057316,4577575
2004-06-02,10.319931983947754,10.45406803636181,10.25714449176436,10.359887125319656,4923561
2004-06-03,10.522560119628906,10.542537684608266,10.31136731599208,10.391277575909514,5805161
2004-06-04,10.682384490966797,10.733756132530312,10.505439179949889,10.559664292571279,8083138
2004-06-07,10.89072322845459,10.919263173068853,10.78227300963831,10.830789868337277,6477681
2004-06-08,10.8735990524292,11.007735089538468,10.759440583726462,10.98490470472951,6891030
2004-06-09,10.865036010742188,10.959216899594994,10.827934349305368,10.930677613119858,4803258
2004-06-10,10.990612030029297,11.03056716823676,10.845060140970114,10.873599431908898,4065040
2004-06-11,10.913555145263672,10.999173671923577,10.85933003474801,10.987758479203682,2422007
2004-06-14,10.756586074829102,10.86789040745676,10.710922691754602,10.862182157339582,4741915
2004-06-15,10.865036010742188,10.882160106199843,10.713775894473397,10.745169960401476,4095897
2004-06-16,10.887869834899902,10.930679754698655,10.813667151953917,10.90784805925899,4446486
2004-06-17,10.859330177307129,10.944948705091019,10.78798096784334,10.873599495627229,4388751
2004-06-18,10.887869834899902,10.904993933712571,10.78227373434084,10.805105429780504,12464890
2004-06-21,10.893576622009277,10.982049266331709,10.83364326591812,10.930678285729114,3746711
2004-06-22,10.830788612365723,10.976341134981306,10.796541075479537,10.865036149251909,4935788
2004-06-23,10.87930679321289,10.922116053353612,10.825081686736928,10.830789282671667,3721217
2004-06-24,11.010589599609375,11.039129543318808,10.924970422946856,10.930678673475054,6933461
2004-06-25,11.022004127502441,11.05054406949194,10.842204718152127,10.959217302270732,8739740
2004-06-28,11.11618709564209,11.176120457910763,10.939241134293106,11.002028622018816,5744837
2004-06-29,11.01629638671875,11.090498398002003,10.907845531281747,10.99917163740903,7470706
2004-06-30,10.95921802520752,11.073376491764616,10.933532206615727,11.024859634327187,3997417
2004-07-01,10.859330177307129,11.059107178446752,10.82222850985006,11.036275483775604,5071260
2004-07-02,10.645280838012695,10.802249204498334,10.579639889999378,10.790833358997508,6608573
2004-07-05,10.545392036437988,10.659550488013943,10.505436905619252,10.602471262225965,3777227
2004-07-06,10.479751586914062,10.616741735295607,10.422672358421751,10.616741735295607,4600336
2004-07-07,10.511146545410156,10.639574992029193,10.49687657257119,10.508292419949198,6228906
2004-07-08,10.545392036437988,10.548246161343812,10.394131924483423,10.445503554925452,4931653
2004-07-09,10.431235313415527,10.491168019575042,10.33990853702106,10.445505285843614,4859354
2004-07-12,10.322785377502441,10.422674539112657,10.285683707603386,10.35132532495275,3608087
2004-07-13,10.47118854522705,10.508290205001707,10.391277630424701,10.396985880143426,5602201
2004-07-14,10.385571479797363,10.411257298173135,10.220041377448817,10.402695576869803,6320559
2004-07-15,10.182939529418945,10.368447196295001,10.177231933474609,10.32278381087725,6218240
2004-07-16,10.259998321533203,10.345616853127172,10.188649108894328,10.191503234471687,7130814
2004-07-19,10.217187881469727,10.322783971037296,10.217187881469727,10.271412988878177,4304047
2004-07-20,10.308514595031738,10.351323855664903,10.157254465733349,10.17723203343339,6733965
2004-07-21,10.4597749710083,10.51970833373765,10.337054774536453,10.402696388223754,6378600
2004-07-22,10.334198951721191,10.434088091352466,10.231456341545435,10.317075510591426,5027106
2004-07-23,10.319931983947754,10.494023832199582,10.305662010115272,10.391280544178416,5047833
2004-07-26,10.182939529418945,10.445504650036781,10.182939529418945,10.374155446705103,4622079
2004-07-27,10.425527572631836,10.425527572631836,10.22289579946562,10.24287336790858,4941276
2004-07-28,10.591055870056152,10.679528510195139,10.462627442923795,10.462627442923795,8010459
2004-07-29,10.588203430175781,10.95921879994742,10.454067386105162,10.742317698155551,15828414
2004-07-30,10.591055870056152,10.63957337766749,10.454065722305831,10.631011657049527,5651818
2004-08-02,10.476897239685059,10.568224003335951,10.365592910101963,10.528268871471543,4199523
2004-08-03,10.462627410888672,10.573931741978578,10.388424087184918,10.53112248455411,4412817
2004-08-04,10.282829284667969,10.38557190794082,10.240020021920731,10.359886088506157,5400124
2004-08-05,10.17437744140625,10.371300947536163,10.131568182737148,10.299952401242905,3913142
2004-08-06,9.80907154083252,10.03453436146991,9.751992304312559,10.017410917746833,8965218
2004-08-09,9.70918083190918,9.831901661632344,9.583606531666144,9.823339941141292,5845494
2004-08-10,9.789092063903809,9.789092063903809,9.67778708353237,9.70632702346321,3987031
2004-08-11,9.632124900817871,9.817631902965921,9.497988222724338,9.817631902965921,6627007
2004-08-12,9.497991561889648,9.697768605042473,9.449474036893749,9.674937560035769,5564267
2004-08-13,9.51796817779541,9.535092277910188,9.341022851916112,9.432348986153313,6210371
2004-08-16,9.657809257507324,9.68064094704928,9.349581448690913,9.41807651731678,5808898
2004-08-17,9.632124900817871,9.65781006284513,9.529381634845917,9.603584959277722,4648848
2004-08-18,9.61214828491211,9.617855881493709,9.458034669152996,9.60073243728307,4599105
2004-08-19,9.480865478515625,9.683497259834176,9.395246950620711,9.66922728702975,5596229
2004-08-20,9.497991561889648,9.552216684520733,9.366708962688854,9.426642337421086,4680958
2004-08-23,9.657809257507324,9.703472636591238,9.54079668498838,9.603584158461597,3711880
2004-08-24,9.692055702209473,9.840461667547933,9.634976484771602,9.657808171746751,4830906
2004-08-25,9.732014656066895,9.81763318291821,9.692058863594683,9.78338564128452,3222824
2004-08-26,9.920374870300293,9.934644841582209,9.806216408976473,9.846172197672686,4634936
2004-08-27,9.920374870300293,9.957476533846974,9.826194630557456,9.934644841582209,2638873
2004-08-30,9.814779281616211,9.920376034347807,9.73201487829426,9.917522563329202,3232888
2004-08-31,9.743430137634277,9.900397867281669,9.71489019344432,9.783385274141269,4548100
2004-09-01,9.86900520324707,9.900398620672336,9.766262574383243,9.829049409233772,3701784
2004-09-02,9.883272171020508,9.928936205230356,9.737720311702413,9.814777101404264,3791225
2004-09-03,10.000286102294922,10.071635306443861,9.831902530254677,9.928937552611757,4137880
2004-09-06,10.117297172546387,10.13156714212567,9.968891190532606,9.991722880073189,2710157
2004-09-07,10.083052635192871,10.140131876009827,9.986017598571111,10.117300179683046,3932861
2004-09-08,10.037386894226074,10.123006062653271,9.97460007124975,10.111590217160693,3329089
2004-09-09,9.934646606445312,10.008849292254826,9.888983213803806,9.980309999086819,4242084
2004-09-10,9.997432708740234,10.043096752488823,9.911814181067955,9.96033169579735,2666108
2004-09-13,10.160110473632812,10.165818725524417,10.045951980460103,10.045951980460103,4750271
2004-09-14,10.114445686340332,10.245727599719237,10.077344019942284,10.154400823641458,4244861
2004-09-15,10.00313949584961,10.12015207738042,9.968891958899059,10.11444448178819,6410710
2004-09-16,10.085906028747559,10.103029472516777,9.966039304499747,10.028826792073797,3336368
2004-09-17,10.10588264465332,10.154400154865694,9.966038364378011,10.07163510587972,10071504
2004-09-20,10.0088472366333,10.108736378370722,9.911812874431995,10.105882253300342,3679217
2004-09-21,10.025973320007324,10.094468408479603,9.983164053328617,9.983164053328617,3659248
2004-09-22,9.777680397033691,10.045952543800313,9.734871123309821,10.031683222203005,8558710
2004-09-23,9.703474998474121,9.774824209275971,9.609294092572945,9.717744971527658,6021387
2004-09-24,9.674936294555664,9.717745561850974,9.57504713157878,9.64925047239213,4023655
2004-09-27,9.563629150390625,9.669225886705249,9.480864105470205,9.666371761664541,4211266
2004-09-28,9.549360275268555,9.606438851925184,9.463741101352095,9.546506150095997,4466224
2004-09-29,9.577898979187012,9.674933993407212,9.529381472076912,9.577898979187012,6144132
2004-09-30,9.475157737731934,9.669227139731946,9.45232604337899,9.643541319968433,5519579
2004-10-01,9.751992225646973,9.786239767282687,9.46374191992992,9.50655118335811,6979347
2004-10-04,9.928938865661621,9.988871576785373,9.86044377769231,9.86044377769231,6116792
2004-10-05,9.891836166381836,10.071635589968784,9.81763283490627,9.937499553608095,5562435
2004-10-06,9.897543907165527,9.937499698805196,9.760553743485183,9.863296366245441,4790252
2004-10-07,9.820487976074219,10.00599566948661,9.797656280099336,9.923230607961194,5263737
2004-10-08,9.720597267150879,9.911813181335273,9.700619699971115,9.771968902145419,5116306
2004-10-11,9.797656059265137,9.84617357573467,9.706329277424063,9.720598596237346,3129112
2004-10-12,9.603586196899414,9.817633168172016,9.526528737489993,9.817633168172016,7677401
2004-10-13,9.575044631958008,9.720596495444425,9.517965405643167,9.672079643926088,6051577
2004-10-14,9.406661033630371,9.503695390675613,9.341020087293968,9.48086370025724,9929993
2004-10-15,9.395245552062988,9.435201339074478,9.275378845494243,9.36385214013907,7175070
2004-10-18,9.303919792175293,9.412370010345695,9.243986432414914,9.37241487348264,6522239
2004-10-19,9.386685371398926,9.557923084257332,9.338167855805919,9.395247093425388,7236952
2004-10-20,9.292505264282227,9.332460406816573,9.24398774451976,9.28965113853952,5069260
2004-10-21,9.360998153686523,9.380975720255146,9.246839695486202,9.329604086832134,4524475
2004-10-22,9.355291366577148,9.438055765076319,9.281088035100758,9.30391972871414,4363849
2004-10-25,9.027084350585938,9.164074498161414,9.015668504954649,9.14695105694734,8741452
2004-10-26,9.186907768249512,9.215447059999523,9.035647624023524,9.035647624023524,5829898
2004-10-27,9.346729278564453,9.346729278564453,9.121266460802984,9.218300834416272,7559641
2004-10-28,9.375268936157227,9.66922682785337,9.166929568290106,9.446618142325274,18159659
2004-10-29,9.241131782531738,9.355290236812639,9.212591841728658,9.332457891490746,7145640
2004-11-01,9.398100852966309,9.412370170966163,9.184053229378815,9.218300770616917,3971261
2004-11-02,9.41807746887207,9.443763285818356,9.318188326184456,9.432346785428237,4967296
2004-11-03,9.38953685760498,9.540796968938617,9.318187662046475,9.526526998933777,7074769
2004-11-04,9.360998153686523,9.400953286823768,9.255401416234792,9.378121595183703,4315818
2004-11-05,9.449470520019531,9.583606540882615,9.383829572082155,9.50654974745762,7710399
2004-11-08,9.549360275268555,9.629271198839897,9.48942691897361,9.48942691897361,7861214
2004-11-09,9.646395683288574,9.737722462952743,9.583608195036545,9.589316445998469,6713323
2004-11-10,9.732014656066895,9.791947363076488,9.70918230717862,9.72059815438985,4982909
2004-11-11,9.86900520324707,9.897544495142991,9.692059237415334,9.743430879080169,5178363
2004-11-12,9.843317985534668,9.926083032879456,9.774822909345687,9.886127244536343,4358361
2004-11-15,9.814779281616211,9.88898261741652,9.740576600281733,9.87471264446018,3760777
2004-11-16,9.737720489501953,9.88041888104081,9.734867019065106,9.84046309580228,4633123
2004-11-17,9.903252601623535,9.917522574596088,9.674935651926019,9.7862400012871,7194384
2004-11-18,9.857590675354004,9.911815795342134,9.800511429454412,9.85188242353108,3550521
2004-11-19,9.680642127990723,9.886127358935472,9.672080406984463,9.874711512771874,7480859
2004-11-22,9.632124900817871,9.632124900817871,9.50654994340009,9.615000805000635,5267425
2004-11-23,9.526528358459473,9.714890156900426,9.500843194144078,9.683496741982196,5703592
2004-11-24,9.61214828491211,9.646395827799228,9.549361450185312,9.62071000701743,5259850
2004-11-25,9.646395683288574,9.729160740975685,9.637833961311516,9.646395683288574,3215380
2004-11-26,9.649250030517578,9.686351699225233,9.563630845381903,9.586462540822637,3449038
2004-11-29,9.632124900817871,9.857587690228986,9.632124900817871,9.632124900817871,7660177
2004-11-30,9.603586196899414,9.7320146414493,9.546506960929,9.717744668840243,4952093
2004-12-01,9.686351776123047,9.720598665090183,9.540799225683475,9.543653351252686,4486193
2004-12-02,9.751992225646973,9.806217336287068,9.683497142375543,9.769115669231923,4714250
2004-12-03,9.749138832092285,9.81763392050562,9.680643743678951,9.751992957725973,5836276
2004-12-06,9.689203262329102,9.75199073966007,9.623562314479326,9.674933946337909,3159719
2004-12-07,9.75484561920166,9.823340697334194,9.65495647274239,9.689204011808657,4465859
2004-12-08,9.846174240112305,9.93750102811572,9.660666538363897,9.663520664105476,8007227
2004-12-09,9.760552406311035,9.903250801161596,9.714889024673369,9.846171574114514,6350402
2004-12-10,9.80907154083252,9.86615077735248,9.77196987347809,9.840464957302043,3611129
2004-12-13,10.037386894226074,10.083050276196387,9.831901675359662,9.846171645841814,7996871
2004-12-14,10.080198287963867,10.157255752222369,10.068782440051407,10.074490691240564,5482561
2004-12-15,10.00313949584961,10.148691364273015,9.98316192957822,10.123006202409396,5035649
2004-12-16,10.05165958404541,10.071637155445648,9.94320869529317,10.017412038302476,4310005
2004-12-17,9.866150856018066,10.111591902243779,9.800509897113193,10.065928512663724,16755086
2004-12-20,9.90895938873291,10.025971979511327,9.849026685182208,9.8661501277779,4366128
2004-12-21,9.988869667053223,10.01455548374741,9.91752112157543,9.960330379755252,3329736
2004-12-22,10.14583969116211,10.162963135438137,10.005995393555905,10.031681214435787,6140724
2004-12-23,10.142984390258789,10.177231929308082,10.105882726005614,10.157254361812436,3019685
2004-12-24,10.142984390258789,10.142984390258789,10.142984390258789,10.142984390258789,0
2004-12-27,10.071638107299805,10.171526628207191,10.065930509702847,10.145841457321948,2111882
2004-12-28,10.160110473632812,10.168672851470218,10.085907780303518,10.125863580146936,1661688
2004-12-29,10.094468116760254,10.194356620945857,10.037388878016218,10.174379051001905,2791344
2004-12-30,10.063075065612793,10.131570154600555,10.05451334310579,10.12871602894293,1093995
2004-12-31,10.063075065612793,10.063075065612793,10.063075065612793,10.063075065612793,0
2005-01-03,10.182939529418945,10.245727011601236,10.117298576497369,10.16296196191512,5010334
2005-01-04,10.28853702545166,10.388425524753405,10.168670957182727,10.202917844288867,7783149
2005-01-05,10.251436233520508,10.282829650353865,10.185794619912434,10.23431213513315,5824064
2005-01-06,10.305660247802734,10.374155325126644,10.23145692013562,10.23145692013562,4920898
2005-01-07,10.254290580749512,10.3199321999666,10.182941364559483,10.257144706468925,5734044
2005-01-10,10.225749969482422,10.285682675073156,10.177232456366857,10.254289259601943,4063676
2005-01-11,10.128714561462402,10.254288873079693,10.077343579397308,10.228603709280032,5782999
2005-01-12,9.983162879943848,10.151546455697206,9.948915339733041,10.111591319350824,7133774
2005-01-13,9.90895938873291,10.048803672616103,9.869004253032442,10.037387826063714,5502143
2005-01-14,9.988869667053223,10.000285512865558,9.829047825680533,9.860441892513755,4973692
2005-01-17,9.960330963134766,10.028826042020551,9.911813451974222,9.971746809615729,3173615
2005-01-18,10.060220718383789,10.071636566296988,9.86044370713574,9.960332212759765,7617808
2005-01-19,10.080198287963867,10.160109223351093,10.060220717733525,10.131569930802868,8276506
2005-01-20,9.986016273498535,10.074489575874448,9.974601081315727,10.020264467910089,5917744
2005-01-21,9.963186264038086,10.057366517770085,9.920376343833524,9.98601730522833,5447569
2005-01-24,9.917520523071289,9.943205683749689,9.811923137597631,9.888980583029918,6394675
2005-01-25,9.988869667053223,10.03738717537208,9.846171921631903,9.846171921631903,6006428
2005-01-26,9.874709129333496,9.980305844475545,9.843315723577405,9.960328282127632,5540578
2005-01-27,9.851881980895996,9.957478744682367,9.75484759445931,9.863297829563011,7876538
2005-01-28,9.846174240112305,9.917523456856445,9.791948468885861,9.877567659872007,4944627
2005-01-31,9.954620361328125,10.045947111603986,9.920372829974678,9.99742961190353,7149940
2005-02-01,10.054510116577148,10.111589339083354,9.988868519845767,10.003138489088732,6703932
2005-02-02,10.180087089538574,10.217188757563937,10.080197932972913,10.100175502499713,7482354
2005-02-03,10.154399871826172,10.26285008102013,10.125860584209876,10.231456668302483,5260982
2005-02-04,10.22860336303711,10.25143505528557,10.13727659404326,10.197209295346159,4937979
2005-02-07,10.297100067138672,10.322785890226571,10.20862740368691,10.259999049862706,5437407
2005-02-08,10.359884262084961,10.371300107102694,10.28282747183169,10.297096787254588,4546864
2005-02-09,10.308514595031738,10.47975229203017,10.231457140533117,10.382717269831506,6605797
2005-02-10,10.185792922973633,10.185792922973633,10.040241056026051,10.10017375423253,12789196
2005-02-11,10.22860336303711,10.22860336303711,10.077343238274608,10.197209295346159,7876617
2005-02-14,10.157256126403809,10.225751216401854,10.071636936673315,10.217189493768567,6352222
2005-02-15,10.20006275177002,10.22289444252162,10.117297709179043,10.157253495227199,4529552
2005-02-16,10.14583969116211,10.182940705248782,10.091613923867726,10.140131440092873,5119507
2005-02-17,10.125862121582031,10.197210678688226,10.09732217516688,10.157255539066025,3488534
2005-02-18,10.120153427124023,10.174378537578066,10.07449003843308,10.120153427124023,5677321
2005-02-21,10.160110473632812,10.214336248739302,10.137279429464206,10.160110473632812,3463671
2005-02-22,10.100176811218262,10.137279138516949,10.040244094872152,10.117300911935661,5362233
2005-02-23,9.997432708740234,10.057366070790321,9.931791750262711,10.023119183294067,7604359
2005-02-24,9.946062088012695,9.988871353419771,9.860443557198542,9.94891621356406,6891187
2005-02-25,10.03453254699707,10.071634207642672,9.96032988017157,9.99457741589081,5771239
2005-02-28,9.986016273498535,10.074489575874448,9.926083569442772,10.003140370704312,4812921
2005-03-01,10.000286102294922,10.03168017097855,9.877565916195474,9.94606099510667,6552981
2005-03-02,9.988869667053223,10.074488837878603,9.914666996505913,9.974600350637104,6372222
2005-03-03,9.977456092834473,10.003141915376618,9.914669253804654,9.931792699188827,4718287
2005-03-04,9.96603775024414,10.017409382471763,9.906104397467153,9.960330154699804,4438122
2005-03-07,9.977456092834473,9.98601781552656,9.920376850777417,9.951770924758211,3715756
2005-03-08,9.948915481567383,10.060219825222845,9.934645509326328,9.946061356226013,5386283
2005-03-09,9.946062088012695,10.045950592117823,9.900398697054255,9.943207962461331,4850867
2005-03-10,9.86900520324707,10.020265348246388,9.857589355595534,9.888982773020798,6461714
2005-03-11,9.897543907165527,9.963185518111711,9.81192472763241,9.937499698805196,5900283
2005-03-14,9.903252601623535,9.911814323620733,9.823341669229404,9.846173364199156,4133194
2005-03-15,9.951767921447754,10.003138896563089,9.891834571758459,9.903250416724719,6454757
2005-03-16,9.66637134552002,9.95462160057888,9.597876274286174,9.911812344674152,18227289
2005-03-17,9.646395683288574,9.732014866456646,9.60073229345649,9.629272239334458,6970078
2005-03-18,9.615002632141113,9.703475289689736,9.595024407480253,9.654957772531128,11674217
2005-03-21,9.62641716003418,9.714889805451204,9.61500131370728,9.617854784439682,5346551
2005-03-22,9.677787780761719,9.700619472565005,9.60929270535186,9.654956088958432,4820102
2005-03-23,9.692055702209473,9.749134919647341,9.58360486184472,9.63212301474891,6727576
2005-03-24,9.817634582519531,9.857590380687839,9.674936799269082,9.706330219958954,6319312
2005-03-25,9.817634582519531,9.817634582519531,9.817634582519531,9.817634582519531,0
2005-03-28,9.817634582519531,9.817634582519531,9.817634582519531,9.817634582519531,0
2005-03-29,9.817634582519531,9.829050431358203,9.69491437112028,9.774825312990988,4844588
2005-03-30,9.83761215209961,9.871859041863472,9.749138838656748,9.760554686733323,4899262
2005-03-31,9.854734420776367,9.96603876262186,9.826195131224148,9.900397807632547,6882173
2005-04-01,9.806218147277832,9.834758094900804,9.703475513873698,9.789094702276746,10490733
2005-04-04,9.757699966430664,9.789094037577385,9.706328980449726,9.737722397130621,6868350
2005-04-05,9.846174240112305,9.874713534130429,9.780532620385435,9.809072568869446,6203323
2005-04-06,9.871856689453125,9.937498291100795,9.771968206202441,9.886126659764853,10583486
2005-04-07,9.884934425354004,9.990317299269977,9.878912882213115,9.936120649142957,11193872
2005-04-08,9.851816177368164,9.993330409756021,9.824717501666052,9.993330409756021,7781836
2005-04-11,9.782564163208008,9.80966214718024,9.722344579807856,9.785574590006126,7787468
2005-04-12,9.689223289489746,9.785573507527968,9.650081531260309,9.770519303808085,6045500
2005-04-13,9.641047477722168,9.758474815245409,9.59588348892501,9.746430348403782,9899558
2005-04-14,9.653091430664062,9.767507653569686,9.595883664443624,9.632014994235176,7954540
2005-04-15,9.397161483764648,9.610939047096588,9.351997491842107,9.580829258838373,16050832
2005-04-18,9.189407348632812,9.243604698355806,9.050904237944932,9.201451127408491,15427681
2005-04-19,9.165321350097656,9.297802939165178,9.150267141915998,9.198442265213279,12529046
2005-04-20,9.093056678771973,9.255648029614683,9.038859331669457,9.183385360454555,13347344
2005-04-21,9.144242286682129,9.240592505674842,9.068968505477873,9.078001856357035,10386650
2005-04-22,9.141231536865234,9.240592178838527,9.114132175651038,9.225537285037204,6613941
2005-04-25,9.198440551757812,9.204462095815805,9.041871430206834,9.174352994596124,6819812
2005-04-26,9.138219833374023,9.213493612771119,9.059935627554273,9.198439409263521,6073829
2005-04-27,9.177362442016602,9.177362442016602,8.966596684576439,9.123165789418909,10820857
2005-04-28,9.099079132080078,9.318878262014715,9.053915135384289,9.213494682438062,17560170
2005-04-29,9.138219833374023,9.288767392168216,9.062946744441703,9.071979404639217,10339080
2005-05-02,9.210484504699707,9.243604723807803,9.171342050954753,9.21951716619012,3649824
2005-05-03,9.201452255249023,9.213496035500933,9.102090895554527,9.201452255249023,5819791
2005-05-04,9.439312934875488,9.472433142168942,9.114130332571039,9.207470102892051,17571035
2005-05-05,9.454370498657227,9.553731839094551,9.382107831150957,9.496523376136805,6300854
2005-05-06,9.484481811523438,9.484481811523438,9.27371599401146,9.358022459109248,8339271
2005-05-09,9.394149780273438,9.451357541629505,9.348985104025783,9.400171322827644,5334824
2005-05-10,9.321890830993652,9.439318216038776,9.303825504349797,9.439318216038776,5805766
2005-05-11,9.358019828796387,9.4332929193418,9.288767591225309,9.321887806302472,6674584
2005-05-12,9.415226936340332,9.463402042324104,9.364040713616388,9.406193586119818,4827472
2005-05-13,9.580830574035645,9.586852808699895,9.36404255449039,9.379097450686139,8117465
2005-05-16,9.514589309692383,9.635027096615207,9.487491325483397,9.604917995116935,3341741
2005-05-17,9.4694242477417,9.592873138076754,9.463402704304881,9.592873138076754,4768447
2005-05-18,9.665136337280273,9.665136337280273,9.523622118334123,9.544698557227203,8417729
2005-05-19,9.770519256591797,9.770519256591797,9.680190582385087,9.722343457340711,6504994
2005-05-20,9.809663772583008,9.863861130437378,9.737401089087165,9.782565784120798,6319805
2005-05-23,9.779553413391113,9.899991203786888,9.731378297232803,9.875903645707732,4902726
2005-05-24,9.731376647949219,9.8457921842015,9.64104797522894,9.779551755942762,5104627
2005-05-25,9.63803768157959,9.728366362015139,9.629005020675484,9.713311466865076,4867169
2005-05-26,9.713311195373535,9.73438763371563,9.638037412191986,9.638037412191986,3288593
2005-05-27,9.734386444091797,9.76148511319984,9.665134903451001,9.752452453652067,3843578
2005-05-30,9.770519256591797,9.815683248462761,9.716321913974815,9.755464362479882,2229549
2005-05-31,9.818696022033691,9.896980937757524,9.767510474561128,9.803641814787909,6874115
2005-06-01,9.97225284576416,10.020427956935709,9.845792833706438,9.866869962692604,7499192
2005-06-02,9.990318298339844,10.077635861100486,9.942143186536018,9.984296754596778,6036567
2005-06-03,9.960208892822266,10.07161400806363,9.951175541787839,10.047526452901433,4461813
2005-06-06,9.906010627746582,9.996339296441498,9.88493419155484,9.981284403248221,4061998
2005-06-07,9.95117473602295,9.993328299375944,9.887945426690576,9.96623031986125,4944920
2005-06-08,9.99634075164795,10.023439425247757,9.881924513373669,9.906012069803534,4744541
2005-06-09,9.933109283447266,10.014404601833165,9.91805439027514,10.005371942115787,4501589
2005-06-10,10.204095840454102,10.243237600814275,9.954187621429563,9.98128560387934,10492251
2005-06-13,10.240227699279785,10.276359034863706,10.192052585167891,10.237216582031577,7855322
2005-06-14,10.279369354248047,10.333566008184864,10.219150466282247,10.222160892831933,5483693
2005-06-15,10.158930778503418,10.31248875811038,10.116777215013707,10.27033588508542,8170327
2005-06-16,10.237215995788574,10.273347329303403,10.192052001511243,10.222161100874525,4894774
2005-06-17,10.240227699279785,10.282381269360123,10.21312902497563,10.261304139087525,14848265
2005-06-20,10.216140747070312,10.240228305552362,10.16495451267973,10.222162291458375,4751777
2005-06-21,10.318511009216309,10.378730587037856,10.225171906429548,10.249259461372247,5856549
2005-06-22,10.276357650756836,10.312488981474283,10.186028978730835,10.228182543133574,7337307
2005-06-23,10.282381057739258,10.35765415414126,10.24022748852648,10.282381057739258,4472567
2005-06-24,10.216140747070312,10.216140747070312,10.131834292383134,10.16495451267973,5972423
2005-06-27,10.089679718017578,10.170975737671412,10.026449710663986,10.122799935025716,5942908
2005-06-28,10.122800827026367,10.125811944419214,10.032472828960142,10.08667018017179,4385619
2005-06-29,10.19205093383789,10.219149603751482,10.098711837985237,10.131832050954769,4173521
2005-06-30,10.11075496673584,10.198072519900787,10.074624327318345,10.173984966645957,6993040
2005-07-01,10.170974731445312,10.176996274639787,10.065591166126763,10.11075515671199,4209742
2005-07-04,10.164955139160156,10.2342067014479,10.128823799210256,10.20710871433418,2656760
2005-07-05,10.10473346710205,10.20409479732164,10.014404796775676,10.137853680353663,5791162
2005-07-06,10.14989948272705,10.204096833832413,10.09570282208658,10.107746601169449,4846313
2005-07-07,9.95418930053711,10.107747322181174,9.779554146145866,10.089681307035729,13569035
2005-07-08,10.095701217651367,10.095701217651367,9.978274562871354,10.026448981081941,5394125
2005-07-11,10.210116386413574,10.222160163147018,10.11677728934558,10.11677728934558,6317148
2005-07-12,10.143877983093262,10.21614065790874,10.104735528285321,10.192053099636913,4791082
2005-07-13,10.255279541015625,10.28237889953894,10.131831357404138,10.14688555924586,6326873
2005-07-14,10.429916381835938,10.52325617739992,10.270336844235686,10.28238062200541,10206337
2005-07-15,10.502178192138672,10.502178192138672,10.42690441459928,10.42690441459928,7191050
2005-07-18,10.514222145080566,10.559386136174972,10.472069270849728,10.472069270849728,5190030
2005-07-19,10.688858032226562,10.703912927171979,10.49615758641265,10.502179130111925,10963766
2005-07-20,10.712945938110352,10.731011260263468,10.580464377283072,10.688858381596301,9572416
2005-07-21,10.770153045654297,10.971886836822874,10.734021713119375,10.746065490631015,11413634
2005-07-22,10.764130592346191,10.794240380744203,10.670792181613754,10.764130592346191,4396518
2005-07-25,10.824352264404297,10.85446136816572,10.700903350913144,10.788220925611636,3937357
2005-07-26,10.782197952270508,10.821340405898512,10.688858839397085,10.779187525425948,5229812
2005-07-27,10.938766479492188,10.938766479492188,10.68885825620676,10.749077146785469,8172498
2005-07-28,11.890225410461426,12.164221184663534,10.962853823073077,10.98995249592406,73967595
2005-07-29,12.079915046691895,12.173253459235964,11.875170138726949,11.980553019235824,26008842
2005-08-01,12.17325496673584,12.317780314633534,11.998621207056786,12.028729618838144,12484588
2005-08-02,12.501449584960938,12.501449584960938,12.152180643657122,12.188311294409615,12748807
2005-08-03,12.450261116027832,12.525534208061096,12.353910895379043,12.495425799805556,9049250
2005-08-04,12.146156311035156,12.495426572963002,12.088948536601393,12.480371677438903,12407743
2005-08-05,12.061845779418945,12.119054918690088,11.941408030033683,12.010660253778699,8520809
2005-08-08,12.20035457611084,12.338857692045377,12.03776252078268,12.04980699047949,7029592
2005-08-09,12.495424270629883,12.516500015736574,12.158197158698977,12.206373644057198,11674331
2005-08-10,12.697157859802246,12.745332966173613,12.546610307159352,12.546610307159352,9452082
2005-08-11,12.58575439453125,12.667049724515373,12.39606437061518,12.600809289851226,10811514
2005-08-12,12.501449584960938,12.639954095325317,12.43821956521414,12.639954095325317,5733422
2005-08-15,12.495424270629883,12.606829372237618,12.42617204016497,12.444237359093403,3744706
2005-08-16,12.435206413269043,12.594786641296594,12.387031302201466,12.540589296113163,7516429
2005-08-17,12.299713134765625,12.41714048005578,12.20336291737767,12.374986224251378,8584859
2005-08-18,12.308746337890625,12.374986770033901,12.209385689675711,12.314768571975366,6630077
2005-08-19,12.697157859802246,12.766408712130152,12.326811902188552,12.34487722184544,9826667
2005-08-22,12.853728294372559,12.901904789279456,12.670060499718328,12.676082734197905,6246737
2005-08-23,12.688127517700195,12.811575732478412,12.682105283071325,12.78447774804312,5848592
2005-08-24,12.835660934448242,12.856738061316312,12.633927849306259,12.68812518916023,7218219
2005-08-25,12.751358032226562,12.787488679566225,12.664040459915977,12.721248238823643,5892168
2005-08-26,12.627906799316406,12.932012359144558,12.585753922559038,12.790497453187418,9087561
2005-08-29,12.694148063659668,12.697159871365962,12.420152275380575,12.465316962607565,4886661
2005-08-30,12.558655738830566,12.793510461951223,12.525535519630672,12.760390242751331,6174176
2005-08-31,12.555643081665039,12.6399502090497,12.399074674992823,12.615862655644012,10535042
2005-09-01,12.405095100402832,12.688124878868953,12.323799783074719,12.670058178739792,7475320
2005-09-02,12.191319465637207,12.441227661888286,12.122067231114576,12.344877447385242,8469134
2005-09-05,12.486391067504883,12.492413301194658,12.182285527790379,12.19432999516993,4212475
2005-09-06,12.546612739562988,12.579732958998111,12.438218038748255,12.438218038748255,5683483
2005-09-07,12.573709487915039,12.697159072866759,12.55564416653222,12.585753956123336,4887167
2005-09-08,12.561664581298828,12.6550043631408,12.365952358231704,12.615861918527374,5906076
2005-09-09,12.600810050964355,12.661028254951875,12.537580039173118,12.573710685379677,5758651
2005-09-12,12.624898910522461,12.724259578765523,12.51349377168211,12.676084458236177,6352945
2005-09-13,12.284658432006836,12.65801622066471,12.248527790388426,12.624896005537972,8691757
2005-09-14,12.317779541015625,12.417141574535966,12.152178453364527,12.323801775365578,7131245
2005-09-15,12.368966102600098,12.42015164076489,12.263583218718107,12.302725669462214,5379227
2005-09-16,12.645973205566406,12.661028101613395,12.368966984905095,12.402087203836572,17074188
2005-09-19,12.377998352050781,12.49542570038074,12.164220783838681,12.257560577198104,9575394
2005-09-20,12.630918502807617,12.648983823993488,12.417140932342784,12.426173592935719,6938893
2005-09-21,12.435206413269043,12.585753980587626,12.393053536317321,12.555644190937983,6497011
2005-09-22,12.42918586730957,12.558656323272409,12.293694557342743,12.35993499882516,5810810
2005-09-23,12.648984909057617,12.667050231793178,12.46531711210012,12.492415096203464,5118227
2005-09-26,13.16385555267334,13.178910447771807,12.811574873972202,12.901904244563015,11978915
2005-09-27,13.22708511352539,13.30537001302478,13.028362438230635,13.133745319435379,7990140
2005-09-28,13.74496841430664,13.826263741383787,13.38365370140657,13.413763490969847,14757153
2005-09-29,13.398709297180176,13.744969133414186,13.290315982382948,13.729914237844907,8663090
2005-09-30,13.290315628051758,13.519148101302344,13.07051581571598,13.51312586704925,10041455
2005-10-03,13.549254417419434,13.579364203103435,13.269236448603024,13.383651977086885,4896860
2005-10-04,13.693780899047852,13.72088026084558,13.389675351943673,13.519147165237074,6554779
2005-10-05,13.38365364074707,13.573343657020422,13.353545232249882,13.549256101664898,6276361
2005-10-06,13.067503929138184,13.20299658958225,12.862759034844636,13.139766589313053,10178137
2005-10-07,13.037395477294922,13.127724847461053,12.947067488058437,12.959111956452448,6256337
2005-10-10,12.832651138305664,13.196974879970385,12.766409328151527,13.07653710823045,4701654
2005-10-11,12.829638481140137,13.040405603421709,12.736300077305076,12.75135497039158,7060223
2005-10-12,12.718235969543457,12.956099712553067,12.600808620839999,12.715224162081563,7358745
2005-10-13,12.70017147064209,12.862762150182336,12.591778144591872,12.624898365910823,7757072
2005-10-14,12.648984909057617,12.760390034143134,12.597799367663614,12.7092031118194,6375314
2005-10-17,12.850716590881348,12.998252344930183,12.414130181686536,12.676081474831593,15314178
2005-10-18,12.682104110717773,12.974165201597526,12.651994321286569,12.916957430236009,6909796
2005-10-19,12.308746337890625,12.510480822757257,12.200353029013412,12.402086132950421,12110964
2005-10-20,12.140134811401367,12.513492652578705,12.082927033505197,12.45929530159768,8840749
2005-10-21,11.974529266357422,12.125076811243893,11.91431107696049,12.028726603465259,12019602
2005-10-24,12.296704292297363,12.36294473005183,12.046796056372097,12.116046920959132,7435200
2005-10-25,12.281649589538574,12.474350052169154,12.209386916052106,12.468327817479507,8175047
2005-10-26,12.498435020446777,12.667047890313627,12.405095235350503,12.522522573284899,11084758
2005-10-27,12.239495277404785,12.4803708275274,12.140133249898208,12.459293699043071,8121017
2005-10-28,12.215408325195312,12.284659186191938,11.90829094793623,12.119058100391602,8768223
2005-10-31,12.582741737365723,12.597798012598824,12.362943318579417,12.390041299768003,6888136
2005-11-01,12.39004135131836,12.552633381915108,12.377998264383187,12.534568061047553,5250687
2005-11-02,12.56768798828125,12.57069841471366,12.362943086708931,12.46531553749509,6335811
2005-11-03,12.70017147064209,12.76942372126434,12.426175657067278,12.673073484361996,9802961
2005-11-04,12.525532722473145,12.715222714725915,12.50445697728691,12.676080269613623,5618912
2005-11-07,12.739311218261719,12.859748988781169,12.546610785430596,12.585753233465612,5464637
2005-11-08,12.805554389953613,12.929003994261745,12.751358417307445,12.82060928710972,5092753
2005-11-09,12.772432327270508,12.886847872046616,12.706191894076934,12.871794357990513,4138294
2005-11-10,12.633931159973145,12.865774092557379,12.52553645186084,12.826631635790706,5546431
2005-11-11,12.84168529510498,12.938035523725324,12.787487946273608,12.88684860168969,5398024
2005-11-14,12.868781089782715,12.97416396179197,12.81759555738463,12.865770663499118,3179615
2005-11-15,12.929001808166504,12.998252666259525,12.751356261249333,12.862759995694141,5021504
2005-11-16,12.892868995666504,13.007285911516664,12.805551440828276,13.007285911516664,4626043
2005-11-17,12.956099510192871,13.266227294429674,12.796519287881768,12.796519287881768,9317674
2005-11-18,13.022342681884766,13.166868040337102,12.947069575539542,13.157835378050065,7520272
2005-11-21,13.272250175476074,13.332468374624806,13.040407277847676,13.097615050364348,6260598
2005-11-22,12.904911994934082,13.323433020530048,12.874802210981441,13.308378128553727,16988821
2005-11-23,13.00728702545166,13.019330112876471,12.895881907356351,13.004275217898225,4661953
2005-11-24,12.88985824584961,13.06148154392394,12.826628246314463,12.983196651077618,4554388
2005-11-25,12.883837699890137,12.97717749827347,12.829640353056922,12.886848126574888,3256490
2005-11-28,12.850716590881348,13.019329473049835,12.78748658745197,13.007286386216874,5166367
2005-11-29,12.91093635559082,12.980187212978967,12.802541667869972,12.856739011730397,4885986
2005-11-30,12.929001808166504,12.971154684518291,12.85372733511373,12.901903826425272,4357856
2005-12-01,13.088582038879395,13.097614699463225,12.91093649189495,12.91093649189495,5651386
2005-12-02,13.088582038879395,13.172887791614896,12.992231818079045,13.097614699463225,4580309
2005-12-05,12.932011604309082,13.097614056022811,12.89286915641567,13.085569588549665,4299011
2005-12-06,13.0584716796875,13.061482106107512,12.941044335363788,12.983197209891703,4025237
2005-12-07,12.944055557250977,13.082558642109348,12.81759555845749,12.998251515937195,5280918
2005-12-08,12.971158027648926,12.974168454975088,12.727271986330859,12.811577760763043,4781337
2005-12-09,13.001266479492188,13.022342230454708,12.898894008904806,12.950079553733584,4103487
2005-12-12,12.859749794006348,13.11869205253424,12.859749794006348,13.082560028651189,5077586
2005-12-13,12.868781089782715,12.883835983059678,12.745332898212899,12.796518430610984,5525071
2005-12-14,12.6760835647583,12.929003620175164,12.609843123931904,12.90190563463613,8079726
2005-12-15,12.727269172668457,12.781465138137868,12.627907140781884,12.682104487180956,6158705
2005-12-16,12.811575889587402,12.859751005349638,12.636940749716855,12.763400773825166,17599840
2005-12-19,12.892868995666504,12.910935696650967,12.781463887111853,12.799530588096315,5628388
2005-12-20,12.826630592346191,12.892871030287363,12.760390154405018,12.850718149863866,4776809
2005-12-21,12.796520233154297,12.907925354352981,12.691137346300598,12.901904500937677,4996616
2005-12-22,12.871793746948242,12.871793746948242,12.757376826674022,12.796519275592889,2836632
2005-12-23,12.886848449707031,12.886848449707031,12.751357150621116,12.82663024799437,2429313
2005-12-26,12.886848449707031,12.886848449707031,12.886848449707031,12.886848449707031,0
2005-12-27,12.886848449707031,12.941045797899221,12.82663024799437,12.841685143654962,1665416
2005-12-28,13.0584716796875,13.070514766297098,12.89588103441586,12.932011675174202,3651448
2005-12-29,13.127726554870605,13.193966996864036,13.058474304922129,13.058474304922129,2751133
2005-12-30,12.989219665527344,13.079549030825197,12.868781892726448,13.05244966886401,2123104
2006-01-02,13.206006050109863,13.224072749529435,12.947065215319473,12.980185426194579,2742148
2006-01-03,13.233107566833496,13.344512683906505,13.157833092633012,13.178910221595075,6083389
2006-01-04,13.293325424194336,13.380642983468789,13.145789668034158,13.347522768042202,6800586
2006-01-05,13.27826976776123,13.365587322024927,13.233106467921052,13.24816136151095,5612583
2006-01-06,13.272250175476074,13.302358584585615,13.15783324951308,13.302358584585615,3952571
2006-01-09,13.55828857421875,13.684748583313326,13.350533239543262,13.404730583573738,10671884
2006-01-10,13.624529838562012,13.738945375081963,13.495058027213119,13.510112921112515,7140759
2006-01-11,13.76002311706543,13.781098864721907,13.630551299936059,13.714858433350793,5290038
2006-01-12,13.769059181213379,13.832289201671935,13.693784689748457,13.7901349340796,5825224
2006-01-13,13.57936954498291,13.796157601515217,13.461942163179161,13.744972050460502,7781492
2006-01-16,13.57936954498291,13.591412635436376,13.446887264414837,13.564314646218584,2191145
2006-01-17,13.326446533203125,13.501081663461894,13.323436106482339,13.45892878472244,5675808
2006-01-18,13.028361320495605,13.169876212762853,13.019328660702088,13.121701106577767,7068650
2006-01-19,13.166865348815918,13.199986945004289,13.02535182734017,13.097614491794676,6623851
2006-01-20,12.898893356323242,13.196976710101,12.850718240946438,13.145791167861804,8087085
2006-01-23,12.84469223022461,12.889856905461563,12.706189159465703,12.745331601818528,7525947
2006-01-24,13.332468032836914,13.467960703610164,12.889859378140088,12.947067149190195,16570305
2006-01-25,13.645607948303223,13.766045739425191,13.46495195208516,13.473984613803085,13308817
2006-01-26,14.097250938415527,14.09725093841553,13.67571797191586,13.70281595752656,13842788
2006-01-27,14.121337890625,14.286938986017448,13.853362949286721,14.181556094150505,9254394
2006-01-30,14.247795104980469,14.289947977232918,14.015950855268311,14.049072448748246,5883420
2006-01-31,14.229730606079102,14.422431058678855,14.121337291956584,14.301993275804008,8427707
2006-02-01,14.47361946105957,14.482652123083591,14.127360972466187,14.139404061521606,6595160
2006-02-02,14.241774559020996,14.66932832750908,14.19359944761587,14.425442343869245,7996017
2006-02-03,14.301994323730469,14.473619039983356,14.127360561463558,14.301994323730469,6197817
2006-02-06,14.43146800994873,14.624167120465023,14.298985731614442,14.298985731614442,5564687
2006-02-07,14.36220932006836,14.551899299221251,14.229727101073635,14.452537289742871,6662037
2006-02-08,14.202632904052734,14.253818444939599,14.106282675844717,14.16650087800987,5398203
2006-02-09,14.413397789001465,14.434474917963255,14.244784900096036,14.350167783045725,5878888
2006-02-10,14.464583396911621,14.651261590336938,14.317046269407664,14.34414563003569,8176105
2006-02-13,15.054729461669922,15.054729461669922,14.431464810890267,14.470605881225069,11193891
2006-02-14,15.02462100982666,15.054730802855518,14.783745427455354,15.054730802855518,7378299
2006-02-15,15.081830024719238,15.160114933473686,14.868052429560485,14.994512454328474,9066221
2006-02-16,14.551898002624512,15.190217347293004,14.407371330721752,15.178174263509822,21277113
2006-02-17,14.554910659790039,14.750621503473187,14.50071332213352,14.527812681426497,10823830
2006-02-20,14.452540397644043,14.597065732574,14.356190174357403,14.554912855118507,6253087
2006-02-21,14.232742309570312,14.542868735122338,14.196610284507445,14.491683195623763,7256487
2006-02-22,14.31102466583252,14.314036473217945,14.003908692011388,14.091226249456527,9645182
2006-02-23,14.139402389526367,14.389310612405234,14.015952800959804,14.301993048591951,7621318
2006-02-24,14.202632904052734,14.298983132260751,14.061117988523566,14.13940289417501,4100537
2006-02-27,14.404365539550781,14.419420434820525,14.136391994166482,14.154457316118306,4726049
2006-02-28,14.000896453857422,14.437482803659833,14.000896453857422,14.332099939256816,7814579
2006-03-01,14.280916213989258,14.280916213989258,13.85637289576891,14.034018436561546,6721082
2006-03-02,13.931648254394531,14.380279200045532,13.808198655109214,14.286939393847344,8807957
2006-03-03,13.576356887817383,13.931648021326387,13.45892952529994,13.88949514026747,10107361
2006-03-06,13.826264381408691,13.919604181003747,13.708837025233915,13.754001711669526,7114756
2006-03-07,13.829273223876953,13.847339924939323,13.660660347134876,13.714857688462926,6075325
2006-03-08,13.636574745178223,13.940680328303646,13.609476761100309,13.838307864681976,6263219
2006-03-09,14.000896453857422,14.000896453857422,13.772064025865344,13.835294020693032,7310628
2006-03-10,14.220697402954102,14.220697402954102,13.86540630224774,13.928636308463217,6041785
2006-03-13,14.26887321472168,14.311026093958056,14.040042115213037,14.181555648562949,6098824
2006-03-14,14.338126182556152,14.419421518378028,14.15445837976497,14.15746880667327,5743597
2006-03-15,14.39833927154541,14.452536603147108,14.24779312288299,14.401351078313398,5752030
2006-03-16,14.38930892944336,14.440495843446252,14.235750949293696,14.401353396595631,5321615
2006-03-17,14.043052673339844,14.476628700503554,13.868417539388698,14.377268045460514,20482868
2006-03-20,13.904547691345215,14.118323868399388,13.880460137527173,14.109291208333813,6974721
2006-03-21,13.868416786193848,13.895514768571243,13.729913685826652,13.85336189122986,7085824
2006-03-22,14.142410278320312,14.229727826464302,13.729911470399529,13.76002125546906,9224107
2006-03-23,14.027996063232422,14.244784050321167,13.982831381407019,14.241773623904626,6180788
2006-03-24,14.106281280517578,14.124346601287215,13.865405733823815,13.985843507170696,8976242
2006-03-27,13.922614097595215,14.392320743224628,13.922614097595213,14.356190100143737,7883485
2006-03-28,13.93465805053711,14.133380742614683,13.880462082549363,13.976812311322766,5737204
2006-03-29,14.211663246154785,14.211663246154785,13.90153548187079,14.000897501576668,5924074
2006-03-30,14.32005786895752,14.341134997736198,14.112302531459184,14.298982121108459,5436213
2006-03-31,14.271882057189941,14.362211421007402,14.187576308075773,14.220696522437022,5366565
2006-04-03,14.488673210144043,14.512759386346543,14.305005414394648,14.341136059628118,6355814
2006-04-04,14.461573600769043,14.639219158999275,14.41640891406114,14.446518705199741,7381212
2006-04-05,14.729547500610352,14.825897720760786,14.633197280459918,14.783743463747768,10206844
2006-04-06,14.437485694885254,14.687393917246482,14.359200792190025,14.663306361104079,9686931
2006-04-07,14.118325233459473,14.479638575664458,14.091227250642723,14.446518358578542,8782855
2006-04-10,14.500712394714355,14.509745053591168,14.154454026766201,14.181552003396643,6848405
2006-04-11,14.247795104980469,14.494691485980152,14.21166308524303,14.48867063346514,10167214
2006-04-12,14.283928871154785,14.353181118604978,14.079183936650605,14.283928871154785,9042582
2006-04-13,14.385156631469727,14.475924729745316,14.115983162066234,14.475924729745316,7791643
2006-04-18,14.285000801086426,14.441497592272329,14.08468536772852,14.422718379270064,6606914
2006-04-19,14.378897666931152,14.466534938657796,14.244309498458179,14.45714533350851,5840204
2006-04-20,14.507225036621094,14.601122529128341,14.209881302264774,14.382027901444754,8976820
2006-04-21,14.526005744934082,14.704412578132791,14.428978852361272,14.454018281976865,9428714
2006-04-24,14.241181373596191,14.419586758280001,14.150413268423703,14.394548765991116,7214598
2006-04-25,14.335079193115234,14.45088672869565,14.24431108589004,14.303780984296287,7797443
2006-04-26,14.607383728027344,14.648072979136069,14.216142474828198,14.39454930165108,9681841
2006-04-27,14.031479835510254,14.773273247710382,13.871853623087507,14.601126600528769,21738358
2006-04-28,13.602678298950195,14.04712931854062,13.493130957234369,14.022089885134134,14024791
2006-05-02,13.49000072479248,13.702835177719656,13.414882429259304,13.521300373473046,8477910
2006-05-03,13.327241897583008,13.599546220375013,13.27403365042255,13.521298544756675,9218289
2006-05-04,13.546337127685547,13.546337127685547,13.314722070031953,13.39609913081563,7420753
2006-05-05,13.580766677856445,13.643364529729793,13.439919716766319,13.511907174645664,5909605
2006-05-08,13.633975982666016,13.705964881636769,13.583897123077714,13.646496415313186,5555854
2006-05-09,13.73413372039795,13.818641616629858,13.583897141430068,13.63397600108603,5652555
2006-05-10,13.89688777923584,14.106592780049782,13.89688777923584,14.015824686772126,12219022
2006-05-11,13.70909595489502,14.015829366401173,13.674666914139282,13.890632202061964,7943051
2006-05-12,13.145706176757812,13.646496200248727,13.120666747358275,13.583896908999801,15864873
2006-05-15,12.917223930358887,13.223957347073668,12.691869030721568,13.004862664634706,14817832
2006-05-16,13.02676773071289,13.130056262159076,12.81706271332215,12.842102139809104,7789300
2006-05-17,12.482161521911621,13.161355479208149,12.457122093502072,13.073718197524776,14515230
2006-05-18,12.754465103149414,12.84523321551381,12.397654305510304,12.579189094738904,13348222
2006-05-19,12.66995620727539,12.885921451461906,12.56353828026318,12.676216423099655,8325472
2006-05-22,12.403911590576172,12.623007651294284,12.24428542446013,12.594837399009089,11621652
2006-05-23,12.738816261291504,12.864013419799273,12.45399290512387,12.469642729374877,10292139
2006-05-24,12.657439231872559,12.820194820786675,12.444603343869133,12.629268973916053,9937618
2006-05-25,12.90783405303955,12.926613268742475,12.613619641358737,12.73881680521216,5216718
2006-05-26,12.995471000671387,13.076849513863765,12.807675977689321,12.942262745776544,6976454
2006-05-29,12.92661190032959,13.01425062349972,12.889053472899683,13.01425062349972,2627155
2006-05-30,12.638657569885254,12.926611730226206,12.488420991142199,12.860883047588596,8158853
2006-05-31,12.832715034484863,12.889054113931934,12.410174091882249,12.551021072749787,8619921
2006-06-01,12.766983032226562,12.87965972635916,12.582317453300982,12.754462602045216,6661090
2006-06-02,12.720035552978516,12.970429840596193,12.594838409169677,12.864011909483647,9032241
2006-06-05,12.522851943969727,12.738815778141928,12.441473435151075,12.720036563953084,5570622
2006-06-06,11.997020721435547,12.372612823479752,11.906252624126946,12.31627375696063,17070198
2006-06-07,12.009543418884277,12.043972458230138,11.699679911521075,11.997023702963041,13809972
2006-06-08,11.737239837646484,12.00015315559998,11.674640539966887,11.70906957949054,13429691
2006-06-09,11.94068431854248,11.987633790364828,11.865566024926885,11.95320403414508,7974811
2006-06-12,11.85617446899414,12.00954113935633,11.774795972077463,11.940682355984524,5880473
2006-06-13,11.627691268920898,11.821746499223268,11.546313477495747,11.643341092646933,11366177
2006-06-14,11.599519729614258,11.627689263913712,11.324086037630703,11.596389621858762,13416395
2006-06-15,11.599519729614258,11.599519729614258,11.599519729614258,11.599519729614258,0
2006-06-16,11.599519729614258,11.599519729614258,11.599519729614258,11.599519729614258,0
2006-06-19,11.705940246582031,11.80922736566277,11.621432342697732,11.705940246582031,7426564
2006-06-20,11.890607833862305,11.899997443004333,11.596394099493093,11.612043926563327,7642901
2006-06-21,11.865564346313477,11.903123487807807,11.602650355853159,11.893733881871732,8210315
2006-06-22,11.899992942810059,12.025190076525838,11.796705845807043,12.018930578715054,8177561
2006-06-23,11.840523719787598,11.987630880724861,11.818614402238417,11.92503160015584,6991943
2006-06-26,11.809225082397461,11.946942650044974,11.793575978676172,11.918773114946617,6069332
2006-06-27,11.680898666381836,11.931292941288193,11.646469633019718,11.903123405923722,6817207
2006-06-28,11.583871841430664,11.671510566707612,11.496233833903839,11.583871841430664,6867464
2006-06-29,11.8937349319458,11.915644253647649,11.637080416866675,11.699678991550597,6407080
2006-06-30,12.090919494628906,12.14412773825877,11.943812323887492,12.050230246647239,8577692
2006-07-03,12.13473892211914,12.191077994951419,12.053360420861418,12.097179061730918,3755639
2006-07-04,12.0502290725708,12.125347345641115,11.946941267661632,12.112826915712791,4098873
2006-07-05,11.88747501373291,12.125350321247675,11.787317291726742,11.993892952239522,8094434
2006-07-06,12.056490898132324,12.159777999089426,11.909383722072146,11.946942863624738,6648876
2006-07-07,12.034582138061523,12.125350252552906,11.950074240035118,12.00954270770184,4970280
2006-07-10,12.125349044799805,12.1347386508119,11.874954048393608,12.043970545361534,4998353
2006-07-11,11.903124809265137,12.07527143187133,11.865565663601076,11.997023032300342,6262909
2006-07-12,12.084661483764648,12.234898071952072,11.99702347398865,12.018932796995115,8083327
2006-07-13,11.925034523010254,12.00641303349608,11.884345985517477,11.987633818922513,6691407
2006-07-14,11.752888679504395,11.903125267949976,11.746629180527565,11.79670804334276,5987271
2006-07-17,11.759148597717285,11.831136781749121,11.59326218941556,11.802967242693143,6462801
2006-07-18,11.602653503417969,11.781059653351523,11.518145591567949,11.68716141526799,7195610
2006-07-19,12.006412506103516,12.03771215268478,11.674639697542624,11.737238990705151,10457870
2006-07-20,11.943816184997559,12.081533794648168,11.909387141460027,12.065883968403748,6438495
2006-07-21,11.787315368652344,12.034580242826939,11.64959852336206,11.981371282254559,8880134
2006-07-24,12.069011688232422,12.094051119656138,11.831137089707115,11.887475451535407,5980891
2006-07-25,12.12847900390625,12.256806974924828,12.053360716785674,12.144128826493889,7242990
2006-07-26,12.162906646728516,12.328793024563076,11.997020986643944,12.112827794382232,7889317
2006-07-27,12.382000923156738,12.945387213347548,12.228633562696634,12.316272259459518,18721028
2006-07-28,12.663697242736816,12.685607282536614,12.350705082098122,12.410173549554466,7265189
2006-07-31,12.648048400878906,12.738815076290905,12.572930112761961,12.660567397814983,5274265
2006-08-01,12.400784492492676,12.723167709840236,12.325666198348607,12.61361894148406,7546022
2006-08-02,12.432085990905762,12.485294252197713,12.291238988985343,12.45399459943751,6872516
2006-08-03,12.331927299499512,12.482163898562428,12.187949482105594,12.482163898562428,6448576
2006-08-04,12.441473007202148,12.525980903645378,12.331925680868325,12.441473007202148,5973957
2006-08-07,12.266197204589844,12.331925888597365,12.187948087676025,12.26932659506631,5272696
2006-08-08,12.338183403015137,12.441471939638593,12.306885194962641,12.32879379704938,4090132
2006-08-09,12.557279586791992,12.613617223099817,12.278715053436267,12.428951621257305,6581316
2006-08-10,12.479031562805176,12.504070992953643,12.313145158634061,12.413302879227926,5341722
2006-08-11,12.488421440124512,12.59797020545914,12.388263717361616,12.500941873219993,3714408
2006-08-14,12.648048400878906,12.673087830251221,12.516591037799213,12.58231971933906,4190152
2006-08-15,12.754465103149414,12.817064395331833,12.522851454374953,12.55102027455693,5173581
2006-08-16,12.776374816894531,12.8702723172749,12.688737532672896,12.798284855700016,5044332
2006-08-17,12.936002731323242,12.970431771558752,12.735687271407299,12.77950735488917,5815367
2006-08-18,12.961040496826172,13.130057721017327,12.876532602480674,12.910961638288088,8072681
2006-08-21,12.851494789123535,12.998601992888576,12.623010506627093,12.917223478656837,7364348
2006-08-22,12.882794380187988,12.94226285247258,12.78576604169715,12.94226285247258,4901627
2006-08-23,12.8076753616333,12.954781120943313,12.73255706895364,12.88592304486202,3867553
2006-08-24,12.817063331604004,12.889052224539165,12.654306333837573,12.779504907811793,6084325
2006-08-25,12.763855934143066,12.82019501541106,12.666829031654084,12.785765975608488,4479360
2006-08-28,12.817063331604004,12.864011361344268,12.632397731792139,12.713776230675354,3175041
2006-08-29,12.817063331604004,12.914091652233996,12.710645405025957,12.801413509857227,3920132
2006-08-30,12.813936233520508,12.907833745296823,12.795155582764984,12.873404705495519,4313401
2006-08-31,12.895312309265137,12.92661195592481,12.795154588354345,12.885922702367276,5022645
2006-09-01,12.904703140258789,13.03928989609034,12.86714327778244,12.895312098014559,4864692
2006-09-04,12.936002731323242,13.001731421045704,12.917223515831209,12.973562597807653,2024388
2006-09-05,12.92661190032959,12.951651330449598,12.826454179849561,12.864012607279468,3271239
2006-09-06,12.704384803771973,12.89531061358981,12.657436775456128,12.864010971045897,5945095
2006-09-07,12.57918930053711,12.644917984203909,12.472772798886302,12.638657767783211,7920238
2006-09-08,12.5635404586792,12.676218621053154,12.507202812992544,12.54789063415502,4496922
2006-09-11,12.51659107208252,12.53537028528815,12.378873492407491,12.491551642641621,6128797
2006-09-12,12.720035552978516,12.785764232915671,12.475901481426313,12.547888941928813,7915426
2006-09-13,12.973560333251953,13.064328439620189,12.770114082598976,12.801413726622524,9707435
2006-09-14,12.98608112335205,13.120667888643913,12.870273572868289,12.951652084370439,8238369
2006-09-15,12.263067245483398,13.033030858642551,11.906255697184225,13.02677064174687,46920409
2006-09-18,12.15977668762207,12.184816112623224,12.034579562616306,12.184816112623224,10592847
2006-09-19,12.150389671325684,12.28184703946372,12.040842343044062,12.119090024530871,11582709
2006-09-20,12.322535514831543,12.366355596881201,12.144130102487527,12.150390319280376,7762998
2006-09-21,12.356964111328125,12.410172357229582,12.222375930489,12.300625039755941,6680265
2006-09-22,12.250547409057617,12.310015876747185,12.144129471113022,12.253676799541196,7453888
2006-09-25,12.297497749328613,12.360095611930397,12.212988409790706,12.216119235996004,6775037
2006-09-26,12.363224029541016,12.447731926927087,12.300626171866234,12.394523676128513,5811177
2006-09-27,12.457122802734375,12.522851485489149,12.403913117147077,12.419562940231565,6219161
2006-09-28,12.369483947753906,12.504070702235257,12.294365659055,12.488420879318797,5479534
2006-09-29,12.335054397583008,12.463382365950977,12.306885578807172,12.363223216358845,4778918
2006-10-02,12.319406509399414,12.425824456204259,12.122220440511056,12.425824456204259,6981978
2006-10-03,12.266197204589844,12.303755632308302,12.17855848074641,12.303755632308302,4360020
2006-10-04,12.410172462463379,12.413301852660561,12.075270291361235,12.112828715727787,7980489
2006-10-05,12.444600105285645,12.551018021593153,12.43208111039649,12.47589974575843,6610733
2006-10-06,12.463383674621582,12.500942103599712,12.378874338420257,12.463383674621582,3976676
2006-10-09,12.482161521911621,12.482161521911621,12.303754697306003,12.363223160341173,3948946
2006-10-10,12.466512680053711,12.504071107871484,12.369484349024093,12.457123073099268,5874979
2006-10-11,12.428953170776367,12.494681856829983,12.341315879705052,12.425823780202485,5070267
2006-10-12,12.673089027404785,12.720037064725183,12.378874627862222,12.425824100682922,13127323
2006-10-13,12.754465103149414,12.848364041423043,12.63865756101209,12.73881528010381,8764121
2006-10-16,12.738816261291504,12.776376126593984,12.64178936063567,12.698128440839241,4724752
2006-10-17,12.679346084594727,12.707516338656715,12.591708803179909,12.613617405783561,6147860
2006-10-18,12.857752799987793,12.982949940593803,12.679345977436668,12.691866409247316,8575862
2006-10-19,12.989211082458496,13.054938329899555,12.77637521050584,12.810804247189317,7608787
2006-10-20,12.961040496826172,13.114407898286656,12.93287167721106,12.989210751941444,8451402
2006-10-23,13.04241943359375,13.083108686943598,12.810804346294713,12.99546996384388,6318738
2006-10-24,12.98608112335205,13.073719851623666,12.898443830580728,12.954781475005026,6200508
2006-10-25,13.530689239501953,13.756044113752141,12.895312435206087,12.895312435206087,33273125
2006-10-26,13.568246841430664,13.671535383028143,13.427399874161477,13.612065483214371,12649880
2006-10-27,13.543207168579102,13.577636203324838,13.443049454591462,13.543207168579102,7208068
2006-10-30,13.568246841430664,13.674664773334072,13.405491271019693,13.486868338475109,7849107
2006-10-31,13.990787506103516,14.122244864726659,13.552596789193073,13.577636217716524,23514660
2006-11-01,14.300650596618652,14.34760006453538,14.006437663307551,14.031477092429776,15173123
2006-11-02,14.069037437438965,14.388291278920008,14.028348180127646,14.16293638608063,14259460
2006-11-03,14.285000801086426,14.37889973709806,14.109724796898258,14.134764226067997,10082483
2006-11-06,14.522876739501953,14.554176386226148,14.21614335970533,14.250572396901855,8798293
2006-11-07,14.378897666931152,14.569822030799902,14.115982980751328,14.522874005053465,10080394
2006-11-08,14.513487815856934,14.557306462033589,14.20049420488018,14.331951578910427,8009077
2006-11-09,14.419588088989258,14.676242606386433,14.272482334341037,14.554176281837929,11323065
2006-11-10,14.388286590576172,14.416455404689811,14.178581590841624,14.344466521288451,8098145
2006-11-13,14.519747734069824,14.563566379345565,14.222403953305339,14.319430851023034,8046295
2006-11-14,14.557304382324219,14.610512628258613,14.444626239110105,14.485315488854086,8683059
2006-11-15,14.867166519165039,14.895336771574629,14.585474043569299,14.59486364920582,12923307
2006-11-16,15.151992797851562,15.414907549340128,14.835869792133312,14.835869792133312,17201465
2006-11-17,14.757619857788086,15.130081887152006,14.713801217715885,15.054963603242483,12254065
2006-11-20,14.792052268981934,14.823351919965278,14.538528541217831,14.701284142430481,7807251
2006-11-21,14.660595893859863,14.792053288651413,14.5917378053502,14.74510524444051,6038974
2006-11-22,14.669981956481934,14.83273896507067,14.572955064900338,14.69502282134189,7012749
2006-11-23,14.519747734069824,14.757621610281209,14.494708303126506,14.707542748394575,5578761
2006-11-24,14.253700256347656,14.522875179562652,14.015826411994944,14.457146502702017,13683534
2006-11-27,13.84994125366211,14.194233054694882,13.802991784453017,14.187974273867155,11385276
2006-11-28,13.759172439575195,13.828030509170626,13.618325474629922,13.784211868109907,12163878
2006-11-29,13.89688777923584,13.968875227507857,13.790469866203427,13.874977744479203,8516362
2006-11-30,13.721613883972168,14.112855130542197,13.684054023777394,13.912538268670247,9511543
2006-12-01,13.587024688720703,13.874978810430632,13.399229708235964,13.73413185731708,11763788
2006-12-04,13.756043434143066,13.815511899139112,13.640235894492816,13.693444143305026,7316835
2006-12-05,13.881239891052246,13.959487565214287,13.696574289049764,13.83429042525497,7593569
2006-12-06,13.853072166442871,13.950100505937732,13.746655654674715,13.818643126106073,5382907
2006-12-07,13.884367942810059,13.990785860392,13.787339630382414,13.818639271230033,5924230
2006-12-08,13.915670394897461,13.925060001948642,13.69031551916837,13.881241357209712,9131646
2006-12-11,14.131635665893555,14.228662562438515,13.965749258461566,14.012698729225416,9653913
2006-12-12,14.162932395935059,14.22240085202043,14.062774694001815,14.097203724603874,5422038
2006-12-13,14.26622200012207,14.341340289800856,14.141024850657427,14.197363926791565,7985328
2006-12-14,14.372638702392578,14.491575625300204,14.306910025127818,14.325689237060585,7833028
2006-12-15,14.460274696350098,14.554173618667265,14.41958545044598,14.482184731990758,17385571
2006-12-18,14.460274696350098,14.61364207483484,14.41958545044598,14.428976491077652,5611497
2006-12-19,14.48531723022461,14.594865996435683,14.272482785400795,14.397679939856054,7558058
2006-12-20,14.654333114624023,14.813959292403652,14.616773253999341,14.629293686040942,7694467
2006-12-21,14.56043529510498,14.76701095559942,14.522876867106117,14.669982624101971,4456502
2006-12-22,14.428979873657227,14.685634404258332,14.41333004960225,14.597995676650521,3488296
2006-12-27,14.682503700256348,14.757621995044797,14.566696149686617,14.58547680000895,3642979
2006-12-28,14.695022583007812,14.77327026017553,14.597994257499726,14.710672405541384,2697886
2006-12-29,14.64807415008545,14.738842265891558,14.613645112279727,14.738842265891558,2031074
2007-01-02,14.898468017578125,14.961065874786332,14.773270867661509,14.773270867661509,4680909
2007-01-03,14.867166519165039,14.94228479975724,14.751358990481226,14.882816340392583,5474435
2007-01-04,14.757619857788086,14.80456932354407,14.616772896020219,14.760749247971784,6357571
2007-01-05,14.751358985900879,14.91098658817226,14.623032461574887,14.751358985900879,7139019
2007-01-08,14.660595893859863,14.89847124803031,14.569827761051437,14.795184115265814,4940122
2007-01-09,14.701281547546387,14.770141054655618,14.629294085591503,14.710672589584131,4608603
2007-01-10,14.491578102111816,14.607385654657122,14.397680590899519,14.554177399920228,7188039
2007-01-11,14.72319221496582,14.729452431424832,14.391419404141093,14.494707951464006,8914895
2007-01-12,14.644943237304688,14.795179806022704,14.557304521135798,14.738840733878424,5369774
2007-01-15,14.72319221496582,14.760750642719447,14.648073923958348,14.663723747355766,4258083
2007-01-16,14.619904518127441,14.757620661713652,14.554175836688508,14.679372983357865,5561947
2007-01-17,14.579215049743652,14.707541584863492,14.450887079123671,14.688762372016713,6003996
2007-01-18,14.710671424865723,14.820218739797694,14.632422317414283,14.673111566189023,7883948
2007-01-19,15.280320167541504,15.349178243300944,14.876558449087913,14.914118313002309,19665518
2007-01-22,15.183290481567383,15.630870805107945,15.105042805679224,15.38360590992118,11577130
2007-01-23,15.258406639099121,15.34291451921199,15.08626005355444,15.18015897412422,8544324
2007-01-24,15.57453441619873,15.58392402408355,15.377349779616784,15.377349779616784,10354327
2007-01-25,15.223979949951172,15.593311167381476,15.173901092147059,15.587052386781064,9297580
2007-01-26,15.117563247680664,15.208331364269869,15.004886526208026,15.142602678619056,7433839
2007-01-29,15.258406639099121,15.34291451921199,15.089390878873383,15.155119549072262,5123963
2007-01-30,15.17077350616455,15.274060624357311,15.064355561799085,15.133213640594258,6001672
2007-01-31,14.917247772216797,15.13947325969115,14.879689343629725,15.06748435756559,8469585
2007-02-01,15.098782539367676,15.198940253210907,14.957935574838118,15.036184685965713,7660264
2007-02-02,15.186421394348145,15.22397981962965,14.982975139072904,15.02992460617491,6938329
2007-02-05,15.101911544799805,15.195809031334846,15.02992265833964,15.120690755006825,4770654
2007-02-06,15.173898696899414,15.258406576666504,15.029922362314739,15.054961787264244,6873383
2007-02-07,15.117563247680664,15.220851797489193,15.083134209577906,15.211462190324827,6535065
2007-02-08,15.023664474487305,15.189550869912383,14.845259082398139,15.039314296942516,6056181
2007-02-09,15.508805274963379,15.580794180656158,15.245891955325135,15.302229600997409,16969180
2007-02-12,15.392995834350586,15.705989415372821,15.264669298721556,15.518192979659451,11805405
2007-02-13,15.411779403686523,15.461858271301256,15.267801582668849,15.389869360792419,10169003
2007-02-14,16.119142532348633,16.300678772415335,15.508805124003676,15.508805124003676,41784620
2007-02-15,16.7200870513916,17.192706814411594,16.60427951225756,16.87032362613304,36496492
2007-02-16,16.939180374145508,17.058118729816734,16.479081079377984,16.745125172471457,18219699
2007-02-19,17.552648544311523,17.634027048374524,17.414930965474127,17.430580788217025,20325491
2007-02-20,17.36798667907715,17.599601808831906,17.170800592583156,17.59021076476036,14204657
2007-02-21,16.882844924926758,17.339814927615024,16.826507278342174,17.233398415955023,13027422
2007-02-22,16.66687774658203,16.948571689507393,16.541680598115224,16.860934403330717,10269704
2007-02-23,16.83902359008789,16.929791697992002,16.49786119675869,16.6825282383223,10761792
2007-02-26,16.801464080810547,17.054987740130795,16.69191676744377,17.042468744417462,10381754
2007-02-27,16.20677947998047,16.682530111198748,16.162960833986777,16.623060205671255,13738867
2007-02-28,16.09096908569336,16.43839167261351,15.665298827939852,15.88752428022662,21830493
2007-03-01,15.937604904174805,16.466562318436495,15.687210607098233,16.197388807954226,19240188
2007-03-02,15.915693283081055,16.178607986631672,15.815535574204635,16.1754785965418,12110773
2007-03-05,15.793628692626953,15.959515095457371,15.493154097773587,15.524453744081258,15949113
2007-03-06,16.275638580322266,16.35075543697889,15.884397295901062,16.056542484906227,14618952
2007-03-07,16.38518524169922,16.569850856278887,16.297546520008762,16.40083506469752,10452210
2007-03-08,16.369537353515625,16.47908469195162,16.188001107878677,16.400837003211723,10469712
2007-03-09,16.53542137145996,16.572979797237195,16.294416687722226,16.294416687722226,8377677
2007-03-12,16.629323959350586,16.660623614074893,16.37580020128509,16.588634695309104,7524675
2007-03-13,16.44778060913086,16.804592787194874,16.441520393778866,16.77642397136086,9457264
2007-03-14,16.119142532348633,16.40396589064278,16.087842883612932,16.259988080658676,16049611
2007-03-15,16.90162467956543,16.926664110775153,16.32258693565289,16.35075575745123,18582052
2007-03-16,16.90475082397461,17.089416414247893,16.66374616542304,16.82337232929486,25219708
2007-03-19,17.643415451049805,17.68410470030494,17.080027612748037,17.136366683678226,13638554
2007-03-20,17.778003692626953,17.787393299323035,17.580817645508677,17.668456367172418,10702475
2007-03-21,17.84060287475586,18.109777840545526,17.68410750419244,17.774875622999385,12212693
2007-03-22,18.269397735595703,18.3945948501625,18.059692748133795,18.109771593960513,17007227
2007-03-23,19.40557098388672,19.486948066022705,18.313224084037643,18.328873909390826,31398598
2007-03-26,18.851572036743164,19.696653966608622,18.726374873300173,19.217773919251457,16467606
2007-03-27,19.38052749633789,19.746729313597907,19.145781600645492,19.336707420315253,16250484
2007-03-28,18.9830265045166,19.558933367988388,18.94233725320336,19.28037026038252,12115048
2007-03-29,19.155176162719727,19.17082455217506,18.970509089542723,19.092576862896937,9190810
2007-03-30,19.2177734375,19.374270246755763,19.067536845134544,19.186473788548785,7395108
2007-04-02,19.468162536621094,19.558930632934835,19.255328138937095,19.424343901142027,11152399
2007-04-03,19.40557098388672,19.655965318536833,19.17395586546026,19.59962623436546,14104715
2007-04-04,19.12387466430664,19.618403056004325,19.0143273357059,19.530765767323825,14257597
2007-04-05,19.412019729614258,19.49264722593629,19.28623941535892,19.31849100555147,7714483
2007-04-10,20.102191925048828,20.20862037889064,19.88288292547536,20.157018435362655,12012810
2007-04-11,19.99254035949707,20.269901956036676,19.953839635750654,20.15702139373794,8742137
2007-04-12,19.760332107543945,19.966739917464917,19.37009289659685,19.950614122419925,17111038
2007-04-13,19.60875129699707,19.847409205682446,19.434593606884924,19.83450945779965,9810662
2007-04-16,19.66035270690918,19.692604296895784,19.415244172993365,19.624876549587643,9955228
2007-04-17,19.718399047851562,19.795801951887317,19.457164801415463,19.55391806167044,8813247
2007-04-18,19.495868682861328,19.64422538241404,19.402339973720398,19.640999336413874,7642003
2007-04-19,19.15723419189453,19.286239071203347,18.68636601262753,19.26366266263956,15868986
2007-04-20,19.35074234008789,19.560376210434793,19.0669315825993,19.244313860714456,13720294
2007-04-23,19.118534088134766,19.418470650361947,19.108858906018984,19.286241189233607,7206805
2007-04-24,18.863750457763672,19.14111061056169,18.62509103365399,19.118534199387174,11478434
2007-04-25,19.121755599975586,19.347513740227676,18.75409137097476,18.802467270080708,8661458
2007-04-26,19.479745864868164,19.50877140614319,19.189484535481036,19.315263360165368,9357812
2007-04-27,19.22173500061035,19.511996335384882,19.144332076614425,19.399117256119062,8851352
2007-04-30,19.30881118774414,19.41201655531578,19.14755622146886,19.14755622146886,6081116
2007-05-02,19.347517013549805,19.412020195482913,19.20561090079259,19.35074158098271,8108207
2007-05-03,19.1798038482666,19.495866085469206,19.079826018763374,19.44103958152095,8904996
2007-05-04,19.711956024169922,19.75710736239396,19.0798313723961,19.0798313723961,11114484
2007-05-07,19.424915313720703,19.866757862986592,19.35396301383591,19.705501425754683,6061108
2007-05-08,19.07015609741211,19.43781889434567,18.98307650954962,19.366866580462982,9410945
2007-05-09,18.915348052978516,19.315262393269382,18.78311714241786,19.228184294644098,7441919
2007-05-10,19.047576904296875,19.228183709060666,18.876645279179115,18.934697836214394,10584635
2007-05-11,19.547470092773438,19.621648440521483,18.676687674427658,18.883095446430158,13341822
2007-05-14,19.899011611938477,21.07295673752432,19.695829854219653,20.253776134661464,55382111
2007-05-15,20.492433547973633,20.77624277207513,20.06026614045738,20.06026614045738,33493648
2007-05-16,20.58918571472168,20.70851539340455,20.32149933979796,20.350526357355943,16780869
2007-05-17,20.66659164428711,20.698843233318772,20.469859022016966,20.640790668893636,8419559
2007-05-18,20.76979637145996,20.866549663241607,20.59241410389416,20.656917284521484,19013377
2007-05-21,20.979427337646484,21.172935387340324,20.579512969656722,20.8407472836262,15902195
2007-05-22,21.08908462524414,21.218089515631192,20.879452233049975,20.97943009862529,9763721
2007-05-23,21.87923812866211,21.93084008096057,21.095533663024174,21.124559206507307,20484968
2007-05-24,21.282590866088867,21.76958484001147,21.20841250582485,21.669605503893788,12582959
2007-05-25,21.67282485961914,22.06306545004085,21.089077736406313,21.2213086303339,15916258
2007-05-29,21.711530685424805,21.763132633355237,21.44707033249152,21.72120586576686,8585091
2007-05-30,21.79538345336914,21.79538345336914,21.359992927958945,21.479322621340778,9960814
2007-05-31,21.979215621948242,22.088870131172683,21.72120588210203,21.866336545660424,13956722
2007-06-01,22.075963973999023,22.20819486061133,21.821178858121698,21.979210712956053,11075232
2007-06-04,21.82762908935547,21.975985763414496,21.682498460742238,21.93083296044409,9012126
2007-06-05,21.58574867248535,21.924385874264924,21.47932021799554,21.82763259935063,8574531
2007-06-06,20.88912582397461,21.67928090231036,20.80527228181963,21.58575217900816,14614503
2007-06-07,20.79882049560547,21.205186955838307,20.489208799709537,21.1406837796137,12873517
2007-06-08,20.9149227142334,21.134230228765727,20.50210717708169,20.64078721169871,15568289
2007-06-11,21.385793685913086,21.41481922759303,21.037479789957615,21.172935276115812,11181433
2007-06-12,21.40836524963379,21.65347520888241,21.30838741345366,21.43739226591109,10803741
2007-06-13,21.501893997192383,21.569621729767995,21.156806201047324,21.32128720337709,9151551
2007-06-14,21.9501895904541,21.9501895904541,21.65670368305431,21.769584243585864,11676835
2007-06-15,22.24690055847168,22.46620957708152,21.872787174999697,21.97599107101393,38618038
2007-06-18,22.163043975830078,22.408153934741723,22.10821746829567,22.366227172855822,8761890
2007-06-19,22.175949096679688,22.33397951380216,22.001792885294225,22.043718175386886,5808416
2007-06-20,22.311403274536133,22.41460716842941,22.011466773013904,22.301728094378536,7207786
2007-06-21,21.808284759521484,22.272702307751125,21.650254342933618,22.140472866064908,11789559
2007-06-22,21.83408546447754,21.982440698538003,21.59220151266004,21.924388135937217,7954880
2007-06-25,21.608325958251953,21.747006003084824,21.28903762345169,21.65992790419717,8231724
2007-06-26,21.59220314025879,21.72120802289633,21.318067579759095,21.398695076722802,8917245
2007-06-27,21.289037704467773,21.495445489034122,21.12455668603636,21.430943795936713,12514582
2007-06-28,21.80183219909668,21.84698353135272,21.46319498843768,21.50189570775454,7939402
2007-06-29,22.121126174926758,22.14370258790581,21.559955209975065,21.850216614976134,8259234
2007-07-02,22.066293716430664,22.140472071294862,21.6405769062557,21.95663920724509,7678566
2007-07-03,22.127573013305664,22.253353328447716,22.053394651171732,22.253353328447716,6856326
2007-07-04,21.998565673828125,22.24690022983885,21.872786851893302,22.098545001299712,4675407
2007-07-05,21.76312828063965,22.156593424704365,21.68894994064092,22.156593424704365,7213137
2007-07-06,22.021142959594727,22.163047580603802,21.650254133860084,21.66960449505964,7606925
2007-07-09,22.23077392578125,22.414606783092804,21.979214808530816,21.992114555466127,7006596
2007-07-10,22.066293716430664,22.89837549692959,21.982440181220564,22.543612474556586,15365263
2007-07-11,21.72443199157715,21.866338098147352,21.305165764769797,21.769584808625442,18474934
2007-07-12,22.363004684448242,22.363004684448242,21.753455036724993,21.93083727977902,8815418
2007-07-13,22.172718048095703,22.608109957492815,22.027588890788927,22.575858376242895,7537589
2007-07-16,22.31785011291504,22.372678100380703,22.03726547972819,22.175945512987717,6486791
2007-07-17,22.0275936126709,22.3178534686641,21.898588739176393,22.3178534686641,6521900
2007-07-18,21.347089767456055,21.73087978764763,21.3374145876743,21.66637661689044,14845551
2007-07-19,21.53091812133789,21.74055191773287,21.37611378738616,21.45996582678524,9539518
2007-07-20,20.998777389526367,21.543822378574305,20.866546481069452,21.463194894245277,17321432
2007-07-23,21.572853088378906,21.572853088378906,20.834298460586893,20.966529391669564,11276962
2007-07-24,21.20196533203125,21.618007059647717,20.998783538692557,21.366446394890023,11707180
2007-07-25,21.58574867248535,22.108218723677073,20.40857914369101,20.963299300414775,33203959
2007-07-26,21.10198402404785,22.311406885173486,20.963303954081173,21.92761678796473,21529374
2007-07-27,21.037479400634766,21.737331746727715,20.479533151500277,20.640789609220597,17715955
2007-07-30,20.853647232055664,21.19550901626256,20.553710734872165,21.10198030387982,12444916
2007-07-31,21.572853088378906,21.856662355110014,21.230989774675535,21.334193682272073,14234628
2007-08-01,21.185834884643555,21.46642103567681,20.856872831128168,20.966527342019706,12539227
2007-08-02,21.44062042236328,21.524473960290045,21.19873646840159,21.253562985191035,8377499
2007-08-03,21.195510864257812,21.672829647805642,21.16970988890818,21.514799228473876,11647443
2007-08-06,20.70206642150879,20.93105061755702,20.489208018902183,20.85042165034889,13440476
2007-08-07,20.676267623901367,20.966528978080735,20.479534994031322,20.879450867658793,11617989
2007-08-08,20.82139778137207,20.8826749138746,19.908688449241932,20.805271986635724,18817703
2007-08-09,20.2086238861084,20.882675314899096,20.034467666266316,20.708519095057017,12296787
2007-08-10,19.376543045043945,19.931264802808577,19.15723547510868,19.89901321103123,26159834
2007-08-13,20.140892028808594,20.211844323994946,19.576495275450625,19.624871168005445,11019478
2007-08-14,20.166696548461914,20.573061513262083,19.82483327814405,19.918361992428704,10929269
2007-08-15,20.19249725341797,20.40535566837237,19.860310622559908,19.963514523245767,9206694
2007-08-16,19.253984451293945,19.76032870778486,19.131430205028625,19.70550219739224,23091942
2007-08-17,19.395889282226562,20.244096730051954,18.625084744801853,18.847618297098677,27538423
2007-08-20,19.15723419189453,19.573274372980716,19.060480902202748,19.505546626448677,10029808
2007-08-21,19.550697326660156,19.550697326660156,18.912122133855867,19.344289542115533,11173604
2007-08-22,20.256999969482422,20.36665448125309,19.77645663296551,19.86676078358819,13465428
2007-08-23,20.34407615661621,20.88912261780781,20.34407615661621,20.54725936700017,9856537
2007-08-24,20.337627410888672,20.440831308972495,20.028015716637203,20.244100172514536,5612227
2007-08-27,20.356979370117188,20.660140452720317,20.327952349136954,20.479533630018143,4435953
2007-08-28,20.211849212646484,20.640790612281414,20.08929347049416,20.302151886696322,9691472
2007-08-29,20.402124404907227,20.769788550218063,19.911906037545705,19.94738218186781,25124369
2007-08-30,20.563385009765625,20.743991813516647,20.3118244237431,20.64078792565892,10774059
2007-08-31,21.02135467529297,21.111658828703096,20.56016316484755,20.73431937887366,12682009
2007-09-03,21.618003845214844,21.79538463213856,21.301941516933493,21.318067311955527,9581523
2007-09-04,21.88568687438965,21.93083820900698,21.559949393414726,21.614775908367257,10157690
2007-09-05,21.618003845214844,21.975992944721618,21.543825483945348,21.83408683602331,10872196
2007-09-06,21.901813507080078,21.9469648434272,21.418044117672043,21.863111305097362,10465703
2007-09-07,21.169708251953125,22.05016739215205,21.01812845796955,21.9308377054923,14527925
2007-09-10,20.602087020874023,21.24388679344562,20.57628604729063,21.160033259509795,12630554
2007-09-11,20.808496475219727,20.95685319456928,20.647240007625467,20.82139770262373,8088871
2007-09-12,20.808496475219727,20.824622269895084,20.49566020016386,20.802047340677024,8356580
2007-09-13,21.00522804260254,21.237436811757835,20.52791075669627,20.65691562844921,9373534
2007-09-14,21.056825637817383,21.17615530441242,20.711737862119865,20.927820792736117,8873974
2007-09-17,21.01167869567871,21.234212284767885,20.802046333368818,21.114882593276054,8530469
2007-09-18,21.25033950805664,21.25033950805664,20.856874252210705,20.96330272408212,11888004
2007-09-19,21.637353897094727,21.769584822714243,21.40836968189068,21.753457548764295,13888505
2007-09-20,21.54060173034668,21.608329480334053,21.340643047847053,21.52770050217795,7533002
2007-09-21,21.9276123046875,22.243674586052087,21.495444908062815,21.537371673064566,24405220
2007-09-24,22.20820426940918,22.246904998558893,21.688958639480877,21.688958639480877,9543810
2007-09-25,22.259801864624023,22.37590550847546,21.850210846168704,22.095320839658285,10710591
2007-09-26,22.343650817871094,22.49200750768678,22.272698518751685,22.38235301321923,8710052
2007-09-27,22.695188522338867,22.88869653476187,22.5371581375346,22.572634285994376,12483361
2007-09-28,22.78227424621582,22.943529241128157,22.604891976821015,22.637143567467227,9865528
2007-10-01,23.278942108154297,23.311192217827635,22.714545220220636,22.76614717068911,9744846
2007-10-02,23.465999603271484,23.601455101896153,23.40472246797922,23.495026626782124,10242367
2007-10-03,23.488576889038086,23.601455982383307,22.914504761341178,23.472451092965994,6253698
2007-10-04,23.55953025817871,23.733687976021667,23.375698837252777,23.449875727498217,6986050
2007-10-05,23.54017448425293,23.649828989735244,23.414394185685648,23.54662509731875,7727231
2007-10-08,23.353118896484375,23.607904080614443,23.249914995949556,23.575652491907494,6041667
2007-10-09,23.675628662109375,23.817533266806294,23.146708002953968,23.301513833073734,7689920
2007-10-10,23.98847198486328,24.033623328880783,23.57565631576725,23.64983468599276,10021366
2007-10-11,24.18842315673828,24.317428013185676,23.898161859941883,23.962663548586054,10493224
2007-10-12,24.204553604125977,24.204553604125977,23.894941870181754,23.965895668580206,7721320
2007-10-15,24.069095611572266,24.301304373745683,23.90138854375632,24.127146692746237,7235898
2007-10-16,24.25615119934082,24.391606678380924,23.933639774038706,24.027168486749293,9660485
2007-10-17,23.9465389251709,24.18842433707738,23.672403406948128,24.175523111223562,9496525
2007-10-18,23.778837203979492,24.04329758532994,23.607905548197834,23.849789520218106,9065108
2007-10-19,23.833662033081055,23.93364136552728,23.64015546086423,23.753034541183922,8896599
2007-10-22,23.15315818786621,23.36601657013769,22.85644627937278,23.340215598927784,13966669
2007-10-23,23.620805740356445,23.846565400417724,23.23701712865511,23.23701712865511,9292857
2007-10-24,23.962665557861328,24.327105232357976,23.640154129279708,23.704655823332363,12928935
2007-10-25,25.07855796813965,25.410747534376927,23.7691589383981,24.18842512577182,28165842
2007-10-26,24.76894760131836,25.43009924355599,24.610917185608002,25.317218684723738,13068905
2007-10-29,24.872150421142578,25.155962610329315,24.672193245231146,24.930204460779013,8308194
2007-10-30,24.414186477661133,24.833452720066234,24.39806068228101,24.833452720066234,8203479
2007-10-31,24.49481201171875,24.60446652401726,24.31743123507627,24.394834159200055,7671151
2007-11-01,24.175521850585938,24.717342245851235,23.936862497167414,24.41095515812967,8366680
2007-11-02,23.901390075683594,23.9529920261406,23.672405865845903,23.769160632322244,8307269
2007-11-05,23.711109161376953,23.885265382408324,23.478900373615343,23.73691013779491,5370942
2007-11-06,23.95298957824707,24.07231926137882,23.72400539181059,23.862686913755496,5498105
2007-11-07,23.862688064575195,24.314204367126475,23.449871004039196,23.930414326630533,9988982
2007-11-08,23.382143020629883,23.54662552139527,23.259588765967873,23.382143020629883,10609848
2007-11-09,23.28216552734375,23.99491761793906,23.220888399078884,23.427296190774932,10274507
2007-11-12,23.256364822387695,23.420845848403133,23.027380621141535,23.1241339048284,7355474
2007-11-13,22.621017456054688,23.182188321324325,22.198526653634712,23.069309234799235,14682484
2007-11-14,22.60811424255371,23.043506234473462,22.414607676695518,23.043506234473462,10200269
2007-11-15,22.024368286132812,22.727445239444787,21.647028833934726,22.58231456712558,13465690
2007-11-16,21.463199615478516,21.869564651705392,21.26324092537054,21.769586785810844,15648248
2007-11-19,20.837520599365234,21.466419108444896,20.64723713615488,21.350315473752218,13031308
2007-11-20,21.476097106933594,21.479323153339024,20.80204717806492,20.992329187091787,11590567
2007-11-21,20.718191146850586,21.150357063833336,20.46663203628023,21.114880911754362,16125143
2007-11-22,20.785921096801758,20.94072694734854,20.382780676107934,20.879449816402012,7731933
2007-11-23,21.134231567382812,21.243886071173883,20.544033762044165,20.80526953516874,8767308
2007-11-26,21.23744010925293,21.479325575611092,21.098760035480844,21.337419455069764,7332713
2007-11-27,20.89557456970215,21.18906046184725,20.479532942610504,21.18906046184725,10025322
2007-11-28,21.972766876220703,22.15337370946359,20.679492020846165,20.976203986467716,12410912
2007-11-29,22.066293716430664,22.292051868926286,21.869561104972753,22.25335114754267,8385779
2007-11-30,22.430734634399414,22.782273109082418,21.930839441812523,21.95986646360903,9724359
2007-12-03,22.404932022094727,22.772596288707305,22.263027397988388,22.292052940421247,6177353
2007-12-04,21.998565673828125,22.524261805649292,21.779258137617116,22.524261805649292,9609690
2007-12-05,22.388805389404297,22.440407334494292,21.88246111831384,22.15982120338278,7275719
2007-12-06,21.995342254638672,22.537162728984512,21.721206710699736,22.372681698453004,9609254
2007-12-07,22.321077346801758,22.388805083702493,21.963088302943316,22.124344748937496,6685792
2007-12-10,22.6564884185791,22.89514776464777,22.195295517841977,22.250122025275484,8224701
2007-12-11,22.537160873413086,23.091882529150606,22.23399981227934,22.814520961702275,8767378
2007-12-12,22.44363021850586,22.675838953999317,21.830857536298982,22.379127052400392,11994260
2007-12-13,21.498674392700195,22.188850144290814,21.424496030577355,22.12434844261998,13497114
2007-12-14,21.27936363220215,21.70830501672841,20.99555291364907,21.647027887390262,11876199
2007-12-17,20.75689125061035,21.027802191779447,20.6117606005782,21.0245776250166,12069541
2007-12-18,20.847198486328125,21.318066657371524,20.669816225691704,20.67304227209265,10894911
2007-12-19,20.689163208007812,21.01812519745728,20.602083642180425,20.98587361597743,8645536
2007-12-20,20.81816864013672,21.07295229517836,20.7214138929766,20.79236767005915,8230582
2007-12-21,21.292266845703125,21.35354398075885,20.96975389585689,21.09230816596834,18720536
2007-12-27,21.447072982788086,21.669606595632317,21.385795846943346,21.543826277324026,5135567
2007-12-28,21.447072982788086,21.45029755024751,21.114884847251453,21.29549168732625,2268259
2008-01-02,20.860095977783203,21.48254536671453,20.75689208730331,21.366440250345082,6711175
2008-01-03,20.28925323486328,20.94072826675133,20.011891625788586,20.860099290036853,12051191
2008-01-04,19.083051681518555,20.189268835701693,18.957272876020788,20.189268835701693,22846911
2008-01-07,18.908897399902344,19.328163578345407,18.686363824260713,18.960499345582747,13663237
2008-01-08,18.667015075683594,19.12498201333729,18.583161536925246,19.105631651826677,13670905
2008-01-09,18.286449432373047,18.86697210614973,18.192920713635278,18.57671076926139,14467112
2008-01-10,18.505760192871094,18.628314465121807,18.341279147658945,18.428357261056,11210522
2008-01-11,18.679912567138672,18.94759746623054,18.425127414442525,18.47995540431183,11070225
2008-01-14,18.886322021484375,19.02822811940539,18.479957046932878,18.479957046932878,8788437
2008-01-15,18.257423400878906,18.866971600339156,18.14454432381726,18.837946059092175,13651688
2008-01-16,18.254194259643555,18.38642515427604,17.80267802795136,18.31224681145394,14943817
2008-01-17,17.605947494506836,18.415452830754308,17.483393243565903,18.331600778571065,17115449
2008-01-18,17.206031799316406,17.715602124827488,17.13185492650442,17.499517681946177,18710870
2008-01-21,16.196571350097656,17.306014909601018,16.006289317724306,16.944801209023936,30352786
2008-01-22,16.061113357543945,16.538432083645784,15.338684655540296,15.448339157368977,32430351
2008-01-23,15.557994842529297,16.512630888182912,15.04519992548336,16.448129192245382,25885003
2008-01-24,16.65776252746582,17.15443167979258,16.257848143444306,16.257848143444306,25387501
2008-01-25,16.570680618286133,17.147977132619285,16.467476739094533,16.899644092578587,16650202
2008-01-28,16.80289077758789,16.80289077758789,16.144966731284796,16.238495439663,12416182
2008-01-29,16.828697204589844,17.231837707590437,16.644865774218506,16.844823002209015,12256069
2008-01-30,16.783544540405273,17.022203959767022,16.5577863497893,16.980277185082436,11490964
2008-01-31,16.831918716430664,16.9609235834655,16.31267320214096,16.68033744298004,15143465
2008-02-01,17.267311096191406,17.593048605776477,17.093154876542936,17.141532261627216,16670803
2008-02-04,17.47372055053711,17.847835480418468,17.376967250421384,17.53499916907519,11146118
2008-02-05,16.525531768798828,17.357613539334764,16.344924953133,17.296336411771613,18638591
2008-02-06,16.586811065673828,16.690014973837574,16.161094204918683,16.319126113769034,12968883
2008-02-07,16.35137367248535,16.51262862985496,16.067561515865933,16.496502838286194,11419247
2008-02-08,16.461030960083008,16.7480677578377,16.251398573608185,16.577136097843407,8051572
2008-02-11,16.215917587280273,16.41909929913649,15.97080763561948,16.222368199493207,10077012
2008-02-12,17.070575714111328,17.138303450640798,16.273971626502824,16.367500335083562,17642870
2008-02-13,17.33826446533203,17.605949402089134,16.95124835245898,16.98027537446207,14790128
2008-02-14,17.399538040161133,18.01231071513865,17.015748052174906,17.54144263726458,24418430
2008-02-15,17.41888999938965,17.776879049979204,17.257633550363433,17.415665432489593,17728035
2008-02-18,18.13164520263672,18.37030461113393,17.51242175085545,17.576924933329025,12208468
2008-02-19,18.309022903442383,18.605734806243767,17.915557730249706,18.0864893461311,12347197
2008-02-20,17.983287811279297,18.13486908870561,17.693026483048108,18.034889759446653,12534548
2008-02-21,18.125192642211914,18.402554226241104,18.028439358050637,18.14454448237155,8938750
2008-02-22,17.770431518554688,18.092944472533443,17.534998156728143,17.996189698844184,14267349
2008-02-25,17.915559768676758,18.125192124902966,17.809131307052837,18.076816223782632,8803084
2008-02-26,18.42835235595703,18.528331670958003,17.94780909728358,17.94780909728358,11154194
2008-02-27,18.621864318847656,18.644440729212345,18.167121898114658,18.44125747340842,9839886
2008-02-28,18.318700790405273,18.586385716246696,18.22517207284346,18.399329760282303,9891555
2008-02-29,17.992963790893555,18.34772683051252,17.802681783469207,18.192920979134144,12463352
2008-03-03,17.931686401367188,17.996188098932926,17.5124201901325,17.612399522392533,9142723
2008-03-04,17.383413314819336,18.083265601760377,17.32536075828118,17.912333978106364,14086436
2008-03-05,17.70270347595215,17.88008574562369,17.447919755263918,17.605950183021925,10005125
2008-03-06,17.502744674682617,17.725278263472664,17.38341498335119,17.622074366014047,8868153
2008-03-07,17.367290496826172,17.512421173447176,17.12540652884428,17.28666300055199,11812347
2008-03-10,17.25118637084961,17.49629489947634,17.077028676175605,17.19635837322362,10496829
2008-03-11,17.154430389404297,17.318912891486807,16.702914087914273,17.28666130447775,15681521
2008-03-12,17.467266082763672,17.6252964740138,17.28665928740966,17.409213528752986,8955369
2008-03-13,17.106056213378906,17.1866837098745,16.690014544813717,17.173782482105974,16067674
2008-03-14,16.938343048095703,17.53499133716509,16.722260133380427,17.106050073939684,14831921
2008-03-17,16.40297508239746,16.76741322673514,16.290094545073362,16.60938284113575,16941410
2008-03-18,16.989952087402344,17.067355021124555,16.519083870802366,16.690015534333845,11846874
2008-03-19,17.106056213378906,17.367290544518482,16.98672651273707,17.16088273349679,14558038
2008-03-20,17.05767822265625,17.34793956639477,16.81901882984194,17.038327860849492,21200183
2008-03-25,17.644649505615234,17.731727610244846,17.46404268289772,17.56724658159344,11255751
2008-03-26,17.53822135925293,17.705928437268117,17.415667097109075,17.673676848548386,9252141
2008-03-27,17.744626998901367,17.870407292091247,17.34471119330522,17.35116180609526,9399027
2008-03-28,17.712377548217773,17.89943498755326,17.609173647778782,17.741404569690783,8135287
2008-03-31,17.464040756225586,17.534994538120547,17.228607442984217,17.499516907593527,9108550
2008-04-01,17.84783363342285,18.041341692788453,17.341489295088053,17.45436838006827,10815143
2008-04-02,17.525320053100586,17.65432491735054,17.173780133965437,17.593046312567566,15334642
2008-04-03,17.28343391418457,17.625297159912513,17.160879668071974,17.544669677819297,10444238
2008-04-04,17.1770076751709,17.312463164213476,16.915771877851743,17.30601255064972,9055455
2008-04-07,17.264087677001953,17.431794773120053,17.147982536741818,17.328590861404123,7623935
2008-04-08,17.08347511291504,17.186678990084133,16.935119909274206,17.128626439386785,8983806
2008-04-09,16.964147567749023,17.19635632043551,16.893195263106822,17.035099872391225,11050997
2008-04-10,17.202268600463867,17.364490310133398,16.904862132736394,17.20564763815883,11834179
2008-04-11,16.93189811706543,17.415184180769973,16.786574704207315,17.317175043024854,10161072
2008-04-14,16.60069465637207,16.847407788031596,16.451992209907402,16.729119778321948,11289973
2008-04-15,16.668289184570312,16.813612605651368,16.347224803100904,16.718982500053652,9189306
2008-04-16,16.83388900756836,16.94203680801794,16.624353031701595,16.898101570333147,10053353
2008-04-17,16.79671287536621,17.165091503005197,16.769675926090112,16.965694195846115,9420653
2008-04-18,17.12116050720215,17.209031001617284,16.820374953264235,16.89810523292432,8460911
2008-04-21,16.776439666748047,17.15495704947669,16.664911254861682,17.15495704947669,8806641
2008-04-22,16.63787078857422,16.85078735269298,16.50606662508688,16.752778214448654,8516177
2008-04-23,16.671667098999023,16.73926024844573,16.360741401575105,16.712223298670484,10344841
2008-04-24,16.617591857910156,16.67166575309526,16.23907459161442,16.506065030347276,12532573
2008-04-25,16.94879913330078,17.134678776193944,16.631113756354203,16.762919490407622,14114357
2008-04-28,17.19550895690918,17.435462483465272,16.992732595044917,17.10764002677722,0
2008-04-29,16.962312698364258,17.44897930924056,16.76967502636388,17.347589592382082,0
2008-04-30,16.87444496154785,17.06032302209786,16.658149363804434,16.985971797877855,0
2008-05-02,17.009628295898438,17.178608055073035,16.91837879193938,17.17184998071833,11581396
2008-05-05,17.100881576538086,17.195510138572942,16.98259509898582,17.067084997232467,3911230
2008-05-06,17.029909133911133,17.20902914162165,16.93865961111849,17.121158656703777,6016435
2008-05-07,17.516571044921875,17.675413695932914,17.013007693862498,17.104257199756642,13346103
2008-05-08,17.62809944152832,17.68893296753837,17.374628224839874,17.40504576285351,7316883
2008-05-09,17.47601890563965,17.55037013592382,17.229305750580625,17.46925928015455,7150997
2008-05-12,17.526710510253906,17.736248029709536,17.492913936145946,17.526710510253906,4173336
2008-05-13,17.550371170043945,17.722731554957473,17.252964681365867,17.68555593762489,6514504
2008-05-14,17.411806106567383,17.672038532295254,17.31717754268218,17.59430670837586,6374658
2008-05-15,17.42194366455078,17.574028264745053,17.26648157659867,17.35435205892621,6194203
2008-05-16,17.59430503845215,17.786942735945882,17.476018569813828,17.540231135645072,9546527
2008-05-19,17.861295700073242,17.884953616106248,17.580787495761577,17.645000067831244,5992740
2008-05-20,17.699071884155273,17.979581605332775,17.607822368839535,17.75990541103818,8484715
2008-05-21,17.212406158447266,17.601063669175307,17.04004579674191,17.57402671929962,12351143
2008-05-22,17.06370735168457,17.134679554010646,16.844031118290157,16.95555952909579,7676195
2008-05-23,16.71222496032715,17.029908764268534,16.658151055400218,16.985973522763235,7247912
2008-05-26,16.522964477539062,16.729121430512183,16.46213249798685,16.614215546902013,4887244
2008-05-27,16.516204833984375,16.678426530756795,16.391158748970152,16.627731669258974,8212398
2008-05-28,16.59393882751465,16.776439439947602,16.377643183165237,16.506069884510836,9873306
2008-05-29,16.577035903930664,16.83050707386487,16.43171096581902,16.695322346565497,6711040
2008-05-30,16.533103942871094,16.691945060094675,16.519584692459546,16.607455170082865,7356367
2008-06-02,16.404678344726562,16.560141984614653,16.279632245259656,16.560141984614653,7018042
2008-06-03,16.218799591064453,16.377640712157145,16.124169485930327,16.289770232393444,10131097
2008-06-04,16.053197860717773,16.12079101677122,15.857181118200913,16.039680159517484,11299799
2008-06-05,15.972088813781738,16.23231970405155,15.88759890915596,16.13769113487208,10182434
2008-06-06,15.2285737991333,16.097137078895354,15.076492260476456,16.032924494791466,22411362
2008-06-09,15.056207656860352,15.191392400972903,14.78583816863525,15.062967281570263,13790935
2008-06-10,15.13056468963623,15.286026801641917,14.75880537612069,14.897370746618915,13096273
2008-06-11,14.748661994934082,15.363752169669509,14.606717631528348,15.258984965741,15552389
2008-06-12,14.77907943725586,14.880469163981685,14.468155282011557,14.532367845594244,11657125
2008-06-13,14.829774856567383,14.839913519616605,14.498571813551214,14.667553147745252,9657757
2008-06-16,14.762185096740723,14.968342071203955,14.684453270298036,14.887229656644427,8594061
2008-06-17,15.235331535339355,15.5259799720722,14.806119281688575,14.839915863869667,20670309
2008-06-18,15.14745807647705,15.306300741619829,15.0460698997986,15.20829160249101,10659099
2008-06-19,14.985237121582031,15.14407979465142,14.80949770990407,15.042691612913469,10277997
2008-06-20,14.998756408691406,15.269125927323389,14.755423841922623,15.069728601084464,25431546
2008-06-23,14.711487770080566,14.921023747675632,14.630376919074358,14.853432146845735,10399975
2008-06-24,14.147090911865234,14.752042484488683,13.75167531774467,14.752042484488683,23057410
2008-06-25,14.356626510620117,14.4275986974329,14.14709053765968,14.167367862458423,11465846
2008-06-26,13.883480072021484,14.201163830357705,13.785470939658977,14.163988219809362,16475041
2008-06-27,13.477927207946777,13.863204151756781,13.33260223833829,13.792231960790417,18541323
2008-06-30,13.27514934539795,13.5759363986634,13.062232771739302,13.5759363986634,17038428
2008-07-01,12.910149574279785,13.26163069246061,12.555289418671052,13.210935830938945,17929479
2008-07-02,12.90001106262207,13.065612573841145,12.778344788564738,13.011538674260109,13384775
2008-07-03,13.04871654510498,13.068993873453426,12.453903546755898,12.680337846693423,13534211
2008-07-04,12.977744102478027,13.248113642111534,12.964225625496352,13.231215352132262,9692067
2008-07-07,13.146723747253418,13.221074973505658,12.98450126950325,13.133204497016342,7511006
2008-07-08,13.085888862609863,13.126445059093214,12.707371595511551,12.89325041685234,13413025
2008-07-09,13.298807144165039,13.454269225959482,13.180520676494229,13.265010567682731,12205067
2008-07-10,13.096028327941895,13.16024088879901,12.964223393811874,13.058852716393941,11818120
2008-07-11,12.680337905883789,13.089271262901091,12.676958092807029,13.082513186765032,12324636
2008-07-14,12.687094688415527,12.964223815349714,12.62964097551328,12.781724789083118,9027609
2008-07-15,12.295059204101562,12.636400902126733,12.105800548267021,12.572188337649312,19204609
2008-07-16,12.676958084106445,12.832420960434666,11.930062020135303,12.335616338806231,19909543
2008-07-17,13.383296966552734,13.60635220016511,12.933807461704028,12.98788136379083,18321598
2008-07-18,13.886859893798828,14.120053782245181,13.261631003773727,13.417093079398894,17337930
2008-07-21,14.072741508483887,14.177510286314766,13.788852716951144,13.893621494782023,7512212
2008-07-22,13.856444358825684,14.072739966767116,13.63676816324938,14.072739966767116,10817484
2008-07-23,14.3836669921875,14.495193843964179,14.00852868163747,14.126815159284149,13796409
2008-07-24,13.001402854919434,14.802740222371893,12.727652709667444,14.65065715279135,56110996
2008-07-25,13.13996410369873,13.261631155592802,12.690474609230845,12.947325638211263,16779140
2008-07-28,12.930429458618164,13.133205832658783,12.845938786095447,13.133205832658783,7742895
2008-07-29,12.96422290802002,13.139963071944285,12.612742580171487,12.75806598351057,11402931
2008-07-30,12.86621379852295,13.14334368154036,12.710751733061239,13.011537977117133,11397664
2008-07-31,12.616122245788574,12.842557280301756,12.518113884590607,12.791863193474036,12156680
2008-08-01,12.382929801940918,12.545151508515659,12.183531706352992,12.33561475001897,11863841
2008-08-04,12.494458198547363,12.9101519546233,12.335616284848232,12.541773256356374,14523483
2008-08-05,13.10616683959961,13.194037311349103,12.595844621004579,12.673576430631769,15356451
2008-08-06,13.521862983703613,13.542140310493016,13.014918963847194,13.241353246375088,12415716
2008-08-07,13.589452743530273,13.805748333279446,13.390055440482397,13.516791040724982,8976389
2008-08-08,14.116676330566406,14.191027564215567,13.49144582028743,13.56579705393659,14494089
2008-08-11,14.458015441894531,14.650653116954356,14.363385347993795,14.447876780051077,14984718
2008-08-12,14.657414436340332,15.019033467311163,14.343109682782206,14.532368342450315,13736263
2008-08-13,13.969661712646484,14.525609541348924,13.900380586437823,14.46477600978503,11838527
2008-08-14,13.99162769317627,14.098085967529144,13.687461637887226,13.99162769317627,8370582
2008-08-15,14.028803825378418,14.207923807936831,13.780401175976838,13.927415653181043,7606776
2008-08-18,13.868274688720703,14.098089582765768,13.738160020046031,14.04908422961583,5782335
2008-08-19,13.390055656433105,13.66380418536791,13.354569563791504,13.592833550101856,9799826
2008-08-20,13.50158405303955,13.56579662096141,13.329223675982496,13.433992447338717,6881045
2008-08-21,13.43230152130127,13.95613912313661,13.298806292756522,13.400194465695163,13944397
2008-08-22,13.700982093811035,13.864893316370917,13.42723199993197,13.484684938762062,7211926
2008-08-25,13.75843620300293,13.935866690979044,13.651977910217262,13.731399250074064,5205961
2008-08-26,13.75843620300293,13.85306476324528,13.488066673714265,13.650288391287464,5517388
2008-08-27,13.555657386779785,13.680703479578847,13.307256270017271,13.62325053965161,9171694
2008-08-28,13.658734321594238,13.788848948811463,13.1669991777897,13.457647515888711,10816679
2008-08-29,13.4846830368042,13.60127996682219,13.383294873750256,13.569174464363332,10038795
2008-09-01,13.711121559143066,13.805750116875041,13.292048024854441,13.383297544816461,6207927
2008-09-02,14.387046813964844,14.684453318257018,13.560729394363506,13.802372469729177,16927013
2008-09-03,14.403943061828613,14.561094661972685,14.150471839005572,14.211303816470673,8077825
2008-09-04,14.005147933959961,14.361698431813956,13.924037074497276,14.336350997603608,11307206
2008-09-05,13.41202449798584,13.827719009445953,13.26163251154008,13.777024140970545,16075014
2008-09-08,13.648595809936523,13.976421383880691,13.582695271388593,13.814199665860432,11984329
2008-09-09,13.721259117126465,14.025425192508699,13.557346348158823,13.643527304523431,9181286
2008-09-10,13.78885269165039,14.015286986853091,13.589455350352749,13.692534609000592,8576701
2008-09-11,13.655357360839844,13.778713946686945,13.3326034348673,13.670566131702476,9012427
2008-09-12,13.7381591796875,13.822649078202543,13.432303546038336,13.815889452316467,7693535
2008-09-15,13.146723747253418,13.439060095936393,13.096028883890222,13.248111923962583,17659458
2008-09-16,13.058854103088379,13.341048707053776,12.768207254655948,12.886493726692,16681917
2008-09-17,12.676958084106445,13.065614887422633,12.551911975430727,12.795245341642014,15372515
2008-09-18,12.507977485656738,12.874666688640973,12.338996896846036,12.666820184649508,15432990
2008-09-19,13.337672233581543,13.552278323519653,12.793553399059473,13.041955290360963,24667760
2008-09-22,13.199109077453613,13.440750580129947,13.096029824547948,13.366399348537229,9277770
2008-09-23,13.084200859069824,13.192348662192108,12.825659532850224,13.045335726703142,9489910
2008-09-24,12.945637702941895,13.188969511468425,12.80876341533159,13.045337147939644,7927439
2008-09-25,13.352880477905273,13.474545978036355,12.854385646071144,13.04533536505434,9320069
2008-09-26,13.031819343566895,13.31570816423277,12.823972835586915,13.31570816423277,11209254
2008-09-29,12.474178314208984,13.045334828901378,12.335613757242646,12.849315786719664,13279285
2008-09-30,11.963855743408203,12.288299141871878,11.38932017112448,12.166632867448,20889049
2008-10-01,10.941520690917969,12.082141886682122,10.733674241135155,12.082141886682122,27667119
2008-10-02,10.5477933883667,11.080083940183448,10.443025416504762,10.983764335803125,20003374
2008-10-03,10.757333755493164,10.887449198954583,10.497102868570328,10.71339850964723,11635461
2008-10-06,9.192566871643066,10.29601239695654,8.787012655984602,10.17265661365529,28657425
2008-10-07,9.260161399841309,9.80090048012096,9.067522908739504,9.540669603984199,23733315
2008-10-08,8.391596794128418,9.800898740759985,7.911691333053185,8.597753725650637,34129212
2008-10-09,8.315555572509766,9.091178758777955,8.089121308549108,8.787013456817293,20416956
2008-10-10,7.626113414764404,8.07053357806756,7.039748874205257,7.739330547809317,33767006
2008-10-13,8.854605674743652,8.888402252323173,8.197269680905082,8.753217492022404,24699512
2008-10-14,9.530529975891113,9.895528818157299,9.233122736813733,9.46293759769367,20461719
2008-10-15,8.574098587036133,9.56094746339645,8.344284465144005,9.496734887796428,17756385
2008-10-16,7.959007263183594,8.631552096158417,7.599077704960789,7.942108972654568,19609389
2008-10-17,8.6873140335083,8.810670603182594,8.32738453707601,8.516643188485851,21510839
2008-10-20,8.96444320678711,9.277058429482718,8.646758652778683,9.192567765915639,11761358
2008-10-21,8.839397430419922,9.2838176079969,8.8140499979505,9.216225229753745,11848358
2008-10-22,8.153332710266113,8.770113145159982,8.063772728691575,8.596063287579101,15092796
2008-10-23,8.05025577545166,8.327384915100753,7.418267229556596,8.117848929032197,21068311
2008-10-24,7.573729038238525,7.648081039476852,6.759240712218227,7.604145801245505,24467153
2008-10-27,6.879218101501465,7.171555251920919,6.559843998153144,7.063407440205453,19803008
2008-10-28,6.539565086364746,7.340535686484428,6.054589512614125,7.266183687630359,29801499
2008-10-29,7.942107200622559,8.078982238356062,7.303359091222384,7.754538852630077,26562040
2008-10-30,8.783632278442383,9.023584980177832,8.148263273128784,8.378077313877442,25280835
2008-10-31,9.060762405395508,9.233122776793145,8.381458807817674,8.621411557705429,16106356
2008-11-03,9.064143180847168,9.368309303864926,8.763356870865074,9.314235395329211,9759436
2008-11-04,9.491663932800293,9.564325641453003,8.827568342075399,8.912059007372658,13910415
2008-11-05,9.3429594039917,9.527148703229493,9.226362472593072,9.429139576110572,8178095
2008-11-06,8.427084922790527,9.092870151830743,8.356113495209291,8.888403464616768,13717593
2008-11-07,8.61803150177002,8.84446574920531,8.178680705991631,8.491295903951633,10048355
2008-11-10,8.732939720153809,9.11821668906008,8.721111537561372,8.857985821904851,5558112
2008-11-11,7.996181011199951,8.579164866447805,7.955624817347919,8.435530994500837,9815728
2008-11-12,7.615976810455322,8.175303776744762,7.3675740831221965,8.148266819008663,11942576
2008-11-13,7.771439075469971,8.033359485447251,7.4520641661961635,7.604147234895474,9212906
2008-11-14,7.849167823791504,8.232755233958908,7.739330503925164,8.046876394566407,9807819
2008-11-17,7.668358325958252,8.307105631261527,7.536552625253034,7.9759034109200355,9812123
2008-11-18,7.847479820251465,7.962387268613815,7.452064152370374,7.654842093599081,7453251
2008-11-19,7.208730697631836,7.933659077735652,7.1360689852333445,7.783266321260712,11071110
2008-11-20,6.92315149307251,7.0955126224700065,6.691647910217122,7.060026530388421,11772000
2008-11-21,6.840351581573486,7.411507355058888,6.627435789981292,7.043128710472865,12068120
2008-11-24,8.0198392868042,8.12798708578283,6.809934623217879,6.9958142339688445,14586887
2008-11-25,8.171921730041504,8.655207798757802,7.739330524483045,7.925210139377902,11678948
2008-11-26,8.345972061157227,8.876572384664177,7.874515742347809,8.178681034320796,12724309
2008-11-27,8.645069122314453,8.857984912207856,8.381458469344226,8.526781883477135,8859947
2008-11-28,8.332452774047852,8.672104900726312,7.975903136969143,8.582544918070141,9233126
2008-12-01,7.7224321365356445,8.269930761468983,7.587247386553166,8.185440098977784,8922443
2008-12-02,7.964074611663818,8.163472685221398,7.485858688868435,7.536552772819986,8577209
2008-12-03,7.969145774841309,8.089122550286893,7.528105360538196,7.8677575836268145,8250792
2008-12-04,8.036738395690918,8.442293497435655,7.8052347581407355,7.9691460079015854,8320810
2008-12-05,7.580488204956055,8.016459198330502,7.4892379214531015,8.013079385976638,10092036
2008-12-08,8.31386661529541,8.523403380806092,8.028289100414996,8.148265090538224,11993713
2008-12-09,8.675485610961914,8.949234142883375,8.280069256499774,8.28851840007887,10716109
2008-12-10,8.751526832580566,9.003308534999725,8.4152544647505,8.721110844039885,7712701
2008-12-11,8.486227035522461,8.651828561157275,8.165163422563365,8.618032758481474,7801775
2008-12-12,8.129677772521973,8.225997404206135,7.7460903147762865,7.97928423357958,14813098
2008-12-15,8.077293395996094,8.408496465939265,7.9877341651018865,8.335834749831326,6326758
2008-12-16,8.222615242004395,8.369628925988362,7.970833586392561,8.094189361453719,6961961
2008-12-17,8.449050903320312,8.46594919112902,7.877895130456618,8.246273774641658,10755137
2008-12-18,8.683935165405273,8.683935165405273,8.40342622033676,8.40342622033676,9398585
2008-12-19,8.803911209106445,9.032035773044086,8.403426276864964,8.499745123856258,19945337
2008-12-22,8.403426170349121,8.871503473934448,8.367940075852488,8.763355671662275,7942301
2008-12-23,8.418633460998535,8.611271911452139,8.290208344035166,8.330763766498633,5389932
2008-12-29,8.6602783203125,8.787014720616728,8.516644404975262,8.618033370216901,5396630
2008-12-30,9.023587226867676,9.038795997143021,8.753217699846854,8.871504174166294,4648471
2009-01-02,9.378445625305176,9.41562123438514,9.121594623919782,9.226362601785377,4978363
2009-01-05,9.006689071655273,9.454488278284192,8.98303115846824,9.42914084630178,6968870
2009-01-06,9.307474136352539,9.484904601987363,8.999929029263624,8.999929029263624,5698373
2009-01-07,9.277058601379395,9.598122198873021,9.106386977306146,9.293956114399021,6762446
2009-01-08,9.175671577453613,9.353102089038723,9.037106981503525,9.243263968769659,5037988
2009-01-09,9.20439624786377,9.537288806680714,9.067521972922412,9.243262155875966,6344418
2009-01-12,9.101317405700684,9.277058356542591,9.006688855260585,9.124975318319311,4511707
2009-01-13,8.81404972076416,9.167220370358445,8.63492973030065,9.094558662908216,7379542
2009-01-14,8.393287658691406,9.01006820150111,8.269931085124288,8.996549725973797,11260633
2009-01-15,8.033357620239258,8.329074543493208,7.926899341865776,8.324005212381412,8582507
2009-01-16,8.087431907653809,8.398357643997958,8.033358776343288,8.263172878199931,7222157
2009-01-19,7.867757797241211,8.3510431751704,7.747781018538184,8.178682780420836,5463728
2009-01-20,7.705535888671875,8.141506972668813,7.6261145443943645,7.849169030968713,7584790
2009-01-21,7.675118446350098,7.852548153593094,7.332087214008441,7.637942056015819,8320140
2009-01-22,7.244216442108154,7.969144786959525,7.201971496840393,7.864376795689612,9440574
2009-01-23,7.063408374786377,7.259425921951991,6.877528717549607,7.198593157317417,9585280
2009-01-26,7.223938941955566,7.3439149246229025,6.945119519889567,7.063406758798703,7783824
2009-01-27,7.445304870605469,7.460512866564543,7.05495855756877,7.203661804200554,8669454
2009-01-28,7.935349941253662,8.107710330711326,7.568660765142466,7.6159758225475676,9936577
2009-01-29,7.621045112609863,8.006322095755156,7.465582239145129,7.874517138367015,8368045
2009-01-30,7.435164451599121,7.74101924263864,7.37433093210485,7.610903835672836,8606537
2009-02-02,7.217181205749512,7.3810924693388,7.117482522225221,7.377713430920819,6043022
2009-02-03,7.2982916831970215,7.347296262704161,6.96539906637901,7.299981977323401,9616426
2009-02-04,7.7900261878967285,7.987734004498374,7.222249397265919,7.337156835550931,10358020
2009-02-05,7.668358325958252,7.7055339351275824,7.367571315378485,7.6007651820016084,8011103
2009-02-06,8.322315216064453,8.447361304652494,7.658219641542121,7.722432204597588,11731828
2009-02-09,8.700834274291992,8.78194514135625,8.12291954021135,8.219238404221871,8549985
2009-02-10,8.111089706420898,8.574097716380868,8.090811604338116,8.574097716380868,10724524
2009-02-11,8.354421615600586,8.405115704254728,7.948867356350222,8.038427352144089,7719298
2009-02-12,8.03842830657959,8.25979326916124,7.835651152877847,8.25979326916124,8924236
2009-02-13,8.15671443939209,8.389908349997174,8.043497296926542,8.104330827957728,6322125
2009-02-16,7.960697174072266,8.259793986124873,7.844100203696867,7.975905946300486,5086539
2009-02-17,7.65822172164917,8.026600462408405,7.372644147854593,7.871138343836452,16254616
2009-02-18,7.394608497619629,7.732571128093696,7.1698637668589935,7.693705224086954,10263374
2009-02-19,7.418266773223877,7.570349809407454,7.225628312391918,7.495997810047792,6601345
2009-02-20,6.914704322814941,7.25942509132141,6.902875365068662,7.239147763766299,10589264
2009-02-23,6.517597675323486,7.164794967156361,6.424658255055293,7.012711927168129,9601206
2009-02-24,6.296232223510742,6.488870673345561,5.978547694396433,6.42127791528596,12861171
2009-02-25,6.22188138961792,6.68826880444698,6.1644276737491355,6.488871480264978,9423414
2009-02-26,6.387483596801758,6.475353698873683,6.157669096186206,6.314821490998624,8905849
2009-02-27,6.086696147918701,6.345237477734555,6.014034826065602,6.2860938564511475,10186333
2009-03-02,5.894057750701904,6.1762558164905945,5.812946901552751,5.993756793409294,10330785
2009-03-03,6.039381980895996,6.139080643225903,5.812947317082777,5.968409789064996,9621621
2009-03-04,6.635884761810303,6.661231417885041,6.120492421509368,6.1847049835768315,12847072
2009-03-05,6.134011268615723,6.637574683297726,6.134011268615723,6.504080219847732,9659459
2009-03-06,6.267505645751953,6.548014189688356,6.083316330983807,6.103594430549611,10705086
2009-03-09,6.272575378417969,6.33678832717512,6.056279395107344,6.286093465651573,9395587
2009-03-10,7.070166110992432,7.1766236143904685,6.409449597397637,6.417898740922788,15099020
2009-03-11,7.22562837600708,7.519655013544336,6.843731263453748,6.972157163475259,13564092
2009-03-12,7.401369571685791,7.452063666181194,6.813315440509514,7.164795839026066,10376950
2009-03-13,7.286461353302002,7.626113532697877,7.223939082600852,7.570350112204165,8578098
2009-03-16,7.4402360916137695,7.6835686950969,7.218870336701302,7.482481044645747,6805137
2009-03-17,7.210421085357666,7.328707559405668,6.928222601549007,7.325327746573494,10749947
2009-03-18,7.130999565124512,7.414887560630287,6.968777853406926,7.354054031231865,7044647
2009-03-19,7.342226028442383,7.604146410006856,7.100582973833485,7.215490409944003,11663149
2009-03-20,7.21211051940918,7.352364612703018,7.070166907223471,7.217179851093455,14938430
2009-03-23,7.315188884735107,7.806923350666405,7.1884532695474315,7.7562292595930655,17275783
2009-03-24,7.039748191833496,7.546691350740896,6.945118874504912,7.4892376428964065,15113714
2009-03-25,6.973846435546875,7.171554222331226,6.9079435816159,6.985675391383277,10611196
2009-03-26,6.882596015930176,7.109030240499479,6.81838268917969,6.995813128214827,13382167
2009-03-27,7.039748191833496,7.191831992015106,6.83866137689059,6.83866137689059,19379703
2009-03-30,6.389172554016113,6.852180940092249,6.363825508292581,6.840351982917515,14289890
2009-03-31,6.448315620422363,6.539565132147404,6.319889721505727,6.451695432895889,14475018
2009-04-01,6.515909671783447,6.715307033909438,6.286095152080461,6.42127993572669,19899600
2009-04-02,7.534864902496338,7.615975764565812,6.818384845873935,6.826833990882261,31430004
2009-04-03,7.975903034210205,8.371318567632931,7.441922957236254,7.468959903538517,25697480
2009-04-06,7.754541397094727,8.269933112279936,7.587249543304507,8.161785281551854,14326323
2009-04-07,7.641322135925293,8.038427245987647,7.394608996045341,7.891413538322639,12081631
2009-04-08,8.242894172668457,8.296968075030916,7.51627552841643,7.536553629306669,17557553
2009-04-09,8.518500328063965,8.602083280825395,8.234665852177574,8.480190875742947,10134473
2009-04-14,8.59511661529541,8.713526183634793,8.198097237486044,8.480189869231722,9269813
2009-04-15,8.682181358337402,8.689146203439606,8.37571060399845,8.422725903983164,6167226
2009-04-16,8.83193588256836,9.03218660436498,8.518500213252148,8.783179560096011,8021669
2009-04-17,9.281195640563965,9.356071139462856,8.732681798334346,8.859797243198512,14117080
2009-04-20,8.582928657531738,9.27422940528107,8.464519079228136,9.181939798299265,10539147
2009-04-21,8.602084159851074,8.692631968614128,8.302578149202153,8.629945146951929,9911081
2009-04-22,9.117512702941895,9.117512702941895,8.440141534663901,8.640393084439708,9018333
2009-04-23,9.174973487854004,9.500597779659707,8.93118872500697,8.978204825610296,11047727
2009-04-24,9.495375633239746,9.559805056727992,8.866762485809305,9.03218657795976,9668756
2009-04-27,9.5371675491333,9.674730652316931,9.13144148869653,9.298607385195114,8592945
2009-04-28,9.187164306640625,9.505824625894418,8.706561910299127,9.385674026809044,19698383
2009-04-29,9.469257354736328,9.524979327594686,9.267264803810066,9.368261079273196,10119287
2009-04-30,9.453585624694824,9.82100227466941,9.40308748816333,9.660801207194039,10094776
2009-05-04,9.629456520080566,9.730452783929952,9.41353429939844,9.601595536855173,5937474
2009-05-05,9.728711128234863,9.956822813470405,9.587664410845752,9.594630055505869,7986282
2009-05-06,9.805330276489258,10.110060915925072,9.725230139570986,9.728712962557722,8392116
2009-05-07,9.632940292358398,10.103095029611751,9.524979171373385,9.918515797888409,9740207
2009-05-08,9.632940292358398,9.834932839971737,9.437913390552827,9.652095419015046,7401889
2009-05-11,9.33169174194336,9.639904347548326,9.234178307130632,9.587664408498112,7387568
2009-05-12,9.089649200439453,9.453583754155058,8.919000496724303,9.194128275707858,9101053
2009-05-13,8.750093460083008,9.232436772663664,8.699595334370569,9.194128125098795,9138084
2009-05-14,8.765765190124512,8.797108992871175,8.497603052925,8.706560406853983,7122464
2009-05-15,8.722232818603516,8.868502568901647,8.556807945150714,8.845865422109107,7781679
2009-05-18,8.844125747680664,9.002585000561055,8.690890329676295,8.723975149644017,10986481
2009-05-19,9.030445098876953,9.291642407434548,8.871985861557016,8.880692518371868,15882729
2009-05-20,9.256814956665039,9.349104552336964,9.070494753564828,9.089649077401758,9684370
2009-05-21,8.804073333740234,9.216764183909238,8.777953366511218,9.148852748291324,7449701
2009-05-22,8.706561088562012,8.939897417691139,8.5568085061782,8.871985972860902,7049285
2009-05-25,8.650840759277344,8.743130381772069,8.382678550363933,8.723976052368178,3807353
2009-05-26,8.999102592468262,9.067014046244841,8.351335058550111,8.584670619788463,9384939
2009-05-27,9.169751167297363,9.275971275755753,9.042635718751114,9.096615879731026,8798020
2009-05-28,8.884175300598145,9.11751164671886,8.72049221494224,9.019998200149264,7727766
2009-05-29,9.002584457397461,9.140148362473965,8.932931998870627,9.061789246802608,8224771
2009-06-01,9.760056495666504,9.831449972410002,9.267264609720472,9.269005621849796,10212839
2009-06-02,9.73045539855957,9.925482333542188,9.582443785574425,9.631200918634859,8341001
2009-06-03,9.385674476623535,9.793141606331728,9.270747706951838,9.751350126326516,6304239
2009-06-04,9.52672004699707,9.653836292817214,9.303832162413157,9.33517597084012,7546473
2009-06-05,9.657320022583008,9.836674634908805,9.43094929388681,9.490153294817159,7788337
2009-06-08,9.33343505859375,9.578960096411464,9.234179797284584,9.507565820973394,7635081
2009-06-09,9.19935417175293,9.420501051578782,9.058307428455793,9.333435269110472,7451594
2009-06-10,9.44661808013916,9.62597343944974,9.33343314769698,9.383930475448942,6996844
2009-06-11,9.699110984802246,9.782694750400491,9.420501893535958,9.472741048234044,5856603
2009-06-12,9.683440208435059,9.928965292255171,9.629459238709723,9.629459238709723,7445842
2009-06-15,9.053083419799805,9.660801276001086,8.967759449766476,9.60159648116703,10923424
2009-06-16,9.00084400177002,9.120994599984087,8.795368637443241,9.100098461819755,7126224
2009-06-17,8.69437313079834,9.009551451271673,8.523725180834042,8.936416159212992,10020925
2009-06-18,8.739645957946777,8.870245013959469,8.473225608720243,8.706561140615063,9163252
2009-06-19,8.508052825927734,8.74313020674393,8.450589838866414,8.643875738557249,19327279
2009-06-22,8.480191230773926,8.692631444260575,8.452330245353691,8.584670325414512,11622603
2009-06-23,8.739645957946777,8.901588020718355,8.368746523635956,8.495862757132327,10771946
2009-06-24,8.952086448669434,9.002584581626897,8.643874614921085,8.776213888633588,6549932
2009-06-25,8.840643882751465,8.94686399975098,8.535914025808113,8.932933505695788,5485810
2009-06-26,8.981690406799316,9.159304001848689,8.927709444216124,9.011292406431059,7799883
2009-06-29,9.166267395019531,9.244625704035409,8.915517771377514,8.981688199172272,4623808
2009-06-30,8.978206634521484,9.225472671941818,8.915519020173019,9.211542179712088,4869844
2009-07-01,9.209799766540527,9.281194027499712,8.953827110590229,8.97820526862615,4789165
2009-07-02,8.699596405029297,9.19064643405896,8.699596405029297,9.152336983150105,7616356
2009-07-03,8.704821586608887,8.811040902797604,8.570740484252475,8.720493092613092,4979576
2009-07-06,8.55506706237793,8.619495687474773,8.394866804269046,8.56725654232008,5602989
2009-07-07,8.42795181274414,8.797110257049454,8.393125182769959,8.626461527160593,6733930
2009-07-08,8.236408233642578,8.494121956535906,8.189392120655228,8.424469491074273,7853661
2009-07-09,8.455812454223633,8.58118687951143,8.332179040912163,8.365264657497121,6695855
2009-07-10,8.440141677856445,8.62646273681244,8.342628218335971,8.414022500342607,5883102
2009-07-13,8.950345993041992,8.971241332872612,8.389643459651792,8.396608306718862,8172862
2009-07-14,9.211542129516602,9.29860790513531,8.887657987282982,9.002584747209326,7161177
2009-07-15,9.706075668334961,9.747867147672812,9.256817065795714,9.281196027714863,11160643
2009-07-16,9.883688926696777,9.991650036343104,9.64686977217554,9.699108915729655,8892039
2009-07-17,10.082197189331055,10.169262955458262,9.913290289865461,9.92547897002794,8516362
2009-07-20,10.379962921142578,10.437425899931588,10.17622938015704,10.231951346969174,8428781
2009-07-21,10.576730728149414,10.606333521913129,10.151850335459914,10.350360040218604,9237175
2009-07-22,10.46180534362793,10.564542632707242,10.284191752291811,10.482701483059532,7713270
2009-07-23,10.792654037475586,10.834445513358364,10.350360318744166,10.446132750461542,8585935
2009-07-24,10.902356147766113,11.214051603770583,10.70210542592755,10.743896901753756,9056201
2009-07-27,10.635936737060547,11.10957350531589,10.510562298404722,11.10957350531589,8547303
2009-07-28,10.479217529296875,10.796136020548664,10.378221263305857,10.68817490791828,6567997
2009-07-29,10.956338882446289,11.161814270925692,10.385188620087053,10.447875444689785,14347209
2009-07-30,11.123503684997559,11.304600091285328,10.804843362909015,11.146140835612206,7784681
2009-07-31,11.308082580566406,11.436939834742775,11.074747032851468,11.074747032851468,8315419
2009-08-03,11.692913055419922,11.795650341492319,11.234947798442658,11.283704923269744,10898601
2009-08-04,11.781721115112305,11.823512598615808,11.278478307596124,11.701620971387962,7798947
2009-08-05,11.400371551513672,11.83744062555016,11.349873419644807,11.719031846287816,7174398
2009-08-06,11.35335636138916,11.614552881923167,11.241912427440855,11.450869803593928,4456114
2009-08-07,11.694652557373047,11.785201149517766,11.106089104320322,11.3533559221744,6904625
2009-08-10,11.262807846069336,11.433456570802107,11.132209584870889,11.405595587116322,6566344
2009-08-11,11.001611709594727,11.471765626127398,10.89364979505313,11.301117694037874,6969307
2009-08-12,11.074748992919922,11.149625302888097,10.829223921431739,10.935444044460636,4488773
2009-08-13,11.280220985412598,11.416043877744258,11.005093176814626,11.130468400083648,5380151
2009-08-14,11.147881507873535,11.449129303761163,11.078229046040109,11.33594355413848,4605265
2009-08-17,10.77524185180664,11.1165393399223,10.66379790444307,11.022507910362203,6635800
2009-08-18,10.83444595336914,10.931959401055858,10.587179910678024,10.81180880318462,4175022
2009-08-19,10.747379302978516,10.82225559440247,10.52100861813884,10.62896972679924,4334235
2009-08-20,11.139177322387695,11.210571610754565,10.914548382609933,10.951116033016465,4911728
2009-08-21,11.478730201721191,11.506591183787492,10.952853566247779,11.005092707964765,8205821
2009-08-24,11.384698867797852,11.609328536419765,11.274996749288837,11.492660773030867,4299470
2009-08-25,11.457834243774414,11.590174309958979,11.2314635613133,11.2314635613133,4933660
2009-08-26,11.280220985412598,11.576244132135844,11.22101619634208,11.322012460292491,4765482
2009-08-27,10.973750114440918,11.381217192128105,10.813549062225622,11.214051293449192,5798574
2009-08-28,11.132209777832031,11.248877549209856,10.994645869012984,11.092159313603489,5606436
2009-08-31,10.98071575164795,11.038179532600246,10.844893648847844,10.98942240932646,3658315
2009-09-01,10.674242973327637,11.147879634188222,10.667277329000354,11.116536630603209,6292724
2009-09-02,10.498373031616211,10.656832294988888,10.315535604331457,10.552353993291728,7895127
2009-09-03,10.548871040344238,10.770017920915057,10.480960384666327,10.712554935552296,7110441
2009-09-04,11.085195541381836,11.21405280530983,10.656832269293863,10.675986597937845,10691467
2009-09-07,11.337682723999023,11.435196953350642,11.16181098524679,11.224497791396539,5302409
2009-09-08,11.212309837341309,11.555348302595913,11.109572558692163,11.405595713285587,5529430
2009-09-09,11.60062313079834,11.623260281155481,11.074747233563606,11.133951228281392,9117691
2009-09-10,11.628484725952148,11.802616292310946,11.478732121951603,11.712067686133304,7214596
2009-09-11,11.668536186218262,11.799134472779475,11.49266359271784,11.666795173885797,4942431
2009-09-14,11.631967544555664,11.658083525941239,11.334200154333706,11.527489243683414,5875160
2009-09-15,11.530970573425293,11.645897336365135,11.375994143636436,11.631966843846044,6098467
2009-09-16,11.865301132202148,12.022018546857193,11.5797256858339,11.638930468416964,8334232
2009-09-17,11.766048431396484,12.084708760723071,11.673758814728739,12.084708760723071,7258976
2009-09-18,11.645895957946777,11.889679947491066,11.645895957946777,11.78868368902432,21621421
2009-09-21,11.513559341430664,11.69117294120983,11.40908023656502,11.618037647666826,5549122
2009-09-22,11.910573959350586,11.961072082965705,11.557087892673964,11.565794548327869,6323282
2009-09-23,11.816545486450195,11.994159057649254,11.739927382060209,11.858336961945817,6217467
2009-09-24,11.736444473266602,12.065553238836078,11.61977670485999,11.769526096778304,7385692
2009-09-25,11.722515106201172,11.976746804314566,11.668534944713485,11.858338012567563,5317765
2009-09-28,11.983712196350098,11.983712196350098,11.42475067476875,11.666793685466297,6269659
2009-09-29,11.945403099060059,12.042916544850588,11.882715484594316,12.015055560339007,4229840
2009-09-30,11.981969833374023,12.067294596807495,11.694653333384768,12.022020297730908,9407005
2009-10-01,11.631967544555664,12.067295661658742,11.631967544555664,12.015056511222618,8897434
2009-10-02,11.417784690856934,11.776494644337978,11.374251406138558,11.475247668329995,8171339
2009-10-05,11.370767593383789,11.456092344823492,11.214050177933746,11.39514655015471,6042460
2009-10-06,11.753857612609863,11.753857612609863,11.339424919011318,11.388181236711569,7540889
2009-10-07,11.67549991607666,11.854855315695604,11.562314958197272,11.769527351097459,4800781
2009-10-08,12.020278930664062,12.042916079533734,11.861818888576362,11.92798932320669,8146524
2009-10-09,12.093412399291992,12.18918804112308,11.929732486271996,11.997643945126335,8735417
2009-10-12,12.11953353881836,12.166548849134394,11.995900922396002,12.049881079344722,8292175
2009-10-13,12.00634479522705,12.10212122120532,11.858337209738709,12.015055445779433,5611150
2009-10-14,12.224014282226562,12.267543581287127,11.983713064853275,12.049882710653916,13183903
2009-10-15,12.222272872924805,12.321527338401284,12.126500431808264,12.189187252469871,9074664
2009-10-16,12.244905471801758,12.650631464739885,12.192666337494051,12.241423448509321,12222105
2009-10-19,13.101634979248047,13.185218737938268,12.380732148381181,12.401627489081655,16861307
2009-10-20,12.880488395690918,13.197406907273596,12.784715958192791,13.129495455378988,10709243
2009-10-21,12.9466552734375,13.03720305800722,12.546153091900214,12.857848500610359,8686399
2009-10-22,12.791680335998535,12.897900439543799,12.624514428510132,12.798645981458575,6553402
2009-10-23,12.842177391052246,13.132976692666226,12.836953556710947,12.930984970742282,5714931
2009-10-26,12.478243827819824,13.011085322113413,12.42774569680014,12.937950042800123,6525795
2009-10-27,12.211822509765625,12.621031386605628,12.067293763733584,12.60710089543833,10455644
2009-10-28,11.567538261413574,12.13694744484714,11.269774082480689,12.065553969893259,17587846
2009-10-29,12.044655799865723,12.136945397426128,11.372509446916801,11.524003827585078,11222324
2009-10-30,11.520523071289062,12.229237187993872,11.457835454726506,11.981970343210843,9643307
2009-11-02,11.506593704223633,11.631968150984354,11.374253611105908,11.388184105190433,7019788
2009-11-03,10.99638557434082,11.372508788607364,10.91802647153997,11.266288706971958,11893114
2009-11-04,11.341166496276855,11.489178065851474,11.280220696798365,11.384698982010258,9589479
2009-11-05,11.374250411987305,11.447385685018421,11.076486284508336,11.172258703888573,8239969
2009-11-06,11.5657958984375,11.727737156890528,11.24713242403191,11.35335571184525,8710288
2009-11-09,11.821770668029785,11.872268806502753,11.640674253581313,11.736445896694313,5108756
2009-11-10,11.78346061706543,12.046398150108175,11.713804165061433,11.77649497186503,7422492
2009-11-11,11.987194061279297,12.077741857740493,11.875750128016689,11.908834945875357,5431712
2009-11-12,11.868785858154297,12.10734605458078,11.868785858154297,11.987195450281058,5380912
2009-11-13,11.945403099060059,11.980228930384843,11.705101907990342,11.753859030200294,6126264
2009-11-16,12.471277236938477,12.572273491317773,12.055103539546408,12.055103539546408,11255505
2009-11-17,12.330230712890625,12.551376736436882,12.31455841292684,12.462570763578498,5424896
2009-11-18,12.530485153198242,12.66630726798657,12.394663038409913,12.415558379779132,6687457
2009-11-19,12.297148704528809,12.53396708205083,12.25535722614257,12.48520995795218,5295095
2009-11-20,12.180474281311035,12.474759571183915,12.119531682949868,12.403366110641954,7424503
2009-11-23,12.422524452209473,12.537450430942265,12.328493016933335,12.328493016933335,4638216
2009-11-24,12.342421531677246,12.574016046569607,12.243166283220912,12.276251099829919,5046678
2009-11-25,12.4434175491333,12.579240442704739,12.264062966946634,12.502622338744235,5073509
2009-11-26,11.877490997314453,12.36331718753135,11.776494734351056,12.31978390248023,10331260
2009-11-27,12.058588027954102,12.136947146583841,11.499626528029795,11.527488311121774,8569282
2009-11-30,11.743409156799316,12.17177234137819,11.480470847448931,12.032467435489764,8950686
2009-12-01,12.225751876831055,12.258836690482722,11.839180982139315,11.875748617919907,6169744
2009-12-02,12.251873970031738,12.457348531840672,12.166549205533734,12.189186355354455,6186865
2009-12-03,12.351129531860352,12.57575923945853,12.300631392921682,12.40162767079902,5158610
2009-12-04,12.506105422973633,12.67675335155555,12.196151775310152,12.218788126082938,5527480
2009-12-07,12.671526908874512,12.767302540122028,12.338940089561325,12.420781234971804,5607402
2009-12-08,12.31281852722168,12.78993484541916,12.183961286811636,12.554860706644742,6334914
2009-12-09,12.140429496765137,12.401626016278305,12.015055071563294,12.276251591076463,4556128
2009-12-10,12.197895050048828,12.262323687538203,11.997644289580792,12.136949235874166,4760152
2009-12-11,12.253616333007812,12.396404094510764,12.189187699175633,12.241427650042462,5152521
2009-12-14,12.528738975524902,12.587947761394092,12.347646566355754,12.363318070916318,5884778
2009-12-15,12.662822723388672,12.704614997704443,12.513070135169697,12.624514070333465,5273082
2009-12-16,12.927502632141113,12.990189445212193,12.634962307674266,12.711579612386625,5885419
2009-12-17,12.79864501953125,12.913571771949146,12.647150627769962,12.842177505181832,5959308
2009-12-18,12.796903610229492,13.026757122272345,12.789935569186534,12.84217790784844,13673531
2009-12-21,12.883970260620117,12.946657876767661,12.634963204010804,12.86133311026847,4722369
2009-12-22,12.990187644958496,13.042427580345592,12.833470234684908,12.91008752877921,3541738
2009-12-23,13.031982421875,13.190442481355344,12.917055652933545,13.052878561059554,2565789
2009-12-28,13.112083435058594,13.17128823136621,12.991932830263217,13.126013928388065,1906180
2009-12-29,13.112083435058594,13.197407407215572,13.08073962540992,13.164322585386754,2524989
2009-12-30,12.965811729431152,13.131236622834045,12.84740294573165,13.063325174266364,1678546
2010-01-04,13.07725715637207,13.092929460935316,12.871782573858296,12.969296029803921,4417005
2010-01-05,12.969293594360352,13.080737523084956,12.8404363521152,13.059842185763749,4685893
2010-01-06,12.972777366638184,13.000637552229904,12.753371516925057,12.95188122915768,4346902
2010-01-07,12.788198471069336,12.868298603080502,12.65934121611916,12.833472771234975,7727686
2010-01-08,12.86307430267334,12.9379505971291,12.621032104698852,12.85785046801705,5816450
2010-01-11,12.955363273620605,13.119046346429817,12.901379125931543,12.951880451144836,5026976
2010-01-12,12.634961128234863,13.0250148577802,12.593169657212147,13.004118722954207,6020881
2010-01-13,12.601876258850098,12.671524717106214,12.399883750468375,12.537446842844913,5987956
2010-01-14,12.920536994934082,12.953622611403095,12.699390939136427,12.746406248625924,7185287
2010-01-15,12.708100318908691,12.976261741648413,12.647153706082443,12.885713925839687,7483027
2010-01-18,12.925762176513672,12.972777487997918,12.624514383346915,12.737700131947305,3943211
2010-01-19,12.78471565246582,12.840437622340353,12.443418187669614,12.763819514448176,8553798
2010-01-20,12.396403312683105,12.718546461526783,12.304113696994346,12.692426487740727,6975881
2010-01-21,12.105605125427246,12.596655248685865,12.079485149153886,12.502624611908958,7031873
2010-01-22,11.903611183166504,12.070777084069205,11.588433707677538,11.980228488432234,10772837
2010-01-25,11.666791915893555,11.867041820646055,11.567536670811158,11.687687252566088,7048017
2010-01-26,11.792167663574219,11.823510672122765,11.38818259023514,11.54315981545248,7909179
2010-01-27,11.466541290283203,11.69639480302476,11.355097356500472,11.651120505268187,10121164
2010-01-28,11.255843162536621,11.771271368191137,11.255843162536621,11.675498935897696,8530357
2010-01-29,11.64067554473877,11.830478638455398,11.386443811983781,11.440424779456334,9381738
2010-02-01,11.691171646118164,11.752117451109555,11.476989624664066,11.492661927904026,5937804
2010-02-02,11.759082794189453,11.799132460040427,11.46480064791382,11.672017018457472,6480997
2010-02-03,11.959331512451172,12.171771682081296,11.804354313901499,11.826991459710865,11225516
2010-02-04,11.527487754821777,12.07948278404788,11.496143150527274,12.013313148799798,8040789
2010-02-05,11.255843162536621,11.600622640986016,11.147881250218042,11.600622640986016,11479798
2010-02-08,11.60062313079834,11.680724062409581,11.351615275499176,11.419526726570602,9627443
2010-02-09,11.60584545135498,11.786942630582226,11.485694868244986,11.691170206741555,6327449
2010-02-10,11.712064743041992,11.877489609650764,11.611068491878127,11.638930270233315,6096862
2010-02-11,11.412561416625977,11.806098017199286,11.234947043789223,11.792167525131465,8505875
2010-02-12,11.30459976196289,11.564055282472388,11.053850899023034,11.468283646465114,9953549
2010-02-15,11.147881507873535,11.530970447272072,11.102608006653847,11.33594355413848,4809511
2010-02-16,11.358579635620117,11.384698807207391,11.081710826389847,11.231463405587915,6837162
2010-02-17,11.506593704223633,11.6563463159749,11.457836575613054,11.529230856939671,7466415
2010-02-18,10.968525886535645,11.61629332136876,10.421753114264062,11.508329020817552,37633309
2010-02-19,11.248878479003906,11.255844124936527,10.761311215750728,10.865790314333985,15616289
2010-02-22,10.935443878173828,11.36032356519907,10.923254395882923,11.353358717196778,8884034
2010-02-23,10.883203506469727,11.109574235239835,10.796137718692073,11.034697929285077,8211088
2010-02-24,10.776983261108398,10.966786340784523,10.597628650854697,10.952855846850767,10291275
2010-02-25,10.5697660446167,10.87623768602034,10.484442075375812,10.709071771779852,8526172
2010-02-26,10.677727699279785,10.827480294094752,10.53842277418926,10.641160056614849,6665114
2010-03-01,10.916288375854492,10.985940846642489,10.703848938923215,10.848377715979625,5954218
2010-03-02,11.059075355529785,11.16529546576947,10.879719956497297,10.935442727801354,5875083
2010-03-03,11.126986503601074,11.231464800181698,10.940666262416412,10.965044425134638,6303886
2010-03-04,11.113055229187012,11.24713311813346,10.994645649519178,11.055592249972221,6137694
2010-03-05,11.48743724822998,11.527487710795246,11.146139807022452,11.147880818974679,8307973
2010-03-08,11.496145248413086,11.56231569436569,11.39863258833448,11.482215552941415,5850737
2010-03-09,11.410820007324219,11.487438115706794,11.231464616156575,11.457835319878106,5701795
2010-03-10,11.53271198272705,11.58495112819806,11.346390952968573,11.43345672783983,4605151
2010-03-11,11.558832168579102,11.687689430839571,11.449130033344174,11.452608863167951,4644075
2010-03-12,11.67898178100586,11.699877918427767,11.503109218774725,11.562314009735866,6619016
2010-03-15,11.607588768005371,11.783461337196808,11.600623122379275,11.719032708987715,5215917
2010-03-16,11.879234313964844,11.933214476190868,11.672017927286513,11.701619925970803,6022912
2010-03-17,11.962817192077637,12.049882979808725,11.816547403428535,12.013315332989078,6498048
2010-03-18,12.063813209533691,12.11257033710125,11.900130107199434,11.962816929924045,6127508
2010-03-19,11.971522331237793,12.150877719391165,11.933213677005023,12.049881450387154,15091837
2010-03-22,11.980228424072266,12.035950390740485,11.813062524067613,11.908834953764616,6183317
2010-03-23,11.997640609741211,12.100377876292967,11.877490030586305,12.011571100097878,5526158
2010-03-24,12.011573791503906,12.065554753217357,11.766048744124763,12.032469931035692,6514359
2010-03-25,12.19441032409668,12.25535692739164,12.015055732871275,12.060329234380669,7286396
2010-03-26,12.182221412658691,12.307595842397337,12.114309963730909,12.138688924041011,5594493
2010-03-29,12.171773910522461,12.372024638724065,12.13694728024598,12.283217849600181,5265106
2010-03-30,12.0359525680542,12.311079628591902,11.959335249339937,12.288443274338679,5555404
2010-03-31,12.138687133789062,12.18744344995978,11.990675576237036,12.095153852962433,5794333
2010-04-01,12.330230712890625,12.35983270384342,12.21008014010467,12.217045784228402,5326645
2010-04-06,12.365059852600098,12.481728433231373,12.27799406948713,12.370284486408197,6540119
2010-04-07,12.335453987121582,12.48520654406742,12.286696876354801,12.396399776608163,5915008
2010-04-08,12.251873970031738,12.314560786079642,12.116051869736797,12.291920441741395,4877122
2010-04-09,12.31456184387207,12.427747602698068,12.225755047642103,12.363318970434682,4141127
2010-04-12,12.3319730758667,12.446899827467417,12.222270957245879,12.42600369143578,3313919
2010-04-13,12.537447929382324,12.554861243399348,12.18222079575931,12.338939024653856,8406294
2010-04-14,12.770783424377441,12.796902595063019,12.537447108267482,12.62451287402107,8556837
2010-04-15,12.786457061767578,12.850885691265246,12.60361964192269,12.816059858326446,6065674
2010-04-16,12.725507736206055,13.01804800624024,12.641924801910573,12.793419169807082,13006659
2010-04-19,12.643668174743652,12.802127417442236,12.579240349659623,12.708097597086372,5485820
2010-04-20,13.582237243652344,13.665820197843038,13.401140044276454,13.51258398319738,21536473
2010-04-21,13.390693664550781,13.686716855481984,13.366314701591428,13.60313389323996,9103037
2010-04-22,13.181735038757324,13.568306003685763,13.136460738743082,13.394175247781634,10289186
2010-04-23,13.536961555480957,13.620544501099529,13.16954415823201,13.307108055715233,8818560
2010-04-26,13.745920181274414,13.763333497212358,13.495171306833942,13.672784893238587,6109069
2010-04-27,13.20959758758545,13.895673821405788,13.20959758758545,13.67278591633616,11270719
2010-04-28,13.15213394165039,13.296663517946804,12.823025915958207,13.204373893934175,11253951
2010-04-29,13.510838508605957,13.582235968937313,13.122528965403362,13.181733752055983,10026080
2010-04-30,13.51780891418457,13.686715838343503,13.362831684067984,13.512584280631938,8254337
2010-05-03,13.448155403137207,13.52303170003248,13.260093356236792,13.341935298653636,4379169
2010-05-04,13.014567375183105,13.542181841710725,12.88571092875787,13.536962000413178,10424839
2010-05-05,12.892678260803223,13.13646230651876,12.748149484551435,13.13646230651876,10267829
2010-05-06,12.861332893371582,13.141684551956144,12.756854599726823,12.829989884455786,11110267
2010-05-07,12.485210418701172,12.871782207011826,12.293666335352931,12.624515351796154,17436644
2010-05-10,13.237455368041992,13.237455368041992,12.756853039879584,12.798644511953302,13173302
2010-05-11,13.46208667755127,13.491688674407916,12.944916648186004,13.002379629835751,8821219
2010-05-12,13.857362747192383,13.989703615706132,13.258351606718854,13.355865048191289,11948347
2010-05-13,14.407618522644043,14.468560331256272,13.93746382571009,14.000151438086357,9549715
2010-05-14,14.13075065612793,14.411101522938267,13.980998058881632,14.27876224126835,12817235
2010-05-17,14.308363914489746,14.466823165932135,13.933982429860821,14.003634093328603,8664919
2010-05-18,14.59742259979248,14.599163611998106,14.235229767925091,14.390207007627142,8505891
2010-05-19,14.000153541564941,14.574786613956997,13.87651931022468,14.41806835809926,14015849
2010-05-20,13.37328052520752,14.153388183150872,13.014569708520392,14.139458487888499,15908368
2010-05-21,13.523032188415527,13.56482446579551,12.924020992990737,13.286213808828983,14423365
2010-05-24,13.40288257598877,13.627513088618187,13.019790398679893,13.5822387836409,5490735
2010-05-25,12.95188045501709,13.080737698995119,12.770784068404218,12.976258615096107,8500915
2010-05-26,13.317556381225586,13.536962223269773,13.05984268550309,13.05984268550309,8830980
2010-05-27,13.907862663269043,13.993186631116965,13.442932571706628,13.442932571706628,8877496
2010-05-28,14.0349760055542,14.165575859210932,13.913084406066568,14.122042574658687,7249439
2010-05-31,14.278761863708496,14.304881836382402,14.038460670722605,14.052390364460091,3132623
2010-06-01,14.275279998779297,14.428516232298666,13.93746611628962,14.191697034293906,7219108
2010-06-02,14.20040225982666,14.275278558126331,13.921789211808225,14.104630621829129,5713537
2010-06-03,14.369312286376953,14.62354320535345,14.32229537124384,14.539960240548426,6360351
2010-06-04,14.062835693359375,14.508612972159712,13.885222144902365,14.470304324184523,7038857
2010-06-07,13.958357810974121,14.142937008975457,13.772034406636534,13.806864226570916,5935657
2010-06-08,14.014083862304688,14.073289462243055,13.74592164340236,13.982740848637798,6349429
2010-06-09,14.60612964630127,14.64443830487887,14.062839585430424,14.13771748759267,9033239
2010-06-10,15.06409740447998,15.231263349888517,14.50165295185664,14.527772930312809,10855201
2010-06-11,14.8829984664917,15.281758953089078,14.675782869454007,15.128524319248482,8890262
2010-06-14,14.808120727539062,15.100661868912919,14.757621793726296,15.044939898866355,6557404
2010-06-15,14.741951942443848,14.902152216300777,14.529511719667562,14.62702437427304,6531202
2010-06-16,14.32751750946045,14.835980856097,14.200401273486637,14.785481925199484,10230184
2010-06-17,14.736727714538574,14.780261006503732,14.259608904184354,14.278763233197239,7392947
2010-06-18,15.017077445983887,15.111109668849164,14.74891686042554,14.792445357266505,13821534
2010-06-21,15.497679710388184,15.600413798334099,15.33225640955492,15.34792711551797,5985920
2010-06-22,15.487226486206055,15.495933140733479,15.231254676519479,15.375782586061588,5449291
2010-06-23,15.306136131286621,15.548178334063907,15.248671553039086,15.29568846176673,5509631
2010-06-24,15.123297691345215,15.56385040007091,15.062351089938321,15.494197141320175,6649589
2010-06-25,14.632246017456055,14.968318800609241,14.536474394603736,14.968318800609241,8182101
2010-06-28,15.058868408203125,15.100660681080022,14.578266055041466,14.67578029358178,5067052
2010-06-29,14.376274108886719,14.876030808033276,14.303138826352225,14.801154513487717,6484192
2010-06-30,14.599162101745605,14.797672612347323,14.390205518990758,14.494683810368182,6239649
2010-07-01,14.076766967773438,14.564334917595037,13.991443015800746,14.44070072042747,7379863
2010-07-02,14.028011322021484,14.449408066708234,13.991443684106738,14.243933528548496,4938626
2010-07-05,13.9130859375,14.226522426259258,13.9130859375,14.12726876271726,3506490
2010-07-06,14.351898193359375,14.609612720227299,13.98273971944142,13.98273971944142,5579925
2010-07-07,14.607868194580078,14.625281508679798,14.127267433914263,14.278761030419675,5764301
2010-07-08,14.480753898620605,14.741950421756227,14.329258701285323,14.630506486697897,6059834
2010-07-09,14.499908447265625,14.618316458221866,14.414586061126569,14.557374634852412,4421733
2010-07-12,14.475530624389648,14.609612519802917,14.411101993556542,14.557372571367795,3148241
2010-07-13,15.255637168884277,15.255637168884277,14.418066624286338,14.418066624286338,8815193
2010-07-14,15.165087699890137,15.490717697136022,14.997924962276754,15.335740448412453,5923823
2010-07-15,15.07105827331543,15.44718236972825,14.912599020837197,15.13897052241952,6070065
2010-07-16,14.992698669433594,15.567331636001155,14.952649006034694,15.11110824496006,10522984
2010-07-19,14.846428871154785,15.053641246470578,14.696676281467683,14.990955230270442,4530628
2010-07-20,14.425034523010254,14.931755357819174,14.383242241224703,14.853397025702394,6952137
2010-07-21,14.263090133666992,14.644437277701932,14.181248188237626,14.498168299917547,5811481
2010-07-22,14.717570304870605,14.804636870576305,14.193436287808364,14.205624968103727,5652579
2010-07-23,14.795930862426758,14.91433884136191,14.53647536031878,14.637471622608327,4096581
2010-07-26,15.029268264770508,15.036232313392286,14.752399414289046,14.884738699726862,3389795
2010-07-27,14.397171974182129,15.107626312221642,14.212592743919613,15.037974646471751,11492625
2010-07-28,14.44070053100586,14.618310882436145,14.372789892123862,14.592195706254367,5644618
2010-07-29,14.430256843566895,14.66533342550603,14.324037527952594,14.487719830567691,5068424
2010-07-30,14.409358024597168,14.512095290964156,14.207362320957069,14.388462688414382,4912610
2010-08-02,14.418065071105957,14.482493690462078,14.153384949012509,14.327516482185153,6583415
2010-08-03,14.627019882202148,14.66358751576372,14.395425402064998,14.395425402064998,6129507
2010-08-04,14.515581130981445,14.661851717235175,14.445929459639975,14.592200045893705,5520009
2010-08-05,14.67055606842041,14.78200000284599,14.473788171186255,14.498167130813865,5557866
2010-08-06,14.266571044921875,14.888219273500335,14.223037763653247,14.776775351259474,5899648
2010-08-09,14.616573333740234,14.625279989885934,14.31184356315782,14.461597729412127,3959843
2010-08-10,14.357117652893066,14.553888761692553,14.223040550989172,14.553888761692553,4564541
2010-08-11,13.996668815612793,14.268314622874229,13.900897176855835,14.228263358000468,5556654
2010-08-12,13.60661506652832,14.069804152968626,13.41855381256273,13.935723858226927,9909706
2010-08-13,13.632734298706055,13.897414446817612,13.543928310166782,13.749402868660086,5568117
2010-08-16,13.914828300476074,13.979255331401982,13.662336824010747,13.725024440104288,5360984
2010-08-17,14.296175003051758,14.315329329992029,13.975772883923682,14.019306171178277,6413934
2010-08-18,14.148164749145508,14.31184704949196,14.104631457812404,14.231747710149728,4301525
2010-08-19,13.88870906829834,14.357118014233867,13.808608132502144,14.268315212035198,6071705
2010-08-20,13.662338256835938,13.913087150248362,13.617063951423546,13.8277631735038,5876405
2010-08-23,13.634476661682129,13.768558559676324,13.547411676539886,13.644924332118485,3294132
2010-08-24,13.463826179504395,13.599647466850225,13.291436455261099,13.56133881671378,4542114
2010-08-25,13.336708068847656,13.519549472690878,13.108599553347272,13.392433232182642,5270721
2010-08-26,13.263575553894043,13.455117220010461,13.183475425947353,13.408105104675906,4882664
2010-08-27,13.375018119812012,13.375018119812012,13.096408313166755,13.230489382443443,5166814
2010-08-30,13.277508735656738,13.521291976820283,13.153874505584385,13.42552033149009,2770409
2010-08-31,13.359347343444824,13.359347343444824,12.894417303176049,13.059842184344651,6868875
2010-09-01,14.088955879211426,14.101146156307017,13.33845121542151,13.408103666737816,9098171
2010-09-02,14.278761863708496,14.425032432875348,14.00711766186918,14.033232842766774,6816507
2010-09-03,14.506871223449707,14.708863740441984,14.257864996843868,14.299655670837524,7092217
2010-09-06,14.365827560424805,14.578267779300502,14.304882551730106,14.531249270522174,3806245
2010-09-07,14.402397155761719,14.404138168144492,14.156872881055035,14.275280890192379,4067634
2010-09-08,14.627019882202148,14.6496578253518,14.318808111653473,14.36582341233858,4967590
2010-09-09,15.00314998626709,15.025786341363872,14.55562994879769,14.623543805865152,6592535
2010-09-10,15.246931076049805,15.330514032400831,14.926530542000274,14.97528686722367,6580038
2010-09-13,15.206878662109375,15.54991708333957,15.205137650319198,15.431507517246745,6334045
2010-09-14,15.375788688659668,15.393202004625804,15.165086287662351,15.173797737421964,6018372
2010-09-15,15.365338325500488,15.494195563258437,15.304393327559488,15.354890657203704,6574465
2010-09-16,15.342704772949219,15.401905575321468,15.191209561892647,15.219070548180667,5204381
2010-09-17,15.488969802856445,15.581262609779321,15.18946780870414,15.42802799130033,14225428
2010-09-20,15.845941543579102,15.845941543579102,15.445440115761917,15.488968608724328,6886076
2010-09-21,15.892955780029297,15.98524859216163,15.764101712320677,15.802410369102752,7236709
2010-09-22,15.619571685791016,15.737981274247606,15.403649446082289,15.673552645032904,6236356
2010-09-23,15.443700790405273,15.717086014997514,15.248672292382022,15.614348729602078,4695856
2010-09-24,16.06534767150879,16.07753635255176,15.323548791941663,15.34966716599679,6589421
2010-09-27,16.162858963012695,16.25863218315586,15.96783209633768,16.061862707398674,4758063
2010-09-28,16.100175857543945,16.242962811711266,15.863356678097981,16.107139906094417,5073940
2010-09-29,16.1158447265625,16.316096239251056,16.02181410926378,16.15241236631852,4749011
2010-09-30,16.180273056030273,16.57381042926372,15.976539523153926,16.01310716224756,6491424
2010-10-01,15.851166725158691,16.31957881556958,15.710119197177297,16.131517574606008,6336607
2010-10-04,15.24867057800293,15.737979585659247,15.205138890663362,15.737979585659247,7824735
2010-10-05,15.563850402832031,15.63002004030173,15.180760674152491,15.23300061822481,5274350
2010-10-06,15.407132148742676,15.739721347695518,15.335737878050903,15.689224012961965,6155594
2010-10-07,15.800668716430664,15.84071838375957,15.391460593607748,15.49767990153786,5996178
2010-10-08,15.8233060836792,15.884251088481466,15.54121261887331,15.74146414267219,4331620
2010-10-11,15.993953704833984,16.12455196661141,15.828528813980254,15.896441060130792,3739226
2010-10-12,16.516347885131836,16.622568791650647,15.901665187151723,16.027040421524937,8780082
2010-10-13,16.69396209716797,16.789733730877856,16.44495425226352,16.646945189064493,6770291
2010-10-14,16.507640838623047,16.730530316401108,16.427541504848175,16.71659902523926,4735338
2010-10-15,16.620824813842773,16.761873951028104,16.431024142065954,16.542468086483666,6110098
2010-10-18,16.63823699951172,16.75316293834741,16.450174194246358,16.591221697509987,3600660
2010-10-19,16.382266998291016,16.6469455544473,16.31957938336919,16.542467261083438,4166646
2010-10-20,16.64694595336914,16.680031572310913,16.281271119203332,16.298684434724393,3587662
2010-10-21,17.0753116607666,17.108395685665002,16.596450229173392,16.598191241442944,5618874
2010-10-22,17.171079635620117,17.240732889576467,16.93774091541462,17.052670062249494,4543327
2010-10-25,17.308643341064453,17.43053493686809,17.19371739003038,17.308643341064453,4677337
2010-10-26,16.97431182861328,17.26162830801682,16.821075627544033,17.141477722184117,5495757
2010-10-27,16.584259033203125,17.10142904540146,16.552914428064607,16.855903226604195,5989998
2010-10-28,16.361371994018555,17.082275587230885,16.27778903816461,16.751425788003633,11524472
2010-10-29,16.518091201782227,16.622569503394228,16.14196707981656,16.28649664823263,5613119
2010-11-01,16.596446990966797,16.843713810990025,16.485003060352156,16.75142420612111,3713888
2010-11-02,16.85938835144043,16.934266256788238,16.446694956271056,16.514608812314986,4104408
2010-11-03,16.83500862121582,17.117100496195818,16.753166678052352,16.89073059137919,4315066
2010-11-04,17.413122177124023,17.461880094802343,16.995207436544085,17.099685722374407,5336149
2010-11-05,17.04396629333496,17.5698413725868,17.014362699806753,17.44098412081736,6503797
2010-11-08,17.042224884033203,17.097946856437634,16.897696916567316,17.092723819982822,3193238
2010-11-09,17.427053451538086,17.510636399579408,16.944710089054297,16.967346438681492,4397499
2010-11-10,17.125804901123047,17.381778366690817,16.960380024474624,17.327797415709725,4708668
2010-11-11,17.259885787963867,17.32605541539651,17.05789328490097,17.259885787963867,3816826
2010-11-12,17.371334075927734,17.493225693669157,16.6887390998651,16.92555828658361,5869066
2010-11-15,17.72307777404785,17.900691350822584,17.153667804429624,17.153667804429624,5579863
2010-11-16,17.22854232788086,17.73700564270426,17.22854232788086,17.58725306587613,4302803
2010-11-17,17.158893585205078,17.30690517529099,17.057897309842783,17.223322216086906,3582603
2010-11-18,17.695213317871094,17.74745165534512,17.343468257426046,17.427051194642935,5811873
2010-11-19,17.670841217041016,17.76138983346599,17.475814287880564,17.71959755001636,5597008
2010-11-22,17.60814666748047,17.966857370123744,17.52108170730885,17.75790082680848,4665085
2010-11-23,17.244216918945312,17.851935560811924,17.24247590684564,17.4688458140143,5433397
2010-11-24,18.123579025268555,18.123579025268555,17.31909250671163,17.454915403795393,6881056
2010-11-25,18.085269927978516,18.32905313467922,17.942481389025673,18.109648887552066,4376577
2010-11-26,17.94944953918457,18.08527245189152,17.639496652966873,17.925072173467708,3911556
2010-11-29,17.339988708496094,18.13054557291059,17.339988708496094,18.085271271629583,6381864
2010-11-30,17.367849349975586,17.737007801368474,17.066603147787973,17.413123650359505,7143920
2010-12-01,18.0887508392334,18.09571648400574,17.444466233368882,17.590735190036455,6268872
2010-12-02,18.628564834594727,18.680803194275754,18.067861394118093,18.214131995743227,7971313
2010-12-03,18.788759231567383,19.077816721874253,18.346465540722466,18.457909469383363,7266075
2010-12-06,18.6738338470459,18.86886074481548,18.597216536522552,18.788761410089727,3522333
2010-12-07,18.85841178894043,18.935030691497722,18.322087457332877,18.69472950918968,5206593
2010-12-08,18.548458099365234,18.823585897791805,18.44746183914863,18.75045061979845,4884305
2010-12-09,18.56239128112793,18.854930825660613,18.16188822324507,18.75393455514969,8973685
2010-12-10,19.109159469604492,19.130056403889984,18.57980081561878,18.64597044770967,5664462
2010-12-13,19.07085418701172,19.15443714713774,18.952446191444015,19.15443714713774,3538548
2010-12-14,18.844482421875,19.109160971034672,18.708659526011235,18.980305317738765,3934889
2010-12-15,18.77134895324707,18.875827253945385,18.517116451595218,18.74000594221524,4056119
2010-12-16,18.94896125793457,19.008165251619584,18.705178040426112,18.705178040426112,3929597
2010-12-17,18.69472885131836,18.97333867647136,18.656418602758507,18.830550142793797,11345075
2010-12-20,18.76438331604004,18.980307160778782,18.729556683371353,18.76438331604004,3085739
2010-12-21,19.036027908325195,19.133540556807553,18.788761068462648,18.813140029212626,3492047
2010-12-22,18.921100616455078,19.17184948402271,18.921100616455078,19.049957873056908,2679040
2010-12-23,18.83055305480957,18.987271305350866,18.820105384408002,18.910653990900112,2258696
2010-12-27,17.959896087646484,18.614630050037515,17.862383436353955,18.56239170015181,4584610
2010-12-28,17.935518264770508,18.053926252989157,17.7683523548937,17.994722258879833,2927497
2010-12-29,17.872831344604492,17.97730964302759,17.841486736996373,17.93551896256189,2468956
2010-12-30,17.667354583740234,18.00516839894497,17.625562311192137,17.93551674104301,2353810
2011-01-03,18.00865364074707,18.12357960539446,17.674321819308712,17.726560168121708,3724212
2011-01-04,18.10616683959961,18.231542075073808,17.768352983739913,18.022583881703092,3643353
2011-01-05,18.6668701171875,18.813140692325465,17.876313245493662,17.97382749467192,8332321
2011-01-06,19.01512908935547,19.304188176566278,18.57283699631189,18.63204098436836,6521668
2011-01-07,18.990753173828125,19.436528921856574,18.886273284939897,18.983787528450495,5984000
2011-01-10,18.774831771850586,19.203195857626863,18.746970784001824,18.893241369522556,4748752
2011-01-11,19.14398765563965,19.234536253143805,18.645971966625513,18.77134719351723,5441098
2011-01-12,19.112646102905273,19.47483892324285,19.04299283882631,19.22409004762453,5725522
2011-01-13,19.14398765563965,19.21015729312077,18.89672082315021,19.102196978181563,4621765
2011-01-14,19.48528289794922,19.70817074511625,18.9106499673144,18.9837852418234,8499418
2011-01-17,19.812654495239258,19.843999105689235,19.422600654987257,19.450461643576688,4462929
2011-01-18,20.359424591064453,20.578830453572277,20.03554043094955,20.04947172250187,8173727
2011-01-19,19.87882423400879,20.390769660878835,19.850961650272236,20.34897738253288,5605016
2011-01-20,19.283288955688477,19.885782822494416,18.987265855987044,19.878818775731318,7603365
2011-01-21,19.077816009521484,19.66638023407189,19.060402696661093,19.415631403947668,8421551
2011-01-24,18.98727035522461,19.17184958335334,18.586768889330855,19.112645588287403,5531627
2011-01-25,19.227569580078125,19.565384992015083,18.8444814690677,18.962891044301024,5196841
2011-01-26,19.59673309326172,19.694247356234985,19.297227852092146,19.32508884190464,4828435
2011-01-27,19.467872619628906,19.903200713637574,19.373841994106375,19.5479735511616,5652323
2011-01-28,19.084787368774414,19.676833794273012,19.03254741455076,19.621111815338065,5140113
2011-01-31,18.60418128967285,18.931547453052087,18.423084094659618,18.91761775965192,7219804
2011-02-01,18.56239128112793,18.868860519562745,18.471842680358304,18.806174501114963,6068769
2011-02-02,18.283781051635742,18.980307321886126,18.182784774394616,18.879311044644997,9050340
2011-02-03,18.461395263671875,18.47880698197351,17.84845198662411,18.311641069303796,8019800
2011-02-04,18.349946975708008,18.62159112014269,18.196710793425346,18.489251869938414,5145336
2011-02-07,18.6738338470459,18.75741680323286,18.24895501770628,18.33950202229805,4887559
2011-02-08,19.251951217651367,19.321602885136613,18.736522169773284,18.8061754345174,7363744
2011-02-09,19.164886474609375,19.42608302616159,19.036029211021958,19.23453814296915,4280895
2011-02-10,19.32159996032715,19.37383990097741,18.997715842264515,19.171847380506755,4667408
2011-02-11,19.680313110351562,19.777827358696204,19.105680082015173,19.27284599581271,5658914
2011-02-14,19.70120620727539,19.927577688057216,19.68379289357997,19.88578541573648,3748761
2011-02-15,19.4957332611084,19.77782672996078,19.419115952368223,19.645485854467385,3835527
2011-02-16,18.64597511291504,19.69424661190816,18.642493088292223,19.509667361719,18172685
2011-02-17,18.447463989257812,18.94547970351565,18.08875320235264,18.82358809173942,13371104
2011-02-18,18.329055786132812,18.524082699157418,18.127063226899736,18.475326370216,7424255
2011-02-21,18.186267852783203,18.649456946143445,18.10965054035759,18.336020453345576,5691410
2011-02-22,18.475326538085938,18.597218160176478,18.074825037714465,18.10965167181432,6908726
2011-02-23,17.862382888793945,18.499703515933472,17.817108588774975,18.499703515933472,6995963
2011-02-24,17.583776473999023,17.796216724528744,17.289494265040602,17.68477276341539,9488128
2011-02-25,17.7857666015625,17.93551920401199,17.6778046801413,17.76138763945675,6393147
2011-02-28,17.778797149658203,17.911136407595873,17.639492247287357,17.796210462111873,5593606
2011-03-01,17.768352508544922,18.27681588813183,17.646460897863044,17.956413759467885,8330288
2011-03-02,17.273818969726562,17.569842139866125,17.01610445493323,17.535017105988796,10521081
2011-03-03,17.127548217773438,17.524567655703535,17.06486219909405,17.46536366119785,7522792
2011-03-04,16.79844093322754,17.423571285170897,16.650429350551033,17.238992059844488,10067846
2011-03-07,16.92381477355957,17.162373339958464,16.316096189587256,16.542466075190795,8110144
2011-03-08,17.151926040649414,17.390486209446937,16.89072952170728,17.023068793149672,7956400
2011-03-09,17.350435256958008,17.535016071639802,17.186752975339243,17.273817950785023,5986954
2011-03-10,16.962125778198242,17.3173497632861,16.90988582938494,17.204167999300573,6586478
2011-03-11,16.643461227416992,17.009137599480958,16.573809573898195,16.803663065301468,6901870
2011-03-14,16.429283142089844,16.666102322782322,16.263858237486236,16.29868486945728,6842288
2011-03-15,15.769325256347656,15.92952551834535,15.168572277282852,15.758877586788977,17510334
2011-03-16,15.454146385192871,16.09320796118966,15.40539006586365,15.967832743190385,10544303
2011-03-17,15.628277778625488,15.948675076474384,15.462852899549482,15.532504555484397,10029730
2011-03-18,15.985247611999512,16.298684090236172,15.657881439995707,15.793702742575158,16320347
2011-03-21,16.319580078125,16.35962655169573,16.058383534966325,16.298684738014426,8021659
2011-03-22,16.18201446533203,16.349180363219965,16.10365614949773,16.333509658408307,5630775
2011-03-23,16.4902286529541,16.4902286529541,16.02007394434365,16.06012361009542,6436034
2011-03-24,17.07008171081543,17.162371304950994,16.389229525543566,16.441467863657163,8168054
2011-03-25,17.063121795654297,17.30516401308891,16.93078091345109,17.292973733528534,4972385
2011-03-28,16.810630798339844,17.021330011427317,16.65043052258966,16.98302135400394,6699143
2011-03-29,16.838491439819336,16.998691712282568,16.601673854081366,16.89073138828422,4411726
2011-03-30,17.355661392211914,17.355661392211914,16.98127988895912,17.06834487193965,7999135
2011-03-31,17.360885620117188,17.479293610860783,17.242476032114773,17.36610865645415,6309845
2011-04-01,17.966859817504883,17.998204421352728,17.43053550080993,17.52108409396802,8175251
2011-04-04,17.95641326904297,18.106165860855203,17.942481978183864,18.039996222421337,4846749
2011-04-05,18.25592041015625,18.25592041015625,17.97034488951133,18.00517152313462,6289572
2011-04-06,18.318605422973633,18.447462671225622,18.280296770346073,18.336018737305924,6711993
2011-04-07,18.165369033813477,18.40218818965742,18.13402602668355,18.308157571008955,7358625
2011-04-08,18.123579025268555,18.342984875036464,18.043478096640886,18.283779285265148,7220298
2011-04-11,17.639497756958008,17.848454377152297,17.507158457684355,17.838006705868484,9988333
2011-04-12,17.576807022094727,17.649942305400458,17.346953502742256,17.468845109165557,33571148
2011-04-13,17.79621124267578,17.83451989285071,17.552426454890206,17.688249339631085,35904104
2011-04-14,18.12909507751465,18.289304754666567,18.00711883020099,18.09632571329905,9021743
2011-04-15,18.012577056884766,18.29294270054297,17.97616721390113,18.205556071478586,17065134
2011-04-18,17.704904556274414,18.170966580788804,17.610235290058306,17.954319413492737,6361463
2011-04-19,17.870576858520508,18.078119499895926,17.768624944723463,17.786830703256744,5156910
2011-04-20,18.613359451293945,18.718951831779282,18.13273384937235,18.13273384937235,7292039
2011-04-21,18.678905487060547,18.7590094999513,18.424028171528022,18.751728531468068,4526191
2011-04-26,18.91921615600586,18.97019127693302,18.518694485955386,18.584233211456034,3836065
2011-04-27,19.217784881591797,19.549125625941603,18.955625006617034,18.98839436475898,6003902
2011-04-28,19.330663681030273,19.476308084515725,19.010244323415556,19.46174280919382,5639776
2011-04-29,19.002962112426758,19.170452747990222,18.83546980691668,19.079425627997313,6802820
2011-05-02,19.119476318359375,19.308813182564574,19.021164897967378,19.043012808024766,4596268
2011-05-03,18.80634117126465,19.017525962718725,18.58059277519993,19.006602841774086,7121857
2011-05-04,18.475004196166992,19.08671078506388,18.39125802502837,18.533261966538124,8060843
2011-05-05,18.442235946655273,18.59516302065429,17.987096879244493,18.5332630921586,6144489
2011-05-06,18.68982696533203,18.86095976867529,18.256535901038674,18.420384396645797,7911709
2011-05-09,18.46043586730957,18.72623625041956,18.28930308438129,18.558745620924864,5625118
2011-05-10,18.58059310913086,18.817266300340354,18.449513985492782,18.467718074096588,3929418
2011-05-11,18.496849060058594,18.74808588474927,18.405821926887462,18.642493475100515,3468591
2011-05-12,18.525976181030273,18.53325881857642,18.19099489326791,18.300227776673317,4509385
2011-05-13,18.409456253051758,18.733516011838507,18.354840659396793,18.65341035790073,4173071
2011-05-16,18.23832893371582,18.292944538652392,17.954321108259084,18.22376365910164,4957000
2011-05-17,17.885141372680664,18.16914754635641,17.814140246748416,18.16914754635641,5096681
2011-05-18,17.945215225219727,18.087219114177728,17.852367877396173,17.990729613336974,3249733
2011-05-19,18.099966049194336,18.362125970616727,17.95978404403543,18.014396310721693,4629635
2011-05-20,17.78683090209961,18.256535135647884,17.63390386466777,18.18735425441602,7439090
2011-05-23,17.25522804260254,17.52467059402449,17.17512404189222,17.386308834625464,6703051
2011-05-24,17.4409236907959,17.65939111147127,17.166020425645748,17.166020425645748,7531487
2011-05-25,17.55015754699707,17.606595064572584,17.115046262988006,17.22609938632477,5680872
2011-05-26,17.431819915771484,17.779546193250773,17.31530440938763,17.68487692682727,5346551
2011-05-27,17.506467819213867,17.70672952506571,17.324411874798276,17.59931686854937,4387035
2011-05-30,17.499181747436523,17.703083897592713,17.451848780924973,17.55015686748892,1827127
2011-05-31,17.87967872619629,18.069015598326185,17.6411853068397,17.6411853068397,6278029
2011-06-01,17.66303062438965,17.965244179206973,17.544694876752086,17.914267392884483,4429176
2011-06-02,17.23155975341797,17.50100227661092,17.220631623712148,17.47733412527831,4885246
2011-06-03,17.320770263671875,17.491903074081907,17.04768719978761,17.329873143797805,5785830
2011-06-06,17.186044692993164,17.395409213793343,17.107760945377503,17.24794292647416,3856573
2011-06-07,17.149639129638672,17.359003723053632,17.009457099922106,17.153281284013158,4497102
2011-06-08,17.237022399902344,17.246125279130187,16.863809361400772,17.003991363584227,6147406
2011-06-09,17.26979637145996,17.43728703982454,17.0404057798248,17.237025332685256,7425342
2011-06-10,16.962120056152344,17.35718102854673,16.865630532986156,17.320769509628153,6511669
2011-06-13,16.978500366210938,17.074989859783013,16.756392506855338,17.02947547509442,3006131
2011-06-14,17.1678409576416,17.289818867322317,17.04768495970413,17.11322535400939,5069090
2011-06-15,16.978500366210938,17.255223817246613,16.86198487736513,17.113221608932182,5995651
2011-06-16,17.102296829223633,17.102296829223633,16.641697267750626,16.840136979189143,7215092
2011-06-17,17.237022399902344,17.440924556680695,16.83103498830856,17.067711518179124,12573696
2011-06-20,17.31713104248047,17.322593439459865,16.94573814629456,17.085921855996652,4642959
2011-06-21,17.68123435974121,17.755877619079907,17.37538202650167,17.47733224759942,7765026
2011-06-22,17.808677673339844,17.92883535058089,17.633904388213534,17.770445912846792,5682570
2011-06-23,17.75223731994629,17.910626732398168,17.612055333812194,17.80867483070808,5326916
2011-06-24,17.84872817993164,18.314791904489354,17.772264665353678,18.016220483267457,8387878
2011-06-27,17.9288330078125,18.07993811815461,17.6921598380801,17.848727343470333,3913418
2011-06-28,18.347562789916992,18.478643588633624,17.932475820576634,18.041708706209338,7145599
2011-06-29,18.69346809387207,18.79906049121273,18.475000661800816,18.536898904748565,7528133
2011-06-30,18.897371292114258,18.908294413827516,18.536899925843002,18.75536736994841,4968722
2011-07-01,18.78449249267578,18.984754137207542,18.678900110646047,18.89736751103946,4994773
2011-07-04,19.061222076416016,19.061222076416016,18.711675490458816,18.799062136948116,3695776
2011-07-05,19.228710174560547,19.334302567104707,18.98839651118234,19.002961785300577,6199771
2011-07-06,19.286968231201172,19.381637504602782,18.992037290211012,19.22506999010214,4905912
2011-07-07,19.163171768188477,19.52000098173027,19.163171768188477,19.370716091243374,5499878
2011-07-08,19.075782775878906,19.50543330483054,18.966549901898187,19.23963292182326,6242756
2011-07-11,18.569669723510742,18.944704670426386,18.416742689822165,18.71531411989352,6117330
2011-07-12,18.817264556884766,18.911932154650763,17.877856186440972,18.27837949754881,10353203
2011-07-13,19.359786987304688,19.450815764841142,18.799057399433515,18.813621001871514,6799771
2011-07-14,19.392560958862305,19.603745750867706,19.188658804154556,19.221428167074027,5147071
2011-07-15,19.396202087402344,19.64379840418118,19.18865944211893,19.28696920409248,7551782
2011-07-18,18.751726150512695,19.294251750654006,18.740803029227884,19.254199749294134,5787456
2011-07-19,19.079425811767578,19.210504932617766,18.89736990008161,18.94106238371613,4099262
2011-07-20,19.097631454467773,19.31245841631246,18.87916567861953,19.20686601233866,4118146
2011-07-21,19.024808883666992,19.22142840349549,18.57331041485885,19.174093765398506,5771302
2011-07-22,19.10491371154785,19.297892756004163,18.897371061633738,19.26148123743956,4082575
2011-07-25,19.31245994567871,19.425333326491675,18.88280765791166,18.919219180085406,4573794
2011-07-26,18.864599227905273,19.352509214143197,18.828189380829606,19.316097697120867,5402371
2011-07-27,18.58059310913086,18.951985907709858,18.387614072431838,18.624285593694665,7167019
2011-07-28,18.59515953063965,18.744444422034007,18.256536074601936,18.504130732273893,5084506
2011-07-29,18.445871353149414,18.66069662655568,18.19099407995011,18.3147922329128,5397668
2011-08-01,17.8432674407959,18.864598426254915,17.695802807057955,18.759006033345297,6951267
2011-08-02,17.264333724975586,17.806859399597318,17.05314889795231,17.663035221366865,8986005
2011-08-03,16.505159378051758,17.171481431617792,16.224793713074742,16.858346404479803,13189111
2011-08-04,15.969914436340332,16.923886441840764,15.893450922963993,16.923886441840764,11816712
2011-08-05,15.281743049621582,16.035453322109806,15.126992455763013,15.36548919210241,17302890
2011-08-08,14.20397663116455,15.512955955424678,14.034660741305288,15.001379491797532,17694147
2011-08-09,14.156641006469727,14.699166553349837,13.024255278491166,14.156641006469727,21629661
2011-08-10,13.35195541381836,14.746501020981778,13.148053275613986,14.746501020981778,18373532
2011-08-11,13.706964492797852,13.861711766876082,12.845841485395932,13.743376009038995,15314189
2011-08-12,14.154821395874023,14.311388909144288,13.333750402154617,13.739734459560653,9544745
2011-08-15,13.98733139038086,14.511652093466967,13.883560062931902,14.391494413307736,7392979
2011-08-16,13.861711502075195,13.90904613829512,13.248180638030837,13.801633503392958,9216091
2011-08-17,13.836223602294922,14.047408383335641,13.559499263844748,13.734272530234332,6277601
2011-08-18,12.984204292297363,13.699682916481686,12.789405015119712,13.654169355402917,12782436
2011-08-19,12.647401809692383,13.04610410055979,12.113979069896732,12.976922381680914,16586235
2011-08-22,12.365214347839355,12.73296663514736,12.29239215406417,12.419831619400698,8342261
2011-08-23,12.47626781463623,12.816711452981563,12.279644141676796,12.561834202123913,8259978
2011-08-24,13.12620735168457,13.375623903756981,12.478089366634308,12.667427917974528,11516067
2011-08-25,13.016974449157715,13.570424028072152,12.667428709010423,13.373803662080087,10911380
2011-08-26,12.958717346191406,13.071591550802822,12.576400576085176,12.973281786624279,8334942
2011-08-29,13.182646751403809,13.35377873381702,12.984206127499506,13.188108312707339,3957700
2011-08-30,13.171720504760742,13.442983273330409,12.96053573125419,13.379263124964185,5500170
2011-08-31,13.71606731414795,13.87991746659707,13.149874417782947,13.240902373029492,9890057
2011-09-01,13.441161155700684,13.794345627093312,13.111640659266595,13.750655655331354,9878230
2011-09-02,12.911382675170898,13.21359460468708,12.709300751532954,13.188107042733835,8155796
2011-09-05,12.068465232849121,12.76573812186446,11.997463273624158,12.587323520332003,9572452
2011-09-06,11.780817031860352,12.28875303805173,11.69707170844334,12.083029795886427,10300954
2011-09-07,12.47626781463623,12.536346644032797,12.194081929055303,12.379778307248532,8295012
2011-09-08,12.239595413208008,12.587321686087733,12.030231719815538,12.505396617373597,8432099
2011-09-09,11.782637596130371,12.379779625554352,11.704353836888528,12.223212107070664,9358501
2011-09-12,11.569634437561035,11.686149974400625,11.260139834087514,11.442195777886102,10738270
2011-09-13,11.806304931640625,11.941022033320204,11.312934221571814,11.939205131358204,9860947
2011-09-14,12.470807075500488,12.529064832099351,11.647915846054902,11.662480285204618,10592223
2011-09-15,12.822175025939941,13.053384981607772,12.565476674866014,12.680171114300194,9843713
2011-09-16,13.251823425292969,13.417494628669646,12.918662446955032,13.071588619722425,22528105
2011-09-19,12.889534950256348,13.333750777591613,12.75117319090492,12.98784554423972,6901341
2011-09-20,13.393829345703125,13.395649587510189,12.694735420661411,12.780301815112898,6502219
2011-09-21,12.889534950256348,13.361059415082549,12.856765587235214,13.359238338265826,7219920
2011-09-22,11.91917896270752,12.438037226288868,11.777175050799093,12.416190984440382,13015121
2011-09-23,11.79902172088623,12.141286456158305,11.289266353971758,12.104874941034913,10781302
2011-09-26,11.704353332519531,12.03933543215145,11.438552109937838,11.58055518256022,10776393
2011-09-27,12.543627738952637,12.554550858237262,12.135823492576886,12.270543912024696,10567239
2011-09-28,12.534527778625488,12.885894598855703,12.28147072478479,12.432576693302519,6833743
2011-09-29,12.680170059204102,12.887713513969272,12.350649537903003,12.438036167806944,6300622
2011-09-30,12.245057106018066,12.561834264476822,11.988358777254088,12.532705387950035,9690330
2011-10-04,11.274702072143555,11.844536279963343,11.110851921749965,11.766251688351025,11576902
2011-10-05,11.871844291687012,11.904614489339986,11.294728271517702,11.538682424657289,8476575
2011-10-06,12.21592903137207,12.330624303340118,11.73347812047674,12.044797079287017,9639934
2011-10-07,12.372496604919434,12.61645158927146,12.092131774800187,12.234134849142832,7055639
2011-10-10,12.87861156463623,12.998768398164865,11.96105188445752,12.51632082224433,7330517
2011-10-11,13.053386688232422,13.057028007334125,12.601889003797357,12.751174737232953,6113208
2011-10-12,13.781607627868652,13.930893339997155,12.889534673679623,13.027897265035463,11162572
2011-10-13,13.532191276550293,13.890840705184853,13.384725804106717,13.706964551317999,8826082
2011-10-14,13.770683288574219,13.970944103236938,13.435700378085452,13.621396754682278,7203052
2011-10-17,13.29369831085205,14.191229473303812,13.113463480665907,13.981868269725176,8133003
2011-10-18,13.286419868469238,13.326471877533292,12.751175967903439,13.035183020751976,8343074
2011-10-19,13.151694297790527,13.581344804701626,13.029717232947576,13.417495502135813,5240983
2011-10-20,12.738429069519043,13.15897758054703,12.689274189719061,12.860406148091837,9099053
2011-10-21,13.370162963867188,13.428420725453593,12.77484031456772,12.805790272268851,7977731
2011-10-24,13.58316707611084,13.726990393290757,13.2299792120078,13.521263825066802,6007057
2011-10-25,13.745195388793945,14.085639871398127,13.422957498141772,13.50124125118247,8906420
2011-10-26,13.797991752624512,14.196693159508822,13.60501273021392,13.763401314923735,7650487
2011-10-27,14.225823402404785,14.509831238086255,13.86717395896501,14.29136380063487,14083126
2011-10-28,14.273158073425293,14.309569591405944,13.836224867497585,14.309569591405944,9008576
2011-10-31,13.472114562988281,14.245850175597646,13.441164604100932,14.178489531809966,8115101
2011-11-01,12.674711227416992,12.96235873735646,12.470809047084863,12.933230689425296,12695302
2011-11-02,12.896815299987793,12.940508611239139,12.505395740246211,12.853121988736447,7223530
2011-11-03,13.248181343078613,13.453907919811481,12.525424243666492,12.603708004287656,10875832
2011-11-04,12.740248680114746,13.38654639280211,12.64193892538587,13.38654639280211,7432269
2011-11-07,12.59096622467041,12.894998426021335,12.356114078297017,12.592786466784167,6665815
2011-11-08,12.47808837890625,12.915022370909101,12.405267021041244,12.631015401353237,6185170
2011-11-09,12.235954284667969,12.762095141239593,11.966512593028035,12.712940266243566,10235913
2011-11-10,12.10305404663086,12.347008178898927,11.833611521161524,11.833611521161524,9355310
2011-11-11,12.396161079406738,12.42711437589027,11.937384980761536,12.16495445816158,7929607
2011-11-14,12.255982398986816,12.550913369829058,12.070285986947441,12.489014287491468,5340643
2011-11-15,11.835434913635254,12.232316142875458,11.809947350420092,12.112159294899115,9155049
2011-11-16,11.735302925109863,12.119439917850736,11.593299846768938,11.766252046359384,8820976
2011-11-17,11.52593994140625,11.746226792770255,11.460399541099358,11.615146827129845,9317021
2011-11-18,11.51319408416748,11.666120271230927,11.347523700276557,11.438551649823488,6839777
2011-11-21,11.067158699035645,11.494989001536656,10.997977820710197,11.48770719933186,7778328
2011-11-22,10.868719100952148,11.31475520217144,10.83776997755121,11.225548315916935,7815529
2011-11-23,10.615660667419434,10.941539881631071,10.612019348971273,10.741279056608118,10425736
2011-11-24,10.719433784484863,11.028928370213533,10.622944256700118,10.777691549564453,6761832
2011-11-25,10.846871376037598,10.95974556740808,10.564684645151488,10.772228105716954,5295151
2011-11-28,11.702531814575195,11.768072205605845,10.976130128013995,11.087184076446354,10530755
2011-11-29,11.607863426208496,11.711634738272247,11.342062212621427,11.542323034924774,7569908
2011-11-30,12.237776756286621,12.376138518717754,11.33660171870698,11.436731721789156,12900594
2011-12-01,12.143107414245605,12.405268167668309,12.022950576212978,12.192262294583195,7016314
2011-12-02,12.354291915893555,12.660145146791377,12.316060157659663,12.368856355460117,8129176
2011-12-05,12.656505584716797,12.727507550572946,12.354293630510808,12.52360536834206,7295425
2011-12-06,12.490832328796387,12.696555541355169,12.38341970085539,12.468986088863486,5444942
2011-12-07,12.38706111907959,12.776660498695103,12.177698242352895,12.681992060218915,6009429
2011-12-08,11.948308944702148,12.583682783385383,11.857280980326772,12.498116379976253,8337187
2011-12-09,12.438036918640137,12.512679356407311,11.800842912535764,11.833612274497959,8094401
2011-12-12,12.037515640258789,12.37977955475281,11.950128167332952,12.374317994252442,6852844
2011-12-13,11.890049934387207,12.248699358343513,11.731661343080013,12.104875206410316,7098272
2011-12-14,11.52593994140625,11.9228211572275,11.52593994140625,11.800844071350458,7502737
2011-12-15,11.70981502532959,11.844536297405972,11.549606193257846,11.647915949649455,7000532
2011-12-16,11.569634437561035,11.800845269092141,11.544146037647279,11.800845269092141,15495492
2011-12-19,11.413065910339355,11.826332680296815,11.323859016721233,11.48770919701531,5839230
2011-12-20,12.08484935760498,12.103055115793225,11.360268698440661,11.442193775314447,8070070
2011-12-21,12.28147029876709,12.547271542168108,12.18861792164498,12.283290540683984,7105587
2011-12-22,12.428929328918457,12.489011495728294,12.312417168091232,12.34154604327124,4625746
2011-12-23,12.521782875061035,12.610987251662623,12.44167887287402,12.554553073670878,3091618
2011-12-27,12.530887603759766,12.645582055718863,12.510860766618476,12.583682972216874,1784428
2011-12-28,12.041156768798828,12.580041900005588,11.999283689422438,12.569117943446509,4419756
2011-12-29,12.205005645751953,12.205005645751953,11.982897743733789,12.097589673318893,3267008
2011-12-30,12.350650787353516,12.352471029212358,12.064820212195427,12.1977245870375,2854902
2012-01-02,12.876790046691895,12.876790046691895,12.350649204810148,12.350649204810148,5342994
2012-01-03,13.35195541381836,13.395648729147867,13.038819569803588,13.082512885133097,7669522
2012-01-04,13.240901947021484,13.355597217040366,13.115283556516982,13.248180409127674,4823739
2012-01-05,13.4320650100708,13.539477677340583,13.186289710996414,13.290061058619706,7406550
2012-01-06,13.279136657714844,13.563143698332999,13.149876919969467,13.468474406469124,5826257
2012-01-09,13.37380313873291,13.599552377150953,13.246364496950473,13.304622257190827,6208823
2012-01-10,13.93089485168457,14.045590137163403,13.495781030660428,13.599553194181295,8360416
2012-01-11,13.914508819580078,13.976404560116682,13.697862455561545,13.894482818406045,5815166
2012-01-12,13.898122787475586,14.233104884070563,13.839865031546024,13.89266122722885,5941531
2012-01-13,13.825301170349121,14.14389859951868,13.512165301654546,14.072895808423922,7147662
2012-01-16,14.325956344604492,14.400597958969248,13.838046303425775,13.92361271008474,7589303
2012-01-17,14.872118949890137,14.944936965001949,14.684602332555192,14.728294811568734,10961021
2012-01-18,15.061457633972168,15.09604723522316,14.637267851122276,14.892145101184271,8416215
2012-01-19,15.088767051696777,15.174333452828172,14.828424024510781,15.136101692108756,7932381
2012-01-20,15.27628231048584,15.385515174962856,14.775629037551036,15.076020667322638,10555309
2012-01-23,15.177972793579102,15.562108901579677,15.12153528393472,15.305411415708694,7591189
2012-01-24,15.07055950164795,15.218022461263285,14.852093754877732,15.106971016091833,5972834
2012-01-25,15.281743049621582,15.314514077958014,14.857553282405384,15.110611951434024,6429581
2012-01-26,15.795141220092773,15.864323766665683,15.234411570082841,15.365490686336276,7707398
2012-01-27,15.54754638671875,15.944427553667577,15.434671359531265,15.665882139123763,6765967
2012-01-30,15.418286323547363,15.52934111244986,15.208923448152715,15.325438962442586,5539089
2012-01-31,15.381875038146973,15.78785905836823,15.363669281999798,15.503851266408025,6145183
2012-02-01,15.966272354125977,16.00450410698601,15.418284453114332,15.443772845003153,7857212
2012-02-02,16.05548095703125,16.148329986859412,15.74052569221738,16.075506956414333,6276079
2012-02-03,16.550670623779297,16.55794992036471,15.997221980409906,16.064582610454806,7724363
2012-02-06,16.556135177612305,16.71998533503565,16.41049077878563,16.494236934340968,5285975
2012-02-07,16.252098083496094,16.676291258824985,16.055481901535614,16.603469894042583,5831734
2012-02-08,16.246639251708984,16.58162050579681,16.22843349464713,16.354051882416698,6837351
2012-02-09,16.9967098236084,17.1241501410264,16.5980083635373,16.5980083635373,12545214
2012-02-10,16.878372192382812,17.29527936605362,16.652623803786078,16.93116922347307,7761451
2012-02-13,17.131427764892578,17.220631293821846,17.00034865906026,17.05860641052939,5384347
2012-02-14,17.098663330078125,17.27525687696024,16.845606253629136,17.109586452880976,5342595
2012-02-15,16.96758270263672,17.440925775784113,16.752755739811438,17.266152486329045,6628862
2012-02-16,16.867450714111328,16.960299753029503,16.461466621494875,16.625316786090817,7668385
2012-02-17,17.3990478515625,17.47187086670705,17.076810017418826,17.095015771204963,7568293
2012-02-20,17.622982025146484,17.805037955808935,17.477337614605887,17.49554337466681,4955662
2012-02-21,17.468229293823242,17.7376751782981,17.368102635370537,17.62297990567646,5191222
2012-02-22,17.422719955444336,17.59749491423816,17.23520330281055,17.524671875578502,5321933
2012-02-23,17.08773422241211,17.522847089722763,16.683570470527638,17.42271543753104,7792026
2012-02-24,17.27525520324707,17.295281204769896,16.943914387190503,17.182407833444895,4663046
2012-02-27,16.780065536499023,17.113228290584903,16.54885470993224,17.102303498037198,8990968
2012-02-28,16.77096176147461,16.931171447617356,16.616211131420762,16.902042565586562,6476643
2012-02-29,16.528823852539062,16.943910739198884,16.503335460658175,16.894755866957915,7882908
2012-03-01,16.74365234375,16.760037860989623,16.039096811753595,16.312181529311516,8156048
2012-03-02,16.836498260498047,17.01491199534676,16.76549213902659,16.7855231462479,4789777
2012-03-05,16.749114990234375,16.88929366009989,16.457826179095235,16.663548588847238,6040334
2012-03-06,15.866143226623535,16.6344171386023,15.855215096796734,16.596185383673383,9693505
2012-03-07,16.03363609313965,16.184741222378353,15.696832888293457,15.798784805684761,5695520
2012-03-08,16.812833786010742,16.85834818544253,16.130126144267788,16.133766628243617,9428371
2012-03-09,17.09137535095215,17.215173487278975,16.667185586597235,16.81465187322366,5768338
2012-03-12,17.357175827026367,17.38084230526313,16.976678574257065,17.04403919609141,5215791
2012-03-13,17.375385284423828,17.486438403579395,17.104117488018524,17.473695041039342,6625382
2012-03-14,17.57200813293457,17.82324496750351,17.31348865984048,17.473698357659234,8110070
2012-03-15,17.63936424255371,17.701262479221157,17.43910258930283,17.572003610911374,5983165
2012-03-16,17.196969985961914,17.615697410538893,17.196969985961914,17.48461829073367,17243763
2012-03-19,17.15509796142578,17.207893324388678,16.949373895187446,17.102300928516247,4604369
2012-03-20,16.401386260986328,16.7582188325076,16.221153908033646,16.676292910324033,11227364
2012-03-21,16.46510887145996,16.718165922604573,16.31400206957875,16.599830155801904,6992137
2012-03-22,16.31035614013672,16.559776040591082,16.16653698972676,16.476031553064566,8098642
2012-03-23,16.563419342041016,16.603471346667458,16.270308605548447,16.385003893313343,5834043
2012-03-26,16.985788345336914,17.12050964368538,16.559778204599038,16.70542262579374,6137884
2012-03-27,17.03493881225586,17.284355340682282,16.98942609053237,17.218814950666804,6071372
2012-03-28,16.669010162353516,17.069531840424883,16.645342008270994,16.934810563175667,4974826
2012-03-29,16.117382049560547,16.732729020220166,16.024533012919303,16.60347013563128,10001431
2012-03-30,16.461467742919922,16.694498807118684,16.292156840939757,16.35951748730639,7280983
2012-04-02,16.801910400390625,16.801910400390625,16.219329436702264,16.661728390266692,7585522
2012-04-03,16.66354751586914,16.918424791717467,16.596186878258944,16.803729516601727,6479760
2012-04-04,16.277587890625,16.488772662377734,16.1046348735852,16.40502651635262,12318167
2012-04-05,16.585275650024414,16.714922636832537,16.27373203441218,16.59688037059274,8203053
2012-04-10,15.7957763671875,16.349199768112737,15.7957763671875,16.248577008859986,8840321
2012-04-11,15.9854097366333,16.258252008037744,15.733854618640347,15.797710753980265,7035627
2012-04-12,16.16537094116211,16.335653979991758,15.892528651721475,16.14795143500098,7407715
2012-04-13,15.594527244567871,16.163435437161144,15.441661944426505,16.146019481783522,8097852
2012-04-16,15.807384490966797,15.981535149354224,15.433921275060307,15.457141362845297,5780741
2012-04-17,16.430469512939453,16.430469512939453,15.74352972746534,15.79577581699505,7127282
2012-04-18,16.265995025634766,16.47110999358012,16.14408687204855,16.391772603157644,4844790
2012-04-19,15.809321403503418,16.505938333756784,15.731920508455776,16.351134768696582,11297823
2012-04-20,15.956387519836426,16.00282770594171,15.685479926017008,15.861568885768841,8110049
2012-04-23,15.286857604980469,15.77061893282773,15.248158047725926,15.743529420246029,7158919
2012-04-24,15.586793899536133,15.631299374446865,15.321692212100253,15.356522352252334,5802291
2012-04-25,15.991215705871582,16.08990197677198,15.677737388096256,15.677737388096256,5748488
2012-04-26,16.50980567932129,16.54463758642891,15.991214245381576,16.10731646082269,10513460
2012-04-27,16.283405303955078,16.463365423231895,15.946708703313407,16.144083001094828,9008163
2012-04-30,16.163434982299805,16.505937520310354,16.084097604439823,16.505937520310354,4332532
2012-05-02,16.01056671142578,16.56398833976102,15.83254128276392,16.4865874457486,5409096
2012-05-03,15.755141258239746,16.20407250316785,15.631298401013371,16.037657110675543,6641626
2012-05-04,15.203649520874023,15.745462801263301,15.1127021078302,15.697086140077301,7321017
2012-05-07,15.232677459716797,15.269444081898744,14.706345353786768,14.834058513125692,5448783
2012-05-08,14.803098678588867,15.190107602951178,14.692800580469056,15.163016312633953,5718949
2012-05-09,14.841801643371582,14.977254567990713,14.520584403566454,14.847606667285815,6539726
2012-05-10,14.847603797912598,15.08948448083505,14.68119018625606,14.973382250022453,7480478
2012-05-11,15.182365417480469,15.248158037200874,14.706344711398605,14.791487109732925,5744553
2012-05-14,14.905652046203613,15.077871535008429,14.748913798510609,15.046910827749395,4970823
2012-05-15,14.6792573928833,15.060460447606404,14.574764306517055,14.98886367800609,5743306
2012-05-16,14.762462615966797,14.907591739006023,14.299986619006189,14.493491524736836,7351365
2012-05-17,14.561216354370117,14.795356394504113,14.537995377775383,14.772136305391761,3666957
2012-05-18,14.334816932678223,14.507035562496615,14.201298749595983,14.299985909377979,8642749
2012-05-21,14.392868995666504,14.62894466501718,14.23806542354844,14.373518327281122,5547443
2012-05-22,14.845667839050293,14.923069615584136,14.503160873281987,14.675383930675837,6127449
2012-05-23,14.671516418457031,14.913397127197468,14.56702422207586,14.698606823540565,7408365
2012-05-24,14.743110656738281,14.955965324414809,14.632813455869762,14.861148479149717,7360511
2012-05-25,14.72569465637207,15.000469841568314,14.621202484540857,14.760525676143258,5724803
2012-05-28,14.648296356201172,14.94629258772378,14.570894564737657,14.872761107704083,3019950
2012-05-29,15.068199157714844,15.215262102291073,14.795357760558982,14.822449050334574,5965163
2012-05-30,14.68505859375,15.04304234856441,14.59604588918502,14.967574399598453,7722083
2012-05-31,14.48575210571289,14.799229582044008,14.323207900399513,14.683126451465515,7539576
2012-06-01,13.746561050415039,14.458657313619556,13.522095480228995,14.435436339556524,12852224
2012-06-04,13.48726749420166,13.642071064473724,13.398255663165845,13.564669279337691,6175066
2012-06-05,13.444695472717285,13.692381161911975,13.258931205821268,13.62852502797237,4816585
2012-06-06,13.680770874023438,13.734952564828093,13.442760506787232,13.642070427005065,7737831
2012-06-07,13.7252779006958,14.10648269169001,13.680771541345415,13.742693857063665,7512710
2012-06-08,13.669157981872559,13.707859308313283,13.495004675336078,13.628522831584963,4947273
2012-06-11,13.632390975952148,14.164532528221176,13.495006924081009,14.127766794465375,6706207
2012-06-12,13.545318603515625,13.833640363919448,13.495008108817547,13.545318603515625,6028196
2012-06-13,13.26086711883545,13.727213427447648,13.495008072790895,13.587890214653596,8286623
2012-06-14,13.001570701599121,13.226035422636034,12.765495047806683,13.15830897523311,9688076
2012-06-15,13.169919967651367,13.342135059932438,13.065427777713913,13.121544183879491,15874688
2012-06-18,13.444695472717285,13.560797695786095,13.258931205821268,13.382774050418613,7732034
2012-06-19,13.698185920715332,13.79300276397966,13.417603926647367,13.421474237337156,5756423
2012-06-20,13.754302978515625,13.862665470644812,13.553058350275709,13.68077062181614,4071523
2012-06-21,13.572407722473145,13.76784820976006,13.524031944172805,13.70399118842332,6622906
2012-06-22,13.489201545715332,13.835573496037526,13.421474214945365,13.435019858595835,7164649
2012-06-25,13.109932899475098,13.454371038845927,13.109932899475098,13.433084773015088,5348363
2012-06-26,12.926104545593262,13.080908118446144,12.790650753735113,13.049947403875567,6243625
2012-06-27,13.102191925048828,13.102191925048828,12.715183039400996,12.972544059292103,5814579
2012-06-28,13.086712837219238,13.427280689577183,12.846767748617381,13.23571138356115,7481870
2012-06-29,13.67883586883545,13.68270617969899,13.421474839870074,13.605304399840321,8496297
2012-07-02,14.0252103805542,14.100677452867176,13.564669099489079,13.698187288013779,6903370
2012-07-03,14.342559814453125,14.342559814453125,14.003927503141059,14.017472263103961,5571757
2012-07-04,14.325142860412598,14.505102127912597,14.185819642427035,14.334818194819132,4482056
2012-07-05,14.143244743347168,14.59024395992671,13.936198617540558,14.338687922473184,7534818
2012-07-06,13.674966812133789,14.087131438617044,13.659482904812284,14.050365700747612,6092537
2012-07-09,13.661419868469238,13.789133018387309,13.58208338233654,13.709796532254611,4243461
2012-07-10,13.781394004821777,14.001989309961901,13.595629724173772,13.746563867812128,4659363
2012-07-11,13.669157981872559,13.808481159591098,13.504679119463999,13.645937895993931,5512332
2012-07-12,13.634329795837402,13.779458015705208,13.479526242980759,13.572407487212358,5993963
2012-07-13,14.085197448730469,14.120028476517282,13.578215052560891,13.663357466319486,6552270
2012-07-16,14.150985717773438,14.20516651437415,13.943936088830826,14.06390861343155,3570257
2012-07-17,14.152920722961426,14.381256620466587,14.069713927359295,14.203232097622084,4005322
2012-07-18,14.51284122467041,14.54573664820826,14.087130105468727,14.222583885437196,4407236
2012-07-19,14.727632522583008,14.806969911693963,14.532192892675221,14.53606320403046,6826080
2012-07-20,14.522515296936035,15.058522718034896,14.512840851278018,14.723756368872893,10339360
2012-07-23,14.10261058807373,14.396737334809274,13.949738198811307,14.31933555935255,6006838
2012-07-24,13.982640266418457,14.19549496067233,13.945873640722477,14.046492858519796,5598210
2012-07-25,14.55734634399414,14.84566807714205,14.26515430008687,14.390932743648067,10030206
2012-07-26,14.801162719726562,14.801162719726562,14.063910625791081,14.402543759187635,10480125
2012-07-27,15.219130516052246,15.219130516052246,14.586370720345405,14.872756822504389,6404291
2012-07-30,15.515195846557617,15.57518256895969,15.259771260791615,15.286860778997923,6069542
2012-07-31,15.755141258239746,15.830607444685509,15.491974299151204,15.629360139245167,7012721
2012-08-01,15.54228401184082,15.747398943954206,15.37393215063374,15.64871090115822,4491636
2012-08-02,15.099162101745605,16.008634743270942,15.081746143247967,15.51132676977829,8760330
2012-08-03,15.648712158203125,15.660323978847606,15.015953131396115,15.099159937903597,6957003
2012-08-06,15.913812637329102,16.060877346574074,15.577116012791086,15.586791345964635,4719232
2012-08-07,16.178913116455078,16.23309391334706,15.859630694645874,15.900266736056027,5883676
2012-08-08,16.084095001220703,16.21567844748155,15.911875516775837,16.138275793811214,4396586
2012-08-09,16.000890731811523,16.153759576898143,15.770619220872513,16.095707577508847,4413917
2012-08-10,16.008634567260742,16.049268845033144,15.743532868445602,15.892530545173273,3356519
2012-08-13,15.801584243774414,15.940906579723041,15.683545514394018,15.921555910153629,3377834
2012-08-14,15.923487663269043,16.087966549081038,15.81899548698268,15.998955615559575,3440701
2012-08-15,15.768684387207031,15.871241853689009,15.722244208026789,15.838346430942202,3717788
2012-08-16,15.77061939239502,15.807386014067747,15.658386590667291,15.772555879034247,4170347
2012-08-17,16.182781219482422,16.215678412199463,15.828668694618914,15.848019357994394,7391767
2012-08-20,16.215682983398438,16.279539125559843,16.087968924110594,16.18278578140768,3546660
2012-08-21,16.322107315063477,16.424664778725372,16.188589141144497,16.254379984829022,3261493
2012-08-22,16.142148971557617,16.198266263515738,16.03765678476692,16.176980883797818,3112997
2012-08-23,15.940905570983887,16.31436885513156,15.877049430424698,16.252447426413863,4608759
2012-08-24,15.859633445739746,15.911879540192153,15.486170162255695,15.896400070522732,4208302
2012-08-27,16.084095001220703,16.086029712569555,15.731917186935567,15.807383354292513,1931172
2012-08-28,16.035720825195312,16.097642247731933,15.898333223618693,15.962189357803679,2725246
2012-08-29,15.998958587646484,16.08410011377564,15.818998425638835,16.029919303963005,3137891
2012-08-30,15.114639282226562,15.778358939071849,15.074003239973608,15.741594094868764,9151223
2012-08-31,15.093356132507324,15.302340509237593,14.835994197768121,15.151406362174077,7044682
2012-09-03,14.940485954284668,15.108834267899592,14.853407955026558,15.043043421765324,4849881
2012-09-04,14.617332458496094,14.994666909219603,14.557346634200975,14.969512107488296,4909986
2012-09-05,14.597982406616211,14.716020228807102,14.458659206445677,14.594112095851983,5515319
2012-09-06,15.205589294433594,15.205589294433594,14.609594202170394,14.646359940130369,8577472
2012-09-07,15.132055282592773,15.511324464286558,15.126251147266375,15.310080715304403,7274192
2012-09-10,15.004342079162598,15.164951546045911,14.965640746183754,15.112703681545577,5298228
2012-09-11,15.230744361877441,15.290731080759562,14.878565558657055,14.961773257826051,6548604
2012-09-12,15.164949417114258,15.344907750258717,15.04110658893949,15.308142909061905,7389491
2012-09-13,15.077872276306152,15.27911777086633,14.992730770899003,15.230741108719235,5626317
2012-09-14,15.52680492401123,15.700959149408787,15.306208743524069,15.441661635507758,10683655
2012-09-17,15.402963638305664,15.64484344672962,15.401023601536771,15.486170448600427,6022106
2012-09-18,15.166888236999512,15.354587241491108,15.010148172973384,15.286859899939628,6929647
2012-09-19,15.493905067443848,15.52099635117865,15.133986633366368,15.325556780926709,6021388
2012-09-20,15.180431365966797,15.424251246371375,14.878567458517317,15.315887841172273,12355762
2012-09-21,15.559700012207031,15.559700012207031,15.159145479918731,15.267507081185192,20413843
2012-09-24,15.519062042236328,15.544218615277632,15.327491889708645,15.461010050569858,5701387
2012-09-25,15.271379470825195,15.325560275685364,15.056589188206562,15.286858940085983,7226463
2012-09-26,14.766332626342773,15.155277141696695,14.71795595715412,15.093355715121191,8729143
2012-09-27,14.710216522216797,14.85727946958802,14.619269092275525,14.855341207844116,7770307
2012-09-28,14.57669734954834,14.822448332509794,14.57669734954834,14.814707710810927,5855821
2012-10-01,14.68505859375,14.760525655233609,14.456722697779984,14.634747219427593,6049499
2012-10-02,14.567023277282715,14.779877967675173,14.441244819905238,14.584438346389211,4469158
2012-10-04,14.901786804199219,15.010148422525091,14.656035788577753,14.830190037640484,5898549
2012-10-05,15.199782371520996,15.284923887971958,14.934680713518786,14.955966092631527,5683531
2012-10-08,14.812773704528809,15.093355723531953,14.793418599430234,15.093355723531953,4708913
2012-10-09,14.621203422546387,14.89404391372445,14.56895644579659,14.872758535688284,4948652
2012-10-10,14.652164459228516,14.71021557220588,14.462528989372112,14.549606990061797,4950725
2012-10-11,14.764396667480469,14.853408494144144,14.53219132347798,14.57669768055104,5702657
2012-10-12,14.721827507019043,14.983058880172845,14.721827507019043,14.764398269501392,4225803
2012-10-15,14.770201683044434,14.88436919266226,14.683123685899783,14.710214973337742,4293988
2012-10-16,14.835992813110352,14.903719258043909,14.586372411428183,14.8611485019398,5565905
2012-10-17,14.954032897949219,14.957902321829572,14.750852644929033,14.87663110810404,4300324
2012-10-18,15.310081481933594,15.393288292164536,14.86502054031616,14.938552903702872,7780592
2012-10-19,15.135929107666016,15.410706151517743,15.095293053469879,15.312018084194198,7838195
2012-10-22,14.936615943908691,15.13205556116234,14.88050042656248,15.128186137540176,4233313
2012-10-23,14.628946304321289,15.014017015991536,14.553479221651035,14.957903266322871,5879870
2012-10-24,14.63668441772461,14.665709531095656,14.187753197773004,14.609593128601706,7919309
2012-10-25,14.238064765930176,14.321271571165223,14.052300487968454,14.222584409433365,14890423
2012-10-26,14.199362754821777,14.241934398772731,13.969092130090505,14.125831286833861,6521704
2012-10-29,13.942001342773438,14.149051871864925,13.87427489913814,14.110350539797675,4542990
2012-10-30,14.071649551391602,14.102611150290986,13.990378349533852,14.007793416899997,4528184
2012-10-31,13.942001342773438,14.282570047525114,13.942001342773438,14.09099987376405,6935941
2012-11-01,14.127769470214844,14.238066692372154,13.943939879136751,13.951679614691132,4954568
2012-11-02,14.352231979370117,14.441243805465875,14.114221614221433,14.164532993638252,5626999
2012-11-05,14.290310859680176,14.296115882431785,14.137442893934573,14.243869790184842,3813423
2012-11-06,14.466400146484375,14.518647127451002,14.209039102668026,14.323206623612274,5181786
2012-11-07,14.168401718139648,14.663773978563373,14.168401718139648,14.539931135328041,6856470
2012-11-08,13.932328224182129,14.294182364091485,13.91297844255541,14.222585598373286,7007380
2012-11-09,13.996182441711426,14.01746781846053,13.750431478367506,13.951676089201804,6433308
2012-11-12,13.936195373535156,14.031013098167893,13.907170263939282,13.996182079170513,3040784
2012-11-13,13.986509323120117,14.05230106279346,13.760108989157805,13.868471489068165,5571323
2012-11-14,13.831705093383789,14.009729635646059,13.783329312461165,13.990378968284027,4728174
2012-11-15,13.787199974060059,13.866537362376027,13.671097734426612,13.746564811426124,4653767
2012-11-16,13.694313049316406,13.856860785135018,13.601434460876163,13.77752340393407,7159941
2012-11-19,14.048430442810059,14.13357284889488,13.816225090963918,13.83364015954645,7894426
2012-11-20,14.052301406860352,14.106483101883402,13.955548950557949,14.009730645581,4399199
2012-11-21,14.156791687011719,14.307724930478697,14.056169820527865,14.145181642317889,5262792
2012-11-22,14.199362754821777,14.288375466051797,14.112286530220642,14.25547915538595,4676548
2012-11-23,14.330947875976562,14.36577890232515,14.110352559078857,14.241936041959073,4349974
2012-11-26,14.317399978637695,14.462528196869737,14.191622426165226,14.330945622165872,3630155
2012-11-27,14.327075004577637,14.439307798599858,14.259348563352464,14.406407940087437,2902879
2012-11-28,14.37932300567627,14.400608384083332,14.210973802617104,14.265154604474642,4160345
2012-11-29,14.578631401062012,14.599913228616852,14.29417998493442,14.358036117387542,6282381
2012-11-30,14.69860553741455,14.795357989941412,14.576698281464239,14.60572339598456,5949427
2012-12-03,14.723756790161133,14.868888566384845,14.60378780318522,14.745045718615836,4777656
2012-12-04,14.776007652282715,14.870824501944766,14.690865248774335,14.706345605095636,3895304
2012-12-05,14.783746719360352,14.903719253564235,14.692799297272177,14.899849830270412,4552790
2012-12-06,14.957901000976562,15.023693625888344,14.822448990061723,14.874694195175863,6660013
2012-12-07,15.015950202941895,15.066261574384656,14.845666312082184,14.897913282415697,4529719
2012-12-10,15.046911239624023,15.066261904061175,14.87082232320352,14.94241907163512,3375869
2012-12-11,15.265573501586914,15.281054745752897,15.023693704954121,15.03917317415517,4604277
2012-12-12,15.424247741699219,15.441661922086773,15.240418179536539,15.250093513069567,5397680
2012-12-13,15.352654457092285,15.449406039347833,15.215265044831769,15.40683527215678,5558451
2012-12-14,15.739662170410156,15.739662170410156,15.385549506680984,15.422316136505378,6870045
2012-12-17,15.997018814086914,16.008630633414395,15.751267846008771,15.786099754061738,5547679
2012-12-18,16.15569496154785,16.15569496154785,16.02991739926303,16.06087811190075,4813417
2012-12-19,15.960254669189453,16.217615692914006,15.78803160790479,16.215680981262846,6671771
2012-12-20,15.971863746643066,15.977669656209695,15.803515443752055,15.848020908892273,3307160
2012-12-21,16.084095001220703,16.089899135267256,15.79190211357263,15.878980098951759,9031654
2012-12-27,16.1614990234375,16.25825235934454,16.10344879685816,16.10731822030849,2943314
2012-12-28,15.991215705871582,16.221485446270698,15.950579660511167,16.14795042734711,2068171
2013-01-02,16.486589431762695,16.486589431762695,16.138280929336496,16.265994993540826,5675972
2013-01-03,16.430469512939453,16.48465208908975,16.31823671229216,16.44401604445944,2816535
2013-01-04,16.498199462890625,16.556251471561716,16.277605024877662,16.457563411813883,3893348
2013-01-07,16.66461181640625,16.889077436139758,16.602690388546314,16.641391724700018,6215239
2013-01-08,16.447885513305664,16.823285249261364,16.397574135292434,16.658802808699356,4050047
2013-01-09,16.5272216796875,16.59687839424127,16.347263333992284,16.49239154744592,4427094
2013-01-10,16.598819732666016,16.813610002415658,16.49626226445127,16.540767732745085,4216595
2013-01-11,16.676219940185547,16.82715406880958,16.575598962734286,16.82715406880958,3726435
2013-01-14,16.894882202148438,16.9335817607158,16.563987930405872,16.68396135436978,4603933
2013-01-15,16.945192337036133,17.098061189309114,16.769103393901787,16.778778727588172,5522565
2013-01-16,16.918102264404297,16.94132235449942,16.796194128957627,16.848440219154078,3308635
2013-01-17,16.9838924407959,17.14837491088745,16.747820301495963,16.916170420639286,4219505
2013-01-18,16.77490997314453,17.040011641773877,16.678158407386764,17.02453039727225,5493772
2013-01-21,16.716856002807617,16.854245375483917,16.49239218365076,16.815544043746097,3371459
2013-01-22,16.645259857177734,16.74588261338619,16.397574164950655,16.718793100151874,4002649
2013-01-23,16.701377868652344,16.842634900830756,16.610430441792467,16.668482444034492,3300397
2013-01-24,16.740079879760742,16.765234683436233,16.480782345909624,16.662677206977726,3208318
2013-01-25,16.952932357788086,16.97034831279895,16.672351240762744,16.74007857416568,4258566
2013-01-28,17.009050369262695,17.136762644865456,16.923907077229273,17.009050369262695,3494906
2013-01-29,17.047748565673828,17.096125230577176,16.954866434038262,17.084515185993325,4448977
2013-01-30,16.852306365966797,17.098060902456954,16.798129113140707,17.047749523124796,3874950
2013-01-31,16.593013763427734,16.81554465403172,16.48852158391511,16.794259275796364,6211390
2013-02-01,16.8155460357666,16.829090793493485,16.552379078731608,16.602690460957856,4344224
2013-02-04,16.38596534729004,17.024530292261435,16.291148493938582,17.024530292261435,7369871
2013-02-05,16.333717346191406,16.45949489870214,16.18278321819967,16.329847923024214,5644328
2013-02-06,16.645259857177734,16.714921901857807,16.275666030501736,16.329848606900033,7342000
2013-02-07,17.107736587524414,17.320592154462883,16.664611272918222,16.75749341167893,11916067
2013-02-08,17.63213348388672,17.63213348388672,17.152243335027716,17.210293560715982,7191008
2013-02-11,17.409605026245117,17.570212727545062,17.214165413243677,17.53538259080849,4364460
2013-02-12,17.17546272277832,17.33220098817289,17.069035834232277,17.316721520277458,4804143
2013-02-13,17.492809295654297,17.58375671029414,17.144500878931982,17.229642384141762,4119900
2013-02-14,17.119348526000977,17.58569393477155,17.119348526000977,17.454110460212057,4177007
2013-02-15,17.010986328125,17.214166576902077,16.96454436770522,17.14450452375493,4810664
2013-02-18,17.20255470275879,17.272216755692064,17.072907706291485,17.086452464513357,3151811
2013-02-19,17.50442123413086,17.543122567947638,17.051620598376164,17.1174114458928,4355380
2013-02-20,17.465721130371094,17.653420127650726,17.370900725884244,17.55086265079237,4278682
2013-02-21,17.063232421875,17.318658766735716,17.016792236426713,17.29156747524752,5339132
2013-02-22,17.256736755371094,17.33800885213536,17.109673806447653,17.167724036304282,5575070
2013-02-25,17.558603286743164,17.82563966914929,17.27414739795645,17.29930752664453,6539809
2013-02-26,17.09225845336914,17.405731480625597,17.0709730725095,17.22190545042967,6621322
2013-02-27,17.568275451660156,17.583756693482407,17.034202783191855,17.202551081961992,4501371
2013-02-28,17.672767639160156,17.694053015463417,17.50441934022259,17.65148226285689,3750733
2013-03-01,17.67664337158203,17.817900421021847,17.403801057661465,17.67470688463207,5106693
2013-03-04,17.409605026245117,17.566343304007084,17.314786399915416,17.539252014346467,3737927
2013-03-05,18.057842254638672,18.121698382065386,17.616651722017856,17.639871809270367,6421532
2013-03-06,17.99979019165039,18.29391780391039,17.997855480214298,18.090737603828305,4717693
2013-03-07,17.657291412353516,17.930131931384373,17.533448554786176,17.87595112493991,6125781
2013-03-08,17.620527267456055,17.814032203381,17.425087619415255,17.759851389310892,4738910
2013-03-11,17.767589569091797,17.798550283583026,17.608914797971114,17.608914797971114,3241126
2013-03-12,17.688249588012695,17.814027139371177,17.577951504145922,17.72501443265846,2980544
2013-03-13,17.645679473876953,17.676640184948337,17.454109297575663,17.63019823085886,2945700
2013-03-14,17.78887367248535,17.821769096465115,17.45410997266042,17.740497004888713,4852887
2013-03-15,17.802417755126953,17.953351887332627,17.645679488008447,17.8101583766422,10758745
2013-03-18,17.723079681396484,17.76371928211729,17.4618527440763,17.550863693453785,4595143
2013-03-19,17.299304962158203,17.699859476388326,17.119346613717568,17.6360033454889,6162038
2013-03-20,17.396060943603516,17.550864531395558,17.29156874371453,17.550864531395558,3906810
2013-03-21,17.010986328125,17.399930868651108,16.858117463567247,17.380580199723287,6072496
2013-03-22,17.0361385345459,17.219968086359042,16.856180180906943,16.950997024220577,3395481
2013-03-25,17.04581069946289,17.427018117756223,16.96647864706883,17.243190336789763,4365373
2013-03-26,17.063232421875,17.14063509757554,16.939389560726173,17.036141130386802,3348844
2013-03-27,16.765230178833008,17.163849931638545,16.718790007613062,17.08644727965263,5063407
2013-03-28,16.426599502563477,16.738141316951893,16.293081328544904,16.707180606671713,7739773
2013-04-02,16.691699981689453,16.714920069048425,16.351132192220856,16.467234403980356,5167116
2013-04-03,16.49626350402832,16.80587064360839,16.465299240140375,16.672352453729175,4006175
2013-04-04,16.240835189819336,16.60268837914593,16.155693680557725,16.556248201354055,6543468
2013-04-05,15.8673734664917,16.296952251818038,15.697088656793975,16.24857735784072,7878121
2013-04-08,15.886724472045898,15.927360519828895,15.610012759753355,15.871243227669064,6060535
2013-04-09,15.8151273727417,15.998956939742422,15.68547860997295,15.8925282680781,6196010
2013-04-10,16.50787353515625,16.50787353515625,15.575180918650746,15.592596874913133,12093770
2013-04-11,17.021568298339844,17.097898285879797,16.73275304985153,16.83383819759174,7416956
2013-04-12,16.55327033996582,16.955548195757114,16.507885262428736,16.901912662163422,5104152
2013-04-15,16.270645141601562,16.70593244760247,16.227322672429782,16.55327249835969,5082545
2013-04-16,16.293338775634766,16.445998735111875,15.959138470167671,16.171623709398716,5592990
2013-04-17,15.97769832611084,16.551207255873617,15.843609480604494,16.538829678418676,7293070
2013-04-18,15.944694519042969,16.12004700125223,15.736335479186508,15.990079600230318,4038123
2013-04-19,16.0251522064209,16.177812153713226,15.919939956260334,16.051969976371897,6944397
2013-04-22,16.307777404785156,16.417114881699405,16.113859498559098,16.132424918877646,4745036
2013-04-23,16.87509536743164,16.998873040994045,16.12830031283751,16.29746307029591,6665335
2013-04-24,16.743064880371094,17.122652132365285,16.338722472811767,16.685302219950234,9904452
2013-04-25,17.052513122558594,17.170102971472538,16.545022879066615,16.549148108313528,5440718
2013-04-26,17.149471282958984,17.304193856158467,16.922543959189905,17.12265351098864,4510786
2013-04-29,17.256746292114258,17.279438835440192,16.986496494324605,17.211361205462385,4058953
2013-04-30,17.33513641357422,17.452726234592564,17.252616709755998,17.384642937406824,3871946
2013-05-02,17.53524398803711,17.609511342766265,17.184539032584105,17.25880638731326,5316785
2013-05-03,17.999412536621094,18.069548982282353,17.35163819821287,17.518740210153386,5806549
2013-05-06,17.883888244628906,18.042736041735527,17.803433038901492,17.947840643263895,2986781
2013-05-07,17.801366806030273,17.929271590897194,17.51667685360856,17.576504017745624,4737133
2013-05-08,17.970531463623047,17.97672119838127,17.753919131683652,17.753919131683652,3529627
2013-05-09,18.131446838378906,18.187146891458177,17.89420453993643,17.933399892388643,3106113
2013-05-10,18.125253677368164,18.383125856709924,18.09018356054661,18.117001328614116,4724234
2013-05-13,18.40169334411621,18.418198043479208,18.040669603234598,18.0963734366614,4263885
2013-05-14,18.966949462890625,18.991704621440814,18.383129268625165,18.49659198890261,6710631
2013-05-15,19.193872451782227,19.216566885245797,18.836979635965,18.87617498327851,5408228
2013-05-16,19.468250274658203,19.52807744987762,19.138171395993176,19.185624776337853,5664091
2013-05-17,20.217105865478516,20.217105865478516,19.391918295772694,19.429051026794507,12368969
2013-05-20,20.78236198425293,20.78236198425293,20.18616422404099,20.297564327333262,5276673
2013-05-21,20.485292434692383,20.629700032148357,19.936542428975688,20.625574803649226,7524227
2013-05-22,20.503860473632812,20.588440907006667,19.957173062806433,20.45434826835669,5307465
2013-05-23,19.82513999938965,19.936540078800487,19.441427563470974,19.70136234363388,8684270
2013-05-24,19.559019088745117,19.76325195476784,19.278450574740805,19.61884436169846,5826012
2013-05-27,19.95098304748535,19.95098304748535,19.563145329544344,19.587896701068185,2401685
2013-05-28,20.212982177734375,20.400712263455727,20.04794463576468,20.04794463576468,4945359
2013-05-29,19.804513931274414,20.080951569626194,19.713743758864805,19.986056168400435,4077408
2013-05-30,20.078887939453125,20.25217781787354,19.70136518344296,19.73437268922272,3122409
2013-05-31,20.386272430419922,20.42753228971876,19.788012039814333,20.01700009584773,7925077
2013-06-03,20.248050689697266,20.425467688968208,19.85608774139488,20.175847835252455,4693906
2013-06-04,20.04793930053711,20.55749387672506,19.90146911236405,20.446091909773703,4137632
2013-06-05,19.78182029724121,19.99018029479511,19.645665046135505,19.882905428423328,5269593
2013-06-06,19.513628005981445,19.84164421005624,19.48062428723314,19.688986162777876,5076234
2013-06-07,20.058256149291992,20.14283846634458,19.25988634949253,19.61471842290703,6806712
2013-06-10,20.159339904785156,20.283119450803717,19.969547250118985,20.03968747901772,3555460
2013-06-11,19.878780364990234,19.98605523225327,19.641538088424678,19.96955053314817,4831964
2013-06-12,19.459999084472656,19.84783683231606,19.330031666271683,19.742624572160935,4980464
2013-06-13,19.259889602661133,19.297024232179286,18.81841441581924,19.101038012285525,6074887
2013-06-14,19.497129440307617,19.61677809471168,19.404296662820162,19.546641642659107,4263176
2013-06-17,19.645662307739258,19.788007274193255,19.517757531639415,19.5528276466746,3303939
2013-06-18,19.466188430786133,19.616782005141026,19.31765557873619,19.616782005141026,3741414
2013-06-19,19.276390075683594,19.668354860286602,19.20006011123255,19.49300239268067,3707969
2013-06-20,18.39344596862793,19.053596207623567,18.253163569764595,18.801913692468098,10253996
2013-06-21,17.80755615234375,18.616240911482418,17.80755615234375,18.447076278115325,14998682
2013-06-24,17.949901580810547,18.292354192132112,17.834370588115497,17.859131419514686,8605378
2013-06-25,18.824604034423828,18.861736771404182,18.090186506460007,18.21808941759689,7742444
2013-06-26,18.886491775512695,19.076286364684144,18.748273900956267,18.814288916588033,5140459
2013-06-27,19.202123641967773,19.334153652477525,18.7874662988648,18.915371081161066,4109616
2013-06-28,19.17943572998047,19.433180849385817,18.913313030641564,19.26401806721791,4894213
2013-07-01,19.301149368286133,19.523951467403123,18.96488644362022,19.185624035979696,4102901
2013-07-02,19.313526153564453,19.49713100134553,19.115481112915234,19.437305723200282,3592132
2013-07-03,19.373353958129883,19.59821677750951,19.01645921502245,19.59821677750951,5564478
2013-07-04,20.250112533569336,20.289307877092334,19.50331757722969,19.563142845683295,6186149
2013-07-05,19.606468200683594,20.42134089406891,19.606468200683594,20.256303362594583,7278199
2013-07-08,20.000490188598633,20.22329414881405,19.72199186140236,19.841644298157135,3851954
2013-07-09,20.18410301208496,20.312005932160137,20.02112807471942,20.058260814294734,3842045
2013-07-10,20.11602210998535,20.15934458268338,19.821019043516756,20.093329566410844,3465492
2013-07-11,20.34501075744629,20.444033275551913,20.210918118985767,20.42340334774157,4008530
2013-07-12,21.59929656982422,21.619926496384053,20.406899303889205,20.406899303889205,13485910
2013-07-15,21.207334518432617,21.723077072839285,21.116564343564505,21.405379568494048,6131923
2013-07-16,21.566293716430664,21.661189128301615,21.15782600245946,21.281603696203792,4597314
2013-07-17,21.64468002319336,21.69006510128844,21.29810031074882,21.566287443546727,4021827
2013-07-18,22.003637313842773,22.020140118466568,21.52090047477009,21.54565752016547,4279559
2013-07-19,21.987133026123047,22.230563118076393,21.77671043633806,21.86748059422443,7036082
2013-07-22,21.801467895507812,22.11091302452333,21.756082811764916,22.032520435121356,3133824
2013-07-23,21.727201461791992,22.032521375243057,21.7189510042552,21.86748383990556,2747152
2013-07-24,22.040775299072266,22.061405229001032,21.277475460935502,21.867485401516145,6362304
2013-07-25,22.077903747558594,22.176926256591273,21.570413625304433,21.904615775981313,4803415
2013-07-26,21.578664779663086,22.259444728117007,21.43838242655538,22.160422224565647,4505836
2013-07-29,21.72307586669922,21.94587606257098,21.657060853677454,21.747831023505693,3254228
2013-07-30,21.867481231689453,22.02426639848303,21.739578339750082,21.867481231689453,3002270
2013-07-31,21.54566192626953,21.916996867767434,21.40537954290037,21.78909206347396,3929674
2013-08-01,22.01601791381836,22.10678808248072,21.619927840775276,21.77258590065892,4637195
2013-08-02,22.090280532836914,22.16867500544601,21.966502874059437,22.077902956189813,2650827
2013-08-05,22.193429946899414,22.24294025301523,22.020140090881146,22.115037367345067,1930124
2013-08-06,22.29245376586914,22.52350629008158,22.172801329292234,22.234691107892672,5125799
2013-08-07,22.17692756652832,22.313084707182313,22.044897546686055,22.263572503588136,3163028
2013-08-08,22.366722106933594,22.42448476745438,22.03664705780531,22.2842023984982,3124344
2013-08-09,22.387351989746094,22.581271806731465,22.267699538021798,22.47812405497933,2595553
2013-08-12,22.325462341308594,22.424484856440024,21.987134941532876,22.354342725530266,2757020
2013-08-13,22.568893432617188,22.61840563848212,22.38322597216049,22.44924098510924,2881039
2013-08-14,22.890718460083008,22.89897081061194,22.523510623075335,22.57714806305298,3792027
2013-08-15,22.655536651611328,22.84532932633622,22.42448412385293,22.78344143909256,2530542
2013-08-16,22.84120750427246,22.84120750427246,22.490502485800096,22.527635223683912,3387252
2013-08-19,22.758686065673828,22.849458127484684,22.63490838977669,22.820575849775764,2148361
2013-08-20,22.52350616455078,22.643158600460826,22.255319017750146,22.618403446081246,4040928
2013-08-21,22.568893432617188,22.680293530429857,22.43273817802542,22.486375612584624,2057058
2013-08-22,22.95673179626465,23.026873932156576,22.53176132133176,22.53176132133176,3036479
2013-08-23,23.00211524963379,23.146522835788982,22.80406834334762,22.96498062682104,2404102
2013-08-26,22.91547393798828,23.010369339479933,22.746309279143503,23.002118881824522,1489644
2013-08-27,21.822101593017578,22.845334445220274,21.702449127794207,22.713304399774767,6649228
2013-08-28,21.368244171142578,21.789089377056428,21.021664430526506,21.66118458853257,6267981
2013-08-29,21.768463134765625,21.80147064458682,21.434260915134203,21.47552077548743,2927342
2013-08-30,21.421884536743164,21.941754264809383,21.380626566383288,21.81797656911568,3461347
2013-09-02,21.90049171447754,21.9995142373417,21.80146919161338,21.834476699234767,2517595
2013-09-03,21.756084442138672,22.065529594343623,21.42600936081248,22.003641699286735,3493380
2013-09-04,21.99126434326172,22.02426995942217,21.409504877680206,21.78496694226433,3562601
2013-09-05,22.308956146240234,22.48224600917333,22.024266197794873,22.17280090668225,3552982
2013-09-06,22.51112937927246,22.573017267398544,22.011889691984532,22.230564645412144,4009254
2013-09-09,22.58539581298828,22.791691288041093,22.445113451799394,22.511128457969864,2238790
2013-09-10,23.175403594970703,23.204285869594596,22.84945568684709,22.898965994994864,4561614
2013-09-11,23.43946647644043,23.45184594729363,23.10526617876636,23.134148456912556,4006576
2013-09-12,23.33631706237793,23.43533957599266,23.125894457484957,23.431214347540365,3059683
2013-09-13,23.59625244140625,23.616882368780352,23.150650173200326,23.303310121923342,3253638
2013-09-16,23.77779197692871,23.92632669211665,23.662266658277304,23.92632669211665,3288537
2013-09-17,23.50547981262207,23.707651960602718,23.406457299011127,23.641636951528756,3087832
2013-09-18,23.62100601196289,23.711776172471385,23.40645629551749,23.60862843483051,2595512
2013-09-19,24.107868194580078,24.268780495161007,23.897445581393754,23.930453087232916,5116579
2013-09-20,23.856185913085938,24.57410058994726,23.794298021843904,24.157380588921797,11833504
2013-09-23,23.699398040771484,24.087237612607847,23.57562038003753,23.96758518005264,5022730
2013-09-24,23.930452346801758,23.97583742938801,23.74478489566286,23.74478489566286,3602684
2013-09-25,23.86031150817871,24.050104183028278,23.740659069686902,23.93045174453647,2895125
2013-09-26,23.81905174255371,23.95933410809078,23.732406807731014,23.93045183238101,2914883
2013-09-27,23.930452346801758,23.959334623132396,23.575622143086225,23.843807410116497,2678807
2013-09-30,23.77366828918457,23.847935651591488,23.40233336945671,23.641638263708597,3562658
2013-10-01,23.930452346801758,24.00884493420589,23.73653254638173,23.781919521274627,4562536
2013-10-02,23.69527244567871,23.88093988005789,23.501352662763317,23.860309954870598,3255532
2013-10-04,23.930452346801758,24.041852439023767,23.501354784169337,23.806674676811376,4370266
2013-10-07,23.761289596557617,23.901570072817385,23.608629650221612,23.86443733950862,2484853
2013-10-08,23.823177337646484,23.913949394571546,23.641637008409624,23.839682036107998,2938325
2013-10-09,23.65814208984375,23.930454502194827,23.583876616544487,23.83968432884674,2746877
2013-10-10,24.012971878051758,24.12849719790972,23.77366699680888,23.777792225265724,4567797
2013-10-11,24.062482833862305,24.227520361160124,23.93870516146561,24.211017554583684,2753899
2013-10-14,24.012971878051758,24.03772703340609,23.88506708821,24.033601804949246,2054151
2013-10-15,24.528715133666992,24.54521794031239,24.045980127765358,24.198640077692087,4388860
2013-10-16,24.40493392944336,24.545216291888188,24.310038539915304,24.528713486351094,4220042
2013-10-17,24.120248794555664,24.359553714946777,24.017101035500776,24.359553714946777,3555950
2013-10-18,24.054231643676758,24.322418821152255,23.880943650892714,24.231648649840597,8931551
2013-10-21,24.008848190307617,24.037730470555296,23.7736703962002,23.96759022291981,2616355
2013-10-22,23.979965209960938,24.124372810974023,23.872690343274638,23.92632777661779,4129929
2013-10-23,24.083110809326172,24.083110809326172,23.847933061603435,23.885065792620754,3256387
2013-10-24,24.887666702270508,25.151726705967402,24.462696316512318,24.54934124176366,8173759
2013-10-25,24.751514434814453,24.953684689726327,24.67312184837298,24.89179680164444,3462621
2013-10-28,24.380178451538086,24.891795693305486,24.23989609095435,24.829905915672697,3501191
2013-10-29,24.660743713378906,24.660743713378906,24.32654155606379,24.380178986060205,3089979
2013-10-30,24.508085250854492,24.957812751979333,24.475077745196767,24.755640597134082,3400111
2013-10-31,24.93718147277832,24.94130670114693,24.437941794072962,24.528713848941766,4522495
2013-11-01,24.77627182006836,25.044459000250498,24.755641891415365,24.9454364781002,2539751
2013-11-04,24.685495376586914,24.91654786957296,24.656613105348793,24.838155295990983,2749199
2013-11-05,24.487455368041992,24.743263064280292,24.326543068051432,24.673122824244423,3714323
2013-11-06,24.557594299316406,24.854661834947176,24.483326942332067,24.54934384255661,2777215
2013-11-07,24.87529182434082,25.073336848595293,24.462698969963967,24.47094942674462,5477919
2013-11-08,24.53696632385254,24.706130977784976,24.34304840536587,24.664871121478846,4516257
2013-11-11,24.363676071166992,24.569971548928056,24.244023634373896,24.343046144929573,3045075
2013-11-12,24.334793090820312,24.499830603630787,24.32241551389784,24.4008080959445,2748941
2013-11-13,23.959339141845703,24.260531970498594,23.753041724749764,24.219274000925008,3910803
2013-11-14,24.334793090820312,24.380178170304877,24.103740572885645,24.24402293185118,3098753
2013-11-15,24.206892013549805,24.433819338009513,24.1656340482627,24.417316530356032,4480980
2013-11-18,24.656618118286133,24.75564063541242,24.12024567744206,24.1573803040561,3263578
2013-11-19,24.578224182128906,24.72675889583349,24.437941817476037,24.623609263453478,2736780
2013-11-20,24.607107162475586,24.792774613771076,24.49157994936225,24.512209876429154,2735005
2013-11-21,24.602981567382812,24.706131209113952,24.376056140187835,24.487456239412055,1775956
2013-11-22,24.809274673461914,24.838156946619417,24.582349285461657,24.6359867114362,2571915
2013-11-25,25.011445999145508,25.19711342393413,24.883541226513724,24.883541226513724,3261564
2013-11-26,24.982572555541992,25.15173534389142,24.924809882972315,25.011454837980356,3275830
2013-11-27,25.213621139526367,25.213621139526367,24.978443364877602,25.02795367856924,2388477
2013-11-28,25.18474006652832,25.31677009909811,25.13935497937081,25.23425227489541,1848313
2013-11-29,25.16823387145996,25.271381610908385,25.093966515057677,25.16823387145996,2628476
2013-12-02,25.259000778198242,25.35389804872124,25.110467976843047,25.22599327875194,2727385
2013-12-03,24.722633361816406,25.34152551889631,24.722633361816406,25.337400290258998,4142518
2013-12-04,24.483327865600586,24.94543483075892,24.260527678552346,24.871167470973948,4518171
2013-12-05,24.054231643676758,24.594731227393996,24.054231643676758,24.42144134230318,3825181
2013-12-06,24.466819763183594,24.607102103011112,24.12024008741046,24.244019624361584,3675672
2013-12-09,24.607107162475586,24.74326241034918,24.421439711180092,24.681374521455112,2695615
2013-12-10,24.334793090820312,24.69787561900336,24.252275280568334,24.623608265162016,3316477
2013-12-11,24.40493392944336,24.627735996493346,24.25227588207563,24.322416117144762,3340816
2013-12-12,24.29353904724121,24.462703721004633,24.182138936000747,24.363681189645668,3900399
2013-12-13,24.223400115966797,24.479207862827955,24.116125228077347,24.42144518946713,2668692
2013-12-16,24.58647918701172,24.72263444569292,23.95108419521919,24.062484296377775,4156173
2013-12-17,24.40493392944336,24.706128580484307,24.400808701135727,24.512208788507436,3296662
2013-12-18,24.5947322845459,24.79690256430386,24.528717267607767,24.528717267607767,3550011
2013-12-19,25.110469818115234,25.242499825581795,24.904172458372113,24.941305188357155,5715127
2013-12-20,25.469432830810547,25.490060868341963,25.056838018658006,25.168238125939396,9348687
2013-12-23,25.70460319519043,25.7252331190659,25.48592827287806,25.53543857633411,2576196
2013-12-27,26.055313110351562,26.059438338994777,25.803630640060994,25.83251102517693,2563810
2013-12-30,25.952163696289062,26.07181614335392,25.902653382914217,26.063565685995936,1794015
2014-01-02,25.436420440673828,26.261609968026587,25.436420440673828,26.080067742163113,4223204
2014-01-03,25.469432830810547,25.783003222816404,25.33740279369084,25.374535532015667,2951003
2014-01-06,25.391036987304688,25.754119570033655,25.362156600915725,25.576704453647626,2615652
2014-01-07,25.745868682861328,25.820134154314083,25.300266392610972,25.391036563702183,2917977
2014-01-08,25.667469024658203,25.83250652624497,25.560196067856598,25.828381298320195,2885136
2014-01-09,25.642719268798828,26.249231978227566,25.560201446793435,25.60145941164274,4521219
2014-01-10,25.6262149810791,26.005800346530222,25.54369527153349,25.716985147733933,3570333
2014-01-13,25.93978500366211,26.026429940652857,25.716984818432554,25.754117551868596,3109802
2014-01-14,26.253358840942383,26.253358840942383,25.62208908804886,25.828386479492153,3515046
2014-01-15,27.024906158447266,27.165188520852585,26.340000936566234,26.406015943309143,5679255
2014-01-16,27.041414260864258,27.15281436223013,26.740219571987016,26.996027282245937,3255976
2014-01-17,27.268335342407227,27.404492471927952,27.11155017974118,27.156935258812588,6048790
2014-01-20,27.218826293945312,27.313723576951066,27.000151344810835,27.152811286369115,2081982
2014-01-21,27.053789138793945,27.396241758662065,27.03315921211065,27.29309401755221,3315596
2014-01-22,27.227083206176758,27.36323847250706,26.934140851345827,27.206453276313333,3076602
2014-01-23,26.925886154174805,27.58191105434999,26.764975742955535,27.1280583138316,4460600
2014-01-24,25.923282623291016,27.239457613785337,25.873770418922778,26.94239006449596,6789132
2014-01-27,25.716983795166016,26.047058831375033,25.502435967783445,25.997546629790392,5167990
2014-01-28,25.923282623291016,26.129580005596416,25.73761516844682,25.886149889244848,4092720
2014-01-29,25.494186401367188,26.3647591678489,24.89592415024934,26.220351560284392,7210630
2014-01-30,25.787124633789062,25.894399496142306,25.073337114756498,25.485931865819772,4220704
2014-01-31,25.634469985961914,25.774750479030388,25.032080585413635,25.770625250048447,6561068
2014-02-03,25.04033088684082,25.7995054188821,24.89592328429922,25.63446788850502,4966892
2014-02-04,25.04033088684082,25.168235682498075,24.252277861981973,24.6607455131269,6165513
2014-02-05,25.118728637695312,25.312648485342848,24.87529846691647,25.077470665854925,6076501
2014-02-06,25.778873443603516,26.20384386788024,25.556071376060096,26.001673618840368,10204050
2014-02-07,26.216222763061523,26.364755579196302,25.91090288972614,25.993420700399568,5957447
2014-02-10,26.075944900512695,26.554552826496344,26.047062621027283,26.455530301226602,3161333
2014-02-11,27.03728485107422,27.03728485107422,26.34412725167804,26.401889911884393,5821283
2014-02-12,27.4168701171875,27.6190403594297,27.194069949441975,27.20644752628267,5439262
2014-02-13,27.499391555786133,27.52002148401184,27.024908883515145,27.28484370839094,4301915
2014-02-14,27.64792251586914,27.71393752027609,27.408617651817327,27.536522432470726,3972125
2014-02-17,27.540651321411133,27.697438396948083,27.487013886662538,27.64380096219949,2225996
2014-02-18,27.503520965576172,27.639676232428165,27.218830960061176,27.639676232428165,2956022
2014-02-19,27.313730239868164,27.53653047171112,27.156943139398077,27.474640677396057,3064525
2014-02-20,27.342605590820312,27.342605590820312,26.57518060890021,26.777352764351726,4034353
2014-02-21,27.697433471679688,27.697433471679688,27.342601419694848,27.59428384923381,3951003
2014-02-24,27.928485870361328,27.928485870361328,27.47050608998128,27.47050608998128,4610259
2014-02-25,27.713939666748047,27.924362273054324,27.503517060441773,27.924362273054324,3648568
2014-02-26,27.788209915161133,27.928492298055147,27.594290094916268,27.788209915161133,2791733
2014-02-27,27.66030502319336,27.97800252507069,27.293097205338693,27.82121733473336,3950494
2014-02-28,27.85834503173828,27.85834503173828,27.441625080990125,27.759322525391386,3664049
2014-03-03,26.971267700195312,27.28483991641717,26.826860114991497,27.020779899517283,5617619
2014-03-04,28.07290267944336,28.07290267944336,27.09092779461352,27.25184012254119,5499767
2014-03-05,28.44010353088379,28.63402332250446,27.924361054968575,27.990376061608817,5367486
2014-03-06,28.522628784179688,28.712421492116352,28.353464114062874,28.61339896289197,3343365
2014-03-07,27.825336456298828,28.563880943415928,27.800581303743623,28.54325101885112,4928269
2014-03-10,27.45400619506836,28.04401608102028,27.247708807188566,27.685058739647843,3953054
2014-03-11,27.837717056274414,28.011006927596213,27.540649516425596,27.606664525280888,3521951
2014-03-12,27.297218322753906,27.68093078301117,26.950638593886744,27.61904100505445,4525237
2014-03-13,26.703083038330078,27.77582782656739,26.674200763735943,27.354980746212213,4587452
2014-03-14,26.575176239013672,26.674198740001035,25.849011231773,26.27810873605158,7007517
2014-03-17,27.020784378051758,27.020784378051758,26.35650710524642,26.35650710524642,3697439
2014-03-18,27.218826293945312,27.495263901632313,26.781476395676357,27.02903362024039,4906590
2014-03-19,27.206443786621094,27.511763614412192,27.029028722446874,27.235324164510796,4519548
2014-03-20,27.173442840576172,27.206450346341555,26.67420313318305,26.94239030021848,4705869
2014-03-21,27.194074630737305,27.38799255769867,27.062044598633044,27.181697051765884,12185945
2014-03-24,26.64119529724121,27.272465019872257,26.64119529724121,27.194072431189362,3716833
2014-03-25,27.0042781829834,27.227080266064974,26.67833024633671,26.814485497964313,3810683
2014-03-26,27.77170181274414,27.77170181274414,27.09917415225213,27.148686354628524,4468653
2014-03-27,27.689180374145508,27.812958025424688,27.565402722866324,27.80883279756105,4837210
2014-03-28,28.398847579956055,28.46073547036776,27.821215284837763,27.84184521241056,4811592
2014-03-31,28.299823760986328,28.654655873410498,28.22968351962112,28.57213616139803,3438699
2014-04-01,28.778430938720703,28.865075871551806,28.357585744089544,28.456608254138438,3536831
2014-04-02,28.671154022216797,28.922836453734455,28.601013792247297,28.881576604431725,3099175
2014-04-03,28.799060821533203,28.96409833803311,28.55150360063006,28.770178546530758,3849268
2014-04-04,29.351938247680664,29.40557568113634,28.77430784241653,28.86095278166749,4871235
2014-04-07,28.856826782226562,29.17039904562161,28.75780426099235,29.017739088847193,4765005
2014-04-08,28.84032440185547,29.08787976245295,28.361714595983695,29.017739518488582,5028042
2014-04-09,29.05900001525879,29.21991043549479,28.8939624737944,28.984732648523103,6657800
2014-04-10,28.87241554260254,29.507444322297626,28.803763676262985,29.391594543836078,6727504
2014-04-11,28.383268356323242,28.72223569080632,28.155858820286085,28.576351961786706,5489158
2014-04-14,28.41330337524414,28.42617535370287,27.81689055527094,28.01855614287129,4500512
2014-04-15,27.45646858215332,28.49482856168933,27.435016595637762,28.331780869664723,5334331
2014-04-16,28.02713394165039,28.040007886986302,27.67529464378918,27.739654531011904,4437479
2014-04-17,28.87241554260254,28.92819346209828,28.035719199684067,28.095791058649876,5435261
2014-04-22,29.485992431640625,29.511736391346734,29.0225932853637,29.219966922930105,3869499
2014-04-23,29.112693786621094,29.507440989542513,29.01400600194505,29.49885901524647,3160056
2014-04-24,29.06978988647461,29.498863077780058,28.524864945946124,29.219965601826097,3919115
2014-04-25,28.443342208862305,28.880997392728663,28.27600253602318,28.70078770800775,3249745
2014-04-28,28.74368667602539,28.876700381225984,28.413299382374927,28.52915110800613,2720810
2014-04-29,29.086950302124023,29.207092048666098,28.657877133940133,28.983972505612904,3480005
2014-04-30,28.632131576538086,28.76085529974849,28.1429885127482,28.533445750213325,5895110
2014-05-02,28.421884536743164,28.83808767849082,28.37039662438183,28.75656187076626,4318070
2014-05-05,28.275999069213867,28.54202651155565,27.881251844918783,28.323196978560578,2687303
2014-05-06,27.9584903717041,28.486251405696045,27.722498817494156,28.443343492586635,3835386
2014-05-07,27.804019927978516,28.14298925946661,27.610936305931386,27.786857945163373,4090118
2014-05-08,27.889833450317383,28.01426520385947,27.576610048567716,27.902705429250485,4967168
2014-05-09,27.683876037597656,27.88125161601625,27.542282310720008,27.816889757676517,3944512
2014-05-12,28.009971618652344,28.134403356283823,27.606642448051524,27.756818140257423,3998966
2014-05-13,28.52486228942871,28.63213008529232,28.151567053765678,28.233092861376125,5023492
2014-05-14,28.63642120361328,28.76943295165964,28.48195353556353,28.533443414210584,3079188
2014-05-15,28.318906784057617,29.099823188401185,28.16443911097288,28.666458064552547,4972437
2014-05-16,27.979936599731445,28.460499617519286,27.778272991841895,28.318905894880363,4897612
2014-05-19,28.327484130859375,28.434751909499894,27.679581552638012,28.00996882975148,3430075
2014-05-20,28.516284942626953,28.683624620507366,28.327493276405566,28.327493276405566,2583044
2014-05-21,28.812341690063477,28.85095959213969,28.323196684265994,28.426174476650125,2747559
2014-05-22,28.971101760864258,29.048335603509734,28.773728134451698,28.87241593160379,2763760
2014-05-23,29.237125396728516,29.30148528393518,28.911028085946416,29.039749828251107,2492058
2014-05-26,29.86786651611328,29.897900476610122,29.391593472779103,29.43879138318116,2965937
2014-05-27,29.84641456604004,29.983718302931827,29.713400832966745,29.876450496444487,3153161
2014-05-28,29.730560302734375,29.927933902793267,29.52460472844039,29.927933902793267,2693940
2014-05-29,29.885028839111328,29.885028839111328,29.700527198928494,29.700527198928494,1714275
2014-05-30,29.906478881835938,30.03520061919435,29.86357098008603,29.94509481267607,3592922
2014-06-02,29.74343490600586,30.176800044495007,29.511733388551107,30.035204344735178,2759788
2014-06-03,29.897897720336914,29.945095626387822,29.610418313005088,29.85069981428601,2880702
2014-06-04,29.73914337158203,29.893609074042278,29.417336052997936,29.893609074042278,3117640
2014-06-05,30.1682186126709,30.288360361057755,29.63616567191465,29.7820513778517,5463058
2014-06-06,30.138185501098633,30.35701308222725,29.970845836521868,30.168219463123336,3453495
2014-06-09,30.07382583618164,30.28836342924609,29.82925231100497,30.26261750119628,1844545
2014-06-10,30.069534301757812,30.24545595714497,29.906486594528765,30.15535012738897,2787457
2014-06-11,29.889324188232422,30.15534970172867,29.70053055524388,30.099569809434144,2822267
2014-06-12,29.816377639770508,30.01375323087887,29.68765588270667,29.957973343643165,2456871
2014-06-13,29.657617568969727,29.769177334472243,29.099822677240034,29.769177334472243,4359747
2014-06-16,29.627586364746094,29.816378015097346,29.494572634441084,29.59326043123754,2483025
2014-06-17,29.885028839111328,30.17680024769689,29.619003355677354,29.82066894596124,3331620
2014-06-18,29.872156143188477,30.078111732106432,29.850702190023085,30.035203825775646,3071618
2014-06-19,30.078113555908203,30.292651132679207,30.035205646975673,30.193963335712724,3909778
2014-06-20,30.069534301757812,30.378467731824745,29.996592424284763,30.078116277899287,8815292
2014-06-23,29.803504943847656,30.198254148676,29.74343505438189,30.198254148676,2445721
2014-06-24,29.623292922973633,29.71769071135608,29.473117217313106,29.66191082618648,2809594
2014-06-25,29.481700897216797,29.7520183637736,29.365851116661492,29.477410893452394,2998377
2014-06-26,29.237125396728516,29.657616552783267,28.94535401508709,29.601836671943246,3232790
2014-06-27,29.31865119934082,29.434500971976153,29.108403639317277,29.237127358148978,2079781
2014-06-30,29.348682403564453,29.507440067569586,29.112692876982216,29.33152042339998,2842321
2014-07-01,29.687650680541992,29.687650680541992,29.331519433264983,29.42591524071139,2754672
2014-07-02,29.915063858032227,30.078111539575726,29.794922114653364,29.833540017260475,3148764
2014-07-03,30.223997116088867,30.28406700358741,29.889319779578145,30.005169551143723,3274265
2014-07-04,30.223997116088867,30.262613050646898,30.018041529329732,30.159635257267333,2038032
2014-07-07,29.726274490356445,30.314107377039758,29.670496566000708,30.146767700297225,2612724
2014-07-08,29.241411209106445,29.850695872059454,29.2027933144257,29.73484612379939,3545168
2014-07-09,29.245708465576172,29.42592010440853,29.07836880553305,29.301488352257216,3076291
2014-07-10,28.769437789916992,29.314362755107496,28.606390087915265,29.29720077126656,3755583
2014-07-11,28.610681533813477,28.95823088714753,28.490539777568657,28.872417033736976,3526642
2014-07-14,29.009719848632812,29.06120776545929,28.675040517694143,28.76943634380378,2858777
2014-07-15,28.86812400817871,29.22425532422166,28.69649433973081,29.026881697479475,2662589
2014-07-16,29.078371047973633,29.10411697542912,28.773729601388467,28.97110323786349,3454410
2014-07-17,28.55919075012207,29.069789754309017,28.481956906955073,29.069789754309017,3100049
2014-07-18,28.06146240234375,28.14727821690435,27.786856912267847,28.14727821690435,8333212
2014-07-21,27.82118034362793,28.1429876741735,27.537992883942927,28.125823724433584,3371370
2014-07-22,28.357526779174805,28.4004346909418,27.94990752106361,28.061465336609345,4394740
2014-07-23,28.138696670532227,29.09124278078647,27.93703304544747,28.92390312057899,5857561
2014-07-24,28.447633743286133,28.554903526989328,27.889836771705014,28.215934159114163,3564472
2014-07-25,27.954195022583008,28.494827971616928,27.808309316370185,28.494827971616928,3708145
2014-07-28,27.066011428833008,28.02713756941772,26.881509781760787,27.98852163208573,7564232
2014-07-29,27.413562774658203,27.54228453383617,26.692716200321705,27.12179135477042,5131563
2014-07-30,27.061716079711914,27.563733005324732,26.97590027873614,27.41355732150836,3203136
2014-07-31,26.55112648010254,27.11750545482456,26.41811272915778,27.11750545482456,6111786
2014-08-01,26.109174728393555,26.482469986111322,25.718717488195903,26.39236416639008,7902296
2014-08-04,26.246477127075195,26.516794572512943,26.036231536995718,26.07484747153333,4933424
2014-08-05,25.92896270751953,26.478177583378887,25.74875108440533,26.41381572715484,4034843
2014-08-06,25.667226791381836,25.740168652827116,25.12659193164143,25.624318887994562,5660386
2014-08-07,25.293933868408203,25.976162509738668,25.20811805384971,25.637193190859087,4468900
2014-08-08,25.431236267089844,25.559958014302655,24.50014417371469,24.779043588549126,5849414
2014-08-11,26.049102783203125,26.19498847828724,25.770205338743832,25.83027522452267,4535238
2014-08-12,25.680103302001953,26.156374422843875,25.602869455849415,26.087724520353717,3328962
2014-08-13,26.02764892578125,26.164952646857202,25.75304148362935,25.963289036459045,3203427
2014-08-14,26.203571319580078,26.45243284543629,25.79166014422863,25.89892794151709,3078554
2014-08-15,25.620031356811523,26.456725714136688,25.452691698189863,26.302258034194917,5508748
2014-08-18,26.169248580932617,26.25077243168035,25.971872976078398,26.02336286322481,3185262
2014-08-19,26.430978775024414,26.59831644687668,26.250767158053044,26.37519889510988,2630168
2014-08-20,26.315128326416016,26.41381611382596,26.006194954222664,26.41381611382596,2593483
2014-08-21,26.688426971435547,26.791404775346052,26.27651575579352,26.379493559704024,2722553
2014-08-22,26.452438354492188,26.75708179600104,26.267936681427642,26.636941995448637,3433239
2014-08-25,26.980194091796875,27.0102280498762,26.727038642366978,26.9029602592232,2781804
2014-08-26,27.241931915283203,27.289129825988308,26.85147271529351,26.937288529587544,2933237
2014-08-27,27.096044540405273,27.297708149352648,26.851471059066064,27.24622023826529,2952249
2014-08-28,26.671262741088867,27.031684040465382,26.293675524002587,26.993068105211602,3932200
2014-08-29,26.705589294433594,26.93728884713236,26.358037997493877,26.697007319324715,3480813
2014-09-01,26.55112648010254,26.752792108717124,26.28080897381813,26.68843023544219,1807685
2014-09-02,26.52537727355957,26.907252529637116,26.465305416556465,26.73133286584912,2333815
2014-09-03,26.98877716064453,27.220478684657248,26.542540030981975,26.645517830134875,4604476
2014-09-04,27.520828247070312,27.662423941269005,26.636936022712746,26.98877533678976,6264843
2014-09-05,27.96277618408203,28.211639681340404,27.636678848382857,27.804018503689324,5302167
2014-09-08,27.864086151123047,28.142985554201232,27.71820046088918,28.08291370252817,2469223
2014-09-09,27.658132553100586,28.0185558173234,27.51653882380819,27.868380113194394,2747890
2014-09-10,27.327747344970703,27.43501711905312,27.091757777772685,27.336329320475624,4662078
2014-09-11,27.121793746948242,27.490797074154408,26.847186253605642,27.460763109502434,4283161
2014-09-12,27.010231018066406,27.16040672864017,26.757077508708505,27.15611672498351,2636767
2014-09-15,27.057424545288086,27.237636155930527,26.847178978132753,26.90295885608833,2531546
2014-09-16,27.040266036987305,27.091755918591687,26.774240557723974,27.057428018927755,2515143
2014-09-17,27.121793746948242,27.310587382567174,27.074595830016456,27.27626144589935,2927380
2014-09-18,27.404977798461914,27.439303728343496,26.988774668715596,27.15182431157167,3497996
2014-09-19,27.353492736816406,27.84263581266117,27.29771088107057,27.460760540910442,8065944
2014-09-22,26.915834426879883,27.203313860967267,26.769948724123267,27.13466199706904,3165367
2014-09-23,26.237897872924805,26.902962561242358,26.092012169556206,26.902962561242358,6011022
2014-09-24,26.400941848754883,26.452429755714128,25.89892491644593,26.28938209315484,3911121
2014-09-25,26.096298217773438,26.860050583058424,25.971866486809205,26.41381353348277,4526948
2014-09-26,26.1864070892334,26.362328715085763,25.808821849209572,26.057685340289055,3851029
2014-09-29,25.97616195678711,26.340875225114008,25.813112306175096,26.117755686324678,3217881
2014-09-30,26.057687759399414,26.13921160689562,25.461272932542087,25.744462380823204,5894644
2014-10-01,25.85173225402832,26.280805447953792,25.667230603530115,25.91180214695739,4074768
2014-10-02,25.405492782592773,26.259351056325936,25.375456854932878,25.834565937226863,6101256
2014-10-06,25.315387725830078,26.04481427523872,25.087978179584255,26.04052230379218,5876045
2014-10-07,25.057945251464844,25.40120461371298,24.886315570340773,25.16950503616843,6584455
2014-10-08,24.817663192749023,25.006456822088655,24.585963619920516,24.90347901551024,5823446
2014-10-09,24.76188087463379,25.268189849940068,24.607415163851133,25.096560189130706,5149695
2014-10-10,24.032455444335938,24.60741631076398,23.93805961846403,24.53447247158799,8013823
2014-10-13,24.328519821166992,24.58167336739242,23.642001062626214,23.770722837879642,5196570
2014-10-14,25.225282669067383,25.495600130584616,24.053908970384317,24.113978861424282,10977779
2014-10-15,24.487274169921875,25.56425204650518,24.34568043336179,25.534216116981103,8374234
2014-10-16,24.877735137939453,25.139470663880445,23.976678764155885,24.714687422727653,10064952
2014-10-17,25.46556282043457,25.52134270476585,24.95925582589272,25.03648769537465,9755783
2014-10-20,25.04506492614746,25.585697749572077,24.963541100764402,25.474139969932224,5054964
2014-10-21,25.46556282043457,25.58141259254896,24.753300238157912,24.912057916356595,5398734
2014-10-22,25.650066375732422,25.838859995904745,25.345422974771203,25.731590222661957,5107228
2014-10-23,25.907514572143555,26.074852287270126,25.135179995617765,25.564255197663616,5879689
2014-10-24,25.821693420410156,26.237896556082685,25.67580772436335,25.920381208184175,4814464
2014-10-27,25.525630950927734,26.096299765308824,25.18666363271563,26.079137784791506,4103533
2014-10-28,25.916093826293945,25.98045372231627,25.64148438766268,25.645776359325257,3529061
2014-10-29,25.95899772644043,26.2979670344398,25.928963766622225,26.152081335107916,3426208
2014-10-30,26.006195068359375,26.41381622975165,25.409782273743865,26.250768552351317,4991541
2014-10-31,26.615480422973633,26.765656114643225,26.207859282805213,26.41381485444774,6223532
2014-11-03,26.499631881713867,26.765657348711443,26.36661816426937,26.60260967228307,3005706
2014-11-04,26.242189407348633,26.748496443285173,26.156373588163913,26.430983028820016,3608042
2014-11-05,26.817148208618164,26.94157996522375,26.473888868979184,26.538250733120858,4031471
2014-11-06,27.01881217956543,27.40926940887641,26.585447043413723,26.645516932255827,5017123
2014-11-07,26.757078170776367,27.24622321907718,26.53825058893192,27.211897285299784,4301999
2014-11-10,26.97590446472168,26.988776443287207,26.478179432657917,26.645517121901324,2682335
2014-11-11,26.77853012084961,27.018811639304957,26.54253860583594,26.911543842239556,3246817
2014-11-12,26.173538208007812,26.75278909863213,26.08772435452182,26.66697327725444,4638703
2014-11-13,26.242189407348633,26.503924900813704,25.98474391768613,26.293677324546138,2872211
2014-11-14,26.225021362304688,26.332289143598867,25.941831979502965,26.332289143598867,3435257
2014-11-17,26.3280029296875,26.388074789522896,25.843149854605112,25.91609369357906,3325254
2014-11-18,26.838598251342773,26.911542080316053,26.396653145907703,26.473885010150436,3796791
2014-11-19,26.92012596130371,27.040265737229582,26.662680491918785,26.817146199236543,2952528
2014-11-20,26.993064880371094,27.023098837127616,26.58973375463461,27.023098837127616,3467658
2014-11-21,27.7010440826416,27.722498038593532,27.001653383754146,27.11750317158115,8809006
2014-11-24,28.057172775268555,28.288872329064855,27.482213894406783,27.726785426981593,4616580
2014-11-25,28.409011840820312,28.499117653067344,27.95848474747656,28.052880563014817,4775631
2014-11-26,28.486244201660156,28.62783791764266,28.344648517786343,28.511988155858557,3804179
2014-11-27,28.795177459716797,28.812339439828076,28.469080158689426,28.511988060804583,3138127
2014-11-28,29.091243743896484,29.09124374389648,28.756564412401453,28.82950825188241,4122976
2014-12-01,29.16847801208496,29.21996790111262,28.713660826448294,28.833800621026494,3359185
2014-12-02,29.108402252197266,29.36155573854287,28.82521283931062,29.1942180606623,3360316
2014-12-03,29.267160415649414,29.374428210142927,29.031168906293953,29.21996250735661,3468504
2014-12-04,28.992555618286133,30.013753616344832,28.93677573033405,29.391594841411315,6972440
2014-12-05,30.035202026367188,30.035202026367184,29.20708971683108,29.262869598141027,5703464
2014-12-08,29.63187599182129,30.121021030073546,29.631875991821293,29.8592855444113,2963192
2014-12-09,29.1641845703125,29.850703223814573,29.091242701337244,29.237128407179327,5473747
2014-12-10,29.19422149658203,29.55035281426456,29.022591827343966,29.28432731891847,3801264
2014-12-11,29.310068130493164,29.528895689291097,29.06978661935739,29.185636387668566,5847807
2014-12-12,28.56777000427246,29.19850873295526,28.51628012443537,29.112694890415376,4576617
2014-12-15,27.709627151489258,28.902452980641726,27.709627151489258,28.516285694059814,5919281
2014-12-16,28.80805015563965,28.825212136179182,27.516536832141075,27.958483905594527,9760437
2014-12-17,28.8209228515625,28.996842503962576,28.314615878598673,28.460499604441534,4927665
2014-12-18,29.588964462280273,29.58896446228027,29.125565406463707,29.228543193077538,7399721
2014-12-19,29.623292922973633,29.983716190872112,29.25428964804254,29.726270718388697,9748372
2014-12-22,29.78204917907715,30.03520266804436,29.649037429626873,29.867864988430878,3819767
2014-12-23,30.060955047607422,30.06095504760742,29.709113695898726,29.8464174460395,2596337
2014-12-29,30.052364349365234,30.060946323231313,29.408753699343897,29.945094595767493,2411136
2014-12-30,29.593257904052734,29.97942511501925,29.593257904052734,29.902191279247656,1758688
2015-01-02,29.498863220214844,30.035206187855117,29.245709701580704,29.863576516925896,3340677
2015-01-05,28.3918514251709,29.541771207356742,28.31032757725228,29.28861768805902,5442930
2015-01-06,28.580642700195312,29.19421946293956,28.13440559126081,28.490536884135558,5207271
2015-01-07,28.80376434326172,29.241419509338108,28.645004684797104,28.855252260262873,4080666
2015-01-08,30.06523895263672,30.103856854461977,29.095530922014962,29.271452546126785,6023382
2015-01-09,29.786338806152344,30.48572933220053,29.610417197978467,29.854990661075984,6455253
2015-01-12,30.464275360107422,30.575835116252634,29.773464840492476,29.949386448542526,5307722
2015-01-13,31.00920295715332,31.258066445207607,30.361300281119966,30.38275423366514,5790045
2015-01-14,30.59299659729004,31.193701301601855,30.41707695999915,30.507182764040486,5842125
2015-01-15,31.292396545410156,31.464026220749744,30.04808090722523,30.979171157983096,7425872
2015-01-16,31.914548873901367,32.051852594784364,31.06498259291065,31.1679603835729,7600995
2015-01-19,32.064727783203125,32.38224316151006,31.94029602770739,32.15912557668061,4503751
2015-01-20,32.150543212890625,32.37366079502465,31.820155859439822,32.17628717085001,5512611
2015-01-21,32.1462516784668,32.33933332185971,31.7085945745394,32.15054168195855,7078382
2015-01-22,33.154579162597656,33.34337082236685,31.936007478309197,32.180580996690566,8518271
2015-01-23,34.18006896972656,34.46755041386327,33.34766253802767,33.360536486301584,10994212
2015-01-26,34.7764778137207,34.8837475841855,33.96123542975456,33.96981937286165,5754913
2015-01-27,33.73811721801758,34.75502118201635,33.58364954760547,34.47612373607798,7378619
2015-01-28,34.28733444213867,34.308788396042246,33.74669952670835,34.11141280728599,5372473
2015-01-29,34.450374603271484,34.55764041356971,33.776726107981126,34.059917450477194,4813045
2015-01-30,34.53190612792969,34.75073568403281,34.214390739277476,34.75073568403281,5804450
2015-02-02,34.845130920410156,34.896618837753344,34.33023993962829,34.609141352767764,4903039
2015-02-03,35.24845504760742,35.97788149475572,34.93093972808764,35.055369492653895,7305549
2015-02-04,35.454410552978516,35.55738636682463,34.853703874340255,35.39862870732643,5373657
2015-02-05,35.51877975463867,36.338312175181976,34.88374898523514,35.055376689088796,7238995
2015-02-06,35.33427810668945,35.61317558534141,35.11973855712384,35.59172163038485,4076757
2015-02-09,34.60055923461914,35.102576294656174,34.23155591455491,35.102576294656174,6021755
2015-02-10,35.25275421142578,35.36002399205312,34.43751175022506,34.62201341143396,5017272
2015-02-11,35.37289047241211,35.462996291985654,35.08541299913131,35.39863443003553,2929755
2015-02-12,35.673240661621094,35.98217601400974,35.36001924152344,35.48444902170749,5344879
2015-02-13,35.69469451904297,36.03366383074891,35.518776825860726,35.82770824163703,4774465
2015-02-16,35.54023361206055,35.70757526593573,35.420093812809874,35.50590964189625,2089851
2015-02-17,35.37289047241211,35.60459002680603,34.89232741328094,35.22700673395169,3544043
2015-02-18,35.883480072021484,35.90922796010334,35.50160685449934,35.703272405924906,3027995
2015-02-19,36.07657241821289,36.13664427542325,35.475869589241626,35.703279135832375,3906769
2015-02-20,36.376922607421875,36.595752139518815,35.904943515891915,35.96072143187893,7803325
2015-02-23,36.45845413208008,36.78883954795474,36.278242474045335,36.73735162731154,3166671
2015-02-24,36.56571960449219,36.64724542449867,36.06799648371206,36.471323772347965,3541597
2015-02-25,36.47990036010742,36.75021385411052,36.192418981815486,36.690145938013266,4038765
2015-02-26,36.70731735229492,36.7244773685084,36.2353342549699,36.48848778773766,3596870
2015-02-27,37.119224548339844,37.119224548339844,36.58716964478469,36.66440545247914,5353306
2015-03-02,37.1878776550293,37.35521535098395,36.95617809577417,37.23936557135639,3969374
2015-03-03,36.72876739501953,37.48822791240487,36.70731344125499,37.20074650627324,3725742
2015-03-04,37.754249572753906,37.754249572753906,36.74592560274525,36.951881187288926,4626227
2015-03-05,38.251976013183594,38.40644368335851,37.870102744745466,37.92159065620948,4791539
2015-03-06,38.58237075805664,38.83552428360812,38.16187559292558,38.40215910668382,4000835
2015-03-09,38.6767692565918,38.71967717043035,38.22195009284354,38.475103635864066,3299946
2015-03-10,38.058895111083984,38.74112372637571,37.80574161642505,38.642433969086916,5049587
2015-03-11,39.504878997802734,39.5263329532216,38.34637721253445,38.47510094504762,5603827
2015-03-12,39.75373840332031,39.95969399254789,39.37615512429459,39.59927072745388,4950014
2015-03-13,39.94682312011719,40.09270685008684,39.298918470468585,40.05837895139814,4394639
2015-03-16,41.101036071777344,41.22117586096936,40.01977009748232,40.07554802024823,5786383
2015-03-17,39.350399017333984,40.976593374267715,39.17877136336356,40.72772993059573,8374499
2015-03-18,38.57807922363281,39.69367305484332,38.07606219637725,39.526331421902626,8207737
2015-03-19,38.723960876464844,38.96424436772352,38.1961999193413,38.59953109519766,6153251
2015-03-20,39.26459884643555,39.449100498872326,38.74112785195949,38.89988554542641,10283070
2015-03-23,38.058895111083984,39.221686759465214,37.96878929639327,39.217396756057646,5879944
2015-03-24,37.94305419921875,38.277729644111304,37.20075355555774,37.88727233454742,8973340
2015-03-25,37.586917877197266,38.53088407521731,37.509685996610266,37.99453910782634,5398178
2015-03-26,38.06747055053711,38.06747055053711,36.32114025367889,37.0076587900092,8189061
2015-03-27,37.96021270751953,38.84839305260996,37.638403386231985,38.51371765572418,5724744
2015-03-30,38.98569107055664,38.99427501266858,38.22194062642582,38.307756432848954,4685613
2015-03-31,38.50083923339844,38.985692257194636,38.13183597748658,38.98140225389945,5955255
2015-04-01,38.68105697631836,38.86126862948353,38.050316190240274,38.48797531123194,8700626
2015-04-02,38.9008903503418,39.18477356334963,38.73233520120926,39.020653326534045,5153429
2015-04-07,38.630313873291016,39.273485980415956,38.39078386501307,39.198080268887104,5217183
2015-04-08,38.11577224731445,38.31537582858675,37.87624632229712,38.222226405665964,5050906
2015-04-09,38.719024658203125,38.719024658203125,38.120209804110786,38.26215140424576,4373067
2015-04-10,39.32227325439453,39.49526328503518,38.723454411353664,38.985163016167455,4583227
2015-04-13,39.1093635559082,39.557366956567606,39.038392760444594,39.251305146835406,3086463
2015-04-14,38.55934143066406,39.10492917388695,38.34199006077177,38.92750014846084,4221923
2015-04-15,38.74563980102539,39.09605890372797,38.58151956479069,38.66579917342211,3764803
2015-04-16,38.52385330200195,39.12266811454211,38.48836993879378,39.03395767215846,4644214
2015-04-17,37.618980407714844,38.85653249913404,37.54800960554158,38.39522431937122,6846700
2015-04-20,38.421836853027344,38.506112389737034,37.70769393779129,37.84963146968514,4093327
2015-04-21,38.71459197998047,39.30010213150382,38.69241334938422,38.82105022058787,5331211
2015-04-22,38.80773162841797,39.51743949107392,38.3819069108244,39.14040693474258,5066785
2015-04-23,38.231101989746094,39.25574161848881,38.049238047667245,39.002906878126346,5220223
2015-04-24,38.66136169433594,39.096056308083035,38.124643760798975,38.63918306557524,3974045
2015-04-27,39.72148895263672,39.87673528600094,38.727897771689875,39.100495481726604,6596947
2015-04-28,39.44647979736328,41.11873069046886,39.11380439748862,40.85259118431455,7835465
2015-04-29,38.20893096923828,40.142886624742374,38.137960156822786,40.00981482569053,6930185
2015-04-30,38.29319381713867,38.72789244193356,37.58792083983686,38.26658027990242,6304400
2015-05-04,38.8343505859375,39.07387651443087,38.21335713660457,38.62143819741822,3633804
2015-05-05,37.814151763916016,39.464224048022096,37.75648976315076,38.670236362632885,5645838
2015-05-06,37.556880950927734,38.315381175574984,36.816124444724046,38.01375830566934,6205263
2015-05-07,37.814151763916016,37.9560933782751,36.958067165199154,37.37058320186211,5112929
2015-05-08,39.065006256103516,39.065006256103516,37.81858039070241,38.20892179967531,5057402
2015-05-11,39.060577392578125,39.13154819895111,38.656931185627194,39.13154819895111,2878022
2015-05-12,38.0048828125,38.62144140110243,37.66777251989582,38.590392946678236,4737746
2015-05-13,37.41937255859375,38.4351424141255,37.233073695191,38.115775840239934,4256240
2015-05-14,38.399654388427734,38.46175128954304,36.851601672614144,37.170972276476334,3694564
2015-05-15,37.71656036376953,38.68353793946277,37.53469643288337,38.61700205728053,5446624
2015-05-18,38.35530471801758,38.4706327883978,37.55688211921736,37.7032586462944,3605772
2015-05-19,39.64164733886719,39.75254049182719,38.81217631967105,38.81217631967105,6970958
2015-05-20,39.79246139526367,39.921094193043416,39.46422092940625,39.65495470433329,3294705
2015-05-21,39.90779113769531,39.94327450561238,39.40656059336883,39.743670897852326,2884317
2015-05-22,39.78802490234375,40.01867694674149,39.53519016031407,39.80132963845094,2952423
2015-05-26,39.237998962402344,40.36466194138283,39.01621673754338,39.92109342293817,4498138
2015-05-27,39.57067108154297,39.730356386053984,38.90532039292784,39.23356082547356,4281845
2015-05-28,38.84765625,39.4198574850049,38.51498092412617,39.2069451136966,3931315
2015-05-29,37.827457427978516,39.025087156690915,37.80971371047583,38.945246531019016,5393062
2015-06-01,38.031494140625,38.50611109747658,37.73874112494232,38.23553671044197,3914611
2015-06-02,37.10887908935547,38.21779847461006,36.949193753934104,38.21779847461006,5590116
2015-06-03,37.17097091674805,37.55687331929928,36.86047421635064,37.206454277697894,5477386
2015-06-04,36.78950881958008,36.98024259305594,36.07980080926829,36.95362498253333,5698377
2015-06-05,36.3060188293457,36.63869421295157,35.977778358025574,36.394733349967765,4713631
2015-06-08,35.609615325927734,36.4346554803114,35.37452835764681,36.25722644012734,4644978
2015-06-09,35.862449645996094,35.92011571084766,35.05515728788856,35.4632383791478,5473614
2015-06-10,37.04234313964844,37.32622637165881,35.627361892210395,35.87576175458305,5612132
2015-06-11,37.53469467163086,38.00487666785116,36.89595755636055,37.09112621328938,6216041
2015-06-12,37.32622146606445,38.08472162261092,36.84716959218808,37.25968964814678,5143782
2015-06-15,36.48344039916992,36.913700039856714,36.20842706905208,36.61207317274779,4312728
2015-06-16,36.7274055480957,36.84716851305734,35.63623005901124,36.14633037089183,4781083
2015-06-17,36.181819915771484,36.91814146485701,36.01326477260508,36.900397747490345,4318204
2015-06-18,36.221736907958984,36.235041642472055,35.29024274299767,35.97333710772725,6100864
2015-06-19,36.195125579833984,37.037905385990875,36.14633340737032,36.337067184951344,12231533
2015-06-22,37.916168212890625,38.01819153788697,37.108875849747044,37.61010637535522,7096403
2015-06-23,38.47506332397461,38.869839665897175,38.151257781233255,38.42627115383294,5375703
2015-06-24,38.080284118652344,38.58595356774945,37.45042086623505,38.483930254348394,5053824
2015-06-25,38.284324645996094,38.67910093729366,37.56130794198723,37.703249522147466,3016040
2015-06-26,38.417396545410156,38.732328156079795,37.85406513417734,38.10246086601437,3515770
2015-06-29,36.731842041015625,37.56575198846582,36.19512409717403,36.28383861392008,7477207
2015-06-30,36.212867736816406,37.157666759451736,36.02213396745635,36.696358597066954,8439987
2015-07-01,37.304039001464844,37.83188705958669,36.7229679357174,37.03789955097955,6856501
2015-07-02,36.8072509765625,37.5125241227577,36.66974834603483,37.48147566666785,3451404
2015-07-03,36.705230712890625,37.0246013649423,36.42578240952715,36.833863514947005,3203117
2015-07-06,36.38585662841797,36.78506787145992,35.95116202112141,35.973340649552995,5511371
2015-07-07,35.33904266357422,36.461270819350325,35.192666139445265,36.37255629488658,6338575
2015-07-08,35.09951400756836,35.47654663886374,34.265608120326604,35.18822852522062,7826409
2015-07-09,35.92454528808594,36.17294102197254,35.27249936636275,35.37895758711858,4429878
2015-07-10,36.78063201904297,36.90482989384818,36.30601507896015,36.882651265983704,5683395
2015-07-13,37.051212310791016,37.539134010660376,36.62982242910264,37.43711475863799,5859292
2015-07-14,36.96249771118164,36.96249771118164,36.22617618227046,36.95362381837807,4416250
2015-07-15,36.94475173950195,37.24194372138737,36.558849316081435,36.83829758216928,3462894
2015-07-16,37.738739013671875,38.13795023827701,37.0689493484429,37.31291424992325,5311786
2015-07-17,37.454856872558594,38.14238620372585,37.290736652701135,38.058106603504534,4587643
2015-07-20,37.72100067138672,37.99601406292263,37.40606899981236,37.61454649964827,3396918
2015-07-21,37.734310150146484,38.408530766452145,37.66777425725992,37.991575759344634,3811237
2015-07-22,37.3750114440918,37.663333602642496,36.9092684023473,37.57018418054832,3777919
2015-07-23,37.1354866027832,38.34642912527661,36.45239217710601,38.337555232749985,7641047
2015-07-24,36.32375717163086,37.481468474492075,36.1374583333858,37.206455128753895,5273530
2015-07-27,35.38783645629883,36.33263560634587,35.245894838157746,36.066496089513144,5251176
2015-07-28,35.862449645996094,36.22174263426831,35.45436855473685,35.66284604693534,5392595
2015-07-29,35.96446990966797,36.18625211960853,35.41444319355493,36.11084641235232,4083922
2015-07-30,35.78261184692383,36.101978444396174,35.38340054853807,36.07536490033407,4018292
2015-07-31,36.10197448730469,36.13746192131584,35.67171477946121,35.83140009505804,5550961
2015-08-03,36.425777435302734,36.44795606279785,35.55194927693848,36.03987501310465,3670967
2015-08-04,36.54997253417969,36.59876469722072,36.07979461816413,36.35036897059839,3132298
2015-08-05,37.521392822265625,37.69881777800963,36.62982092549972,36.63869074923265,4713913
2015-08-06,37.241947174072266,37.75648649881993,37.07782694236356,37.47703820682456,2910485
2015-08-07,37.17097091674805,37.38388328862565,36.86047421635064,37.09556114586805,3606921
2015-08-10,37.37945556640625,37.41050402179979,36.84717249997347,37.3528379546667,2110546
2015-08-11,35.454368591308594,36.93145068704358,35.29911818286925,36.88709342748948,8367561
2015-08-12,33.7288932800293,34.651513769967664,33.538159490731715,34.64264394487554,10275748
2015-08-13,34.15471267700195,34.53174528294901,34.00389922775048,34.482953115265964,5543769
2015-08-14,34.13697052001953,34.5450515962046,33.8619591830806,34.261168400819045,3717681
2015-08-17,33.861961364746094,34.63376834333588,33.43613654423263,34.425290845406536,4335806
2015-08-18,33.62242889404297,34.03494686324363,33.5691997846156,33.72444813270393,3316726
2015-08-19,32.74860382080078,33.36516443137321,32.690941825353924,33.26758008909284,5341980
2015-08-20,32.13204574584961,32.85062562206554,31.976797371337145,32.38044355194223,6522783
2015-08-21,31.21385955810547,32.296165278347694,31.094096587062225,31.31144593415394,10312413
2015-08-24,29.75452423095703,30.64165926295558,29.009328769714823,29.719038829677093,16656425
2015-08-25,31.47556495666504,31.772754916811262,29.9629975467437,30.428744676674057,11831847
2015-08-26,31.11183738708496,31.62193971140214,30.513020553653575,31.156194641642063,6580743
2015-08-27,32.25180435180664,32.61553017006143,31.95017950243756,32.20301218651296,6347636
2015-08-28,32.13648223876953,32.40262172435858,31.65742831660051,32.353829553146035,4549055
2015-08-31,31.786062240600586,31.93687569645986,31.409029618134056,31.715091441886024,3312369
2015-09-01,31.00981903076172,31.33805949043575,30.659399941719087,31.209424660715836,5895461
2015-09-02,30.907793045043945,31.4666895377174,30.725931159970184,31.271518849554514,3627313
2015-09-03,31.972360610961914,32.30503597059605,31.258215688249436,31.3735437430025,5855153
2015-09-04,31.302574157714844,31.61307090081716,30.912234755586308,31.58202244712495,6521980
2015-09-07,31.69734764099121,31.825982467615738,31.404592588478945,31.56427790234502,2737695
2015-09-08,32.500205993652344,32.87723862602459,32.07438119017734,32.09212490750382,5068590
2015-09-09,32.9127197265625,34.03051070683671,32.9127197265625,33.963976861462896,6689925
2015-09-10,32.77965545654297,33.21435213423291,32.51351596203138,32.51351596203138,4627543
2015-09-11,32.62883758544922,32.98369155312432,32.30059715675896,32.73529377575175,3363286
2015-09-14,32.8861083984375,33.09458587479954,32.57561167419198,32.602225214129994,3992342
2015-09-15,33.32524490356445,33.63130676148248,32.96595595785037,33.14781788697166,5283809
2015-09-16,33.40065002441406,33.99946692110162,33.130073591141766,33.777682659251035,5011043
2015-09-17,33.48936080932617,33.65791594466044,33.24983487654976,33.61356072203156,4516676
2015-09-18,32.06107711791992,33.272017776203,31.821551154395365,33.272017776203,13542755
2015-09-21,31.604202270507812,31.914699025340298,30.45092570346795,31.049740582878677,9266282
2015-09-22,29.386356353759766,31.666295536459675,29.062552885709227,31.648551821692564,15264449
2015-09-23,29.461767196655273,30.144861634321423,28.00686584122212,29.06699086227105,10223176
2015-09-24,28.157676696777344,30.300109393300772,27.767337316553554,29.57709465922711,16623279
2015-09-25,29.15126609802246,29.617013192968606,28.8984334138825,28.97827606363943,8279782
2015-09-28,28.206472396850586,28.969409570909008,27.9713813500292,28.964974658464644,6336880
2015-09-29,28.060091018676758,28.66334275927029,27.527810071094233,27.69636519590458,5939111
2015-09-30,28.765365600585938,29.3508736575691,28.46373869671335,29.03150507166103,6213360
2015-10-01,28.587940216064453,29.48394708550674,28.326235642190397,29.337568537256868,5256239
2015-10-02,28.64560890197754,29.04925514317735,27.904850284720695,28.889569798107253,5393985
2015-10-05,29.46619987487793,29.66137057128572,28.738750269489042,29.182316705094337,4425295
2015-10-06,30.202529907226562,30.548512086670023,29.204501651034832,29.652505129579897,5163063
2015-10-07,30.9122371673584,31.52879578952899,30.504154016112786,30.623916996814344,6195612
2015-10-08,31.293704986572266,31.666302737784346,30.894493691520328,30.894493691520328,4196967
2015-10-09,32.030025482177734,32.26067956339722,31.66186267966182,31.77719073745323,4352765
2015-10-12,32.59335708618164,32.86837047822592,32.114305175019176,32.22963324043365,4579831
2015-10-13,32.18083953857422,32.575615914617615,31.484438257122683,32.54900237121526,4809213
2015-10-14,31.723960876464844,32.45141049052708,31.360235052252147,31.759446273110886,3755257
2015-10-15,32.33608627319336,32.55343357683596,32.061072908139536,32.07881662462965,3431034
2015-10-16,32.105430603027344,32.73529592848088,31.812675551852525,32.71311729974729,4405403
2015-10-19,32.30059814453125,32.62440367141394,32.052202393925754,32.10542947352315,2650663
2015-10-20,32.083251953125,32.4647194846192,31.79493384850511,32.29616434759106,3086400
2015-10-21,32.69981002807617,32.95264476427243,31.901389577723446,32.376006529129015,4104182
2015-10-22,33.73332977294922,33.87083648068188,31.684046101402647,32.336092200580694,7812513
2015-10-23,34.91321563720703,35.34791026983145,34.23012116542095,34.54505282502734,8355735
2015-10-26,34.766841888427734,35.21928027457405,34.47408476652569,35.04185122266649,4270890
2015-10-27,34.642642974853516,35.00636682435276,34.58941181960995,34.81563304039588,3373971
2015-10-28,34.9930534362793,35.081767948008405,34.514001582904434,34.75352750959186,3305327
2015-10-29,34.842247009277344,35.43662699924518,34.66925694162178,35.405578543185726,4288782
2015-10-30,35.028541564941406,35.11725607843445,34.63376523487861,35.02410665301206,3600027
2015-11-02,35.37895965576172,35.49872261816081,34.62045953765864,34.63376427307719,3480224
2015-11-03,35.1749153137207,35.43218494144806,34.6648109698477,35.37452295343344,3884618
2015-11-04,34.443031311035156,34.842242551160425,33.31193347546798,34.82006392289088,6509889
2015-11-05,34.63820266723633,34.85555405485503,34.159150769478444,34.460777696066565,3482078
2015-11-06,35.39226531982422,35.631795319633774,34.5494896491111,34.722479695176276,4869761
2015-11-09,34.59828567504883,35.50759733215825,34.54949350100791,35.43662652730537,3568930
2015-11-10,35.07733917236328,35.130566261221354,34.35432228525361,34.79345594015065,3125163
2015-11-11,34.744659423828125,35.37452679239357,34.509568397222665,35.01523381566422,3966473
2015-11-12,34.15027618408203,34.593844653258785,33.81316390338412,34.56722704600359,3859534
2015-11-13,33.893009185791016,34.45190167575999,33.387341742650726,34.021641976792736,3837476
2015-11-16,33.71558380126953,33.96398160554181,33.334114218935994,33.356292848612874,3068887
2015-11-17,34.487388610839844,34.487388610839844,33.99946489138755,34.17689188340322,3434602
2015-11-18,34.61602020263672,34.96643926263313,34.19906932877603,34.40754680006957,3181403
2015-11-19,34.8599853515625,35.343472111427026,34.74465730133647,35.0418452161225,4110424
2015-11-20,35.152740478515625,35.30799088170353,34.864422369893305,35.11281813252197,3699400
2015-11-23,35.019676208496094,35.210409995601864,34.82450344016817,35.081773120881614,2535410
2015-11-24,34.79788589477539,35.27693776369724,34.527311507692225,35.21484085845276,4676603
2015-11-25,35.2547607421875,35.374527783604314,34.527313081672716,34.8245010229408,3993250
2015-11-26,36.3725471496582,36.57658969087655,35.33016395547895,35.374521206557986,5931519
2015-11-27,36.5721549987793,36.92257406840859,36.141895309082244,36.279401989804356,4281413
2015-11-30,37.58349609375,37.58349609375,36.62095323785425,36.665310501487475,5993048
2015-12-01,36.90927505493164,37.92504498878336,36.76289445902379,37.74761593615669,4847633
2015-12-02,36.74515151977539,37.219768496851955,36.58990111262313,37.08669671929288,3558265
2015-12-03,34.784584045410156,37.21089611271514,34.784584045410156,36.51893179254703,11252125
2015-12-04,34.86885452270508,35.19266003963758,34.21680857713099,34.917646688957774,6403123
2015-12-07,35.36565017700195,35.90236807601988,34.930955591212246,35.30798818716864,3859165
2015-12-08,34.38980484008789,35.458801721698336,33.955108193900905,35.458801721698336,4895726
2015-12-09,34.19463348388672,34.70473376570907,33.80429209124255,34.55835726923987,3509749
2015-12-10,34.261173248291016,34.60715746739153,33.906321238215845,33.95954832769986,3266808
2015-12-11,33.103458404541016,34.132534968534806,32.84618875495175,34.132534968534806,5517983
2015-12-14,32.3582649230957,33.57364041153417,32.14978946445299,33.37847172392283,5060765
2015-12-15,33.48936080932617,33.6845315194737,32.713116949416516,32.77078097663367,4996576
2015-12-16,33.751068115234375,34.11479399029435,33.44944321875879,33.72889151929818,4445412
2015-12-17,34.846675872802734,35.26363081026075,34.633763492367514,34.806753529994154,6053352
2015-12-18,34.06156539916992,34.77127339992787,33.786552023103695,34.50956882894379,9938704
2015-12-21,33.48936080932617,34.96200587343226,33.48936080932617,34.00833501991725,4553104
2015-12-22,33.87527084350586,34.199076431461314,33.29863251104967,33.99059891686982,4442342
2015-12-23,34.527313232421875,34.65151111784144,34.19463785474963,34.23455613333608,2856247
2015-12-25,34.527313232421875,34.527313232421875,34.527313232421875,34.527313232421875,0
2015-12-28,34.287784576416016,34.77570625512318,34.16358263208467,34.709170371101344,1570043
2015-12-29,34.766841888427734,34.94426687160818,34.51844202950258,34.607156555456356,2297349
2015-12-30,34.411983489990234,34.77570730406354,34.411983489990234,34.77570730406354,1758494
2016-01-04,32.66432571411133,33.382905567342924,32.4913356618786,33.382905567342924,8088122
2016-01-05,32.659889221191406,33.054663511252585,32.22075767501723,33.023615059464085,4552219
2016-01-06,31.83041763305664,32.48246155374009,31.351363752625275,32.38044027368032,6214588
2016-01-07,30.606172561645508,30.725935531582824,30.16260404730557,30.606172561645508,9932350
2016-01-08,30.24688148498535,31.39128613123189,30.224704890292497,31.045303993554718,6873682
2016-01-11,30.22027015686035,31.04974117935896,30.051715004926226,30.206963385324865,5542206
2016-01-12,30.668270111083984,31.25821510983114,30.300109359443333,30.40213064204677,5288678
2016-01-13,30.269058227539062,31.46669191575125,30.073889558989737,31.302571698454845,5530010
2016-01-14,29.191190719604492,29.754522189153136,28.317362518754013,29.741213384518428,13166218
2016-01-15,28.623422622680664,29.49281585945891,28.170982288750846,29.239981136364534,9851493
2016-01-18,28.796417236328125,29.244420695384733,28.29075177850893,28.610120399724813,5581911
2016-01-19,29.066991806030273,29.674680553623215,28.956100693712916,29.532738953362582,5637857
2016-01-20,28.30405616760254,28.618987815537192,27.864922570326733,28.38833373681167,7824436
2016-01-21,29.106914520263672,29.444024807959426,28.100014500627545,28.38833465127616,7692518
2016-01-22,29.37748908996582,29.874284665640307,29.33313183354693,29.838799267377844,6438027
2016-01-25,28.876258850097656,29.665809532425797,28.654474584839026,29.590403818045033,5632904
2016-01-26,28.87181854248047,29.05368042607665,27.824998389449522,27.944761341374203,6584846
2016-01-27,29.24441909790039,29.24441909790039,28.50809754779863,28.791980751149996,4133188
2016-01-28,28.339542388916016,29.550480914663808,28.202035699481556,29.09360765599693,6187534
2016-01-29,28.459304809570312,28.8540791184801,28.011301383910848,28.84964420640235,6188018
2016-02-01,28.273008346557617,28.610120689548896,27.70524190308895,28.490355675311655,4861678
2016-02-02,27.86935806274414,28.352846858236134,27.714109702893847,28.277441151394427,6672835
2016-02-03,27.93145751953125,28.5347092885792,27.430227033134976,27.77177221054281,10061187
2016-02-04,27.031015396118164,27.239492870231125,26.24146478968988,26.591881820062085,15844597
2016-02-05,27.186267852783203,27.762906160161197,26.835848735249325,27.456844304971057,9210017
2016-02-08,26.330175399780273,27.487886670505926,26.2148493913488,27.3015898717952,8408419
2016-02-09,26.237031936645508,26.62737137175267,25.602731626073584,26.254775655423057,9033710
2016-02-10,26.303565979003906,26.729390787328754,25.886613029443346,26.39228049791995,7668881
2016-02-11,26.0950870513916,26.63180497883336,25.287794738614014,26.01968134195221,8793610
2016-02-12,27.01770782470703,27.168519234496582,26.285819231115635,26.365661882062735,7447613
2016-02-15,27.856050491333008,28.13106180560035,27.61652253920034,27.847178633617766,5828136
2016-02-16,27.64757537841797,28.24195531178157,27.363692182260632,28.184293317630022,4366303
2016-02-17,28.769798278808594,28.93391848811998,27.767335342282294,27.824999364556273,6411455
2016-02-18,28.707700729370117,29.213368150774013,28.45486803584977,29.053682845335643,6169563
2016-02-19,28.108884811401367,28.299618574361922,27.501198123960467,27.510067947827824,6952556
2016-02-22,28.561325073242188,28.69883176487974,28.432692274800917,28.477047500238445,4100329
2016-02-23,27.878236770629883,28.481488676677177,27.767343604658578,28.39277414390013,5181154
2016-02-24,26.738262176513672,27.904845466718932,26.467685746680388,27.87823192525687,7172971
2016-02-25,26.955612182617188,27.363695341388063,26.46768839148199,27.1330392006994,5703304
2016-02-26,27.789514541625977,28.073397712909948,27.243926826109984,27.412481950469058,6399597
2016-02-29,27.98912239074707,28.051221330844534,27.235057148084117,27.381435691469306,5055821
2016-03-01,28.69439697265625,28.769802687142494,27.80282499812745,27.895974430353647,4854410
2016-03-02,29.44845962524414,29.51055856306174,28.87625631186108,28.956098965834126,5558758
2016-03-03,29.563783645629883,29.77226110737498,29.062553196365844,29.56822059155063,4142623
2016-03-04,29.85210609436035,30.03840494418438,29.47507348280725,29.785570209605122,5255197
2016-03-07,29.710166931152344,29.923079338548106,29.27990516972959,29.76339401581957,3197767
2016-03-08,28.854080200195312,29.50168927780853,28.618989163994502,29.32869921920435,6467576
2016-03-09,28.956098556518555,29.399667041775775,28.543580556912833,28.849642364180408,6570023
2016-03-10,27.749597549438477,29.985177790436385,27.660883030629876,28.96497303031787,11149380
2016-03-11,28.87181854248047,28.956096099969578,28.17985233380526,28.375023020382436,4951052
2016-03-14,29.39967155456543,29.84767502038482,29.177887277893387,29.41741323883016,5601604
2016-03-15,29.46619987487793,29.66137057128572,29.204495332029072,29.337565059274347,4626121
2016-03-16,30.00735855102539,30.233577741942874,29.7146034662766,29.7767044475979,6191136
2016-03-17,29.554920196533203,30.393263101510964,28.925052763898698,30.384391242119207,6218706
2016-03-18,29.838802337646484,29.918642966179803,29.350876535559966,29.563788947042404,14664235
2016-03-21,29.577096939086914,30.3355971298294,29.43515330097372,29.758958856005048,4321138
2016-03-22,29.696857452392578,29.696857452392575,28.898434980272427,29.33313161432977,4690836
2016-03-23,29.843236923217773,30.27349868818769,29.63032451406671,29.931951444212434,5954212
2016-03-24,29.21337127685547,29.807751238157504,29.160142157892306,29.807751238157504,5100005
2016-03-29,29.43071746826172,29.705728808334765,29.040378070158145,29.648066813682846,4251309
2016-03-30,30.131559371948242,30.34003485027469,29.608148133902432,29.612583046543822,5191364
2016-03-31,29.883153915405273,30.18921572383526,29.772262810851416,30.073889707470006,5814953
2016-04-01,29.222244262695312,29.67911754912824,29.022636584658173,29.674682636695035,7411075
2016-04-04,29.009326934814453,29.492817785330715,28.862950426679596,29.284340303111406,5687138
2016-04-05,27.98912239074707,28.698830375756128,27.904844821822657,28.698830375756128,9355291
2016-04-06,27.722984313964844,28.357286667040707,27.403615681142146,28.30405957875204,11903764
2016-04-07,28.161792755126953,28.677524543704177,27.948875802409294,28.407830894278458,9314086
2016-04-08,28.209108352661133,28.606553913080496,28.199644846453236,28.308469742765975,5842920
2016-04-11,28.62548065185547,28.828934113631934,27.868443505695883,28.166527695757985,4565327
2016-04-12,29.00400161743164,29.004001617431644,28.388908342931018,28.71538091039649,4121814
2016-04-13,30.04492950439453,30.139558072470642,29.425105547896475,29.49134576255291,6098439
2016-04-14,30.21526336669922,30.22472470429737,29.89825213634064,30.04965957828976,3862587
2016-04-15,29.576507568359375,30.120627702589463,29.519728701901965,30.04019332597527,5830736
2016-04-18,30.04966163635254,30.20580192782614,29.07497670455808,29.16014393899534,4728791
2016-04-19,31.057464599609375,31.189947191913866,30.007076048613616,30.186871837426185,7770703
2016-04-20,31.289302825927734,31.421783223779993,30.721525042208583,30.839811266721746,5229632
2016-04-21,31.540075302124023,31.677288553802857,31.13316838544072,31.35554668710117,6117076
2016-04-22,29.92664337158203,30.281504300843178,29.145948459194855,29.761039579230655,14041602
2016-04-25,29.71845054626465,29.84146961136677,29.24057062954815,29.78942358459998,5274080
2016-04-26,29.775236129760742,30.049660499179748,29.652217036899202,29.77050329078507,4137440
2016-04-27,29.69953155517578,29.997613600834228,29.425105023591154,29.784696613917298,4307077
2016-04-28,29.79888916015625,29.865131540040018,29.17433458006167,29.533926150715516,3940926
2016-04-29,28.71537971496582,29.690066707993747,28.71537971496582,29.486613237904542,5974523
2016-05-02,28.904640197753906,29.127020691430065,28.724844403309792,28.933030720585787,2879533
2016-05-03,28.18545150756836,28.83366589650694,28.029313415650698,28.81947172179,5725540
2016-05-04,27.764352798461914,28.28008465075965,27.646064382319803,28.105019530894516,4488637
2016-05-05,27.948881149291992,28.261159551021755,27.740696994826568,27.81167004932067,3865064
2016-05-06,28.105022430419922,28.308475923136363,27.650800073648792,27.844790058091238,4259124
2016-05-09,28.261157989501953,28.71538030509105,28.138138903188697,28.407834759339416,3855522
2016-05-10,28.436222076416016,28.653869718871736,28.19491675129728,28.431491407895987,4062336
2016-05-11,28.095556259155273,28.62548229182677,27.901566293099844,28.54031506549669,3535885
2016-05-12,27.802204132080078,28.384176184397578,27.698109893836406,27.91575970741109,3946420
2016-05-13,27.8353214263916,27.896830963803417,27.541970084146346,27.67918333375251,4264373
2016-05-17,27.324323654174805,28.327396799788993,27.002581778202345,28.057703127013486,6704333
2016-05-18,27.253347396850586,27.300662755984526,26.85590402220648,27.13979183694782,4440981
2016-05-19,27.158721923828125,27.655526740894842,26.926877939838544,27.20603511828825,4125998
2016-05-20,27.362171173095703,27.362171173095707,26.90794895200662,26.959994976919194,5412035
2016-05-23,26.931608200073242,27.395293990992936,26.70922989639022,27.395293990992936,5596871
2016-05-24,27.523048400878906,27.664992335031254,26.58621322739768,26.832251405291203,5616909
2016-05-25,28.440956115722656,28.459880960633203,27.69338025610994,27.915760746505853,5872156
2016-05-26,28.81001091003418,29.027658559437043,28.393640455944077,28.417298139362224,4475826
2016-05-27,28.710649490356445,28.95668766173144,28.56870555996476,28.880981772820174,3805692
2016-05-30,29.145944595336914,29.321007532272063,28.592360924667613,28.857323919259592,4389836
2016-05-31,29.046588897705078,29.382522832604856,28.80055069802976,29.254773063554882,4643091
2016-06-01,28.554508209228516,29.05604804170005,28.422027790865897,29.03238818909714,3757878
2016-06-02,28.67752456665039,28.786349462136204,28.299006021523063,28.45987694570998,2827346
2016-06-03,28.048240661621094,28.89990857785441,27.726500943732418,28.819474190890116,5884938
2016-06-06,28.086088180541992,28.336856980013344,28.029311485583804,28.128672871791785,2394938
2016-06-07,28.445690155029297,28.720116713985966,28.256430833340524,28.28008851980559,4088292
2016-06-08,28.204378128051758,28.398368073192128,27.94887647660848,28.322664362401067,3050459
2016-06-09,27.81166648864746,28.204379232500326,27.55143415885109,28.190185057425087,4085279
2016-06-10,27.210769653320312,27.66025913392073,27.016777514822447,27.631870781468393,5320543
2016-06-13,26.671377182006836,27.012043884174776,26.671377182006836,26.851172954532093,4607364
2016-06-14,26.046817779541016,26.505772839823564,25.92853155618588,26.496309334346453,6919701
2016-06-15,26.264469146728516,26.482118953716874,25.791322015516318,26.34963636815738,6795197
2016-06-16,26.16983985900879,26.264468414600888,25.620986858468147,25.720348252360207,5526060
2016-06-17,26.43480110168457,26.68083923598297,26.245541833005483,26.415876259832245,8046442
2016-06-20,27.60820960998535,27.69337682661466,27.196572041334317,27.300664100530554,5428145
2016-06-21,27.75489044189453,27.98200160626573,27.277010428942848,27.674456051608235,3965896
2016-06-22,27.91575813293457,28.280082521160566,27.825860245455114,28.000925352137173,4023781
2016-06-23,28.384178161621094,28.649141189183936,27.967807689736624,28.052974919675435,5083904
2016-06-24,26.05155372619629,26.72342363469047,24.60371967659962,24.868680501329653,21792458
2016-06-27,25.251930236816406,26.150911224339396,25.043743955372637,25.805513871299787,10274855
2016-06-28,25.398609161376953,25.928535161342143,25.275590083162907,25.895413972582556,6537705
2016-06-29,25.42226791381836,25.767665311006393,25.294515991812816,25.550017665792446,6037818
2016-06-30,25.322900772094727,25.479038840211476,25.039010810936766,25.474308172704045,6411863
2016-07-01,25.900146484375,26.079942261016566,25.450654872739754,25.516895079392224,5696536
2016-07-04,25.663570404052734,26.14145033898112,25.512162985858836,26.070477297941025,3112973
2016-07-05,24.731468200683594,25.53581848186451,24.679420001931295,25.52635714575611,7053731
2016-07-06,24.589523315429688,24.693617547969232,24.05013381965686,24.603719660345647,6834585
2016-07-07,24.736202239990234,25.180961048793144,24.589525469945073,24.792981114535028,4547459
2016-07-08,25.620990753173828,25.772398201162034,24.594259810265694,24.669963534259796,5642133
2016-07-11,26.127256393432617,26.23134845184408,25.654107122420307,25.871754745470973,4371384
2016-07-12,27.277009963989258,27.4757327719346,26.903222031904598,27.016777612154574,8600147
2016-07-13,27.092483520507812,27.754892210482726,26.974197261955588,27.27701216707973,5347078
2016-07-14,27.674455642700195,27.863714943546434,27.44734231165317,27.53724237833273,5118545
2016-07-15,27.627140045166016,27.773816815863558,27.314861658859506,27.537242149265804,4263582
2016-07-18,27.58928871154785,28.07189939138859,27.48046379862897,27.726501977391116,3892398
2016-07-19,27.28173828125,27.636601337722144,26.76127579247225,27.546701278995386,4735543
2016-07-20,27.764352798461914,28.01038879798083,27.234426770233416,27.546702980773027,4705427
2016-07-21,28.12867546081543,28.374711444998514,27.91575849506259,28.034044733800236,5721826
2016-07-22,28.157068252563477,28.30374503456212,27.87317819676681,28.09082803522254,3512417
2016-07-25,28.36524772644043,28.6869895918515,28.057702206000695,28.17125777555201,4087689
2016-07-26,28.748498916625977,28.89044283500404,28.237497772421115,28.37944386083049,4461409
2016-07-27,29.29735565185547,29.567049348157116,29.0797058232279,29.08443866213034,5644340
2016-07-28,28.535581588745117,29.538656851180203,28.535581588745114,29.349397572421818,7055687
2016-07-29,28.776884078979492,28.86678195632959,28.54504229897298,28.743765064710605,4345905
2016-08-01,28.724842071533203,29.16013951593905,28.634944181608724,29.051314612329744,3139036
2016-08-02,27.8731746673584,28.776888590340842,27.72176723544708,28.663333016407357,5559859
2016-08-03,28.08135986328125,28.185451926105394,27.44733963964479,27.91575826241611,3710752
2016-08-04,28.07662582397461,28.54504442670934,27.882635881551945,28.27534860452495,3039301
2016-08-05,28.876249313354492,28.994535553006646,28.147600521816944,28.218573567627054,4517811
2016-08-08,28.942489624023438,29.240573813451807,28.814739877134528,29.15540659218208,3387104
2016-08-09,29.746843338012695,29.789428035388855,28.819473883375778,28.975611987004477,5097255
2016-08-10,29.656940460205078,29.808347869803054,29.47714470381526,29.666403965812727,3385501
2016-08-11,29.846206665039062,29.865133680657163,29.39198433058376,29.80835480383445,3293720
2016-08-12,29.756309509277344,29.841476741623186,29.619096237728954,29.8083555484799,2813599
2016-08-15,29.950292587280273,30.18686721371054,29.779960331871667,29.850933370810093,2348604
2016-08-16,29.581239700317383,29.84620269349179,29.458220625264296,29.775231819446788,3388194
2016-08-17,29.22637939453125,29.6758710091214,29.070241298531563,29.59543445691409,3138429
2016-08-18,29.339935302734375,29.533925257877193,29.183795034907412,29.467685050027374,2078249
2016-08-19,29.05604362487793,29.42509864282378,28.82893034072153,29.42509864282378,3339096
2016-08-22,29.05604362487793,29.524460026507487,28.814736167342584,29.05131078706422,2970664
2016-08-23,29.268959045410156,29.448756975607804,29.003996073048036,29.16486699163282,2295266
2016-08-24,29.391979217529297,29.62382101331427,28.961414642482218,29.145943247515774,2372218
2016-08-25,28.942489624023438,29.17906427420319,28.668065286647554,29.14594525539873,4184955
2016-08-26,29.19325828552246,29.325740870090677,28.82893389049907,28.9661471434324,2759949
2016-08-29,28.97088050842285,29.13174927613718,28.69645399756803,28.95195349455564,2288621
2016-08-30,29.48188018798828,29.619093446606538,29.004000202120675,29.14121346073893,3436241
2016-08-31,29.373058319091797,29.619094322140036,29.335206459389642,29.458223375898005,2884387
2016-09-01,29.19325828552246,29.79888799776262,29.037120189097305,29.472415459754238,3569650
2016-09-02,29.742111206054688,29.765768887870443,28.994535404777082,29.311546605083148,3607641
2016-09-05,29.704259872436523,29.945565193164274,29.67113868330472,29.841473127366303,2158005
2016-09-06,29.94556427001953,30.182138915020346,29.746841481417594,29.912443081908766,3769284
2016-09-07,30.361934661865234,30.484953737553774,30.021267954595583,30.092240999038506,3937161
2016-09-08,30.16321563720703,30.56065906500557,29.708991166816435,30.38559394882155,4871767
2016-09-09,30.026002883911133,30.238917692004573,29.855668433398613,30.10170443187823,2915526
2016-09-12,29.524463653564453,29.60016736757303,29.10809322651728,29.377786893911075,5189464
2016-09-13,29.283159255981445,29.789429795606647,29.283159255981445,29.6758742126128,3571747
2016-09-14,29.11281967163086,29.44402282986457,28.961412265577618,29.40617097835126,4242778
2016-09-15,29.25476837158203,29.316277911635765,28.71537885652202,29.060778414513646,3932156
2016-09-16,28.582897186279297,29.316276626252396,28.455147443319472,29.26423059541923,9750556
2016-09-19,29.018192291259766,29.160138378263838,28.72957378909325,28.862054199592837,3210732
2016-09-20,28.90937042236328,29.169600582886783,28.90937042236328,29.037120168444154,2591339
2016-09-21,29.15067481994629,29.325739924248257,29.060776933689034,29.160138326402652,2709054
2016-09-22,30.0070743560791,30.22472199184072,29.396713974259125,29.477148356814336,6503564
2016-09-23,30.05438804626465,30.139553092451674,29.89351712008153,30.03073036564673,3161668
2016-09-26,29.278430938720703,29.90298778036617,29.212190719161867,29.879330094088353,4230437
2016-09-27,29.098630905151367,29.543389700562088,28.663333446853628,29.491343666314908,4187599
2016-09-28,29.36359405517578,29.661676086381174,29.160140585772133,29.212186620267815,3388514
2016-09-29,29.382516860961914,29.964491047289506,29.273694130941603,29.73264707240238,3098632
2016-09-30,29.67113494873047,29.808348186389825,28.672792602344586,28.9472190776633,5655282
2016-10-04,30.456567764282227,30.560659834895645,29.68533640195566,29.737382437262372,7438722
2016-10-05,30.603239059448242,30.754646480372152,29.85566546114426,30.115897779618948,4951266
2016-10-06,30.447105407714844,30.83035685405273,30.30042863355655,30.707337764115554,3482276
2016-10-07,30.219989776611328,30.395054877947107,29.94556328424544,30.366666529090292,4882472
2016-10-10,30.57485008239746,30.78776703495141,30.09223948062516,30.210525712030147,4144266
2016-10-11,30.475494384765625,30.849282331062213,30.40925416960915,30.584319300404683,4147264
2016-10-12,30.338281631469727,30.636365859790956,30.219995375962007,30.499152588184277,3575618
2016-10-13,29.90298080444336,30.092240080482757,29.6664061668863,30.092240080482757,4493050
2016-10-14,30.357206344604492,30.589048169022984,29.997612596288686,30.054391470246546,4478127
2016-10-17,30.219989776611328,30.418712558671537,30.04965534340793,30.324081835773814,3295464
2016-10-18,30.44236946105957,30.589044039757173,30.229452510014717,30.33827523452726,3399943
2016-10-19,30.849275588989258,31.010146507809655,30.39978401788352,30.484951230203865,4987148
2016-10-20,31.227798461914062,31.464373120116576,30.915520086689263,31.12843706206838,5918832
2016-10-21,30.57485008239746,30.877664918024198,30.234183392317387,30.71679399408969,8543730
2016-10-24,30.702608108520508,31.043274890568327,30.54173931118844,30.57958900582862,4413305
2016-10-25,30.69786834716797,30.991219668983682,30.664747161627822,30.76883921613805,3207753
2016-10-26,30.85874366760254,30.958102898330125,30.3619366638073,30.612705500002715,3646457
2016-10-27,30.96756362915039,31.08585203374955,30.726258321811883,30.79249852636865,3132706
2016-10-28,30.91551971435547,30.972298586454084,30.43763973515373,30.79250063316798,3658880
2016-10-31,30.71206283569336,30.90605277290777,30.5464612463579,30.783035875421916,3750179
2016-11-01,30.338281631469727,30.91552307201323,30.22945888401149,30.87767120984696,3467612
2016-11-02,29.54338836669922,30.120629725975547,29.39198093935011,30.096972044198328,4611827
2016-11-03,29.42510414123535,29.77050154474732,29.358861759714017,29.524465543485857,3167520
2016-11-04,29.26423454284668,29.382520795238378,28.980344499062372,29.231113350561838,3575562
2016-11-07,29.959758758544922,30.021268297090916,29.595434365637928,29.79415715632017,3489191
2016-11-08,30.158485412597656,30.15848541259766,29.779966796157318,29.94083775065237,3623570
2016-11-09,30.229455947875977,30.229455947875977,28.398370394655274,28.57816835000532,10074390
2016-11-10,30.13482666015625,30.57958547620819,29.83201177773254,30.32881880047866,6047091
2016-11-11,30.64582633972168,30.783039597770298,30.18687120003532,30.205798214264103,6473928
2016-11-14,30.69786834716797,31.32242501429165,30.67894133542184,30.754645042344034,6170880
2016-11-15,30.82562255859375,30.887132100655844,30.49915000381959,30.71206698171715,3454394
2016-11-16,30.66002082824707,31.03853941637086,30.31462126031445,31.00541822614823,3258850
2016-11-17,30.934450149536133,30.97230201177756,30.603244727399897,30.617438904486477,3819426
2016-11-18,30.877668380737305,31.199410264687405,30.8682048735549,31.033808654136884,4220326
2016-11-21,31.010150909423828,31.218335046833282,30.801964601982924,30.97229905080107,3915544
2016-11-22,31.000686645507812,31.398130066329138,30.991223138575272,31.16155758323541,3628422
2016-11-23,30.51807403564453,30.906053924530273,30.262572385119913,30.81142537139732,5398199
2016-11-24,30.560659408569336,30.697872667932646,30.461298007994817,30.579584252948,2172610
2016-11-25,30.62216567993164,30.726257737976013,30.4849524352226,30.64109269232038,1946646
2016-11-28,30.276771545410156,30.50388488439786,30.17741230776953,30.39979063776927,2764648
2016-11-29,30.06385612487793,30.28623445045129,29.770502576625066,30.28623445045129,4245325
2016-11-30,29.69479751586914,30.11116796522199,29.581241938772912,29.950297021827794,4647574
2016-12-01,29.519731521606445,29.70426014268007,29.311547388116484,29.524464360114845,3878826
2016-12-02,29.557586669921875,29.746845980541178,29.150679694598278,29.28789296605123,3737207
2016-12-05,30.31462287902832,30.475493830078843,29.491345448406296,29.49607611724865,5271814
2016-12-06,30.513341903686523,30.58904561595752,30.14901751712843,30.295694273415233,3866720
2016-12-07,31.511686325073242,31.696212766392822,30.77830471792874,30.77830471792874,7643089
2016-12-08,32.28764724731445,32.51475837550036,31.577925514241315,31.66782339789433,9309598
2016-12-09,32.316036224365234,32.510026156675536,32.01795206907833,32.26872086574234,5570254
2016-12-12,32.25926208496094,32.443790708599096,31.989568407364956,32.22614089506749,4392081
2016-12-13,32.62831497192383,32.76552822079802,32.235602238264526,32.26872342593461,5160513
2016-12-14,32.670902252197266,32.779724990240595,32.39647573272618,32.63778106190542,4587124
2016-12-15,33.17243194580078,33.29545100816274,32.6188505052341,32.718211888677914,8403311
2016-12-16,33.41374206542969,33.60773200997371,33.073075367917156,33.120388559492675,12577711
2016-12-19,33.584075927734375,33.607733609663846,33.177169006622805,33.27653040271402,3458143
2016-12-20,33.64558410644531,33.72128781754634,33.314380912886115,33.48944601606116,4287714
2016-12-21,33.711830139160156,33.78280101974868,33.57461687664699,33.61246873630471,3126733
2016-12-22,33.55095672607422,33.73075250371995,33.32857625317516,33.4515953305249,3080663
2016-12-23,33.60773468017578,33.6881712353044,33.47052142263301,33.546225139206165,2250437
2016-12-27,33.574615478515625,33.683438214230215,33.508373099349484,33.640855687650344,1304115
2016-12-28,33.53203201293945,33.67870878215176,33.49891082214043,33.55095902769075,2214651
2016-12-29,33.30965042114258,33.42793883434022,33.167706495336844,33.205558353553805,2358634
2016-12-30,33.46105194091797,33.46105194091797,33.12511811487689,33.224479496391616,2308385
2017-01-02,33.67870330810547,33.80645304180238,33.035221801686596,33.20555405660543,2399347
2017-01-03,34.1140022277832,34.36950389285639,33.77333551105033,33.78279901791186,4980484
2017-01-04,34.09980773925781,34.312724706513876,33.60300292901457,34.27960568784981,3501079
2017-01-05,34.09035110473633,34.36950831785718,33.920016639424006,33.934210816528086,3824521
2017-01-06,34.08561325073242,34.142392120826656,33.86796561710576,33.99571536227861,2558777
2017-01-09,34.057228088378906,34.298533426294505,33.79699573531659,34.16605300039367,3275069
2017-01-10,34.17551040649414,34.27960463776333,33.915280253399416,34.06668767702955,3455695
2017-01-11,34.45940017700195,34.64865945525545,34.095075795110056,34.13765831895537,4257393
2017-01-12,33.49418258666992,34.52091570568063,32.38228440518602,34.36004474873405,8285049
2017-01-13,33.749671936035156,33.96732170569075,33.39954394360639,33.66450689924576,4630368
2017-01-16,33.23868179321289,33.35696804438601,33.01157062853778,33.07781084239346,3703981
2017-01-17,33.28599548339844,33.46579127052628,32.61885619954884,33.02576313990074,4017529
2017-01-18,33.43740463256836,33.45159880911839,33.17243943686253,33.29072785816542,2483163
2017-01-19,33.44213104248047,33.65031516541032,33.27179660550941,33.48944640497591,3277998
2017-01-20,33.42321014404297,33.57934825466747,33.1487836132197,33.35696776071904,4940487
2017-01-23,33.200828552246094,33.399551355583625,32.99264224159927,33.13931900978297,3198249
2017-01-24,33.67870330810547,33.80645304180238,33.26706358950231,33.319109616561704,3637717
2017-01-25,34.23229217529297,34.473597505891284,33.97205983012187,33.97205983012187,5088128
2017-01-26,33.85850143432617,34.51617716043303,33.740215198202876,34.483058142734784,4097379
2017-01-27,33.46105194091797,33.896349318504825,33.30491386712686,33.83483978851804,4131140
2017-01-30,33.33330535888672,33.46578793675225,33.12038840269546,33.3806207202695,3726508
2017-01-31,32.812843322753906,33.58407460924477,32.812843322753906,33.3995481694895,5001716
2017-02-01,33.129852294921875,33.565149718658155,32.97844487275817,33.23867719336376,4828162
2017-02-02,32.221412658691406,32.48164501884502,31.752996146440175,32.45798733428273,11046507
2017-02-03,32.00849533081055,32.37281976317888,31.913864593557253,32.30184671023891,5193876
2017-02-06,31.80030632019043,32.221407394519694,31.667823742292246,32.051072961512205,4899104
2017-02-07,31.58738899230957,31.85708483158772,31.383935530767577,31.497491102560645,4529395
2017-02-08,31.540075302124023,31.77664994881275,31.289306480438356,31.36974086209811,4465350
2017-02-09,31.83816146850586,31.961178382812005,31.398131166060175,31.69621536964023,4788317
2017-02-10,31.757726669311523,32.12678394274837,31.64890392486329,32.10312625829486,3971245
2017-02-13,32.122047424316406,32.34442789668084,31.795574888305353,31.842890251792483,3763276
2017-02-14,32.226139068603516,32.3113062877658,31.961176074567437,32.183556544038034,3445716
2017-02-15,32.20248031616211,32.53841634333259,31.918592488437934,32.41539944200211,4017262
2017-02-16,32.07473373413086,32.31604123249142,31.928059137712797,32.245068183558146,3230850
2017-02-17,31.98956871032715,32.041614744915876,31.6914845085574,32.041614744915876,4311235
2017-02-20,32.07473373413086,32.25453169075554,32.04634538257013,32.174095134624864,2240812
2017-02-21,32.51476287841797,32.70402217811644,32.03215220669475,32.155171294006635,4850973
2017-02-22,32.83177185058594,32.921671916491455,32.533689810589316,32.74660679346206,4464759
2017-02-23,32.779727935791016,33.2812656536786,32.73714540447348,32.89801636172582,3902595
2017-02-24,32.533687591552734,32.86962146847954,32.15516901893706,32.76079873512214,4874549
2017-02-27,32.52422332763672,32.765528640808235,32.481640802970446,32.64724240338104,2624666
2017-02-28,32.476905822753906,32.60465772838994,32.240333363501826,32.53841535656942,3561785
2017-03-01,33.039955139160156,33.215020246158254,32.604659875838934,32.741870956428585,5419467
2017-03-02,33.06361389160156,33.12039059299062,32.90274295428026,32.97371600104797,2545585
2017-03-03,33.106201171875,33.13932236579593,32.84123813060269,33.101470502757024,3424541
2017-03-06,32.90274429321289,33.073078744374364,32.78445804715127,33.03049404656826,2855622
2017-03-07,33.16770553588867,33.35696482149872,32.8601600105341,33.011567439022144,4332051
2017-03-08,33.12038803100586,33.432666374583945,33.01629597315691,33.12038803100586,3269007
2017-03-09,33.106201171875,33.323851011872456,32.77026724367456,33.1251281884103,5134634
2017-03-10,33.12038803100586,33.465787561186445,32.97844411848172,33.20555524653283,4545264
2017-03-13,33.50837326049805,33.593540484098796,33.03522611721991,33.167706536126474,5215952
2017-03-14,33.47998809814453,33.64085905359462,33.304922965747615,33.58881301477904,4320569
2017-03-15,33.584075927734375,33.81118707021963,33.319112928168245,33.442132006188935,4482287
2017-03-16,33.73075866699219,34.0335735773179,33.584081881041264,33.99572171352719,4571959
2017-03-17,33.66925048828125,33.68344466652687,33.26234347846745,33.498916009270175,7343832
2017-03-20,33.579345703125,33.69763194430417,33.47998430572068,33.593539878463986,2631850
2017-03-21,33.3806266784668,33.938941098338624,33.28599810884198,33.71183209723274,5120402
2017-03-22,33.07307434082031,33.35223149358095,32.87435156426826,33.16770289106388,7101885
2017-03-23,33.39482116699219,33.48471906848561,33.04942373809308,33.17717350179593,4023752
2017-03-24,33.38535690307617,33.522570162813935,33.10146687636975,33.51783732418276,3692820
2017-03-27,33.347503662109375,33.347503662109375,33.09673698980152,33.21502323787245,4530182
2017-03-28,33.891624450683594,33.99098584920199,33.47525401262295,33.50364236361923,5111919
2017-03-29,34.23702621459961,34.539841117324755,34.14239764251385,34.16132248891832,8684193
2017-03-30,34.67587661743164,34.895946688661965,34.53083090332797,34.790913506245445,5968387
2017-03-31,34.61085891723633,34.730896522530855,34.475816898017754,34.660875159584585,5102842
2017-04-03,34.235740661621094,34.85093308358472,34.1457118868722,34.78591472316271,4636817
2017-04-04,33.8806266784668,34.08569233698276,33.5305175997982,34.06068421794901,5742858
2017-04-05,33.54051971435547,33.83561183470549,33.42048212503163,33.81060371685863,4359107
2017-04-06,33.570533752441406,33.570533752441406,33.06037449205181,33.30044970798835,4229139
2017-04-07,33.51051712036133,33.55553036451288,33.32545884901228,33.45049716759033,3998906
2017-04-10,33.47549819946289,33.710572666011686,33.34045620170993,33.69056525469181,2580200
2017-04-11,33.3304557800293,33.54552285644832,33.000351811941066,33.40047713874437,3821721
2017-04-12,33.42048263549805,34.26074577359909,33.370466399040374,34.21072953714142,5849430
2017-04-13,33.22041702270508,33.5955341749005,33.090375737066175,33.51050841562211,3664413
2017-04-18,32.7852897644043,33.28044464553664,32.4901975773609,33.250435814898886,6017185
2017-04-19,32.95033645629883,33.02035781201711,32.71025897658974,32.785283332367705,3430421
2017-04-20,33.155399322509766,33.205415558948665,32.715261488431565,32.7852828431049,3962765
2017-04-21,33.09538269042969,33.34546160373692,33.06037315654206,33.1604033455237,4856674
2017-04-24,33.900630950927734,34.060681062796206,33.70556901687489,33.75058454452648,6572865
2017-04-25,34.360782623291016,34.48582093646034,33.94565056049626,34.075691874289745,5754704
2017-04-26,34.43080139160156,34.625863347588506,33.940647295412674,34.36078003326086,5469533
2017-04-27,34.15571212768555,34.385783600783114,33.89062883076585,34.355774776879485,4562185
2017-04-28,34.21073532104492,34.39579359210404,33.95565568344788,34.01067263529212,4701459
2017-05-02,33.990665435791016,34.29576129965106,33.75059022756365,34.26575247209817,4864442
2017-05-03,33.91564178466797,33.91564178466797,33.535521550047406,33.7906034713058,3862649
2017-05-04,34.01567459106445,34.3157674635228,33.7605949613042,34.01067159038543,4358221
2017-05-05,34.270748138427734,34.39078572488715,33.88062426200828,33.99066043668909,4558991
2017-05-08,34.38578414916992,34.655870450315476,34.175720084592555,34.655870450315476,3647948
2017-05-09,34.305763244628906,34.61586211382228,34.28575812391761,34.45581197252331,3716719
2017-05-10,34.4358024597168,34.59085188486624,34.23573979528302,34.260747915074994,2857684
2017-05-11,34.38078689575195,34.575848861629126,34.20573234407342,34.525832620034656,3182915
2017-05-12,34.545833587646484,34.61085423512287,34.335769527224876,34.4408027043866,3576144
2017-05-15,34.585853576660156,34.705888889741686,34.29075911899414,34.66087564733611,2694701
2017-05-16,34.40079116821289,34.57084500910171,34.240741034176835,34.46081111542744,3389385
2017-05-17,34.13570785522461,34.365779334020814,33.955650319539295,34.11069973671821,4119671
2017-05-18,33.87062454223633,34.07068719632949,33.48050064632824,34.06068349014935,6266335
2017-05-19,33.95565414428711,34.15571682097136,33.86062465959986,33.96065714489306,4612268
2017-05-22,33.8806266784668,34.13570857505026,33.62554707578528,34.0206716862754,3681185
2017-05-23,33.60554122924805,34.355775608408116,33.375467456680056,33.880625944859055,7923032
2017-05-24,33.06037521362305,33.34546367855666,32.57022106357903,33.210421653382724,7285773
2017-05-25,32.90532302856445,33.135394522860246,32.75527660131955,33.095381989334804,3597767
2017-05-26,32.700260162353516,32.88031541906358,32.360152475153726,32.75027640351268,4027515
2017-05-29,32.73026657104492,32.73026657104492,32.450178852712256,32.61022897747378,2153825
2017-05-30,32.6102294921875,32.83029727025714,32.43517495220429,32.535205134808145,3595378
2017-05-31,32.31513977050781,32.73026953243059,32.270124235157,32.59022680754436,5149222
2017-06-01,32.54521179199219,32.7852870046905,32.195102680282695,32.375157942855346,4840233
2017-06-02,32.93033218383789,33.28544429025155,32.68525626850447,32.77528275133993,4992511
2017-06-05,32.93033218383789,32.93033218383789,32.93033218383789,32.93033218383789,0
2017-06-06,32.77528381347656,32.98535020137112,32.57022042628086,32.88031700742384,4152477
2017-06-07,32.5952262878418,32.94533538078723,32.57021816778826,32.71026088740562,3109227
2017-06-08,32.59022903442383,32.695259938314166,32.41017146852155,32.51020166543215,3080034
2017-06-09,32.74026870727539,32.880311412775086,32.44017359078748,32.565214178449864,3175419
2017-06-12,32.830299377441406,33.280440962805564,32.64524341305153,32.72526618792963,5463482
2017-06-13,32.9603385925293,33.06037106909694,32.86530911613121,33.00035112437596,2729715
2017-06-14,32.86531066894531,33.16540581892512,32.73526936082399,33.00535568397644,4422520
2017-06-15,32.63523864746094,32.91532637910706,32.340146502642966,32.89531896560989,5058688
2017-06-16,32.6102294921875,32.895317921205525,32.56021325393459,32.7852840321707,11072329
2017-06-19,32.86531066894531,33.16540581892512,32.86531066894531,32.92032761609616,2975979
2017-06-20,32.7952880859375,33.10538463736622,32.745271847154875,33.0953809308293,2797344
2017-06-21,32.735267639160156,32.81029199618483,32.435174798865354,32.770279464552054,2966056
2017-06-22,32.75527572631836,32.93033026907814,32.47018499887649,32.69025507433867,3468074
2017-06-23,32.68025588989258,32.85531045687561,32.42017553988709,32.73527284289562,3129893
2017-06-26,32.695255279541016,33.05536806613054,32.635237628727076,32.760275930524095,3064402
2017-06-27,32.55021286010742,32.69525858946083,32.275128109525255,32.51020032421345,4218931
2017-06-28,32.46018600463867,32.65024497449229,32.140085721136934,32.385161640479645,3774001
2017-06-29,32.16508865356445,32.68025086117059,32.010041526387354,32.655242742035135,5045533
2017-06-30,31.694942474365234,32.265121635438675,31.554899757695683,32.16008845098551,6092593
2017-07-03,32.050052642822266,32.25011529316877,31.789970050420887,31.895003228590532,3615312
2017-07-04,32.060054779052734,32.275121830907125,31.920009783716306,31.920009783716306,2461259
2017-07-05,31.880001068115234,32.0800637325914,31.63492516434519,32.015043079898895,4466097
2017-07-06,31.689943313598633,32.08006495066448,31.554901296687458,31.965028054009505,5071013
2017-07-07,31.749961853027344,31.794977389186894,31.574907296823525,31.684941196054126,2765934
2017-07-10,31.689943313598633,31.965028054009505,31.58491012402281,31.915014106417956,3009181
2017-07-11,32.08506393432617,32.31013240506637,31.849989463857398,31.9100071110143,4506625
2017-07-12,32.74026870727539,32.895315824514206,32.18509400341875,32.31013229717932,5003032
2017-07-13,32.5852165222168,32.59021952163848,31.759957889505014,31.759957889505014,7141872
2017-07-14,32.44518280029297,32.58022482569248,32.15509133407804,32.36515543253159,5575121
2017-07-17,32.35015106201172,32.57522186928508,32.280129695765105,32.480192380685615,2466668
2017-07-18,32.095069885253906,32.25011931883992,31.83999026095914,32.23011190435689,4845994
2017-07-19,32.08006286621094,32.30513364440593,31.950021564337927,32.23511228720582,3185566
2017-07-20,31.960025787353516,32.32513928585022,31.729954299176164,32.16508915600476,4313608
2017-07-21,31.299814224243164,31.94001696326821,30.949705179291776,31.91000584697676,10527775
2017-07-24,30.469562530517578,30.709637757990873,29.989412075570982,30.29450796388942,12808296
2017-07-25,30.539579391479492,30.809665702955424,30.444549914699834,30.62460745568379,6733115
2017-07-26,30.309505462646484,30.929700805716738,30.144452347732557,30.539576929666932,7713604
2017-07-27,30.154457092285156,30.20947632841984,29.914381911322717,30.124448268140313,5620415
2017-07-28,29.93439292907715,29.934392929077145,29.55427269981528,29.934392929077145,6242254
2017-07-31,29.6543025970459,29.904381492328984,29.51425758988267,29.764336485165757,4975175
2017-08-01,29.93439292907715,30.104446776218037,29.514260164835193,29.82935973801666,5018144
2017-08-02,29.90938377380371,30.344518642977686,29.74433063902905,30.054429494829055,5488020
2017-08-03,29.89437484741211,30.044421252271867,29.774337264743963,29.909379258507915,3226202
2017-08-04,30.27449607849121,30.489563151280755,29.75933616261457,29.839358932722757,4871925
2017-08-07,30.214479446411133,30.45455464653808,30.05442931299317,30.404538406369458,3260819
2017-08-08,30.25949478149414,30.459557462119633,29.994411442927593,30.129453465612023,2939514
2017-08-09,30.01941680908203,30.144455112781625,29.839359266096547,30.049425634945614,4133754
2017-08-10,29.94439697265625,30.009417634447953,29.704324035590318,30.009417634447953,3917654
2017-08-11,29.90938377380371,30.064433201703714,29.8143542932496,29.899380066929055,3346426
2017-08-14,30.084436416625977,30.264493953360482,30.049424591732624,30.099440829036865,2362905
2017-08-15,30.13445281982422,30.38953242001742,30.13445281982422,30.23448300108147,2210014
2017-08-16,30.269495010375977,30.384531898728714,30.184466947192846,30.35452077965717,2352234
2017-08-17,30.219480514526367,30.37452994334388,30.119450326894025,30.199475394560725,3318650
2017-08-18,30.164461135864258,30.19947296035962,29.994407307304034,30.059427956280057,4727244
2017-08-21,30.064435958862305,30.219483107079363,29.94939905400904,30.064435958862305,3258796
2017-08-22,30.42454719543457,30.434548608798803,30.094443206861122,30.174468277187888,4776378
2017-08-23,30.394535064697266,30.524576373137112,30.32451370396122,30.449552011982874,3159699
2017-08-24,30.834671020507812,31.05474108987496,30.34951993812172,30.454553119649002,5654088
2017-08-25,31.09475326538086,31.29481591983336,30.829669961493547,30.914698023324554,5262935
2017-08-28,30.959714889526367,31.08975620363969,30.79966474720295,31.014731839212274,1877977
2017-08-29,30.769655227661133,30.82467217611092,30.384534294610514,30.779656640905007,4182176
2017-08-30,30.804662704467773,30.969715832695847,30.734641346926576,30.934704006974265,2678978
2017-08-31,30.62460708618164,30.934703632021456,30.514570904062666,30.814666037447793,3816177
2017-09-01,30.90969467163086,31.089752205540645,30.61960325249947,30.69962831337007,3658422
2017-09-04,30.929704666137695,31.01473044019835,30.664621343134147,30.709634583418836,2167549
2017-09-05,31.21979331970215,31.46987222530529,30.894692348149476,31.014729947570743,3743703
2017-09-06,32.21010208129883,32.49018978585523,31.68493620156695,31.85999073017697,9880755
2017-09-07,32.46518325805664,32.8953173947835,32.43017143305951,32.51019649542273,6843612
2017-09-08,32.425174713134766,32.710263172638506,32.27512827623291,32.305137104832845,3286362
2017-09-11,32.33514404296875,32.63523919312969,31.744959743464783,32.63523919312969,6694893
2017-09-12,32.64023971557617,32.90032233050917,32.35515127434767,32.49019328829286,4859277
2017-09-13,32.84530258178711,32.84530258178711,32.5252000469057,32.56021187097603,4047520
2017-09-14,32.92532730102539,33.0003493605393,32.79528600599882,32.83529853570685,4268884
2017-09-15,33.13539123535156,33.21541629446281,32.80028658706093,33.005352234722146,11079409
2017-09-18,33.26043701171875,33.475504104887726,33.14540011109019,33.34046208331196,2667832
2017-09-19,33.26543426513672,33.345459328422386,33.15039967035229,33.19040990809318,2258983
2017-09-20,33.300453186035156,33.32546131037828,33.09538748398252,33.14040302536112,2254354
2017-09-21,33.445491790771484,33.525516854024346,33.31545048951009,33.31545048951009,2360875
2017-09-22,33.31045150756836,33.595539949950926,33.270438973870704,33.36046545426389,3122631
2017-09-25,33.36046600341797,33.4404910721306,33.13539521092592,33.26043581447823,2219470
2017-09-26,33.38047409057617,33.71557878582906,33.26543719176906,33.305449726932125,3074725
2017-09-27,33.42548370361328,33.60554123925035,33.36546605433552,33.41047929129384,2637175
2017-09-28,33.3354606628418,33.63055513549447,33.26543929535408,33.51051752241454,2632300
2017-09-29,33.74559020996094,33.74559020996094,33.04537193768673,33.320456704407746,4969964
2017-10-02,33.820613861083984,33.93565076629833,33.730585078477205,33.820613861083984,2584111
2017-10-03,33.820613861083984,33.820613861083984,33.820613861083984,33.820613861083984,0
2017-10-04,34.23073959350586,34.465814087894216,34.01066951243347,34.160718233397304,5210689
2017-10-05,34.23073959350586,34.530832447629415,34.23073959350586,34.265751420511165,3835204
2017-10-06,34.360782623291016,34.550841593357084,34.27075384497998,34.38578845080315,2976114
2017-10-09,34.320770263671875,34.54583876974951,34.29075914147964,34.485821113169386,1914521
2017-10-10,34.00066375732422,34.280753768689394,33.840613633059505,34.260746356205345,4307123
2017-10-11,34.05568313598633,34.285754617095854,34.010667604661435,34.07568825465145,2733074
2017-10-12,34.01567459106445,34.145713612381904,33.9606576409105,34.09069666222795,2369531
2017-10-13,33.96565628051758,34.095697587822826,33.810606853045776,34.035677640642696,2174699
2017-10-16,34.20072937011719,34.48081940570277,33.98566228377658,34.00566969799073,4264966
2017-10-17,34.37078094482422,34.60085472357803,34.120704340981845,34.120704340981845,3822503
2017-10-18,34.670875549316406,34.76090431814834,34.4007892428206,34.490818011652536,3197958
2017-10-19,34.48081970214844,34.810921394401106,34.095698767284865,34.76090744623993,4015609
2017-10-20,34.19072723388672,34.925957253520274,34.0456815125587,34.89094542633694,5693807
2017-10-23,34.39078903198242,34.585850988949744,34.175721955632355,34.27075143397992,3125625
2017-10-24,34.71089172363281,34.89594998691476,34.24074271144532,34.2957619548796,4082584
2017-10-25,34.6358642578125,34.94596310035495,34.43080089211033,34.680879789872904,3485235
2017-10-26,34.98598098754883,35.086011185624315,34.520834946437155,34.62586814545292,4680724
2017-10-27,35.56615447998047,35.86124660165011,35.06099600257927,35.08100341450697,6799629
2017-10-30,35.65618896484375,35.80123469592734,35.546155063298336,35.5811645989343,2902441
2017-10-31,35.65618896484375,35.65618896484375,35.65618896484375,35.65618896484375,0
2017-11-01,36.51145553588867,36.581476898939535,35.911267508519536,36.01129999336547,6158393
2017-11-02,36.55646896362305,36.69651168164929,36.316393766519184,36.36640771215598,3294799
2017-11-03,36.63649368286133,36.83155334497482,36.566470030608386,36.681506921679365,3347425
2017-11-06,36.40642166137695,36.726521936635415,36.40642166137695,36.58647921316089,2869933
2017-11-07,36.121337890625,36.631497196893775,36.02630839584179,36.561475826090735,3369622
2017-11-08,35.82123565673828,36.30638903758102,35.541147934669986,36.08631896614781,4099661
2017-11-09,35.48113250732422,36.116332348459,35.41611185246064,35.861250435570284,4320687
2017-11-10,35.29607391357422,35.62117489089348,35.111015657779475,35.51114099628106,4203739
2017-11-13,35.15102767944336,35.49113535916503,34.7258942267423,35.356091052224166,3496688
2017-11-14,34.86093521118164,35.36609371551187,34.84093009208936,35.316077476928214,2998792
2017-11-15,34.66587829589844,34.68088270988124,34.290758770719854,34.60585834606509,4353768
2017-11-16,34.68088150024414,35.05099571801563,34.660874086363485,34.86093675565972,2800925
2017-11-17,34.49582290649414,34.805919467390154,34.435802959342176,34.71589069361323,3298582
2017-11-20,34.740901947021484,34.95096834014601,34.14571459780276,34.25074779436502,3411792
2017-11-21,35.31107711791992,35.5861641389336,34.595852239625565,34.7809104890836,5313644
2017-11-22,35.00098419189453,35.53615158253805,35.00098419189453,35.35109331390206,2947210
2017-11-23,34.960968017578125,35.171032092584134,34.72089282279813,34.815922300660795,2236734
2017-11-24,35.010986328125,35.27606967548462,34.91595683841344,34.93596425409076,1795071
2017-11-27,34.95596694946289,35.16603332998195,34.74590056894383,34.93096112245539,2137347
2017-11-28,34.98598098754883,35.10101560064052,34.73089905056637,34.98598098754883,2313854
2017-11-29,35.07600021362305,35.46112109895726,34.96596633035666,35.30107098006002,3502836
2017-11-30,34.770904541015625,35.27606301774961,34.76590383499123,35.07600036824614,4493481
2017-12-01,34.15571212768555,34.87093695876706,33.935644360523135,34.87093695876706,6026277
2017-12-04,34.79091262817383,34.890942807916126,34.42079614593336,34.665874330020486,3316931
2017-12-05,35.0209846496582,35.12101712485501,34.67087557427324,34.79091316816825,4003758
2017-12-06,34.825927734375,34.905950509368246,34.51582887197893,34.74590037157754,3328054
2017-12-07,34.81092071533203,35.0810070408639,34.69088311306301,35.010983385780406,2157091
2017-12-08,35.161033630371094,35.436120674353205,35.06100114386771,35.111017387119404,4201346
2017-12-11,35.11601638793945,35.31107835080358,35.11601638793945,35.16103192223998,2666561
2017-12-12,35.381099700927734,35.381099700927734,34.90094929454758,35.141024497737654,3447664
2017-12-13,35.51114273071289,35.691200288783996,35.361096294921765,35.426116952341765,3946140
2017-12-14,35.45612335205078,35.74621479023792,35.306076926537514,35.61617348430548,4112196
2017-12-15,35.516136169433594,35.516136169433594,35.19103524276461,35.411102997703196,8399302
2017-12-18,35.7612190246582,35.936273569199074,35.63117771937573,35.661186545547984,4133008
2017-12-19,35.59616470336914,35.84624128886817,35.59616470336914,35.6961948787884,2197688
2017-12-20,35.53614807128906,35.87125274568842,35.42611417991357,35.65118496293744,3245231
2017-12-21,35.72620391845703,35.821233388546645,35.461120625832514,35.511136860796036,2417811
2017-12-22,35.66618728637695,35.67118799245486,35.50613716506146,35.641179168183676,2299374
2017-12-27,35.63117980957031,36.031305161679285,35.63117980957031,35.76122112248127,2108404
2017-12-28,35.46112060546875,35.64617883960608,35.41110437053395,35.61617001620592,1959689
2017-12-29,35.41110610961914,35.496134171964506,35.306075222560374,35.42611281595802,2092948
2018-01-02,35.32107925415039,35.55115073220634,34.6758757629062,35.38109690325112,4792431
2018-01-03,35.606170654296875,35.78622820446799,35.351091036472866,35.38610286397894,3507533
2018-01-04,36.02130126953125,36.26137647956451,35.881258543962915,35.91126737174154,4368709
2018-01-05,36.50145721435547,36.50145721435547,36.09132812077133,36.13634136642352,4198945
2018-01-08,36.886573791503906,37.1166475954835,36.61648974515646,36.63149415951996,4754655
2018-01-09,37.09163284301758,37.36671984091269,36.851557668313355,36.96159154991067,4000960
2018-01-10,37.08662796020508,37.251681068122686,36.87156091385645,37.0116059056077,3413353
2018-01-11,36.816551208496094,37.19166843688017,36.481446515058344,37.111643366987515,3991073
2018-01-12,37.10163879394531,37.241681507379774,36.91157754871006,36.97659819919818,3868963
2018-01-15,37.01660919189453,37.16665789935331,36.7665303066984,37.11163866361065,2597992
2018-01-16,37.18666076660156,37.506760986229814,36.896569369088034,37.02160995106888,4106222
2018-01-17,36.97659683227539,37.20166760059804,36.79153859401228,36.9615924202408,3372856
2018-01-18,37.27169418334961,37.27169418334961,36.95159389796832,37.15665957697957,3880581
2018-01-19,37.51677322387695,37.65181524800704,37.19667293144941,37.19667293144941,4530497
2018-01-22,37.78185272216797,37.84187037394211,37.396731810277224,37.45174875570419,3510303
2018-01-23,37.85687255859375,38.17697509352163,37.70182543803544,38.01192197305392,3939308
2018-01-24,37.72182846069336,38.25199502891729,37.71682775491831,38.01191986148401,4267546
2018-01-25,37.206668853759766,37.701823603262255,36.966593684673605,37.58178601871918,5330385
2018-01-26,37.4167366027832,37.4167366027832,37.00160686863099,37.00660986883647,3363119
2018-01-29,37.456748962402344,37.74684039251306,37.35671877947911,37.56178214550801,3614576
2018-01-30,37.03662109375,37.36172207818582,36.91658348957187,37.13665128361406,4563148
2018-01-31,36.87656784057617,37.19166509124461,36.66650147752925,36.99660543461699,4717339
2018-02-01,36.08131790161133,37.07663047857675,35.65118376332455,36.14133784555237,8607338
2018-02-02,35.59616470336914,36.101323168076114,35.141020179420906,36.011294404467534,6271656
2018-02-05,35.36109161376953,35.8062301554526,35.26105914054977,35.371093025970005,5031850
2018-02-06,34.735897064208984,35.29107180960954,33.840614647598535,34.30576062192566,10180486
2018-02-07,35.336082458496094,35.60116575206712,34.81591957716284,35.17603234116279,6317393
2018-02-08,35.17603302001953,35.55615090907107,34.990974781543756,35.18103372606952,6596018
2018-02-09,35.07600021362305,35.43611527504367,34.85092944718608,35.07600021362305,9038408
2018-02-12,35.496131896972656,35.791224008424635,35.191036079903206,35.44111495692925,4971679
2018-02-13,35.32107925415039,35.50613749538079,35.2110430742959,35.42611243397856,3378637
2018-02-14,35.81623840332031,36.12133427386639,34.98097586284491,35.61617572541323,6494869
2018-02-15,35.976287841796875,36.27638299973746,35.821238409238994,36.07131732520579,5595875
2018-02-16,36.261375427246094,36.36140790880805,35.97628698381827,36.12633341225912,5784512
2018-02-19,35.516136169433594,35.75121062939227,35.35108535322966,35.46111923069895,5680266
2018-02-20,35.32107925415039,35.36609249097594,34.940959065538834,35.2110430742959,4696971
2018-02-21,35.1810417175293,35.31608375057283,34.83093257305328,35.29607862792679,3732140
2018-02-22,35.03098678588867,35.116012550873606,34.61585707901205,34.88094037372039,3946851
2018-02-23,35.2160530090332,35.416115701934935,34.895952700390424,35.161036055223015,5478674
2018-02-26,35.12601852416992,35.33108418480901,34.740897616086386,35.236052413936086,6649328
2018-02-27,35.196041107177734,35.50113696170726,34.78591435942518,35.331085414840025,5528662
2018-02-28,35.24605941772461,35.49113763337879,35.09601298183363,35.11101739603251,4389436
2018-03-01,34.52082824707031,35.24605449755734,34.32576630191015,35.16602943706628,6297380
2018-03-02,33.68556594848633,34.28575390449452,33.44549076608305,34.25574508016958,6340402
2018-03-05,33.66556167602539,33.695570503148986,33.065373664042944,33.135395025298706,5263574
2018-03-06,33.79560089111328,34.340771921617446,33.735580946683434,34.235738739291676,3926440
2018-03-07,33.93564987182617,34.170722089117184,33.25043375336609,33.64055540917633,4374464
2018-03-08,33.950653076171875,33.99066561108278,33.40548200127298,33.880629419651186,4222969
2018-03-09,33.97065734863281,34.195728138625775,33.72057843820707,33.96065593558136,3523556
2018-03-12,34.170719146728516,34.295759745703485,34.06068525475216,34.285756039005086,2279639
2018-03-13,33.86561965942383,34.49581870520756,33.635548193483075,34.23573612239489,4582880
2018-03-14,33.76059341430664,34.04067885901902,33.57053215696311,33.795602947944644,4076173
2018-03-15,34.13070297241211,34.185719912530494,33.625544511813736,33.800599037800005,5028048
2018-03-16,34.59585189819336,34.760905026733425,34.26074722871779,34.26074722871779,17697759
2018-03-19,34.2757568359375,34.640872680236036,34.0256778990307,34.48582323469531,4633388
2018-03-20,34.350772857666016,34.43079791451728,34.03067263026098,34.10569468737044,3276513
2018-03-21,34.32577133178711,34.360783161095554,34.15571747984955,34.360783161095554,2522057
2018-03-22,33.525516510009766,34.22073395314747,33.2104169664717,34.01066759078876,6726878
2018-03-23,32.895320892333984,33.38547502489919,32.61023243756657,33.310452954645754,6156805
2018-03-26,32.77528381347656,33.48550804931985,32.640241790944984,33.06037456673409,4071055
2018-03-27,33.24542999267578,33.695569264691486,33.165404927352725,33.51051330829617,4816108
2018-03-28,33.160400390625,33.20541592147222,32.575216840826315,33.01035397357203,5066374
2018-03-29,34.49582290649414,34.635865626678644,33.21041883516853,33.26043507547816,9651035
2018-04-03,34.29075622558594,34.53583441952049,34.00066479304396,34.30576063845508,5020599
2018-04-04,34.06568908691406,34.51082998986649,33.58553864815789,34.51082998986649,5910915
2018-04-05,34.815921783447266,34.89594684718511,34.26575004372509,34.760904838865244,8007385
2018-04-06,34.8737678527832,35.41825255248114,34.7349768671364,35.231419663300265,6719957
2018-04-09,34.67091751098633,35.151343842773294,34.4520542598694,35.103301944067894,4625003
2018-04-10,35.092620849609375,35.492979749397776,35.06593009307388,35.33817483043832,4996603
2018-04-11,34.8310546875,35.15133886332064,34.71361487133804,35.08194338730257,3508102
2018-04-12,34.94849395751953,34.991198679836124,34.654898073501414,34.77767506825317,3373140
2018-04-13,35.044586181640625,35.41291478057523,34.99120465756441,35.1406724353289,3440194
2018-04-16,34.86308288574219,35.20472064832987,34.80970137327686,35.11931120768295,2582185
2018-04-17,35.231414794921875,35.364866140683354,34.77767679179088,34.9538353102296,3487587
2018-04-18,34.820377349853516,35.10329642140039,34.63354450884489,34.91646358039176,5782087
2018-04-19,34.80436325073242,34.82571438618899,34.62820720230093,34.65489550956065,3233334
2018-04-20,34.76166534423828,34.85775159323389,34.601523228075216,34.756328171389136,4428728
2018-04-23,34.884437561035156,35.00187493353652,34.55347413199446,34.69760226156324,2967257
2018-04-24,34.78301239013672,34.873759000971134,34.50543048930019,34.77767277004742,3858165
2018-04-25,34.702945709228516,34.70828288193299,34.04636084733798,34.28123561824448,6009177
2018-04-26,34.713619232177734,34.9965407919431,34.34529311818685,34.56415391755017,4720598
2018-04-27,35.039241790771484,35.210060685967996,34.71895758640014,35.076609342187304,3991724
2018-04-30,34.964508056640625,35.220736391524234,34.70294254953849,35.0712710869642,3152823
2018-05-02,35.52500915527344,35.73853276819288,34.825717180748626,34.847070766162645,5461430
2018-05-03,35.40757369995117,35.6744788610876,35.24743158256709,35.53568788350732,3448166
2018-05-04,35.48764419555664,35.48764419555664,35.183373943025934,35.38088360542535,3354390
2018-05-07,35.674476623535156,35.78657683314627,35.316824856237204,35.45027620431294,2690401
2018-05-08,35.77589797973633,35.77589797973633,35.50365567846179,35.67447456931987,3245213
2018-05-09,35.818603515625,35.91468975597511,35.5356844151878,35.56237517352084,3102020
2018-05-10,35.86665344238281,36.00010480657484,35.59441109255455,35.87733023702666,2308568
2018-05-11,35.79191589355469,35.89334176340536,35.62643660493161,35.89334176340536,2719532
2018-05-14,35.679813385009766,35.85596944414218,35.44493619125578,35.85596944414218,2669217
2018-05-15,35.71184539794922,35.871987510767845,35.50365893751394,35.65846387759488,3366697
2018-05-16,35.69582748413086,35.850632407092974,35.64244596967963,35.76522296326864,2389148
2018-05-17,36.1922721862793,36.1922721862793,35.685152667402676,35.69582946053289,4077664
2018-05-18,35.97874450683594,36.384438117583464,35.86130469213811,36.16023772835775,5632065
2018-05-21,35.97874450683594,35.97874450683594,35.97874450683594,35.97874450683594,0
2018-05-22,36.50188064575195,36.64067161568415,36.149568496570055,36.42714798819012,4804882
2018-05-23,35.80792999267578,36.512556725511224,35.578389955392545,36.37376820653611,5032478
2018-05-24,34.81504440307617,35.492982822696405,34.46272981384275,35.46095244313391,8225937
2018-05-25,34.7349739074707,35.0072162341227,34.39867326665357,34.91112998699718,5402348
2018-05-28,34.28123092651367,34.91646456240386,34.04635618775214,34.80436436499712,3802876
2018-05-29,33.73141098022461,34.030346509790256,33.28301258236481,34.030346509790256,6749448
2018-05-30,33.56058883666992,33.6833658298799,33.23496502706442,33.63532148772447,5563140
2018-05-31,32.925357818603516,33.42180055508311,32.727850606767646,33.36308186396376,11917337
2018-06-01,33.112186431884766,33.37909152242555,32.920013983257384,33.112186431884766,5644672
2018-06-04,33.18159103393555,33.4484937496845,33.08016516198736,33.33639598008684,2697139
2018-06-05,33.202938079833984,33.65133889591181,33.144219391679826,33.14955656396869,3889656
2018-06-06,33.28300857543945,33.35774122471167,32.920017224841764,33.16557120540539,4556981
2018-06-07,33.29368209838867,33.662010611906695,33.165570387506556,33.3630775739458,3420675
2018-06-08,33.074825286865234,33.11753001168548,32.70115955674919,33.04279735531112,4284531
2018-06-11,32.78656768798828,32.78656768798828,32.274111010752094,32.50898576369659,6225168
2018-06-12,33.26165771484375,33.4004486807468,33.032120127981756,33.14955750763315,6487717
2018-06-13,32.952049255371094,33.357742898847256,32.83994905171474,33.31503817594218,4031527
2018-06-14,33.73141098022461,33.859525157933746,32.62642772763605,32.6691324535391,6436250
2018-06-15,33.26699447631836,33.96628396992809,33.14421748653429,33.77411150315685,23837094
2018-06-18,32.952049255371094,33.19760080001426,32.637099781732495,33.06414701078328,3830538
2018-06-19,32.50898742675781,32.63710160262079,32.20471717717485,32.46628270147015,4227489
2018-06-20,32.26877212524414,32.770554469317524,32.22606740116838,32.626426331592356,5589429
2018-06-21,30.87552833557129,31.494748021475555,30.72072341409522,31.387984993597957,15115590
2018-06-22,30.779443740844727,30.880869602032636,30.352396503058525,30.816811292242598,7037240
2018-06-25,29.93069076538086,30.560584868608355,29.930690765380856,30.533894108540157,6570842
2018-06-26,29.695812225341797,30.389764611526157,29.50363974069322,30.160227023038985,6311920
2018-06-27,29.695812225341797,30.23495967896043,29.306132531810317,29.653107500780365,7611711
2018-06-28,29.482288360595703,29.989407878692774,29.247411153313152,29.626416498777257,5900182
2018-06-29,29.428909301757812,29.85595657954316,29.348837019081394,29.834605439776116,5030311
2018-07-02,29.66912078857422,30.11218198974541,29.242073552717148,29.332820172245203,7251870
2018-07-03,29.93069076538086,30.2509749897105,29.669122785659138,29.818590552392173,5434548
2018-07-04,30.096172332763672,30.2349633163465,29.893325478754644,29.957381349180842,3446422
2018-07-05,31.227848052978516,31.580162675568822,30.87553343038821,30.960942887486194,7635157
2018-07-06,30.98229217529297,31.532113948888778,30.768768562186793,31.532113948888778,5301472
2018-07-09,31.014318466186523,31.20115131175037,30.71538542363557,31.195814139796322,3152064
2018-07-10,31.14777374267578,31.222508848958316,30.87019424928629,31.067703912007815,2786135
2018-07-11,30.52321434020996,30.918233633531518,30.48050961791153,30.875528911233083,4370066
2018-07-12,30.512542724609375,30.774108253988008,30.261651540576878,30.774108253988008,3433219
2018-07-13,30.560585021972656,30.784785449075144,30.50720350156837,30.645994475321757,2763168
2018-07-16,30.46983528137207,30.672682100280877,30.331044321805358,30.523214348075776,2843005
2018-07-17,30.68336296081543,30.84884225155061,30.400443831976414,30.416457798935017,3442011
2018-07-18,31.099733352661133,31.29724302496219,30.97161916913432,31.083719385750836,3958713
2018-07-19,31.302574157714844,31.40399756073905,31.099727351666434,31.12107848734544,3545385
2018-07-20,30.565921783447266,31.286564954475626,30.34706098027663,31.286564954475626,6490409
2018-07-23,30.82215118408203,30.822151184082035,30.299020107820894,30.47517619085849,2815121
2018-07-24,31.58549690246582,31.879092801947195,30.9769539653423,31.024998310631467,5579130
2018-07-25,30.89688491821289,31.532116182039175,30.592612217834965,31.484074283779446,4963923
2018-07-26,31.766990661621094,31.895104827525575,30.47517221002323,31.227843240742562,8129837
2018-07-27,31.649553298950195,31.991191074810764,31.43602968903734,31.71894877820239,4389517
2018-07-30,31.681583404541016,31.825711545101647,31.50008771158737,31.574820368129128,2300675
2018-07-31,31.574819564819336,31.857738666219834,31.39866349711452,31.601510323243257,4599787
2018-08-01,31.089052200317383,31.71360906348556,30.992968412325432,31.708271891345152,4864284
2018-08-02,30.64598846435547,30.918230737477035,30.299013546272743,30.875526019178672,4605085
2018-08-03,31.04635238647461,31.243862062310754,30.635319067605398,30.73674249201554,2880189
2018-08-06,31.094396591186523,31.48941349277071,31.008987134371917,31.169129253838182,2721529
2018-08-07,31.436031341552734,31.708273652472222,31.20649130661646,31.20649130661646,3383316
2018-08-08,31.526779174804688,31.63887938624309,31.275887992228803,31.39332782455362,2157601
2018-08-09,31.51609992980957,31.69759561269915,31.30257631707011,31.446704449638727,2484662
2018-08-10,30.53389549255371,31.334610986160673,30.411118480323747,31.334610986160673,5391938
2018-08-13,30.54990577697754,30.886206390647164,30.549905776977543,30.64065484403217,3016379
2018-08-14,30.13353157043457,30.758088375892527,29.92534515253396,30.65132535699666,3838257
2018-08-15,29.386198043823242,30.384420527792464,29.226055962301377,30.2242784462706,6172160
2018-08-16,29.514320373535156,29.743857991883832,29.38620618318395,29.663788153067188,3331031
2018-08-17,29.31680679321289,29.605065519364206,28.94314106642638,29.51965362224051,4523685
2018-08-20,29.514320373535156,29.67446249941302,29.31681069071314,29.43958770789143,2354096
2018-08-21,29.82392692565918,29.887982789510303,29.231397943814773,29.444921570392356,3541027
2018-08-22,29.519655227661133,30.09083309031953,29.01787530026625,29.765209242727128,5149935
2018-08-23,29.044565200805664,29.514317181285353,29.01253726874313,29.41823093685343,3302386
2018-08-24,29.22606086730957,29.359512216267607,29.012537240030124,29.14598858898816,2425566
2018-08-27,29.952041625976562,30.005423145616586,29.359512633758744,29.391543014489365,3110483
2018-08-28,30.0534610748291,30.41645242254347,30.0534610748291,30.192252028263656,3206714
2018-08-29,30.250972747802734,30.283000678213227,29.898658168554764,30.133535370801475,2302138
2018-08-30,30.240297317504883,30.60328870599365,29.72784061486966,30.18157862635847,3881901
2018-08-31,29.733182907104492,30.037453183540244,29.69581535108838,29.818592365217462,4022097
2018-09-03,29.359508514404297,29.706485895136623,29.226057182272786,29.679795139061522,2927588
2018-09-04,28.93246841430664,29.471615943555868,28.750972697399607,29.455601975629452,4032324
2018-09-05,28.975162506103516,29.17801173792907,28.56946893893981,28.78832968456826,4697548
2018-09-06,28.99652099609375,29.407554252347097,28.91644872406269,28.996520996093746,3291963
2018-09-07,29.081932067871094,29.092608861054924,28.879085238599668,28.996522618888996,3114952
2018-09-10,29.092609405517578,29.18869320123744,28.825704260392367,29.087269784703608,3001949
2018-09-11,28.852394104003906,29.279441343352776,28.692249553064915,29.258087757263223,3389029
2018-09-12,29.108623504638672,29.113960677232757,28.64954586948492,28.88442308377804,2922573
2018-09-13,29.407556533813477,29.68513602488328,29.103283835084987,29.119297801084755,4237137
2018-09-14,29.647768020629883,29.968052205788776,29.444918758568914,29.557018957847745,4208237
2018-09-17,29.578372955322266,29.813247701283665,29.338158588979134,29.391540103331852,3178821
2018-09-18,29.770545959472656,30.14421414910165,29.530331569084137,29.63709460847652,5192009
2018-09-19,30.06414222717285,30.144214507669606,29.78656028004627,29.78656028004627,3601149
2018-09-20,30.53923225402832,30.72606758045701,29.957380031443105,29.96805682545935,5154051
2018-09-21,30.75275421142578,31.393327541948548,30.619302862376053,30.960940666257894,11080038
2018-09-24,29.962717056274414,30.688697366316436,29.920012332154297,30.688697366316436,4757286
2018-09-25,29.22072410583496,30.096169765875466,28.943142162344138,29.978732381280583,7456840
2018-09-26,29.268766403198242,29.327485096295437,28.532109256625528,29.26342923046009,6050544
2018-09-27,29.674455642700195,29.685132434823576,28.99651973889149,29.412890149263355,4670763
2018-09-28,29.01253318786621,29.551680577474947,28.889756201237105,29.53032699360729,5255563
2018-10-01,29.295455932617188,29.42890727966385,28.782999234486258,29.071255515123838,3027652
2018-10-02,29.893320083618164,30.12285765829276,29.11929546736698,29.14064905248486,5960577
2018-10-04,30.128202438354492,30.47517744586693,29.936029932359173,30.32037249610529,5169767
2018-10-05,29.685138702392578,30.106848821985867,29.557024514594627,30.069481265786433,3581115
2018-10-08,29.145986557006836,29.535668679776908,29.1139586272089,29.45559640703793,3550160
2018-10-09,29.049903869628906,29.210045972937763,28.62819380106321,29.12997369716122,3722677
2018-10-10,28.612178802490234,29.167340195728038,28.569474079933478,29.092607543314752,4994282
2018-10-11,28.131750106811523,28.50007864548514,27.822140255717155,28.115736141857557,6573419
2018-10-12,28.233177185058594,28.74029675021019,28.158444522816144,28.398658924822453,4034557
2018-10-15,28.24918556213379,28.403990477160313,27.774096473306447,28.04099913539247,3786767
2018-10-16,28.414669036865234,28.580148305934213,27.934240298031934,28.211819769378288,4572486
2018-10-17,28.163776397705078,28.63352831924563,27.907548076864778,28.63352831924563,3967350
2018-10-18,27.976943969726562,28.56947288858459,27.955590385216563,28.249186258642833,3048194
2018-10-19,27.432464599609375,28.014316836669877,26.033882892510004,27.960935313505086,11434400
2018-10-22,27.122852325439453,28.08904703774549,27.122852325439453,27.517869196794287,5223704
2018-10-23,26.94669532775879,27.14954461982333,26.541001640118566,26.765202071837862,6627823
2018-10-24,26.69046401977539,27.507193374351758,26.605054574084015,27.491179409315144,5910554
2018-10-25,27.41110610961914,27.635306508225998,26.58370244149237,26.58370244149237,6983246
2018-10-26,27.421785354614258,27.421785354614258,26.87196110129319,27.160217383430087,5303968
2018-10-29,27.987625122070312,29.1086248291368,27.421786871577922,27.43780083833316,7575994
2018-10-30,27.8221435546875,28.286558386396365,27.645987471062295,28.12107664851007,5082442
2018-10-31,27.950258255004883,28.291896082838775,27.790116135268867,28.238514560178608,5162553
2018-11-01,28.062358856201172,28.403996688696676,27.710044229379058,27.880863145626808,3478404
2018-11-02,28.36662483215332,29.263426454738905,28.32925973004168,28.89509791638958,6376907
2018-11-05,28.12641143798828,28.48406316491414,28.115734645839026,28.452035236710394,3094873
2018-11-06,27.90221405029297,28.259865815752672,27.838155738739744,28.21182147002668,3105295
2018-11-07,27.918230056762695,28.25986788136668,27.75808793854069,27.902216089764938,4015320
2018-11-08,27.384416580200195,27.99295949730387,27.3256978918845,27.944917601839435,5282772
2018-11-09,27.096162796020508,27.33103757082458,26.82925763972501,27.224276977253023,3962948
2018-11-12,26.909326553344727,27.421783214140063,26.807900697015402,27.272315463952708,4090694
2018-11-13,27.699363708496094,27.811463913232753,26.882636793157246,26.893313586047448,5555128
2018-11-14,27.912891387939453,28.521431894219106,27.662000205849967,27.747409657423706,5275236
2018-11-15,27.25629997253418,27.640642446601206,26.91466221780793,27.496514324856566,6077505
2018-11-16,26.95203399658203,27.768760964102754,26.845270957347136,27.544560540304946,5884139
2018-11-19,26.930679321289062,27.22961239152615,26.81857911391963,27.05345632179946,5362090
2018-11-20,26.573026657104492,27.021427471327232,26.48494862523764,26.893313302727044,5838024
2018-11-21,27.138864517211914,27.197583204409284,26.637082193445085,26.77587315313566,3711428
2018-11-22,26.914663314819336,27.101496163519855,26.68512574503744,27.101496163519855,2200753
2018-11-23,27.04811668395996,27.13886329677608,26.850607045954032,26.877297802251483,2409263
2018-11-26,27.726055145263672,27.864846111500995,27.165556556104963,27.218938073618435,4191432
2018-11-27,27.058792114257812,27.811463148035013,26.89331284611147,27.811463148035013,4428988
2018-11-28,27.021427154541016,27.28299266094171,26.86128260948512,27.218936801514655,3709604
2018-11-29,27.04811668395996,27.266977458057436,26.759857984893895,27.128186504608294,4413709
2018-11-30,26.527652740478516,26.97872213050274,26.025870422104834,26.941354580758706,8826948
2018-12-03,27.73139190673828,28.55346089882763,27.57658942543418,27.864845698544173,9224854
2018-12-04,26.930679321289062,27.533885082455832,26.930679321289066,27.46448959940598,4442153
2018-12-05,26.69046401977539,27.133525213268875,26.645090710797625,26.850608566629834,3426005
2018-12-06,25.04099464416504,26.354166752445362,25.011635299226914,26.252740890029028,11225670
2018-12-07,24.94757843017578,25.622848299259445,24.851494631141428,25.50274232634431,6095624
2018-12-10,24.272310256958008,24.7687529962246,24.058786629759705,24.7687529962246,7456465
2018-12-11,24.926227569580078,25.222492073859062,24.32302421539522,24.53921643800602,8334824
2018-12-12,25.313236236572266,25.430676061233477,24.907542591406422,25.07569289759128,5898077
2018-12-13,25.377294540405273,25.761637048077315,25.2972222665487,25.457364366017675,4449350
2018-12-14,25.286548614501953,25.513417637030273,24.661991655929608,25.089041387963338,6168706
2018-12-17,25.313236236572266,25.729606674569883,25.054339311927723,25.38263171761256,4334638
2018-12-18,25.14241600036621,25.85238228970256,25.097042693561594,25.209142891693023,5564751
2018-12-19,25.209144592285156,25.513414830422015,25.163771282419688,25.187791006322463,5042530
2018-12-20,24.83013916015625,25.166439775999674,24.6726656451766,25.00629767484556,5717366
2018-12-21,24.990280151367188,25.401315851304687,24.4351187702121,24.661987756872463,13395029
2018-12-27,24.165546417236328,25.12907251806774,23.919994866168665,25.065016656156274,6172050
2018-12-28,24.507184982299805,24.63262811134159,24.290990342517535,24.307004306900655,2823188
2019-01-02,24.154870986938477,24.568572829299082,23.759851695421787,24.528536693281453,5495385
2019-01-03,23.90131378173828,24.237611973906596,23.781205360914733,23.866614814202617,4087461
2019-01-04,25.126405715942383,25.126405715942383,24.125511992432145,24.202915687356082,6123613
2019-01-07,25.1744441986084,25.489393660098695,24.91821587106122,25.353271289982477,3781141
2019-01-08,25.355939865112305,25.836368591117694,25.0116335091646,25.08903719354848,5145897
2019-01-09,26.111286163330078,26.55434741220742,25.61217235745163,25.726941161430567,7240874
2019-01-10,26.311458587646484,26.311458587646484,25.532096859096143,25.916439327501855,4595212
2019-01-11,26.10594367980957,26.4395757093032,25.686904651556933,26.420890709603366,5137097
2019-01-14,26.30345344543457,26.418222237324656,25.841707243445452,25.889751587744506,4100296
2019-01-15,26.39153289794922,26.946694335712095,26.26875589266003,26.476942349912736,4203925
2019-01-16,26.610395431518555,26.615732604030793,26.260749425860137,26.540999947638092,3439649
2019-01-17,26.121959686279297,26.332814734090597,25.988508333000386,26.290110007252018,4098807
2019-01-18,27.165555953979492,27.170893126314844,26.37284876050527,26.466263965839048,7010909
2019-01-21,27.07480812072754,27.2135990902151,26.97338470402333,27.19758512423489,2278056
2019-01-22,26.99473762512207,27.048119142569224,26.75986041730113,26.94669328012193,3278128
2019-01-23,26.839933395385742,27.021429090505972,26.591710801711535,27.010752297088473,3523902
2019-01-24,27.27231788635254,27.272317886352543,26.615733037419417,26.743847213997693,4167685
2019-01-25,28.062358856201172,28.137091519998435,27.50185775711042,27.50185775711042,5152211
2019-01-28,27.859506607055664,28.06769059074128,27.790111129745778,27.950253220637183,3242674
2019-01-29,27.758087158203125,28.057017798083592,27.46982841561372,27.678014877220892,3354289
2019-01-30,27.63530731201172,27.838154131773027,27.512530316764543,27.7580843072589,2446026
2019-01-31,27.576589584350586,28.110397409917717,27.20292141338495,27.81680396274127,4699285
2019-02-01,28.307903289794922,28.35594762801342,27.822137425379616,28.014309881765833,5938372
2019-02-04,27.84882926940918,28.441358176820607,27.73672907350734,28.34527194486989,3979945
2019-02-05,28.243850708007812,28.243850708007812,27.779435924817424,28.073031815097902,3846696
2019-02-06,27.73139190673828,28.057015731202764,27.234951635601828,27.806127009447263,7495222
2019-02-07,26.276763916015625,27.48584161492889,26.276763916015625,27.432462544008466,8647255
2019-02-08,25.628183364868164,26.29811600611629,25.569464676426882,25.99651190894909,7046827
2019-02-11,25.708255767822266,25.825693145293034,25.508077529590114,25.700247561065535,4083378
2019-02-12,26.362171173095703,26.468934202538648,26.033878774749233,26.06323811819722,4105462
2019-02-13,26.80790138244629,26.89865044860165,26.244734227331193,26.57569521716258,4093592
2019-02-14,26.316801071166992,27.154881651073357,26.311463898342243,26.98406274174835,4270125
2019-02-15,27.016088485717773,27.09616076106622,25.871069148051454,26.033879836700233,6667582
2019-02-18,26.903989791870117,27.106839077840014,26.634416054269973,26.690466160515765,2915008
2019-02-19,26.936017990112305,26.99473667794619,26.495625383114,26.69580361827285,2781821
2019-02-20,27.629972457885742,27.91289404745514,26.957373574718996,26.984064336909405,5281927
2019-02-21,27.816801071166992,27.896870890144427,27.624628609133204,27.758082387835547,3285294
2019-02-22,27.864845275878906,28.073031718991714,27.704703176385145,27.75808469229779,3284897
2019-02-25,28.526769638061523,28.676234944358733,27.971608239361288,28.083705994962113,5245777
2019-02-26,28.371963500976562,28.46271011534002,27.97160704617627,28.345272744224,3363892
2019-02-27,28.22783660888672,28.398655500986095,28.02498733833559,28.366625122534337,2897120
2019-02-28,28.110397338867188,28.179792821181916,27.896873719531182,28.01431354634915,3766616
2019-03-01,28.441360473632812,28.72961674451941,28.35595102683351,28.35595102683351,3815945
2019-03-04,28.54812240600586,28.729618101085357,28.47338974858876,28.66556223708336,3335476
2019-03-05,28.243850708007812,28.54812094291203,28.201145984780336,28.4840650821929,3113042
2019-03-06,27.864845275878906,28.030326995910436,27.69402638355378,28.024987375372667,3613209
2019-03-07,26.925342559814453,27.65132288432834,26.65310024415228,27.64598571179852,6377289
2019-03-08,26.733169555664062,26.75986031428489,26.210036072833155,26.503631969418024,5004932
2019-03-11,27.090824127197266,27.13352640367223,26.791888605918384,26.946693539056128,2799635
2019-03-12,26.989395141601562,27.480500643183028,26.936016078060693,27.357723655726666,3838020
2019-03-13,27.160219192504883,27.240291475429345,26.866625718270765,26.903990825039955,3161106
2019-03-14,27.20825958251953,27.448473948095184,27.0321010753672,27.22961071924594,3396755
2019-03-15,27.581924438476562,27.84348993274795,27.24028667539033,27.41644272889016,10984891
2019-03-18,27.27765655517578,27.597940761321045,27.229612210483033,27.565912830355362,3486583
2019-03-19,28.217159271240234,28.387978160041364,27.282992555017515,27.363064827234588,6359114
2019-03-20,27.60861587524414,28.371963689046407,27.533883224788024,28.307905382766826,5799430
2019-03-21,27.491180419921875,27.67801328320942,27.277656797844067,27.491180419921875,4130929
2019-03-22,26.957374572753906,27.880864696104926,26.957374572753906,27.635313102404584,7978498
2019-03-25,27.090824127197266,27.373743234492704,26.823918985641004,26.91466560757777,3965066
2019-03-26,26.89865493774414,27.2723207127618,26.818582650992685,27.06413668439932,4435739
2019-03-27,27.41110610961914,27.57658782254212,27.03210079046202,27.069468339644523,4751485
2019-03-28,27.27231788635254,27.635309277446478,27.186908435300357,27.309685439279487,3881674
2019-03-29,27.891538619995117,27.891538619995117,27.25630488716934,27.299009614210288,5257470
2019-04-01,29.039228439331055,29.21538451641324,28.179794296360647,28.185133917276204,9531438
2019-04-02,29.33281707763672,29.407552172210313,28.76698138600484,29.039223664111674,5890941
2019-04-03,29.621078491210938,29.80257417605164,29.557020182578388,29.573034147675482,5406529
2019-04-04,30.010757446289062,30.138871612218136,29.524991539838506,29.62641494850184,4651219
2019-04-05,29.89866065979004,30.1388750543724,29.791900066778094,30.064142394439596,3691114
2019-04-08,29.877307891845703,29.962717340897267,29.423569887728746,29.573035199446853,2984571
2019-04-09,29.482288360595703,30.01075901667615,29.423569670836123,29.791898223186426,3785475
2019-04-10,29.39154052734375,29.62641527669353,29.284777497098112,29.492963937130618,4839541
2019-04-11,29.599727630615234,29.733181432450756,29.231399054740212,29.482290243595482,3232207
2019-04-12,30.250972747802734,30.38976371057378,29.354173558599655,29.471610935600918,6015461
2019-04-15,30.154890060424805,30.30969500663636,29.861296583337783,29.946706039989365,4050229
2019-04-16,30.400440216064453,30.565919487117075,30.160225843768288,30.160225843768288,4577867
2019-04-17,31.00364112854004,31.275883410042752,30.544566004760718,30.70470809124867,6891490
2019-04-18,31.660226821899414,31.67624078619691,30.77410447581082,30.891541846155178,9774145
2019-04-23,31.553470611572266,32.028559778975,31.505426263785264,31.900445598616965,5529441
2019-04-24,31.195817947387695,31.612188409699712,30.87553128144008,30.982294319504057,5368441
2019-04-25,30.800796508789062,31.13175749722202,30.742077821183553,30.97161539936661,6302109
2019-04-26,31.121082305908203,31.350622344146927,30.45916029498155,30.496525399065504,5636341
2019-04-29,31.035673141479492,31.36129697742206,30.912898586583374,31.12108259194822,3586350
2019-04-30,31.142433166503906,31.259870537478466,30.710046335174948,30.72606274780244,4157251
2019-05-02,31.286563873291016,31.633538842770935,31.08905421587362,31.14243573371492,4670392
2019-05-03,31.24919319152832,31.24919319152832,31.05702317408755,31.16378619907777,3778506
2019-05-06,30.60862159729004,30.92890821576033,30.069474210773215,30.31502818262322,7688969
2019-05-07,30.22428321838379,30.747416712079612,30.10684583660849,30.59261177781022,6431663
2019-05-08,30.587276458740234,30.731404608424292,29.98407065096704,30.06948010620533,5969448
2019-05-09,29.70648956298828,30.33104647717633,29.56769859355887,30.19225550774692,8904113
2019-05-10,28.766986846923828,30.122861323053936,28.473390929420695,30.03211469587295,9771605
2019-05-13,27.8221435546875,28.542786752529995,27.480505733176,28.473391264004917,8608353
2019-05-14,28.158445358276367,28.43602487551745,27.982286819181407,28.291896719686278,6358110
2019-05-15,28.98584747314453,29.284780561572042,27.656661317662305,28.36129053593507,8015141
2019-05-16,28.82570457458496,28.99652347760789,28.414671283155503,28.852395334212837,6036731
2019-05-17,28.48406410217285,28.81502508373775,28.201145014494376,28.761643569479,6455844
2019-05-20,27.768760681152344,28.59616443381458,27.581927812639353,28.55879932905857,5902707
2019-05-21,27.8221435546875,28.329263114085304,27.704706165604033,27.992962465443256,5243845
2019-05-22,27.13352394104004,28.057013835308222,27.133523941040043,27.992957978165204,8654218
2019-05-23,27.3691349029541,27.5512878027813,27.137830264789393,27.502133412323868,10379191
2019-05-24,27.426958084106445,27.918480706463036,27.39226040389854,27.61489258039113,4875293
2019-05-27,27.583091735839844,28.144004482968768,27.476113176051765,27.941613258209674,3453650
2019-05-28,27.57151985168457,27.970520593179575,27.49923633992988,27.701630172843018,4783300
2019-05-29,27.311304092407227,27.45876193800801,27.192759653870105,27.392260040913772,4878996
2019-05-30,27.351783752441406,27.60621749455664,27.201435094580827,27.45586883669606,2426146
2019-05-31,26.851587295532227,26.93543671144214,26.432348172341698,26.86026237901658,7603553
2019-06-03,26.978811264038086,26.97881126403809,26.429461710903862,26.65787555622136,4649021
2019-06-04,28.091960906982422,28.10063599080789,26.883392571861055,27.062654652549238,6893639
2019-06-05,27.785484313964844,28.198941867764354,27.533941339131026,28.132442610537023,3793627
2019-06-06,27.360456466674805,27.950285210822333,27.186978672334753,27.63802199846673,5061179
2019-06-07,27.528152465820312,27.64380609606031,27.334436348135714,27.490566627264055,3415827
2019-06-11,28.028352737426758,28.135331294338,27.768134697699953,27.81439562360428,4293513
2019-06-12,27.808609008789062,27.996546159298305,27.716089816890403,27.869326634683517,3486683
2019-06-13,27.857765197753906,27.898241849559017,27.52526363897325,27.73632993809905,3432408
2019-06-14,27.42117691040039,27.710308365425625,27.282394130242665,27.66404743870638,3525423
2019-06-17,27.360456466674805,27.661153785509185,27.319979817529894,27.49923923257077,2406116
2019-06-18,28.138221740722656,28.227852780774597,27.039522775626285,27.380699420359438,5856365
2019-06-19,28.450475692749023,28.54878179368663,28.13532437285759,28.198932798812955,4491864
2019-06-20,28.548784255981445,28.82924057719879,28.531436743053707,28.623955927961855,4420207
2019-06-21,28.693347930908203,28.76852225317174,28.430239129045482,28.58636939370078,11834480
2019-06-24,27.61778450012207,27.91848182795226,27.224565325593304,27.73343813455512,7525355
2019-06-25,27.519479751586914,27.56284986248054,27.282390872882928,27.334436066803093,4291975
2019-06-26,27.823062896728516,27.967629920950287,27.30841118600925,27.354672103336352,4234354
2019-06-27,27.927152633666992,28.352176002500965,27.721870627041074,27.8722166300851,3676474
2019-06-28,28.29146385192871,28.46494167492348,27.89535381338462,27.89535381338462,4708268
2019-07-01,28.224958419799805,29.057657700917545,28.196047663008773,28.91309065636391,4391668
2019-07-02,28.12954330444336,28.349284662545703,27.88089119207545,28.26543525360522,3402622
2019-07-03,28.346391677856445,28.557457956752025,28.005217720155343,28.08039204759924,3367864
2019-07-04,28.355070114135742,28.68178740703946,28.33772259838473,28.33772259838473,2196698
2019-07-05,28.404218673706055,28.50830640868951,28.18447996261173,28.45047959457431,2233919
2019-07-08,28.091960906982422,28.41000576403958,27.895351310763093,28.0456999815261,3077194
2019-07-09,27.623567581176758,27.97630747187584,27.204328438435326,27.964744229517038,4359533
2019-07-10,27.189868927001953,27.756565872525357,27.13204476481675,27.447196128962386,3891737
2019-07-11,26.97591209411621,27.37491287324881,26.822672626012825,27.244805191936663,3791196
2019-07-12,26.79665184020996,26.990367950940342,25.755779813894527,25.99865030698406,7918520
2019-07-15,26.900737762451172,27.08867491072204,26.646304020491137,26.657869913885563,3429090
2019-07-16,27.074220657348633,27.149394993036687,26.513305276328477,26.600045506457725,3160191
2019-07-17,26.675216674804688,26.903627813208495,26.666541591973896,26.816890245498023,3108396
2019-07-18,26.24152374267578,26.66654450112283,26.241523742675778,26.513305020644157,4794735
2019-07-19,26.27621841430664,26.591369802612768,26.247305004937683,26.310913444701498,4527383
2019-07-22,26.623170852661133,26.735933666198147,26.21549766376101,26.253083500193732,3180127
2019-07-23,27.7825870513916,28.129542615272673,26.727258352671257,26.7590625684917,8938799
2019-07-24,28.459152221679688,28.90152306809569,27.45008448050034,27.756563386320117,6815425
2019-07-25,27.904024124145508,28.78876325696499,27.565740968513442,28.528545240931127,7401015
2019-07-26,27.973413467407227,28.10352379816662,27.739218054583723,27.849087409286618,4264948
2019-07-29,28.028352737426758,28.06882939001816,27.718982961199075,27.768134697699953,3655514
2019-07-30,27.31709098815918,28.04280908836027,27.22745994807909,27.95028723772013,5215455
2019-07-31,27.117591857910156,27.481895004372216,27.117591857910156,27.181200301703218,3177619
2019-08-01,27.062652587890625,27.343108929800614,26.738826134401652,27.033739180171303,3684358
2019-08-02,26.15188980102539,26.45547526562475,25.969736930994088,26.354280994798124,8702319
2019-08-05,25.40593147277832,25.935039931100512,25.24980119498225,25.718192028370463,7186158
2019-08-06,25.027172088623047,25.61988899206208,24.989583597641694,25.52736714796587,4830895
2019-08-07,25.04452133178711,25.536043993994706,24.818998326689105,25.17751983428202,6270309
2019-08-08,25.356779098510742,25.385692505091193,24.98669173767213,25.35966990874489,3728010
2019-08-09,24.622385025024414,25.336539774274605,24.576124106746317,25.252690368078408,5992497
2019-08-12,24.489389419555664,24.91441016434984,24.286995557707364,24.74960479483553,4112436
2019-08-13,24.778520584106445,25.304738254055057,23.9544963976896,24.33904048759353,8725309
2019-08-14,24.01810646057129,24.923086660796095,23.971845534235833,24.899954871568447,5863081
2019-08-15,23.436952590942383,24.191584112596423,23.309735707384412,24.136650754750857,6709192
2019-08-16,23.85040855407715,23.908235370863423,23.462973655424484,23.578624636877382,5103707
2019-08-19,24.2696475982666,24.2696475982666,23.91690772990279,24.151105806756203,4361886
2019-08-20,23.90245246887207,24.341932588687246,23.830171595863103,24.26964906355848,3540581
2019-08-21,24.260974884033203,24.373735053414897,23.887994042934476,23.937148427752792,3399450
2019-08-22,24.29856300354004,24.700454638205233,24.01232501160317,24.073042643611572,3509264
2019-08-23,23.54681968688965,24.567453423843773,23.515015469068718,24.396866441317076,6636046
2019-08-26,23.899560928344727,24.01810537551133,23.448517579980667,23.506344398317516,3395957
2019-08-27,24.02099609375,24.31301834268591,23.728973844814092,23.93714932917936,4040763
2019-08-28,24.116409301757812,24.16267022687954,23.723192764283002,24.026780914181774,2733419
2019-08-29,24.278324127197266,24.35928008400216,23.90823672223796,24.081714530282685,3234928
2019-08-30,24.694671630859375,24.946214576707135,24.469148631469157,24.506737124094048,5286717
2019-09-02,24.633953094482422,24.87103932706379,24.59058298249178,24.769845051205245,2332925
2019-09-03,24.879714965820312,25.02427935689731,24.41999654227032,24.865258261500646,4655596
2019-09-04,25.42617416381836,25.48978260334928,25.13125845018268,25.290282201129706,4304437
2019-09-05,26.224172592163086,26.36584882512144,25.752890926182197,25.877216992236512,6145849
2019-09-06,26.25597381591797,26.452583381243638,26.10562782089892,26.380302519908124,4482552
2019-09-09,26.860261917114258,26.897847756620852,26.339825872114467,26.357173386665174,3804666
2019-09-10,27.091567993164062,27.380699439556334,26.871826608718855,26.871826608718855,5163596
2019-09-11,27.28238868713379,27.539715869457694,27.26504117459006,27.348890579357313,4477360
2019-09-12,27.61778450012207,27.91848182795226,27.149393645755424,27.3488940434567,5700252
2019-09-13,28.068828582763672,28.170025515571396,27.664046155772255,27.707416269832706,4959885
2019-09-16,27.785484313964844,28.07172232281988,27.525266254565715,27.81439772635586,4503381
2019-09-17,27.305522918701172,27.71030531997775,27.05687079642786,27.643806073914764,4468286
2019-09-18,27.386478424072266,27.53682707997595,27.140717116117226,27.282390689052825,2994874
2019-09-19,27.4240665435791,27.629351220414126,27.1956553825572,27.3633515662293,4043157
2019-09-20,27.3778018951416,27.713194216868487,27.363347844490722,27.493455517303723,11114925
2019-09-23,26.738826751708984,27.236131010875337,26.420781911573485,27.207217602488505,5321381
2019-09-24,26.290674209594727,26.840021012243795,26.264651611638843,26.70413170587774,3621067
2019-09-25,26.25308609008789,26.388978050500288,25.86276037581371,26.11141250876761,4346545
2019-09-26,25.943716049194336,26.426566257622557,25.909021019882026,26.229956671320036,3806145
2019-09-27,26.24152374267578,26.34560883528336,25.93504212959866,26.016000737786477,3018081
2019-09-30,26.38030242919922,26.42366988500366,26.06803924341945,26.157670269371437,3181028
2019-10-01,26.1171932220459,26.712803587526725,26.08249819356496,26.54510741370941,3670508
2019-10-02,25.475324630737305,26.14032505433032,25.475324630737305,26.024671423034352,4642698
2019-10-04,25.333648681640625,25.677716116848696,25.012715685914568,25.536042538642842,5020692
2019-10-07,25.33075714111328,25.42906325639041,25.006930692211224,25.327866330806213,2962120
2019-10-08,25.18619155883789,25.524474695306214,24.80453831346758,25.426171236823908,5111047
2019-10-09,25.674827575683594,25.88589123039186,25.004042812562904,25.194870792749928,4821250
2019-10-10,26.33403968811035,26.362955746422596,25.67771438473992,25.718191031714284,5246760
2019-10-11,27.213003158569336,27.265045704847726,26.400544831373676,26.507523386601285,6475004
2019-10-14,27.21589469909668,27.27661233077657,26.707024508508958,26.970133361748527,3439747
2019-10-15,27.785484313964844,27.993657170212142,27.247700678155976,27.43274439576247,5468080
2019-10-16,28.21918296813965,28.305923213834973,27.7392261099568,27.79705294042035,6180320
2019-10-17,28.4071102142334,28.748286835011793,28.106415546919717,28.193153118202705,6890967
2019-10-18,28.002330780029297,28.378199817077263,27.681395101935177,27.782592039974176,7465333
2019-10-21,28.450475692749023,28.64130362273428,28.094845078104555,28.094845078104555,5600194
2019-10-22,28.707807540893555,28.89285122916997,28.456261953810582,28.456261953810582,6176252
2019-10-23,29.155960083007812,29.219568519393135,28.537220581311008,28.537220581311008,5377275
2019-10-24,30.104307174682617,31.023743900321186,29.786262373784663,29.838304911188626,11681106
2019-10-25,30.5784854888916,30.884964430001336,30.00022263529447,30.06961534465875,6910137
2019-10-28,30.96592140197754,31.295529488998323,30.590049739108554,30.590049739108554,6492124
2019-10-29,30.908096313476562,31.208791008474776,30.659444166039624,30.93700972393944,4987974
2019-10-30,30.705703735351562,31.41696511452145,30.526441659251947,31.139399568888336,7848911
2019-10-31,30.306699752807617,30.74039554084958,30.098524289360586,30.74039554084958,6632705
2019-11-01,30.474395751953125,30.665221048978513,30.31826548127428,30.393437154318637,3852254
2019-11-04,30.7346134185791,31.515267415578435,30.62474141614769,30.937004606219062,9478289
2019-11-05,30.83292007446289,30.867615104029902,30.352963325053658,30.358744945941602,6833517
2019-11-06,30.4223575592041,30.578490517921924,30.237316492079348,30.393444146557098,5518134
2019-11-07,31.104705810546875,31.226141073241664,30.5322271807856,30.5322271807856,6203156
2019-11-08,30.908096313476562,31.220356903083896,30.746181745308416,31.17409597676726,5008154
2019-11-11,30.896528244018555,31.08157193625962,30.607396811861978,30.769311368632735,3812284
2019-11-12,31.17987823486328,31.33600851957568,30.98326864769521,31.133617311536657,4222413
2019-11-13,30.96013832092285,31.13940040181744,30.630530221211934,30.983270109737543,4955884
2019-11-14,29.572307586669922,30.24309226527425,29.51448077255861,30.01178766094854,12965253
2019-11-15,29.306310653686523,29.8730076495043,29.265831349656768,29.398832503937598,9322020
2019-11-18,29.046092987060547,29.474007212933785,28.76274581161465,29.242702584369848,7441560
2019-11-19,29.005613327026367,29.421961653338727,28.942004886465842,28.999831705928056,5752832
2019-11-20,28.970916748046875,29.17909222613844,28.673112887122166,28.88417917560841,4569152
2019-11-21,29.508699417114258,30.150570694429785,28.866828139798734,28.913089061079503,7450238
2019-11-22,30.086963653564453,30.19104874218035,29.479787376040022,29.491353269926126,6510711
2019-11-25,30.50330924987793,30.7808747657256,30.364526491954095,30.38765562554835,4901167
2019-11-26,30.370315551757812,30.63053361812229,30.248880277313056,30.422358104182674,4721270
2019-11-27,30.31827163696289,30.76931502740403,30.22574977984061,30.49174945603718,3819088
2019-11-28,30.04648208618164,30.237310038499253,29.94239435329199,30.237310038499253,1837109
2019-11-29,29.607006072998047,29.988659377750334,29.58965855716201,29.91926931440619,3765609
2019-12-02,28.829246520996094,29.716879238286715,28.82635571026536,29.554964664046498,5888388
2019-12-03,28.476503372192383,28.99983022697291,28.268327893593007,28.846590754484925,4909140
2019-12-04,28.68178367614746,28.855261463211647,28.459154158829033,28.459154158829033,3710136
2019-12-05,28.485179901123047,28.83791713466715,28.485179901123047,28.629744297622768,2946118
2019-12-06,28.59794044494629,28.62396039233644,28.170026218923855,28.566136224265147,3830661
2019-12-09,28.36663246154785,28.765633230287275,28.320371541289937,28.699131334084377,2296653
2019-12-10,28.193153381347656,28.297241119978352,27.768132647795035,28.175805866929142,4484393
2019-12-11,28.62106704711914,28.704916459394635,28.17580534489494,28.233632159964994,3454083
2019-12-12,28.86682891845703,29.046090987800294,28.320372931390043,28.6095017081042,3730265
2019-12-13,29.277393341064453,29.890351180295728,29.121263071094113,29.491350422762896,6705703
2019-12-16,29.410398483276367,29.491354439450166,29.121267037375922,29.491354439450166,3189880
2019-12-17,29.520267486572266,29.583875926507325,29.288962863117625,29.375700439338274,4268220
2019-12-18,29.09235382080078,29.543397182044583,29.040308621963554,29.398832784194074,3606623
2019-12-19,28.86104965209961,29.109701799460424,28.49385305230126,29.028745841461056,4174679
2019-12-20,28.89574432373047,28.970918659550232,28.716484894117013,28.80611328286384,10456047
2019-12-23,28.78876495361328,28.81189674188245,28.467829293186714,28.739613218690955,3001240
2019-12-27,28.82056999206543,29.017179589459317,28.722266519428388,28.79455004467316,2365038
2019-12-30,28.548784255981445,28.768522955892003,28.485175824539937,28.681782739133915,1557965
2020-01-02,28.898635864257812,29.09235465593103,28.4851809849855,28.56902775467936,2973654
2020-01-03,28.375307083129883,28.756960367754886,28.01967639694649,28.71069944392518,4014262
2020-01-06,28.222064971923828,28.222064971923828,27.603325504991858,27.950283727376945,3441396
2020-01-07,28.447593688964844,28.649984921142952,28.282788301170108,28.363746915737334,2816618
2020-01-08,28.606613159179688,28.621069864370217,28.149788170670583,28.21917823388925,2659070
2020-01-09,28.728046417236328,28.999830334156798,28.70780809222979,28.85526329233968,3098476
2020-01-10,28.583480834960938,28.85815555083367,28.54011072422532,28.829242143676588,3130777
2020-01-13,28.27410888671875,28.68178206118294,28.057261002068547,28.68178206118294,3089806
2020-01-14,28.019676208496094,28.433133709715772,27.912697657101916,28.25676509910357,4170529
2020-01-15,27.31709098815918,28.02256811020039,27.262154979039195,28.019677299640342,5857810
2020-01-16,27.106021881103516,27.43852075559796,26.923869009242978,27.345998914537322,4517609
2020-01-17,26.99904441833496,27.473219535798407,26.981696903956003,27.369131797405043,4582967
2020-01-20,26.9267635345459,27.053980420526308,26.724372310817103,26.89206850239122,2802010
2020-01-21,26.83134651184082,27.048194405764743,26.571128508708227,26.761953806683056,3320743
2020-01-22,26.261762619018555,27.531045951974328,26.111413945941564,26.92098147994704,8999759
2020-01-23,25.69217300415039,26.255976510604313,25.57651937075288,26.02467189592894,5682839
2020-01-24,25.408823013305664,25.851193914520785,25.298953653629415,25.767347152598255,5996104
2020-01-27,24.61949920654297,25.11391270512571,24.512520645577354,25.056085882523774,6571183
2020-01-28,25.030065536499023,25.14282571708591,24.35638995939816,24.685998069178222,6708750
2020-01-29,25.10523796081543,25.287388191843633,24.908628373348535,25.12547628601419,3965600
2020-01-30,24.74382209777832,25.087886874141205,24.659975337497798,24.84790983463518,3977028
2020-01-31,24.174238204956055,24.842132192304344,24.09617305284158,24.7756302833772,6017511
2020-02-03,24.067256927490234,24.278323221545136,23.948712481223822,24.21471478270551,4874196
2020-02-04,24.489389419555664,24.61082467581677,24.0643660226418,24.20025798332064,4197249
2020-02-05,25.475324630737305,25.475324630737305,24.35927822763354,24.518299318545896,7289595
2020-02-06,25.486888885498047,25.952391587428597,25.449303045104248,25.755781997680263,4471882
2020-02-07,24.79875946044922,25.37412887682066,24.703344149369574,25.37412887682066,5351345
2020-02-10,24.891281127929688,25.191975807203647,24.677324023388746,24.85947690850763,4438165
2020-02-11,24.654191970825195,25.88588938789446,24.521193473621825,25.76445678457128,9279666
2020-02-12,25.440624237060547,25.524473641232248,24.633950322850247,24.642625405120164,5981323
2020-02-13,25.006933212280273,25.287389578480617,24.758281066901834,25.038737433102177,5057287
2020-02-14,24.90284538269043,25.452194870861995,24.88549786703825,24.980913181304956,3901916
2020-02-17,25.255584716796875,25.57652037959034,25.14860616253239,25.270041421541794,3431491
2020-02-18,24.558778762817383,24.9895837680862,24.558778762817383,24.923084520975856,4942339
2020-02-19,24.732257843017578,24.778521419903328,24.336150498041018,24.683106107726154,3754859
2020-02-20,25.296062469482422,25.62277973329334,24.460475064515162,24.67443215992539,7037589
2020-02-21,24.631061553955078,25.40304050729758,24.3477117552875,25.10234319477191,7961935
2020-02-24,22.971452713012695,23.960279683738758,22.855799070901192,23.896671241425366,12125682
2020-02-25,22.841339111328125,23.25479657957785,22.53486018594189,23.199863229097364,8358050
2020-02-26,23.237451553344727,23.295278372351046,22.13297230571084,22.69677716072306,9711085
2020-02-27,22.459692001342773,22.907844566063464,22.18212511318022,22.673649120311858,9454676
2020-02-28,21.70794677734375,21.86986132431268,21.23377300771101,21.49109887938356,14626473
2020-03-02,21.470861434936523,22.09827469438409,21.106555678425227,21.973948631851428,9081850
2020-03-03,21.20486068725586,22.066470702745058,21.06897005581912,21.719513783023885,10495161
2020-03-04,21.759990692138672,21.800468665940297,21.066076886711866,21.300272298771006,7911854
2020-03-05,20.93018341064453,21.846729320338778,20.860792035158564,21.81203296956597,7427867
2020-03-06,20.158206939697266,20.6208161650386,19.707162281959558,20.38951155236793,12228943
2020-03-09,17.44904899597168,18.628703811971995,17.376766803909504,18.620030055009316,18649227
2020-03-10,17.738182067871094,18.9987929502667,17.44037686281271,17.87696484431502,14755257
2020-03-11,17.882747650146484,18.70677054452562,17.625420425403522,18.082248055465,10554718
2020-03-12,14.511478424072266,17.142569174180583,14.50569680376965,16.989331041026922,24436875
2020-03-13,14.832415580749512,16.83320118808806,14.44787148783445,15.352851633917515,24212379
2020-03-16,13.253758430480957,14.07778253158673,12.822954788032296,13.878282155159392,17741977
2020-03-17,14.08067512512207,14.398718648000772,12.432629366294476,13.907197322119092,16269640
2020-03-18,12.768022537231445,13.80021964111725,12.389260035486952,13.407001759925512,12449752
2020-03-19,12.62923812866211,13.366522135602096,12.152173488591432,12.721761306915594,13842283
2020-03-20,13.112086296081543,13.837804367178972,13.097630917801133,13.300022126444913,20035159
2020-03-23,13.302912712097168,13.586261195046355,12.41528142387189,12.556955002316577,14638267
2020-03-24,16.931507110595703,16.931507110595703,14.170306890816574,14.28306839680066,16260714
2020-03-25,17.211963653564453,18.446551885054497,16.376374893150512,17.6080723141911,18199555
2020-03-26,17.10787582397461,17.10787582397461,16.000504474951004,16.717548786267688,13358554
2020-03-27,15.72872257232666,16.850550674877805,15.598612227987497,16.613463100989797,10618328
2020-03-30,15.731612205505371,16.06122160540697,15.190936520744247,15.801003588323614,7997146
2020-03-31,15.913764953613281,16.639482993944274,15.419351520800527,15.925329520959304,8429481
2020-04-01,14.760133743286133,15.387547037134398,14.760133743286133,15.323938597199339,7825365
2020-04-02,14.557741165161133,15.375982428795247,14.060436889063658,14.890242720810335,9921058
2020-04-03,14.178980827331543,14.658938941922848,14.051763940469712,14.543285297779446,6968859
2020-04-06,15.812569618225098,15.812569618225098,14.88734984660764,15.005892962672288,8107113
2020-04-07,16.272289276123047,17.217747521862734,15.60439660791501,16.763811984517012,10192549
2020-04-08,16.263614654541016,16.54985397542351,15.694026823449406,16.162419042193463,6569412
2020-04-09,17.255332946777344,17.266898841034106,16.309874796712208,16.76959323525083,10697452
2020-04-14,17.000898361206055,17.882748097047617,16.980660034749636,17.836487170775925,6978347
2020-04-15,15.97159194946289,17.07896335971492,15.919548076345743,17.07896335971492,7779054
2020-04-16,16.012069702148438,16.662613411848184,15.786546715853254,16.356134476159685,6308863
2020-04-17,16.792722702026367,17.13389667147367,16.37059145576151,16.5614180912045,10118608
2020-04-20,16.58165740966797,17.10787642537094,16.0178525527561,17.084745962902453,7918320
2020-04-21,15.86172103881836,16.252048060131347,15.743176599026084,16.2491559237585,7198188
2020-04-22,16.104589462280273,16.139285814718676,15.82991608324994,16.067003625723267,4837077
2020-04-23,16.616352081298828,16.801395762281018,16.029416821440904,16.23759096254587,6004027
2020-04-24,15.936895370483398,16.61635248743988,15.89352525942073,16.27806933411844,6514340
2020-04-27,16.954635620117188,16.954635620117188,16.38215572423808,16.4804605135579,5891797
2020-04-28,17.584943771362305,17.914553219141286,16.937290770983946,17.01535592223634,8683937
2020-04-29,18.758813858032227,18.776161372918878,17.405681175676314,17.801789837907418,8450763
2020-04-30,18.23548698425293,19.337075396015226,18.007073176129097,18.929400840003996,10580592
2020-05-04,17.139680862426758,17.527115782162294,16.71465877494674,17.405681847210786,9100726
2020-05-05,17.77865982055664,18.07646502183614,17.475072998210265,17.619638720019914,7872577
2020-05-06,17.292919158935547,17.813355198428827,17.292919158935547,17.778658843634698,5996377
2020-05-07,17.402788162231445,17.73239620759284,17.313157136563536,17.408569782421885,5548954
2020-05-08,18.304880142211914,18.304880142211914,17.43748707550717,17.62542159903088,5645279
2020-05-11,17.902986526489258,18.55642377141063,17.761312936239708,18.37138006525942,5237633
2020-05-12,17.691919326782227,18.102484666780196,17.68902851650877,17.70926684054248,3918265
2020-05-13,16.549850463867188,17.437482975209832,16.541176707627507,17.40567876031112,7068142
2020-05-14,15.968701362609863,16.40528935388436,15.205394749023222,16.295418658862086,11696290
2020-05-15,16.194225311279297,16.622139604397603,15.858834210186128,16.22024791486953,7111325
2020-05-18,18.03020477294922,18.062008994249,16.544072173485283,16.549853794768932,8870910
2020-05-19,17.92900848388672,18.432095710439928,17.43748582552353,18.273073283893048,8388974
2020-05-20,18.510160446166992,18.63737864980374,17.394115326601252,17.940572655419867,7726392
2020-05-21,18.183443069458008,18.65472606292183,18.05911700302827,18.296203241956686,5300838
2020-05-22,18.122726440429688,18.66340084910336,17.605182494833283,17.712159726263227,6863960
2020-05-25,18.43209457397461,18.43209457397461,17.94346275627147,18.388725788361175,3677630
2020-05-26,18.886030197143555,18.93807406638043,18.492812356577932,18.677856046255872,5861078
2020-05-27,20.557205200195312,20.79140059445345,18.93229016448111,18.9958985936288,14275247
2020-05-28,20.268075942993164,21.068969642107078,19.935575733880185,20.990903176400398,8377335
2020-05-29,19.302379608154297,19.944250938155445,19.302379608154297,19.81414192061629,15373255
2020-06-02,20.794294357299805,21.26846948532979,20.16109813381939,20.239163276324117,12494951
2020-06-03,21.936363220214844,21.968167440980675,20.901275335789062,21.22799262734706,9798008
2020-06-04,21.395687103271484,21.684818529744536,20.473359470615414,20.846337658184652,9932286
2020-06-05,23.029277801513672,23.069754451511656,21.667470059126355,21.719513928949144,12036934
2020-06-08,23.191190719604492,23.992083148778875,22.529081065318238,22.615821294168224,9245022
2020-06-09,22.531972885131836,23.301061128601653,21.791798052573803,23.15938753682982,9873436
2020-06-10,22.43655776977539,23.153603386557048,21.910340113744454,22.887601096070536,7435652
2020-06-11,20.42131805419922,21.759994146983065,20.42131805419922,21.337862850144838,11823022
2020-06-12,20.828989028930664,21.63566431302867,20.262292099887112,20.421314508540902,10247112
2020-06-15,20.62948989868164,20.791403127366078,19.83148832284986,20.051228367665786,7047660
2020-06-16,21.401470184326172,21.936362961981814,20.892601332003327,21.696384577706535,9042642
2020-06-17,21.39858055114746,21.83516855503135,20.956210925826937,21.447732289718644,8553003
2020-06-18,21.23955535888672,21.72529636438459,20.930185609763985,21.395686964679516,7705463
2020-06-19,21.25690269470215,21.664578556912762,21.19907720590319,21.554707873893122,12050712
2020-06-22,21.22799301147461,21.39858001288357,20.672860565144187,20.933079935345894,5155905
2020-06-23,21.444841384887695,21.913233608857347,21.022710088567884,21.39279750976663,6796963
2020-06-24,20.149534225463867,21.462188964860665,20.077250701475347,21.3956883880032,8168944
2020-06-25,20.72201156616211,20.938859472678296,19.912445429673774,20.094598307656074,6455162
2020-06-26,20.24494743347168,21.17884104103354,20.132187254695296,21.12101422027854,4823917
2020-06-29,20.765382766723633,21.002470336356158,20.207359536025383,20.207359536025383,6242603
2020-06-30,20.901273727416992,21.077643659413788,20.456010692779035,20.99090343557091,4908588
2020-07-01,20.620817184448242,20.915730248667696,20.25072978587955,20.915730248667696,4648924
2020-07-02,21.491100311279297,21.800470070371517,20.74803472737068,20.863685709665877,6432417
2020-07-03,21.20197105407715,21.8178198250517,21.08921087064179,21.684821314363823,3418845
2020-07-06,21.866971969604492,22.20525515779293,21.59808017063266,21.892994569348165,4515714
2020-07-07,21.762882232666016,22.15899220534306,21.48531802724107,21.759991422318805,4076492
2020-07-08,21.505558013916016,22.03755865704577,21.43327448905117,21.68482009473292,5718621
2020-07-09,21.530607223510742,22.230425892352322,21.485937423704478,22.07557167899592,4013637
2020-07-10,21.843292236328125,21.938586718841293,21.036266575370348,21.066046442605302,4842496
2020-07-13,22.20958137512207,22.471639833598495,21.87307188350893,22.304875856676528,3527896
2020-07-14,22.03388023376465,22.105352458309262,21.739063112160846,21.82244646359737,3479791
2020-07-15,22.447816848754883,22.632449559310746,22.048770195878287,22.203624406265863,4541513
2020-07-16,22.435903549194336,22.662228610283478,22.132152751494136,22.379322625371614,3967443
2020-07-17,23.427562713623047,23.75811594822447,23.162526823163187,23.34715816808179,8121118
2020-07-20,23.16252899169922,23.35013779446218,22.80517329792861,23.34716035390349,4038023
2020-07-21,23.507966995239258,23.89510251719946,23.329290532886542,23.53179198040445,5415184
2020-07-22,23.323335647583008,23.573481602186597,23.037452215239,23.439474938348837,4148213
2020-07-23,24.31797218322754,24.883781421935158,23.8236297034564,23.8236297034564,8814796
2020-07-24,23.79384994506836,24.204807712262376,23.710467961874404,23.82958742209134,4339681
2020-07-27,23.865324020385742,24.13036265466842,23.71344724313697,23.966573384153786,3089948
2020-07-28,23.719404220581055,24.00826510206571,23.43649821977156,23.87723314284249,4205789
2020-07-29,23.761091232299805,23.850430822170324,23.388848404365323,23.802783587225317,3676900
2020-07-30,22.989805221557617,23.778960743362664,22.569912389303763,23.758115929822658,6798579
2020-07-31,22.275094985961914,23.201238699009004,22.275094985961914,23.019582065208652,5056579
2020-08-03,23.263774871826172,23.397781529647553,22.30487389410699,22.34656488466916,5391213
2020-08-04,23.91594696044922,24.055911234238405,23.53774649667733,23.70451319546348,4250561
2020-08-05,24.306060791015625,24.553229310491385,23.981462433963916,24.094624286827067,4305103
2020-08-06,24.186941146850586,24.574076673880764,23.84745559077482,24.24054326677941,3829846
2020-08-07,24.180988311767578,24.21374562087226,23.71940581216785,24.142273389991338,2738346
2020-08-10,24.344772338867188,24.4996265467591,23.96359443119266,24.37157476412447,2378791
2020-08-11,25.190513610839844,25.372167517733278,24.57705437329123,24.57705437329123,6751343
2020-08-12,25.384078979492188,25.84863886635934,25.059480634606814,25.133930297488142,4489728
2020-08-13,25.199443817138672,25.655071363690915,25.160731633074388,25.282825796997706,3202723
2020-08-14,25.172643661499023,25.24411588752984,24.74084105976872,25.178601273766297,3206637
2020-08-17,25.214336395263672,25.342388184356235,24.845070961480236,25.074372113056373,2023020
2020-08-18,25.142868041992188,25.580625550778205,24.89569677371678,25.017793687597095,3879006
2020-08-19,25.562755584716797,25.562755584716793,25.005878659017583,25.127975560520557,3161845
2020-08-20,24.993967056274414,25.261983122120963,24.785510723193017,25.062459109996365,4027348
2020-08-21,24.49962615966797,25.28282677584458,24.14822812303213,25.09521526520091,5343143
2020-08-24,25.48533058166504,25.515110449441963,24.75275457546231,24.75275457546231,4014473
2020-08-25,25.21135711669922,25.717609355399087,25.14881994690234,25.58062252355915,3605914
2020-08-26,25.628271102905273,25.637206155456894,25.062459104943677,25.21135843682653,2816466
2020-08-27,25.610403060913086,26.077940394989643,25.56871070275482,25.681872553074054,3866228
2020-08-28,25.538930892944336,25.88734872811886,25.39598919200238,25.809924363588696,3527202
2020-08-31,25.398971557617188,25.869486373884914,25.336434380602324,25.610405344307217,4001433
2020-09-01,25.416837692260742,25.744413495481094,24.877828112665398,25.610404094874134,3906351
2020-09-02,25.658050537109375,25.830772120226268,25.387057035563018,25.50319632719815,4085780
2020-09-03,25.81290626525879,26.39062804874271,25.467463078707066,25.789081278518868,5521259
2020-09-04,25.896286010742188,26.20301425015088,25.470438311153657,25.658049821979006,4608689
2020-09-07,26.861143112182617,27.07555431510623,26.086874820010124,26.161324482218003,5535746
2020-09-08,27.14405059814453,27.257212452000893,26.610995904129847,26.977283891895347,5028187
2020-09-09,27.629457473754883,27.754531817924846,26.801584303696725,27.030888178540515,6241044
2020-09-10,27.70390510559082,27.957031240585707,27.41206678289875,27.45673658288549,5342798
2020-09-11,27.721773147583008,27.918319725943686,27.498426873861515,27.55203172777657,4393928
2020-09-14,27.498424530029297,28.08210387133144,27.307835580346676,28.031479193746335,3509867
2020-09-15,27.39717674255371,27.77537722339552,27.2363676485069,27.61158795741725,3009799
2020-09-16,27.569900512695312,27.575855393836505,27.251259739704523,27.426958780935045,3529469
2020-09-17,27.635412216186523,27.766441440244385,26.86412134152523,26.962393259568625,3397845
2020-09-18,27.087467193603516,27.617544425527313,27.087467193603516,27.52522738939254,9651601
2020-09-21,25.899267196655273,26.864124583589515,25.661030973436752,26.8611471429737,6862417
2020-09-22,26.045183181762695,26.366804092420335,25.884374092232154,25.955846316243814,3847402
2020-09-23,26.378719329833984,26.902839011268895,26.110703242196074,26.363829395432056,4037118
2020-09-24,26.494855880737305,26.837318873214667,25.8486393506517,25.961801201393577,4108358
2020-09-25,26.31617546081543,26.745003321796666,25.917132927350558,26.521654339370425,3499040
2020-09-28,27.32272720336914,27.483536298164413,26.73904782595162,26.80158499966052,4827811
2020-09-29,27.212539672851562,27.26912195938317,26.867096536839174,27.12915769465433,2717708
2020-09-30,27.41802215576172,27.88853968684683,26.881990009492025,27.087468907842183,4949454
2020-10-01,27.840890884399414,28.26078097875288,27.569897386061417,27.992767652244353,5115105
2020-10-02,27.843868255615234,27.93023041173544,27.35846081935775,27.57882963840005,3478227
2020-10-05,28.48710823059082,28.64791732376449,28.19228973870801,28.195267179026665,4727135
2020-10-06,28.665786743164062,28.84446322259852,28.159534441769086,28.588359631369872,5294777
2020-10-07,29.237548828125,29.371558214239645,28.409678454319216,28.615157327751245,5003822
2020-10-08,29.076744079589844,29.472811953637873,28.883177669087473,29.273287930574387,3734561
2020-10-09,28.69556427001953,29.288175956443162,28.600269791217915,29.130344305203195,3786496
2020-10-12,29.18990707397461,29.32689392585138,28.95464829278482,29.136304948421202,3919185
2020-10-13,29.1094970703125,29.2762610285459,28.87423833316505,29.18692416934814,3154118
2020-10-14,28.752147674560547,29.23755240821788,28.6508955796676,29.091633244080338,3245489
2020-10-15,27.894493103027344,28.22504633359096,27.322726238786462,28.21015640077657,5663919
2020-10-16,29.42218589782715,29.597884925641697,28.761079414567664,29.18394969641787,8921510
2020-10-19,29.070783615112305,29.58299347049011,28.755123054630616,29.37155970624012,3579178
2020-10-20,28.99336051940918,29.17203698623657,28.72534445336978,29.035050147097483,2921369
2020-10-21,28.57048988342285,29.166081740861557,28.48115028532807,29.166081740861557,3885125
2020-10-22,28.531776428222656,28.820637291653224,27.74857308855844,28.228022900841726,4168759
2020-10-23,28.82659339904785,29.25244111194249,28.51688497818027,29.243506059511216,4365387
2020-10-26,28.56751251220703,29.160124199198066,28.338208635847998,28.540710086394476,4158894
2020-10-27,28.02850341796875,28.716409595454763,27.94214125849244,28.62111511495468,4769278
2020-10-28,26.351913452148438,27.16489393032678,26.134522077294694,27.021952217737297,8618670
2020-10-29,26.34000015258789,26.83731732543959,26.2506605606089,26.253640732285323,6074338
2020-10-30,26.444232940673828,26.649711842311422,25.6818743378644,25.848641050490546,5065743
2020-11-02,27.289968490600586,27.51629218779523,26.348936224688778,26.596104734847096,4899435
2020-11-03,28.11188507080078,28.326296283574813,27.581810553679006,27.63541267397336,5831319
2020-11-04,28.600271224975586,28.775970258349236,27.13511649125371,27.58181177317656,7047548
2020-11-05,29.43111801147461,29.49067774430641,28.772991704792414,28.924865745597554,6368329
2020-11-06,28.69258689880371,29.422185424609772,28.442438208448124,29.252441280211823,4811946
2020-11-09,30.196453094482422,30.8516019407072,29.091631557113605,29.29413300356013,10645357
2020-11-10,31.566312789916992,31.76881425093855,30.202410148760816,30.220277523027903,8873856
2020-11-11,31.560352325439453,31.83432323505904,31.08387999062441,31.095789750297595,4889605
2020-11-12,31.0898380279541,31.60204515700112,30.857556716792615,31.149397758753953,3996900
2020-11-13,31.268516540527344,31.41145826486858,30.815869112578465,30.881383728118607,3809625
2020-11-16,32.0308723449707,32.1321244401081,31.286383857275112,31.566312424612374,5403726
2020-11-17,32.4835205078125,32.4835205078125,31.733077185404948,32.0070481234908,4469566
2020-11-18,33.174407958984375,33.32925944045731,32.23337291925138,32.275065278646,5577389
2020-11-19,32.79918670654297,33.28757162659302,32.76940683843783,33.055290294331016,4972964
2020-11-20,33.06719970703125,33.26374354029709,32.61454957824193,32.721756547112626,3836717
2020-11-23,33.353084564208984,33.859336833309186,33.11484836296163,33.251835203027596,5309820
2020-11-24,34.51448440551758,34.51448440551758,33.674701486260986,33.799775828660536,6230582
2020-11-25,34.19286346435547,34.6455135589,33.77595084446183,34.60382120427211,4382945
2020-11-26,33.40668487548828,34.13330593283053,33.40668487548828,34.11543856015444,2904844
2020-11-27,33.7044792175293,33.85337853552716,33.281608978650276,33.65087710200789,4272640
2020-11-30,33.621097564697266,34.17499702351285,33.269699541366215,33.40668363733803,6484002
2020-12-01,34.27029037475586,34.27029037475586,33.85933263708504,33.94271461428883,3631730
2020-12-02,34.240516662597656,34.294118786515355,33.82955885110489,34.192869419694105,2975166
2020-12-03,33.811683654785156,34.28815597359803,33.71638919102258,34.22859625084738,3248055
2020-12-04,34.66933822631836,34.66933822631836,33.74021572097961,33.781908078512814,4602535
2020-12-07,34.3655891418457,34.66338507664579,33.98441121941252,34.43110375581433,2986533
2020-12-08,34.24646759033203,34.48470377734874,34.18691059227522,34.335807184811976,2600464
2020-12-09,34.25838088989258,34.806325498741764,34.25838088989258,34.34772048647785,3755374
2020-12-10,33.54367446899414,34.276250466991975,33.33521812848715,34.15713372881515,3510454
2020-12-11,33.06124496459961,33.758088956944334,32.97786297339472,33.48411526476194,4336351
2020-12-14,33.57345199584961,34.01418963273078,32.942125405895126,33.05528725533284,3706525
2020-12-15,34.53235626220703,34.56809374438748,33.573456488101314,33.65088360209695,3548371
2020-12-16,35.00286865234375,35.61037298043097,34.603823378899975,34.64551573614796,5732974
2020-12-17,34.865882873535156,35.54485671274135,34.865882873535156,35.2589732785068,3609234
2020-12-18,34.94330978393555,35.288752947945426,34.633604097703504,34.8182354407045,11369619
2020-12-21,33.585365295410156,33.948673105789894,32.65028788047368,33.948673105789894,5216571
2020-12-22,33.734256744384766,34.28815615945666,33.62109490950284,33.76999148559039,2338352
2020-12-23,34.853973388671875,34.94331025533026,34.127352304668506,34.127352304668506,3255794
2020-12-28,34.93140411376953,35.69376002343165,34.83015201226948,35.41383143850376,2408904
2020-12-29,34.65742492675781,35.31257648166741,34.50852833605824,35.24706187249574,1819857
2020-12-30,34.419189453125,34.8182347282414,34.37154221532608,34.54426379379673,1573574
2021-01-04,33.88911437988281,35.020735575438344,33.591318465811426,34.65742505195861,3411046
2021-01-05,33.88315963745117,34.41919178185496,33.44242470668934,33.60323380369113,3197549
2021-01-06,33.609188079833984,34.48470577642453,33.210142784897926,34.10352785510094,4720132
2021-01-07,34.419189453125,34.75272011771745,33.87124758423566,34.032056670357456,4242888
2021-01-08,34.35963439941406,35.020738154046384,33.942718996377685,34.90162141860503,3767088
2021-01-11,34.03800964355469,34.30007080256349,33.55558241222011,34.12734923377058,3505621
2021-01-12,34.6216926574707,34.63956003110444,33.87124930687053,34.097573015026725,3762004
2021-01-13,34.085662841796875,34.609782519910205,33.91889885546832,34.46684078951566,3248270
2021-01-14,34.43110656738281,35.0207408728453,34.03206123869999,34.049928613823475,3576618
2021-01-15,33.507938385009766,34.31198384754355,33.15654033373994,34.0380129022208,4984440
2021-01-18,33.75212860107422,33.775953586108734,33.01955265100938,33.1208020084147,2509291
2021-01-19,33.11484909057617,33.92485219261492,33.03146710120665,33.91293969939165,4079222
2021-01-20,34.490665435791016,34.490665435791016,33.19227738132114,33.23992462431456,4588877
2021-01-21,35.16368103027344,35.449564482636795,34.63360648669849,34.63360648669849,5297545
2021-01-22,35.181549072265625,35.64611173987003,34.37750355448262,34.81228362218763,5545268
2021-01-25,34.21073532104492,35.82478662924238,33.871249754325866,35.407873954689855,5638051
2021-01-26,35.074344635009766,35.30662323596165,33.84742608658976,34.115442168269986,3747273
2021-01-27,34.097572326660156,35.02073724587832,33.627054814616265,34.990957379891086,5210223
2021-01-28,34.30007553100586,34.37750264021409,33.06124451527092,33.71639613731079,4641073
2021-01-29,34.61573791503906,35.06838533315922,33.75808758761457,33.883159203550235,6759841
2021-02-01,34.776546478271484,35.02669516951152,34.59787001235572,35.02073755730314,2798378
2021-02-02,35.30662155151367,35.86647867531605,35.02073810890692,35.080297842349154,4051668
2021-02-03,38.45134353637695,38.71340200240459,35.79500773780655,36.086848803224406,11768996
2021-02-04,39.24943161010742,39.398330939403195,38.362001441252275,38.64192999505107,8708660
2021-02-05,39.89862823486328,39.970100463993745,38.68362492401624,39.3030390728943,7242587
2021-02-08,39.5472297668457,40.166643909488705,39.344728306544,39.90458544570733,3676520
2021-02-09,39.189876556396484,39.45788989924692,38.957595230116496,39.37450790965797,2645331
2021-02-10,38.76700210571289,39.559137750823645,38.35008673929916,39.374503685772005,3520241
2021-02-11,38.74317932128906,39.24943157727811,38.69553208227359,38.99332800901948,2635636
2021-02-12,38.51089859008789,38.69552992372575,38.18927769597691,38.44538398154577,2662184
2021-02-15,38.618106842041016,38.85634304862129,38.3203136325132,38.725313817901316,2109912
2021-02-16,38.7193603515625,39.14222792644254,38.534726260369055,38.59428599708911,2161188
2021-02-17,38.9754638671875,39.17796533269127,38.49303382491095,38.7670075206618,3993418
2021-02-18,39.839073181152344,40.26194076932118,39.219656270353255,39.8152481930769,5312667
2021-02-19,40.03561019897461,40.26789150083013,39.50553298664708,40.20237689221364,4013656
2021-02-22,39.785465240478516,39.88671460296032,39.32090532497865,39.73186311885815,2456148
2021-02-23,38.909950256347656,39.98796949779165,38.57641954695713,39.821202777297955,4210291
2021-02-24,39.21369934082031,39.50553767412076,38.909948514104386,38.95163814366345,3152312
2021-02-25,39.267295837402344,39.982007097569785,39.267295837402344,39.60678409572133,2699528
2021-02-26,39.4578857421875,39.73185940019601,38.69552995975637,38.80869453635786,4312311
2021-03-01,39.67230224609375,39.97009817582872,39.082667998808404,39.8450238307081,3268149
2021-03-02,40.66098403930664,40.88731048816006,39.56509747013094,39.60678983135053,4590781
2021-03-03,41.32208251953125,41.79855484833446,40.94685953625014,41.09575884624878,4398045
2021-03-04,42.03679656982422,42.3107702438014,41.01238229327215,41.11958653272766,5103476
2021-03-05,41.8223876953125,42.322682368838656,41.4769445090702,41.83430018867179,3820475
2021-03-08,43.17437744140625,43.45430600897617,42.167827759597145,42.286947228893865,5521466
2021-03-09,42.82893371582031,43.46621795161078,42.3226814409157,43.00165530515455,5141375
2021-03-10,43.26371383666992,43.26371383666992,42.40010594306952,42.75746159287574,4061957
2021-03-11,42.93613815307617,43.51386262083049,42.453710892878206,43.35900841449663,3355909
2021-03-12,42.120182037353516,42.144007024710845,41.649667218812795,41.77474157344674,7116120
2021-03-15,41.7390022277832,42.61452267110826,41.57223825011908,41.99510853824766,5023687
2021-03-16,42.44179916381836,42.65621037278601,41.80451768582475,41.810472566330645,5353445
2021-03-17,42.48348617553711,42.93018140228404,41.64966091301513,42.50731115928731,5980056
2021-03-18,44.270263671875,44.270263671875,42.85871381422769,42.882538800552574,10132093
2021-03-19,43.942691802978516,44.19283777667547,43.406659643519625,43.53768887711281,11213761
2021-03-22,44.16901397705078,44.46680991429378,43.323273406016796,43.59128947637583,3262039
2021-03-23,43.245845794677734,43.89503974202865,42.77532830366661,43.841434893009186,4903824
2021-03-24,42.6740837097168,42.876582441413746,42.2452557961081,42.82298031801104,5087933
2021-03-25,43.180328369140625,43.245845710213835,42.275030865431646,42.34650308678585,4110168
2021-03-26,43.63893508911133,43.7640094327194,43.24584741673919,43.47812599921426,3764427
2021-03-29,43.900997161865234,44.08563124077465,43.35901014960442,43.76996793507617,3271288
2021-03-30,45.22916793823242,45.22916793823242,44.1451911116489,44.252398091262094,4971367
2021-03-31,45.27085876464844,45.43166786281534,45.04453231945363,45.15769417625268,5496840
2021-04-01,45.85089111328125,46.03955382097445,45.21796166994769,45.64397396559051,3848462
2021-04-06,45.93608856201172,46.76985306022558,45.89348928989764,46.447302156968945,3178288
2021-04-07,46.01520919799805,46.64205100167543,45.89349060857805,46.00303678081632,3250076
2021-04-08,45.16318893432617,46.6481401434849,44.615460846279184,46.550763594020005,4869807
2021-04-09,45.58919906616211,45.94826445588767,45.24839090746682,45.339679853816875,3542684
2021-04-12,46.23429870605469,46.82462884000675,45.69265544958328,45.69265544958328,4384526
2021-04-13,46.03955078125,46.85505806510103,46.03955078125,46.617708492822224,3228301
2021-04-14,45.893489837646484,46.18561109790899,45.61354099436122,46.1004097614654,2899395
2021-04-15,45.86306381225586,46.17952714026296,45.71091835722151,46.00303964055059,2952164
2021-04-16,47.09849166870117,47.445387426925215,46.70291182255655,46.830715229144495,6387041
2021-04-19,46.228214263916016,47.46364623219714,46.082153630302344,47.43930139766221,3900859
2021-04-20,44.84672546386719,46.99503587655545,44.773696536468705,46.44122294272104,5086949
2021-04-21,44.77369689941406,45.290995373742554,43.87298817953887,44.980616847385235,4196339
2021-04-22,44.90149688720703,45.40053809144545,44.43897014417666,45.053642336372995,2620658
2021-04-23,44.85280990600586,45.735258533308986,44.213792880332356,45.43705244879381,3346698
2021-04-26,45.4553108215332,45.47965286582835,44.43288634596334,45.230133653609045,3126765
2021-04-27,45.40662384033203,45.55268447937294,44.956269505489544,45.467483137732096,2848591
2021-04-28,45.747432708740234,45.97260987965941,45.449223821566754,45.723087872922534,2291550
2021-04-29,44.84672546386719,45.79003624488941,44.335514598481154,45.75960659474041,4471508
2021-04-30,45.06581497192383,45.44313758569646,44.65806270993101,44.80412334666868,3190805
2021-05-03,45.284908294677734,45.68049096321498,45.03538906621496,45.21796417950965,1924216
2021-05-04,44.06773376464844,45.643973954879314,44.000789653211406,45.345765068879444,3812963
2021-05-05,43.88515853881836,44.02513157463211,42.6618989315839,42.95402021223709,7753312
2021-05-06,44.26856231689453,44.40853813233968,43.42871579781924,44.33550921381076,3901662
2021-05-07,44.67631912231445,44.74934804374631,43.87298423937213,44.536343301305195,4426854
2021-05-10,44.88932418823242,44.98669794497568,44.64588979637427,44.82846489246821,3149611
2021-05-11,44.03730392456055,44.487658262672866,43.51392066199691,44.33551280926679,3944906
2021-05-12,44.4024543762207,44.56677223801976,43.58694708898284,43.91558560377956,3031059
2021-05-13,43.9825325012207,44.25639655199185,42.62538466524784,43.885158740555354,3398568
2021-05-14,45.00495910644531,45.077988034782166,43.70258290284851,44.31725514487903,2976788
2021-05-17,45.230133056640625,45.46748263917908,44.76152149595622,45.065815188421205,1805798
2021-05-18,45.51617431640625,46.00304315919394,45.096249590601985,45.510086711372026,2840478
2021-05-19,44.09816360473633,45.04147156466985,43.74518302363124,45.02930193795496,3370417
2021-05-20,45.72917556762695,45.72917556762695,44.457229069213746,44.55460283027893,4009132
2021-05-21,45.966522216796875,46.289073148180115,45.88740847848668,45.89349329183399,3472403
2021-05-25,46.642051696777344,46.8793984837657,46.28298631855503,46.43513176639882,3455045
2021-05-26,47.189781188964844,47.268894926199145,46.392533882568536,46.87939988849721,2908400
2021-05-27,47.3906135559082,47.725339692077576,46.32558980590849,47.04372337559826,5962306
2021-05-28,46.642051696777344,47.48798585753815,46.35601524033648,47.46973141829145,3067572
2021-05-31,46.35601806640625,46.76985795239283,46.28298914017264,46.593367659063155,1478106
2021-06-01,47.54276657104492,47.72534448182458,46.836805348241235,46.848980558398715,2922270
2021-06-02,47.913997650146484,47.97485694869209,47.3966991949064,47.62796676233875,2311774
2021-06-03,48.656471252441406,48.820789118718224,47.79836745992887,48.07831352271296,3301122
2021-06-04,48.406959533691406,48.86339871567318,48.06006374572201,48.65647597267481,2102502
2021-06-07,48.77210235595703,48.9364202132202,48.26088876340625,48.32174805608106,2124393
2021-06-08,48.072235107421875,48.741681870265424,47.615795908973396,48.72342184607232,2439652
2021-06-09,47.700992584228516,48.30957994769259,47.19586378860197,48.041797935034175,2375938
2021-06-10,47.57318878173828,48.21829060004592,47.195863391438444,47.76793628981617,2353825
2021-06-11,48.522586822509766,48.522586822509766,47.68273740379262,47.88966014287235,2133294
2021-06-14,48.02962875366211,48.79035877823598,48.02962875366211,48.63213130972409,2120560
2021-06-15,48.21221160888672,48.47998806922932,47.98094403052045,48.230466049874885,1970364
2021-06-16,48.102657318115234,48.57735646732202,47.135004580730566,48.370433748869054,3688010
2021-06-17,48.3582649230957,48.92425302371531,47.92617062246585,47.92617062246585,2867920
2021-06-18,46.90983200073242,48.534761929977584,46.708999658069985,48.212210986041754,6970919
2021-06-21,48.29740524291992,48.34609491205539,45.85088892879478,46.37427496001464,3436962
2021-06-22,48.279151916503906,48.35826565267581,47.719248620528106,48.35826565267581,2399406
2021-06-23,47.652305603027344,48.613873579881776,47.64013597638269,48.37652678352811,2109991
2021-06-24,47.987030029296875,48.406954704717066,47.73142321970221,47.96268519447897,2585061
2021-06-25,47.32975387573242,47.9870309338211,46.9828636982273,47.968770911764146,2531395
2021-06-28,46.228214263916016,47.37235728948911,46.088238443336756,46.98286226651931,2891713
2021-06-29,46.4229621887207,46.80636961087106,46.1308409188925,46.19169742337438,2056317
2021-06-30,45.8265495300293,46.45947897973374,45.278821423831516,46.25255903876143,3197163
2021-07-01,46.2464714050293,46.57510713222661,45.875233613077334,46.106495584719994,2198580
2021-07-02,46.39253616333008,46.76985880185418,46.252560330574894,46.349934094787486,2028429
2021-07-05,46.19778823852539,46.45947987870156,45.601373240040786,46.18561582030353,1690180
2021-07-06,44.37202835083008,46.216045023664904,44.201622870967334,46.216045023664904,3693164
2021-07-07,44.0616455078125,44.78586384155736,43.22788100427795,44.48157016600755,4490687
2021-07-08,43.045310974121094,43.70258248770485,42.442811156269684,43.70258248770485,4375992
2021-07-09,44.3598518371582,44.45722559060426,43.17310956593421,43.538259745757635,3932627
2021-07-12,44.58502960205078,45.09015560607639,43.35568525014345,44.232049043170704,3248098
2021-07-13,44.43288803100586,44.889327197437964,44.219883272750806,44.73109413432317,2395746
2021-07-14,44.7310905456543,45.12058556748931,44.25030658137721,44.48765615700741,1989477
2021-07-15,44.536346435546875,45.53442890081232,44.30508444647275,45.33968137502383,3016690
2021-07-16,43.64780807495117,44.95018139390633,43.5382618991067,44.95018139390633,2596183
2021-07-19,42.3758659362793,43.31917390464445,41.809880597020445,43.209627724839784,4067435
2021-07-20,42.64364242553711,42.972278174060236,42.07765708574794,42.601040358017926,3350883
2021-07-21,43.11225509643555,43.64781080031684,40.93960263065363,41.548187262192016,4678216
2021-07-22,43.440887451171875,44.195535461321185,43.440887451171875,43.550433625277186,2923648
2021-07-23,45.80828857421875,46.16126633753298,44.07990305264466,44.12250232533507,5627327
2021-07-26,45.9178352355957,45.990866951597006,44.79803698943299,45.4674836865163,2823587
2021-07-27,45.04146957397461,45.68048659621515,44.88932412597378,45.68048659621515,2845684
2021-07-28,45.0718994140625,45.46748204646982,44.9075815479851,45.16927317108604,1960085
2021-07-29,46.343849182128906,46.3925360641311,44.901499953914055,45.15710399102641,3186973
2021-07-30,45.81438064575195,46.02130060268421,45.29708214902084,45.80220822682676,3331215
2021-08-02,46.52033996582031,47.12892460162627,46.29516278530045,46.52642477943478,2728019
2021-08-03,46.10041427612305,46.6724844356942,45.72308885126654,46.55685344108292,2069037
2021-08-04,46.216041564941406,46.71508275787924,46.039551284834175,46.25255602532259,2209851
2021-08-05,45.893489837646484,46.203868327775574,45.37010661080913,46.01520842502181,2020044
2021-08-06,46.27081298828125,46.86722793292347,45.63788358346873,45.83263109264181,2009769
2021-08-09,45.38836669921875,45.960436838795296,45.21187641112837,45.50399768978858,2253593
2021-08-10,45.303165435791016,45.4796557350606,45.01713174348425,45.211879274926694,1566928
2021-08-11,45.57094192504883,45.74743221362126,44.950182112801365,45.333592338789614,2025237
2021-08-12,46.01520919799805,46.22212633409424,45.46139352381513,45.63179899076341,2323510
2021-08-13,46.033470153808594,46.37427832408922,45.88740950940261,46.13084391674591,1598599
2021-08-16,45.187530517578125,45.67439930394514,45.01104023362025,45.540511085493875,2181997
2021-08-17,44.280738830566406,44.944097927504565,44.268566412619215,44.87715381559321,2568863
2021-08-18,43.70258331298828,44.311170747101826,43.55652545494384,44.30508593341629,2943011
2021-08-19,42.36977767944336,42.87490371201291,42.254146688006834,42.47932385756172,3930087
2021-08-20,42.534095764160156,42.534095764160156,41.77945051378276,42.15677313897146,2710244
2021-08-23,42.52192306518555,43.507830228361456,42.52192306518555,43.40437166171665,2649217
2021-08-24,43.0513916015625,43.38003011759789,42.60712489173495,42.838386861716494,2442814
2021-08-25,43.28265380859375,43.51391857104049,42.807957448874305,42.99053533362678,2219826
2021-08-26,43.02705383300781,43.197456525333976,42.61930154294282,42.99053936910919,1839595
2021-08-27,43.33742904663086,43.4530600342724,42.86273267862913,43.10007946703065,1469640
2021-08-30,43.57478332519531,43.86690462795914,43.3982930225423,43.483494371382,1655412
2021-08-31,43.46523666381836,44.14685302948441,43.00879748213828,43.85473172991325,3451643
2021-09-01,43.252227783203125,43.988615775775344,43.093994729857464,43.93992889714581,1953107
2021-09-02,42.97836685180664,43.53826460095959,42.83839101891896,43.25223091281365,2276351
2021-09-03,42.70450210571289,43.240057800797445,42.52192699837014,43.03313785716961,2062360
2021-09-06,42.65581512451172,43.10008186928573,42.32717937382412,42.880992299226946,2398664
2021-09-07,42.832305908203125,43.191371312686094,42.65581561272527,42.771446608135136,2132096
2021-09-08,41.81596374511719,42.63755587413421,41.60295899860137,42.625383456596495,3945920
2021-09-09,41.68815994262695,42.02288327894018,41.17086150977863,41.43255313275862,3170969
2021-09-10,42.07765579223633,42.503668080735636,41.74902005381581,41.74902005381581,2724702
2021-09-13,43.63563537597656,43.787783616779045,42.35151929607655,42.35151929607655,4162981
2021-09-14,44.13467788696289,44.4754860487619,43.65998150225682,43.70258077798246,3736886
2021-09-15,44.12859344482422,44.75543808010545,43.65389426492637,43.70258114559291,3156383
2021-09-16,43.8973274230957,44.7006623269061,43.69649509274246,44.171194259175294,2955286
2021-09-17,43.42871856689453,44.49374230467229,43.203541401741845,44.33551204070446,7890973
2021-09-20,42.083744049072266,42.716673491604695,41.23172225006385,42.558440433171896,5583554
2021-09-21,42.17502975463867,42.77752954171665,41.95594019170065,42.32717799812218,3127718
2021-09-22,43.775611877441406,43.806041526073315,42.430636480384216,42.503668195340545,3347861
2021-09-23,44.43897247314453,44.82238270951888,43.946018847405085,44.12250634955958,3250192
2021-09-24,45.205787658691406,45.327506250641584,43.83647024644398,44.36594109726963,3152656
2021-09-27,46.13084030151367,46.398616733006484,45.52833774825759,45.64397152498253,4125421
2021-09-28,46.39253616333008,47.52450407890237,45.9786962698271,46.11867210258229,6220865
2021-09-29,47.10457992553711,47.37236196706778,46.453396009809616,46.739429701047065,2698406
2021-09-30,46.69074249267578,47.45756019171504,46.69074249267578,47.28715749912804,3510584
2021-10-01,47.08632278442383,47.43321854811512,45.40662403273652,45.984781778089506,4364989
2021-10-04,46.86722946166992,47.29932376724291,46.20387038801139,46.86114464850926,3119630
2021-10-05,46.976776123046875,47.09240991075608,46.31341979430858,47.001120959785304,2591501
2021-10-06,45.990867614746094,46.68465636636783,45.6804890974624,46.46556400640357,4142643
2021-10-07,47.85922622680664,48.00528406970571,46.48990603764138,46.61162183712349,4517811
2021-10-08,49.10074234008789,49.39894843420764,48.44955566719867,48.47390050286494,5255271
2021-10-11,50.51266098022461,50.58568989951281,48.55301070841244,48.86947680185746,4688160
2021-10-12,50.09273910522461,50.46397411757303,49.47197650957727,49.61195512545728,3397974
2021-10-13,49.63629913330078,50.476148484991334,49.45372124557767,50.0257941611922,3272879
2021-10-14,50.646549224853516,50.670894058763906,49.75801023749975,50.062306705386845,3875226
2021-10-15,50.908241271972656,51.11515840598288,50.5674303415119,50.65263446972639,3223187
2021-10-18,49.87364959716797,50.956930629931044,49.56935867760021,50.77435831114949,3159249
2021-10-19,50.12925338745117,50.48831877208879,49.788442442386405,50.19619749734645,2164070
2021-10-20,49.87364959716797,50.42137771830814,48.997285719823246,49.971023361317386,3012913
2021-10-21,49.7397575378418,50.287485616790846,49.08248607606188,49.21637429365428,2341119
2021-10-22,49.97101974487305,50.45788853038501,49.58760952958286,49.824956318020774,2162956
2021-10-25,50.44572448730469,51.01170707080451,49.85539148383756,49.93451081033842,3560301
2021-10-26,50.57352828979492,51.12125643606692,50.38486556639929,50.78653026854636,2595040
2021-10-27,50.86564254760742,51.18210306496573,49.97710354309354,50.29965445584492,2858244
2021-10-28,51.029964447021484,51.029964447021484,50.208369485266914,50.342257711354875,2372841
2021-10-29,52.1801872253418,52.23496170896173,50.330085815041436,50.65872155196616,5260178
2021-11-01,52.93483352661133,53.29390450159604,52.21670274143698,52.338421337540446,2778156
2021-11-02,53.00178146362305,53.11132484704678,52.143672088413055,52.76442909260892,2883037
2021-11-03,52.96527099609375,53.14784331556603,52.259309807740195,52.642714469830864,2530050
2021-11-04,52.94700622558594,53.70165143733612,50.81695322434562,53.08089444199344,5210652
2021-11-05,53.30607223510742,53.59210869283308,52.49665253160164,52.557511827491986,3141992
2021-11-08,53.08698272705078,53.36084957321185,52.691402864993556,53.05655307747733,1759762
2021-11-09,53.202613830566406,53.713827451717776,52.98960629428754,53.038295964110226,2130057
2021-11-10,53.61036682128906,53.79902953505223,52.72791813494926,53.24521660321703,3088772
2021-11-11,53.16610336303711,53.95117829312155,53.08089922564588,53.49473912063535,3433829
2021-11-12,53.488651275634766,53.59210984791928,53.01395210689719,53.29390375754717,2291844
2021-11-15,54.06071853637695,54.29198051594422,53.34258776235297,53.41561668592212,2203615
2021-11-16,54.2919807434082,54.663221340835385,53.88423126644094,54.2919807434082,2856047
2021-11-17,54.41978454589844,54.705821012613264,54.03637990157593,54.35892524809549,2439189
2021-11-18,55.32049560546875,55.76476514913661,54.571935142070906,54.71190818361101,3773730
2021-11-19,54.64495849609375,55.63695606001471,54.200694580136485,55.38134925725719,5416901
2021-11-22,55.36309814453125,55.66130423819823,54.52933357900728,54.590192876881765,3033320
2021-11-23,54.79711151123047,55.50307268686116,54.553679895521974,54.772766674940314,2865450
2021-11-24,53.7807731628418,54.93099826229566,53.30607398871935,54.851884524474016,3682508
2021-11-25,53.786861419677734,54.28589987898842,53.43996563244103,54.152011648012326,1530625
2021-11-26,50.61003875732422,52.08281479792061,50.056225840961304,51.729834216766626,7674920
2021-11-29,50.39094543457031,51.45597197099348,50.11708417951169,51.28556928823707,4625902
2021-11-30,50.51266098022461,51.029959392910726,48.94859053402014,49.74584058050718,7133155
2021-12-01,52.69748306274414,52.97134988491767,50.774352824215846,51.297736052159784,5023572
2021-12-02,52.405364990234375,53.14784060461032,51.79069278416895,52.01586995203044,4551161
2021-12-03,52.11324691772461,53.111329410126224,51.681152577632766,52.92266669268964,4076334
2021-12-06,52.015865325927734,52.916573917267954,51.492482112688684,52.70965679002364,3377348
2021-12-07,52.83137893676758,53.26956368282345,52.545342447314155,52.87398379805504,4490188
2021-12-08,52.22887420654297,52.8983152723291,51.26122148520067,52.83137116575048,3998665
2021-12-09,52.447967529296875,53.22696323657798,51.851555308332316,52.36885378703747,4156361
2021-12-10,54.32843017578125,55.10402618047564,51.95773660390942,53.56014711205355,7213204
2021-12-13,54.14550018310547,55.68937908086416,54.13818166055008,54.67232215915165,4680761
2021-12-14,52.294315338134766,53.95526284396236,52.294315338134766,53.41380935331515,4265644
2021-12-15,52.0382194519043,52.97478940132576,52.01626388356706,52.543085875715946,2931838
2021-12-16,52.49187088012695,53.384540917173155,51.9650488528605,53.062592882199745,3421998
2021-12-17,50.30410385131836,51.69432747423437,50.15044834944207,51.50408493659798,7737176
2021-12-20,49.243141174316406,49.62362062370063,48.64315070025846,48.80411912496897,4786790
2021-12-21,50.208980560302734,50.340686061055855,49.23582355931561,49.901664003613874,2264407
2021-12-22,50.99189758300781,50.99189758300781,49.87240356201637,50.26751450156824,1839788
2021-12-23,51.284568786621094,51.606516805619364,51.17481885505108,51.372374314274445,1620249
2021-12-27,51.13823318481445,51.35042569549636,50.85287219033817,51.13091466171577,1243078
2021-12-28,50.92604064941406,51.61383667802178,50.84555364256008,51.167501669976026,1494742
2021-12-29,49.92361831665039,51.03579373094818,49.887031285318066,50.92603821934841,2470115
2021-12-30,49.45532989501953,50.18702589405149,49.45532989501953,49.93093341086979,2237979
2022-01-03,50.267513275146484,50.62604833667023,49.674841297881,50.12117630720853,2654611
2022-01-04,52.76259994506836,53.14307941558098,50.78702294288819,50.83824144050331,4936145
2022-01-05,54.877197265625,54.91378429676096,52.974788876896106,52.974788876896106,5106683
2022-01-06,54.81134796142578,55.92352338300373,53.808922469768795,54.094283452357786,3602804
2022-01-07,53.82355880737305,55.37475641870466,53.68454035608418,54.90647140064186,2755179
2022-01-10,53.45039749145508,54.496723042877605,53.252836436225515,54.21135645394626,2384947
2022-01-11,53.07722854614258,53.823556010397475,52.616262075490795,53.808924546642366,2488494
2022-01-12,53.72111892700195,54.1747724562156,53.004059973854936,53.70648746327133,2946446
2022-01-13,55.191829681396484,55.316216662022484,53.56014513987626,53.567463662971164,3906108
2022-01-14,54.723541259765625,55.35280022898469,54.50403023984377,54.67232276610348,2448641
2022-01-17,54.33574676513672,55.111342742224814,53.76502477577775,54.99427428454995,1926199
2022-01-18,54.613792419433594,55.03085894230106,53.27478731565991,54.07233890853849,2955090
2022-01-19,54.5113525390625,55.21378003612111,53.88941204939162,54.21135449654504,3104068
2022-01-20,53.56014633178711,54.53330337635915,52.79186886164939,54.14550537966141,3532959
2022-01-21,52.63089370727539,52.74064922418025,51.95041620134219,52.71138071417913,4055043
2022-01-24,49.97483825683594,53.09185914910157,49.66752169898658,52.301631723996096,5020505
2022-01-25,50.35531997680664,51.05774748756552,49.7699609266421,50.6333624553161,3132631
2022-01-26,51.591888427734375,52.001636416494215,50.61141284869061,50.801655378785256,2931917
2022-01-27,52.0601692199707,52.5211356699732,50.71384573651384,50.82360124815173,2960980
2022-01-28,51.12360382080078,51.804081354592725,50.12117824621334,51.804081354592725,3281757
2022-01-31,51.167503356933594,51.81871237393305,50.62604986038973,51.672375401590706,2650761
2022-02-01,51.335792541503906,51.89187746595044,50.99920747881614,51.2187185053695,2186518
2022-02-02,50.779701232910156,51.62846565189444,50.66262719862421,51.48212869143421,2056085
2022-02-03,50.99189758300781,51.547982540657365,50.56019402698243,50.56019402698243,2636950
2022-02-04,49.63093948364258,51.49676087645485,49.20655447700237,51.49676087645485,3544933
2022-02-07,49.433380126953125,50.23093167227346,49.433380126953125,49.98947065174916,2619261
2022-02-08,49.433380126953125,50.45043712351579,48.82607668769161,49.352893120111695,2866739
2022-02-09,51.613834381103516,51.92114534865325,49.95288140346602,50.04800545227706,4477504
2022-02-10,51.035797119140625,51.694324650060665,50.63336207735683,51.6138376417039,2499973
2022-02-11,54.46745300292969,55.14061199522356,50.230932417084205,50.49434342839877,7685106
2022-02-14,54.37232971191406,54.862570290209106,52.49187115509178,52.66016369672697,6449171
2022-02-15,55.15524673461914,55.21378375892027,53.743073122142206,54.25526371118028,4255754
2022-02-16,55.477195739746094,56.647908333908376,55.023542167209094,55.23573469715069,3338076
2022-02-17,55.65279769897461,56.99912128355986,55.22109972514193,56.296693771670974,3129408
2022-02-18,55.308902740478516,56.81620042677583,55.060128758529196,55.98206736127832,2876383
2022-02-21,54.16745376586914,56.39181026668376,54.006479753342155,56.077180764671226,3466863
2022-02-22,53.57478713989258,54.29916468613884,52.0235894617914,52.30163754113291,3938250
2022-02-23,53.83087158203125,55.06012101876943,53.369905136653365,54.36501208936509,3345429
2022-02-24,50.333370208740234,52.19187878135633,49.64557415915854,50.48702570403872,8297015
2022-02-25,52.72601318359375,52.7552816941531,50.01142163118677,51.55530067320763,6292551
2022-02-28,51.34311294555664,51.65774248540797,49.879720775531496,51.14555745885841,5868911
2022-03-01,48.61388397216797,51.577249419425655,48.526078442602774,50.85287194330455,6811103
2022-03-02,46.87244415283203,47.801701202527276,46.133432418134134,47.70657714942923,8133642
2022-03-03,44.055416107177734,47.12854269966018,43.90176061491324,46.82854465590746,6123312
2022-03-04,42.43836975097656,43.967614565720055,41.56765247988294,43.06031026015789,9611532
2022-03-07,41.992034912109375,43.499329745812275,40.001820807988864,40.40425585933592,8645172
2022-03-08,41.70667266845703,42.95055644663322,41.28960616506836,41.296921897058176,6732058
2022-03-09,44.89686584472656,44.89686584472656,42.5481224153963,43.272499873579186,6946066
2022-03-10,43.23591613769531,45.22613012261775,41.94813242410936,44.89686636905357,6757062
2022-03-11,42.87007141113281,45.08710953548525,42.482273400259,43.433477701028096,6157828
2022-03-14,44.45785140991211,44.984673466680185,43.66762111595896,44.01883489007135,4719598
2022-03-15,45.46759033203125,45.98709383743839,43.338355020991834,44.18712229433266,5067779
2022-03-16,47.75048065185547,48.35047112504752,46.27977018641746,47.055366129656704,6129054
2022-03-17,46.82854461669922,48.22608667465465,46.455380879912354,48.1455996670029,4486444
2022-03-18,45.82611846923828,47.54560563918497,45.51880471654032,46.7334198908829,8469566
2022-03-21,46.330989837646484,46.77000631492199,45.752949335981405,46.111481599008734,2621597
2022-03-22,46.94561767578125,47.509021135160694,46.17001612576091,46.667569625201395,3027640
2022-03-23,46.330989837646484,47.43585234500112,45.93587333337932,47.355365339554254,2832496
2022-03-24,46.18465042114258,47.070004696370596,45.70904969912954,46.35294016504246,2963436
2022-03-25,46.25050354003906,46.90171253415024,45.73831578124642,46.33099054671774,2499241
2022-03-28,46.762691497802734,47.72853279085774,46.31635648883001,46.38220924082924,2760387
2022-03-29,48.913875579833984,49.87240111815545,47.31146516546888,47.640726126426785,4830793
2022-03-30,47.81632995605469,48.97241091472218,47.52365045504559,48.6065629340601,3326372
2022-03-31,46.68952178955078,48.2699850048891,46.38952654746522,48.145598027262764,4179264
2022-04-01,46.455379486083984,47.38463372538449,46.32367398500525,46.83586173462268,2848350
2022-04-04,47.0187873840332,47.22366137460106,45.9578276063662,46.82122912547186,2538008
2022-04-05,46.06757736206055,47.42853230578421,45.81880062190462,47.1870712971629,3425810
2022-04-06,45.533443450927734,46.06026548384827,44.35541240020201,45.87734147699518,4539402
2022-04-07,45.57002258300781,46.30171852835449,45.42368562689729,45.68709382261534,2920342
2022-04-08,46.25782012939453,46.93097908220563,45.85538511282419,46.43342559917194,2477629
2022-04-11,45.6505126953125,45.906607968359445,45.01393796100495,45.76758394290008,3274607
2022-04-12,45.73099899291992,46.206602498925754,44.48711526207276,44.999303009033206,2791096
2022-04-13,45.99441146850586,46.36025947218001,45.27734971624838,45.570026444468446,2297064
2022-04-14,46.330989837646484,46.79927482439334,45.96514184285067,46.24318710043112,3459542
2022-04-19,47.03342056274414,47.29683158376244,46.104166256906865,46.389530057142615,2834276
2022-04-20,47.81632995605469,48.438270406700795,47.21633949106476,47.479750483733234,3107995
2022-04-21,47.81632995605469,47.81632995605469,47.81632995605469,47.81632995605469,0
2022-04-22,47.3626823425293,48.196815297302464,47.3626823425293,47.63340627725564,0
2022-04-25,46.704158782958984,47.12122529540826,46.067581229263716,46.63098750547737,4119685
2022-04-26,46.0309944152832,47.64804466732887,45.9578259330869,47.49438917999742,4784384
2022-04-27,46.0309944152832,46.0309944152832,46.0309944152832,46.0309944152832,0
2022-04-28,48.66510009765625,48.93582403142929,47.472432104363136,47.56023762965009,5497785
2022-04-29,49.0968017578125,49.4114312692745,48.60656676486399,49.0968017578125,6141085
2022-05-02,49.191673278808594,49.90321928477992,48.82799099209494,48.85171130344693,4880723
2022-05-03,49.713478088378906,49.721382848716345,48.70149685700672,49.27073611115776,3449636
2022-05-04,49.27864456176758,50.02181569690883,49.24701948811909,49.78463367641124,2525642
2022-05-05,48.227134704589844,50.472463719670365,48.02157775253166,50.12459694852072,3077742
2022-05-06,48.227134704589844,48.227134704589844,48.227134704589844,48.227134704589844,0
2022-05-09,47.8792610168457,49.51582068404859,47.8792610168457,48.77264662149959,2550726
2022-05-10,48.32991409301758,49.33398757493063,48.266663944897196,48.62243848824168,2562459
2022-05-11,50.48827362060547,50.551520750269674,49.02564567096734,49.2391103884583,4564813
2022-05-12,50.21155548095703,50.464553030903296,49.05726754252877,49.80834638485197,3339970
2022-05-13,50.21155548095703,50.21155548095703,50.21155548095703,50.21155548095703,0
2022-05-16,50.25109100341797,51.073321774782684,49.839974109769166,50.63849060071895,2472225
2022-05-17,51.50025177001953,51.51606732233558,50.52780340195513,50.66220845324512,2785107
2022-05-18,51.1998176574707,52.06948596260789,51.15237703699266,51.54768136040641,2660096
2022-05-19,50.029720306396484,50.62267686381781,49.0098373197409,50.62267686381781,3904945
2022-05-20,50.0455322265625,51.62675270947017,49.919034949841844,50.23527964960997,4037406
2022-05-23,51.04169464111328,51.08122748800705,49.92693953472261,51.073319712255184,2226726
2022-05-24,50.36968231201172,51.45281846180863,50.36968231201172,50.69383479206165,2312803
2022-05-25,50.36968231201172,50.36968231201172,50.36968231201172,50.36968231201172,0
2022-05-26,51.54768753051758,51.81649763918468,50.71755197110303,50.836144488695396,2741419
2022-05-27,51.54768753051758,51.54768753051758,51.54768753051758,51.54768753051758,0
2022-05-30,51.54768753051758,51.54768753051758,51.54768753051758,51.54768753051758,0
2022-05-31,52.338294982910156,53.30283858883499,51.863930956090066,52.26714309322678,8549353
2022-06-01,53.207969665527344,53.72186051186684,52.89963274497729,52.89963274497729,2800907
2022-06-02,53.207969665527344,53.207969665527344,53.207969665527344,53.207969665527344,0
2022-06-03,53.207969665527344,53.207969665527344,53.207969665527344,53.207969665527344,0
2022-06-06,53.9432373046875,54.04601427002632,53.23168822808712,53.682334971289684,1860110
2022-06-07,53.57954788208008,53.92741763337614,53.12099942939459,53.49258647612164,1824079
2022-06-08,53.72186279296875,53.911613238184216,53.02612925611048,53.79302071789109,2396213
2022-06-09,52.931251525878906,53.93532798067755,52.83638233963176,53.49258902654856,2377373
2022-06-10,51.318416595458984,52.615014456281564,51.199824077192005,52.41736226979195,3222045
2022-06-13,49.13633346557617,50.5910536402269,48.7647463997242,50.203654037962835,4698245
2022-06-14,49.24702072143555,49.74510207217427,48.519659088969846,49.39723530112821,3057644
2022-06-15,50.15621566772461,50.51989796781898,49.436761859521305,49.808348919735316,3421889
2022-06-16,48.780555725097656,50.22736802833771,48.47221882519073,50.21946326861847,3319069
2022-06-17,48.962398529052734,49.381420187763695,48.25084947092757,49.01774089846992,8659417
2022-06-20,49.792537689208984,49.86369259588315,48.59081205200798,49.12842623222772,1856646
2022-06-21,50.733360290527344,51.15238194848058,49.839974605303745,49.919034271204495,2127892
2022-06-22,49.349796295166016,50.10087520427497,48.82799464537307,49.950660628826384,3001216
2022-06-23,46.31385803222656,49.413042617551675,46.31385803222656,49.120518249716945,4503913
2022-06-24,46.29804611206055,46.60638301954317,44.95401073181196,46.582662707937175,4012939
2022-06-27,46.835662841796875,47.76857837550193,46.163643606721074,46.64591541817008,2602482
2022-06-28,46.590572357177734,47.74486037065603,46.5352299877598,47.23887126973036,2304696
2022-06-29,45.5390625,46.187361429545255,45.23863334840889,45.80786959390411,3125816
2022-06-30,43.65740966796875,44.65357521827852,43.024920348987685,44.65357521827852,5239689
2022-07-01,43.48347854614258,43.99737540806104,43.00120675608156,43.21467146722002,3058854
2022-07-04,42.25803756713867,43.95784454097452,41.96551317910856,43.91040994698385,2788226
2022-07-05,40.344764709472656,43.21467539909744,40.2815175759361,42.803558475343856,4302723
2022-07-06,40.02061462402344,41.159093169681256,40.02061462402344,40.605666433979046,3383302
2022-07-07,42.57427978515625,42.850994655942344,40.53451078783054,40.63729076931869,3913441
2022-07-08,44.17131042480469,44.17131042480469,41.9417939705481,42.41616103447628,3874127
2022-07-11,42.360816955566406,43.62578970986269,42.35290917938977,42.66124609975368,3197596
2022-07-12,42.360816955566406,42.360816955566406,42.360816955566406,42.360816955566406,0
2022-07-13,40.73216247558594,42.25803757864999,40.328950330957454,42.16316537470981,4001175
2022-07-14,40.068050384521484,41.253963470844894,39.680650782645344,40.819129275712896,3820841
2022-07-15,41.79948043823242,41.9338854833107,39.846679032129835,40.23407559984677,4988165
2022-07-18,42.669151306152344,42.92214584177484,41.522768120150744,42.1947842899106,2724224
2022-07-19,44.62195587158203,44.79589075820096,42.147352705059355,42.39243948245914,3477506
2022-07-20,43.79181671142578,44.882857594299814,43.03283306070165,44.40058579042314,2748669
2022-07-21,43.546730041503906,44.23455878812211,42.866806055129,44.05271914319697,2404588
2022-07-22,43.2383918762207,43.91041112987751,43.2383918762207,43.546731825131324,1977983
2022-07-25,43.83925247192383,44.39267915821438,42.97748887902459,43.26210849002732,2161496
2022-07-26,42.906333923339844,43.64160024554552,42.708681751046555,43.633692469731415,2622172
2022-07-27,44.47174072265625,44.82751525162409,43.38860761529456,44.669392903645836,3433910
2022-07-28,44.85913848876953,45.586497037399866,43.839252552773125,45.2228177630847,3058351
2022-07-29,45.23863220214844,45.649749100992686,44.75636039742859,45.29397457161469,3086825
2022-08-01,45.42047119140625,46.132017223959615,45.19909870080336,45.34140851050061,2240864
2022-08-02,45.697181701660156,45.81577421159257,44.68520354305271,45.26234752512932,2267997
2022-08-03,46.43244934082031,46.47988694932414,44.590332608281884,45.23863151150309,3019430
2022-08-04,46.748695373535156,48.242945401047606,46.49570081945543,46.566855726286164,3128523
2022-08-05,46.57476043701172,47.23887189474674,46.432450623501865,46.66172788037141,2081223
2022-08-08,47.808109283447266,47.902981483441195,47.0016880436667,47.041217875669766,2157053
2022-08-09,47.14399719238281,48.14016281822129,47.13608941653306,47.808108614919405,1540043
2022-08-10,47.84764099121094,48.0690104718527,46.85147229645706,47.04121971981641,1477512
2022-08-11,47.84764099121094,48.32200502570984,47.50767899397796,48.16388267556588,1334795
2022-08-12,48.171791076660156,48.606625283246444,47.90298398270869,48.06110633490361,1661009
2022-08-15,47.8792610168457,48.361529760839694,47.42861432680043,48.24294027268353,1231335
2022-08-16,48.40106964111328,48.575001518876014,47.86345543871988,47.9504228855678,1399574
2022-08-17,47.5076789855957,48.74893445771738,47.49977422525974,48.614532420475165,1939799
2022-08-18,47.70532989501953,48.19550645294674,47.420710275599575,47.634174990164546,1451857
2022-08-19,45.92646408081055,47.50768163839957,45.84740440930435,47.357467056164545,3083542
2022-08-22,44.20293045043945,45.85530268507337,43.73647121628157,45.61812068816471,2742003
2022-08-23,44.85913848876953,45.13585032445872,43.8787823841669,44.03690472567478,2197419
2022-08-24,44.13969039916992,44.898674117285076,43.92622566296256,44.51127448136804,2228760
2022-08-25,44.5191764831543,44.914480828718304,43.910407429073786,44.487551411685295,1778662
2022-08-26,43.48347854614258,45.08050848374921,43.20676670722208,44.59823669368819,2788422
2022-08-29,44.41639709472656,44.41639709472656,42.91423935539581,43.2304840423916,1969692
2022-08-30,44.87495040893555,45.720904528862775,44.11596674821915,44.45592874506914,2416581
2022-08-31,44.368961334228516,45.8632113598354,44.368961334228516,45.38094256518986,2579501
2022-09-01,43.48347854614258,44.11596490362717,43.31745144279028,44.11596490362717,1943324
2022-09-02,45.52325439453125,45.52325439453125,43.878786706356834,44.20293618120791,3231350
2022-09-05,42.40824890136719,44.03690385978881,42.08409946481945,43.886686281140236,3874435
2022-09-06,43.67322540283203,43.79972267271122,42.31337748968116,42.43196698373069,2218159
2022-09-07,44.34524154663086,44.51126864772156,43.09607836867343,43.09607836867343,1848813
2022-09-08,43.52301025390625,44.637768449499646,42.74030929526247,44.32943152543192,2837453
2022-09-09,44.566612243652344,45.02516674418475,43.56253881766546,43.56253881766546,2197430
2022-09-12,46.867286682128906,46.867286682128906,44.9777322139887,45.06469966079567,3448989
2022-09-13,46.06086349487305,47.43652401841767,45.886931624306605,47.04121965159752,3070445
2022-09-14,45.65765380859375,46.54313473496586,45.04888472923388,45.784151083789766,2925812
2022-09-15,45.49953079223633,46.060862254176996,45.05679184352049,45.7841504112296,2127022
2022-09-16,45.08051300048828,45.29397773301435,43.97365950204194,45.02517062715928,5775034
2022-09-19,45.47581100463867,45.87111533915473,44.17921326997526,45.10422396509511,1470842
2022-09-20,45.064697265625,46.487792365563415,44.92238745403787,45.69718364160508,1811591
2022-09-21,45.32559585571289,45.52324802040879,44.18711745686755,44.59032956176951,1367175
2022-09-22,44.3531494140625,45.3256008250022,44.179217540895245,44.36105719043962,1930789
2022-09-23,42.62171936035156,44.28199659786768,42.38453732869685,44.28199659786768,2821988
2022-09-26,43.301639556884766,44.04481066109368,41.91016653359769,42.03666380699352,2205489
2022-09-27,43.10398864746094,44.708923416398775,43.001208667322494,44.28199397514646,2423870
2022-09-28,43.04073715209961,43.28582693830806,42.00504167062207,42.392438250188626,2749282
2022-09-29,41.45161819458008,43.28583030599795,40.929816525227295,43.12770794826886,4101909
2022-09-30,41.388362884521484,42.1947840940497,40.3052298454196,41.649265194633294,3648879
2022-10-03,41.89435958862305,42.15525891156887,40.38429697516564,41.36465015026273,2511294
2022-10-04,43.48347854614258,43.617880577637436,42.21850583117339,42.795649820873884,2920928
2022-10-05,41.9101676940918,43.127705869198444,41.3488362163503,43.09608079599056,2697461
2022-10-06,42.56637191772461,43.0249233888584,42.02875776816582,42.59008921328571,2066809
2022-10-07,41.59392547607422,42.4556891063664,41.40417805519477,42.0603847441394,2278524
2022-10-10,41.15118408203125,42.25012974189221,40.81912986074937,40.95353189814452,2177491
2022-10-11,41.783668518066406,41.783668518066406,40.04433179374992,40.993059819401516,2670358
2022-10-12,41.72042465209961,41.84692193313805,40.91400335450465,41.67298704073529,1939609
2022-10-13,42.39244079589844,42.72449804282875,40.99306293112491,41.60183203721959,2368282
2022-10-14,42.582183837890625,43.364884739421086,42.12362935745237,43.10398544422185,2157075
2022-10-17,43.68113327026367,43.97365766218247,42.56637505766892,42.8351821522771,1776863
2022-10-18,45.175384521484375,45.84740378385188,44.195031338075765,44.64567809456624,2913706
2022-10-19,45.436283111572266,45.98970679074405,45.09632112811939,45.4758129435227,1794682
2022-10-20,45.064697265625,45.83949345319222,44.57452070123206,45.08841456224521,2004413
2022-10-21,45.00935745239258,45.475816746656456,44.337341205236044,44.598240530674154,3061172
2022-10-24,46.20317077636719,46.29013821485126,45.001445205173994,45.546967131689456,2501917
2022-10-25,46.09248352050781,46.84356233840291,45.22281521511305,46.71706507551035,2382138
2022-10-26,46.59847640991211,46.59847640991211,45.120038962604376,46.42454454406778,2716922
2022-10-27,46.495697021484375,46.92262341166259,45.68136803962102,46.34547944381604,2247948
2022-10-28,46.013427734375,46.266422281450545,44.85913973635121,45.57068576902635,2818548
2022-10-31,46.32966995239258,46.527322133104036,45.78415101936481,46.5115126126681,1472138
2022-11-01,46.75659942626953,47.25468376654671,46.32966999174623,46.63800992730168,1617080
2022-11-02,45.886932373046875,47.112375326998375,45.886932373046875,47.04122041917239,1935690
2022-11-03,45.12004089355469,45.65765508211659,44.68520668643542,45.53906256384178,2531028
2022-11-04,47.2309684753418,47.2309684753418,45.24653880613285,45.3809438631227,2986616
2022-11-07,47.302120208740234,48.11644620877502,46.74869351274462,46.84356571276497,1982248
2022-11-08,47.97413635253906,48.045291256465994,47.207244945319154,47.34955475317301,2214419
2022-11-09,47.37327194213867,47.958323708208574,47.1123726389513,47.87926404443854,1656985
2022-11-10,50.07715606689453,50.14040319573132,47.29421303161938,47.33374286413398,4408393
2022-11-11,51.223541259765625,51.56350326104111,50.393402681554804,50.440837276008956,3448590
2022-11-14,51.342132568359375,52.045773851562565,50.9626377260674,51.82440437350303,1863787
2022-11-15,51.5397834777832,51.87183768667762,50.844043956062606,51.80858754254562,1814287
2022-11-16,48.345726013183594,51.02588917895953,47.839733882475926,50.93101395798952,5855377
2022-11-17,47.61045837402344,48.95449079347855,46.97006422117982,48.709404018980074,2955510
2022-11-18,49.191673278808594,49.373512914199026,47.95832264615238,48.084819914942805,4348709
2022-11-21,48.94658660888672,49.38932858573119,48.66196698205334,48.7647469619505,1389921
2022-11-22,49.14423751831055,49.59488424380233,48.7489331614979,48.85961789885618,1597248
2022-11-23,49.080989837646484,49.413044045987746,48.35362826100445,49.29445153390423,1565578
2022-11-24,49.41304397583008,49.53954124777089,49.03355216000765,49.05726945601753,1181204
2022-11-25,49.310264587402344,49.571166910350996,48.9782103755763,49.49210422948797,1251984
2022-11-28,48.630340576171875,49.08099031693019,48.440596174104805,48.78055816173561,1822227
2022-11-29,49.44466781616211,49.531635253942525,48.65405913224241,48.84380352746078,2166881
2022-11-30,50.91520690917969,51.152385925321404,49.594888671271974,49.594888671271974,4058987
2022-12-01,50.725460052490234,51.68209591158721,50.00600319813831,51.563503393281664,1819216
2022-12-02,50.670108795166016,51.09703821789534,50.124592892677754,50.148310188629544,1784916
2022-12-05,50.80451965332031,51.112856581385955,50.211560078512434,50.95473121323304,2148286
2022-12-06,50.42502212524414,51.30259826834969,50.258995021395215,51.057511500553524,1529196
2022-12-07,49.903221130371094,50.84404441329892,49.863691297899535,50.20365328583415,1582496
2022-12-08,49.903221130371094,50.219465822009354,49.48419947749337,49.9664712750719,1804621
2022-12-09,51.223541259765625,51.373758851358474,49.92694340184656,50.17993795871208,2692302
2022-12-12,50.63848876953125,51.15237959012637,50.58314338683288,50.99426026561489,1797201
2022-12-13,51.08122634887695,51.92717737949478,50.43292748458914,50.7333566059392,2463128
2022-12-14,51.04169464111328,51.25516236335474,50.6542980753897,50.81241739923365,2312355
2022-12-15,49.0968017578125,51.21563343135796,49.04936716340655,50.75707891254702,3837595
2022-12-16,49.04145812988281,49.78463225981039,48.709403913821255,49.19167571747223,5172715
2022-12-19,49.51582336425781,49.847877568187805,49.0019265066334,49.09679870548014,1503334
2022-12-20,49.01774215698242,49.26283195350322,48.638250321550004,49.16795673269535,1788337
2022-12-21,49.697662353515625,49.697662353515625,48.827990991648235,49.191673278358564,1292377
2022-12-22,48.227134704589844,49.855789847562725,48.00576521530671,49.78463493801699,1950310
2022-12-23,48.50384521484375,48.82008991866581,48.06901100903819,48.155978453385906,961726
2022-12-27,48.92287063598633,49.3418923113129,48.74893574467354,49.00193030516502,744145
2022-12-28,48.488033294677734,49.08098982305328,48.29038111855255,49.08098982305328,1293906
2022-12-29,49.01774215698242,49.19167704586383,48.10854089447164,48.227133412514966,1006366
2022-12-30,48.54337692260742,48.994023654594244,48.48803455313065,48.8596186030557,867268
2023-01-02,50.42502212524414,50.50408480512424,48.930772158738094,48.986114526687736,1836012
2023-01-03,50.63848876953125,51.342130017778864,50.33014884849515,50.36177391977056,1630673
2023-01-04,52.06949234008789,52.267144526003236,50.836144630173266,50.9152042981662,2715145
2023-01-05,52.50432586669922,52.7019780387042,51.67418433153205,52.00623853285268,1793620
2023-01-06,52.543853759765625,53.03403332786421,51.35003292744538,52.67825579183813,2127422
2023-01-09,53.223777770996094,53.52420690737741,52.883815786624666,53.05775066679596,2399636
2023-01-10,53.56373977661133,53.74558243282591,52.875908031624505,53.22377779210507,2376716
2023-01-11,53.87207794189453,54.1329802683223,53.59536609501623,53.74558368269268,2116073
2023-01-12,54.47294235229492,54.65477898117807,53.72976822068759,54.09344751031976,2712212
2023-01-13,53.00240707397461,54.299004837461275,52.75732031132335,54.299004837461275,3072434
2023-01-16,53.097286224365234,53.32655745243733,52.67035677812175,53.31074793155396,1466111
2023-01-17,53.152626037597656,53.60327275941448,52.53594617923159,53.09728366936982,1582531
2023-01-18,53.207969665527344,53.524208330392916,52.90753448929281,53.23168696220567,1245010
2023-01-19,51.800682067871094,52.899633767423325,51.800682067871094,52.64663317965544,2152459
2023-01-20,52.0141487121582,52.33829515265463,51.610936573713786,52.21180089329642,2128467
2023-01-23,53.18424606323242,53.25540398476703,52.24342578592794,52.583387777587866,1724442
2023-01-24,53.56373977661133,53.95904412920624,53.018217839833305,53.445147264459706,2031321
2023-01-25,53.44514465332031,53.713954736521934,53.13680775590978,53.42142735842187,1309779
2023-01-26,53.99857711791992,54.11716359851482,53.52420706807734,53.83254398135557,1733510
2023-01-27,53.99857711791992,53.99857711791993,53.99857711791993,53.99857711791993,0
2023-01-30,53.54002380371094,54.65477896900783,53.152627217516425,54.63106167236452,2593538
2023-01-31,53.87998580932617,53.99857832443659,52.82847475754149,53.35027941128098,2386354
2023-02-01,55.026363372802734,55.168673177644195,53.943233332715806,54.16460279983239,2608230
2023-02-02,57.08195114135742,57.587940274800175,54.99474445793948,55.303081397635346,4335198
2023-02-03,56.923828125,57.461442298566304,56.235996363684535,56.67083357460797,3214000
2023-02-06,56.80523681640625,56.96336218367555,55.888133813708315,56.48899211373365,1925947
2023-02-07,56.88429260253906,57.31122201723512,56.59967299274169,56.94754274513083,1661559
2023-02-08,56.75780487060547,57.37447875206613,56.30715810862527,57.010799438175646,1721447
2023-02-09,57.7065315246582,58.01486845755345,56.84477087422435,56.84477087422435,2361035
2023-02-10,56.89220428466797,57.67490524941985,56.449465319857374,57.45353576701455,2045968
2023-02-13,56.50480651855469,57.12148035871284,56.50480651855469,56.92382817754082,1207531
2023-02-14,56.51271438598633,57.11357267477615,56.220186985907624,56.67083371843293,1602344
2023-02-15,57.20844268798828,57.29541012248055,56.386208963975704,56.48898591752778,1530975
2023-02-16,57.38238525390625,57.83303200587447,56.68664568464574,57.55632014622138,2101550
2023-02-17,59.01103210449219,59.343086306449976,58.14136375237461,58.196706119367576,5170528
2023-02-20,59.19287872314453,59.730492909325505,59.153345873272656,59.29565568819898,1619956
2023-02-21,58.971500396728516,59.39052807704678,58.204615019826825,59.18496812487292,1779722
2023-02-22,58.48923873901367,58.78966789644557,58.08602658235194,58.63945030179654,1935831
2023-02-23,58.59201431274414,59.200780389653474,58.544579718453186,58.71060683033755,2167050
2023-02-24,56.87639617919922,58.98732012277786,56.87639617919922,58.884543155351004,5234674
2023-02-27,57.390281677246094,57.817211091925074,57.24797790421869,57.635374471813,1552245
2023-02-28,57.43772506713867,58.14136634971096,56.73408378456638,57.16891496411748,2395280
2023-03-01,57.97533416748047,58.56829065922838,57.508871924068785,57.83302436818635,2058806
2023-03-02,58.20461654663086,58.41017047233102,57.074045827816455,57.651186819624726,1635655
2023-03-03,59.762107849121094,59.95976002118227,58.204613800046154,58.204613800046154,2941485
2023-03-06,59.904422760009766,60.02301527972738,59.50121663758244,59.888613238918275,1543597
2023-03-07,59.5644645690918,59.9439594501227,59.414252997569704,59.746307248555176,1336673
2023-03-08,59.39052963256836,59.904420478663944,59.26402934118946,59.58027403777082,1804184
2023-03-09,59.11381149291992,59.88861069454023,58.23624136077196,59.56445822320816,1935647
2023-03-10,58.52876281738281,58.69478992544221,57.12148025508952,57.31913243590298,2665376
2023-03-13,56.670833587646484,58.97150183832431,56.465273630447584,58.81338250624261,4137051
2023-03-14,57.57212448120117,57.706526510658904,56.322961305161336,57.01870081174839,2859137
2023-03-15,55.461204528808594,57.68281316648094,55.12124252803792,57.57212842500826,4519645
2023-03-16,55.62723159790039,56.354590193261686,54.38597611360508,56.19647085752784,4593018
2023-03-17,54.75756072998047,56.3150608477051,54.038103911390614,56.05415852677477,9158469
2023-03-20,54.662689208984375,55.034276291453814,52.9865964655419,54.42550416812886,2625711
2023-03-21,55.72210693359375,56.33087301247949,55.38214493238414,55.47701412127406,2673789
2023-03-22,56.26762008666992,56.7024572871621,55.73791370197271,55.82488114207114,1921978
2023-03-23,55.91184616088867,56.65502024159528,55.571884191189426,56.38621015696855,1650894
2023-03-24,55.06589889526367,55.658855438934424,53.61908348105922,55.658855438934424,3513012
2023-03-27,56.51271438598633,56.797327978017044,55.53235522284651,55.6351382176161,2052688
2023-03-28,56.83686065673828,57.5325941620307,56.71826814182577,57.32704023683927,1355205
2023-03-29,55.62723159790039,55.99091089558104,55.2082099295263,55.4058621151266,3853734
2023-03-30,56.062068939208984,56.283438422457564,55.643041238070154,56.11741131002113,2582982
2023-03-31,55.95928192138672,56.32296119371689,55.595602649056545,56.26761882688112,3241795
2023-04-03,55.66676712036133,56.07788103212675,55.38214747688284,55.983005807011814,3464723
2023-04-04,55.69047546386719,56.322958767333674,55.627225323960936,55.888127627175216,2396840
2023-04-05,54.101356506347656,55.998818695274934,53.94323717054789,55.888133953841894,3362207
2023-04-06,53.619083404541016,54.19623042691124,53.28702918820707,54.132980281362144,2319896
2023-04-11,54.45712661743164,55.01055634212944,54.09344732901838,54.31481680615116,2427777
2023-04-12,54.820804595947266,55.56397870730623,54.4729408681359,54.544092756143094,1983591
2023-04-13,55.17658615112305,55.484923085347596,54.654781473594625,54.86824921689849,1779787
2023-04-14,55.66676712036133,55.97510406215197,55.176587505066976,55.310989550080066,2400954
2023-04-17,54.74965286254883,56.06206620913436,54.6547776464056,55.99881606503887,2327453
2023-04-18,55.477012634277344,55.540262779752624,54.88405609214475,54.99474083079357,2710343
2023-04-19,55.82488250732422,55.82488250732422,54.99474093403384,55.445387665625965,2085092
2023-04-20,53.9432373046875,55.57979716493535,53.72186178940491,55.57979716493535,4028108
2023-04-21,54.7180290222168,55.49282822516308,54.00647996478978,55.026365941790864,4229716
2023-04-24,55.255645751953125,55.461205718468584,54.63106410775063,54.93149929693465,1951192
2023-04-25,55.15286636352539,55.461203283830116,54.85243118752989,55.25564332633834,2010841
2023-04-26,55.390045166015625,55.461203087608126,54.631061516268815,55.14495839224716,2143895
2023-04-27,55.390045166015625,56.18065388848512,55.07380650252052,55.540262753481905,2705371
2023-04-28,55.80116653442383,56.378307539029215,54.03810638332838,56.06997061177625,4484728
2023-05-02,54.9947395324707,56.56805519672957,54.9947395324707,56.29133732477445,3619970
2023-05-03,55.54026412963867,55.666764423663786,54.49666083139555,55.342611944123945,4057074
2023-05-04,55.548797607421875,56.89781705448792,55.079206682916364,56.77828434541059,4895234
2023-05-05,56.931968688964844,56.94050860054388,55.489029792173234,55.62564232126201,3347560
2023-05-08,56.931968688964844,57.52109882108335,56.795356159876064,57.19664732151946,2022023
2023-05-09,57.33325958251953,57.52963194961152,56.84658884949328,57.08565426023686,2778602
2023-05-10,57.76870346069336,58.016302267158984,57.06857402846695,57.70893059439163,2685946
2023-05-11,57.86261749267578,58.238295436073436,57.42717970996736,57.88823722757977,2752091
2023-05-12,57.9394645690918,58.31514251832368,57.80285203699145,58.20414320748114,2180549
2023-05-15,58.058998107910156,58.349289971708515,57.86261921871868,58.058998107910156,1655858
2023-05-16,57.546714782714844,57.85408647376073,57.20518995777006,57.79432011794871,2505551
2023-05-17,58.38344192504883,58.443208278978254,57.333260775425494,57.41864035046124,2414124
2023-05-18,60.193519592285156,60.35574534660245,58.750580655153286,58.82742683342509,3489030
2023-05-19,60.77410888671875,61.29493276077787,60.33866458738126,60.40697085277616,4060785
2023-05-22,60.961952209472656,61.13271137110043,60.56920092649321,60.80826635838988,1878847
2023-05-23,60.84241485595703,61.03025382785668,60.58626961899496,60.87656798848823,1754573
2023-05-24,59.69831085205078,60.53504635792011,59.40801898134864,60.40697373270974,2779971
2023-05-25,59.98006820678711,60.33013294156793,59.33117169478131,59.81784245027461,1966352
2023-05-26,60.99610137939453,60.99610137939453,59.903227182315256,60.36427819154729,2199584
2023-05-29,60.75703430175781,61.542536795175025,60.586268641855895,61.04732615252527,1509671
2023-05-30,60.79118728637695,61.45716365867656,60.53504854076438,60.6801944813493,1836543
2023-05-31,59.57024002075195,60.62042776224938,59.32264118901179,60.065450712321294,9349162
2023-06-01,60.244747161865234,60.432586141104935,59.706849960078664,60.03129496073726,1760173
2023-06-02,61.67914581298828,61.83283165736297,60.628964638131364,60.83387692594956,3128986
2023-06-05,61.50838851928711,61.81576021733371,61.17540359874402,61.73038063766396,1675542
2023-06-06,61.49984359741211,61.679142654326434,61.047325999383965,61.44861715659197,1293109
2023-06-07,61.875526428222656,61.960906007690554,61.064404138166715,61.551074906582535,2140621
2023-06-08,62.328041076660156,62.97693757481525,61.832830419803784,61.88406337626606,2603334
2023-06-09,61.98651885986328,62.678108431724226,61.98651885986328,62.38781004641417,1472053
2023-06-12,62.840328216552734,62.883021263420055,62.2682778671792,62.32804422436682,1922110
2023-06-13,63.50629425048828,63.50629425048829,61.901136100792534,63.17330934982823,2562255
2023-06-14,64.33448791503906,64.76139228941098,63.53191212076964,63.60021186999586,3412044
2023-06-15,64.18934631347656,64.22349944741136,63.65144911060303,64.17227300353129,2180019
2023-06-16,64.97484588623047,64.97484588623047,63.89051161798037,64.1466503397342,9064187
2023-06-19,64.49671936035156,64.82970428065877,64.19788757469694,64.57355902778659,1454192
2023-06-20,64.07835388183594,64.31741930670866,63.38676431526069,64.19788659427229,1844673
2023-06-21,63.224544525146484,64.53940435060086,63.16477816944401,64.30033892779097,2441517
2023-06-22,61.773067474365234,62.302431293392864,61.43154263996175,62.276818070770375,2615289
2023-06-23,61.49984359741211,61.99505423881959,60.893640162879706,61.99505423881959,2021890
2023-06-26,61.45716094970703,61.73891290605707,60.261827314070466,61.67914654997745,2108434
2023-06-27,61.32908630371094,61.79867722484301,60.85094895679233,61.627918074257536,2047053
2023-06-28,61.93528747558594,62.123126442738624,61.354697265315714,61.71329537676514,1666174
2023-06-29,62.310970306396484,62.703721580377106,62.09751810223022,62.24266403769265,1359574
2023-06-30,62.90009307861328,63.11354527978738,62.31096943292283,62.754947145185504,2983542
2023-07-03,62.85740661621094,63.583142798195375,62.66102772473447,63.13915857139824,1667671
2023-07-04,62.11458969116211,63.18185068241919,61.380313608053704,63.18185068241919,1704565
2023-07-05,62.81471252441406,62.84032574590969,61.431539937253234,61.644992135108936,2170925
2023-07-06,60.97902297973633,62.60980091573733,60.64603806860263,62.57564778202564,2696415
2023-07-07,61.43153762817383,61.43153762817383,60.51796251625252,60.919253675384624,2193616
2023-07-10,61.397396087646484,61.841373813035155,60.67165337096289,61.354703040531774,1165077
2023-07-11,61.798675537109375,61.832828669102554,61.00463313188869,61.72183587565763,1577401
2023-07-12,61.995052337646484,62.106045127367636,61.423002052551595,61.93528598717454,2075037
2023-07-13,62.157283782958984,62.37073598480425,61.423007687487726,61.84991209117826,2193914
2023-07-14,61.841365814208984,62.10604443276116,61.66206676479845,62.054817994084885,1403461
2023-07-17,61.918209075927734,61.977975429209714,61.33761885231257,61.499844602953914,1318088
2023-07-18,61.875526428222656,62.24266448257454,61.388855659806836,61.95236609553045,1476416
2023-07-19,61.38031768798828,62.14874695557951,60.94487335067915,62.06336737341261,1739005
2023-07-20,61.09855651855469,61.33762194373149,60.850951181323204,61.04733007431517,1984640
2023-07-21,60.79118728637695,61.23517153457669,60.150830651278696,60.24475014555001,2682292
2023-07-24,60.961952209472656,61.03879187799181,60.35574871743626,60.705806952986535,1834338
2023-07-25,60.808265686035156,61.388855948812264,60.62896661409516,61.388855948812264,1363722
2023-07-26,59.732460021972656,60.67164835444152,59.01526379086534,60.449662767123854,3825392
2023-07-27,62.08897399902344,62.293886277258736,58.716425492422374,59.68977347063874,4881783
2023-07-28,62.80617141723633,62.80617141723633,61.286392839675315,62.31096727830939,2522824
2023-07-31,62.020668029785156,62.92570323416725,61.94382836784807,62.84032366066697,1939953
2023-08-01,60.552120208740234,62.191431586746525,60.33013460470738,62.148745053991455,3075871
2023-08-02,60.66311264038086,60.83387178011109,59.47631903133797,59.80076400244286,1997851
2023-08-03,60.75703430175781,60.91071362460374,59.82637936891301,60.193517395147296,2051658
2023-08-04,61.04732894897461,61.28639436974451,60.50089184034508,61.04732894897461,1571767
2023-08-07,60.961952209472656,61.20101764136932,60.37282202798126,60.77411322325543,1545919
2023-08-08,60.00568389892578,61.22663079389105,59.40802031987053,60.654580437646096,2394838
2023-08-09,59.3397102355957,60.304511812356004,59.3397102355957,59.78368793520783,1733233
2023-08-10,60.04837417602539,60.39843239502398,59.698309442982634,59.82638206517009,1903057
2023-08-11,59.0067253112793,59.86053409134232,59.00672531127929,59.7580746926789,2450747
2023-08-14,58.77619171142578,59.1433297375368,58.53712630168723,58.87011119582934,1957208
2023-08-15,58.16999053955078,58.887193310723816,58.13583740625263,58.81034713229194,1639229
2023-08-16,58.298065185546875,58.87011553155851,57.92238722026432,58.058999758201374,1558031
2023-08-17,57.649166107177734,58.19560972069881,57.47840695635769,58.15291667597177,1978472
2023-08-18,57.22226333618164,57.333262649996975,56.684366133229695,57.28202969206519,2654962
2023-08-21,57.6662483215332,57.91385366031884,57.00881188412614,57.077118152903765,1734287
2023-08-22,57.879695892333984,58.2809870467215,57.726010056909914,58.058994947988104,1279950
2023-08-23,57.6662483215332,58.32367824489594,57.39302976046703,58.058999595938054,1797299
2023-08-24,57.19664764404297,58.47736079827439,57.102728158275816,58.144375899297735,1921427
2023-08-25,57.2051887512207,57.47840730260507,56.872203845284886,57.042962997133586,1411722
2023-08-28,57.57232666015625,57.83700529913648,56.87220371668913,57.71747259030385,1847514
2023-08-29,57.91385269165039,57.999232269172204,57.410102110396565,57.64063413515408,2263590
2023-08-30,57.64063262939453,58.246836082220845,57.46133356706934,58.22122286103782,1981494
2023-08-31,57.6662483215332,58.05045968382977,57.469869427308616,57.717474766094256,7356061
2023-09-01,56.23184585571289,57.88823694641866,55.98424053186195,57.837003990903476,3407902
2023-09-04,56.778282165527344,57.16249349937578,56.35991769981889,56.36845109725101,1721615
2023-09-05,57.12834930419922,57.136882701993216,56.27454051362295,56.522139330531246,1915375
2023-09-06,56.55629348754883,57.13688373621155,56.487993733739984,56.82097864696846,1868524
2023-09-07,55.75371551513672,56.73559039342599,55.75371551513672,56.38553218359406,2146909
2023-09-08,56.206233978271484,56.308686863662544,55.22435257099455,55.881782470415544,2258116
2023-09-11,56.54775619506836,56.87220117395911,56.22330470213382,56.5562895924291,2417449
2023-09-12,57.12834930419922,57.53817387581112,56.26600060178483,56.91489710655515,2676363
2023-09-13,57.077117919921875,59.33971258010151,56.83805249422035,57.042964785672474,3529751
2023-09-14,56.7441291809082,57.10272729530308,55.95008677672303,57.10272729530308,3030009
2023-09-15,57.384490966796875,57.96508123463388,56.98319977246248,57.43571741235635,4884518
2023-09-18,56.72705841064453,57.48694771688815,56.48799299034912,57.33326187326337,2471988
2023-09-19,57.06857681274414,57.48694781300477,56.65021232652767,56.727058505490625,1749962
2023-09-20,58.23829650878906,58.5285948833191,57.28202832345565,57.29056823524761,2661750
2023-09-21,57.57232666015625,58.03338418595812,57.10272922256802,57.71747259030385,1703195
2023-09-22,57.48694610595703,57.5808655918761,56.872202748684565,57.29056722247789,2017943
2023-09-25,56.67582702636719,57.435716353700506,56.240389219048765,57.18811752869717,2525595
2023-09-26,55.890323638916016,56.6587528668477,55.625644993645636,56.6587528668477,2379936
2023-09-27,55.71956253051758,56.53921817356907,55.60856322067964,55.77078897256954,1770969
2023-09-28,56.25746154785156,56.530680104440684,55.30973325473588,55.90740332567998,2121972
2023-09-29,56.25746154785156,56.633139505928185,56.026936037059954,56.36845434726319,2242431
2023-10-02,56.018394470214844,56.80389698294798,55.617103302132215,56.77828376184382,1800099
2023-10-03,55.43780517578125,56.189154568371954,55.4121919542449,55.84763626249517,1708507
2023-10-04,55.43780517578125,55.66833068365249,54.23393490824203,55.087740444000175,2371506
2023-10-05,55.00236129760742,55.53172509832626,54.891368498734,55.41219238752591,1629229
2023-10-06,54.515689849853516,55.36095872664373,53.567964830396434,55.00236059879868,3411439
2023-10-09,54.17416763305664,54.37054326121763,53.64480710249129,54.1997808541579,1704444
2023-10-10,55.16458511352539,55.50610992410327,54.54130510268944,54.583994889756184,2336447
2023-10-11,55.3694953918457,55.57440766516431,54.549839784527585,54.95967084520851,2216892
2023-10-12,55.65979766845703,56.03546911031278,55.395112511325635,55.796403688937986,1425955
2023-10-13,54.9169807434082,55.86470901506666,54.86575430084636,55.617103685944315,2178624
2023-10-16,55.241424560546875,55.36949717826949,54.396155706047914,54.95967261840985,1684499
2023-10-17,55.38657760620117,55.39511100384364,54.63522497187016,55.03651288154006,1555144
2023-10-18,54.797447204589844,55.745175461890845,54.797447204589844,55.497570136519556,1671117
2023-10-19,54.17416763305664,54.48153931435975,53.431354907922135,54.18270428774972,2859429
2023-10-20,52.94468307495117,53.82410836734729,52.73123087164509,53.75580209891872,4497505
2023-10-23,52.68000411987305,53.10690852399354,51.86888510063969,53.10690852399354,3481693
2023-10-24,52.53485107421875,52.74830326061752,52.16771305305111,52.47508472258884,2104956
2023-10-25,52.40678405761719,52.77392209518498,51.87742026664566,52.680002607850604,2615103
2023-10-26,49.384300231933594,50.16126609564483,48.761020210013335,49.9734271207843,8028344
2023-10-27,47.992591857910156,49.40991433538107,47.8389060133753,48.70979138006545,5563262
2023-10-30,47.45469284057617,48.18042898982972,47.190010950237294,47.82182761398279,3801648
2023-10-31,47.326622009277344,47.702296708469305,47.02779023230898,47.38638836467102,4005904
2023-11-01,47.787681579589844,48.274352355409796,47.249781101096445,47.69376208653297,3838016
2023-11-02,49.111080169677734,49.256226095222395,48.197505058832085,48.53902660794879,3882307
2023-11-03,49.43553161621094,49.93927894657658,49.41845504909422,49.700210263964685,4028205
2023-11-06,49.11962127685547,49.862437308989854,49.02570178380246,49.77705447120429,2340378
2023-11-07,48.55610275268555,49.17084609559282,48.3938802625392,48.82078463799771,2498745
2023-11-08,49.05131530761719,49.35868699107729,48.14627682376488,48.308502577269955,2257548
2023-11-09,48.914703369140625,49.45260052888672,48.82932054114944,49.1281555535858,2046433
2023-11-10,48.231658935546875,48.54756726903849,48.01820674267001,48.45364778304914,2751051
2023-11-13,48.3255729675293,48.69271098314839,47.99258808290311,48.547565061961315,2480912
2023-11-14,49.51237487792969,49.59775445707433,48.21458508139369,48.69271593583915,3412347
2023-11-15,50.11003875732422,50.195421594021525,49.606291420387805,49.76851718160159,2511199
2023-11-16,49.47822189331055,50.20395808930444,49.42699219145531,49.8026701576827,2201153
2023-11-17,50.03319549560547,50.16980477637827,49.41845536063893,49.60629108606268,2603266
2023-11-20,50.3149528503418,50.44302547316535,49.91366167204863,50.36618255087564,2028002
2023-11-21,49.65751647949219,50.46863543865593,49.64043991374937,50.169800423689345,2239459
2023-11-22,49.75997543334961,50.03319398665523,49.60628958998744,49.90512462186813,1687437
2023-11-23,49.725826263427734,49.947815119759156,49.631906773702944,49.86243554202141,1324102
2023-11-24,49.99904251098633,50.06734551861695,49.19646018642822,49.52090842948409,2059372
2023-11-27,49.82828140258789,50.07588673286168,49.56359950570673,49.947814111817436,1800473
2023-11-28,49.48675537109375,49.52090850347107,49.170847039158446,49.52090850347107,2082850
2023-11-29,50.6223258972168,50.835778102966216,49.49529851142166,49.52091173386449,3050584
2023-11-30,50.869930267333984,51.0406894230589,50.366182941092404,50.869930267333984,3589967
2023-12-01,51.348060607910156,51.36513717471857,50.767470364512626,50.94676943046778,1957079
2023-12-04,51.672508239746094,51.87742052493035,51.07484143675159,51.31390685514057,2116842
2023-12-05,52.466552734375,52.66292837248405,51.41636827473672,51.484671286807526,3039437
2023-12-06,53.25205612182617,53.77288003224928,52.4494769895319,52.68000576580224,2600586
2023-12-07,53.2264404296875,53.41427940690199,52.90199217550485,53.00445157599752,2073491
2023-12-08,53.678955078125,53.88387061074735,53.03006186269437,53.31181705590047,2934602
2023-12-11,53.8326416015625,54.0034040047606,53.33743421501215,53.75579868297446,2199996
2023-12-12,53.55088806152344,54.31077735939156,53.55088806152344,54.020482242080156,2164014
2023-12-13,52.71415710449219,53.456969853590465,52.654387491624355,52.88491626003874,2621757
2023-12-14,54.21685791015625,54.80598805698119,53.83264330505782,54.1314783343664,4322932
2023-12-15,54.95967483520508,55.770790590091394,54.61815001218404,54.65230314589056,6512480
2023-12-18,54.25101089477539,54.481539657203406,54.03755869886301,54.413233391140864,2444623
2023-12-19,53.96925354003906,54.353468151968336,53.91802709646323,54.003406673771025,1758153
2023-12-20,53.90948486328125,54.57545465726855,53.7131092383112,54.1058604882513,1880142
2023-12-21,53.5423469543457,53.60211330742646,53.00444977661888,53.277668321280046,1594417
2023-12-22,53.66188049316406,54.003405307800854,53.38866194426343,53.456968209999594,1656994
2023-12-27,53.50819396972656,53.80702899297731,53.26059190214642,53.50819396972656,1234302
2023-12-28,53.15813446044922,53.64480847296026,53.12398458378245,53.610655339271396,1318193
2023-12-29,53.40574264526367,53.58504172116906,53.15813729833398,53.19229043384613,748677
2024-01-02,54.071712493896484,54.45592384562506,53.15813408774626,53.57650182994631,1724329
2024-01-03,53.10690689086914,54.31077714318706,52.84222499592587,54.11440151417316,2310818
2024-01-04,53.20936584472656,53.6704233930495,53.14106283220957,53.294745424628346,2207718
2024-01-05,53.40574264526367,54.04609927951629,52.51778066408137,52.93614843154954,2345812
2024-01-08,54.26808547973633,54.31077526595561,53.055675357572724,53.363047029586646,1681104
2024-01-09,54.472999572753906,54.50715270567691,53.9863288281782,54.259547377518174,2111832
2024-01-10,53.75579833984375,54.69498666590541,53.75579833984375,54.42177138236314,2266784
2024-01-11,53.12398147583008,54.66937322908574,53.12398147583008,54.23393219960503,2415628
2024-01-12,52.38970947265625,53.38866422403942,52.23602362520928,53.2947447331527,2974285
2024-01-15,52.44093322753906,52.65438542059877,51.826193126302044,52.270174078708884,1911584
2024-01-16,52.32140350341797,52.44093621722251,51.83473273605825,52.236023924135345,2225382
2024-01-17,50.64793395996094,51.663965183293186,50.55401447787558,51.4419763450184,3506283
2024-01-18,51.0919189453125,51.510286692228526,50.238110141585366,50.47717556438189,2416672
2024-01-19,50.4686393737793,51.35660131951066,50.39179645045596,51.313908273313814,3089578
2024-01-22,50.6223258972168,51.27121916960526,50.494253270958275,50.724782044010304,2169356
2024-01-23,51.41636657714844,52.01403012686839,50.65647727219986,50.75039350356866,2735630
2024-01-24,51.851806640625,52.10794862234163,51.305369544423655,51.74081058763972,1859667
2024-01-25,51.01507568359375,51.783504904649185,50.71624390708446,51.740811859128925,2851011
2024-01-26,52.304325103759766,52.338478237085184,51.023611917255124,51.023611917255124,3214963
2024-01-29,52.83369064331055,52.83369064331055,51.87742242076419,52.37263309926378,2159220
2024-01-30,53.15813446044922,53.62773190611583,52.54339433916019,53.07275488324916,2006522
2024-01-31,53.66188049316406,53.807029679342406,52.970297466206475,53.05567704135466,3123530
2024-02-01,53.85826110839844,54.259549032909426,53.5765026387206,53.678958783593394,2449579
2024-02-02,54.934051513671875,55.60856120374889,54.38761769514545,54.64375966718099,3770724
2024-02-05,53.94363784790039,55.16458463821672,53.918024627285426,55.1133581969868,2387817
2024-02-06,54.6096076965332,54.763293534425785,54.071710520931134,54.43030863799918,1844561
2024-02-07,54.626686096191406,55.63418398787183,54.626686096191406,54.76329537256769,2028234
2024-02-08,55.5317268371582,55.728099219317315,54.59253517413461,54.9425966625921,1836118
2024-02-09,55.429264068603516,55.89032158844754,55.156045521367496,55.58294990855153,1751091
2024-02-12,56.052547454833984,56.35991913535932,55.64271637611887,55.70248272988524,1431014
2024-02-13,55.87324905395508,56.684364795235176,55.728096609626185,56.08670125050711,2324829
2024-02-14,55.95008850097656,56.17208060846205,55.48049757880979,55.60003028729181,1247134
2024-02-15,57.077117919921875,57.3503364798728,56.436761309345236,56.47945435566807,2872026
2024-02-16,57.529632568359375,58.08460957157956,57.486946038292565,57.51255925914145,2853188
2024-02-19,57.74308776855469,57.79432072696503,57.35033649564499,57.52110216693897,1774036
2024-02-20,57.01734924316406,57.57232625255444,56.73559078260593,57.46986685397584,2526297
2024-02-21,58.1187629699707,58.62251353379795,57.52109943394921,57.69185858308564,3552731
2024-02-22,60.850948333740234,61.679143885092394,60.07398573827438,60.57772978717453,7352263
2024-02-23,61.20101547241211,62.259736567881156,60.92779691506384,61.20101547241212,4349780
2024-02-26,60.927791595458984,61.38884909211257,60.424041056616794,60.927791595458984,2730537
2024-02-27,61.610843658447266,61.91820882117284,60.748494981174844,60.876567598836125,2467850
2024-02-28,62.66956329345703,62.74640295389801,61.80721463559351,62.19996587728289,3369399
2024-02-29,62.87447738647461,63.41237456724424,62.51587926596152,62.78055790052443,4241706
2024-03-01,63.25869369506836,64.09542922267826,63.070861222463,63.32699996549458,4126828
2024-03-04,62.95985794067383,63.395302244670575,62.78055887762672,63.02816420679961,1924498
2024-03-05,62.97693634033203,63.01108947262273,62.04628139903142,63.01108947262273,1782226
2024-03-06,62.19997024536133,63.04523913979118,62.1487438014699,62.90863311806594,2513190
2024-03-07,61.81576156616211,61.94383419548349,60.67165432868088,61.687688936840736,2665450
2024-03-08,61.94383239746094,62.33658367234692,61.50838807602556,61.81575977185708,2024985
2024-03-11,61.81576156616211,61.90114114769486,61.48277663835324,61.79868174142885,1915139
2024-03-12,62.601261138916016,62.746407071970815,61.627919625186784,61.892598269468394,3658094
2024-03-13,61.89259719848633,62.43903430150886,61.679145001554275,62.31950159235044,2930477
2024-03-14,61.93528747558594,62.712250050393024,61.62791580461677,61.901134343917825,3021335
2024-03-15,62.41341781616211,63.16477367905838,62.063359618803055,62.22557885043804,7718621
2024-03-18,62.635414123535156,63.13062479117783,62.42196192341789,62.652487433365096,1790934
2024-03-19,63.30992126464844,63.37822752925899,62.57564520519475,62.874476970311036,2524749
2024-03-20,63.01109313964844,63.2245453433545,62.68664162102686,63.2245453433545,1631620
2024-03-21,62.61833572387695,63.62583039190708,62.362196986337025,63.583143859339266,2452128
2024-03-22,62.754947662353516,62.87448037487255,62.29389012233254,62.61833512573503,1735721
2024-03-25,62.94278335571289,62.98546988564346,62.626871766815746,62.823250649436986,1377705
2024-03-26,62.712257385253906,63.21600799372269,62.601264579883626,62.98547595651076,2053627
2024-03-27,62.77202224731445,63.02816750165431,62.1914319829826,62.712255889841074,2007814
2024-03-28,63.019622802734375,63.26722812604403,62.63541146445203,62.85740356708205,2523071
2024-04-02,62.72933578491211,63.37823231967108,62.62687638025193,63.352612582972725,2459790
2024-04-03,63.10501480102539,63.19892778096562,62.49027139095951,62.91717581305586,2693400
2024-04-04,64.26618194580078,64.57355361787836,62.994008728284264,63.13915465286428,3037790
2024-04-05,63.78805160522461,63.84781795779475,63.181848168000684,63.429453489803784,2919782
2024-04-08,65.41029357910156,66.12748985411858,64.06981400542465,64.07835391747322,4060772
2024-04-09,65.04315948486328,65.48713722772322,64.84678058006996,65.23099847708872,1879793
2024-04-10,64.88947296142578,66.05065352501697,64.34303581550577,65.65790223351475,2440713
2024-04-11,64.66747283935547,65.09437721394806,64.12957567242455,64.93215798115267,2083716
2024-04-12,64.35157012939453,65.37613806034592,63.899046003946225,65.20537890986871,2761599
2024-04-15,65.09437561035156,65.84573146011297,64.47963228383537,64.47963228383537,2436821
2024-04-16,63.702674865722656,64.12957926422553,63.318463512687735,64.12957926422553,3364354
2024-04-17,63.523372650146484,64.21495565693395,63.38676012265848,63.66851857506961,1863829
2024-04-18,63.87343215942383,64.15519061760112,63.566060480329305,63.87343215942382,1799323
2024-04-19,63.301387786865234,63.48068686415854,62.74641073007476,63.36969405841828,2620156
2024-04-22,63.344078063964844,63.95028154087805,62.63541518420439,63.93320171671469,2146207
2024-04-23,63.224544525146484,63.847821304037375,62.52442156661286,63.77951503636477,2305021
2024-04-24,63.19892120361328,63.55752583152671,62.98546901477988,63.30992051079471,2223226
2024-04-25,62.51588439941406,63.489225957328614,61.78160827480561,63.489225957328614,2689932
2024-04-26,63.48922348022461,63.85636152820452,62.550035094289356,62.87448009625412,2632815
2024-04-29,63.856361389160156,64.2747258802119,63.62582936365107,64.03566045675376,2456200
2024-04-30,60.56919860839844,63.0025523957098,60.11668098476351,62.50734172627964,8393648
2024-05-02,60.543582916259766,61.42300490578828,60.31305090084234,60.62042257870294,3280527
2024-05-03,61.11563491821289,61.94383048901817,60.56065790039083,61.11563491821289,2609686
2024-05-06,61.926753997802734,62.51588418070638,61.303477193727254,61.713301788234105,2735872
2024-05-07,62.58418273925781,62.908627712766666,61.84136679643583,62.34511082220302,3251924
2024-05-08,61.96090316772461,62.68663933100431,61.4486192003533,62.592719843681095,4055379
2024-05-09,62.90630340576172,63.33887165814908,62.436920087026934,63.18241289248946,3430145
2024-05-10,62.75905227661133,63.256045156412426,62.46453875766507,63.18241502123682,4129482
2024-05-13,62.91551208496094,63.062765335984054,62.15161521886943,62.51975887906165,3638292
2024-05-14,63.808258056640625,63.96471682985185,62.933915987639246,63.07197073766644,3616857
2024-05-15,63.504539489746094,64.54453884051401,63.5045394897461,63.96471731213556,3804493
2024-05-16,62.87869644165039,63.44931946081698,62.53816233027992,63.32047023419166,3444772
2024-05-17,62.639400482177734,63.37568777785212,62.53816080347861,62.81427029479551,3298305
2024-05-20,61.783470153808594,63.136394036741564,61.7190455413716,63.05356540150377,3137023
2024-05-21,61.488956451416016,61.59019613090566,61.15762786795099,61.47975795092139,3152633
2024-05-22,60.522586822509766,61.04718923884388,59.54700510203738,60.46736071116782,4205029
2024-05-23,60.476566314697266,60.84470996319584,60.10842266619869,60.58701151577365,3251540
2024-05-24,60.771080017089844,61.037983987532854,59.85992992609893,59.92435453815372,3457306
2024-05-27,61.0103759765625,61.29568397687045,60.65143784012468,60.93674584043263,2876501
2024-05-28,61.093204498291016,61.65462199715015,60.85391708895413,61.24967029271128,2770712
2024-05-29,60.25568389892578,60.964354640681805,60.145238696081286,60.88152600486556,3414908
2024-05-30,60.679046630859375,60.80789585660559,59.95196484457366,60.163649727874535,3371431
2024-05-31,61.11161422729492,61.31409358603264,60.43975153891578,60.8631142791146,4258600
2024-06-03,61.04719161987305,61.75586237697117,61.04719161987305,61.46134885143274,3259641
2024-06-04,60.3109016418457,61.13001756814339,59.9243539731615,60.872319122353915,3371598
2024-06-05,60.3569221496582,60.84470949592642,60.16364831557585,60.33851110540883,2829994
2024-06-06,60.540992736816406,60.7710816462885,60.09002044034286,60.421349031723175,2822962
2024-06-07,59.924354553222656,60.55940217346248,59.54700538126679,60.37532683771959,2832694
2024-06-10,60.30169677734375,60.30169677734375,59.169663303600615,59.62984111088783,3433214
2024-06-11,60.20046615600586,60.614623387870566,59.78630190238482,60.38453447644432,2618452
2024-06-12,59.65745162963867,60.43975251044529,59.10523965623142,59.89674605942575,4045755
2024-06-13,58.58063507080078,59.436566055674135,58.36895019421664,59.28010728962617,4129584
2024-06-14,58.16647720336914,58.62665502378997,57.73390892869254,58.534617353178916,4296952
2024-06-17,58.525413513183594,58.82912903951643,58.05603369580447,58.40576630056616,3286072
2024-06-18,58.46099090576172,59.07763101266183,58.25851154067837,58.91196671593513,3348931
2024-06-19,58.746299743652344,58.930368055295965,58.36895057650014,58.53461486568179,3502734
2024-06-20,59.215675354003906,59.36293561900552,58.68187093688489,58.819925679884925,3434677
2024-06-21,58.589839935302734,59.335329268043054,58.46099070736992,59.29851419981135,7796754
2024-06-24,59.39975357055664,60.26489011507472,58.783113468982386,58.79231899143112,5794098
2024-06-25,59.64824676513672,60.016390425387364,59.31691817308676,59.48258246911174,3803385
2024-06-26,59.13284683227539,59.786298460496056,58.893555922954434,59.57462060635372,3783208
2024-06-27,58.37815856933594,59.22488407354196,58.23090180726193,59.06842529984751,2913012
2024-06-28,59.42736053466797,60.016387554187276,58.99479228119936,59.53780573398632,4116238
2024-07-01,59.63904571533203,60.596209360614154,59.620634671140465,60.34771643807583,3180533
2024-07-02,59.574623107910156,59.694266812155526,58.95797949836004,59.565417585504754,2190700
2024-07-03,60.09922409057617,60.301696426328846,59.639046285967645,59.740285964722005,2660206
2024-07-04,60.68825149536133,61.00116903399417,60.301696800556634,60.3569229122465,1860262
2024-07-05,60.25568389892578,60.97356016302456,59.98877992503539,60.605416508632416,1852800
2024-07-08,60.18205261230469,60.67904548296227,59.979573255175,60.090018455906474,1568407
2024-07-09,58.120460510253906,59.10524077163726,57.84435100746157,58.7555046427443,5259368
2024-07-10,58.85674285888672,59.04081468586831,57.69709280651734,58.194085686104216,2319816
2024-07-11,58.90275955200195,59.188067546620005,58.26771543949803,59.01320475399416,1896878
2024-07-12,59.620635986328125,59.657451053767396,58.902759725652714,59.068424018251356,2221246
2024-07-15,59.32612228393555,59.49178657601861,59.03160876709411,59.445765986423716,1287932
2024-07-16,58.48859786987305,59.06842288282275,58.12965974643494,59.02240229396925,2288680
2024-07-17,58.304527282714844,58.562229244419406,57.973202207742816,58.267715726081114,1859231
2024-07-18,59.270904541015625,59.64824670159727,58.66346995986382,58.97639101748009,2303093
2024-07-19,58.470191955566406,59.03160945069615,58.43338039869349,58.81072606594621,2626148
2024-07-22,59.13284683227539,59.70346982759408,58.69107656907504,58.70027858021593,1922287
2024-07-23,58.87514877319336,59.64824410566996,58.48859759607707,58.902758317673815,1924445
2024-07-24,58.405765533447266,58.58983735562305,58.09284448901183,58.184882155538716,2087885
2024-07-25,57.945587158203125,58.17567605591919,57.200101376564966,57.522224429016276,3069525
2024-07-26,58.00081253051758,58.40576774594219,56.14169372678426,56.5374469306466,3428669
2024-07-29,56.97001266479492,58.29532345604911,56.82275591021112,58.102049623947494,3162545
2024-07-30,56.721519470214844,57.24612190778831,56.528242116205014,56.933200847579734,2366200
2024-07-31,56.28894805908203,56.96080722223788,56.022044093877135,56.61107111303416,3191732
2024-08-01,54.69673538208008,55.810364851979244,54.04328372726766,55.53425886510282,5011332
2024-08-02,53.65673065185547,54.770360082630305,53.27938499717648,54.66912391600549,4403507
2024-08-05,52.38663864135742,52.81920689332558,51.45708103769248,52.46026877398092,5512461
2024-08-06,52.07372283935547,52.84681819230369,51.82522639981722,52.616729286532504,4381209
2024-08-07,53.233367919921875,53.684343707653355,52.23938218902538,52.27619725554999,3979891
2024-08-08,53.417442321777344,53.42664433341397,52.6995625333852,53.00328158056613,3170892
2024-08-09,53.20576095581055,53.80399001689707,52.892839896931484,53.39903479812104,2833651
2024-08-12,52.902042388916016,53.41744281730196,52.68115899880645,53.343812680013315,1827038
2024-08-13,52.86522674560547,53.16894579230229,52.58912075553081,52.984873961959806,1468641
2024-08-14,53.62912368774414,53.79478798419632,52.93885695615277,53.168945866683224,2321824
2024-08-15,54.843990325927734,55.12009630365896,53.52788153750162,53.748768426213395,3524580
2024-08-16,55.304168701171875,55.54345961479446,55.04647025405863,55.12930239932761,2706255
2024-08-19,55.86558532714844,56.20611591430425,55.405407529578646,55.41460954074373,1919994
2024-08-20,56.10487747192383,56.427004043839226,55.85638103446157,56.06806240469726,1534133
2024-08-21,56.93320083618164,56.99762545054596,55.83797537023182,55.91160550715,2094335
2024-08-22,56.70310974121094,57.08965741251241,56.601870062285876,56.97001371094464,1466942
2024-08-23,57.14488220214844,57.33815604520299,56.88718374474235,56.942402836541845,1568220
2024-08-26,57.34735870361328,57.64187221476203,56.979215059238356,57.07124921489309,1134116
2024-08-27,57.577449798583984,58.20329191135279,57.3749704353711,57.52222719655916,1456113
2024-08-28,57.19089889526367,57.853556079398736,57.126474281348116,57.67868626087524,1525711
2024-08-29,57.41178512573242,57.844349884008004,57.09886407140641,57.246120831625824,1589038
2024-08-30,57.374969482421875,57.65107546620385,57.255322268794394,57.485411173759054,5031257
2024-09-02,57.02523422241211,57.577449709168384,55.99443689569643,57.540634641209,1814966
2024-09-03,56.049659729003906,57.08045705997463,55.85638237685841,56.90559075276294,2112431
2024-09-04,55.12009811401367,55.52505683813932,54.70593737837521,55.12930363640458,2125959
2024-09-05,55.25815200805664,56.06806242202312,54.650717442142756,54.77956666659751,2087484
2024-09-06,53.7947883605957,55.16611631086057,53.527884379902105,55.138506764884745,3629612
2024-09-09,53.60151290893555,53.9604510393657,53.260978801351705,53.90522843819257,2115513
2024-09-10,50.987701416015625,53.527881315853755,50.518318096025965,53.38062456094833,6553320
2024-09-11,51.245399475097656,51.539912982699995,50.53672525028018,51.16256733165463,2739115
2024-09-12,51.2361946105957,52.05531404443372,50.923277076770965,51.87124222210071,2145779
2024-09-13,52.220977783203125,52.40504609271865,51.44787894625284,51.44787894625284,2445525
2024-09-16,52.03690719604492,52.24858856570683,51.733188158566065,52.18416395367399,1736912
2024-09-17,52.616729736328125,52.98487339306033,51.98168561488708,52.092127307555494,2265617
2024-09-18,53.02168655395508,53.178145320368365,52.54310122176703,52.690357976988125,1880169
2024-09-19,54.310184478759766,54.81638288673273,53.64753080893009,53.8776197176894,3205218
2024-09-20,50.610355377197266,51.15336531507051,49.74521887668989,50.435485568348525,0
2024-09-23,51.622745513916016,51.622745513916016,49.89247601059662,50.43548595260695,3480241
2024-09-24,52.303810119628906,52.94805622706387,52.184162909300426,52.56150856260289,3628476
2024-09-25,51.429473876953125,52.52469581890224,51.374251274926145,52.11974060333878,3152780
2024-09-26,53.11372375488281,53.37142572445461,51.760803335863145,51.80682041621869,3640198
2024-09-27,54.751956939697266,54.95443278707714,53.334608453647924,53.37142352076356,4089075
2024-09-30,53.417442321777344,54.448239658108896,53.30699711686892,54.383815044018064,4211463
2024-10-01,52.920448303222656,53.63832456542017,52.59832523964123,53.51868086230596,2462388
2024-10-02,52.78239440917969,53.51868172792273,52.708767783832265,52.93885669321993,1687377
2024-10-03,52.202571868896484,52.377438172710086,51.53991469928188,52.303811548796276,2392141
2024-10-04,52.754783630371094,53.09531422525893,52.05531490696931,52.266996277352455,2500725
2024-10-07,53.076908111572266,53.11372317980937,52.46027151755237,53.003281485976196,1294709
2024-10-08,51.94486999511719,52.5431025532312,51.558322319445786,52.07372273121906,2938069
2024-10-09,52.460269927978516,52.5154925286609,51.641153994352315,52.09212627851868,1986078
2024-10-10,52.64434051513672,53.05850123332336,52.15654966443779,52.4142516173528,1750213
2024-10-11,53.214962005615234,53.214962005615234,52.23938377830108,52.469472684762884,2454087
2024-10-14,53.15974044799805,53.47266150736577,52.85602491116129,53.43584994987639,1484578
2024-10-15,52.70876693725586,53.27938644032645,52.11973990042453,53.23336936136364,2866690
2024-10-16,52.24858856201172,52.56150961081112,51.83442783405986,52.368235774726266,2841983
2024-10-17,52.36823654174805,52.791599287242796,51.83442859326312,52.27619887258957,1716231
2024-10-18,52.73637771606445,53.767175054631636,52.395847110720304,52.40504912237689,2523894
2024-10-21,52.460269927978516,53.01248189129023,52.377437782393955,52.5339000622217,1158864
2024-10-22,52.81000518798828,52.91124486549285,52.17495757850615,52.29460478927319,1487786
2024-10-23,52.94805908203125,53.99726395457345,52.92044953618903,53.15974045887063,1907256
2024-10-24,53.71195602416992,54.92682519515722,52.948059153310695,52.95726467585594,3311420
2024-10-25,53.18735122680664,53.45425519472307,51.6319480082356,52.018499187783185,3687573
2024-10-28,52.856021881103516,53.767171950258785,52.220977787120205,53.68434331749736,2070594
2024-10-29,52.41425323486328,53.20575962940643,52.09212666149815,52.73637629735035,2382145
2024-10-30,51.908058166503906,52.04610940242961,51.20858593198602,51.81602049834205,3051700
2024-10-31,51.26380920410156,51.94487040302644,51.26380920410156,51.392658430337185,2542253
2024-11-01,51.26380920410156,51.26380920410156,51.26380920410156,51.26380920410156,0
2024-11-04,51.7055778503418,52.25778980557912,51.44787940601478,51.48469096172008,1396147
2024-11-05,51.447879791259766,51.871242527503746,51.09814367785569,51.77920486035635,1790790
2024-11-06,48.13459777832031,50.57354155309819,47.77565965158291,49.89247685581535,8329078
2024-11-07,49.48752212524414,49.85566226684033,48.21743038617382,48.3738926672827,4287603
2024-11-08,48.1898193359375,49.23902414857794,47.84008322809803,49.23902414857794,4468599
2024-11-11,48.64079284667969,48.742032526066595,47.7296427539536,48.668405902525784,3562640
2024-11-12,47.91371536254883,48.91690313970139,47.7388455458838,48.03335906661867,3689097
2024-11-13,47.34309005737305,47.63760356388253,46.70804596725159,47.46273726654188,4424408
2024-11-14,48.29106140136719,48.48433524254443,47.27866809404605,47.49034946927038,3244383
2024-11-15,48.73283004760742,49.11937771696731,47.77565937460484,47.79406690803312,2563264
2024-11-18,49.248226165771484,49.62557181792334,48.85247649135873,48.85247649135873,2090824
2024-11-19,48.65919876098633,49.41389005927453,47.95052453973952,49.13778408614825,3136359
2024-11-20,47.75725173950195,48.852477155445925,47.70203265021268,48.778847021889554,2007152
2024-11-21,47.720436096191406,47.76645668454715,46.919727713268635,47.75725116252482,2658294
2024-11-22,48.10698699951172,48.180613620885154,46.91972744854275,47.75725089307354,2463554
2024-11-25,48.62239074707031,48.889291217700034,48.125397852720035,48.585575678404766,3843923
2024-11-26,48.11619186401367,48.337078762989016,47.508757280429165,47.876900941762024,2307727
2024-11-27,48.16221237182617,48.20822945169393,47.77566117700512,47.95973300735428,1536542
2024-11-28,48.16221237182617,48.16221237182617,48.16221237182617,48.16221237182617,0
2024-11-29,48.74203109741211,48.751236619383675,48.12539453867931,48.20822668203365,2202011
2024-12-02,49.10097122192383,49.48752241033649,47.987341757546886,48.15300605102687,2624190
2024-12-03,47.85849380493164,48.622390679731886,47.85849380493164,48.41070579063727,3639208
2024-12-04,48.8156623840332,49.340264800723496,47.932121841278814,47.950525863901255,2577322
2024-12-05,49.12858200073242,49.3218558305405,48.69601375326661,48.7880479072101,2540821
2024-12-06,49.49672317504883,49.82805175366306,48.99973381800547,49.036545373835274,2344966
2024-12-09,51.09814453125,51.34664097038111,49.975309549445306,50.09495676329615,3067587
2024-12-10,51.09814453125,51.09814453125,51.09814453125,51.09814453125,0
2024-12-11,51.25460433959961,51.908059512418916,51.015313417930365,51.806819830254874,2306885
2024-12-12,51.779205322265625,51.93566760237295,51.134959200876764,51.134959200876764,3000150
2024-12-13,52.02770233154297,52.671951970893836,51.89885310584841,51.89885310584841,2466855
2024-12-16,50.02132797241211,51.96327894785953,49.53354060335063,51.74239555883772,4845517
2024-12-17,49.74522018432617,50.42628488278524,49.588761415325514,49.59796342666989,2274637
2024-12-18,49.64398193359375,50.417080811253726,49.62557439949731,50.15938235565978,2496036
2024-12-19,49.2114143371582,49.99371518138802,48.926102841406724,49.01813699571213,2145399
2024-12-20,49.19300842285156,49.229823490136326,48.47512865431085,48.87088185042694,5432634
2024-12-23,48.521148681640625,49.18380233069796,48.27265224666487,49.16539479726887,1754633
2024-12-27,49.28504180908203,49.386281487092134,48.41990880669405,48.52114848470416,1997845
2024-12-30,49.515132904052734,49.56114998403903,48.83407169414805,48.907698319950484,809960
2025-01-02,48.66840744018555,49.653187698444256,47.86769550203346,49.331061116501346,2393516
2025-01-03,48.27265167236328,48.84327115836447,48.05176478472006,48.52114810438267,1477736
2025-01-06,50.012123107910156,51.208584677683724,48.65919926153285,48.76964446062183,4114191
2025-01-07,49.993717193603516,50.1041588853908,49.018138968661226,49.699203674918685,2438201
2025-01-08,49.06415939331055,50.0673471601017,48.7236252858896,49.70840551896518,2450937
2025-01-09,48.83407211303711,48.94451380812718,48.19902446679325,48.74203444139689,1767039
2025-01-10,50.656375885009766,51.24540294004134,48.29106214227963,48.677609830564776,4544291
2025-01-13,51.03371810913086,51.77000187811062,50.71159154647362,50.84044427806329,2274840
2025-01-14,51.125755310058594,52.09212803385679,51.125755310058594,51.245402526796475,1945433
2025-01-15,51.81602096557617,52.02770233794013,50.81283319427339,51.30062406273458,2285596
2025-01-16,50.766815185546875,52.18416366416217,50.766815185546875,52.18416366416217,2714974
2025-01-17,50.702392578125,51.47549145966848,50.555135815491866,50.82203979491384,2591836
2025-01-20,51.88044357299805,52.368234422603734,50.25141375903352,50.822036752090895,3039528
2025-01-21,51.88044357299805,51.88044357299805,51.88044357299805,51.88044357299805,0
2025-01-22,51.77000427246094,51.898853499131896,50.840446629421784,51.26380937730583,1779763
2025-01-23,51.37424850463867,52.20256993598658,51.11655006416507,52.147347336937415,1806095
2025-01-24,51.37424850463867,51.37424850463867,51.37424850463867,51.37424850463867,0
2025-01-27,53.03089141845703,53.076908498649935,52.00929608813498,52.506288980325955,2550047
2025-01-28,53.785579681396484,54.54947651009172,53.573898315956086,53.84080228098536,2746931
2025-01-29,54.06169128417969,54.14452343136567,53.25177734623654,53.85000639957698,2181761
2025-01-30,54.60470199584961,54.7243457016324,53.85000713842362,54.18133573171353,1686811
2025-01-31,54.227352142333984,54.67832794671815,53.95124615495993,54.60470132182819,2123543
2025-02-03,52.65354537963867,52.76399058439228,51.34664205462431,52.05531631950829,4036531
2025-02-04,52.773189544677734,52.773189544677734,51.595135515779354,52.23017960744277,2029163
2025-02-05,52.138145446777344,52.708764928097,51.59513550960734,52.487878042266,2447225
2025-02-06,52.9388542175293,53.16894311615683,51.61354342535075,51.92646095704134,2167318
2025-02-07,52.34982681274414,53.518678830458015,52.03690577248312,53.10451811380697,1998129
2025-02-10,52.34982681274414,52.34982681274414,52.34982681274414,52.34982681274414,0
2025-02-11,52.62593460083008,53.14133501163631,52.30381153837497,52.90204058448846,1978418
2025-02-12,53.3806266784668,53.684345722376115,52.73637703362002,52.975671464132475,2687822
2025-02-13,56.2613410949707,56.40859785651346,54.107708763109045,54.107708763109045,5139254
2025-02-14,56.43620681762695,57.08965847077506,55.589481325245416,55.69992301753907,2945013
2025-02-17,56.601871490478516,56.87797747850035,56.35337504799543,56.51903934298415,1824490
2025-02-18,57.25532150268555,57.27372903614179,56.29815082822933,56.868773832738626,2093787
2025-02-19,56.30735778808594,57.08965867012132,55.8195704271141,56.96080944351578,2745015
2025-02-20,54.88080596923828,55.93001080216926,54.18133374003228,54.61390199991288,3990432
2025-02-21,54.11690902709961,55.08328171294677,53.26097803112348,54.89921340012104,4007361
2025-02-24,54.89921569824219,55.193729224145535,54.466647421062454,54.85319510723128,2407404
2025-02-25,55.86558532714844,56.086468703890276,54.485051934439056,54.62310316718321,2098724
2025-02-26,56.537445068359375,56.67549981339304,55.72753115330978,55.782753753498845,1974930
2025-02-27,55.20293045043945,55.88399516370017,54.945231996659885,55.07408122354967,2725518
2025-02-28,55.0096549987793,55.239743900307964,54.10770692609228,54.50346011759183,4157028
2025-03-03,55.89319610595703,57.3289521300004,54.51266268275773,54.76115912023897,3357936
2025-03-04,53.20576095581055,54.991249638309824,52.41425454153537,54.87160242174126,5040808
2025-03-05,54.843990325927734,56.169301125564424,54.38381252608302,54.74275064822142,0
2025-03-06,57.33815383911133,57.862756256291384,55.91160334483437,55.95762042318949,4775007
2025-03-07,55.86558532714844,57.20010164227643,55.304167852372814,56.66629371187404,2864015
2025-03-10,57.02523422241211,57.35656281229025,55.68151583979798,56.82275837039178,3613491
2025-03-11,55.920806884765625,58.13886382654282,55.46062906687926,56.9608097362347,4046164
2025-03-12,55.681514739990234,56.34417190665788,55.20292939860562,56.19691514860707,1824873
2025-03-13,54.96363830566406,55.51585026884985,54.08929977155486,55.037264929012416,2758884
2025-03-14,55.193729400634766,56.08647199287474,54.0432848392467,54.586294812657,2933762
2025-03-17,55.193729400634766,55.193729400634766,55.193729400634766,55.193729400634766,0
2025-03-18,56.399391174316406,56.64788761259967,55.3409843196411,55.55266569057616,2910571
2025-03-19,55.17531967163086,56.279747108808074,54.96363830206092,55.736737156997165,2214608
2025-03-20,53.831600189208984,55.239743123275765,53.30699427109524,55.21213357896166,3393659
2025-03-21,53.71195602416992,54.20894891526786,53.10452143867627,53.99726402726535,7410891
2025-03-24,53.71195602416992,53.71195602416992,53.71195602416992,53.71195602416992,0
2025-03-25,54.531070709228516,54.84399176175035,54.12611549867947,54.466646096433855,2203636
2025-03-26,53.408233642578125,55.04646897644394,53.26097688894863,55.037263454473255,2140217
2025-03-27,51.97248458862305,52.06451874911176,50.38947174989421,51.355844478538465,4804005
2025-03-28,51.3098258972168,52.0921267711191,51.02451439064352,51.53991480258548,2572723
2025-03-31,49.87406921386719,50.794424823348336,49.285042185539744,50.7392057337414,3831087
2025-04-01,49.910884857177734,50.36186065581724,49.450707047123494,50.36186065581724,2580527
2025-04-02,49.671592712402344,49.94769868943142,49.00893555883016,49.423096279812775,2147529
2025-04-03,47.637603759765625,49.7452189019788,47.41672038441422,48.03335694405467,4681619
2025-04-04,45.15724563598633,47.490346909823145,44.45777693428478,47.39831275542592,7911418
2025-04-07,45.13883972167969,47.36149938777225,41.96821488996405,42.02343749110952,9597233
2025-04-08,44.46697998046875,46.02698245669739,44.46697998046875,45.81990384904432,5421050
2025-04-09,42.906978607177734,44.508398952628816,42.290342018580056,43.13706751531922,5711669
2025-04-10,43.804325103759766,47.18663116968008,43.74910250485439,47.14981610374317,5310883
2025-04-11,44.356536865234375,44.628043586795044,43.210695152006714,44.46237930164431,4095267
2025-04-14,45.33671569824219,45.576010122376665,44.79830851025665,45.207866474882714,3063537
2025-04-15,46.146629333496094,47.085392469064345,45.83370828830668,46.477957912035244,2536682
2025-04-16,46.3767204284668,46.3767204284668,45.16645401819912,45.631234602357424,2300494
2025-04-17,46.229461669921875,46.726454539792456,45.84291400060788,46.211054136495775,0
2025-04-22,47.324684143066406,47.481146423620096,46.16503761038012,46.89211939045385,2481265
2025-04-23,48.78805160522461,49.24822943157823,47.95052810169614,48.116192400053706,3151849
2025-04-24,49.52433776855469,49.542745302480256,48.49353693399145,48.64999921691973,1649627
2025-04-25,50.24221420288086,50.45389557740554,49.699204238359954,49.99371776038369,3250409
2025-04-28,50.591949462890625,51.14416142953532,50.545928873271855,50.665576086700156,2364594
2025-04-29,49.64398193359375,50.18699190136538,49.03654735192364,50.0949577417613,4119468
2025-04-30,48.29106140136719,50.03973500530312,47.968934821860316,48.69601661776876,4467210
2025-05-02,49.054954528808594,49.48752279972979,48.21743104334887,49.285043437021464,3648200
2025-05-05,49.6347770690918,49.883273498793585,48.861678235867764,49.23902388596057,2565587
2025-05-06,49.80964660644531,50.140975200931884,48.80645881130683,50.03053350639575,3213196
2025-05-07,49.69000244140625,50.545929954755586,49.38628339563863,50.00292349876767,4351646
2025-05-08,50.869998931884766,50.869998931884766,49.7599983215332,50.5,5007933
2025-05-09,51.06999969482422,51.91999816894531,50.849998474121094,51.29999923706055,3084685
2025-05-12,52.86000061035156,54.5099983215332,52.04999923706055,52.11000061035156,6323066
2025-05-13,53.939998626708984,54.029998779296875,53.040000915527344,53.13999938964844,2144270
2025-05-14,53.939998626708984,53.939998626708984,53.939998626708984,53.939998626708984,0
2025-05-15,53.22999954223633,53.939998626708984,52.91999816894531,53.5,2198848
2025-05-16,52.5,53.47999954223633,52.41999816894531,53.2599983215332,2190499
2025-05-19,52.72999954223633,52.95000076293945,52.45000076293945,52.459999084472656,1071382
2025-05-20,53.25,53.54999923706055,52.06999969482422,52.61000061035156,2372821
2025-05-21,53.22999954223633,53.22999954223633,52.31999969482422,53.06999969482422,1568501
2025-05-22,52.63999938964844,53.150001525878906,52.16999816894531,52.72999954223633,1532043
2025-05-23,50.540000915527344,52.900001525878906,49.92499923706055,52.5,4321619
2025-05-26,51.59000015258789,51.810001373291016,51.22999954223633,51.61000061035156,1592755
2025-05-27,51.599998474121094,52.04999923706055,51.290000915527344,51.5099983215332,1826319
2025-05-28,53.0,53.119998931884766,51.5,51.68000030517578,3367146
2025-05-29,52.779998779296875,53.90999984741211,52.709999084472656,53.630001068115234,1289091
2025-05-30,52.59000015258789,53.25,52.560001373291016,52.72999954223633,2502038
2025-06-02,51.18000030517578,52.029998779296875,50.79999923706055,51.84000015258789,2558685
2025-06-03,51.790000915527344,51.790000915527344,50.599998474121094,51.18000030517578,2064919
2025-06-04,51.540000915527344,52.029998779296875,51.08000183105469,51.86000061035156,1818432
2025-06-05,51.560001373291016,52.02000045776367,50.959999084472656,51.63999938964844,1833987
2025-06-06,51.349998474121094,51.709999084472656,51.06999969482422,51.15999984741211,1316652
2025-06-09,51.349998474121094,51.349998474121094,51.349998474121094,51.349998474121094,0
2025-06-10,52.119998931884766,52.5,51.5099983215332,52.08000183105469,1666335
2025-06-11,52.029998779296875,53.0,51.83000183105469,53.0,1739025
2025-06-12,51.65999984741211,51.86000061035156,50.849998474121094,51.34000015258789,1551066
2025-06-13,50.81999969482422,51.099998474121094,50.380001068115234,50.630001068115234,2464333
2025-06-16,50.41999816894531,51.0,50.2400016784668,50.91999816894531,1799945
2025-06-17,49.525001525878906,50.45000076293945,49.525001525878906,50.20000076293945,2321616
2025-06-18,48.94499969482422,49.48500061035156,48.5099983215332,49.35499954223633,2127140
2025-06-19,48.459999084472656,48.814998626708984,48.345001220703125,48.5,1636369
2025-06-20,48.630001068115234,49.14500045776367,48.56999969482422,48.599998474121094,5131471
2025-06-23,48.459999084472656,48.630001068115234,47.900001525878906,48.349998474121094,1509735
2025-06-24,49.3650016784668,50.119998931884766,49.21500015258789,49.404998779296875,1935645
2025-06-25,48.86000061035156,49.44499969482422,48.755001068115234,49.44499969482422,1704020
2025-06-26,48.154998779296875,49.029998779296875,47.935001373291016,49.025001525878906,2588111
2025-06-27,50.4900016784668,50.66999816894531,48.564998626708984,48.65999984741211,2838557
2025-06-30,49.689998626708984,50.650001525878906,49.44499969482422,50.619998931884766,2203688
2025-07-01,49.35499954223633,49.45000076293945,48.494998931884766,49.185001373291016,2781810
2025-07-02,50.720001220703125,50.97999954223633,49.665000915527344,49.96500015258789,2503470
2025-07-03,50.59000015258789,51.209999084472656,50.439998626708984,51.20000076293945,1846917
2025-07-04,50.08000183105469,50.52000045776367,49.814998626708984,50.15999984741211,1387929
2025-07-07,49.900001525878906,50.209999084472656,49.630001068115234,49.900001525878906,1143862
2025-07-08,50.88999938964844,51.099998474121094,49.64500045776367,49.904998779296875,1909233
2025-07-09,52.2599983215332,52.599998474121094,50.68000030517578,50.97999954223633,2918340
2025-07-10,53.11000061035156,53.22999954223633,52.16999816894531,52.34000015258789,2352634
2025-07-11,53.11000061035156,53.369998931884766,52.70000076293945,52.939998626708984,1550557
2025-07-14,51.81999969482422,52.54999923706055,51.79999923706055,52.150001525878906,1792125
2025-07-15,52.59000015258789,52.81999969482422,52.0,52.0,1199900
2025-07-16,52.59000015258789,52.59000015258789,52.59000015258789,52.59000015258789,0
2025-07-17,51.90999984741211,52.7400016784668,51.619998931884766,52.13999938964844,1510207
2025-07-18,51.33000183105469,52.22999954223633,51.2599983215332,51.939998626708984,1632052
2025-07-21,51.33000183105469,51.33000183105469,51.33000183105469,51.33000183105469,0
2025-07-22,51.0,51.400001525878906,50.59000015258789,51.400001525878906,1114969
2025-07-23,51.0,51.0,51.0,51.0,0
2025-07-24,54.08000183105469,55.04999923706055,53.84000015258789,54.95000076293945,2210987
2025-07-25,55.4900016784668,55.4900016784668,53.18000030517578,53.5,2960086
2025-07-28,53.709999084472656,56.84000015258789,53.380001068115234,56.68000030517578,3866767
2025-07-29,53.209999084472656,54.209999084472656,52.959999084472656,54.0,2119676
2025-07-30,51.38999938964844,53.290000915527344,51.209999084472656,52.52000045776367,3162137
2025-07-31,50.099998474121094,51.400001525878906,50.099998474121094,50.86000061035156,3387684
2025-08-01,49.099998474121094,50.220001220703125,49.0099983215332,50.0099983215332,2446923
2025-08-04,48.77000045776367,49.525001525878906,48.685001373291016,49.154998779296875,2149116
2025-08-05,49.40999984741211,49.43000030517578,48.834999084472656,48.91999816894531,1626576
2025-08-06,49.91999816894531,50.369998931884766,49.54999923706055,49.564998626708984,1276549
2025-08-07,51.040000915527344,51.459999084472656,49.6150016784668,50.040000915527344,2196770
2025-08-08,52.119998931884766,52.380001068115234,51.130001068115234,51.290000915527344,1546558
2025-08-11,51.720001220703125,52.7400016784668,51.650001525878906,52.40999984741211,1221518
2025-08-12,52.2400016784668,52.439998626708984,51.529998779296875,52.029998779296875,1368167
2025-08-13,52.720001220703125,52.810001373291016,51.939998626708984,52.20000076293945,1318840
2025-08-14,52.720001220703125,52.720001220703125,52.720001220703125,52.720001220703125,0
2025-08-15,53.5099983215332,54.2599983215332,53.41999816894531,53.790000915527344,1819924
2025-08-18,52.79999923706055,53.29999923706055,52.540000915527344,53.220001220703125,1135805
2025-08-19,54.18000030517578,54.2599983215332,52.7599983215332,52.7599983215332,2197961
2025-08-20,54.06999969482422,54.25,53.75,54.13999938964844,1426301
2025-08-21,54.189998626708984,54.20000076293945,53.63999938964844,53.77000045776367,1334954
2025-08-22,55.13999938964844,55.369998931884766,54.0099983215332,54.08000183105469,1679161
2025-08-25,54.599998474121094,55.099998474121094,54.38999938964844,55.0,1111919
2025-08-26,54.02000045776367,54.93000030517578,54.02000045776367,54.25,1951865
2025-08-27,53.27000045776367,54.86000061035156,53.08000183105469,54.36000061035156,1470449
2025-08-28,53.720001220703125,54.630001068115234,53.459999084472656,53.5,1419606
2025-08-29,53.349998474121094,53.70000076293945,52.900001525878906,53.459999084472656,1340058
2025-09-01,53.7400016784668,53.880001068115234,53.34000015258789,53.58000183105469,725791
2025-09-02,53.02000045776367,53.95000076293945,52.81999969482422,53.77000045776367,1429724
2025-09-03,53.150001525878906,53.939998626708984,53.06999969482422,53.2599983215332,1398248
2025-09-04,53.11000061035156,53.650001525878906,52.970001220703125,53.13999938964844,1132221
2025-09-05,52.91999816894531,53.790000915527344,52.91999816894531,53.5099983215332,1328530
2025-09-08,52.5,53.4900016784668,51.959999084472656,53.0,1776629
2025-09-09,51.75,53.060001373291016,51.150001525878906,52.4900016784668,2008197
2025-09-10,51.88999938964844,52.060001373291016,51.349998474121094,51.599998474121094,1928223
2025-09-11,52.060001373291016,52.130001068115234,50.630001068115234,51.77000045776367,2340276
2025-09-12,51.689998626708984,52.040000915527344,50.88999938964844,52.02000045776367,1939546
2025-09-15,51.33000183105469,52.279998779296875,51.279998779296875,51.90999984741211,1782622
2025-09-16,51.29999923706055,51.720001220703125,51.08000183105469,51.209999084472656,2433147
2025-09-17,51.0099983215332,51.61000061035156,50.38999938964844,51.27000045776367,2400245
2025-09-18,51.560001373291016,51.88999938964844,51.06999969482422,51.099998474121094,2116327
2025-09-19,51.47999954223633,52.310001373291016,51.2400016784668,51.540000915527344,5666829
2025-09-22,51.47999954223633,51.47999954223633,51.47999954223633,51.47999954223633,0
2025-09-23,51.970001220703125,52.119998931884766,50.38999938964844,50.45000076293945,2391707
2025-09-24,52.54999923706055,53.459999084472656,51.11000061035156,51.540000915527344,2701334
2025-09-25,52.18000030517578,53.650001525878906,52.09000015258789,52.540000915527344,1968379
2025-09-26,53.31999969482422,53.31999969482422,52.29999923706055,52.310001373291016,2561440
2025-09-29,53.88999938964844,53.9900016784668,53.04999923706055,53.349998474121094,1742881
2025-09-30,53.88999938964844,53.88999938964844,53.88999938964844,53.88999938964844,0
2025-10-01,54.150001525878906,54.38999938964844,53.099998474121094,53.18000030517578,1849085
2025-10-02,55.0099983215332,55.58000183105469,54.5,54.54999923706055,2368968
2025-10-03,55.40999984741211,55.5099983215332,55.130001068115234,55.2599983215332,1584446
2025-10-06,55.400001525878906,55.68000030517578,55.09000015258789,55.40999984741211,1801001
2025-10-07,55.16999816894531,55.88999938964844,54.02000045776367,55.29999923706055,1967963
2025-10-08,53.560001373291016,54.09000015258789,52.93000030517578,53.439998626708984,2823319
2025-10-09,53.16999816894531,54.220001220703125,53.16999816894531,53.779998779296875,1711262
2025-10-10,53.20000076293945,54.97999954223633,52.779998779296875,54.5,2902505
2025-10-13,53.439998626708984,53.91999816894531,53.2400016784668,53.689998626708984,1222077
2025-10-14,52.290000915527344,53.34000015258789,52.2400016784668,53.20000076293945,1425624
2025-10-15,52.36000061035156,52.709999084472656,51.95000076293945,52.709999084472656,1607016
2025-10-16,52.72999954223633,52.90999984741211,52.189998626708984,52.83000183105469,1652645
2025-10-17,53.369998931884766,53.59000015258789,51.779998779296875,52.220001220703125,2238171
2025-10-20,53.83000183105469,53.970001220703125,52.75,53.16999816894531,1778475
2025-10-21,54.16999816894531,54.560001373291016,53.43000030517578,53.790000915527344,1457931
2025-10-22,52.959999084472656,54.099998474121094,52.06999969482422,54.099998474121094,2535227
2025-10-23,53.20000076293945,53.7400016784668,52.619998931884766,52.869998931884766,1484645
2025-10-24,53.75,53.75,52.880001068115234,53.2400016784668,1270305
2025-10-27,53.9900016784668,54.13999938964844,53.470001220703125,53.790000915527344,1423938
2025-10-28,54.650001525878906,54.93000030517578,53.459999084472656,53.72999954223633,2531811
2025-10-29,57.040000915527344,58.95000076293945,56.220001220703125,56.29999923706055,6427763
2025-10-30,56.43000030517578,58.04999923706055,56.279998779296875,57.38999938964844,2579469
2025-10-31,56.209999084472656,56.880001068115234,55.810001373291016,56.58000183105469,1784290
2025-11-03,57.310001373291016,58.36000061035156,56.400001525878906,56.400001525878906,2430952
2025-11-04,56.2400016784668,57.060001373291016,55.790000915527344,57.02000045776367,2269077
2025-11-05,58.22999954223633,58.40999984741211,55.650001525878906,55.880001068115234,3137536
2025-11-06,58.189998626708984,58.79999923706055,58.0099983215332,58.380001068115234,2003544
2025-11-07,58.189998626708984,58.189998626708984,58.189998626708984,58.189998626708984,0
2025-11-10,58.45000076293945,59.11000061035156,58.369998931884766,58.939998626708984,1868272
2025-11-11,58.77000045776367,58.90999984741211,57.849998474121094,58.630001068115234,1469834
2025-11-12,59.439998626708984,60.0,59.040000915527344,59.29999923706055,2543056
2025-11-13,59.439998626708984,59.439998626708984,59.439998626708984,59.439998626708984,0
2025-11-14,59.560001373291016,59.560001373291016,58.720001220703125,59.41999816894531,2110910
2025-11-17,58.52000045776367,59.68000030517578,58.380001068115234,59.33000183105469,1742217
2025-11-18,56.529998779296875,57.93000030517578,56.220001220703125,57.599998474121094,2687862
2025-11-19,56.959999084472656,57.380001068115234,56.25,56.36000061035156,0
2025-11-20,56.61000061035156,57.119998931884766,55.970001220703125,57.0,1817694
2025-11-21,57.02000045776367,57.349998474121094,56.02000045776367,56.2599983215332,2142627
2025-11-24,57.4900016784668,58.15999984741211,57.27000045776367,58.09000015258789,3141781
2025-11-25,58.220001220703125,58.31999969482422,56.939998626708984,57.61000061035156,1645576
2025-11-26,57.5,58.2599983215332,57.34000015258789,58.09000015258789,1189659
2025-11-27,58.130001068115234,58.43000030517578,57.29999923706055,57.38999938964844,1080720
2025-11-28,58.15999984741211,58.47999954223633,57.779998779296875,58.099998474121094,1444715
2025-12-01,59.06999969482422,59.41999816894531,58.18000030517578,58.20000076293945,2441415
2025-12-02,59.22999954223633,59.93000030517578,58.66999816894531,58.86000061035156,1436814
2025-12-03,57.650001525878906,59.599998474121094,56.880001068115234,59.08000183105469,2745791
2025-12-04,60.41999816894531,60.540000915527344,58.18000030517578,58.18000030517578,3357541
2025-12-05,61.599998474121094,61.68000030517578,60.16999816894531,60.209999084472656,2967929
2025-12-08,61.5,62.029998779296875,61.27000045776367,61.310001373291016,1684872
2025-12-09,61.08000183105469,61.779998779296875,60.93000030517578,61.459999084472656,1531183
2025-12-10,60.7400016784668,61.5,60.5099983215332,60.720001220703125,1842747
2025-12-11,61.150001525878906,61.43000030517578,59.81999969482422,60.97999954223633,1701350
2025-12-12,61.689998626708984,61.810001373291016,61.18000030517578,61.29999923706055,1408111
2025-12-15,61.689998626708984,61.689998626708984,61.689998626708984,61.689998626708984,0
2025-12-16,60.529998779296875,61.779998779296875,60.119998931884766,61.20000076293945,1992178
2025-12-17,60.529998779296875,60.529998779296875,60.529998779296875,60.529998779296875,0
2025-12-18,60.529998779296875,60.529998779296875,60.529998779296875,60.529998779296875,0
2025-12-19,59.84000015258789,60.290000915527344,59.459999084472656,59.79999923706055,4074725
2025-12-22,59.439998626708984,60.16999816894531,59.130001068115234,60.130001068115234,923597
2025-12-23,59.29999923706055,59.529998779296875,59.11000061035156,59.290000915527344,885825
2025-12-29,59.779998779296875,60.369998931884766,59.25,59.25,1643067
2025-12-30,60.06999969482422,60.43000030517578,59.630001068115234,59.779998779296875,1017759
