Price,Close,High,Low,Open,Volume
Ticker,NVDA,NVDA,NVDA,NVDA,NVDA
Date,,,,,
2000-01-03,0.08941034972667694,0.09096246896856913,0.08427727224828116,0.09024646038077914,300912000
2000-01-04,0.0870230570435524,0.08809752776026494,0.0826059873872836,0.08785825254487528,300480000
2000-01-05,0.08415812253952026,0.08594860230090859,0.08296446481154057,0.08451658461095089,188352000
2000-01-06,0.07866653800010681,0.0841580763818111,0.0754440354856075,0.0841580763818111,120480000
2000-01-07,0.07998031377792358,0.08081550239112874,0.07711535699938676,0.07830901442328453,71184000
2000-01-10,0.08260598033666611,0.08594857899092359,0.07878665505716373,0.08021867235874615,239856000
2000-01-11,0.0792633518576622,0.08308359782791852,0.0792633518576622,0.08212830751103199,148128000
2000-01-12,0.07723453640937805,0.07938348451029535,0.07616006577420913,0.07926338243227919,123552000
2000-01-13,0.08045703172683716,0.08117395560968182,0.07616005808694275,0.07711534867589491,132192000
2000-01-14,0.08391880989074707,0.08726140823436654,0.0814123221970964,0.0816516042004055,604560000
2000-01-18,0.08750069886445999,0.08785824554306147,0.0811739634943614,0.08499328879547331,261648000
2000-01-19,0.086664579808712,0.08785823710507537,0.08594857122263579,0.08785823710507537,164688000
2000-01-20,0.08642620593309402,0.0921561115720768,0.08571019740641234,0.08738149644384603,179568000
2000-01-21,0.08547093719244003,0.08654540781900774,0.08332198910872524,0.08618694584427333,544272000
2000-01-24,0.08165158331394196,0.08821667625611256,0.08117393472705532,0.08821667625611256,256944000
2000-01-25,0.08093468099832535,0.08284526235073573,0.07830901312343636,0.08200915162318041,237120000
2000-01-26,0.07759204506874084,0.08308358916464653,0.07616002845530813,0.08093464211672703,232464000
2000-01-27,0.07353347539901733,0.07818890416524703,0.07066851892017773,0.07818890416524703,458208000
2000-01-28,0.07138543576002121,0.0730567347748802,0.06852048639451659,0.07257909294124493,194448000
2000-01-31,0.07078862190246582,0.0732951096405451,0.06684919484235857,0.07174299037881399,182400000
2000-02-01,0.07245900481939316,0.07305674882240382,0.06828121754295155,0.07090780756070607,92976000
2000-02-02,0.07448876649141312,0.07592170593592239,0.07245900516923025,0.07281746714712362,149040000
2000-02-03,0.07568240910768509,0.07842817855105631,0.07520476044272978,0.07687605946018486,108240000
2000-02-04,0.07747289538383484,0.07806972403185823,0.07592169827419926,0.07806972403185823,123696000
2000-02-07,0.07269828021526337,0.07783135770503931,0.07257910027681934,0.07783135770503931,217488000
2000-02-08,0.07616005092859268,0.07878664044491573,0.07257909304114858,0.07448875191143318,468816000
2000-02-09,0.07806975394487381,0.08033788263757631,0.07795057396134616,0.07902504490064291,589056000
2000-02-10,0.09406580775976181,0.0954987405746628,0.08284527483204394,0.08284527483204394,970080000
2000-02-11,0.0954987034201622,0.09884130127708288,0.08857514786584596,0.09872119922885185,423792000
2000-02-14,0.11077786982059479,0.11077786982059479,0.09478180659527749,0.09573709731539212,650112000
2000-02-15,0.10648086667060852,0.11113630162670964,0.101944618466844,0.11101712170495087,450480000
2000-02-16,0.11137466877698898,0.11507573564324626,0.10648087365631177,0.10767453086937581,1019568000
2000-02-17,0.11531413346529007,0.11603105753490783,0.10958422586450091,0.11125552547415433,535776000
2000-02-18,0.1286844164133072,0.13035570771272234,0.11280754524218242,0.11364273324340071,960864000
2000-02-22,0.12510262429714203,0.1262962817321005,0.1203280082184672,0.12462590449021209,542496000
2000-02-23,0.1258196085691452,0.12713244658507727,0.12211855290212865,0.12367066623386773,511392000
2000-02-24,0.12462590634822845,0.12737076111426524,0.11937272612783079,0.12653557248086938,244320000
2000-02-25,0.11686623096466064,0.12474508597708053,0.1117331596699621,0.12474508597708053,278736000
2000-02-28,0.11603103578090668,0.11746305305608358,0.1141204612940408,0.11626939567384424,517872000
2000-02-29,0.1222376599907875,0.1236705924588634,0.11531410341857756,0.11531410341857756,306048000
2000-03-01,0.1186567097902298,0.12223766825623048,0.11674704378083244,0.12223766825623048,383568000
2000-03-02,0.1106586828827858,0.1196120017878819,0.11030114302089672,0.1196120017878819,191040000
2000-03-03,0.11244916170835495,0.11364281225694335,0.10982348705769557,0.11077786241634484,273696000
2000-03-06,0.11173316836357117,0.12176096548796082,0.11077787757657302,0.1131661011287783,432096000
2000-03-07,0.1591244786977768,0.1666448632509273,0.13704005840826447,0.14324760584501084,1952208000
2000-03-08,0.16043731570243835,0.16187024804250946,0.14754548746798538,0.15903464282345786,668736000
2000-03-09,0.19156400859355927,0.20627657006958278,0.16187026629590515,0.1623469997192714,952944000
2000-03-10,0.2253759354352951,0.27694506827225474,0.20006901088077866,0.20150194330324733,2161200000
2000-03-13,0.2850631773471832,0.2864951943038802,0.2024563016078352,0.20436688250036797,2415168000
2000-03-14,0.2103351354598999,0.2835110443653667,0.20627652923462872,0.2835110443653667,1567776000
2000-03-15,0.20174036920070648,0.23122601710627172,0.19481681105162085,0.2254062534097573,995616000
2000-03-16,0.17986494302749634,0.21534910802493312,0.17691105882165792,0.20818626157066739,750384000
2000-03-17,0.19075818359851837,0.20436693856896065,0.1756871518109243,0.1757174112785015,557616000
2000-03-20,0.19063900411128998,0.20460529897381166,0.1845506352859918,0.19827857024261045,365280000
2000-03-21,0.1812080442905426,0.19266784479772944,0.1661672712881267,0.19099655216934244,536640000
2000-03-22,0.1825217306613922,0.18813153361892063,0.17953667270333012,0.1826409105761141,230592000
2000-03-23,0.1857442408800125,0.19577203514146063,0.18049199072297423,0.18085044580579177,309408000
2000-03-24,0.17798548936843872,0.192907078115359,0.17189712203522994,0.1845505900577787,231600000
2000-03-27,0.1662864238023758,0.1833569554489371,0.1647352266857716,0.1776270424798455,388944000
2000-03-28,0.15387220680713654,0.1623469585364312,0.15088714895933836,0.16055647300615608,393312000
2000-03-29,0.14372526109218597,0.15805002233247703,0.13751771337125698,0.1544690506009144,469440000
2000-03-30,0.1428891271352768,0.15614033849184014,0.13465273463498795,0.13942734939753543,361920000
2000-03-31,0.1613624095916748,0.16783857858758436,0.14993285389320027,0.15264836483034688,962976000
2000-04-03,0.14873915910720825,0.16043733128982743,0.14456045690559188,0.1599000926069995,329952000
2000-04-04,0.14324763417243958,0.15924369011564465,0.10886820060493818,0.1566171137271141,513792000
2000-04-05,0.17512056231498718,0.1862219058634433,0.13727934702469344,0.14468055237656974,639600000
2000-04-06,0.18323776125907898,0.1925486180859238,0.17452371937536346,0.18323776125907898,404592000
2000-04-07,0.19589123129844666,0.2005466669014529,0.18431223909066966,0.1924294529960613,318576000
2000-04-10,0.17858238518238068,0.21081287545918048,0.17488131710382773,0.19923388030800873,395280000
2000-04-11,0.16795772314071655,0.18144729710527313,0.1527977720516823,0.16613699131007553,457584000
2000-04-12,0.1505296230316162,0.17189711843551833,0.14993279446679664,0.16819698078650844,313440000
2000-04-13,0.14408278465270996,0.1570947072501144,0.1415763041759748,0.15172326391926297,313296000
2000-04-14,0.13140007853507996,0.14527745869305603,0.12510267768946118,0.13489120288671752,421920000
2000-04-17,0.1381145864725113,0.1432476727042101,0.12032803960707142,0.12032803960707142,294096000
2000-04-18,0.1625862717628479,0.1714194942520056,0.14754550126096766,0.15202125165647515,477504000
2000-04-19,0.15482664108276367,0.16998750973312138,0.1527977948665333,0.1677193882968598,278352000
2000-04-20,0.1539914608001709,0.16198949673590865,0.15184251920777767,0.1590053527498284,153936000
2000-04-24,0.1463509202003479,0.1516040852930341,0.13871134250489162,0.14515726308083265,205968000
2000-04-25,0.16234704852104187,0.1671225808849102,0.15255853913839662,0.15291699436537703,249696000
2000-04-26,0.16067570447921753,0.17762704253111578,0.1604373309411945,0.17368762917415842,254112000
2000-04-27,0.173806831240654,0.1754781238064734,0.14909673124256975,0.14993283517431552,280992000
2000-04-28,0.1702258437871933,0.18335694787432077,0.1702258437871933,0.17655257148446993,179040000
2000-05-01,0.17571738362312317,0.18049199898752258,0.17153866792824046,0.17667175205302774,119424000
2000-05-02,0.16891302168369293,0.18598355414926807,0.16401829700726242,0.1757173986810997,234000000
2000-05-03,0.1661672592163086,0.17333009166178384,0.1527977798135536,0.16783855172327855,329184000
2000-05-04,0.16819708049297333,0.175239820202153,0.16437683169951003,0.16580884952053898,241200000
2000-05-05,0.17595577239990234,0.1800143798690201,0.16521196735202068,0.16748008864238362,170592000
2000-05-08,0.1695098578929901,0.17762705889261568,0.16927056903537024,0.17141951029879687,185136000
2000-05-09,0.167122483253479,0.17380676291367658,0.16234695367943153,0.17237474611569634,176832000
2000-05-10,0.15064884722232819,0.16557044004161312,0.14921591453168964,0.16545126008534297,274080000
2000-05-11,0.15709474682807922,0.15984051679358016,0.15076801829355346,0.1527977796047772,245904000
2000-05-12,0.15232010185718536,0.16998746039990134,0.15232010185718536,0.16139261229155685,187824000
2000-05-15,0.1628246158361435,0.16545120513483128,0.14420287680411983,0.151604080777501,282096000
2000-05-16,0.17953673005104065,0.18466981498929405,0.16807691639013897,0.16998749780892636,366432000
2000-05-17,0.21105118095874786,0.21893003495807625,0.18896767398796696,0.1890868539258415,1290624000
2000-05-18,0.196726456284523,0.21570665732664418,0.19541361880227562,0.2122448783826906,509904000
2000-05-19,0.19505515694618225,0.20150198111061246,0.1895645319866096,0.19099654938024319,521184000
2000-05-22,0.20770952105522156,0.20770952105522156,0.17583657744930517,0.19290710980072073,517152000
2000-05-23,0.2060382217168808,0.22525678055339232,0.19911466459502575,0.20245634791110964,778560000
2000-05-24,0.20341165363788605,0.20914156764782482,0.17619505730772772,0.2057989686743636,739632000
2000-05-25,0.20054666697978973,0.21869167598446637,0.19804017243924932,0.20639575988570158,569184000
2000-05-26,0.2015615552663803,0.20711176939225523,0.1890868555436374,0.2015615552663803,183456000
2000-05-30,0.2098575085401535,0.21510975839231095,0.20603817729976612,0.2069925456305723,303648000
2000-05-31,0.21797475218772888,0.2215566257288622,0.20914152968662067,0.20914152968662067,469536000
2000-06-01,0.22406308352947235,0.226450397886722,0.21845236473707758,0.22442155226650673,418992000
2000-06-02,0.25128069519996643,0.25402555036380686,0.22871860433057986,0.22871860433057986,592176000
2000-06-05,0.256681352853775,0.26930546220608914,0.24089433094128926,0.25092211047368795,491904000
2000-06-06,0.24387940764427185,0.2671565706814336,0.2425656415209345,0.25760734013895015,375888000
2000-06-07,0.23301641643047333,0.24411777321919514,0.22943454301102106,0.24208892745891958,332352000
2000-06-08,0.23480692505836487,0.2392239874047684,0.2253759580160943,0.23898472587650035,460704000
2000-06-09,0.24149107933044434,0.252115712398337,0.23564200247490585,0.23922387455145086,467280000
2000-06-12,0.23504528403282166,0.24459544464488409,0.22967385318135697,0.242565669737306,380016000
2000-06-13,0.24244648218154907,0.24256566212324965,0.22728653130300464,0.22848018863748754,447840000
2000-06-14,0.2422080785036087,0.24829551669471575,0.23901492002858085,0.24698270697822208,275088000
2000-06-15,0.2485348880290985,0.2485348880290985,0.22848022320073805,0.2414912212619511,338592000
2000-06-16,0.2860175669193268,0.28649521559324276,0.24757952622227183,0.24763914350899446,987840000
2000-06-19,0.30392345786094666,0.32708235414796627,0.2781388586133023,0.2853017072190437,1052160000
2000-06-20,0.29986461997032166,0.3127573611478029,0.2960453165707494,0.3091764175589274,610272000
2000-06-21,0.33030474185943604,0.33615475057666594,0.2952093070277103,0.2952093070277103,614880000
2000-06-22,0.31227996945381165,0.3356772554787714,0.30917667189196907,0.32887287509737984,614352000
2000-06-23,0.2827950417995453,0.3077435082145301,0.28267496024384775,0.30392327540470443,607392000
2000-06-26,0.31693530082702637,0.3187257870751282,0.2838687094306242,0.2884049521870425,618288000
2000-06-27,0.2721706032752991,0.3194427931842818,0.2638140966424292,0.3141896111866883,604608000
2000-06-28,0.26166602969169617,0.2884049943567192,0.2540255604766289,0.27790046257068823,586608000
2000-06-29,0.22394400835037231,0.2571297999886621,0.21964612465245945,0.2571297999886621,1184880000
2000-06-30,0.24280504882335663,0.24686364386577012,0.2229887389255707,0.2344485424776222,1209192000
2000-07-03,0.23349402844905853,0.25211576731828894,0.23110581266577881,0.24447620357831867,232680000
2000-07-05,0.20842553675174713,0.2330164418476493,0.2015019659602519,0.2325387930994003,777936000
2000-07-06,0.22107893228530884,0.22871849593911603,0.20364994904995318,0.20866383875502884,603936000
2000-07-07,0.22227263450622559,0.23301642454360955,0.2177363788340597,0.2291961911224118,346560000
2000-07-10,0.2337324619293213,0.2392240020424455,0.21630438830319637,0.21845241433726556,351264000
2000-07-11,0.252593457698822,0.2645309047215383,0.2280025277602936,0.23062913113141137,755304000
2000-07-12,0.2597554326057434,0.2728865398618657,0.2547424425205909,0.263098017979457,388152000
2000-07-13,0.2841079831123352,0.28554000058840495,0.26476932644001366,0.2652469752516723,458736000
2000-07-14,0.2819589376449585,0.2953283993552742,0.27503538248359477,0.2898377627088362,280200000
2000-07-17,0.27885565161705017,0.2864952162181414,0.27790035426713455,0.2862568563599826,105552000
2000-07-18,0.27336421608924866,0.2864953246624742,0.26357569322501156,0.26357569322501156,183672000
2000-07-19,0.2559360861778259,0.26548531865887526,0.2504445459461295,0.2635756524899713,189504000
2000-07-20,0.262859582901001,0.2693054902444311,0.2549807295437207,0.25569673807132925,142992000
2000-07-21,0.2662022113800049,0.27121517302479725,0.259755374672568,0.26357560800210345,251928000
2000-07-24,0.24352097511291504,0.2683502678297533,0.23301644563801294,0.2664406017644764,281112000
2000-07-25,0.23444844782352448,0.2492508588666088,0.23397079909831783,0.24734119292452023,335304000
2000-07-26,0.21702039241790771,0.23444846567757063,0.21057448385590102,0.23444846567757063,380064000
2000-07-27,0.20150192081928253,0.21296173139139637,0.19863697159154292,0.2100967821636568,331560000
2000-07-28,0.206276535987854,0.22131730429467247,0.19099649254189333,0.20245630313258645,512664000
2000-07-31,0.229196235537529,0.22967388434286917,0.206276606519312,0.2177364210284205,371232000
2000-08-01,0.22465994954109192,0.23110587150995057,0.22298865708205745,0.2291962054977753,350616000
2000-08-02,0.229196235537529,0.23289638810085123,0.2179747946128039,0.22155666885108793,345432000
2000-08-03,0.23922404646873474,0.24447632601435154,0.20627663026666404,0.20627663026666404,368664000
2000-08-04,0.24352097511291504,0.2482955774331886,0.23970074134588096,0.2449539213809711,194784000
2000-08-07,0.26262035965919495,0.2647693147372219,0.24423700142273422,0.2451922990038273,246936000
2000-08-08,0.2568904459476471,0.27121520947423977,0.2559360773754427,0.2568904459476471,128112000
2000-08-09,0.24925093352794647,0.2619043935772235,0.2456699877766727,0.26023311434006535,136248000
2000-08-10,0.2521159052848816,0.257845806634517,0.23874643601463866,0.24352103959926608,156432000
2000-08-11,0.24614757299423218,0.25450317559944124,0.23444848344914868,0.2525935093671693,131928000
2000-08-14,0.2485348880290985,0.2516382117764604,0.2406560325849657,0.24925089674635448,108576000
2000-08-15,0.2719917595386505,0.2769451322903598,0.24901254055819314,0.24972854928617802,443328000
2000-08-16,0.27885565161705017,0.2867335760763002,0.2704991495242021,0.2867335760763002,266232000
2000-08-17,0.2841079831123352,0.28554000058840495,0.27408019958886437,0.27503549721218157,129816000
2000-08-18,0.29413479566574097,0.2974774076005243,0.282436637497315,0.2829142588740679,204720000
2000-08-21,0.29867106676101685,0.310130893502509,0.2979550581217233,0.3048786152163928,464472000
2000-08-22,0.27049916982650757,0.2893602010271675,0.2678734953551301,0.28315265302640213,658872000
2000-08-23,0.28625690937042236,0.2867336291750212,0.260710705967104,0.26620224598579545,352800000
2000-08-24,0.29389649629592896,0.2967614601214153,0.2793333718938793,0.2845856234251379,332616000
2000-08-25,0.28649526834487915,0.29699979794833664,0.28506325101809576,0.29079315092052976,153048000
2000-08-28,0.29795506596565247,0.30177532707375326,0.2845856001701389,0.28792821251987677,189264000
2000-08-29,0.29723894596099854,0.29986461971020634,0.29413472199620927,0.2991486113202819,149376000
2000-08-30,0.29986461997032166,0.30392323946135347,0.2907930401093232,0.2938963624406575,178080000
2000-08-31,0.30320730805397034,0.31514475510262563,0.29843267896013315,0.30440096532742966,388896000
2000-09-01,0.3036850690841675,0.31227990736277683,0.30034245589861674,0.30941497037734855,204144000
2000-09-05,0.30416256189346313,0.3110861452933262,0.30201363465481407,0.31084775811252474,246144000
2000-09-06,0.28315269947052,0.3053562916854378,0.2807653844836121,0.3053562916854378,230136000
2000-09-07,0.2984326481819153,0.29891029683377596,0.2755130265283007,0.28745049966812447,239760000
2000-09-08,0.2807653546333313,0.3017753144433875,0.2798100571565881,0.29509011734602864,222648000
2000-09-11,0.26930540800094604,0.27885556431186853,0.25880091091984986,0.2771842589520951,285888000
2000-09-12,0.2676340937614441,0.2836301259612363,0.263575475281948,0.26954375864643526,125976000
2000-09-13,0.26751506328582764,0.2719321254949932,0.26118830780285746,0.266918234616066,239976000
2000-09-14,0.2650085985660553,0.2807653799562465,0.26166598605473923,0.268827930899976,216336000
2000-09-15,0.270797997713089,0.2745577388061877,0.2616658981542515,0.26357556367970475,242592000
2000-09-18,0.25498077273368835,0.27312579691953115,0.2521158365016561,0.2714544907662614,163488000
2000-09-19,0.262859582901001,0.26357559142860953,0.24065596884301027,0.2432825720557523,301104000
2000-09-20,0.2542647123336792,0.26071064677931133,0.25020611952662253,0.2556967293399968,227568000
2000-09-21,0.26518723368644714,0.2709767208584837,0.25593595580731193,0.2561743155974394,346824000
2000-09-22,0.2697831094264984,0.27312572080147773,0.2387463043421504,0.23898466417242112,387264000
2000-09-25,0.2891218364238739,0.29318045734485854,0.2759907308092817,0.27813875673772115,467568000
2000-09-26,0.2960454821586609,0.29938806780645705,0.27885575206467333,0.2922252203415286,337344000
2000-09-27,0.31227996945381165,0.32612711754569984,0.2936582441973274,0.2936582441973274,676128000
2000-09-28,0.32183000445365906,0.3237396706126107,0.3017753403956712,0.3094149066680024,333816000
2000-09-29,0.31275755167007446,0.3246950302821101,0.3075052993314454,0.31275755167007446,373872000
2000-10-02,0.30535632371902466,0.32946961198363467,0.29747749491324443,0.3170545126433043,340584000
2000-10-03,0.28888261318206787,0.3094149273949113,0.28649529808374735,0.30702761229659076,300264000
2000-10-04,0.2855399549007416,0.2903154859719945,0.27742274060037475,0.28124300152347875,419568000
2000-10-05,0.27885565161705017,0.2876888734262158,0.27288646394035093,0.2876888734262158,525048000
2000-10-06,0.2614266276359558,0.2814812843468473,0.2576072967172782,0.27957161888750853,1027176000
2000-10-09,0.2671564817428589,0.2712150734536777,0.2368356636963792,0.2547422921819895,665256000
2000-10-10,0.2468634992837906,0.26882785033246176,0.24447621237316555,0.25593600921349124,415944000
2000-10-11,0.2490125149488449,0.2626203405720112,0.22251101443926521,0.23182278813634372,535776000
2000-10-12,0.23922404646873474,0.26930559683115535,0.2368358294894136,0.25450320892293266,401616000
2000-10-13,0.2487732321023941,0.2559360783730176,0.23832831967619303,0.24089440448244068,578976000
2000-10-16,0.24304331839084625,0.24877321803535254,0.23731341874633996,0.24877321803535254,339216000
2000-10-17,0.2253759354352951,0.24304329507549022,0.2227502747144892,0.24208892664508475,463248000
2000-10-18,0.22179493308067322,0.2346876747820562,0.20078497938968795,0.21081277211516886,416952000
2000-10-19,0.24328267574310303,0.24638599999113564,0.23253885473772692,0.23611982786061742,294888000
2000-10-20,0.26596298813819885,0.27217053754645315,0.23588144037174483,0.23755274675916593,387360000
2000-10-23,0.25999465584754944,0.26978314793631,0.25163815353957386,0.2681118693325658,182112000
2000-10-24,0.251638263463974,0.26309806648483547,0.2506838946312279,0.25880111166212877,193968000
2000-10-25,0.2296738624572754,0.24829557941186348,0.2280025562772902,0.24471463447370104,385512000
2000-10-26,0.23946242034435272,0.24829561776509132,0.2148714835316956,0.2311059154759489,265776000
2000-10-27,0.2339707911014557,0.24561031582248502,0.22537594220118623,0.2397007176906169,210960000
2000-10-30,0.2174980342388153,0.23534416571521727,0.2172587453862564,0.23015150471881105,192120000
2000-10-31,0.2373730093240738,0.24113365300278086,0.21916932452718096,0.22609288156085872,299256000
2000-11-01,0.2373134195804596,0.24065600449366623,0.22346630549972823,0.2315835199158136,304536000
2000-11-02,0.25545841455459595,0.2616659629247401,0.24161130055538266,0.2456699214006906,192888000
2000-11-03,0.2721706032752991,0.2769452073792871,0.25020626593025574,0.2521159327089531,268632000
2000-11-06,0.2931804955005646,0.30559466512919176,0.27694513538954174,0.27861644174613814,635040000
2000-11-07,0.27336421608924866,0.2884049911265129,0.26357569322501156,0.2884049911265129,258240000
2000-11-08,0.2652469277381897,0.2764683668012661,0.2611883070044684,0.2764683668012661,187080000
2000-11-09,0.2375527024269104,0.26166595785177077,0.22585360088173914,0.2492508613521764,564528000
2000-11-10,0.22465994954109192,0.2578457311849972,0.2186916899761285,0.24566992320431597,805248000
2000-11-13,0.22561518847942352,0.2502061005713571,0.20627652595477533,0.21343936999720878,530040000
2000-11-14,0.2669181525707245,0.2688278179352199,0.23874628518097607,0.24065592322316395,470736000
2000-11-15,0.26339682936668396,0.2704991554847808,0.2513997927430255,0.26214358216645395,423864000
2000-11-16,0.2468634992837906,0.2626202759516871,0.24447621237316555,0.25593600921349124,235536000
2000-11-17,0.24208903312683105,0.2614267919266865,0.2339708869885603,0.24877330359211416,178776000
2000-11-20,0.22346633672714233,0.23325483130652686,0.22083974641941256,0.2331356513440547,298752000
2000-11-21,0.21916933357715607,0.23492611430269578,0.207709533785734,0.23301644821628886,382512000
2000-11-22,0.20770952105522156,0.21678110380644555,0.19863700934524636,0.2100968220954557,409752000
2000-11-24,0.21964599192142487,0.22776411918607942,0.21009676311875608,0.21009676311875608,165072000
2000-11-27,0.21224483847618103,0.23683575530035053,0.203471205974938,0.23540373812694546,363864000
2000-11-28,0.19642847776412964,0.2177363871040328,0.1917134520051054,0.2154682660123818,382344000
2000-11-29,0.18431220948696136,0.19959135108082784,0.1695098148921147,0.19935297758131793,636408000
2000-11-30,0.1547074317932129,0.16855454503036071,0.13895065266300696,0.16855454503036071,981624000
2000-12-01,0.16998746991157532,0.18622189702923478,0.1633022734688662,0.16425757085206164,784080000
2000-12-04,0.17261318862438202,0.17667179644651673,0.15948208119051202,0.17106199117650325,474264000
2000-12-05,0.18383456766605377,0.1914741313478791,0.16760014306743803,0.184789851239864,997224000
2000-12-06,0.1575724184513092,0.18526666508977677,0.156617134462266,0.1802536748235365,950928000
2000-12-07,0.1547074317932129,0.1630639208894584,0.14181560232079363,0.14993281624236812,785184000
2000-12-08,0.1900421380996704,0.19099650649485286,0.1547670100881674,0.17070347322165272,853392000
2000-12-11,0.1900421380996704,0.19386145593653178,0.17905997534871143,0.1838345905393993,757632000
2000-12-12,0.18478991091251373,0.18860922950750256,0.17858236212005604,0.18526664438657015,409512000
2000-12-13,0.1704651415348053,0.18717720593107728,0.16712254286379138,0.18407298081974982,675072000
2000-12-14,0.1587660312652588,0.1707034780462781,0.15470742449590957,0.16927054563619565,569016000
2000-12-15,0.1430092751979828,0.1580500473761216,0.1422923512322933,0.14873917513756138,1094424000
2000-12-18,0.14772433042526245,0.15279781267310077,0.14563496502607864,0.14897756442001162,658872000
2000-12-19,0.13656242191791534,0.16330227976026088,0.13369747227778328,0.1499328153184423,946200000
2000-12-20,0.12176094204187393,0.14849988496813205,0.11507574524623801,0.12963886719146214,1105392000
2000-12-21,0.10648086667060852,0.13656240351089413,0.10504793439490961,0.12008961811247995,845256000
2000-12-22,0.13393670320510864,0.14611251999016947,0.1150757055893854,0.1150757055893854,949080000
2000-12-26,0.12844522297382355,0.13704008655424277,0.11985037305456339,0.13560806921652804,343824000
2000-12-27,0.13704006373882294,0.14229232770621023,0.12176093418380578,0.1270131844900363,339456000
2000-12-28,0.1377560943365097,0.14133796825305833,0.12940051967202984,0.13154946096242873,419232000
2000-12-29,0.12516216933727264,0.14205392690164767,0.12223763043687004,0.13751768601619857,495168000
2001-01-02,0.11435975134372711,0.1277292253231575,0.1138821093675939,0.1260579326402693,290808000
2001-01-03,0.14945515990257263,0.15064881714465964,0.10791289335236019,0.11077784969452394,910368000
2001-01-04,0.16664479672908783,0.17046504192359518,0.1427699001862257,0.14682850513997528,815448000
2001-01-05,0.14169549942016602,0.16592886157191375,0.13847299645985992,0.16521193772307913,432768000
2001-01-08,0.1551850140094757,0.16139255937806282,0.13775602103408205,0.13775602103408205,573768000
2001-01-09,0.15828834474086761,0.161392582346088,0.149693484566094,0.15733397654682413,302904000
2001-01-10,0.16927053034305573,0.1699874541320815,0.14659019771317866,0.15017115546858478,392928000
2001-01-11,0.18335700035095215,0.1905198338887427,0.16234703654231517,0.16521198689787547,447648000
2001-01-12,0.17953673005104065,0.1976817412517869,0.17762706392991914,0.186460287496466,669000000
2001-01-16,0.1654512733221054,0.18049204730098245,0.16258630934815277,0.18049204730098245,414984000
2001-01-17,0.17141954600811005,0.18335701058722184,0.17070353720369222,0.17810474475099905,592584000
2001-01-18,0.20430733263492584,0.20914153834952875,0.16760018330572402,0.1714195015843334,948168000
2001-01-19,0.19887538254261017,0.2177363872256773,0.1957720592280188,0.21009682172524966,1018704000
2001-01-22,0.19099652767181396,0.2005466744095608,0.1855059033362989,0.19290710893014834,377712000
2001-01-23,0.2100372463464737,0.21391616851952175,0.18765485803411938,0.18860922660405063,433632000
2001-01-24,0.2091415375471115,0.21200648730916274,0.19696571622163314,0.20985754616322685,451728000
2001-01-25,0.18813161551952362,0.20245638084083445,0.1838346476703646,0.2019796473132525,440016000
2001-01-26,0.19410082697868347,0.19636894877469635,0.17631428052629278,0.177627104563799,259248000
2001-01-29,0.19505515694618225,0.19529443215653,0.1814473168547315,0.188131599295283,354168000
2001-01-30,0.19935305416584015,0.20353084199079238,0.19433916232947399,0.19815941025953993,243720000
2001-01-31,0.19720414280891418,0.20723194167780662,0.19290717436124388,0.19959145830927275,358344000
2001-02-01,0.19821898639202118,0.1995914138110306,0.1886092349047096,0.19720409884291598,371856000
2001-02-02,0.1790599375963211,0.20293391015258402,0.17762699186769876,0.1983976694385929,320520000
2001-02-05,0.17882069945335388,0.18001435675257424,0.16831618462020273,0.17882069945335388,367584000
2001-02-06,0.17977599799633026,0.18335695625514545,0.17506097240031868,0.17547810218654697,250440000
2001-02-07,0.17141954600811005,0.18001441121577735,0.16187031204754973,0.1785823936069417,720384000
2001-02-08,0.1704651415348053,0.1821633147551358,0.16974821758278597,0.1723748075994193,384288000
2001-02-09,0.16927053034305573,0.17022582763757343,0.16306389846560548,0.1690321704987195,259608000
2001-02-12,0.16473527252674103,0.16927060049775863,0.1566171410593967,0.16736093407584268,354336000
2001-02-13,0.16974817216396332,0.17762701114695714,0.16592884105665806,0.1678385066103107,467736000
2001-02-14,0.18216334283351898,0.1871772347822942,0.16043737025133806,0.16760021745328924,690888000
2001-02-15,0.21558742225170135,0.219169295538087,0.20579891668317454,0.20723184905722686,1108512000
2001-02-16,0.22728653252124786,0.23301643201865738,0.2043669208704518,0.20460528075513054,1081176000
2001-02-20,0.2046053260564804,0.22633129883786776,0.20436696611902677,0.22155668207836182,701304000
2001-02-21,0.21391615271568298,0.22251100197949591,0.194816774569306,0.1969657157096561,646512000
2001-02-22,0.22298866510391235,0.22919621374294225,0.20627658690418446,0.21272250910493046,815304000
2001-02-23,0.20758937299251556,0.22537591060726248,0.20054663748254922,0.22179495289186094,1034664000
2001-02-26,0.20293398201465607,0.2072318781028729,0.19410077256487143,0.20150196473738238,751824000
2001-02-27,0.19075818359851837,0.20579895591853525,0.18956452615426483,0.19792010094172113,533832000
2001-02-28,0.17070351541042328,0.20054670173812472,0.16712255654767516,0.1893252610572042,784056000
2001-03-01,0.18419213593006134,0.18717718068958128,0.1527977590215165,0.1685545374423849,915288000
2001-03-02,0.1664661318063736,0.18311860699051516,0.16425760046983462,0.1709418828202908,1413504000
2001-03-05,0.16807690262794495,0.1723747985859273,0.15900531989860156,0.15995968840160577,742296000
2001-03-06,0.18431220948696136,0.19028048137030104,0.17368760111210588,0.17667173022319807,834408000
2001-03-07,0.19911466538906097,0.1995913988410029,0.18502826223595395,0.18837086086299062,938280000
2001-03-08,0.20579899847507477,0.2079479402414746,0.19338481367945992,0.19338481367945992,829344000
2001-03-09,0.19123584032058716,0.1960104569760764,0.17333011598002435,0.1950551729903355,1216776000
2001-03-12,0.18431220948696136,0.19338471935913357,0.17619499688533358,0.18478985812223356,762144000
2001-03-13,0.206276535987854,0.20914149888139394,0.18574422905798835,0.18669952634202705,1082352000
2001-03-14,0.21797475218772888,0.2186916760744888,0.19696570881876507,0.19696570881876507,1351128000
2001-03-15,0.228718563914299,0.24346138598912537,0.22298866406196288,0.2313451676021825,1875984000
2001-03-16,0.22776420414447784,0.23397082403514166,0.2184524163908082,0.22513761401642388,1225200000
2001-03-19,0.2408943772315979,0.24256565592661097,0.2142150108080495,0.22656960160848216,943896000
2001-03-20,0.21845239400863647,0.2530711207529441,0.21582671944728116,0.23802942080587006,1990560000
2001-03-21,0.23468774557113647,0.2411336538868667,0.2177363927619002,0.21893005014084327,1877352000
2001-03-22,0.2583233714103699,0.25927866886434575,0.23492609742484036,0.23683576337405066,1697760000
2001-03-23,0.2559360861778259,0.26787353524624663,0.24304333954552912,0.26309800370803316,1509672000
2001-03-26,0.2697831094264984,0.2712151263251858,0.2559359989106592,0.2559359989106592,1542960000
2001-03-27,0.25999465584754944,0.27384176833997503,0.2487731903747124,0.26453089761615506,1702152000
2001-03-28,0.2601734697818756,0.2669182572714676,0.2521158448991259,0.2528318535718645,1433280000
2001-03-29,0.2640533149242401,0.2731258280512752,0.2525935140452522,0.25790535565907946,1632960000
2001-03-30,0.24799761176109314,0.267156593399739,0.24638592299407042,0.26214360417789284,1423176000
2001-04-02,0.2375527024269104,0.25330948211879906,0.23444845016148017,0.24734119539104432,1265160000
2001-04-03,0.24543064832687378,0.2518774859603894,0.23373246110058968,0.2339708210061428,1991616000
2001-04-04,0.22012369334697723,0.2365973963522114,0.2055605578697405,0.23611974763963325,3362472000
2001-04-05,0.24041767418384552,0.24423700667258402,0.2282409494249976,0.23468777381417294,1724760000
2001-04-06,0.23946242034435272,0.25211587947498726,0.2332548434253776,0.23731346507260195,1547664000
2001-04-09,0.22782102227210999,0.25001454307785587,0.2240392859223107,0.24409396121657645,1097160000
2001-04-10,0.24932701885700226,0.2566998111614094,0.2311444226010094,0.23328329602822098,1186416000
2001-04-11,0.2643778324127197,0.27427179046751077,0.25708206293426333,0.2646831320020941,1426872000
2001-04-12,0.2683503031730652,0.27981010434701026,0.2545224217775142,0.25948866348741123,1440264000
2001-04-16,0.2618180215358734,0.26911471588278646,0.2570049245683298,0.26357550137999397,764112000
2001-04-17,0.27465322613716125,0.2767545042441856,0.2578458154805196,0.2579604053147461,1112448000
2001-04-18,0.2951284945011139,0.3224028219998423,0.28622743382603266,0.28622743382603266,2301864000
2001-04-19,0.32049238681793213,0.32557321750772455,0.2954724124639811,0.29680907484120417,1632264000
2001-04-20,0.33218133449554443,0.34375574886503185,0.3082688471395683,0.3166345018797445,1773840000
2001-04-23,0.3146478831768036,0.32526793150644984,0.3113245603696458,0.32496173029050845,1239000000
2001-04-24,0.2923782765865326,0.3372622320165167,0.287450560038158,0.3137696019095688,1828320000
2001-04-25,0.30582380294799805,0.31625223859625107,0.29203444939140355,0.29314193208790557,1423728000
2001-04-26,0.28172066807746887,0.3124705436878111,0.27885570444362207,0.3124705436878111,1486008000
2001-04-27,0.30177536606788635,0.30303593600337164,0.2869151926974576,0.29260749778424405,915672000
2001-04-30,0.3182004988193512,0.33596320539179697,0.3034173461997145,0.3099879276909969,1583280000
2001-05-01,0.34791991114616394,0.34876059168090134,0.3141895479899991,0.3193464723895076,1867368000
2001-05-02,0.3399365246295929,0.35697313899028077,0.3353901997899494,0.35697313899028077,1547784000
2001-05-03,0.33844661712646484,0.3399739888966545,0.32759739232910134,0.3296601447625386,960504000
2001-05-04,0.34310662746429443,0.3484927290533289,0.326986819831796,0.3285141642757656,953520000
2001-05-07,0.3585014045238495,0.3609840744385542,0.33779674180430835,0.34180768567933933,975600000
2001-05-08,0.3325636386871338,0.3639635333725684,0.3295079931979975,0.3638104191320119,1620144000
2001-05-09,0.3169783651828766,0.3289726440411017,0.31476249790128397,0.3219821744324651,1319040000
2001-05-10,0.30632084608078003,0.33000413906778003,0.3025391082522146,0.3261463085604544,998904000
2001-05-11,0.2984895706176758,0.30750522502880956,0.2923782785620716,0.3055570618205657,921216000
2001-05-14,0.30104923248291016,0.3046017621525108,0.28859653990149087,0.2993687460316019,702432000
2001-05-15,0.3118598163127899,0.324694825165039,0.30024690692548855,0.3036848728016399,1242600000
2001-05-16,0.3265661299228668,0.3285142933488664,0.3027682247431942,0.3047163881691938,957096000
2001-05-17,0.3323345184326172,0.3418846520403179,0.3225936750480072,0.32763598144038897,919056000
2001-05-18,0.3296602964401245,0.33997414531966996,0.3231667093385318,0.33122709502444386,575832000
2001-05-21,0.3445579707622528,0.35143384989963516,0.32232593969353124,0.328935043747676,1064688000
2001-05-22,0.35487186908721924,0.35830980942724516,0.33615479499369755,0.34960035510138193,1049976000
2001-05-23,0.35185471177101135,0.38199401577710196,0.34761456118774237,0.3688152321371323,2244912000
2001-05-24,0.35704919695854187,0.36610244697198785,0.3390197185456167,0.34952422079299716,1680576000
2001-05-25,0.35028788447380066,0.3550634154902457,0.3437942988997844,0.34986799512024785,947952000
2001-05-29,0.33592551946640015,0.34837821120602525,0.33118851301499375,0.3483021185573322,920568000
2001-05-30,0.3296602964401245,0.3446726558323747,0.32622235592105026,0.328018334146581,3308904000
2001-05-31,0.3270244300365448,0.33424410544641875,0.3199578688708529,0.3322959425354767,1262928000
2001-06-01,0.34513092041015625,0.34791979084963687,0.3273682203474188,0.3292788150403542,1022472000
2001-06-04,0.33978334069252014,0.3471937262580692,0.3352379184212305,0.34536015302842094,621552000
2001-06-05,0.3576221168041229,0.36117467329675834,0.33882805361727547,0.3394010298540245,987168000
2001-06-06,0.3591504693031311,0.3638489789439203,0.35372584175407157,0.3589597595274039,698976000
2001-06-07,0.3794343173503876,0.38046568012972326,0.35334445650781543,0.3559802129971589,1141152000
2001-06-08,0.36957889795303345,0.3788613552400048,0.36564407420249795,0.3782883788912045,712680000
2001-06-11,0.358768105506897,0.3705341040286478,0.3530381794996391,0.3701133130997832,581928000
2001-06-12,0.37072476744651794,0.376072372066321,0.35047942700931384,0.3512431129160704,1102728000
2001-06-13,0.3582722842693329,0.3790906386112536,0.355063523173165,0.3734368027073434,938712000
2001-06-14,0.3575076460838318,0.36361986823150705,0.34856898430622507,0.35364981609748664,946152000
2001-06-15,0.36308524012565613,0.3693881426535633,0.3467738189828931,0.35334442553819856,1094544000
2001-06-18,0.34872207045555115,0.3680506449387324,0.34474965096878474,0.3621685591892121,856656000
2001-06-19,0.3296602964401245,0.36358134234844464,0.32259373291318066,0.35529270598028645,1513128000
2001-06-20,0.3438328504562378,0.34761458746829815,0.3168638076529083,0.32358657387813083,1759200000
2001-06-21,0.3503263294696808,0.3564000247860503,0.333289720391058,0.3424575855762203,1484568000
2001-06-22,0.3487604856491089,0.3578898270340657,0.34417656638642474,0.34856887426109895,761184000
2001-06-25,0.34807300567626953,0.35410817846098785,0.3379113427894361,0.3526569260722972,640032000
2001-06-26,0.35811886191368103,0.3598378444726791,0.3390195080384615,0.34035616964143856,757920000
2001-06-27,0.3470414876937866,0.3571636934249181,0.3409677926716823,0.3564000075187793,895752000
2001-06-28,0.35112854838371277,0.35620937872226693,0.34761451618756845,0.35170155196977293,909336000
2001-06-29,0.35429880023002625,0.35983801687229716,0.3484166885476021,0.35238913441835545,730920000
2001-07-02,0.33859899640083313,0.34314532209030335,0.3334805958580844,0.34028038499553676,1040016000
2001-07-03,0.3429161310195923,0.34646866164210804,0.3345504723582449,0.33626942909347607,406296000
2001-07-05,0.3180482089519501,0.3409293080354786,0.317627390673526,0.33882805816400213,1020096000
2001-07-06,0.30826887488365173,0.3157177574414567,0.30215665458786095,0.3132726835314029,802824000
2001-07-09,0.29818418622016907,0.3116306697210401,0.2952807263270342,0.3042578810391071,1014072000
2001-07-10,0.3006293475627899,0.306167636017554,0.2969997962268003,0.30215669244794036,1221744000
2001-07-11,0.30005642771720886,0.30486955588053605,0.2907739955332836,0.2994834512314195,904632000
2001-07-12,0.31579387187957764,0.3180097390475703,0.3065499126318871,0.3141894781486533,981552000
2001-07-13,0.3092617690563202,0.31690226371095465,0.30272968615220053,0.3134643239023487,690144000
2001-07-16,0.2843939960002899,0.3094149008905015,0.2828666510785764,0.3057862511041319,1191696000
2001-07-17,0.30028554797172546,0.30307348992711186,0.2769451030571903,0.2796193841717765,1169904000
2001-07-18,0.28989481925964355,0.3012400334944725,0.28374502768179866,0.29314207795544406,840984000
2001-07-19,0.2945556342601776,0.30681761655250395,0.2895893934540886,0.2940972204387898,840024000
2001-07-20,0.2860753834247589,0.2937534466815366,0.27694511162560675,0.28722136342311855,742464000
2001-07-23,0.2589918375015259,0.28687769071881003,0.25864804062115054,0.2864953966752424,1547976000
2001-07-24,0.2765253186225891,0.2767544982861083,0.2569290366307887,0.26246822822396526,1365312000
2001-07-25,0.2738509178161621,0.276563695659325,0.26464548401833726,0.2760282876078523,1245888000
2001-07-26,0.30177536606788635,0.3036850323892945,0.26987857786094116,0.27125376493406783,1714152000
2001-07-27,0.3094148635864258,0.3127382133861529,0.2922251383173907,0.3012022947850795,1094688000
2001-07-30,0.30204203724861145,0.31105768977735315,0.29871868784734495,0.30979712027576045,582288000
2001-07-31,0.3090325891971588,0.3103701805403755,0.2914614706258009,0.3024629107906753,1187760000
2001-08-01,0.32790374755859375,0.32950811435218047,0.31292898353448917,0.3151063540813984,1204944000
2001-08-02,0.33569639921188354,0.3368799474842805,0.3208362263372275,0.3320668475335568,1097928000
2001-08-03,0.33306047320365906,0.33821736729315166,0.326069979127169,0.33233438290929973,820344000
2001-08-06,0.3431451916694641,0.3465446341277756,0.32713906903980033,0.33069159843022816,1292568000
2001-08-07,0.3380643129348755,0.3447495082020803,0.33405337063733087,0.3430681206226455,1088616000
2001-08-08,0.32946962118148804,0.3437943873198136,0.3279798441916307,0.33512342950249424,1125696000
2001-08-09,0.3237011432647705,0.33439725635733425,0.31781903106144493,0.327941266220847,1643616000
2001-08-10,0.3233197331428528,0.3277505382995096,0.313616486242508,0.3235489127199212,1036488000
2001-08-13,0.3368799686431885,0.34054711606462795,0.3239688873235519,0.32885810756582134,1514784000
2001-08-14,0.32794132828712463,0.3329075427408009,0.32377819883068054,0.3307686967654555,2321160000
2001-08-15,0.3283235430717468,0.3392864580160879,0.3254200826277519,0.3353525364633267,1816392000
2001-08-16,0.34215131402015686,0.3426482248462085,0.320989202425791,0.322288268909293,1026096000
2001-08-17,0.3199964463710785,0.33783524390143516,0.3172836678389342,0.3334805305343742,1668840000
2001-08-20,0.31778064370155334,0.32121858463653785,0.3080397973912676,0.3179713262134167,1183320000
2001-08-21,0.31109535694122314,0.3269869188072867,0.3105993749000483,0.31858273768168005,1186656000
2001-08-22,0.3238927721977234,0.3242365689522894,0.3065499567988497,0.316596100698268,1498104000
2001-08-23,0.3167106509208679,0.3269483776495503,0.3151447816259415,0.3227843472884684,1013592000
2001-08-24,0.3257639706134796,0.33229605489349895,0.31823899312950377,0.32011106403067857,1110936000
2001-08-27,0.33703309297561646,0.3413493096083427,0.31724613014310266,0.318468203000336,1279608000
2001-08-28,0.3326398730278015,0.34360372070716905,0.3300426401953188,0.3361163382585768,1178760000
2001-08-29,0.32194459438323975,0.3356578575132673,0.31915575064484164,0.3335566072532034,1435800000
2001-08-30,0.3209131360054016,0.3231665984256319,0.308459543712663,0.3159084259419799,1431312000
2001-08-31,0.32358649373054504,0.3265284511739217,0.3145717422462297,0.3187733676376118,887904000
2001-09-04,0.30108779668807983,0.3227083337399072,0.2988334317809175,0.3227083337399072,1856136000
2001-09-05,0.30750522017478943,0.3097971800685818,0.28859653738984364,0.30082002294458143,2395584000
2001-09-06,0.29493698477745056,0.3109431345363949,0.29356182534724773,0.3014314990243205,1950768000
2001-09-07,0.29803118109703064,0.3025390359928144,0.28878724796834476,0.2903155219252123,1970256000
2001-09-10,0.28939875960350037,0.3000563772774864,0.2834011549979944,0.2955100523858501,1872360000
2001-09-17,0.2596793472766876,0.27801505656980025,0.25838025286482924,0.2713683554619956,1138596000
2001-09-18,0.2440178394317627,0.26663123322277515,0.2381348264568964,0.2647215675227426,894372000
2001-09-19,0.2410382777452469,0.24821942816039064,0.20673493824689748,0.24539298969557563,1561908000
2001-09-20,0.22063982486724854,0.2364543486709598,0.2139161314257381,0.22812628899100826,1470696000
2001-09-21,0.2060474306344986,0.21605597995693773,0.1987131492757637,0.20360236963603712,1226304000
2001-09-24,0.229196235537529,0.23255808312958237,0.21254099983623131,0.22239644769109113,1507500000
2001-09-25,0.22025755047798157,0.2398153148984408,0.21956995708022492,0.2298837897407854,941724000
2001-09-26,0.2123117595911026,0.22384857950849205,0.2100968078714941,0.2230839782022055,430812000
2001-09-27,0.20054666697978973,0.21391614514372037,0.19489286032089126,0.21154807911251794,907296000
2001-09-28,0.20986764132976532,0.2201044531705972,0.19749104118398514,0.20627658712938268,1044876000
2001-10-01,0.19206640124320984,0.21315245182767317,0.1887045544218026,0.20971451236137775,972804000
2001-10-02,0.18244019150733948,0.1994007119606465,0.17311923720218497,0.19176114581249395,1123032000
2001-10-03,0.21834784746170044,0.2298837507013458,0.18152335569332032,0.18152335569332032,1798824000
2001-10-04,0.24669112265110016,0.25822793979983827,0.22201495303388388,0.2299598156646101,1980576000
2001-10-05,0.2513521611690521,0.25738736078803987,0.23370404721364732,0.242947979921444,1078212000
2001-10-08,0.25700506567955017,0.26655519956555956,0.24141970488106074,0.24141970488106074,765900000
2001-10-09,0.24585150182247162,0.2628120265231378,0.23851723342433304,0.2576926970719767,917556000
2001-10-10,0.26166602969169617,0.2635756961771236,0.23989240553844393,0.2414967723800083,968124000
2001-10-11,0.2900093197822571,0.29077393489890047,0.2741947786307537,0.2756469599225027,918000000
2001-10-12,0.30888038873672485,0.3094148678725231,0.28168211654974556,0.2826750094949918,1253100000
2001-10-15,0.30750522017478943,0.31705445197461446,0.29146147359592556,0.2998647254488544,908568000
2001-10-16,0.33844661712646484,0.34089076168433546,0.3007814467605579,0.3071228456080756,1383852000
2001-10-17,0.3185827136039734,0.34608625860040426,0.3170544398543791,0.3459331443411261,1695540000
2001-10-18,0.3320292532444,0.3351609922577117,0.3178190783182137,0.3185827644967927,1020864000
2001-10-19,0.33890506625175476,0.34379428523103017,0.32316662046692013,0.32729215341974216,1059264000
2001-10-22,0.3469269275665283,0.351433852744384,0.3288965219459031,0.3363839291972554,970824000
2001-10-23,0.34081465005874634,0.3576220500478105,0.3330980651374155,0.35135767314110167,953028000
2001-10-24,0.35586559772491455,0.35670537642974176,0.33080619789548676,0.3346264587643815,1212144000
2001-10-25,0.37672242522239685,0.3830628957635212,0.3422659833916906,0.34761449004615513,1152396000
2001-10-26,0.3498294949531555,0.3853548989750488,0.34761452945214044,0.3741242796250187,1097124000
2001-10-29,0.32140910625457764,0.3571637123313148,0.3210277414217579,0.3510524214861989,1004796000
2001-10-30,0.3208746314048767,0.3356963028767871,0.308268854121113,0.3155270264359902,1153380000
2001-10-31,0.327445387840271,0.34188474481300674,0.3227844450922948,0.33286908793591063,989292000
2001-11-01,0.3554072678089142,0.35808062024432274,0.32660462413413255,0.3316469583561638,1093776000
2001-11-02,0.36037248373031616,0.364727195947635,0.3407386149438726,0.35380280624045507,1087248000
2001-11-05,0.3616715371608734,0.37664539365504374,0.3593795776942786,0.3666377772062399,933456000
2001-11-06,0.3865009546279907,0.3881823429524213,0.35907442609324103,0.3609840924113117,1415376000
2001-11-07,0.38680708408355713,0.4017048501767035,0.3813063914663309,0.3835213296680568,1419144000
2001-11-08,0.3800833225250244,0.39681463164090536,0.3686235255035048,0.39162014114205146,1915188000
2001-11-09,0.4064409136772156,0.40674711484288034,0.38955741801302846,0.3968916831959693,2270484000
2001-11-12,0.4173661768436432,0.42775611352176685,0.3925368912884546,0.40491348774978586,1458636000
2001-11-13,0.41392838954925537,0.4187415167119955,0.40796928233084573,0.4186654240515983,1446516000
2001-11-14,0.40239253640174866,0.42095742608118486,0.3911619143444681,0.4169840773414453,1150224000
2001-11-15,0.40453121066093445,0.4100319295333952,0.39276611432831604,0.3978084194696719,874944000
2001-11-16,0.4010172188282013,0.4091912626938287,0.3955925920523126,0.40491354467362634,496128000
2001-11-19,0.3922307789325714,0.408732911282413,0.3705341552084798,0.40498967203885305,1943052000
2001-11-20,0.3812294602394104,0.40101735184255427,0.37687474649521285,0.39414147077972284,937884000
2001-11-21,0.37634021043777466,0.38634875893804643,0.3651857091723931,0.37481193644234256,728412000
2001-11-23,0.3816116750240326,0.381993996204983,0.37129785556906203,0.37779144134707565,254016000
2001-11-26,0.40888601541519165,0.40942049454535084,0.3869592563673618,0.3880291435863974,1215780000
2001-11-27,0.4132407307624817,0.4224846897300797,0.40109333862711627,0.408656811264028,1183992000
2001-11-28,0.3923838436603546,0.4147689595968359,0.39146704346647077,0.40796917373325525,740844000
2001-11-29,0.40957361459732056,0.42302010185958866,0.40796924811838986,0.42088032724848623,5135472000
2001-11-30,0.41744235157966614,0.42042190468354756,0.4033852936952079,0.4094204925504628,1034028000
2001-12-03,0.41110196709632874,0.4137752922559501,0.4037676725810992,0.4086568926049495,851496000
2001-12-04,0.4441821873188019,0.4446406010982417,0.41316461264555354,0.41316461264555354,1384644000
2001-12-05,0.48001301288604736,0.48092978603863207,0.4473149708075466,0.447696335761465,1707036000
2001-12-06,0.472449392080307,0.47749172482112623,0.4604551155451798,0.476269652435153,1138944000
2001-12-07,0.45801010727882385,0.4732140473059343,0.44983603528558314,0.4689354272278604,807036000
2001-12-10,0.4625941216945648,0.4730610299662324,0.45189890810164624,0.45571824082627976,695868000
2001-12-11,0.47917312383651733,0.490097514144446,0.4660319648614831,0.4706928784972158,792252000
2001-12-12,0.4940708577632904,0.49430003732305494,0.4735192872984248,0.48284023966544376,1004628000
2001-12-13,0.4798608124256134,0.490556025281576,0.4779502172360042,0.48436773839098907,881400000
2001-12-14,0.5014815926551819,0.5038496739314345,0.4775690865058341,0.4797840534259841,754680000
2001-12-17,0.519511878490448,0.526769125163439,0.4976611769522708,0.4976611769522708,1080960000
2001-12-18,0.5061410665512085,0.5153089012735347,0.5018633229136059,0.5081277258219146,886968000
2001-12-19,0.4923134744167328,0.5079749004256922,0.49040380830925,0.4978141674483961,854652000
2001-12-20,0.4729078710079193,0.5032387566196278,0.47115131930604304,0.49430009697459665,951228000
2001-12-21,0.4933832287788391,0.4965919609621258,0.4776448127189423,0.48322156958143087,723972000
2001-12-24,0.5056830644607544,0.5082042046676098,0.49292506878754305,0.4931543030933661,265308000
2001-12-26,0.5180593729019165,0.5266927303954028,0.5081278232710759,0.5082038885762573,642156000
2001-12-27,0.5300547480583191,0.5324227732503063,0.5218036816255486,0.522567340378474,730152000
2001-12-28,0.5172956585884094,0.5367012184384341,0.5121772613725933,0.5331863128247928,757680000
2001-12-31,0.5111075639724731,0.5240956649746725,0.5099615566677096,0.5211161115558502,737580000
2002-01-02,0.5141631960868835,0.522949671260628,0.5004114359401474,0.5133234173000576,1298904000
2002-01-03,0.5478551387786865,0.5500710337961824,0.5149279147720659,0.5152331597615293,1414752000
2002-01-04,0.531888484954834,0.5551133914779943,0.522567527898336,0.5551133914779943,936288000
2002-01-07,0.5176010727882385,0.5347907972832032,0.5104198943837656,0.5340270839653354,973068000
2002-01-08,0.5237133502960205,0.5361660426606485,0.5147746903946618,0.5165321711056835,774360000
2002-01-09,0.5165318846702576,0.5405204284317647,0.5091975952832484,0.5309712293327672,1141188000
2002-01-10,0.5041554570198059,0.5208097723986529,0.49964765802531086,0.513781708685635,992508000
2002-01-11,0.4818464517593384,0.5076694788547824,0.47986066615054457,0.5075164192650677,1380852000
2002-01-14,0.45655888319015503,0.48413855166929304,0.45655888319015503,0.4807775784966504,1369560000
2002-01-15,0.4991893470287323,0.4994946466076848,0.475047674899907,0.47558215408045734,1838808000
2002-01-16,0.4797077476978302,0.49559841062344717,0.4778742012610828,0.4923896770368164,1115388000
2002-01-17,0.49651503562927246,0.49659202991186757,0.4776448790379509,0.49559826268456064,1121544000
2002-01-18,0.4874241352081299,0.4908621016618291,0.4774917099599351,0.47779788378239524,803676000
2002-01-22,0.4751998782157898,0.49330637889934265,0.46969913041192934,0.49200818624281883,1085028000
2002-01-23,0.48413845896720886,0.4875763711334218,0.4700052815051976,0.47947841968147803,889164000
2002-01-24,0.5014815926551819,0.5065239292752255,0.4786380454758833,0.4889518984481239,1137684000
2002-01-25,0.5001823306083679,0.5126359545995375,0.488188049506992,0.49430021703638755,817752000
2002-01-28,0.5194343328475952,0.5195113817303759,0.5049189244222893,0.509961200032009,924288000
2002-01-29,0.49399396777153015,0.5221850814250648,0.4858959604158813,0.5206577091724923,1381932000
2002-01-30,0.499953031539917,0.5003353253882828,0.4847499658436909,0.49659205877868356,1218456000
2002-01-31,0.5022447109222412,0.51034353272555,0.4855133534888459,0.5064472086761244,973980000
2002-02-01,0.48994550108909607,0.5067529380702257,0.4870420669925337,0.5014053581458155,688272000
2002-02-04,0.4668727219104767,0.5007937654740096,0.4661090630491181,0.4888755506405389,1104864000
2002-02-05,0.4622887074947357,0.4677893998971195,0.44410611665500144,0.4637400142262548,1474620000
2002-02-06,0.4738245904445648,0.48199953578601634,0.465268225613512,0.4745121837737415,1242528000
2002-02-07,0.4584685266017914,0.4744361255593191,0.4562535610425171,0.4744361255593191,964476000
2002-02-08,0.44097352027893066,0.46412235400789287,0.42347852108802436,0.46152509448086404,1871292000
2002-02-11,0.4653444290161133,0.4660320224685789,0.4386815625734189,0.4402859290809599,1249224000
2002-02-12,0.4751998782157898,0.483986353436585,0.4530448382961017,0.4583163518450429,1216500000
2002-02-13,0.4690886437892914,0.4894101127240243,0.4645047231499011,0.48131210429313237,1230432000
2002-02-14,0.47489455342292786,0.4847499865223063,0.46710190064052665,0.4730609527040698,1225692000
2002-02-15,0.4381469190120697,0.4557180327737154,0.4335630005259456,0.4530446814142823,3988548000
2002-02-19,0.4091152548789978,0.4237838157157831,0.40575340743407823,0.41942910251307824,1972524000
2002-02-20,0.43050652742385864,0.4350904466941472,0.40109331866264725,0.40185700466224095,1838736000
2002-02-21,0.40109333395957947,0.42477664453616626,0.4005588548320418,0.42462445924118697,1531044000
2002-02-22,0.38138243556022644,0.39765535907469896,0.376264010119641,0.39307144003651656,2585616000
2002-02-25,0.4112541675567627,0.41423372139792664,0.38306302320581886,0.38314004483108244,1599564000
2002-02-26,0.4201927185058594,0.4274509191866013,0.4091152131789506,0.42026974011586277,1902672000
2002-02-27,0.40605953335762024,0.43157641630451493,0.4049135535355136,0.42974284312468153,1723224000
2002-02-28,0.3897097110748291,0.4106435815480119,0.3862717434357556,0.4033853796781279,1585440000
2002-03-01,0.42737478017807007,0.42783316663101906,0.3923077657093031,0.3934537455028322,1311396000
2002-03-04,0.45121118426322937,0.45610040305450655,0.42454742005083534,0.4286729528450241,1484724000
2002-03-05,0.4500652551651001,0.46213562641311806,0.4438769689376458,0.44425833383867014,1379448000
2002-03-06,0.43593111634254456,0.4410495419174649,0.4265340711387167,0.4366187096807806,1446060000
2002-03-07,0.4324171245098114,0.44357072227646915,0.4203458247964566,0.44211947014473285,1346532000
2002-03-08,0.44532814621925354,0.45449601154300917,0.43852836035828396,0.4406681345784191,1270356000
2002-03-11,0.44013285636901855,0.44532827757667914,0.4327985892689551,0.4404390849370425,810540000
2002-03-12,0.4170610010623932,0.4289791865658661,0.41408144785594597,0.42668722676433996,1255032000
2002-03-13,0.40949755907058716,0.4161442598320939,0.4079692851071109,0.413164706202613,1031616000
2002-03-14,0.38680708408355713,0.4064409550993425,0.38596640373854735,0.4064409550993425,1139460000
2002-03-15,0.40315619111061096,0.40361460503160346,0.3821462543380571,0.3895575435098831,1248288000
2002-03-18,0.40315619111061096,0.41935305493596525,0.3985722704792633,0.41049048597862503,1236996000
2002-03-19,0.39459991455078125,0.40682340433216263,0.3922309322258844,0.406059717982319,846072000
2002-03-20,0.3554072678089142,0.38886992447696045,0.35410817344286205,0.38810530934174753,2292588000
2002-03-21,0.3742774426937103,0.37855606326857283,0.3518922937239644,0.36144245528334396,1721712000
2002-03-22,0.3710687458515167,0.3810003013716833,0.36824230606827235,0.3810003013716833,1249140000
2002-03-25,0.3518923819065094,0.36976970784384017,0.35143399523890956,0.36931132117624027,884160000
2002-03-26,0.3590743839740753,0.3680130169183179,0.3462393972272633,0.34822515597695264,1123512000
2002-03-27,0.3476145267486572,0.3607548119402424,0.34150233348520026,0.35357363307761885,1068012000
2002-03-28,0.33890506625175476,0.35219843806759676,0.31988179514652526,0.3499825709991056,3124080000
2002-04-01,0.33332741260528564,0.3359255739755938,0.30987330475314034,0.3201110326802981,2365344000
2002-04-02,0.32461783289909363,0.3414261624267344,0.322708167408755,0.323319668014519,1438008000
2002-04-03,0.3307301104068756,0.33493173622818423,0.31934640387599306,0.3260700980827442,1094640000
2002-04-04,0.32912564277648926,0.3403562589148648,0.3237010444173697,0.32820887005276017,1130964000
2002-04-05,0.3216383755207062,0.3366131366173011,0.3182774299303828,0.33126462904497556,1026900000
2002-04-08,0.3324105441570282,0.3324105441570282,0.30666448355733356,0.3067405761965529,1151316000
2002-04-09,0.31140151619911194,0.33844667309843113,0.3106369285513424,0.3356963269582287,1380768000
2002-04-10,0.294211745262146,0.3162906561653205,0.27197972014695654,0.3139226044398477,3689724000
2002-04-11,0.2812998294830322,0.29558699646936254,0.2780910966735449,0.2918428555524611,1437288000
2002-04-12,0.280230849981308,0.2898570750036928,0.27144437628246904,0.28756511536396717,1376880000
2002-04-15,0.29153749346733093,0.29635061897163434,0.28496691499776666,0.28565450825871147,1157208000
2002-04-16,0.30421945452690125,0.30773441585114025,0.2982603480918084,0.3046017483740559,854856000
2002-04-17,0.307810515165329,0.31231834223265204,0.2981842618968084,0.307810515165329,944484000
2002-04-18,0.30269208550453186,0.3079635985860149,0.2960454129163465,0.3046778441381297,693156000
2002-04-19,0.2820644676685333,0.2960454632826365,0.28168217375243204,0.29245440866035644,1125672000
2002-04-22,0.28343963623046875,0.28916953641500576,0.27885571608283916,0.27893180874199053,808176000
2002-04-23,0.27197977900505066,0.28894029639913976,0.269458612521967,0.2856545422935948,773508000
2002-04-24,0.24814336001873016,0.2791609623991706,0.2474557939856662,0.27511152223384544,1582956000
2002-04-25,0.2577696144580841,0.26273492595329245,0.247073474866357,0.24714956751160824,1168296000
2002-04-26,0.2320227026939392,0.26090144253655206,0.2320227026939392,0.26059614289181326,1191120000
2002-04-29,0.27068063616752625,0.274576961311653,0.25074056943043227,0.2594500197846801,3930852000
2002-04-30,0.2659437358379364,0.2807654125812777,0.2601377423673432,0.2770982651382844,1776504000
2002-05-01,0.2707567512989044,0.2745008914951415,0.2547900299670076,0.2615889138109,1718904000
2002-05-02,0.25983238220214844,0.2787786596151432,0.25975538791608627,0.27205589451125906,1125084000
2002-05-03,0.2502061724662781,0.2621243859757683,0.24890707823202346,0.2601376982971481,852756000
2002-05-06,0.24065595865249634,0.2551714284814633,0.23866929873282522,0.2437116040127706,1102044000
2002-05-07,0.24669112265110016,0.25112285562183456,0.23462075547552824,0.2460035294528566,1412448000
2002-05-08,0.27503547072410583,0.27931409109960054,0.25517148970344367,0.2634995508499065,1688688000
2002-05-09,0.26327037811279297,0.27984857758683684,0.26281196424714587,0.2741947701474306,1230840000
2002-05-10,0.2435593605041504,0.2696877354665103,0.24065590111357596,0.2686939412649862,1321548000
2002-05-13,0.2583042085170746,0.2591449165013862,0.24401796511698115,0.24608071879561527,800892000
2002-05-14,0.2839739918708801,0.2868774515087343,0.27006912320142723,0.27480615556493243,1526112000
2002-05-15,0.28955087065696716,0.29489937751529793,0.2757229930030771,0.27961934620576806,1504548000
2002-05-16,0.29008638858795166,0.2960454967718743,0.2837449864446818,0.2896279746335544,985560000
2002-05-17,0.2992542088031769,0.30009398769696155,0.29054475413649744,0.29795511435162886,934404000
2002-05-20,0.3024628460407257,0.304448576958923,0.29535776103447264,0.2967329202689561,953412000
2002-05-21,0.2793901562690735,0.3105608471705029,0.2790848840385704,0.306359221500874,1382604000
2002-05-22,0.2906968295574188,0.29237821730483404,0.281147599607552,0.2816059860330445,1547988000
2002-05-23,0.2729727625846863,0.2921491552216721,0.2643393995707717,0.29153765425764755,2556780000
2002-05-24,0.26762503385543823,0.26915240579612687,0.2614367485420246,0.2677772191387847,737784000
2002-05-28,0.25700506567955017,0.2701462538404837,0.25165745955436875,0.2699931395681421,1367088000
2002-05-29,0.26670825481414795,0.2677772129628598,0.24898312325010513,0.252879476248606,1311012000
2002-05-30,0.2628120183944702,0.26915251897984355,0.25616534384099465,0.2612837441747848,1066080000
2002-05-31,0.2556297481060028,0.2654851765410986,0.25517136180438765,0.2643391971259085,674112000
2002-06-03,0.24057990312576294,0.2505875482776748,0.23752335565771412,0.24944156838626183,901248000
2002-06-04,0.2527273893356323,0.2540255548679927,0.238669398420047,0.2390516923633633,1095432000
2002-06-05,0.24906019866466522,0.2533379174233792,0.24027372362401253,0.2532618247670191,1114308000
2002-06-06,0.24913623929023743,0.25249808591638184,0.24638589334140956,0.2464619859818781,739356000
2002-06-07,0.24676822125911713,0.24982386715094757,0.22881390752664463,0.22889091547523163,1371300000
2002-06-10,0.244705468416214,0.25700507497026676,0.2440939949082054,0.25005307473471106,749148000
2002-06-11,0.23370404541492462,0.24982388535897862,0.2330925446084881,0.24875399801800005,859308000
2002-06-12,0.21353472769260406,0.2322518091166774,0.2037553892252548,0.22812627663954557,2267544000
2002-06-13,0.21131888031959534,0.21911154590374415,0.2045961019211207,0.2151391272967582,1265892000
2002-06-14,0.2152913212776184,0.21689568764154318,0.19665033002477042,0.20352622295044764,1116444000
2002-06-17,0.21720193326473236,0.22293183346363044,0.21345777825147008,0.2201044652144238,1054140000
2002-06-18,0.21605591475963593,0.22232030671520847,0.21200647453224591,0.21452762743867798,1008300000
2002-06-19,0.1822109967470169,0.20551291783971826,0.18060661655778854,0.20551291783971826,2593620000
2002-06-20,0.18053048849105835,0.18755856605437748,0.17816152101238159,0.18259325480908564,1425048000
2002-06-21,0.1731192171573639,0.1865657033846383,0.16945208430124442,0.17961371784716343,1484364000
2002-06-24,0.17632797360420227,0.1817525873807458,0.1634929873826988,0.16868840790410655,1379592000
2002-06-25,0.1617364138364792,0.1795367111315487,0.16066652660594818,0.1795367111315487,1172232000
2002-06-26,0.15333224833011627,0.15875686139118328,0.13942736299710148,0.1434007104051027,2067828000
2002-06-27,0.13048875331878662,0.16020817048501823,0.12834989374988878,0.15898609772549135,3182808000
2002-06-28,0.13125336170196533,0.13667706122130954,0.12552344725746417,0.12834990049726752,1991184000
2002-07-01,0.13094711303710938,0.13446207422750767,0.12819676683422193,0.13064182714956418,1164372000
2002-07-02,0.12269601970911026,0.129878097659224,0.1193350891946543,0.12941971133251995,1368180000
2002-07-03,0.13331612944602966,0.13354532274638575,0.12185631415545248,0.1219324068229725,1073304000
2002-07-05,0.14508117735385895,0.14515726999339748,0.13873977797636095,0.1428653105103353,739524000
2002-07-08,0.149435892701149,0.15463131197544444,0.14324759433097672,0.14340069489685534,1587180000
2002-07-09,0.14210160076618195,0.15172783717980173,0.13889285529497536,0.1498181718091288,1075080000
2002-07-10,0.13820531964302063,0.14668558003779342,0.1372124402308969,0.14553960001102625,926988000
2002-07-11,0.15226231515407562,0.15279772309118023,0.13621858790424565,0.13744158903104073,1143948000
2002-07-12,0.15211017429828644,0.1610488337285977,0.1489775205602775,0.16043733298671986,1344900000
2002-07-15,0.16723719239234924,0.16731328506775733,0.14561572506781068,0.15249162041940365,1495272000
2002-07-16,0.16272927820682526,0.17839071490305108,0.16005502485495332,0.16311158567148604,1773432000
2002-07-17,0.14890140295028687,0.16234697168665826,0.1425600038888242,0.1592152337712139,1922364000
2002-07-18,0.14508117735385895,0.15508970917202522,0.14469886990009137,0.14645635031146503,1243188000
2002-07-19,0.1385105848312378,0.1462271715925298,0.13751771922896538,0.14065037290852023,845772000
2002-07-22,0.13209308683872223,0.14179634703221555,0.12644019573612172,0.1379000074855195,1290744000
2002-07-23,0.1222376599907875,0.13369747220635048,0.11773074851367779,0.13285769353441904,1409652000
2002-07-24,0.13003037869930267,0.1320170394634816,0.12048114477556492,0.1205572374456639,1175100000
2002-07-25,0.11505649238824844,0.1253703257413492,0.11085487322315954,0.12498803187393219,1796448000
2002-07-26,0.11238224059343338,0.12116870190651702,0.10925050185325924,0.11841835540408162,1221900000
2002-07-29,0.11551490426063538,0.11765376380212268,0.11177167123859981,0.11704317824847547,1227720000
2002-07-30,0.12391902506351471,0.12972501591646537,0.11459807368703273,0.1149803674471009,1818012000
2002-07-31,0.0845734104514122,0.09213689151402392,0.08358053779229901,0.0903033178634828,4837140000
2002-08-01,0.07647545635700226,0.08526101091428176,0.07639844838856263,0.08526101091428176,1725708000
2002-08-02,0.07143310457468033,0.07945496866061348,0.06952252380954704,0.07891956752331614,1795260000
2002-08-05,0.06570323556661606,0.07051635664526731,0.06486254131985814,0.07036325600301743,1330716000
2002-08-06,0.06914114207029343,0.07173839406975702,0.0676889612706228,0.06875884830267365,1168800000
2002-08-07,0.06753677874803543,0.0728843840718128,0.06493861108273655,0.07219679754045548,892980000
2002-08-08,0.07196760177612305,0.07318967420762514,0.06646688922696115,0.06822436971086251,755424000
2002-08-09,0.07028712332248688,0.07257908248468513,0.06883493580060447,0.0700579233079208,581304000
2002-08-12,0.07028712332248688,0.07296046092644591,0.06768895621950534,0.06952252218314853,592800000
2002-08-13,0.06883495301008224,0.07418347381100476,0.06875886036217237,0.07074552737760674,654420000
2002-08-14,0.07349590212106705,0.07410648085353437,0.0695225536254329,0.07013404765564547,632688000
2002-08-15,0.07861430197954178,0.08014258269302543,0.07548164789567113,0.07624624931653694,1140120000
2002-08-16,0.08166994899511337,0.08442030239839762,0.07212071662373598,0.07441267665470958,1657428000
2002-08-19,0.09664472192525864,0.10275601495285465,0.08503180616083701,0.08518491362215747,2243928000
2002-08-20,0.09236607700586319,0.0993180566116449,0.09114400432833135,0.09740839728850857,1429488000
2002-08-21,0.09725528210401535,0.09847827681247416,0.09206078374936753,0.0965676955131337,1194876000
2002-08-22,0.09397044032812119,0.09817206607059945,0.09335894640605089,0.09435274100308016,1358496000
2002-08-23,0.08778213709592819,0.09190767001969087,0.08724765797374107,0.09129617612265123,919932000
2002-08-26,0.0884697362780571,0.09007410953922299,0.08434420308346509,0.08946261560204052,698568000
2002-08-27,0.08342739194631577,0.09045638369750537,0.0828929061151992,0.08999799049579799,686712000
2002-08-28,0.07823201268911362,0.0831221482992688,0.07792672671926752,0.08296904083486417,700356000
2002-08-29,0.07922579348087311,0.08281592552214417,0.07662762550248967,0.07723912629275816,815520000
2002-08-30,0.07716304063796997,0.08174696092265248,0.07563475983364155,0.07846120603199352,1065888000
2002-09-03,0.07242600619792938,0.07387727207819038,0.07120392674787557,0.07349589350863811,847284000
2002-09-04,0.07196760177612305,0.07456484722198187,0.06883494827786496,0.0726551882833014,930552000
2002-09-05,0.0692172423005104,0.07158530135874439,0.06875885584802482,0.07128000865900899,714312000
2002-09-06,0.07074552029371262,0.0727312786433276,0.06967563318114608,0.07212070009548802,746460000
2002-09-09,0.070668525993824,0.07288439328687382,0.06807127329767364,0.07021013263810312,578040000
2002-09-10,0.0807531401515007,0.08442027929585301,0.07021011596531003,0.07028713073022111,2317632000
2002-09-11,0.08472650498151779,0.09091479803146948,0.0832743170029967,0.0832743170029967,1657536000
2002-09-12,0.08205224573612213,0.08717065158023822,0.08113545903589836,0.08266373969195616,1294932000
2002-09-13,0.0807531401515007,0.0851078657508635,0.08021865426772895,0.08121153339836697,796872000
2002-09-16,0.07563474774360657,0.07983636662351247,0.07372508180909866,0.07953108072888312,925464000
2002-09-17,0.07448876649141312,0.08090625979956075,0.07403037996704208,0.07899660055549101,884052000
2002-09-18,0.07242600619792938,0.0747940587824954,0.07021013209154969,0.07334278607165501,811692000
2002-09-19,0.0699809342622757,0.07334278128369986,0.06959954888704159,0.07082162142673683,618492000
2002-09-20,0.07036323845386505,0.07196761174660532,0.06883495781434545,0.07051633905793042,687312000
2002-09-23,0.06730759888887405,0.06990485177273356,0.06684920550002407,0.06921725827416862,521676000
2002-09-24,0.06784207373857498,0.07105082010023304,0.06532091393139255,0.06654298644695782,624444000
2002-09-25,0.07158529758453369,0.07296047053064357,0.06898804543699254,0.07181449079869268,896616000
2002-09-26,0.06776601076126099,0.07372511278052739,0.06669612307308306,0.07296051111522746,739560000
2002-09-27,0.06539700925350189,0.06937035710816455,0.06532091660247741,0.06761287643150428,650688000
2002-09-30,0.06539700925350189,0.06822437719365113,0.06379263600706728,0.06516781600283084,584124000
2002-10-01,0.06891195476055145,0.06952253331464014,0.06356343444044664,0.0659324019081656,888360000
2002-10-02,0.06883495301008224,0.07296047916734955,0.06883495301008224,0.06944644691662046,749100000
2002-10-03,0.0654740259051323,0.06914116621737026,0.06532092528513513,0.06799518615052964,590568000
2002-10-04,0.06218830496072769,0.06738372890646871,0.06111933226944675,0.06532096092834802,529788000
2002-10-07,0.05913262069225311,0.06257056748874734,0.05867423416126144,0.061348494844162764,493068000
2002-10-08,0.057375140488147736,0.06127147339158147,0.05500708469735934,0.06111928809625166,714252000
2002-10-09,0.05630616843700409,0.06020250816185127,0.05531237387075454,0.05653536509230624,573132000
2002-10-10,0.05920872092247009,0.061042287561205874,0.05577077408279354,0.05577077408279354,538032000
2002-10-11,0.06730759888887405,0.06837657098752319,0.0611192983852692,0.06150068381593332,994140000
2002-10-14,0.0653209239244461,0.06730759807446819,0.06394575060511537,0.0653209239244461,611484000
2002-10-15,0.07212069630622864,0.07517634160786495,0.07112690188616715,0.07257908954940288,852768000
2002-10-16,0.0660845935344696,0.06784207414991954,0.06493861365986889,0.06723058023964917,578124000
2002-10-17,0.07112694531679153,0.07448879381120796,0.07005797290513557,0.0718145321861095,585792000
2002-10-18,0.07181446999311447,0.07257907101158681,0.06807123919808465,0.07074549850721258,498372000
2002-10-21,0.07830902189016342,0.0809062680151038,0.06921726018394682,0.07082163367389817,930624000
2002-10-22,0.0809062272310257,0.08556624472892353,0.07464184388250257,0.07471793650671904,1272168000
2002-10-23,0.08419110625982285,0.08533708623627538,0.08098235959352396,0.08212833956997649,925428000
2002-10-24,0.07991337031126022,0.08678925551559537,0.07869037581556954,0.08587246900019654,1055172000
2002-10-25,0.08480259776115417,0.08518489845160905,0.0791487838676773,0.08021867115791528,745956000
2002-10-28,0.08526097238063812,0.08938649790392206,0.08472648650170617,0.0886989114551377,1070544000
2002-10-29,0.0815177634358406,0.08602467552890057,0.07723912931528512,0.08541409684295796,772728000
2002-10-30,0.08587250858545303,0.08862286256892159,0.08380974139020633,0.08411503421378179,1139496000
2002-10-31,0.090914785861969,0.09152536442856186,0.08625385876962603,0.08648305199500564,1255476000
2002-11-01,0.10772218555212021,0.10902127254868851,0.08938649134235246,0.08953959873154352,2128836000
2002-11-04,0.11948729306459427,0.1261339778048166,0.1139104885164488,0.11421577434942365,2688132000
2002-11-05,0.11475119739770889,0.12116869016295939,0.10963187663499815,0.11918201630388489,2034540000
2002-11-06,0.12361287325620651,0.12376598755887688,0.11398663797610212,0.1186475736877842,1646016000
2002-11-07,0.11116015166044235,0.12040408285115282,0.11047255830502375,0.12040408285115282,1660560000
2002-11-08,0.08678927272558212,0.09954725121255964,0.0841150121183716,0.09397044520618128,3798900000
2002-11-11,0.08006555587053299,0.0838857956898561,0.0780797975553371,0.08266372331789058,1378452000
2002-11-12,0.08717066794633865,0.09015022186618087,0.08128857490337096,0.08197616847292265,1381188000
2002-11-13,0.08992098271846771,0.09244214210827133,0.08342739842225379,0.08510786397279409,1802112000
2002-11-14,0.09588010609149933,0.09771367255657615,0.09297756084862506,0.09588010609149933,1138728000
2002-11-15,0.10290908813476562,0.10627093501334184,0.09970034184609305,0.10084632168767917,2054328000
2002-11-18,0.10672935098409653,0.11154247143935313,0.10642314973925589,0.1111601775321692,1982472000
2002-11-19,0.10825669765472412,0.11368131118773789,0.10497185859430931,0.10611783847969951,1971948000
2002-11-20,0.11368132382631302,0.11459811056878094,0.11009027634457137,0.1115424644134997,1292796000
2002-11-21,0.12330751866102219,0.1289613376437691,0.11803600708156325,0.11826520026737575,2053920000
2002-11-22,0.1200987920165062,0.12254386580001851,0.11459808638373949,0.11582015879617595,1251900000
2002-11-25,0.1244535744190216,0.12750922131764805,0.12078644021820795,0.1256756473866599,1230084000
2002-11-26,0.12109167873859406,0.12750917131950046,0.12071030020993238,0.12506502634260763,1084332000
2002-11-27,0.13048875331878662,0.13262852818542736,0.12460665384930165,0.12621103418099094,1088556000
2002-11-29,0.1308710277080536,0.1358372549251096,0.12987814838368494,0.1339266736305186,519396000
2002-12-02,0.12987816333770752,0.13958051033846586,0.129266676160461,0.13782302944263225,1167504000
2002-12-03,0.12132086604833603,0.12773835831575076,0.12109167282331906,0.12743307244822652,1046220000
2002-12-04,0.10680541396141052,0.11459808593621344,0.10642312016047967,0.11276451967597768,2206548000
2002-12-05,0.10779830813407898,0.11444500126643223,0.1052010555472357,0.11368131519472621,1594872000
2002-12-06,0.10795141011476517,0.11001417673976709,0.10145782433116034,0.10313829026662044,1159224000
2002-12-09,0.09931804239749908,0.10611783571411604,0.098478270556085,0.10443736990315863,969792000
2002-12-10,0.10764613002538681,0.10963188880737297,0.10054104991229418,0.10183921522838972,1389888000
2002-12-11,0.10703461617231369,0.11001416225912693,0.10329138410455548,0.10688150875877855,1364208000
2002-12-12,0.1052771508693695,0.11230614486466992,0.10504795761063104,0.11100705747420397,1302552000
2002-12-13,0.10115160048007965,0.10336746721212298,0.1003879145695811,0.10336746721212298,707724000
2002-12-16,0.10711074620485306,0.10772224028321874,0.1019923325045259,0.10466659365644423,1056972000
2002-12-17,0.1069585531949997,0.11268845373215249,0.10611785904065726,0.1090213201206068,1077744000
2002-12-18,0.09878355264663696,0.10374977936972003,0.09855435941656958,0.10359667195325821,1126836000
2002-12-19,0.09664472192525864,0.10214543619488123,0.09565092711096305,0.09702610738601382,1100604000
2002-12-20,0.09794287383556366,0.10077023493043649,0.09312974729070052,0.09970034767250907,804576000
2002-12-23,0.09863047301769257,0.1009994410857364,0.09740840030234947,0.09771368624146784,498648000
2002-12-24,0.09664472192525864,0.10115164138058565,0.09610932053597998,0.09916588234756148,300336000
2002-12-26,0.09488723427057266,0.09970035430504827,0.09404654020619795,0.09824908156925875,719760000
2002-12-27,0.09129617363214493,0.09771366608045311,0.09045640181783006,0.09748447284897575,702528000
2002-12-30,0.08808746188879013,0.0926713897878685,0.08602469467573393,0.09167851016749887,784740000
2002-12-31,0.08793526887893677,0.0901502212479003,0.08549020108036823,0.08717066734849287,825396000
2003-01-02,0.09404653310775757,0.09511642035610604,0.08854582686370453,0.09167848066121764,1302540000
2003-01-03,0.09404653310775757,0.0974083869832773,0.09244215988402718,0.0943527411332965,1037496000
2003-01-06,0.10168704390525818,0.10321440269973879,0.09626242224154484,0.09633852173945325,1033428000
2003-01-07,0.1013808324933052,0.10604176777672442,0.1002348523707461,0.10367279273842345,1498272000
2003-01-08,0.09129617363214493,0.10168701360236938,0.09060858710713433,0.09878355325434479,1852524000
2003-01-09,0.09290055930614471,0.09511642659820763,0.09198377259511126,0.09412354723223285,1436076000
2003-01-10,0.0945049375295639,0.09588011766733452,0.09045641873398588,0.09167849142572032,924492000
2003-01-13,0.09374125301837921,0.09893667368695352,0.09328285966454394,0.09809597963394517,849120000
2003-01-14,0.09442885220050812,0.09534563903018536,0.091602405877268,0.09404655145045815,868524000
2003-01-15,0.09152539074420929,0.09526954601156429,0.09152539074420929,0.09450494451430409,904584000
2003-01-16,0.0853370875120163,0.09129618757700232,0.08411501486215725,0.09015020758341803,2039976000
2003-01-17,0.08212833851575851,0.08419110517912672,0.08105936650581183,0.08304511838680488,1058832000
2003-01-21,0.08006555587053299,0.08541407604319147,0.07983635582558742,0.08365660247548852,967356000
2003-01-22,0.0801425650715828,0.0822053313557528,0.0796071638673969,0.07983635708538107,550992000
2003-01-23,0.08235751837491989,0.08365660556181465,0.08014256676364066,0.08228142573314097,918456000
2003-01-24,0.0776975154876709,0.08205224907568359,0.07632234221194448,0.08166994836405603,897108000
2003-01-27,0.07655151933431625,0.07998946545963859,0.07464186043547716,0.07601703342114355,889116000
2003-01-28,0.0793018788099289,0.08075315138939744,0.07303749354499915,0.07555864650774953,1785480000
2003-01-29,0.0809062272310257,0.08151772777773626,0.07716300290455615,0.07716300290455615,1022040000
2003-01-30,0.07762140780687332,0.08319821297926602,0.07678072071977204,0.08251062647448547,743064000
2003-01-31,0.07884350419044495,0.08098236364236414,0.07464187794554814,0.07532946459968073,949656000
2003-02-03,0.08037177473306656,0.0818991331651533,0.0786903867461219,0.0802947599556376,755556000
2003-02-04,0.07678072899580002,0.08021866872084914,0.07563474908745031,0.07983636804200867,627720000
2003-02-05,0.07746832072734833,0.08060097476070628,0.07716303480698929,0.07846120010291437,581508000
2003-02-06,0.07807981222867966,0.08296902476338976,0.07678073167615693,0.08281592415922202,1226184000
2003-02-07,0.0745648443698883,0.07998946406888065,0.07441265909035195,0.07960716344453728,915156000
2003-02-10,0.07548161596059799,0.07601701705598617,0.0712799916058888,0.07448873698909354,982632000
2003-02-11,0.07410647720098495,0.07830901877712883,0.07372509177495928,0.07609314452030326,850716000
2003-02-12,0.07448876649141312,0.0772391266211159,0.0734958939572443,0.0741064726218894,641400000
2003-02-13,0.0754055455327034,0.07616922472702187,0.07372507972171959,0.07578784619392726,889164000
2003-02-14,0.09198376536369324,0.09206078014080409,0.08365661345583848,0.0857193799782071,3548844000
2003-02-18,0.09725528210401535,0.09908885545380534,0.09435274360602586,0.09549872353435501,1740516000
2003-02-19,0.09817209839820862,0.09878359252164105,0.09557484502198325,0.09664473262116412,1141212000
2003-02-20,0.09817209839820862,0.10115165257528283,0.09779071289524459,0.09855439919905745,978132000
2003-02-21,0.09824907779693604,0.09847827788344195,0.09473412319359319,0.09809597719377872,913260000
2003-02-24,0.09947113692760468,0.10306218369768769,0.09687389148884831,0.09740837741171043,1137012000
2003-02-25,0.09885966032743454,0.09931805368786967,0.0947341269140978,0.09626240760457327,1239204000
2003-02-26,0.09404653310775757,0.09916586080448767,0.09381733986032995,0.09756148758075728,746892000
2003-02-27,0.09603320062160492,0.09649159391656002,0.09343594826975299,0.09496331344439461,675312000
2003-02-28,0.09641551226377487,0.09664470552209294,0.0903033049757988,0.0930536582285121,1653336000
2003-03-03,0.09481114149093628,0.09931805347086918,0.09358814672381852,0.09756149481695835,702036000
2003-03-04,0.09404653310775757,0.09603320700697456,0.09312974645688907,0.09511642035610604,538392000
2003-03-05,0.09557481855154037,0.09610930455415694,0.09290055794319498,0.09312975120230112,522156000
2003-03-06,0.09397044032812119,0.09572792097748503,0.0935881396531622,0.09481113432788178,548064000
2003-03-07,0.095421701669693,0.09572790965860324,0.09167846969461663,0.09251915676439529,581148000
2003-03-10,0.09274834394454956,0.09488720259100743,0.09259524338662886,0.09442880938401628,344796000
2003-03-11,0.09343596547842026,0.09496333093436603,0.09236607810416231,0.09343596547842026,417144000
2003-03-12,0.09603320062160492,0.0962623938537932,0.09335894032734103,0.09419963427236307,493920000
2003-03-13,0.10558333992958069,0.10619391847528065,0.09840124662035073,0.09885963988600284,1362732000
2003-03-14,0.10252680629491806,0.1069585480128334,0.1017631269697421,0.10596475328122065,1094220000
2003-03-17,0.1084858700633049,0.11054863619305502,0.10061711297263687,0.1008463061734635,1307808000
2003-03-18,0.10764613002538681,0.1093265960516909,0.10543026267748908,0.10810452339245402,932280000
2003-03-19,0.10818060487508774,0.10894428408837523,0.10436036455234605,0.10787531215094005,712992000
2003-03-20,0.10917346179485321,0.11146542109326574,0.1053541375522303,0.10818058270984902,780060000
2003-03-21,0.10818060487508774,0.11329901037983449,0.10329139261491088,0.11291763183726682,1681800000
2003-03-24,0.10413113981485367,0.10695850701010638,0.10313826076157015,0.1037497613626114,839016000
2003-03-25,0.10711074620485306,0.1087151198364406,0.10405509957807854,0.10443740035075204,672828000
2003-03-26,0.11009024828672409,0.1119238213043514,0.10863898271592433,0.10947966975600285,1107840000
2003-03-27,0.1069585531949997,0.11093097959021375,0.10665234511357964,0.10863901937535264,1392732000
2003-03-28,0.10260379314422607,0.10733990452837691,0.10092241209349312,0.10695852600839306,1290684000
2003-03-31,0.09840129315853119,0.10069326057076124,0.09794290650666651,0.09947118077334414,680508000
2003-04-01,0.10130471736192703,0.10237460458237659,0.09824907159162678,0.10046402338292855,533808000
2003-04-02,0.10504794120788574,0.10680541484140733,0.10336747551367242,0.10474264851253509,771900000
2003-04-03,0.10642314702272415,0.10695854836924197,0.10420818803880315,0.10695854836924197,702780000
2003-04-04,0.10229761898517609,0.10688153946024859,0.10183922557155278,0.10672935413107475,513840000
2003-04-07,0.10336749255657196,0.11001417908497506,0.10237461319808722,0.10917349186580427,671256000
2003-04-08,0.1023746132850647,0.10481875852559007,0.10168702667168211,0.10428427934928934,475032000
2003-04-09,0.10183919966220856,0.10550633920764216,0.10168701437175283,0.1027559862562116,694260000
2003-04-10,0.1023746132850647,0.10336749264439299,0.10138081862809781,0.10321438520731113,364104000
2003-04-11,0.10122863948345184,0.10436037835864333,0.10023484476596882,0.10352059955467999,374184000
2003-04-14,0.10298517346382141,0.10329138145245115,0.09939504207120002,0.09970033476235543,445776000
2003-04-15,0.10245070606470108,0.10374979346920128,0.09977644543175512,0.10229760545801152,490212000
2003-04-16,0.10245070606470108,0.1050479587454824,0.10161001201320924,0.1048187586536885,671988000
2003-04-17,0.10428425669670105,0.10451344990785018,0.10107551075714581,0.10321436278712481,520740000
2003-04-21,0.1069585531949997,0.10726383914808782,0.10344359808054199,0.10443739286030432,597144000
2003-04-22,0.10833369940519333,0.1084097920499319,0.10466655988334111,0.10642312511729594,787392000
2003-04-23,0.11077786982059479,0.11146545646218,0.10733992295150943,0.10818061703645647,606204000
2003-04-24,0.10749302804470062,0.11085487535215163,0.10604175530512738,0.11085487535215163,660912000
2003-04-25,0.10352061688899994,0.10871512343033839,0.10252682200510795,0.10688154960186376,884652000
2003-04-28,0.10665233433246613,0.10856291573727098,0.10352059557759083,0.10474266822532043,674988000
2003-04-29,0.10993808507919312,0.11146545042532872,0.10825670383094055,0.10909739787035648,670344000
2003-04-30,0.10947968810796738,0.11230614074636082,0.10886819417729922,0.10932658750854604,466620000
2003-05-01,0.11016729474067688,0.11123626683327685,0.10810452791781484,0.10871510662415881,733368000
2003-05-02,0.12147398293018341,0.12223766901136933,0.11100705603647375,0.11161854998164573,1691088000
2003-05-05,0.1244535744190216,0.13018348953806894,0.12040413258094093,0.1226200141491961,1576164000
2003-05-06,0.12460662424564362,0.1278153704855378,0.12261996413609721,0.12384203660528788,1143864000
2003-05-07,0.12261995673179626,0.12567558853844538,0.12048109780019513,0.12277305731012765,897372000
2003-05-08,0.12269601970911026,0.12758613870339786,0.11956428235800631,0.12109164024334017,1957452000
2003-05-09,0.16326376795768738,0.16448675564861165,0.13980966649535287,0.14385910643083058,9230856000
2003-05-12,0.15867987275123596,0.16731323299452686,0.15738169386155365,0.1636460863053673,3007860000
2003-05-13,0.15570031106472015,0.15814537138374768,0.152339379420519,0.15325615238209161,1824108000
2003-05-14,0.15554815530776978,0.15814540141523337,0.1535614810922632,0.1562357351595192,965580000
2003-05-15,0.1608957052230835,0.16120099106170133,0.15699936612209886,0.1578400599612138,1105656000
2003-05-16,0.1624239832162857,0.16525043535391565,0.15867984294231116,0.1589090361520388,1028916000
2003-05-19,0.1532561480998993,0.1618124996922419,0.15134558062381176,0.16028422603864664,1220484000
2003-05-20,0.1543251872062683,0.15547116753651752,0.15279782818494353,0.15348542184755828,884124000
2003-05-21,0.15974977612495422,0.15982586878434885,0.15356147570917872,0.15440216981447227,905472000
2003-05-22,0.16028422117233276,0.161736402136353,0.1562356963818315,0.15997893530212617,888816000
2003-05-23,0.1594444364309311,0.16349296106621952,0.15875685677619938,0.1604373156053215,867612000
2003-05-27,0.17357762157917023,0.17418910867219806,0.1547074367179405,0.15776308257138216,1677408000
2003-05-28,0.1731192171573639,0.17495279041600245,0.16884149885968777,0.17304312450920478,1235556000
2003-05-29,0.18496134877204895,0.19084436319190465,0.17266085438784773,0.17304314827627662,2297736000
2003-05-30,0.19993512332439423,0.203450083759845,0.19749097883156355,0.20245628940689236,2142312000
2003-06-02,0.18885770440101624,0.20535984001288551,0.18763563161442115,0.2051306330595957,1566144000
2003-06-03,0.19275403022766113,0.19848393039721104,0.18442687039562922,0.1867188304634492,1596804000
2003-06-04,0.19733791053295135,0.1974910111176475,0.18916293766884687,0.19214249062008873,1175604000
2003-06-05,0.20299173891544342,0.20367933233603533,0.19214251145661435,0.19474068617413226,1204404000
2003-06-06,0.1968034952878952,0.2120065371876305,0.19527520751527452,0.21093664968148002,1378836000
2003-06-09,0.1944345086812973,0.20062280967256024,0.19145495483426392,0.1955804888284392,720588000
2003-06-10,0.1972617655992508,0.19741395084609747,0.19229554023112425,0.19443439868467466,563304000
2003-06-11,0.19741404056549072,0.1991715214033868,0.19252482089603373,0.1960388672741443,943836000
2003-06-12,0.1944345086812973,0.20092901093401075,0.19382393675396303,0.1987892359726688,1046688000
2003-06-13,0.17930753529071808,0.191378835997728,0.17800936998815167,0.1860312299211973,1826808000
2003-06-16,0.1831277459859848,0.18541970550611897,0.16945206784479266,0.18144727348442777,1904868000
2003-06-17,0.18748250603675842,0.1887045786607191,0.18182868518376943,0.1873294054297927,999852000
2003-06-18,0.1946636438369751,0.19840779808272024,0.1841206187032979,0.18564890598305825,1122072000
2003-06-19,0.18282249569892883,0.19649726222530275,0.1818287009527684,0.19550438277686308,1190532000
2003-06-20,0.18091188371181488,0.1848852314321622,0.17800935217751435,0.18480822348614329,937848000
2003-06-23,0.1744944304227829,0.18167652615249655,0.1709043046862802,0.18075973931222014,734784000
2003-06-24,0.17411299049854279,0.1772447285429297,0.16853527711828978,0.173425397195119,1008816000
2003-06-25,0.17525900900363922,0.18167650238485114,0.17388383575371066,0.17457142920925445,1060620000
2003-06-26,0.17548821866512299,0.17785628517352245,0.1702927974393257,0.17579351827531614,960540000
2003-06-27,0.1723555475473404,0.1791553484365154,0.17151486714722136,0.17755096826702044,709104000
2003-06-30,0.17502979934215546,0.17808544513742902,0.17266083164044405,0.1746475055040923,544128000
2003-07-01,0.1822109967470169,0.18244019001371833,0.17120956967259723,0.1728139498618256,977016000
2003-07-02,0.18167650699615479,0.18626044071419748,0.17915535369710084,0.1838914590692742,846828000
2003-07-03,0.17961373925209045,0.18427376560219058,0.17709258596687982,0.17747396455068803,420912000
2003-07-07,0.19137881696224213,0.19237169624413097,0.1819817847075816,0.18205787735607873,832200000
2003-07-08,0.18923991918563843,0.1917610853282598,0.18564887969455113,0.18610726608712505,602856000
2003-07-09,0.19359469413757324,0.19672643274071636,0.18885767379078783,0.1891629596982246,755352000
2003-07-10,0.1856488436460495,0.19000356817453962,0.1823640059194342,0.18755850880081323,644568000
2003-07-11,0.18664179742336273,0.18901076512945422,0.18503741739481122,0.18786478524955647,495000000
2003-07-14,0.18519054353237152,0.19252480976980296,0.18427375683740294,0.19137882981638188,694344000
2003-07-15,0.1791553497314453,0.1887815898345163,0.1773978689407756,0.18794089576716178,1143456000
2003-07-16,0.1769394725561142,0.18335696560077772,0.17266083876046986,0.1825162715802406,880476000
2003-07-17,0.16807690262794495,0.17380681581980814,0.1657849428156629,0.17159186395558557,853764000
2003-07-18,0.1624239832162857,0.16532652799134684,0.15638786986156766,0.16479203527330466,1280832000
2003-07-21,0.1599789261817932,0.1638752518026581,0.15615867953861015,0.16334077273589123,985140000
2003-07-22,0.1626531481742859,0.16570879299089908,0.16173636183345907,0.1644867208559395,582444000
2003-07-23,0.1647920310497284,0.1657849101617786,0.15761086712785763,0.16250007168888295,605328000
2003-07-24,0.15837453305721283,0.16899364925790217,0.15699936022779337,0.16777157699074793,1116828000
2003-07-25,0.1608957052230835,0.16181247803634544,0.1527977411824964,0.15867983850292028,1002084000
2003-07-28,0.15592943131923676,0.16257611414647108,0.15524183825874138,0.16219473578936527,703752000
2003-07-29,0.14569267630577087,0.1540198346958808,0.14026806300904374,0.14179635032962448,2794788000
2003-07-30,0.1440882831811905,0.14683862880993737,0.14317149675122331,0.1451572548743837,788724000
2003-07-31,0.14584487676620483,0.1495890315013741,0.14431751824545988,0.1474492568994285,897600000
2003-08-01,0.15065798163414001,0.15188096936258577,0.14446968258060072,0.14592187719563277,767556000
2003-08-04,0.1563117951154709,0.15906215493047385,0.1495890166595197,0.15050580326452068,1428852000
2003-08-05,0.15585342049598694,0.16402839425539328,0.15455433996641152,0.1603612475565079,1063488000
2003-08-06,0.14951202273368835,0.15585342325595003,0.1457687833165876,0.15379065661658764,1025868000
2003-08-07,0.14744925498962402,0.15126950232900277,0.14546349631603872,0.14913064305239,1040340000
2003-08-08,0.11841835826635361,0.12697471122358692,0.11658478477963831,0.1264402183637042,3767580000
2003-08-11,0.12483583390712738,0.12644020023206617,0.11956432113463004,0.12032799349439166,1675752000
2003-08-12,0.12735702097415924,0.12766230694036784,0.12437746710232143,0.12644023411658137,764160000
2003-08-13,0.1281968504190445,0.1302596182467211,0.12468281589619536,0.12789156433245163,693552000
2003-08-14,0.12376590073108673,0.1257525738078815,0.12239071449349025,0.12391900126518773,1527696000
2003-08-15,0.12338367849588394,0.12414828005777344,0.1222376982814677,0.1230022998433572,217716000
2003-08-18,0.12705080211162567,0.12705080211162567,0.12315446192191438,0.12537032926124167,717684000
2003-08-19,0.13675406575202942,0.1375177519584204,0.1298011633605674,0.12987817132352805,1403976000
2003-08-20,0.13484343886375427,0.13736459156672975,0.13186388606677477,0.13484343886375427,870348000
2003-08-21,0.1385105848312378,0.13980967893925525,0.13598943188215046,0.13812920629827544,644748000
2003-08-22,0.13950438797473907,0.14882441177076927,0.13942736637175296,0.14683865331620077,1002396000
2003-08-25,0.13873982429504395,0.14217776466740334,0.1375177515059819,0.14217776466740334,434028000
2003-08-26,0.13652485609054565,0.13904600933740752,0.13278070123829955,0.13698324262228087,768984000
2003-08-27,0.14065039157867432,0.1421016575123425,0.13598944993360382,0.13744164482610294,567816000
2003-08-28,0.1369832456111908,0.14278925200758955,0.13537887905395193,0.1420255658760946,828312000
2003-08-29,0.13881683349609375,0.13942740541660867,0.13621865830821686,0.13675406652204466,532884000
2003-09-02,0.1375938057899475,0.1424839261776557,0.13690621244281145,0.1412609384319738,711456000
2003-09-03,0.13492050766944885,0.1400389216853522,0.13423292770997947,0.13965662771968906,849972000
2003-09-04,0.1362186223268509,0.13942736858767082,0.13446207073597624,0.1354549499790403,740064000
2003-09-05,0.14271315932273865,0.14592190609776595,0.1348434708700219,0.13644785108811527,1198740000
2003-09-08,0.1492828130722046,0.1509641873016502,0.14324761442147355,0.14500509495698968,1508712000
2003-09-09,0.158450648188591,0.16402837555039818,0.14317151864708713,0.14515727707393847,2489436000
2003-09-10,0.14760234951972961,0.15806928281164748,0.14638027697748535,0.15394374973357167,1380624000
2003-09-11,0.14569267630577087,0.15394374205010455,0.1398096765393173,0.1495890159430745,2612736000
2003-09-12,0.14783155918121338,0.15104030596921994,0.14286534521605462,0.1444697117794782,1162404000
2003-09-15,0.1453865021467209,0.1498182370206704,0.14485202293188876,0.14905363556951667,596028000
2003-09-16,0.14989428222179413,0.15035268229273208,0.14569265725330438,0.14569265725330438,620736000
2003-09-17,0.15165181457996368,0.15455436028965502,0.14958904770588513,0.15081112044662204,902784000
2003-09-18,0.15279772877693176,0.15287382140605618,0.14913059683815041,0.15081105542138099,603492000
2003-09-19,0.1515747606754303,0.1555481078953321,0.15019958772993613,0.15455431344163098,648096000
2003-09-22,0.14561571180820465,0.14890146700340642,0.14439363896233876,0.14859526573387463,735504000
2003-09-23,0.1469908505678177,0.14783154457489806,0.1439352183566072,0.1458448706611253,628932000
2003-09-24,0.13583722710609436,0.14515726356588848,0.13560803390016796,0.14385909860276264,1600668000
2003-09-25,0.13392670452594757,0.13935131950013188,0.13331613257586108,0.1369062584840105,736776000
2003-09-26,0.12880825996398926,0.13392667243901368,0.12705079294730395,0.1335452938860369,895908000
2003-09-29,0.12185624241828918,0.12666935353691766,0.11994566185256707,0.12231462874914786,1944996000
2003-09-30,0.12200844287872314,0.12613397501553547,0.1203279705661253,0.12078637061530156,1020888000
2003-10-01,0.12300223112106323,0.12445349650623513,0.12193234417533899,0.12223762998636227,877224000
2003-10-02,0.12491197139024734,0.12666943893698926,0.12185632457337674,0.12223770324137828,857628000
2003-10-03,0.1281968504190445,0.13140559885530076,0.12613408259136785,0.1283499511114169,862812000
2003-10-06,0.12720385193824768,0.1297250041949656,0.12613396502400204,0.12842592410486445,377028000
2003-10-07,0.1283499300479889,0.1283499300479889,0.12544646817481084,0.1272039496274754,510588000
2003-10-08,0.12384208291769028,0.1294958915078085,0.12307839662811218,0.1283499112550886,739440000
2003-10-09,0.1255994737148285,0.13048869139151628,0.1246065947135544,0.12567556634181976,852408000
2003-10-10,0.12781530618667603,0.12873209231704055,0.1260578401938434,0.12758611306937245,413976000
2003-10-13,0.12911354005336761,0.13178779333116555,0.1282737614642424,0.12926664063002571,434904000
2003-10-14,0.1314825564622879,0.13186393509983463,0.1269747284526219,0.12773840102551653,623556000
2003-10-15,0.12980112433433533,0.13545494426986665,0.12896135937639766,0.13300987045991258,703488000
2003-10-16,0.1314055323600769,0.13186391890708454,0.12796759227404098,0.1299542527381299,446088000
2003-10-17,0.12727999687194824,0.13316299754147656,0.12712781155703443,0.13064184424865505,459696000
2003-10-20,0.1301073580980301,0.13025954340481097,0.12659239663541846,0.1273569980209857,467388000
2003-10-21,0.1340797245502472,0.13660089038104764,0.13064178604768648,0.13247535871351349,758724000
2003-10-22,0.1317877620458603,0.13507259991673354,0.1311001825603147,0.1320169552077088,620952000
2003-10-23,0.13117633759975433,0.13369749090203942,0.12964896533651432,0.12987815860742036,451524000
2003-10-24,0.1307179033756256,0.13186388309305794,0.12865513715201626,0.12987812480482716,447084000
2003-10-27,0.1314055323600769,0.13293380627715817,0.1304887456049021,0.1314055323600769,254460000
2003-10-28,0.13965660333633423,0.14042119113416723,0.13255151603419452,0.13316300321291813,956064000
2003-10-29,0.13965660333633423,0.14133797791455557,0.13545497699446893,0.13553106965516665,494004000
2003-10-30,0.13705933094024658,0.14332372354342016,0.13683013768163324,0.1432476308897588,581256000
2003-10-31,0.13507258892059326,0.13942731328581254,0.1329337306942381,0.1382813339087102,598152000
2003-11-03,0.1375938057899475,0.14019196656874466,0.133774474199331,0.1343850596052407,773724000
2003-11-04,0.13805219531059265,0.14095565568734975,0.1371354087144537,0.14057334820410683,700896000
2003-11-05,0.1385876089334488,0.13996278205216262,0.13300988119025828,0.13522574829338077,882024000
2003-11-06,0.13881683349609375,0.1413379870594156,0.1362956662716111,0.14065040717550645,1175280000
2003-11-07,0.1661672592163086,0.16853531180577874,0.1619656332144312,0.16547966577136616,4292820000
2003-11-10,0.16570882499217987,0.16899366361307136,0.16471594583539625,0.16670170414896346,1210056000
2003-11-11,0.1615833193063736,0.16479206582083342,0.15867987235682174,0.16196562682042182,799140000
2003-11-12,0.1637222021818161,0.1642576103738219,0.1602842619189106,0.16104886339621138,617664000
2003-11-13,0.1637992411851883,0.16609121545599223,0.16280544623424922,0.1637222332103382,580332000
2003-11-14,0.15409597754478455,0.1642576277442263,0.15363759092571974,0.1642576277442263,888420000
2003-11-17,0.15249153971672058,0.1543250990004349,0.1497411802994161,0.1511933747711903,599880000
2003-11-18,0.15027669072151184,0.15814545324365556,0.14974128235725892,0.15623578636209334,991428000
2003-11-19,0.1544782519340515,0.15508973906058246,0.15081110512550258,0.1513455979613535,567552000
2003-11-20,0.15035273134708405,0.15539503814442535,0.149741230507571,0.1520331906265734,738852000
2003-11-21,0.1509641706943512,0.15241544989551273,0.14806072431691586,0.15218624302730588,543240000
2003-11-24,0.16005507111549377,0.16043736502949205,0.15134561684995013,0.15241550429165568,940644000
2003-11-25,0.16280539333820343,0.16418058018611528,0.15890906703220886,0.160742626727494,822804000
2003-11-26,0.1629585176706314,0.16601415013942997,0.1599028715406736,0.1654796709456548,430032000
2003-11-28,0.16219478845596313,0.16334076815480136,0.16081961554958837,0.1628823817397283,206136000
2003-12-01,0.16448678076267242,0.16570885334271565,0.16211781295690517,0.16402839425588953,526980000
2003-12-02,0.1637992411851883,0.16716017412479986,0.16280544623424922,0.16349303988160668,574740000
2003-12-03,0.1621178686618805,0.1696052515727026,0.161736476312426,0.16425764394949993,710028000
2003-12-04,0.16127802431583405,0.16555574256236108,0.15745777725035465,0.16265319741279105,521952000
2003-12-05,0.1560826301574707,0.16196564467910124,0.15478354949133022,0.15745780348353783,559848000
2003-12-08,0.15722860395908356,0.15883298416005015,0.15470745068460373,0.15608262395603278,340980000
2003-12-09,0.14905361831188202,0.15845066455006535,0.14897752566077457,0.15692330608116645,598128000
2003-12-10,0.152339369058609,0.1531791340178932,0.1489775086843628,0.14905360132679926,568656000
2003-12-11,0.16005507111549377,0.16196565271005595,0.15195710405279733,0.15226239000534592,694872000
2003-12-12,0.1592153012752533,0.16326382738695647,0.1566171396670348,0.16219485518247512,700692000
2003-12-15,0.15600651502609253,0.16410448052081175,0.1555481285371502,0.16387527361518278,622752000
2003-12-16,0.15814536809921265,0.1591382473489338,0.15233937625656915,0.15508972240647984,601728000
2003-12-17,0.15508975088596344,0.15738171098548595,0.1524915895510101,0.15684631647233485,499116000
2003-12-18,0.1586037576198578,0.16020813762244987,0.15524191068328638,0.15539501127583114,436728000
2003-12-19,0.16097183525562286,0.16502127586539325,0.159215269831411,0.1625762017127156,916956000
2003-12-22,0.16120097041130066,0.16158326413365615,0.15699934600994078,0.15860371188877972,371184000
2003-12-23,0.16777154803276062,0.1693759274411239,0.16051336405916697,0.16059037197569478,722760000
2003-12-24,0.16654953360557556,0.16823000621472328,0.1660911471366635,0.16769551343901293,210852000
2003-12-26,0.173730731010437,0.17472361036286224,0.1671601235153426,0.16784771695452402,363960000
2003-12-29,0.18106500804424286,0.18167649515859183,0.17617578871651154,0.17701556745008007,756624000
2003-12-30,0.1814473271369934,0.18488526743376693,0.17900226631486088,0.17915536693914438,550884000
2003-12-31,0.17724475264549255,0.1822109796976876,0.1743422074204934,0.18137028570473235,497268000
2004-01-02,0.17632797360420227,0.18251627345981825,0.17632797360420227,0.18007212828113028,436416000
2004-01-05,0.18205787241458893,0.18328086020390863,0.17739784672561743,0.1790022267057957,575292000
2004-01-06,0.18946917355060577,0.19199032666422647,0.18068269900783585,0.1815233930319655,1093344000
2004-01-07,0.19114963710308075,0.19206642380066397,0.1860312244431274,0.18732940336862533,673032000
2004-01-08,0.19183726608753204,0.19443451239509169,0.19000369235261844,0.19351772552763488,433752000
2004-01-09,0.1945875883102417,0.1969556546765727,0.18901078880715969,0.19053816108075175,766584000
2004-01-12,0.1968034952878952,0.19741406722977028,0.1934416337717163,0.19527520751527452,541980000
2004-01-13,0.18664179742336273,0.19772021768114023,0.18457903090731523,0.19580963646254476,865800000
2004-01-14,0.1852666586637497,0.19023287294326482,0.18351009301193102,0.18755861884866754,544872000
2004-01-15,0.18557283282279968,0.1871001913042521,0.18060660560703704,0.183891444781511,609204000
2004-01-16,0.18839925527572632,0.1900036214492055,0.18572498833923307,0.18748246875038557,451728000
2004-01-20,0.19367079436779022,0.19397608026563767,0.18855238196072863,0.1906912411631489,487764000
2004-01-21,0.18473215401172638,0.19283012046762182,0.18442686808205364,0.19206643433343984,494460000
2004-01-22,0.18045350909233093,0.18870457566941276,0.1782385571411485,0.1857250223320045,605724000
2004-01-23,0.17640496790409088,0.18312776006343326,0.17602267407590808,0.17953670626701032,482472000
2004-01-26,0.18335700035095215,0.1841206729057345,0.17617581987408945,0.17755099331252622,393684000
2004-01-27,0.1728900521993637,0.18259330084861003,0.1715148788609914,0.17968983989177764,934104000
2004-01-28,0.17243163287639618,0.17785626029063353,0.17151485985981874,0.17510590025742606,615204000
2004-01-29,0.16738928854465485,0.1738067801670979,0.16158328389329965,0.1729670016302754,929700000
2004-01-30,0.16998746991157532,0.17380680152701197,0.16601412241268504,0.16700791693616543,466464000
2004-02-02,0.17273783683776855,0.17609876847146816,0.16960518314619227,0.17136266373854897,560844000
2004-02-03,0.17212633788585663,0.17525899160984487,0.16983437814305774,0.17227943847974325,418032000
2004-02-04,0.16746632754802704,0.17105645249704976,0.16723713430352077,0.16968127936885444,436800000
2004-02-05,0.16998746991157532,0.17189713571929366,0.1673132164716827,0.16838310363937428,331980000
2004-02-06,0.17388378083705902,0.17632792534683434,0.17128560680803562,0.17220239323883127,471132000
2004-02-09,0.17266087234020233,0.17800939444935987,0.17258477967368038,0.1751820259333727,373992000
2004-02-10,0.17900225520133972,0.17915535581611786,0.1731192407865257,0.1731962487427588,509700000
2004-02-11,0.1852666586637497,0.18587814585968887,0.18068272463275373,0.1812942254898532,737808000
2004-02-12,0.17968980967998505,0.18526662207875522,0.17686337081785067,0.184273742805782,974892000
2004-02-13,0.17800940573215485,0.1825163186451522,0.17342547118880872,0.17495284372508335,1747500000
2004-02-17,0.17999514937400818,0.18053054392079013,0.17625190939070753,0.17869697026153214,575976000
2004-02-18,0.17999514937400818,0.18144733075041913,0.1787730629263168,0.18053054392079013,320244000
2004-02-19,0.1799190491437912,0.1854197562291048,0.17953674157925673,0.18221100929090853,631032000
2004-02-20,0.1844269037246704,0.18488529035660875,0.17861998088790704,0.1796137757835077,618120000
2004-02-23,0.17800940573215485,0.18442690043167764,0.17556433098936897,0.18412068548945199,853332000
2004-02-24,0.1709042191505432,0.17716860960694616,0.16899363846277352,0.17495274311152148,708384000
2004-02-25,0.17189714312553406,0.17518198211683256,0.17006356988302684,0.1719732357730237,652512000
2004-02-26,0.1730431616306305,0.17472363465588484,0.17090430202296172,0.17441833503903445,344976000
2004-02-27,0.16998746991157532,0.1735776082968628,0.16738930911589386,0.1734254093472835,595548000
2004-03-01,0.1725086271762848,0.17281391303427485,0.16929988114278782,0.169529074360647,506628000
2004-03-02,0.16929997503757477,0.17395998926398581,0.16861238134149745,0.1727379161956338,813348000
2004-03-03,0.16708409786224365,0.16884157931013635,0.16433375032494463,0.16884157931013635,552492000
2004-03-04,0.1707511842250824,0.1710564701500719,0.1673893368760504,0.16876451014616356,413352000
2004-03-05,0.16952908039093018,0.17342540621660005,0.16632033424329556,0.16693090598099417,354888000
2004-03-08,0.16364607214927673,0.1718971378249747,0.16234699173552272,0.16960517817309353,465168000
2004-03-09,0.16250012814998627,0.16517439587339455,0.15974978142581855,0.1650212952518268,371232000
2004-03-10,0.16013208031654358,0.1653265863446332,0.15898610020226722,0.16357002065937265,481692000
2004-03-11,0.15890906751155853,0.16364608785784615,0.15799228083057126,0.15799228083057126,526872000
2004-03-12,0.16227088868618011,0.1642575623325833,0.15929133586530944,0.16104881629345094,377952000
2004-03-15,0.1586037576198578,0.16196561821758673,0.15761089201220468,0.16127802483631046,421224000
2004-03-16,0.1654035598039627,0.16616724584197864,0.15952054617226596,0.1605904333990782,597504000
2004-03-17,0.16945208609104156,0.17105645246342782,0.16738931956857514,0.16807689930195874,524592000
2004-03-18,0.17136266827583313,0.17342542114870066,0.16807690024379726,0.16853530039644618,528048000
2004-03-19,0.16937600076198578,0.17220243978894859,0.16838312143111117,0.170445888042724,452964000
2004-03-22,0.16807690262794495,0.16937599679377208,0.16425758435958815,0.1667787374208668,576708000
2004-03-23,0.16876448690891266,0.17220242644140388,0.16685482104743443,0.1703688668874363,576036000
2004-03-24,0.17632797360420227,0.17915534159942884,0.16807690713004764,0.1684592146489708,787344000
2004-03-25,0.18656571209430695,0.18748249876642567,0.1780093598019452,0.17831464570639674,997128000
2004-03-26,0.18603123724460602,0.18893378284474022,0.18351008389863152,0.18603123724460602,551604000
2004-03-29,0.19405309855937958,0.19657425174171592,0.188323198753543,0.18870457732178927,985764000
2004-03-30,0.1998591274023056,0.20077591427036587,0.19260093878695897,0.19275405308187052,724956000
2004-03-31,0.20169268548488617,0.20383154502470724,0.199783019229002,0.20085199135004728,604752000
2004-04-01,0.19810163974761963,0.20604740745601438,0.19305931931923742,0.20192187380198892,1319508000
2004-04-02,0.20092900097370148,0.20375545404989867,0.19634508061236464,0.20245637333642857,649740000
2004-04-05,0.20811013877391815,0.2089508327446331,0.19985907287371793,0.19985907287371793,576744000
2004-04-06,0.1997060328722,0.2054359475574107,0.19863706063551972,0.20398466771240958,624096000
2004-04-07,0.1986369788646698,0.20131033048426955,0.1951220317290731,0.20123423784529376,447864000
2004-04-08,0.20428992807865143,0.2062766022601627,0.2015395813963964,0.20306785535675856,447096000
2004-04-12,0.20047058165073395,0.2068110666247744,0.19924759379976487,0.20589427997005233,443784000
2004-04-13,0.19580960273742676,0.20245630128943398,0.1948167372847142,0.20230411601819345,442704000
2004-04-14,0.1968034952878952,0.20047062911385038,0.19260093956822028,0.1948168209099656,512016000
2004-04-15,0.18648959696292877,0.19496985558135912,0.18564890304385967,0.19412916166229002,828084000
2004-04-16,0.18037748336791992,0.1858020992249354,0.17999518936353615,0.18572509124527875,654864000
2004-04-19,0.1801481992006302,0.18144727958337584,0.17693945303235617,0.18022429184395716,522804000
2004-04-20,0.1725086271762848,0.18259325171249408,0.17243160557753115,0.18060657806958,513804000
2004-04-21,0.17273783683776855,0.17877302202253292,0.1714387563859234,0.1731962233171226,688812000
2004-04-22,0.173730731010437,0.17663419171144204,0.16754243104128022,0.171133471520308,695520000
2004-04-23,0.17755097150802612,0.18053052497636324,0.17533510416184625,0.17586959701593738,443928000
2004-04-26,0.17059805989265442,0.17869692673471077,0.17013965975891623,0.17793233908204922,429912000
2004-04-27,0.1691468209028244,0.17716869537807142,0.16853533369416482,0.17258477491287916,494568000
2004-04-28,0.1684592217206955,0.17182106901982683,0.16716012746553638,0.16922289417066763,468768000
2004-04-29,0.1637992411851883,0.16861236939436486,0.16158337325248795,0.1674663890895443,645048000
2004-04-30,0.15677019953727722,0.16387527201338142,0.15615869879764915,0.16288240639623547,512928000
2004-05-03,0.15478354692459106,0.16005506052511848,0.15203318665690563,0.1584506802870121,610668000
2004-05-04,0.1646389663219452,0.1666256402759393,0.15661710681269128,0.1569994006681396,772380000
2004-05-05,0.1660141497850418,0.16746634466941487,0.163416903858643,0.164792077127433,464280000
2004-05-06,0.16738928854465485,0.16868836878284563,0.1608196116524922,0.16433364330055608,711348000
2004-05-07,0.16868837177753448,0.175488157289798,0.16777158529217348,0.1722794114216123,956772000
2004-05-10,0.1621178686618805,0.16593810361374522,0.15852772867891982,0.16418063597350327,669072000
2004-05-11,0.16609114408493042,0.16769551035780147,0.163492969627007,0.16418056297889855,399936000
2004-05-12,0.1637992411851883,0.16540362180863477,0.15806933966108558,0.1651744284799032,482328000
2004-05-13,0.16433367133140564,0.16731322444887525,0.16196561895048453,0.16242400543263788,347952000
2004-05-14,0.16433367133140564,0.16792471152426613,0.16349297735378046,0.16502126471579326,459000000
2004-05-17,0.1617364138364792,0.16410447990474028,0.159291353483126,0.16196562074124768,308340000
2004-05-18,0.16433367133140564,0.16624333723017337,0.16257619072831614,0.16318769146486464,204420000
2004-05-19,0.16395138204097748,0.17036888913182302,0.16311161692882228,0.16800082282679593,498276000
2004-05-20,0.1615833193063736,0.16639644590864247,0.16074262528789895,0.16364608589860907,421488000
2004-05-21,0.16196562349796295,0.1637221751916539,0.15974975635050562,0.16349298194414222,282096000
2004-05-24,0.1614302396774292,0.16326381325565475,0.1595205734377818,0.1616594329594174,301620000
2004-05-25,0.1684592217206955,0.16922289417066763,0.15883298165046938,0.1621178209962458,681264000
2004-05-26,0.17189714312553406,0.1741891028480893,0.16746632427295793,0.16845920354170119,524568000
2004-05-27,0.17243163287639618,0.1773217674690088,0.17220243962225182,0.17472360640131496,556548000
2004-05-28,0.1791553497314453,0.1801482291107212,0.17319624286047605,0.17457142977602838,637980000
2004-06-01,0.17900225520133972,0.18083581504908444,0.17586960104988208,0.17609879432320524,318420000
2004-06-02,0.1776270866394043,0.18419769521599413,0.17747398600876654,0.18335700103299984,643800000
2004-06-03,0.16907069087028503,0.17808544284277905,0.1685352964443816,0.17770313534848425,700824000
2004-06-04,0.16738928854465485,0.17288999369801245,0.16723710327493527,0.17250861522631028,649608000
2004-06-07,0.1714387685060501,0.17334842086700397,0.16800081502321346,0.17013967430120597,571956000
2004-06-08,0.16838312149047852,0.1707511740095438,0.16586195470808593,0.17044588810281863,615000000
2004-06-09,0.16051338613033295,0.16960514391759035,0.15997890712722612,0.16937595073092426,498336000
2004-06-10,0.15890906751155853,0.16341689460288894,0.1574577880070509,0.16311160869548424,564516000
2004-06-14,0.15394370257854462,0.1580692343929145,0.15272071511333768,0.1580692343929145,424752000
2004-06-15,0.1562357246875763,0.158603777352401,0.15478354346045956,0.1565410242742518,394584000
2004-06-16,0.1537906676530838,0.15677022119722464,0.15317916682896854,0.15577734178174116,252576000
2004-06-17,0.15073497593402863,0.1565409806539582,0.1499703747256321,0.15279774209854532,482376000
2004-06-18,0.1509641706943512,0.1551657957024394,0.14897749714512104,0.15157475604269463,534336000
2004-06-21,0.1482899934053421,0.15356150817078307,0.14729711377137295,0.15119345492966138,266568000
2004-06-22,0.15249153971672058,0.1531791193251802,0.14813681421852168,0.14913060862350078,430308000
2004-06-23,0.15508975088596344,0.15570033642257358,0.15165181073667966,0.15203318933440974,264660000
2004-06-24,0.15371452271938324,0.1597497204139611,0.15256854307846096,0.15921522772804111,590652000
2004-06-25,0.1547074317932129,0.1565410050386594,0.15294995119537802,0.15478352444082452,329124000
2004-06-28,0.15340834856033325,0.1574577751499375,0.15279776313422236,0.15692329603121813,299376000
2004-06-29,0.15867987275123596,0.15890906600401886,0.15371456083355237,0.15432513264256942,363852000
2004-06-30,0.15638789534568787,0.15883296939716376,0.15447824305809335,0.15447824305809335,329268000
2004-07-01,0.14920669794082642,0.15837453513900474,0.14897749108194794,0.15814534194128127,505620000
2004-07-02,0.14714394509792328,0.15088717021570572,0.1459979653448885,0.15081107757540335,294948000
2004-07-06,0.1385105848312378,0.14691475130892226,0.13690621849849788,0.1453864776232648,575388000
2004-07-07,0.1391982138156891,0.14317156248089144,0.13851062026225272,0.14026810129742878,344136000
2004-07-08,0.13492050766944885,0.1401920223311922,0.13469131434962572,0.13790006181063635,430056000
2004-07-09,0.12911354005336761,0.13492044670263373,0.12659237369107165,0.13476734612597563,1114500000
2004-07-12,0.1261339783668518,0.1291135309516209,0.12445350600960466,0.12552339303702634,676044000
2004-07-13,0.12590476870536804,0.1298781015026765,0.1245295823622544,0.1276622351033111,567108000
2004-07-14,0.12032797932624817,0.12483581920820358,0.11788291932402832,0.12147395904088629,901608000
2004-07-15,0.11948729306459427,0.12284913940034914,0.11872360717230628,0.12155005917861571,611352000
2004-07-16,0.11597327142953873,0.1233075509225185,0.11597327142953873,0.12315445032614092,464700000
2004-07-19,0.11727237701416016,0.11857054232960837,0.11467420212676988,0.11627858232599486,461088000
2004-07-20,0.11964043974876404,0.12009882632362091,0.11604938516849564,0.11719536526679818,341544000
2004-07-21,0.11238224059343338,0.1216271020976956,0.11200085518627415,0.12147398782731177,613416000
2004-07-22,0.11475119739770889,0.11536178284128006,0.11001417047218118,0.11368131017097843,521460000
2004-07-23,0.11169465631246567,0.1156680047421008,0.11093097696833897,0.11551490412029945,371496000
2004-07-26,0.1085629090666771,0.1141397080720071,0.10749302179697053,0.11314682875137014,503208000
2004-07-27,0.11215300112962723,0.1124592090711705,0.10573550999508248,0.10909736294841506,789888000
2004-07-28,0.10932661592960358,0.11230616994199713,0.10619396127798794,0.11192386916227816,505116000
2004-07-29,0.11650776863098145,0.11933513661752222,0.11031946879437617,0.11085487008370433,747360000
2004-07-30,0.11780684441328049,0.11994570359145829,0.11482729124241031,0.11505648448759466,403956000
2004-08-02,0.1193351075053215,0.11979349390235994,0.11589715488291308,0.11788291306079682,420984000
2004-08-03,0.1131468191742897,0.11994569700736173,0.11223003941329751,0.11986960436233574,741540000
2004-08-04,0.11436893045902252,0.11543881793738046,0.11177167737610624,0.11192386270871908,507816000
2004-08-05,0.11123627424240112,0.1161263960051062,0.10925051524502354,0.11559100145601894,859920000
2004-08-06,0.07204370200634003,0.07792670898347967,0.07105082269580267,0.07723912240388568,5088948000
2004-08-09,0.07525245100259781,0.07693383224656912,0.07265519836573726,0.07387727096682761,1579212000
2004-08-10,0.08121154457330704,0.08197614589843992,0.07815589882659416,0.07945498610904558,2051916000
2004-08-11,0.07884350419044495,0.08014258483976856,0.07830901815188836,0.08014258483976856,963816000
2004-08-12,0.07700992375612259,0.07930188361778875,0.07685682315429575,0.07907269036385382,654384000
2004-08-13,0.08021865785121918,0.08075314375886723,0.07815589156346296,0.07884348487976711,815700000
2004-08-16,0.07945498824119568,0.08144073999842603,0.07884349432253812,0.07930188081420252,531732000
2004-08-17,0.0838097333908081,0.08426812681606405,0.08044788561377716,0.08121156500288876,744912000
2004-08-18,0.089386485517025,0.089386485517025,0.0835034804743438,0.08419107365842143,872424000
2004-08-19,0.08908125013113022,0.0904564304469696,0.08770606981529083,0.088852056827114,724404000
2004-08-20,0.09435274451971054,0.09565090976449445,0.08831662995546978,0.08862283799199883,1199040000
2004-08-23,0.09641551226377487,0.09740839161176905,0.09534562496458926,0.095880110965368,800028000
2004-08-24,0.09282442182302475,0.09824903315338969,0.09099085611703064,0.09779064001924713,939420000
2004-08-25,0.096796914935112,0.0974845085424602,0.09312977407471867,0.09488725524769274,721308000
2004-08-26,0.09702610969543457,0.09763760376574629,0.09588012952090581,0.09664472422560162,612720000
2004-08-27,0.09885966032743454,0.10023484040873995,0.09702609371627349,0.09710310166968579,565128000
2004-08-30,0.09557481855154037,0.09901276525218781,0.09549872589771542,0.09847827924957124,628056000
2004-08-31,0.09519252181053162,0.0964155166000554,0.09221297516549538,0.09595712323222376,587064000
2004-09-01,0.09702610969543457,0.09840128317263681,0.09274839026608775,0.0939704631089059,591744000
2004-09-02,0.10099944472312927,0.10176313090844331,0.09656770966426531,0.09748449647350718,770088000
2004-09-03,0.09794287383556366,0.09992954092198872,0.09710309512470874,0.09794287383556366,715056000
2004-09-07,0.0961092934012413,0.10061712688164572,0.09481112828754643,0.09855436046674498,727332000
2004-09-08,0.09412356466054916,0.09702611064097984,0.09389437135564212,0.09618633172703539,834984000
2004-09-09,0.10352061688899994,0.10520108324543184,0.09595714192299447,0.09641553538011313,1299324000
2004-09-10,0.10749302804470062,0.10802751406181794,0.10145782852342736,0.10176312127522046,1039344000
2004-09-13,0.10955577343702316,0.11169463252031211,0.10718772111871783,0.10733990641037203,967752000
2004-09-14,0.11001415550708771,0.11077784144116201,0.10772219606857898,0.10856288993815429,683556000
2004-09-15,0.10390197485685349,0.10695853607292423,0.10252679484972946,0.10665232804052241,1163904000
2004-09-16,0.10779830813407898,0.10886819540808937,0.10527714819900849,0.1056594488836648,810024000
2004-09-17,0.11223004013299942,0.11284061872275225,0.1077222066218427,0.10863899321929256,1003800000
2004-09-20,0.11207695305347443,0.1152857067268703,0.10863901293499145,0.11001418625015272,794628000
2004-09-21,0.11505649238824844,0.11597327909309726,0.1132229258091302,0.11459810586640343,503904000
2004-09-22,0.10970887541770935,0.11475118781329241,0.1091734742002796,0.11200083497655816,625920000
2004-09-23,0.11070176213979721,0.11131325604084406,0.10779830169354111,0.1110070480262553,578664000
2004-09-24,0.10733991861343384,0.111313266648418,0.10573554529418833,0.1111601660418233,476316000
2004-09-27,0.10543026030063629,0.10772222025372204,0.1035205942185609,0.10650014762203594,406020000
2004-09-28,0.1069585531949997,0.107875333182596,0.10374980616196204,0.10520107222248072,474840000
2004-09-29,0.10955577343702316,0.11261141912153486,0.10550634003850516,0.10688151310976066,537228000
2004-09-30,0.11093095690011978,0.11345211671913084,0.10871508980233174,0.11077785630601544,619680000
2004-10-01,0.11551490426063538,0.11612639145085359,0.11093097710310601,0.11146546316404504,590412000
2004-10-04,0.11879973113536835,0.12032800495920819,0.11627857795832518,0.11650777121784571,673932000
2004-10-05,0.11612638831138611,0.11895284128996694,0.1150565009207012,0.1158971950334669,633180000
2004-10-06,0.11658478528261185,0.11711926448364106,0.11322293105343087,0.11589719180683733,498504000
2004-10-07,0.11727237701416016,0.12139789682396895,0.11666087620543315,0.11872364294091715,798072000
2004-10-08,0.11085487902164459,0.11650777802470025,0.10986108431274683,0.1160493778177189,693420000
2004-10-11,0.11100706458091736,0.11322293197877718,0.10902131258473724,0.11100706458091736,373848000
2004-10-12,0.10940269380807877,0.11024338792454133,0.10550636025225923,0.10726383431500996,827232000
2004-10-13,0.10871507227420807,0.11413968487409888,0.10779828579136677,0.1126884125138354,672816000
2004-10-14,0.10543026030063629,0.10970889428858778,0.10466657419510378,0.10970889428858778,513264000
2004-10-15,0.10252680629491806,0.10581256796092585,0.09992955342222608,0.10565946051234379,1280484000
2004-10-18,0.10436036437749863,0.10543025161071452,0.10107552532655124,0.10191621248500234,573972000
2004-10-19,0.10367278009653091,0.10779831349913911,0.10290910081739617,0.1067293414695332,618480000
2004-10-20,0.10489578545093536,0.10535417885644699,0.10275601058043822,0.10336750461017517,540204000
2004-10-21,0.10726378858089447,0.10863896815986061,0.10512492999977188,0.10596470846046722,1013964000
2004-10-22,0.10145784169435501,0.10848591467575565,0.10115164043573525,0.10825672138067831,686460000
2004-10-25,0.10191622376441956,0.10413117582728737,0.10038794304311291,0.10061714314324406,529164000
2004-10-26,0.11070176213979721,0.11604936076455814,0.10825669500258296,0.111923834644339,2455776000
2004-10-27,0.11375742405653,0.11582019094910838,0.10871511029845629,0.10871511029845629,1074036000
2004-10-28,0.11253535002470016,0.11459811689381377,0.11146546261040498,0.11223006407997298,561552000
2004-10-29,0.11054863035678864,0.11299369695520958,0.10955575131026858,0.11146541677284987,742860000
2004-11-01,0.11291763931512833,0.11299373196916637,0.11062567939533091,0.11207694526901567,653892000
2004-11-02,0.11452203243970871,0.11689008542326479,0.11169466389839328,0.11261145075716648,1095756000
2004-11-03,0.11559099704027176,0.11956434547877326,0.11498041148600384,0.11918203791112168,910356000
2004-11-04,0.1177307665348053,0.1191820324983508,0.11398661838127654,0.11643168588875906,995544000
2004-11-05,0.13476736843585968,0.14340072873247586,0.13323909464750708,0.1359894410202064,3849012000
2004-11-08,0.1362186223268509,0.13805219552193576,0.132704590186413,0.1333160909043375,718620000
2004-11-09,0.1353788822889328,0.13736462747995118,0.1340797879680903,0.13415588062763867,615936000
2004-11-10,0.1353788822889328,0.13667704765091546,0.13461428084148885,0.13522576801097622,645912000
2004-11-11,0.13805219531059265,0.13805219531059265,0.13530183552217584,0.13621862211831479,507000000
2004-11-12,0.1382814198732376,0.14057338005227057,0.13690624649804992,0.14019200144131008,647076000
2004-11-15,0.14034415781497955,0.14133795237419672,0.13606643958541811,0.13690621825564325,536472000
2004-11-16,0.1398857980966568,0.14233085886203498,0.13728853834711244,0.14080258488674818,472728000
2004-11-17,0.1422547847032547,0.14599802501199713,0.1407265105291891,0.14210168406261153,602772000
2004-11-18,0.1440882831811905,0.1453103554349738,0.14049723009293474,0.14347678257503943,532524000
2004-11-19,0.14485201239585876,0.15684630488388931,0.14370601876960842,0.15508973942730014,2126052000
2004-11-22,0.14897753298282623,0.14897753298282623,0.14401131922495675,0.1453864924592287,733788000
2004-11-23,0.14958909153938293,0.1511934723165294,0.14653252901471497,0.14775551741154813,676896000
2004-11-24,0.1501995474100113,0.15264460679171735,0.1490535543250506,0.1494358616728235,428580000
2004-11-26,0.15172789990901947,0.15310307320489086,0.14958904047637686,0.15088720581630785,350760000
2004-11-29,0.14874833822250366,0.15394375885139122,0.14744925765616287,0.1528738715449276,704388000
2004-11-30,0.14615106582641602,0.1495119971455292,0.14531037193261465,0.149359811865025,576540000
2004-12-01,0.14981821179389954,0.14981821179389954,0.14638027222745004,0.14744924413827784,514572000
2004-12-02,0.15180401504039764,0.1529499952334684,0.1472200942681147,0.14836607446118544,758652000
2004-12-03,0.15837453305721283,0.16043729913191943,0.15493659415308678,0.15547107317495387,1347312000
2004-12-06,0.16593806445598602,0.16723715878654496,0.15631182382705003,0.1591382768073606,970500000
2004-12-07,0.17426517605781555,0.19069121343839426,0.17220240980536794,0.1756403490057286,2927052000
2004-12-08,0.17632797360420227,0.17953672015957814,0.1749528004122293,0.17671028112312545,872724000
2004-12-09,0.17472359538078308,0.17655715495944627,0.16983437639416496,0.1731962233255825,869964000
2004-12-10,0.17808546125888824,0.17999512734925835,0.17701557393284148,0.17877304105110517,652848000
2004-12-13,0.1731962412595749,0.1777031532197155,0.17235554719999113,0.17541119326319227,738024000
2004-12-14,0.17671029269695282,0.1768633933096093,0.17304314572996335,0.1733484316576009,512988000
2004-12-15,0.17831462621688843,0.17884911897681913,0.1757173807465941,0.17846772680118347,432768000
2004-12-16,0.1806826889514923,0.1899275494872264,0.18037740306268052,0.18351005677232035,1524036000
2004-12-17,0.1761758178472519,0.18480826432938266,0.17411305088274767,0.18404457812222536,1214244000
2004-12-20,0.17426517605781555,0.18098888284168857,0.17334838953882148,0.1782385232847064,898728000
2004-12-21,0.17556427419185638,0.17678636034954717,0.16998747553383073,0.1742651937510492,899400000
2004-12-22,0.17579354345798492,0.1799190778453861,0.17541123583246282,0.1790783835817804,421824000
2004-12-23,0.17625188827514648,0.17823856232372676,0.17395992830623871,0.17480062237036512,366972000
2004-12-27,0.17472359538078308,0.17946061541148736,0.17380680876087273,0.17869692938388707,308208000
2004-12-28,0.173806831240654,0.1764810851377313,0.17311923777150007,0.17510591186058275,291612000
2004-12-29,0.1753351241350174,0.17747398377037713,0.1728139705767764,0.17327235716512537,294732000
2004-12-30,0.17464756965637207,0.17686343757728648,0.17388388333613583,0.17541124231544555,259812000
2004-12-31,0.17999514937400818,0.18091192254247654,0.17648110268282463,0.17716869622033654,575964000
2005-01-03,0.1801481992006302,0.18885765113435152,0.17938451321368848,0.18626040566636526,1066716000
2005-01-04,0.1716679483652115,0.18175257378737622,0.16891758852580796,0.18144728790256617,790224000
2005-01-05,0.1732722967863083,0.17533506303740456,0.16891757106980634,0.1698343575881998,724812000
2005-01-06,0.1715918779373169,0.17839074998009252,0.1703688899834643,0.1763279832487277,563568000
2005-01-07,0.1683061271905899,0.1732723411835512,0.16578496020372505,0.17197326054263037,763092000
2005-01-10,0.16868837177753448,0.17036884417841575,0.16769549265596284,0.1688414723473752,579552000
2005-01-11,0.16349294781684875,0.16800077382078157,0.16097179529816608,0.16708398736094557,1093380000
2005-01-12,0.1621178686618805,0.16555580962753078,0.15814543469270534,0.16494522394593217,1057800000
2005-01-13,0.1637992411851883,0.16807696110088885,0.1589091186623245,0.16250016022857694,898764000
2005-01-14,0.16433367133140564,0.1672371318010361,0.1627292913215537,0.16685482430556428,573912000
2005-01-18,0.1669308841228485,0.16731319154313135,0.16211777236221003,0.16250006612133794,464556000
2005-01-19,0.16311156749725342,0.1680768645467637,0.1624239742448936,0.16769548608323892,336492000
2005-01-20,0.16349294781684875,0.16746629478734903,0.15982581563865986,0.15982581563865986,640080000
2005-01-21,0.1637992411851883,0.16700798877091838,0.1631877538759344,0.1637222332103382,596352000
2005-01-24,0.15722860395908356,0.1652504776415981,0.1563118172244111,0.16288242497859323,463704000
2005-01-25,0.1599789261817932,0.1621947930049126,0.1569993734167864,0.1579161599338005,439704000
2005-01-26,0.16204170882701874,0.1642575758743649,0.15784008326702698,0.16051342149114334,429120000
2005-01-27,0.17502979934215546,0.1757934853818712,0.1613541197962362,0.1623469990792762,1002912000
2005-01-28,0.1748005449771881,0.1764049107806248,0.170980299180437,0.17571733129107464,671052000
2005-01-31,0.17510591447353363,0.1783907539338897,0.1726608538093024,0.1762518944984511,562968000
2005-02-01,0.178390771150589,0.1791553726598369,0.17388385857199287,0.17495283074403703,507180000
2005-02-02,0.18832318484783173,0.18977445061596215,0.18014821145625926,0.1854197243528459,2035404000
2005-02-03,0.1863364726305008,0.18763555283421907,0.1837392138592882,0.1863364726305008,690120000
2005-02-04,0.19703266024589539,0.19756713944259846,0.1863365326165258,0.18641262527386238,806448000
2005-02-07,0.1946636438369751,0.20092895092119037,0.19290709228714017,0.19726181827785594,521628000
2005-02-08,0.19657427072525024,0.19970600969943106,0.1928301292684109,0.1934416164533462,455772000
2005-02-09,0.18969827890396118,0.197720134696408,0.18870448473861887,0.19710864787053597,783756000
2005-02-10,0.19412918388843536,0.195122063206259,0.1900036507194381,0.19069124413465702,602376000
2005-02-11,0.19978302717208862,0.20123430691779984,0.19221955287333753,0.19290714641364606,556512000
2005-02-14,0.19558042287826538,0.20047055674048,0.19481675057771794,0.19970595548130146,432900000
2005-02-15,0.19733791053295135,0.20360230230731916,0.19657422454333023,0.19687952407637116,748500000
2005-02-16,0.19665028154850006,0.19955374132996143,0.19313625013392288,0.19672637417830394,466464000
2005-02-17,0.19489294290542603,0.19940077161320807,0.19336557020077397,0.1993246789334747,1017408000
2005-02-18,0.2159789353609085,0.21620812862611935,0.20406072163603625,0.20986764318676893,3132120000
2005-02-22,0.2187291979789734,0.22377151618558272,0.21261790814862902,0.21452757351609278,1420800000
2005-02-23,0.2116241604089737,0.21788946746555543,0.20811012836613577,0.2152152140538826,1107840000
2005-02-24,0.21720193326473236,0.21750721919979846,0.20872167277366738,0.20872167277366738,695496000
2005-02-25,0.22033365070819855,0.22147963063645018,0.21513914552332306,0.217507198031763,525132000
2005-02-28,0.2214796245098114,0.22155663245722645,0.21735409141776404,0.21926467266412414,758064000
2005-03-01,0.22094514966011047,0.22614057042109104,0.2187292823367641,0.22247343718634371,737148000
2005-03-02,0.21445158123970032,0.21972309509036794,0.2131525005334591,0.21850010704640221,947460000
2005-03-03,0.21154800057411194,0.21529123831691757,0.2084153480408079,0.21391606572615662,761292000
2005-03-04,0.2106313407421112,0.213993188230534,0.20887385985848173,0.212159614686919,593124000
2005-03-07,0.21277014911174774,0.2172018968707658,0.2100968108857201,0.2115480766173943,511176000
2005-03-08,0.20199795067310333,0.21269407786851016,0.20062277744963794,0.21223569134774128,1332384000
2005-03-09,0.196726456284523,0.20444304451420398,0.19611588439657748,0.20069980468943102,910140000
2005-03-10,0.19665028154850006,0.1990953549564534,0.19351762858028468,0.19733787476991646,689280000
2005-03-11,0.19221952557563782,0.1987131114909014,0.1904620448236017,0.19840782557611258,732180000
2005-03-14,0.19764317572116852,0.1984838695639119,0.19481673731157081,0.1961919101985543,572148000
2005-03-15,0.19367079436779022,0.2005466737682013,0.19351768010891546,0.1986370078135631,378108000
2005-03-16,0.19038598239421844,0.19596279615283102,0.19030897443006814,0.19290714964345404,535356000
2005-03-17,0.1884753257036209,0.19168407133358784,0.18801692566439449,0.19099647810532547,442584000
2005-03-18,0.18465609848499298,0.18924001948487923,0.1812181577350783,0.1886285322048924,639012000
2005-03-21,0.19099652767181396,0.1914549141688441,0.1834330548427102,0.1845790347464436,654456000
2005-03-22,0.1875586062669754,0.19290712775854402,0.18687101279316065,0.19114964692687988,622992000
2005-03-23,0.1916080266237259,0.1929071071134315,0.18694800074121162,0.18732939294791034,728784000
2005-03-24,0.19199039041996002,0.19733799798998441,0.19183728976741213,0.19214257577459407,865356000
2005-03-28,0.1898505985736847,0.19481682702550204,0.18801702477256838,0.19206646632382754,511188000
2005-03-29,0.1856488436460495,0.19176104809291636,0.18480814999595788,0.18962127448916669,587400000
2005-03-30,0.1856488436460495,0.18832310983271136,0.17930744604739943,0.185724936264243,858708000
2005-03-31,0.18152344226837158,0.18587816991552428,0.1806827480162121,0.1845790890315222,518316000
2005-04-01,0.17976592481136322,0.18480824504981078,0.1786969527568784,0.183739272995326,510756000
2005-04-04,0.17869697511196136,0.17930756070349882,0.17472364009209165,0.1787730677788114,421428000
2005-04-05,0.17556427419185638,0.18251625959857457,0.1744943869887788,0.1787730205035432,430128000
2005-04-06,0.17823855578899384,0.18182868092206828,0.17762705501194578,0.178849141268422,567468000
2005-04-07,0.18152344226837158,0.183357016118066,0.1760988270531381,0.17915538911414688,506352000
2005-04-08,0.1791553497314453,0.1863365292472295,0.17877304219516887,0.1822870884788513,621540000
2005-04-11,0.17564038932323456,0.18106501704339695,0.17510591013262594,0.18045351623749717,328380000
2005-04-12,0.1777801513671875,0.1780854372455683,0.1712095446224425,0.17510588423091902,512232000
2005-04-13,0.17036888003349304,0.17846774751146127,0.16922288643974445,0.17800936100288856,498408000
2005-04-14,0.1689937263727188,0.17235557417846975,0.16838315443979143,0.17075120742223868,352080000
2005-04-15,0.16311156749725342,0.1680768645467637,0.16158328042869377,0.1668547922670391,630156000
2005-04-18,0.16196562349796295,0.16563275644162398,0.16120102214670934,0.1621178087979141,473100000
2005-04-19,0.1676185578107834,0.16884154596909798,0.16387531760092508,0.16463900384944335,365460000
2005-04-20,0.16250012814998627,0.17151488181835114,0.1623470275284185,0.1704459096994028,564672000
2005-04-21,0.1715148687362671,0.17212635587816896,0.1643336892058563,0.1657849551191662,538152000
2005-04-22,0.1699104607105255,0.1715918485731484,0.16792470227331383,0.1704458687697393,336276000
2005-04-25,0.17258471250534058,0.17388379277848898,0.17052194630967904,0.17136264016652739,318168000
2005-04-26,0.1718209981918335,0.17625181569608397,0.16830605173257623,0.17266077661249252,353148000
2005-04-27,0.1652504801750183,0.16792473410197153,0.16181252645200028,0.16731324694436536,609348000
2005-04-28,0.16578499972820282,0.16800086765070438,0.16311166044825307,0.16471602740315242,372948000
2005-04-29,0.16754238307476044,0.16868836270453563,0.1598258114921761,0.16738928251315432,478356000
2005-05-02,0.1669308841228485,0.17143872371576716,0.16440973164452882,0.16952905819257627,334908000
2005-05-03,0.1660141497850418,0.170139683252571,0.1653265699812264,0.16708403712913603,439512000
2005-05-04,0.17128565907478333,0.1725086606613819,0.16624335265851103,0.1667787471357505,468816000
2005-05-05,0.17464756965637207,0.176786429602846,0.17136272941117292,0.1722795027212229,619272000
2005-05-06,0.1770155280828476,0.1770925360160261,0.17266080254878494,0.17671024224237572,355728000
2005-05-09,0.18030127882957458,0.18152335112945492,0.17671023926701818,0.17778012629793202,745332000
2005-05-10,0.1732722967863083,0.17808542259258497,0.17128562317416432,0.17800932995363264,735120000
2005-05-11,0.17036888003349304,0.17495279976385386,0.1700635804658235,0.1741891136876116,555420000
2005-05-12,0.17411299049854279,0.1764049499617474,0.17021665121440135,0.17036885015331585,835584000
2005-05-13,0.19351769983768463,0.1945875871967608,0.1818286927363869,0.1898505665158396,2650320000
2005-05-16,0.19420526921749115,0.19550434968654004,0.19114962343037706,0.1912257160787592,664104000
2005-05-17,0.19634510576725006,0.19726189268920424,0.19290716505579333,0.1930593504006885,639804000
2005-05-18,0.1977963149547577,0.1982547151141298,0.19382389608595896,0.19588666265023827,550056000
2005-05-19,0.19741404056549072,0.1990954287453814,0.19519908848188056,0.19825473465543605,452880000
2005-05-20,0.20092900097370148,0.2010050936364004,0.19489289927575867,0.1971848594564271,517008000
2005-05-23,0.20558902621269226,0.20765179309301546,0.20169268573626836,0.2023041865879325,703668000
2005-05-24,0.2084924876689911,0.20925616018543433,0.20360235242429947,0.20459614718434274,522192000
2005-05-25,0.20581817626953125,0.20910301520438598,0.20383150246862694,0.20803404330652137,535272000
2005-05-26,0.2116241604089737,0.21322854032540164,0.2072694344374647,0.20765174191067454,788784000
2005-05-27,0.21024900674819946,0.21223568065967988,0.20803405488546695,0.21223568065967988,322740000
2005-05-31,0.20704029500484467,0.2110897361573778,0.20360235471213775,0.2093322551999826,763176000
2005-06-01,0.20895084738731384,0.21277016575994523,0.20322094770017168,0.2056650928801206,796632000
2005-06-02,0.21674348413944244,0.21674348413944244,0.20818621762246314,0.20818621762246314,684348000
2005-06-03,0.2162081003189087,0.21796556721580504,0.21391614064455874,0.21597890708370515,559620000
2005-06-06,0.21414533257484436,0.2165143001781838,0.2121595740912235,0.2123117593820746,512892000
2005-06-07,0.20895084738731384,0.21620811923338898,0.20818624601023147,0.21269407310739918,974136000
2005-06-08,0.20749862492084503,0.21238874490210086,0.2052836734372606,0.2094852848310975,618720000
2005-06-09,0.2162081003189087,0.21628510826233374,0.20566507488797323,0.20589426812317677,619908000
2005-06-10,0.21376395225524902,0.21620811100331827,0.21231177116768266,0.21597891775678862,465096000
2005-06-13,0.2185000479221344,0.22453616161432752,0.21330554343706426,0.21391612882667504,1409916000
2005-06-14,0.20558902621269226,0.2221672402562814,0.19871313205789484,0.21857711468513547,2408412000
2005-06-15,0.20497754216194153,0.205894329035136,0.19687958826012178,0.20428994859175537,1669788000
2005-06-16,0.2060474306344986,0.20742260412014846,0.20192189651638762,0.20490145045293012,489240000
2005-06-17,0.20558902621269226,0.20895087379734723,0.20505453332092335,0.2085685798910658,456348000
2005-06-20,0.20872163772583008,0.21009681081041923,0.20222713717209534,0.20558898406758203,606060000
2005-06-21,0.2107074111700058,0.2117012057946473,0.20811015174630088,0.21009682569797503,428172000
2005-06-22,0.21047815680503845,0.2143744958804279,0.20788091162801647,0.21292323037361072,700668000
2005-06-23,0.21376395225524902,0.2163612116001984,0.20933221797932355,0.21009681932730098,836976000
2005-06-24,0.20696419477462769,0.21345778121123848,0.20581821471895811,0.21338168855084128,475632000
2005-06-27,0.2052837312221527,0.20734648435043734,0.2034501577068335,0.2056651098139002,354588000
2005-06-28,0.20658187568187714,0.20795704884872843,0.20383151568701638,0.20612347551882124,262308000
2005-06-29,0.2046722024679184,0.2070402548671551,0.2029917297972298,0.20665887632745042,283572000
2005-06-30,0.20413772761821747,0.20795705978104784,0.20253336111607564,0.20604739369963265,593232000
2005-07-01,0.20505449175834656,0.20535979130401164,0.20092895883390605,0.20345012543281826,315168000
2005-07-05,0.20826320350170135,0.20910298203024957,0.2038314701308146,0.20581814361653367,388440000
2005-07-06,0.213840052485466,0.21475682544551594,0.2065818658244497,0.20895083349193044,703632000
2005-07-07,0.2123117595911026,0.21391613955164498,0.2097906066944299,0.21047818639652763,465900000
2005-07-08,0.21498605608940125,0.2156736358853739,0.21086052266892916,0.21361086917513786,408132000
2005-07-11,0.21819481253623962,0.22041067995491423,0.21597894511756502,0.2168957182198228,399492000
2005-07-12,0.2169727236032486,0.2186531827269102,0.2125409754363399,0.21804168194410115,564252000
2005-07-13,0.21727801859378815,0.21850009125168096,0.2136108716612838,0.21788950574098834,594780000
2005-07-14,0.2076517939567566,0.2238486294591677,0.2073464943479403,0.21956999505866512,1871496000
2005-07-15,0.2054358422756195,0.20765170887935142,0.20184570449930264,0.20704020827568284,1223352000
2005-07-18,0.20031750202178955,0.20490142211408532,0.19825473524802456,0.20482532945585244,1044900000
2005-07-19,0.2030678540468216,0.2035262542650137,0.2000122214435231,0.20153958009631795,517896000
2005-07-20,0.2061235010623932,0.20696419518041193,0.1979494553358853,0.2006998020104208,526500000
2005-07-21,0.20260943472385406,0.20436691532981446,0.19840780908514083,0.20345012870285253,594528000
2005-07-22,0.19733791053295135,0.20650576261496706,0.19588664485845994,0.20360230230731916,699264000
2005-07-25,0.1984839141368866,0.20459612135701577,0.19420528028526607,0.19504597431680173,974952000
2005-07-26,0.20260943472385406,0.20291472061326857,0.19687953538178912,0.19764320775410577,759492000
2005-07-27,0.20673498511314392,0.20765177181726138,0.19947679779573033,0.20291473769030172,807828000
2005-07-28,0.20833934843540192,0.20933222777880767,0.20352623538833117,0.20635267445096653,411240000
2005-07-29,0.20673498511314392,0.20971453848623597,0.2050545123112814,0.207498671210889,351660000
2005-08-01,0.20986764132976532,0.21078442804365558,0.20658188670890287,0.2079570599491588,389040000
2005-08-02,0.21269404888153076,0.21338164223013426,0.2097906022241607,0.2100968033947003,422652000
2005-08-03,0.21269404888153076,0.2146807226223053,0.21078439674330382,0.21269404888153076,518256000
2005-08-04,0.21047815680503845,0.21200644390521584,0.21001977040141864,0.21108965743682095,356424000
2005-08-05,0.21582669019699097,0.21628509029046525,0.20872161852912238,0.2101728841267995,684096000
2005-08-08,0.21659041941165924,0.22132745356347044,0.21506214557167241,0.21727801285864431,725544000
2005-08-09,0.21605591475963593,0.21743108783031184,0.21368693348363665,0.2168956797559853,291900000
2005-08-10,0.21284717321395874,0.21804166443376638,0.21063130613903397,0.21697270617875897,440556000
2005-08-11,0.21582669019699097,0.21620808235343905,0.21078438479686645,0.21284715106461052,701556000
2005-08-12,0.22881388664245605,0.23080054672639855,0.22071592167148255,0.2285085871076066,2295420000
2005-08-15,0.2346208542585373,0.23698890699541061,0.22667507298506728,0.22957852022996983,882804000
2005-08-16,0.2306475192308426,0.23446775345860715,0.22896704622395686,0.23240500019912866,637488000
2005-08-17,0.2306475192308426,0.2334748876401483,0.22950153912617213,0.22965462609006287,607572000
2005-08-18,0.22468839585781097,0.2300369037255181,0.22369551644845165,0.2288909373631011,822732000
2005-08-19,0.2230840027332306,0.2257582701736635,0.2223964229555244,0.22507067673479864,422232000
2005-08-22,0.22125039994716644,0.22629271928634054,0.21865315446439776,0.22270259458349315,547224000
2005-08-23,0.22270263731479645,0.22384861733979167,0.22025757665039933,0.2210212491270612,254460000
2005-08-24,0.22285479307174683,0.22759181315780944,0.2201814547868637,0.22125041305286502,514620000
2005-08-25,0.2243831306695938,0.22560521719997323,0.22193806963333304,0.22384865138441137,296484000
2005-08-26,0.22094514966011047,0.22461229655601686,0.21880629029043733,0.22461229655601686,323436000
2005-08-29,0.22132742404937744,0.2215566172807565,0.2171248832977861,0.21888235016535615,343392000
2005-08-30,0.22927233576774597,0.22980774397609766,0.2206398893339637,0.22094517529109867,948852000
2005-08-31,0.23439161479473114,0.23729414633914517,0.2280502146522866,0.22873780804461027,906804000
2005-09-01,0.23446771502494812,0.2366065605974805,0.23248105475477138,0.2337040289592133,556884000
2005-09-02,0.2306475192308426,0.23492614003601114,0.2298838330399253,0.23492614003601114,469800000
2005-09-06,0.23255808651447296,0.2337801592793862,0.22797416610857454,0.231488199076437,423096000
2005-09-07,0.2399684190750122,0.2405798924754472,0.23164126064705964,0.23225183241111333,588012000
2005-09-08,0.242794930934906,0.2457744848817321,0.23851721146451738,0.23851721146451738,646116000
2005-09-09,0.24592751264572144,0.24646201911811824,0.2414196856579726,0.24539303349564087,454236000
2005-09-12,0.24508674442768097,0.24692031709013984,0.24218421384831018,0.24615663130301163,556584000
2005-09-13,0.2524980902671814,0.25372016268424513,0.24394082379411935,0.24394082379411935,854724000
2005-09-14,0.24944162368774414,0.25394945160329585,0.24829561621994423,0.2505876038332222,503448000
2005-09-15,0.253873348236084,0.25669978766799195,0.25173357336804103,0.25326184737646823,759756000
2005-09-16,0.25402554869651794,0.257387396525178,0.2519627680053166,0.2560122093977104,519828000
2005-09-19,0.250435471534729,0.25456097907424313,0.2490602841400059,0.25372029837512056,428316000
2005-09-20,0.2553245425224304,0.2581510086334865,0.25203971726359065,0.25234498948332046,522192000
2005-09-21,0.25310859084129333,0.2593738960024547,0.2508936535138216,0.2543315918731841,625656000
2005-09-22,0.2463097870349884,0.2537201442352882,0.24180193358110202,0.2537201442352882,739152000
2005-09-23,0.2498999834060669,0.2520397581341808,0.24371166942814798,0.2457744498615606,314640000
2005-09-26,0.2519626319408417,0.2537201120532661,0.24730262112785167,0.2518104466876515,406776000
2005-09-27,0.25280341506004333,0.25524846177487737,0.25089374912247997,0.2530325946446183,404160000
2005-09-28,0.2543317675590515,0.2550193611703571,0.250664619846971,0.25356715231577137,353556000
2005-09-29,0.2596031725406647,0.2597553578223117,0.25234497285398333,0.2544077528169613,513372000
2005-09-30,0.26189517974853516,0.26426323234230287,0.25922092594077023,0.2597554051188031,458832000
2005-10-03,0.26907646656036377,0.2709861333931284,0.2628120577114983,0.2649509315585998,549888000
2005-10-04,0.26556238532066345,0.274653205474371,0.2649508843938917,0.27022239888428473,514476000
2005-10-05,0.25677579641342163,0.26586754155636266,0.2551714302661694,0.26586754155636266,599184000
2005-10-06,0.25585904717445374,0.2604429664880629,0.24814336222960795,0.2564705205683369,685512000
2005-10-07,0.25257420539855957,0.2589156055274813,0.2505875451968579,0.25631744458347727,551952000
2005-10-10,0.2461567372083664,0.254331711422024,0.2460806445522108,0.25387332488977177,459216000
2005-10-11,0.24310101568698883,0.2492123059895056,0.240273648433374,0.2470734336183229,540048000
2005-10-12,0.24600350856781006,0.24974767534473882,0.24210718387162797,0.24241338494921313,657660000
2005-10-13,0.244705468416214,0.24585144845850193,0.23530842114052514,0.2454691545655593,509304000
2005-10-14,0.244705468416214,0.24951859552275107,0.2406560274590222,0.24646204765228993,311256000
2005-10-17,0.2470734417438507,0.2495185153203869,0.24485757503102623,0.24485757503102623,243912000
2005-10-18,0.2430240362882614,0.24844866324488743,0.24141966998343384,0.24799027677526733,299832000
2005-10-19,0.24096138775348663,0.24134368174272816,0.23309261243090354,0.2398924290602987,635952000
2005-10-20,0.24264264106750488,0.24768494624714193,0.24027366008900905,0.24134354714461068,359520000
2005-10-21,0.2440178394317627,0.24753187131352627,0.24233645165149112,0.24676818536077486,298368000
2005-10-24,0.2506645619869232,0.2506645619869232,0.24394086741642515,0.24615673472146224,291012000
2005-10-25,0.2522689402103424,0.25303262635378626,0.2479142270122275,0.24898318542788694,334680000
2005-10-26,0.24539296329021454,0.25287943972914706,0.24501066955090392,0.25234493340966924,415344000
2005-10-27,0.24027372896671295,0.2466151298870923,0.2395100428319863,0.24585144375236562,227784000
2005-10-28,0.247685045003891,0.24814343159893254,0.23492614907537435,0.24088525677788045,464640000
2005-10-31,0.25631746649742126,0.25807494726730384,0.24867790054091832,0.24867790054091832,432420000
2005-11-01,0.25318580865859985,0.2582281166960482,0.25119912033015057,0.2563175483692913,400488000
2005-11-02,0.2678543031215668,0.26815957539568536,0.2521158548276197,0.25326183486819587,523668000
2005-11-03,0.2647216320037842,0.2712152182746524,0.2625827862267016,0.26968787331943034,465072000
2005-11-04,0.26021382212638855,0.2654853360683187,0.25746347534174,0.2648747641640784,570276000
2005-11-07,0.2590678036212921,0.2625057434230814,0.2579988452984476,0.26158897040486434,370824000
2005-11-08,0.2542547285556793,0.2602908579767982,0.2531087483892413,0.2600616510145817,538968000
2005-11-09,0.26571449637413025,0.2673958843823308,0.2518866175700174,0.25479007813108345,818880000
2005-11-10,0.25585904717445374,0.2809184181086908,0.2508937356756249,0.27495933939438744,2503620000
2005-11-11,0.2600616216659546,0.26311726788607254,0.25692898115013585,0.25807496118724704,545928000
2005-11-14,0.26556238532066345,0.2673959591419728,0.25616533656290524,0.26013775652824506,493668000
2005-11-15,0.26617294549942017,0.269687907643339,0.2653331665953137,0.2671667403354126,496200000
2005-11-16,0.2652561664581299,0.2679304482779589,0.260061673407485,0.266479168356588,455280000
2005-11-17,0.277022123336792,0.27725133025719656,0.2643393221928622,0.2674719898130677,703260000
2005-11-18,0.2764868140220642,0.28023098376546135,0.27106311350744194,0.27793899570921116,465768000
2005-11-21,0.2813768684864044,0.28183525501290824,0.2749593751483977,0.2767929212544129,454704000
2005-11-22,0.28886330127716064,0.2916136475784477,0.28061223505098337,0.2828281022055554,731700000
2005-11-23,0.28802356123924255,0.2922251875666378,0.28649528728539386,0.28916954129549133,411948000
2005-11-25,0.2908499240875244,0.2913083104819608,0.2874119578234764,0.28939864494862716,116676000
2005-11-28,0.28939875960350037,0.2941348653354051,0.28420333833664707,0.29161369818369626,424524000
2005-11-29,0.27106305956840515,0.2800017210453906,0.2698400851269419,0.27228513237325236,1043136000
2005-11-30,0.2761814594268799,0.27755661906437823,0.2690763723383553,0.26915246499676526,575448000
2005-12-01,0.27946627140045166,0.28076536563757987,0.27549385231553974,0.2784734056995031,562032000
2005-12-02,0.27954328060150146,0.28145294658627756,0.27579911232445675,0.28076535317092177,334476000
2005-12-05,0.27434784173965454,0.2801538335917622,0.2734310414733135,0.2801538335917622,387708000
2005-12-06,0.2754938304424286,0.27923706962972517,0.2744239432129799,0.2748062370511342,375252000
2005-12-07,0.27595221996307373,0.2782441797443764,0.27121518614285184,0.27656372071248764,352668000
2005-12-08,0.2737363278865814,0.27809106746761386,0.27060458969292894,0.27450091550162187,386664000
2005-12-09,0.2776327133178711,0.2780150345298094,0.2707568331239184,0.27457706711051394,262896000
2005-12-12,0.2816821336746216,0.2822936344549887,0.2779388942566942,0.27839730809401153,281136000
2005-12-13,0.2853492796421051,0.2877943537979594,0.28015385908161605,0.2822166120545128,443412000
2005-12-14,0.2826750576496124,0.2845856255310067,0.2793141117251742,0.28321043851302596,287472000
2005-12-15,0.27908486127853394,0.2845855533098699,0.27618140101958094,0.28244577902772994,332724000
2005-12-16,0.28152912855148315,0.2827521031453294,0.2774035940728565,0.28007784860909296,1065600000
2005-12-19,0.2768689692020416,0.28420326173106475,0.27618140318447,0.2821404817114095,292296000
2005-12-20,0.2767159342765808,0.2807653751115798,0.27304878732298865,0.27656374896215574,304356000
2005-12-21,0.2761814594268799,0.2803069929840129,0.2736602924413211,0.27801503293253,289380000
2005-12-22,0.28458571434020996,0.28489101404088174,0.2758762575938304,0.27595235027920456,318336000
2005-12-23,0.2868005633354187,0.2871828572016266,0.28343961773964255,0.2853492837977282,214536000
2005-12-27,0.2885579764842987,0.29169064368023795,0.28557845085646966,0.2864952237692919,367968000
2005-12-28,0.2912323772907257,0.2921491505815077,0.2867245488671025,0.28855809544866656,264420000
2005-12-29,0.2847377061843872,0.291995905187441,0.2835156338977834,0.29107910507169715,310464000
2005-12-30,0.2793141305446625,0.28321045759503904,0.27816815039323867,0.28313346329165795,229608000
2006-01-03,0.2919960021972656,0.29413484798789186,0.2800016953302415,0.28091846842825474,472812000
2006-01-04,0.3001709580421448,0.30062937192668787,0.2911553028306636,0.29421187808860394,510072000
2006-01-05,0.30696985125541687,0.3075052594500522,0.299712578422469,0.30024705765820364,646092000
2006-01-06,0.3120121359825134,0.3131581158938187,0.29833737133409843,0.3104847638583976,623388000
2006-01-09,0.3207215666770935,0.3224029272598703,0.3111723358317259,0.3118599018732868,560484000
2006-01-10,0.3207986354827881,0.3207986354827881,0.31514482765316787,0.31919426880924967,339660000
2006-01-11,0.3324105441570282,0.33424408987793747,0.3205693546350762,0.3211038337045229,626304000
2006-01-12,0.32767441868782043,0.3374528557939858,0.32530546489490814,0.3323344576826942,495504000
2006-01-13,0.32477104663848877,0.32958414613002257,0.3201870994257668,0.3269098923151251,421296000
2006-01-17,0.32454177737236023,0.32469489161151366,0.3160615053462716,0.3203401521587604,329232000
2006-01-18,0.3262222409248352,0.3272921280525258,0.31170679772889076,0.314686350592901,459948000
2006-01-19,0.34432879090309143,0.34883661803486954,0.32996645972807837,0.33057703154836626,914760000
2006-01-20,0.3347025215625763,0.3488365729515257,0.3346264289192802,0.34486415445907875,461604000
2006-01-23,0.33661311864852905,0.3394395575919412,0.332716792456005,0.3373007120524606,334884000
2006-01-24,0.3382936418056488,0.34532263679120234,0.33646009547742883,0.3373768686415388,388896000
2006-01-25,0.3353141248226166,0.34219000571442015,0.33126468348964,0.3399741380837223,400236000
2006-01-26,0.34677383303642273,0.34707913257953116,0.3380643807849413,0.34020322621483357,448836000
2006-01-27,0.35334452986717224,0.35724085685258994,0.3483782880926014,0.3512817492356065,385044000
2006-01-30,0.3493711054325104,0.35525409178488737,0.3477667117376129,0.35487179794488116,315780000
2006-01-31,0.34348902106285095,0.3495242205216332,0.34081476724022197,0.3476145544406055,384456000
2006-02-01,0.34371834993362427,0.3450935373215464,0.3360017596213759,0.3373008543272,450852000
2006-02-02,0.3332512676715851,0.3470791462702155,0.3327167885327032,0.3468499393641691,473736000
2006-02-03,0.3363068997859955,0.34043243267054035,0.33004252147433094,0.331112408667238,504252000
2006-02-06,0.3457809090614319,0.34616230121638125,0.33393881789570007,0.3353900971488302,363468000
2006-02-07,0.3334805369377136,0.3464686119487351,0.3333274226521399,0.3464686119487351,399408000
2006-02-08,0.34310662746429443,0.34310662746429443,0.3344732693473662,0.3344732693473662,393072000
2006-02-09,0.3373008370399475,0.34952432661445815,0.3351610617488257,0.3441767189825025,437100000
2006-02-10,0.3353901207447052,0.3400510342979774,0.3275213489438067,0.33852276066176024,414996000
2006-02-13,0.33653607964515686,0.33890503341504125,0.33202915493398427,0.33432111442766993,280740000
2006-02-14,0.3371475338935852,0.3383696062110797,0.3327167293956545,0.33653606057786517,342348000
2006-02-15,0.34364110231399536,0.3445579024104982,0.33561924491172046,0.3364599523761637,493296000
2006-02-16,0.3606017231941223,0.36136633825122255,0.34769064399499633,0.3500586965808078,1305888000
2006-02-17,0.36266452074050903,0.3874947162558146,0.36060174031095393,0.38711242237027677,2356956000
2006-02-21,0.3549489378929138,0.36251241311083054,0.3518162694299718,0.3619009121613024,684060000
2006-02-22,0.35433733463287354,0.3571637736642696,0.34150234843433225,0.3499065018349221,939756000
2006-02-23,0.3489127457141876,0.35563646808257887,0.34791987993333207,0.35326748634039873,385128000
2006-02-24,0.3488365113735199,0.3546425293048364,0.34700296587804086,0.35044090466552713,416412000
2006-02-27,0.3629707098007202,0.3651856754720961,0.3478437631136681,0.3515109099839589,666468000
2006-02-28,0.3600672483444214,0.36442198865977643,0.3565532157506913,0.36136634259336853,563316000
2006-03-01,0.3737429082393646,0.37588175373122823,0.3590743494638826,0.3613663092110846,703932000
2006-03-02,0.3742774426937103,0.3795489563559079,0.3694643155842431,0.3733606422659302,545460000
2006-03-03,0.3755764663219452,0.3820700792591406,0.37015186633051306,0.3708394597413671,595800000
2006-03-06,0.37481194734573364,0.385431997009362,0.37297837368804204,0.3829108298147459,529020000
2006-03-07,0.36839428544044495,0.37779132908030677,0.36098392884191177,0.37488879824728566,606204000
2006-03-08,0.36656084656715393,0.3703811078271837,0.3534205871724061,0.3684714416765885,670800000
2006-03-09,0.3684714138507843,0.37718086679176294,0.36824220693563353,0.37099255330585923,536700000
2006-03-10,0.36205393075942993,0.3727491426539501,0.3587681761796843,0.3680891028264756,521580000
2006-03-13,0.36640870571136475,0.3681652578005133,0.36297076524122207,0.3657211121528718,372132000
2006-03-14,0.37656939029693604,0.37809766418243684,0.36533876985456487,0.3667139567894898,627792000
2006-03-15,0.3826046884059906,0.38314009669722243,0.3758818935958737,0.37733317356144636,510600000
2006-03-16,0.3696172833442688,0.38375043051428803,0.36831818953827994,0.38329204414326407,568416000
2006-03-17,0.37259697914123535,0.37358984489480024,0.3623592242096738,0.3678599447459559,618588000
2006-03-20,0.3697696328163147,0.37595791987910376,0.36938824054149055,0.3758818272159198,293772000
2006-03-21,0.38802918791770935,0.3949811878835262,0.3778684822092318,0.38802918791770935,1235472000
2006-03-22,0.3768746852874756,0.3800073256773037,0.36839441149606256,0.37817375222720584,1158576000
2006-03-23,0.3839036226272583,0.38543192369878104,0.3738951030618136,0.37817372311327097,661992000
2006-03-24,0.39689168334007263,0.39757927667797904,0.38428590566027104,0.3848964773968281,687936000
2006-03-27,0.40758687257766724,0.40789307372763967,0.39589786840348623,0.3971969623695555,651444000
2006-03-28,0.4138522148132324,0.41927591277893705,0.40491355575834254,0.4057533344104568,795204000
2006-03-29,0.43608424067497253,0.43684792667360733,0.4121708225028457,0.41560876195124524,987096000
2006-03-30,0.4390636682510376,0.4414317198514063,0.4286728312706195,0.436542502446743,1063308000
2006-03-31,0.43745937943458557,0.4448697366256392,0.43478509895562706,0.43875754439741477,835560000
2006-04-03,0.44234877824783325,0.44846100067064826,0.4342508239725796,0.43975154546540984,968916000
2006-04-04,0.4630524814128876,0.4637400748837019,0.44250180819396967,0.44296019473373965,1200612000
2006-04-05,0.46679648756980896,0.4690884469276409,0.45235711082869473,0.462212568854145,1112976000
2006-04-06,0.467713326215744,0.471227358382481,0.45915603193551263,0.46557355182749566,789312000
2006-04-07,0.46649041771888733,0.46985226526328966,0.45732257717047425,0.46572675887435977,682674000
2006-04-10,0.458392471075058,0.4681718399287469,0.4548784381583424,0.465421465867383,634230000
2006-04-11,0.44723793864250183,0.45992076840902996,0.4444875919272605,0.45992076840902996,702072000
2006-04-12,0.46526825428009033,0.4677133282218862,0.4476962354536436,0.4501413093954395,598308000
2006-04-13,0.4522801637649536,0.46053120192098534,0.45044659062284204,0.4553367109852672,738360000
2006-04-17,0.453503280878067,0.4648100228288371,0.4498361334372257,0.45151662018636807,443868000
2006-04-18,0.44280704855918884,0.44555739475228245,0.43073572193209575,0.44540428049911995,1165488000
2006-04-19,0.44555729627609253,0.45044651417236387,0.43394438601644,0.4400565777833483,517476000
2006-04-20,0.44494590163230896,0.4528916681222167,0.4342506905386675,0.4415849836088042,552684000
2006-04-21,0.42890220880508423,0.4481546882730988,0.42370768988350416,0.44632111489676635,770016000
2006-04-24,0.44204339385032654,0.4463211123986388,0.4240129870811924,0.4316525527923989,676848000
2006-04-25,0.44173723459243774,0.4428071219799218,0.42936063368791105,0.43700110176112245,719766000
2006-04-26,0.4386815130710602,0.45014131157792925,0.43394447941603564,0.44341851940376986,330528000
2006-04-27,0.44571056962013245,0.4498360758096661,0.4275270474023471,0.4370010887333073,462966000
2006-04-28,0.44647419452667236,0.45212802882793446,0.4421955743880317,0.44601580802067625,284736000
2006-05-01,0.4721442461013794,0.48085372779101976,0.4495299160204008,0.4495299160204008,902472000
2006-05-02,0.4715326726436615,0.4813119850708153,0.4634347208632991,0.4756581783393557,539700000
2006-05-03,0.4745892286300659,0.4797837473328717,0.46572668901493275,0.4661850481868151,378114000
2006-05-04,0.4715326726436615,0.4767280655668747,0.4628231927993957,0.46526826680702305,511128000
2006-05-05,0.4779500365257263,0.4796314514598437,0.467407012978156,0.47397764592983216,338184000
2006-05-08,0.4758114814758301,0.4871182251130445,0.47138067446866816,0.47672825481161957,503622000
2006-05-09,0.4612959623336792,0.4776450398136269,0.46068448872669293,0.47519996505539625,561648000
2006-05-10,0.4510580599308014,0.4611426978493975,0.44647411373339463,0.4557950657182367,753264000
2006-05-11,0.4350143074989319,0.45992061592790995,0.43150027577766237,0.45564196933019047,1201110000
2006-05-12,0.4023153781890869,0.42676327471231673,0.3933006268639011,0.4246244293937955,1568172000
2006-05-15,0.40812239050865173,0.4116364232835192,0.3980377497761436,0.40155178255101104,553380000
2006-05-16,0.3974263668060303,0.41056665765925565,0.3948291336851644,0.41041447229560546,497532000
2006-05-17,0.38138243556022644,0.3983429523948888,0.3743534427628533,0.39605099287579765,841074000
2006-05-18,0.36411672830581665,0.3881053161670231,0.36365834172911266,0.3844381962310703,686730000
2006-05-19,0.3717562258243561,0.38046567844772866,0.36381045924839706,0.36747760582317995,932808000
2006-05-22,0.3667140007019043,0.3705342350548576,0.35662935905693893,0.36976964720229577,734886000
2006-05-23,0.36274150013923645,0.3830629657611977,0.36121322629636554,0.3743535125016924,532314000
2006-05-24,0.3674776256084442,0.37832685329590293,0.35769918685503505,0.3659502534313822,579522000
2006-05-25,0.3654918968677521,0.37985422927996965,0.36350520905314543,0.374353535993164,423666000
2006-05-26,0.3662554919719696,0.36931113745337585,0.36243523157066065,0.3668669653293904,294642000
2006-05-30,0.35097554326057434,0.3670192648973823,0.3508233579316466,0.36686707956845455,448788000
2006-05-31,0.35112854838371277,0.35907434200793803,0.34898970293626097,0.3557124951052495,598422000
2006-06-01,0.36946430802345276,0.36946430802345276,0.34960032648370337,0.35510104697085804,537126000
2006-06-02,0.36411672830581665,0.3772570160005007,0.36044958104754293,0.3754234423713639,673710000
2006-06-05,0.3488365113735199,0.36885267082865136,0.34776662440755507,0.3621299074719041,581052000
2006-06-06,0.33951568603515625,0.3535736748240716,0.3300425736071133,0.35326747359661204,824130000
2006-06-07,0.3334043025970459,0.3437942117443439,0.33080611493018336,0.3431827111431277,565380000
2006-06-08,0.32729214429855347,0.33386275103725416,0.31415188710215025,0.32958410395043464,730572000
2006-06-09,0.3262222409248352,0.33722365217224304,0.32347189494356143,0.33157077492696313,433824000
2006-06-12,0.30819278955459595,0.3248471066543241,0.3063592163181992,0.320569388408538,463230000
2006-06-13,0.30345579981803894,0.3143041265542923,0.3005523389509405,0.3080397199117166,532548000
2006-06-14,0.3123183846473694,0.3132351577868191,0.3020806292181741,0.3052893898508889,480492000
2006-06-15,0.3396686911582947,0.3407385781763931,0.32117990250588585,0.32377806293828865,837336000
2006-06-16,0.33095940947532654,0.3382936775296732,0.3277506484174521,0.3373769042687514,503448000
2006-06-19,0.3210277557373047,0.3363068851677351,0.32026314079803125,0.3346264262847617,388044000
2006-06-20,0.31598541140556335,0.3231665894104796,0.31094310597993297,0.3121651783676327,535818000
2006-06-21,0.31949955224990845,0.32454185896395393,0.31461033249119075,0.31461033249119075,441174000
2006-06-22,0.3101785480976105,0.3239303063876523,0.30803967531347615,0.32301353343057554,532338000
2006-06-23,0.3103317320346832,0.31674922670720224,0.3066646117377606,0.3095680457697594,335202000
2006-06-26,0.30742815136909485,0.3132350718241038,0.3059008067543252,0.30987322515267185,281736000
2006-06-27,0.2976498305797577,0.30956801830130287,0.2935242967047518,0.3092618170486972,608514000
2006-06-28,0.31415197253227234,0.319041165382539,0.29214911563954166,0.29994179696845896,833376000
2006-06-29,0.32836219668388367,0.32836219668388367,0.3045257879184334,0.3055947466783578,687666000
2006-06-30,0.3253054916858673,0.3367652902094796,0.3228613466873496,0.33157079902975795,468240000
2006-07-03,0.3300425708293915,0.3330981896556565,0.32775058348650643,0.3327929173896075,174696000
2006-07-05,0.3152209222316742,0.3277506107288633,0.3152209222316742,0.32484717697603444,459708000
2006-07-06,0.3054425120353699,0.31827750140169914,0.30223377835494936,0.31522095306358056,470634000
2006-07-07,0.29596826434135437,0.30819267328917654,0.29260732032052233,0.3075811727881625,541230000
2006-07-10,0.28313350677490234,0.29887195900827823,0.2805362464472023,0.29673308534708176,449922000
2006-07-11,0.2926074266433716,0.2936764122023562,0.2780910808928666,0.2822165864645808,600582000
2006-07-12,0.2785494327545166,0.2948993496844377,0.27824413324903635,0.29153750322369726,461034000
2006-07-13,0.2713682949542999,0.2811476346326602,0.26999310818419103,0.27427175542674614,540582000
2006-07-14,0.2699931263923645,0.27793889335387567,0.2623535606382754,0.2764106195484725,572148000
2006-07-17,0.2721320390701294,0.2751885871271824,0.2673959332928372,0.26877109303413993,502806000
2006-07-18,0.2869536280632019,0.28985708855026254,0.271368296320219,0.2814529355997093,979332000
2006-07-19,0.29948335886001587,0.3031504782760425,0.28359179767699255,0.2857315722523857,1055550000
2006-07-20,0.29352426528930664,0.3101785843353904,0.2930658787572155,0.30483097825441813,505602000
2006-07-21,0.27152150869369507,0.284814914153585,0.2693817332548889,0.2835919121081302,633918000
2006-07-24,0.298871785402298,0.3057476633728304,0.28007769709166114,0.28160597051941516,983178000
2006-07-25,0.3094148635864258,0.3126235962742208,0.2981081518869014,0.3025389844077378,574104000
2006-07-26,0.3094148635864258,0.3130820100773188,0.30024699735919336,0.3094148635864258,495318000
2006-07-27,0.3138457238674164,0.32622232495463765,0.30819284516604273,0.31338733730618296,694338000
2006-07-28,0.34639158844947815,0.3470030892589994,0.3201110153447989,0.3219445888145349,815298000
2006-07-31,0.3382936418056488,0.3462394372776335,0.3373768686415388,0.34272447530539707,594762000
2006-08-01,0.32469502091407776,0.3347796358228154,0.3185827985991265,0.33416813490362196,600966000
2006-08-02,0.3496001362800598,0.3512815235450059,0.3311122807100326,0.3318759391064194,756774000
2006-08-03,0.37160322070121765,0.3810772630942241,0.34348907073309026,0.348378290922964,890568000
2006-08-04,0.36656084656715393,0.38199402227838236,0.3570877068355308,0.38138252146119533,818232000
2006-08-07,0.3622831702232361,0.3668670908316263,0.3552541750181025,0.360143395252641,436146000
2006-08-08,0.3719094693660736,0.3797021243934986,0.3642689723679312,0.36518577299148575,619806000
2006-08-09,0.3717562258243561,0.389633544884686,0.36900587955442676,0.37924360590904616,584706000
2006-08-10,0.3691589832305908,0.371297856171123,0.3613663305586818,0.36763070943003817,1072140000
2006-08-11,0.3575459420681,0.3668668925394389,0.34104384226177314,0.34226591442013854,1603272000
2006-08-14,0.3557124435901642,0.3656439669713763,0.3537257564015699,0.3619768210541573,809412000
2006-08-15,0.3899387717247009,0.3919254590382568,0.36136627210341904,0.36488030401168414,902172000
2006-08-16,0.41790077090263367,0.41958215898235673,0.38199400018378254,0.39207861282697815,1029246000
2006-08-17,0.4113309681415558,0.42355447737372226,0.40720543609844506,0.4127061545966957,814224000
2006-08-18,0.41805392503738403,0.42019277087838675,0.3974262566230487,0.41178954551351427,665898000
2006-08-21,0.4026215076446533,0.4125530300966631,0.4017047349122781,0.4117893715799471,500220000
2006-08-22,0.402010053396225,0.4131645782975363,0.40109328055818766,0.4013985800662114,473928000
2006-08-23,0.4017048180103302,0.4091912686421075,0.39284225171453185,0.4050657358483803,485412000
2006-08-24,0.40583038330078125,0.40796922885208464,0.39635631553800627,0.40277380847298094,260802000
2006-08-25,0.40460729598999023,0.41178940241891687,0.39880130504347405,0.40277372306561493,238314000
2006-08-28,0.4185122549533844,0.4304304678291046,0.4105664882648655,0.4113310759595299,764562000
2006-08-29,0.43745937943458557,0.43944513767619237,0.4194289765670458,0.42248462186302643,727962000
2006-08-30,0.44647419452667236,0.45105814155358304,0.4388346288978318,0.4399036145357347,681564000
2006-08-31,0.4447936713695526,0.44739093041366407,0.43516744684104014,0.44540424309118903,511278000
2006-09-01,0.4261518120765686,0.4417371712729676,0.4244713530558113,0.438223111652535,605742000
2006-09-05,0.43547263741493225,0.4371530959418132,0.4212624965057202,0.4275268732176571,549354000
2006-09-06,0.41362306475639343,0.428443810280468,0.41255317742628433,0.42783323843905763,493572000
2006-09-07,0.42187410593032837,0.4311941578844132,0.40246854000628246,0.40689934541000267,742836000
2006-09-08,0.4232493042945862,0.43043048355073593,0.4139283504500126,0.4285969101703981,447978000
2006-09-11,0.4298190176486969,0.43470913904327785,0.4090391642801922,0.4137752697606087,598266000
2006-09-12,0.44112658500671387,0.44387695866398386,0.4267633252464635,0.42783321251173584,498432000
2006-09-13,0.4446406066417694,0.4504465983777009,0.44082034604646864,0.44219553275730583,476286000
2006-09-14,0.44296014308929443,0.4507528226461154,0.4371532220971609,0.4425017566029674,428814000
2006-09-15,0.4516696333885193,0.45380850638785386,0.4423486793374864,0.444487552336821,649764000
2006-09-18,0.4687822461128235,0.4695468337013575,0.4515164572755487,0.4528916165779538,793896000
2006-09-19,0.45655888319015503,0.469088598390859,0.45273864914817485,0.46572675090399074,708054000
2006-09-20,0.4732140302658081,0.4738246293670842,0.4616011173245258,0.46251789029052803,511884000
2006-09-21,0.46939384937286377,0.47749180153665927,0.4649629892701507,0.47275569651153443,539106000
2006-09-22,0.45548900961875916,0.47092215889707584,0.45029451739040977,0.4680187251995612,653334000
2006-09-25,0.47183889150619507,0.4738246775808523,0.4498360648601039,0.4623648777281627,684486000
2006-09-26,0.461906373500824,0.47260251247170576,0.455947267814441,0.47138044006982166,516120000
2006-09-27,0.4605312943458557,0.47519988242661415,0.45610048850781526,0.4605312943458557,578142000
2006-09-28,0.45182177424430847,0.45365534748485775,0.4405150898972979,0.4425017500690605,647346000
2006-09-29,0.4521280825138092,0.4583924620461799,0.4496830081088237,0.4548784291986796,373890000
2006-10-02,0.4406682252883911,0.45289171126103944,0.43700107840401986,0.4499882778108718,647442000
2006-10-03,0.4324171245098114,0.43577806991189394,0.42279089884700793,0.4324171245098114,907692000
2006-10-04,0.47489455342292786,0.4750476676894825,0.43180564691001533,0.43302774684376294,1460382000
2006-10-05,0.4614481031894684,0.4777980534074919,0.46022603040767707,0.47306101865038547,662682000
2006-10-06,0.47260260581970215,0.4774918253515838,0.4608375063634059,0.46221269327721604,593610000
2006-10-09,0.5030096769332886,0.5092740295228874,0.4701575907567693,0.47153277784368497,932304000
2006-10-10,0.4915500581264496,0.5023983352705751,0.48589619338972206,0.5004116738903298,624648000
2006-10-11,0.49430012702941895,0.5030096076165891,0.48146514039465577,0.4889516193943299,481944000
2006-10-12,0.4962858259677887,0.5065235512793552,0.4891046478073047,0.4970504135737232,414720000
2006-10-13,0.5159969925880432,0.5189004272056126,0.4865076749892056,0.49460563080351055,584190000
2006-10-16,0.5150799751281738,0.5260813603478817,0.5059120812522411,0.5176781088101435,478968000
2006-10-17,0.49536922574043274,0.5101909315880475,0.49048005952626733,0.5066768980162671,526506000
2006-10-18,0.4822288751602173,0.508051909196546,0.4787148424285515,0.5027034013247749,822750000
2006-10-19,0.49139663577079773,0.49506378218403746,0.4765749905117729,0.4803951965310786,473040000
2006-10-20,0.48574286699295044,0.4955221798636118,0.47871480212137296,0.4952168802971766,359478000
2006-10-23,0.48253411054611206,0.4964389848394414,0.4813120378875566,0.48467388523595795,280248000
2006-10-24,0.49659210443496704,0.5020928522179883,0.48207575649966167,0.48345094344541695,519288000
2006-10-25,0.5011758804321289,0.5088154717731579,0.492924815773936,0.5013280657036483,389436000
2006-10-26,0.5170665383338928,0.5187469697475314,0.5023979546010784,0.5023979546010784,366690000
2006-10-27,0.49475863575935364,0.5285265679758466,0.4889517131632907,0.5170667660407837,566988000
2006-10-30,0.5007175803184509,0.5095791903789391,0.49277181422603156,0.49811939218302326,479592000
2006-10-31,0.5328049659729004,0.5328049659729004,0.5091207841349806,0.5117189173854058,996174000
2006-11-01,0.49170219898223877,0.5306655343966428,0.48436790222284054,0.5257763128767747,1176540000
2006-11-02,0.4883407950401306,0.5046898067117576,0.4816171036082427,0.49399372533285,862944000
2006-11-03,0.4981195330619812,0.49873106126874467,0.4858960180857379,0.4938418410700357,548070000
2006-11-06,0.5132464170455933,0.5201222970391104,0.49323025054990993,0.49949465705855906,739602000
2006-11-07,0.5210387110710144,0.526539399769584,0.5141627818920607,0.5170662677141582,553254000
2006-11-08,0.528679609298706,0.5350970756386609,0.5161499215691964,0.5173719942635658,648324000
2006-11-09,0.5392224192619324,0.5531263594010275,0.5346385009678227,0.5395277187339442,1207758000
2006-11-10,0.5262343883514404,0.537235826412519,0.512940990858215,0.5346385674703847,1317192000
2006-11-13,0.5500709414482117,0.5515991879908426,0.5271512870118317,0.527304401282667,852282000
2006-11-14,0.5555716753005981,0.5566415627128065,0.5363191663448768,0.5480842666882693,628530000
2006-11-15,0.5464039444923401,0.5615308954348333,0.5433482702381089,0.5538912999643709,491892000
2006-11-16,0.5534327030181885,0.5554184341480448,0.5439586360276281,0.5486956695229083,457182000
2006-11-17,0.5549602508544922,0.5564885524397237,0.5462508225235793,0.549612670711745,361608000
2006-11-20,0.5601556301116943,0.5632112492956283,0.543958793798243,0.54808430046031,608634000
2006-11-21,0.5514459609985352,0.5627526989569893,0.5476257552576209,0.5618359260816451,387384000
2006-11-22,0.5609191656112671,0.5615306936838881,0.550529253930822,0.5534327417880861,240258000
2006-11-24,0.5650448203086853,0.5662678220133979,0.5531266055817006,0.558168939807265,144336000
2006-11-27,0.5395280718803406,0.5691704459791299,0.5357078096003434,0.5616840193383411,585294000
2006-11-28,0.5496125817298889,0.5545018017526667,0.5292901848538357,0.5376943668064155,480966000
2006-11-29,0.5577103495597839,0.5644340426105742,0.5525158316523028,0.5546547315043396,579792000
2006-11-30,0.5651978850364685,0.5697818049688381,0.5509877113882681,0.557710477016855,583632000
2006-12-01,0.5430421233177185,0.559697322052167,0.5381529021912177,0.5589336630126485,785010000
2006-12-04,0.5650448203086853,0.5720738150934979,0.5480842713561361,0.5500709865600251,621570000
2006-12-05,0.5592389702796936,0.562447704405543,0.5529745617058984,0.5590858559571352,663354000
2006-12-06,0.5584750175476074,0.5610722768753337,0.550834550548617,0.5610722768753337,478242000
2006-12-07,0.545028567314148,0.5615306998012056,0.5401393481346569,0.558475026611551,486894000
2006-12-08,0.5431950688362122,0.5506824777524576,0.5332635689945769,0.5410562228838639,564858000
2006-12-11,0.5525157451629639,0.5590854486363993,0.5421249077019806,0.543347908828517,515484000
2006-12-12,0.5468623042106628,0.5502241524483037,0.5395280630463405,0.548390605818386,568116000
2006-12-13,0.5532795190811157,0.5577103235240738,0.5512928592428222,0.5512928592428222,491952000
2006-12-14,0.5630590915679932,0.5700872127563242,0.5572522235805952,0.5577105828740503,715380000
2006-12-15,0.5729905366897583,0.5729905366897583,0.5632111687261954,0.5667261302818701,746094000
2006-12-18,0.5829220414161682,0.5897979207264397,0.5732957885239357,0.5736019623930394,688356000
2006-12-19,0.5913262367248535,0.5943819102214503,0.5746710429499069,0.5754356307208681,545622000
2006-12-20,0.5846033096313477,0.5952985191095632,0.5841448958919673,0.5882704556125229,306594000
2006-12-21,0.5795611143112183,0.5894926675396484,0.5729905340391224,0.5878121810614813,367920000
2006-12-22,0.5658094882965088,0.5806302645065002,0.5630591138483603,0.5786444779801211,370170000
2006-12-26,0.5656561255455017,0.5739071906212887,0.5633641660602622,0.5688649125405366,228192000
2006-12-27,0.5731435418128967,0.5751292728564791,0.5681012090011361,0.5681012090011361,264954000
2006-12-28,0.5690182447433472,0.5743658795477691,0.566420110182322,0.5737543512620578,213912000
2006-12-29,0.5655031204223633,0.5809362954073999,0.5648925759150629,0.569018081926667,386094000
2007-01-03,0.5512928366661072,0.5732956563137362,0.5315819216153912,0.5664197785891408,1154820000
2007-01-04,0.5486956834793091,0.5512929427050096,0.5352491702837154,0.5493071568800157,797298000
2007-01-05,0.514316201210022,0.5378473245972978,0.5106490550202247,0.5357075503419806,1243344000
2007-01-08,0.5181365013122559,0.5280679988697675,0.5072872471949198,0.5161498411461959,657270000
2007-01-09,0.508051872253418,0.5224142306867045,0.5074403987993923,0.5189001982105624,764166000
2007-01-10,0.5331102013587952,0.5378472338772438,0.4950636685157267,0.5027032044862092,1108746000
2007-01-11,0.5311238169670105,0.5372360390732842,0.522414334890497,0.5331104776755742,924504000
2007-01-12,0.5383055210113525,0.5404443654444315,0.5207335104469628,0.5231785832391275,698190000
2007-01-16,0.5392224192619324,0.5427364506108977,0.5331102003354209,0.5424311511388858,711864000
2007-01-17,0.5279150605201721,0.5349440555283644,0.5259292742120683,0.5317352674766813,707934000
2007-01-18,0.4842153787612915,0.5233309268827783,0.477644800335208,0.5233309268827783,1501638000
2007-01-19,0.4871179461479187,0.4972025563556035,0.4756580947571508,0.4790199411458995,942606000
2007-01-22,0.4871179461479187,0.4996476299335847,0.4852843458817625,0.49170186484637735,730644000
2007-01-23,0.487271249294281,0.49506395869253866,0.47581144681995924,0.4848261744941307,630354000
2007-01-24,0.502397894859314,0.5089685273528928,0.49124339880009027,0.49353535790522046,685722000
2007-01-25,0.484825998544693,0.5088155370061826,0.48238185359057917,0.5069819364889386,616284000
2007-01-26,0.4808536469936371,0.49368863309643807,0.4721441667674424,0.48895159912911157,829584000
2007-01-29,0.46114280819892883,0.4790200742319046,0.45701724743733996,0.47871482929277726,1258284000
2007-01-30,0.47000548243522644,0.4730611020857737,0.460073051909062,0.46419855920112113,636174000
2007-01-31,0.4683240056037903,0.4727557404323637,0.4619064846114167,0.46771340641297293,467976000
2007-02-01,0.4742830693721771,0.4767281437809539,0.4629763830129586,0.46389315613523036,650898000
2007-02-02,0.4866594970226288,0.48895145620515046,0.4729077419274985,0.47688106133906943,586590000
2007-02-05,0.4946053624153137,0.4987309225721034,0.48818789725314554,0.4889515559353773,579906000
2007-02-06,0.5121775269508362,0.5185949939425727,0.4982726508377804,0.5057600053144556,775386000
2007-02-07,0.5321935415267944,0.5334156139903017,0.5132463363920168,0.516302883666488,761058000
2007-02-08,0.5253177285194397,0.5328050817605857,0.5195117360521777,0.5240956559026129,726276000
2007-02-09,0.4988841414451599,0.5323468285917842,0.4968974806999186,0.5279150931671001,937956000
2007-02-12,0.5098854303359985,0.5207337553865726,0.49720263043201635,0.5025511374679066,789360000
2007-02-13,0.519511878490448,0.5236373856291053,0.5129412418443088,0.5181366912293456,849732000
2007-02-14,0.5126357674598694,0.5271511832702374,0.5114127660961388,0.5240955651004913,1081848000
2007-02-15,0.5156915783882141,0.5182888384099316,0.5074405100739025,0.5123297304804484,488682000
2007-02-16,0.499953031539917,0.5141631496205549,0.4984256594193233,0.5135526051425972,915060000
2007-02-20,0.5043848752975464,0.5071351948882281,0.49720276576739475,0.5007177278653266,625578000
2007-02-21,0.4968971610069275,0.505606637640744,0.49185482955342263,0.5002590067471878,655332000
2007-02-22,0.5001060366630554,0.5127879615717731,0.49888396423691544,0.504689955798236,655452000
2007-02-23,0.4988841414451599,0.5051485490030243,0.4987310817920787,0.5048432493665499,403050000
2007-02-26,0.4912435710430145,0.5040785574609509,0.49047991227457155,0.5002592253706786,494070000
2007-02-27,0.4764227569103241,0.49735569142967806,0.47565811469307806,0.4858958395586014,714630000
2007-02-28,0.4736725091934204,0.4839093078120595,0.4692407744054468,0.47504769615380493,780048000
2007-03-01,0.4678654968738556,0.47657497617385086,0.4573224717447179,0.4634346919024606,837228000
2007-03-02,0.45487838983535767,0.46939386281086937,0.45396158947152376,0.4637400556498459,682728000
2007-03-05,0.4394451677799225,0.45579508570675975,0.4379177958454327,0.4469325470786171,663558000
2007-03-06,0.4654214084148407,0.47046374202335856,0.44723788730507513,0.44907146067887105,805974000
2007-03-07,0.4522801637649536,0.4652682353604158,0.4502944053361955,0.463129390008663,811656000
2007-03-08,0.4709221422672272,0.4761166616344609,0.46144807336533866,0.46175430192134514,770622000
2007-03-09,0.4661850333213806,0.48284027941837104,0.46083745517530855,0.47749177231358736,555306000
2007-03-12,0.46343469619750977,0.4701574608399522,0.4602259089998307,0.4608374370311862,428010000
2007-03-13,0.4438769519329071,0.46144801530500734,0.4435707234154309,0.4586976963340768,617070000
2007-03-14,0.44173723459243774,0.44769631444514807,0.4284438332566575,0.44509908207457644,971610000
2007-03-15,0.4373064637184143,0.44464075892502103,0.4305836694320235,0.440668311679946,655752000
2007-03-16,0.4331808388233185,0.4383762594990138,0.4301251927798286,0.43761167176077853,525648000
2007-03-19,0.4353196918964386,0.44234865834598663,0.43394450506540455,0.4354727788354492,461508000
2007-03-20,0.4331808388233185,0.44387697975257656,0.4315003796737987,0.43394452492507,656490000
2007-03-21,0.45793408155441284,0.46511523430280016,0.4421956327546107,0.45075290148370534,1268376000
2007-03-22,0.46801862120628357,0.4707689400092698,0.4562535233755125,0.45839236878426026,810954000
2007-03-23,0.4628232717514038,0.472755754773206,0.4594623531573073,0.46450468732965516,524640000
2007-03-26,0.4637400209903717,0.467560227138209,0.45533674232469445,0.46312942188443645,447336000
2007-03-27,0.4550306499004364,0.46358789185916105,0.4545722633043703,0.4626711186670288,469020000
2007-03-28,0.4463210999965668,0.4550305527516473,0.4455574139376044,0.4512112208204022,459504000
2007-03-29,0.4385283887386322,0.45365533334891267,0.43134721025372985,0.45304476159356283,719016000
2007-03-30,0.43975144624710083,0.44769628442698156,0.43745948630612275,0.44448755143853935,581244000
2007-04-02,0.43929293751716614,0.4423485553872872,0.43211083115564347,0.4386814368952628,400830000
2007-04-03,0.4376116394996643,0.44418221926262313,0.43348610644420965,0.4392930274840322,473724000
2007-04-04,0.4366947114467621,0.44051497115159555,0.4354726392687229,0.43700091254896395,361692000
2007-04-05,0.4721442461013794,0.47260266000675505,0.43852850141548827,0.43852850141548827,1332900000
2007-04-09,0.46358776092529297,0.47749175879236055,0.4626709879920904,0.4721441261530884,640950000
2007-04-10,0.4588508903980255,0.4683240307967313,0.45793408992594564,0.4629763968942621,794220000
2007-04-11,0.45059967041015625,0.46435145509706355,0.44907139682420116,0.45976753597553216,810150000
2007-04-12,0.46343469619750977,0.4648098829044254,0.4452520787605226,0.44815463746318634,743640000
2007-04-13,0.4672549068927765,0.4681717344698032,0.45625352241474093,0.4619063999441401,638694000
2007-04-16,0.4648098349571228,0.4695468133313278,0.45885072960495,0.4660319072904683,671838000
2007-04-17,0.46924081444740295,0.4874243111016068,0.4669488541993938,0.4765751090988892,1059108000
2007-04-18,0.47504767775535583,0.47917318383209173,0.46603202321169934,0.4684770428005237,683802000
2007-04-19,0.48161712288856506,0.48436749552516206,0.46985202852703345,0.471227214845332,568056000
2007-04-20,0.487271249294281,0.48895173617167564,0.4808537817665202,0.48864643652012935,590052000
2007-04-23,0.4793251156806946,0.4858956925164346,0.4779499295007555,0.48497891994467757,595272000
2007-04-24,0.49735596776008606,0.5017867748772494,0.4842156771250651,0.4874244112023162,1028088000
2007-04-25,0.505912184715271,0.5086625589049872,0.49430019800076125,0.49659215827731035,509640000
2007-04-26,0.5121775269508362,0.5159968596987963,0.5013282700411517,0.5059121906480046,500070000
2007-04-27,0.5053013563156128,0.5161496780462405,0.4972024782715563,0.5104958731961743,554058000
2007-04-30,0.502551257610321,0.5185949792807137,0.5023981433221529,0.5121775124704137,563388000
2007-05-01,0.5078988671302795,0.5150800471174498,0.503773306112813,0.511719073900407,544554000
2007-05-02,0.5019397735595703,0.5126359156505677,0.49934251375786853,0.5104961407859551,659658000
2007-05-03,0.5114128589630127,0.5147747062246387,0.505759926071235,0.5066767537646709,500250000
2007-05-04,0.5150799751281738,0.5176781088101435,0.5092739283136581,0.514163147489338,405246000
2007-05-07,0.5048430562019348,0.5283732502888449,0.5042315828486159,0.5225672588866884,557100000
2007-05-08,0.5086625814437866,0.5098855832610716,0.49200825952505983,0.5017867003094696,737100000
2007-05-09,0.5109546780586243,0.5138581674418577,0.4991895733951521,0.5049955685577326,417870000
2007-05-10,0.5014815926551819,0.5198172826994616,0.49705078450021456,0.5130945132889593,802584000
2007-05-11,0.5369305610656738,0.5421250246358259,0.5204284302463907,0.5285263814119989,1530630000
2007-05-14,0.5315821766853333,0.539833244842895,0.5265398967212891,0.5347909648788508,731568000
2007-05-15,0.5268460512161255,0.5363191918626242,0.525623104108282,0.5331104584322145,621360000
2007-05-16,0.5335686802864075,0.5335686802864075,0.5172196647546328,0.5273042753251553,523104000
2007-05-17,0.5247061848640442,0.534790851951935,0.5216505662554249,0.5320404782653042,443664000
2007-05-18,0.5350969433784485,0.5366243152903352,0.5242477448968955,0.528679478624702,604266000
2007-05-21,0.5367775559425354,0.5500709569839767,0.5309715631746103,0.5335688228099936,645768000
2007-05-22,0.5396811366081238,0.5445703576202829,0.5285266329391956,0.537236116267149,401736000
2007-05-23,0.5253177285194397,0.5431949940782829,0.5237894273681514,0.5399862611119053,448248000
2007-05-24,0.5063706040382385,0.5292902070485905,0.5042317580295406,0.5277628892502945,607800000
2007-05-25,0.514316201210022,0.5169134602721607,0.5085102097235453,0.5100375816580254,308976000
2007-05-29,0.5198169350624084,0.521497421373678,0.5106490961714281,0.5121773971877057,316242000
2007-05-30,0.5210387110710144,0.5210387110710144,0.5072869073577003,0.5137044230431926,331650000
2007-05-31,0.5292901992797852,0.5324989873698517,0.5224143184776022,0.5248593930350864,481572000
2007-06-01,0.5329572558403015,0.543194982633867,0.5320404828184567,0.5352492157172305,429084000
2007-06-04,0.5358607172966003,0.5389163357801574,0.5259291648778885,0.5280680103849686,322002000
2007-06-05,0.5517513155937195,0.5526680885605743,0.5364721850883077,0.5373889580551624,698586000
2007-06-06,0.5558769106864929,0.5647394506478094,0.5456400581806926,0.547932018063527,950736000
2007-06-07,0.5499176383018494,0.5615305484799692,0.5497654530421004,0.5532794844599369,791862000
2007-06-08,0.5584750175476074,0.5592387309152552,0.5386110383189007,0.5453338580237503,533268000
2007-06-11,0.5604608058929443,0.56382265291707,0.5554184725138085,0.5584750199812912,434634000
2007-06-12,0.5546548962593079,0.5653509833907443,0.5543495966572697,0.5575583299008132,526770000
2007-06-13,0.5679479837417603,0.5681010979522916,0.5535847560437788,0.5607668070496875,587232000
2007-06-14,0.5780327916145325,0.580171637014135,0.5645862786186716,0.5653508662590293,508548000
2007-06-15,0.6043143272399902,0.608898247236899,0.584450346052232,0.5846034603243553,1081998000
2007-06-18,0.604619562625885,0.612565329120131,0.5997303435626996,0.6104255546621803,685662000
2007-06-19,0.6084398031234741,0.609814935214954,0.5966737762287643,0.6007992817924623,491952000
2007-06-20,0.6090502142906189,0.6142456605553536,0.6049247096296739,0.6111899882089639,822792000
2007-06-21,0.6567234396934509,0.6620720037730463,0.6160796204331624,0.6208166561909038,1297326000
2007-06-22,0.6665025353431702,0.6703227961629609,0.6470969699370607,0.6570293967032124,882618000
2007-06-25,0.6489304304122925,0.6637520743235373,0.6419023667262879,0.647861472275343,819702000
2007-06-26,0.6188297271728516,0.6490836174169309,0.6173014261542505,0.6472500168491693,868482000
2007-06-27,0.6354851722717285,0.636248885928762,0.6157742998312187,0.6188299741291335,613140000
2007-06-28,0.641596257686615,0.6484721920190448,0.6310532312364018,0.6373185664253,597534000
2007-06-29,0.6312064528465271,0.6460281020374521,0.6309011532228412,0.6458750423907823,516570000
2007-07-02,0.657487690448761,0.6577929353035388,0.6382351881707409,0.6402209737100579,563850000
2007-07-03,0.6585567593574524,0.6637521522498209,0.651680880142363,0.6570293872894795,238770000
2007-07-05,0.6655856370925903,0.6677244822042945,0.6555009722816502,0.6587097590731061,373290000
2007-07-06,0.6687943339347839,0.6713915926351968,0.6634467569585352,0.6646688291987211,282720000
2007-07-09,0.6882002353668213,0.6914090235774436,0.6710866253839753,0.6712397396798178,536784000
2007-07-10,0.694922924041748,0.6990484300322019,0.6773509034867029,0.6846851970748816,552654000
2007-07-11,0.6918671727180481,0.6995067650194359,0.6822409202992878,0.6947697314553809,582612000
2007-07-12,0.7051606774330139,0.7059243362323974,0.6918672766368773,0.6967564962259459,438732000
2007-07-13,0.7008820176124573,0.7115781035751736,0.7001183042113726,0.7031739774852175,372630000
2007-07-16,0.7135640382766724,0.7164674722060259,0.7013405229643236,0.70149363725996,541710000
2007-07-17,0.7105083465576172,0.730830744214372,0.7098968729940099,0.716467454248278,643812000
2007-07-18,0.6975201368331909,0.7024102302258128,0.6837683236148753,0.7002704557611491,550656000
2007-07-19,0.6967566013336182,0.710966777345117,0.691867381006997,0.7074527441558418,407376000
2007-07-20,0.689116895198822,0.7037854269557411,0.6857550481567106,0.7013403529025687,505650000
2007-07-23,0.6959928870201111,0.7102030619005232,0.6851436307660232,0.686671932077153,360474000
2007-07-24,0.677656888961792,0.6990482356711533,0.6733782698943545,0.6932422448422125,457560000
2007-07-25,0.6744481325149536,0.6874353001992711,0.6588627771980499,0.6778090497198712,437196000
2007-07-26,0.6778091788291931,0.6872832458532263,0.6582514293111648,0.6672661535922345,710268000
2007-07-27,0.676128625869751,0.7072992822014778,0.6758233263879166,0.676128625869751,615480000
2007-07-30,0.695076048374176,0.6961450067348257,0.6784208006152995,0.6785739148841136,538158000
2007-07-31,0.699201226234436,0.7323576629616562,0.6982844536141093,0.7225792285981231,711492000
2007-08-01,0.6940059065818787,0.7060771753720824,0.6616131249511105,0.6891166888979607,705828000
2007-08-02,0.6909503936767578,0.7025623771515667,0.6816294408803717,0.7019518327216182,468606000
2007-08-03,0.6500005125999451,0.6937009245139829,0.6496952129933781,0.6886585903103017,623412000
2007-08-06,0.655501127243042,0.6603903465762065,0.6371654481898372,0.655501127243042,524724000
2007-08-07,0.6658909320831299,0.6767401297134558,0.6467915442702775,0.655500967844825,565764000
2007-08-08,0.6966032981872559,0.7173841046198562,0.6727669279657266,0.6779623208300826,660744000
2007-08-09,0.7048545479774475,0.7242601727070997,0.6852967925575367,0.7013405148242678,1251834000
2007-08-10,0.6721563935279846,0.676740313420962,0.6324284320532211,0.6470970194264573,1141014000
2007-08-13,0.6648219227790833,0.6820877650788897,0.6509170525347887,0.6775038464067491,700410000
2007-08-14,0.6906443238258362,0.7013404657903748,0.6674194225826448,0.6694060831388048,1092174000
2007-08-15,0.6614602208137512,0.6967564460104884,0.6605434478081056,0.6869771332229603,695142000
2007-08-16,0.650458812713623,0.6596266517387943,0.6188297352900035,0.6548896179702629,780030000
2007-08-17,0.6888107657432556,0.6894222392618574,0.6477085431420685,0.668489298541136,728712000
2007-08-20,0.6860603094100952,0.6967564499077297,0.6776570577204752,0.6892690969147524,519684000
2007-08-21,0.7231900691986084,0.7286907614038093,0.6799489552604329,0.6901858066781466,715338000
2007-08-22,0.7396923303604126,0.7439709508526737,0.7265520436066474,0.7415258765359363,566154000
2007-08-23,0.7334280014038086,0.7519167979706238,0.7302192679345098,0.7432073161029343,667986000
2007-08-24,0.7372478246688843,0.7386230110526452,0.7259402144649734,0.731288774746946,361644000
2007-08-27,0.7539021372795105,0.7616948419063806,0.7338859786988753,0.7372478247096202,635946000
2007-08-28,0.7079110741615295,0.7594032088903039,0.7062296586326485,0.7563475353459587,560022000
2007-08-29,0.7480963468551636,0.7490131198078601,0.7212043038129802,0.7227316758580907,538560000
2007-08-30,0.7438179850578308,0.7623067833573476,0.7406092512878213,0.7409154252543295,465660000
2007-08-31,0.7817121744155884,0.7846147335488342,0.7552776131462365,0.7594031738789923,720834000
2007-09-04,0.8058539032936096,0.8092157506007802,0.7730027502031667,0.7852262635152877,683268000
2007-09-05,0.7997415065765381,0.8251061750074185,0.7991309621905237,0.8023396945226425,656274000
2007-09-06,0.803256630897522,0.8170083905299436,0.7998947836440834,0.8096741515127666,425496000
2007-09-07,0.773919403553009,0.7890463479795068,0.758944644414737,0.7809474677037676,602304000
2007-09-10,0.7760583758354187,0.804478723497156,0.7696409097054606,0.7907269635232715,872112000
2007-09-11,0.7925605177879333,0.7985196247666417,0.7772043911241154,0.7854554581219703,405424000
2007-09-12,0.7613896727561951,0.804936957593012,0.7535970214402014,0.8010405772903906,554452000
2007-09-13,0.7616188526153564,0.7767457961433999,0.7561181607809654,0.7758290232784388,452864000
2007-09-14,0.7391577959060669,0.7549723365743477,0.7368658358662278,0.7540555634873396,487308000
2007-09-17,0.7375532984733582,0.748096323714822,0.7295314670796105,0.740303671891002,374828000
2007-09-18,0.8021866679191589,0.8136464665319352,0.744200026829418,0.7453460340130107,844740000
2007-09-19,0.7875182628631592,0.8251063974095291,0.7797255548415937,0.8095210906556759,521360000
2007-09-20,0.782934308052063,0.7964568893218678,0.7742248813454499,0.787976642236717,324172000
2007-09-21,0.7904976010322571,0.8021866333650256,0.7829341288091577,0.7907268352458794,457532000
2007-09-24,0.810667097568512,0.8228144923217585,0.7895810414735235,0.7953109694037609,456360000
2007-09-25,0.8209807872772217,0.8244186996550502,0.8035618818675628,0.8058538416676592,360748000
2007-09-26,0.8404623866081238,0.8422959324020937,0.8230434829869044,0.8251062083439639,518032000
2007-09-27,0.8429834246635437,0.8526096755392785,0.8340447670392628,0.8484841160305551,378280000
2007-09-28,0.8306071758270264,0.8510056377697245,0.8287735749009784,0.8480260840789573,404292000
2007-10-01,0.8656741380691528,0.8697996990077901,0.8367954300772469,0.8377122031820645,398200000
2007-10-02,0.8574230074882507,0.865215714915055,0.844817255277912,0.8636112937943639,284960000
2007-10-03,0.8209807872772217,0.8422960188825811,0.8074582080632634,0.8422960188825811,467196000
2007-10-04,0.8246479630470276,0.8294610624040384,0.7964567963998672,0.8200640432847409,378976000
2007-10-05,0.8464216589927673,0.8510055790244963,0.8287735176904375,0.8377121781457001,344840000
2007-10-08,0.8601731061935425,0.8615482926317543,0.8422957917860244,0.8523804559031657,252484000
2007-10-09,0.84504634141922,0.8640696120745651,0.8324405359583692,0.8601732861143894,403008000
2007-10-10,0.845963180065155,0.8507762793348835,0.8255647210995014,0.8507762793348835,389136000
2007-10-11,0.8083750009536743,0.8487135600019198,0.7992071615276094,0.8381705337330185,529104000
2007-10-12,0.8280858397483826,0.8280858397483826,0.8047078281134953,0.8173136342371533,409952000
2007-10-15,0.834044873714447,0.8448171329352612,0.8269398154001724,0.8308361412270086,355900000
2007-10-16,0.8416082859039307,0.8565060494561955,0.8301484888039666,0.8331280415144195,276360000
2007-10-17,0.9062417149543762,0.9087628541925662,0.8734666862793921,0.8743834592164949,717944000
2007-10-18,0.9055541157722473,0.909221262141726,0.8805717391900908,0.9032621561219015,340620000
2007-10-19,0.8569645881652832,0.9039497904490852,0.8567353539386197,0.903491376640389,505768000
2007-10-22,0.8975325226783752,0.8993661237840185,0.8445881992201711,0.8514640804158792,537656000
2007-10-23,0.9018868207931519,0.9092211123235917,0.8773628620398842,0.9092211123235917,294292000
2007-10-24,0.8714039921760559,0.8824053777961447,0.8285442930297344,0.8824053777961447,565500000
2007-10-25,0.7953109741210938,0.8526100351847635,0.7698701770197958,0.8445881469637783,806192000
2007-10-26,0.7884346842765808,0.826022856700797,0.7769748889386161,0.8205221112228822,616580000
2007-10-29,0.7698701024055481,0.773537249389882,0.746262908584406,0.7613898557418848,813896000
2007-10-30,0.798061192035675,0.8143340902792356,0.7632233264512681,0.7760583123051131,525212000
2007-10-31,0.810896098613739,0.8113544577437534,0.77789183688913,0.802874212747594,455188000
2007-11-01,0.810896098613739,0.8271689952664096,0.7872888547899448,0.7982902935796901,587236000
2007-11-02,0.842066764831543,0.8480258707137529,0.8106668691667636,0.8221266671538493,491844000
2007-11-05,0.842066764831543,0.8622360420755901,0.8296901392897886,0.8349616518283107,436636000
2007-11-06,0.8686537742614746,0.8755296551685339,0.8461925305116281,0.850088912205808,554620000
2007-11-07,0.8273982405662537,0.8716331241599723,0.8205223612681256,0.8681952118332238,546768000
2007-11-08,0.7756001949310303,0.8342744498821882,0.7519929414395309,0.8193766791632127,996824000
2007-11-09,0.764598548412323,0.7976028148806845,0.7483256494207244,0.7918728877749203,871056000
2007-11-12,0.6882762312889099,0.7698700707391359,0.6882762312889099,0.7643693778112093,715732000
2007-11-13,0.7490131855010986,0.7497007789370848,0.6882762206942782,0.6995068406225389,726696000
2007-11-14,0.7373242378234863,0.7753707847992503,0.7334279112831534,0.7680365455770036,666720000
2007-11-15,0.7274686098098755,0.7393868204952773,0.7105080666088139,0.7325109423255353,496436000
2007-11-16,0.7437416315078735,0.7458044117028192,0.7274687334667642,0.7334278398224083,423592000
2007-11-19,0.6935476660728455,0.7368657204332474,0.689651340079958,0.7331985740150506,568412000
2007-11-20,0.6882762312889099,0.7077579181042511,0.6671901779797832,0.7066119108117557,622628000
2007-11-21,0.6809419989585876,0.697214954252164,0.6717741583713605,0.6738369388968787,648452000
2007-11-23,0.6926310658454895,0.6956106196379732,0.6770457033429095,0.6857551850885214,141976000
2007-11-26,0.6765872836112976,0.7063828212796895,0.6752121511874538,0.6921726459797366,385896000
2007-11-27,0.7056952118873596,0.7077579924437348,0.6809420091447796,0.6862135230257558,458856000
2007-11-28,0.7529094219207764,0.7629940326373942,0.7244890808403661,0.7279270473600222,574548000
2007-11-29,0.7590978741645813,0.7815591146532932,0.7485548473755644,0.7517635804040558,489084000
2007-11-30,0.7228850722312927,0.7838512897260586,0.720593111632752,0.7838512897260586,652656000
2007-12-03,0.7334280014038086,0.7469505834754464,0.7221973796166191,0.7334280014038086,490688000
2007-12-04,0.7327401041984558,0.7391575684775858,0.7185299344658698,0.7366364296028735,371712000
2007-12-05,0.770786702632904,0.7849968735186683,0.7513050740298505,0.7607020916710513,666704000
2007-12-06,0.7863720059394836,0.7888931448449575,0.762077225766996,0.768953103854797,371152000
2007-12-07,0.7765167355537415,0.7904976741590503,0.7684948488059422,0.7895809011536359,320292000
2007-12-10,0.7849969267845154,0.794164765489123,0.7767458610214428,0.7790378206975946,336360000
2007-12-11,0.7859136462211609,0.8163967679477864,0.7840801004629185,0.8017281833033462,582436000
2007-12-12,0.8129589557647705,0.8271691293465235,0.7971444156786538,0.8191472421800693,617504000
2007-12-13,0.790726900100708,0.8083749851872132,0.7673488881623516,0.8031034721555775,500364000
2007-12-14,0.8037911057472229,0.8125005862543057,0.781788279524902,0.7870597928200744,354016000
2007-12-17,0.7627648711204529,0.8028741900268613,0.7609312707184047,0.7953107181493979,507408000
2007-12-18,0.7822467684745789,0.790727015551999,0.7666614066918995,0.7744540602609191,396896000
2007-12-19,0.7895808815956116,0.7969151747465204,0.7762875367347997,0.7794962694965856,253536000
2007-12-20,0.8060831427574158,0.8079167436606558,0.7854555014472872,0.8021868159744111,279940000
2007-12-21,0.8058539032936096,0.8228143961824137,0.798519609514574,0.8157093366521603,433408000
2007-12-24,0.8200638890266418,0.8239602146272039,0.8058537185787034,0.8118128240776654,104008000
2007-12-26,0.8310653567314148,0.8310653567314148,0.8136464522175183,0.8216683384276483,215340000
2007-12-27,0.8053953051567078,0.8342740598121211,0.8033325799020968,0.8296900862656141,241368000
2007-12-28,0.7973736524581909,0.8136465518003083,0.7904977179253122,0.804020298098914,262064000
2007-12-31,0.7797254920005798,0.805395464797116,0.7794963124034462,0.7909561119296438,276236000
2008-01-02,0.7565767765045166,0.7849970707728766,0.7462629287476974,0.7820175171828906,483964000
2008-01-03,0.7506176829338074,0.7760584240734412,0.7478673089102188,0.7609314762329843,475308000
2008-01-04,0.6875885725021362,0.7318234552565457,0.6830046530570257,0.7281563087715313,736092000
2008-01-07,0.6165377497673035,0.6979023996822457,0.6039319443122005,0.6921724732086637,1006800000
2008-01-08,0.6296020150184631,0.6713157093660628,0.6055364074135995,0.6199757610475902,1106956000
2008-01-09,0.6621479392051697,0.6623771734833221,0.6286853083485074,0.6380823290581081,741036000
2008-01-10,0.6483958959579468,0.658709740011016,0.6355609130974111,0.6440411569449069,554432000
2008-01-11,0.6199758648872375,0.6463334369336354,0.6153919440656593,0.6330400884089172,572612000
2008-01-14,0.6612310409545898,0.6621478139598627,0.6190589362657115,0.6291435486129783,539188000
2008-01-15,0.6126416921615601,0.6435831884538822,0.6018694278584853,0.6360197127967513,725692000
2008-01-16,0.5434243083000183,0.5812416799541626,0.5308184995337559,0.5741366195336979,1464472000
2008-01-17,0.5340271592140198,0.5665730123047266,0.5326519723175074,0.5519044795794102,1133900000
2008-01-18,0.5693231821060181,0.5723027344326593,0.5161497085538893,0.5356313337919866,920428000
2008-01-22,0.5409030318260193,0.5541964321218721,0.511795146365446,0.515003879318019,709092000
2008-01-23,0.550758421421051,0.5670313175267205,0.5138578351085715,0.5189001132369973,929880000
2008-01-24,0.5929304957389832,0.5931597299526336,0.5562591417532287,0.5615306543531436,597092000
2008-01-25,0.5718444585800171,0.6293727393730674,0.5690941397541803,0.6156209813099962,688012000
2008-01-28,0.5649687647819519,0.5755117936825889,0.5528213690457372,0.5697819199333322,577608000
2008-01-29,0.5823875665664673,0.5846795812131249,0.560155560011329,0.5750533273467827,414484000
2008-01-30,0.5773453116416931,0.586054738157983,0.5608431770749301,0.5729905710612286,530476000
2008-01-31,0.5635936856269836,0.5741367155263106,0.5461747191457894,0.5647396386275267,588708000
2008-02-01,0.615621030330658,0.618829763205287,0.5576343857715897,0.5624474850835334,593104000
2008-02-04,0.5963683724403381,0.6323521822851377,0.5931596403800583,0.6289142160458239,565128000
2008-02-05,0.5590095520019531,0.5846795804955742,0.5587803723954233,0.5844503462444077,494928000
2008-02-06,0.5571759343147278,0.5805539451625861,0.5468620883203513,0.5649685863824707,557380000
2008-02-07,0.5626766681671143,0.5784912076904325,0.5294432226732093,0.5411322562813563,664128000
2008-02-08,0.5727609992027283,0.5771156821563503,0.5500705933735855,0.5574048278791921,393932000
2008-02-11,0.5745949149131775,0.586971542670486,0.5706985883645452,0.5775744683876558,503732000
2008-02-12,0.5959101319313049,0.6041611986592544,0.5800955919231214,0.5833043795606718,609688000
2008-02-13,0.6192882061004639,0.6211218070228404,0.5940766442360738,0.6004941108527895,742312000
2008-02-14,0.518212616443634,0.601640056394801,0.516837484199054,0.6011816425501841,2184296000
2008-02-15,0.5104201436042786,0.5301310169153152,0.5021690740037685,0.5161500727818691,817364000
2008-02-19,0.5028565526008606,0.5207338750844483,0.49850181179414427,0.5198170472817193,558608000
2008-02-20,0.4991893470287323,0.5065236407262173,0.4861251807788536,0.4881879611271404,759016000
2008-02-21,0.48795849084854126,0.506752575204487,0.4849789388904788,0.5042314368725146,644272000
2008-02-22,0.5115658640861511,0.512482636939353,0.48818785578407126,0.49185494719687894,723052000
2008-02-25,0.511336624622345,0.5170665505239274,0.49781404758187897,0.5111074450725611,671784000
2008-02-26,0.5156915783882141,0.5234842327677016,0.5005646289194171,0.5083572832989047,565420000
2008-02-27,0.5237133502960205,0.5278388562110755,0.5099615364083583,0.5131703239474387,537816000
2008-02-28,0.5040024518966675,0.5200462263613278,0.5040024518966675,0.5191294533005394,503608000
2008-02-29,0.4902505576610565,0.5023979476593509,0.4881878325008859,0.49575130380716803,540576000
2008-03-03,0.48452088236808777,0.4930011299099259,0.4781033608197756,0.4895631621796438,449028000
2008-03-04,0.4797077476978302,0.48222894235416486,0.46091365082026414,0.4813121144911456,778888000
2008-03-05,0.48520830273628235,0.49666810000598316,0.4792491972271132,0.4842914752390073,644656000
2008-03-06,0.4547252953052521,0.48245804986613877,0.4540377018331113,0.47924931675924004,1075284000
2008-03-07,0.44807860255241394,0.46572671583504577,0.4354727956409694,0.44647420874685284,767500000
2008-03-10,0.42240846157073975,0.4480784243848672,0.4217208684020923,0.4425777063579942,776100000
2008-03-11,0.43638962507247925,0.44074433829168264,0.4180539171264499,0.43547282464790216,857940000
2008-03-12,0.424471378326416,0.4444114513366362,0.42080423155337576,0.4405151249667292,743320000
2008-03-13,0.4515165090560913,0.457934001836886,0.41530351212715594,0.4178246514651826,1220528000
2008-03-14,0.4198874533176422,0.4542668787524607,0.4166786931004186,0.4538084922420907,1154972000
2008-03-17,0.4093444049358368,0.4235545772487052,0.39673859898407166,0.4015517253896968,800952000
2008-03-18,0.4347851276397705,0.43547272096391076,0.40705240637051093,0.4189705904737954,1075256000
2008-03-19,0.4047604501247406,0.43065959851402086,0.4047604501247406,0.42470052007514975,880476000
2008-03-20,0.424471378326416,0.42538815135851743,0.402239345413625,0.40957361163738826,633460000
2008-03-24,0.4590799808502197,0.46160112018349836,0.432264029899627,0.43386839626122525,887440000
2008-03-25,0.46572673320770264,0.47443615939085404,0.4567880727722263,0.46114281318612044,735388000
2008-03-26,0.4508289396762848,0.46274715289923807,0.4457866334093598,0.45953841999909956,721652000
2008-03-27,0.4444114863872528,0.4565588802934035,0.43707719226271846,0.44395309983504927,601308000
2008-03-28,0.4510580599308014,0.4627470639912184,0.4478493003248478,0.4524332191999429,561788000
2008-03-31,0.45357921719551086,0.46435144884389634,0.44784931837075803,0.455871176725412,569992000
2008-04-01,0.4813119173049927,0.4824579243419424,0.460455102891966,0.467101801630254,676872000
2008-04-02,0.46664345264434814,0.48268717087572655,0.4629763061196784,0.48268717087572655,616536000
2008-04-03,0.45793408155441284,0.46343480231937045,0.44441150024758896,0.46274720880846076,841984000
2008-04-04,0.43043050169944763,0.45105816894509865,0.42928452170370696,0.448766181631299,1535528000
2008-04-07,0.4407442510128021,0.44739095031606846,0.4373063115766584,0.4409734579041373,729496000
2008-04-08,0.43822309374809265,0.4524332655753093,0.4354727476055817,0.4354727476055817,639476000
2008-04-09,0.44693267345428467,0.4515165938265632,0.4391399924280188,0.4432655262275336,675232000
2008-04-10,0.45564204454421997,0.4700814238708028,0.44211946551831566,0.4517456910803886,1092184000
2008-04-11,0.424700528383255,0.4496829043698249,0.4219501550105585,0.4469325583194419,1106280000
2008-04-14,0.41049039363861084,0.424012972852569,0.40796922692957843,0.4230961725391409,780004000
2008-04-15,0.4153035879135132,0.4169079545709046,0.40361458009678053,0.41255321384676163,439916000
2008-04-16,0.43180564045906067,0.4373063605665048,0.42355460128136996,0.4311180743526575,646836000
2008-04-17,0.42584657669067383,0.42745094320131255,0.41163640305334187,0.41186560997871224,596968000
2008-04-18,0.43593111634254456,0.44280702240259145,0.42997203782989685,0.4389106692600251,573540000
2008-04-21,0.4554128050804138,0.45839235803055456,0.43249318171442336,0.43249318171442336,679892000
2008-04-22,0.44693267345428467,0.4519749803993269,0.43730641881464327,0.44716185307950623,587668000
2008-04-23,0.46847715973854065,0.47351949477508243,0.44716192129146537,0.4531210296133831,1020496000
2008-04-24,0.45724648237228394,0.4735194101985937,0.45037060199310847,0.4712274500722019,655764000
2008-04-25,0.46183037757873535,0.4629763301896676,0.4471617907174412,0.46160114334084207,552208000
2008-04-28,0.45357921719551086,0.4666434083737975,0.4517456441071274,0.45976752978409413,535700000
2008-04-29,0.4629763066768646,0.4687062333744253,0.44853695478678346,0.44853695478678346,573408000
2008-04-30,0.47099825739860535,0.4760405367501299,0.4652683299191186,0.4684770630782048,1068320000
2008-05-01,0.4927716851234436,0.49391763732049,0.474435958169177,0.47672791720788354,1014624000
2008-05-02,0.5161501169204712,0.5161501169204712,0.49873120286196065,0.5062946794221647,1131016000
2008-05-05,0.5033149123191833,0.5150038917768923,0.5021689050114634,0.5127119318060884,943392000
2008-05-06,0.5163790583610535,0.5175250109790269,0.49414699833924786,0.5019397056489302,729036000
2008-05-07,0.5044610500335693,0.5246303379621192,0.5001063080982023,0.5177544555274296,715632000
2008-05-08,0.5030859112739563,0.5099617943736511,0.4815414884905116,0.5083574271148551,1360000000
2008-05-09,0.5163790583610535,0.5370066972862819,0.5035440721008734,0.504460845124179,2030352000
2008-05-12,0.5017104744911194,0.5230257616205373,0.4966681955096522,0.5230257616205373,1006652000
2008-05-13,0.49139663577079773,0.5042316208948222,0.487729489357558,0.5042316208948222,854108000
2008-05-14,0.5058361291885376,0.5189002975539411,0.4913967737015876,0.49758506110390266,751148000
2008-05-15,0.545028567314148,0.5473205271237597,0.5023980492818104,0.5046900090914221,1165464000
2008-05-16,0.5594678521156311,0.5606138592045616,0.5415905349696196,0.5541963397247271,1091556000
2008-05-19,0.5477789640426636,0.5800955823275497,0.5438825830218492,0.5596971227684387,1158532000
2008-05-20,0.5335686802864075,0.539069371993545,0.5273803952852999,0.5328810869924374,771404000
2008-05-21,0.529214084148407,0.5555716520660601,0.5280680768002038,0.5349440116001465,1066660000
2008-05-22,0.5420488119125366,0.5464035503198676,0.5282970581842814,0.5367773008522443,693108000
2008-05-23,0.5296722650527954,0.5454867988477385,0.5218795605885099,0.5411320602713163,802672000
2008-05-27,0.535402238368988,0.5360898316788766,0.5205044743957774,0.5305891398443928,832856000
2008-05-28,0.5404446125030518,0.5514459970149636,0.5342563268845228,0.550070864934446,751736000
2008-05-29,0.5390694737434387,0.5415906132007811,0.5292140408624758,0.5406738401839869,693460000
2008-05-30,0.5661144256591797,0.5679479710214574,0.5528210305265182,0.5544253963796647,830244000
2008-06-02,0.5684064030647278,0.5727611417467224,0.5599261598618961,0.5661144439654594,734660000
2008-06-03,0.5491542220115662,0.571157107723272,0.5425075750127591,0.5702402798351324,840696000
2008-06-04,0.5555716753005981,0.5567176280520881,0.5340272061972565,0.5370067598536268,831724000
2008-06-05,0.569552481174469,0.5810123338482817,0.5631350161359762,0.5748239937323569,827860000
2008-06-06,0.5514459609985352,0.5633641723118861,0.5482372286125176,0.5626765789942216,784876000
2008-06-09,0.5429656505584717,0.5558006331937513,0.5319642680965855,0.5482371622594726,637916000
2008-06-10,0.5108784437179565,0.5289849459374146,0.5074404760489141,0.5282973524036062,1225208000
2008-06-11,0.4870419502258301,0.5232549499528164,0.48635435678148925,0.5108783772439518,999428000
2008-06-12,0.49002155661582947,0.5076696445441332,0.48589599550346274,0.4980434445712263,825992000
2008-06-13,0.48841699957847595,0.49643882976248227,0.4739776506026447,0.49070895886599486,705748000
2008-06-16,0.4817703068256378,0.4877294119710612,0.47787398145623494,0.48314549334298484,630496000
2008-06-17,0.47008147835731506,0.4888755178483557,0.4689354710180558,0.4886463382383589,687912000
2008-06-18,0.4563296139240265,0.4813119631539909,0.44876611430015434,0.46526824562075875,1065272000
2008-06-19,0.4551836848258972,0.46526832539790697,0.44418227116657694,0.4588508591420958,784928000
2008-06-20,0.45289188623428345,0.4579342219789628,0.44487002323253,0.4450992302472258,741008000
2008-06-23,0.4434945285320282,0.4567879250833725,0.43959820323790844,0.45632953869388365,776616000
2008-06-24,0.45816323161125183,0.4687062858943245,0.4409735315593602,0.4409735315593602,1078928000
2008-06-25,0.46068432927131653,0.46870621541154134,0.45335006381654697,0.46526824859583676,900976000
2008-06-26,0.437077134847641,0.4503705343715396,0.437077134847641,0.4469325946981466,845532000
2008-06-27,0.44189029932022095,0.4444114662264464,0.42882613290232147,0.43891074588258683,584140000
2008-06-30,0.4290551543235779,0.4407441568377705,0.4260756019844397,0.436847831773809,653940000
2008-07-01,0.42974287271499634,0.4302012592109387,0.41622029348964135,0.42401297320992626,881464000
2008-07-02,0.4132407307624817,0.43043045620399856,0.41255313737325056,0.4276801099693894,763196000
2008-07-03,0.2862660884857178,0.30093465001622155,0.2842033352547397,0.29749670974971104,2987520000
2008-07-07,0.27732744812965393,0.2924543958716612,0.26953476731740295,0.2906208223086422,2202692000
2008-07-08,0.2757229804992676,0.28603682561960975,0.27045146816025656,0.27916094708759,1805288000
2008-07-09,0.27090999484062195,0.2805362233333802,0.27090999484062195,0.2764106890301055,1413168000
2008-07-10,0.2702223062515259,0.2754938189348336,0.2651799731408663,0.27228505901693073,1056992000
2008-07-11,0.2674720585346222,0.27411873306627466,0.25945016944952615,0.26472168407238383,807760000
2008-07-14,0.2553245425224304,0.2715974671282748,0.2534909693197232,0.26953471435167575,882316000
2008-07-15,0.2580750584602356,0.2633465740823372,0.24524006627792996,0.25303272253854653,1122484000
2008-07-16,0.2594500780105591,0.26632595709821427,0.25188660554967546,0.25899169153584506,1034392000
2008-07-17,0.26036691665649414,0.26357564977472664,0.25028227611488574,0.26357564977472664,862080000
2008-07-18,0.26495081186294556,0.26655517827152053,0.2511990256288729,0.2585333189063293,899720000
2008-07-21,0.2665551006793976,0.2729725917679319,0.26426314152794306,0.26907626667492085,571636000
2008-07-22,0.2608252465724945,0.2651799587621433,0.2557829410575557,0.26403397899409753,555924000
2008-07-23,0.26861801743507385,0.27136836435637374,0.2615129295095871,0.26265890967032224,594876000
2008-07-24,0.25280341506004333,0.268388747026086,0.252115821661687,0.26586758033955127,705628000
2008-07-25,0.26495081186294556,0.2658675848614695,0.2500530457195599,0.2553245587668631,1039600000
2008-07-28,0.2642632722854614,0.2729727268348901,0.260366945264547,0.2615129254073055,734808000
2008-07-29,0.2670135796070099,0.2736602798437296,0.2617420662668026,0.26472161966103436,764636000
2008-07-30,0.2631171941757202,0.2727434456485861,0.2571580887232139,0.2722850319043074,588492000
2008-07-31,0.26220041513442993,0.2679303135793653,0.25945004202301214,0.26242959467884075,487236000
2008-08-01,0.24844858050346375,0.2562412571810496,0.24523984896242007,0.255324457224819,881060000
2008-08-04,0.24248962104320526,0.2498239157781943,0.24180202749650984,0.24844872868480344,522052000
2008-08-05,0.25647059082984924,0.25647059082984924,0.24432319585647716,0.24707354273365228,685844000
2008-08-06,0.26334646344184875,0.26563842341702365,0.24890708281146523,0.25715814965102207,814864000
2008-08-07,0.2592208683490753,0.27274344537875,0.25624131562576996,0.26105444135744105,819232000
2008-08-08,0.2521159052848816,0.2635757079841524,0.251199104675545,0.2612837474442983,853764000
2008-08-11,0.25738728046417236,0.263575565102712,0.25303254140571113,0.25394934151806037,1196436000
2008-08-12,0.25372013449668884,0.26013762598977785,0.25005298869426373,0.2594500327365344,1410868000
2008-08-13,0.2809945344924927,0.28512006768772996,0.2672427753899127,0.27388947534954966,2095260000
2008-08-14,0.29795506596565247,0.30918568608549024,0.27893179296455395,0.27893179296455395,1635304000
2008-08-15,0.2970382869243622,0.3066645403535393,0.2949755066228312,0.3032265731843209,777652000
2008-08-18,0.30299729108810425,0.3057476365707577,0.29589220687913376,0.29910093872184484,893968000
2008-08-19,0.3075813353061676,0.30941490881966344,0.29680910116024917,0.29680910116024917,1014140000
2008-08-20,0.32270821928977966,0.32362499220539925,0.30987323453722315,0.31216519414858585,1143692000
2008-08-21,0.3121652603149414,0.31949955448372547,0.3057477665784151,0.316978387447916,1021560000
2008-08-22,0.3119359612464905,0.3181242735389834,0.3052892898567236,0.31445712753767735,459264000
2008-08-25,0.3073521554470062,0.3174367969984707,0.3064353822706556,0.3101025296207012,471600000
2008-08-26,0.3000178337097168,0.30918567310141004,0.29680907352923425,0.30895649351000765,613112000
2008-08-27,0.3023097813129425,0.305976927850013,0.29039156872862104,0.29314194229258167,454620000
2008-08-28,0.3011638820171356,0.3059770097195889,0.2981843280738228,0.30276824881051245,365192000
2008-08-29,0.28970402479171753,0.29795506414698636,0.28878722442625376,0.2970382911038401,516004000
2008-09-02,0.2823696434497833,0.29703819884011184,0.2784733182431821,0.2945170327710886,693928000
2008-09-03,0.2672428488731384,0.27961945186201986,0.2647216814154985,0.278473471621697,714856000
2008-09-04,0.2635755240917206,0.26701346250290714,0.261971158297628,0.26426311723841905,716128000
2008-09-05,0.2674720585346222,0.2681596248278574,0.26105456365994,0.2612837433169103,791100000
2008-09-08,0.25647059082984924,0.26999317290296976,0.2521158772178488,0.26999317290296976,1314840000
2008-09-09,0.2477611005306244,0.27113911391887807,0.24684432747796722,0.2555537807674816,1098296000
2008-09-10,0.24799028038978577,0.25578295977616555,0.24638591406157415,0.2507406265699078,644284000
2008-09-11,0.2360721230506897,0.24111445743125215,0.22827945551064002,0.2337801628130963,1066976000
2008-09-12,0.23355095088481903,0.23561370388446515,0.22025756421950343,0.23400933740448288,1209200000
2008-09-15,0.2131524533033371,0.22873779811739434,0.21040209351456565,0.22529984496614072,863984000
2008-09-16,0.21979908645153046,0.2214034660263395,0.20169259307654275,0.20558893176294712,1240840000
2008-09-17,0.229196235537529,0.23423854244616216,0.21269410045862713,0.21475686734348987,1392580000
2008-09-18,0.24959467351436615,0.2617420667132181,0.2314881735168871,0.23194656004240047,1611060000
2008-09-19,0.2615129351615906,0.2635756885665666,0.2498239263405321,0.2615129351615906,1107344000
2008-09-22,0.2560121417045593,0.26701355384840725,0.25463695494071015,0.2594500812918671,700072000
2008-09-23,0.24867798388004303,0.2633465488731281,0.2477611831991663,0.2539494989975216,821468000
2008-09-24,0.25784578919410706,0.26288809657626505,0.24409402688513637,0.24546918672263965,866036000
2008-09-25,0.262888103723526,0.2690764187886658,0.25349105496131824,0.25784579620428044,588328000
2008-09-26,0.26793035864830017,0.26976393192356957,0.251657433398468,0.2564705325084452,646852000
2008-09-29,0.2314881533384323,0.2640340036476778,0.2291961935883342,0.2608252709264666,975240000
2008-09-30,0.24546915292739868,0.24776111299667897,0.23263416561050146,0.23515533261563745,659044000
2008-10-01,0.2385932207107544,0.24615669275514945,0.23423848113498108,0.24180195317937617,557208000
2008-10-02,0.213840052485466,0.24019760295468207,0.21269405896308854,0.24019760295468207,787728000
2008-10-03,0.20696419477462769,0.2234663294341254,0.20558902144005617,0.21727802893681375,915828000
2008-10-06,0.1799190491437912,0.19756715047329068,0.16754244795596554,0.19710876390833124,1677440000
2008-10-07,0.16593806445598602,0.18679492598259392,0.1645628911264694,0.186336539426475,1059984000
2008-10-08,0.16937600076198578,0.17923143365015914,0.15837457427966448,0.15997895438254486,1219456000
2008-10-09,0.1586037576198578,0.17808544258521472,0.15677019803838366,0.1755642759613068,909636000
2008-10-10,0.1560826301574707,0.16800083085942524,0.1439352361780316,0.14485202294912963,1200252000
2008-10-13,0.18450301885604858,0.18473221219991637,0.16731329948734572,0.16937606690448317,916536000
2008-10-14,0.18037748336791992,0.19252488082167973,0.17533516151528822,0.1913789004453312,1209012000
2008-10-15,0.1608957052230835,0.18014818020238052,0.1608957052230835,0.17923139372796323,854064000
2008-10-16,0.17648105323314667,0.1773978398058937,0.15814536276167662,0.16570883491039357,1019820000
2008-10-17,0.1753351241350174,0.18541976569030297,0.16823005004864336,0.17143879715056864,839416000
2008-10-20,0.17877297103405,0.1826693096419005,0.17441824607758347,0.18129413693489888,595764000
2008-10-21,0.16502128541469574,0.17716867898816163,0.1641044986742373,0.17533510550724474,659116000
2008-10-22,0.15883295238018036,0.1696051704502088,0.15447822650766488,0.16272927814649832,600996000
2008-10-23,0.14989428222179413,0.16227087921978686,0.14347679051790652,0.15837454009201388,832192000
2008-10-24,0.15149864554405212,0.15929130929310897,0.13683009076605357,0.1375176839672939,798336000
2008-10-27,0.15974977612495422,0.16914680972539886,0.14576879503990894,0.15058192213923202,698936000
2008-10-28,0.18381531536579132,0.18404450857275625,0.16525043336198691,0.16822998603599776,849920000
2008-10-29,0.18977446854114532,0.20169266857968127,0.1817525949864398,0.18266938170650548,977284000
2008-10-30,0.1977963149547577,0.20169265483420928,0.18564892247934697,0.20054667492751613,657176000
2008-10-31,0.20077583193778992,0.20467217111397565,0.19114959426235067,0.19160799433898432,608672000
2008-11-03,0.19344159960746765,0.20879775309064344,0.19023285295352688,0.20513060625119178,723924000
2008-11-04,0.20581817626953125,0.20581817626953125,0.19481676432584163,0.20008827706160068,619560000
2008-11-05,0.19504600763320923,0.20398465542449945,0.19504600763320923,0.19825475474561607,787620000
2008-11-06,0.17464756965637207,0.19046210051101245,0.17418916934018433,0.1835862187186612,797936000
2008-11-07,0.1998591274023056,0.20788100225196218,0.18564896510027423,0.1989423405342453,1132068000
2008-11-10,0.1870240867137909,0.20856853798646435,0.18266936054385285,0.2074225444732789,576396000
2008-11-11,0.17877297103405,0.1856488618913654,0.17693941197843235,0.18427368918436376,576484000
2008-11-12,0.16822998225688934,0.17739781961878553,0.16616721611823165,0.17327228734147015,646092000
2008-11-13,0.18198177218437195,0.18221096541165835,0.15722857576967744,0.16043732193515747,797228000
2008-11-14,0.16433367133140564,0.17556427675573882,0.163646077947018,0.17464750379143212,741024000
2008-11-17,0.1608957052230835,0.16708399001837834,0.15929132547756442,0.16272926451076272,388224000
2008-11-18,0.15562430024147034,0.16502135098880188,0.1503527846349753,0.16410456388404215,564488000
2008-11-19,0.14278925955295563,0.15814540076883576,0.14210166604285648,0.15424906031354074,500220000
2008-11-20,0.13522575795650482,0.1487483378505029,0.13362139148021823,0.14164325118396853,847036000
2008-11-21,0.1462271511554718,0.1462271511554718,0.1317877878731054,0.13958046619235642,599064000
2008-11-24,0.15585342049598694,0.15768699384542964,0.14668556740993183,0.15516582707465634,600308000
2008-11-25,0.16020812094211578,0.16318767373588178,0.1556242019739565,0.16272927364237216,528256000
2008-11-26,0.17441825568675995,0.17487665572178407,0.15654096852736943,0.15745774127510895,600792000
2008-11-28,0.17120955884456635,0.1741891121067227,0.1689175990001871,0.17166795901013715,175248000
2008-12-01,0.15654096007347107,0.16593798951955527,0.15631175323775998,0.16433362363649956,547112000
2008-12-02,0.1652504801750183,0.16731324694436536,0.15745779964141415,0.1595205664107612,479988000
2008-12-03,0.173730731010437,0.1739599242697779,0.15745779101869317,0.15883297789705603,584632000
2008-12-04,0.16227088868618011,0.1787730053183653,0.15837454933110645,0.17029274695343288,466292000
2008-12-05,0.16868837177753448,0.1693759650568441,0.1544782154073279,0.15722856120225537,438484000
2008-12-08,0.16318771243095398,0.17533510604142866,0.15929137218742467,0.17189716600010482,707992000
2008-12-09,0.17900225520133972,0.18541974882134507,0.15929137413351788,0.1611249476424221,829760000
2008-12-10,0.19596272706985474,0.20054664603625635,0.17946059693295913,0.18244014972558262,961124000
2008-12-11,0.1877116709947586,0.20169263544104282,0.18541971140174898,0.1948167566620139,582700000
2008-12-12,0.1971086710691452,0.1982546506029417,0.1785437780315657,0.18221092346863735,679268000
2008-12-15,0.19069121778011322,0.19940066941712228,0.1845029188818732,0.19825468965757667,476996000
2008-12-16,0.20352621376514435,0.20398460023096188,0.19069122878836844,0.19252478831279565,521940000
2008-12-17,0.21361082792282104,0.21659038078010465,0.19710871108896466,0.19985905706402918,674180000
2008-12-18,0.19390004873275757,0.21292334019564668,0.19137888122900987,0.21223574657441327,550808000
2008-12-19,0.19527512788772583,0.20398457912642323,0.19458753459898184,0.19642110759486203,593120000
2008-12-22,0.18381531536579132,0.19871306507469005,0.1767102439829449,0.1982546786607602,522464000
2008-12-23,0.18129420280456543,0.18885767593284336,0.17854384273011953,0.18496133590933467,377452000
2008-12-24,0.1769394725561142,0.18198179242296647,0.17327232586707317,0.17762705231444068,146616000
2008-12-26,0.17212633788585663,0.1792314240174593,0.1673132251582105,0.17693946427466042,226156000
2008-12-29,0.1776270866394043,0.1776270866394043,0.1631877313292047,0.17441833949700872,460168000
2008-12-30,0.18381531536579132,0.18656567483283726,0.1757934574939296,0.17991898986392071,409860000
2008-12-31,0.18496134877204895,0.18954528254823794,0.17831466187302433,0.18152340868577685,441580000
2009-01-02,0.19962987303733826,0.201005046088207,0.18427373526269242,0.18496131495754825,497124000
2009-01-05,0.20329706370830536,0.20788098398463836,0.1959627830694765,0.19733795642014443,705736000
2009-01-06,0.21017295122146606,0.21613205871089783,0.20467224397184622,0.20925616440300268,657904000
2009-01-07,0.19756710529327393,0.20535978440482042,0.1904620195330865,0.20535978440482042,870096000
2009-01-08,0.19252482056617737,0.1950459875340122,0.18060662018555618,0.1950459875340122,1014496000
2009-01-09,0.18175257742404938,0.19252479643689482,0.18129419093888902,0.19252479643689482,761352000
2009-01-12,0.17441825568675995,0.18266931970565056,0.17189710330816754,0.18175253329675667,645532000
2009-01-13,0.1753351241350174,0.1819818252942032,0.16525049624089258,0.16845924334281787,1824424000
2009-01-14,0.16754238307476044,0.1712095151578101,0.16502123062148596,0.1691467490919838,974908000
2009-01-15,0.17350147664546967,0.17625182211123158,0.16502121974725498,0.1684591584100343,998204000
2009-01-16,0.1831277459859848,0.1847321121856162,0.1725847212644425,0.17831462006477794,831324000
2009-01-20,0.1652504801750183,0.1833569808941983,0.16387529322134733,0.1826693874173628,705788000
2009-01-21,0.1732722967863083,0.17441827651901112,0.16227088588789876,0.16845918464118761,648472000
2009-01-22,0.1700635850429535,0.17464751855784572,0.16387528504371804,0.16777162511608676,547656000
2009-01-23,0.17671029269695282,0.1819818062161307,0.16502128564670268,0.16525047891684969,633616000
2009-01-26,0.18266931176185608,0.18794082313788638,0.17464745493990358,0.17762699356279368,581748000
2009-01-27,0.19344159960746765,0.19481678650284145,0.1849613396176843,0.18564893306537117,725300000
2009-01-28,0.2014634758234024,0.20467222252115094,0.19390000244022074,0.20031749583571784,723752000
2009-01-29,0.18977446854114532,0.1971087486405118,0.18885768182107962,0.1948167886709271,413128000
2009-01-30,0.1822109967470169,0.19344160342697886,0.17991903675768423,0.1883992969149106,506760000
2009-02-02,0.19206640124320984,0.19412916765521854,0.17854382294905932,0.1794606095389695,577992000
2009-02-03,0.19435836374759674,0.195962743718839,0.1872532778171016,0.19252479054079336,396948000
2009-02-04,0.1998591274023056,0.20971457598808274,0.19481682011971585,0.19481682011971585,779232000
2009-02-05,0.21452757716178894,0.2168195362961555,0.19252474488179278,0.1945875108349535,919192000
2009-02-06,0.2262166440486908,0.22759181718840224,0.21154808502124237,0.21521523160868344,1157880000
2009-02-09,0.22323709726333618,0.22850861038808265,0.21704881112659755,0.22529986386263515,716128000
2009-02-10,0.21361082792282104,0.22598742579408065,0.20948529529906784,0.22300787293679708,1129664000
2009-02-11,0.18679484724998474,0.2037553612562146,0.18014816302082817,0.19665027700299142,1983400000
2009-02-12,0.19069121778011322,0.1918371975396588,0.18014819306336866,0.1826693458021377,1024020000
2009-02-13,0.19046208262443542,0.1927540566678059,0.1849613749749015,0.1863365621331561,764304000
2009-02-17,0.17946060001850128,0.18771166522881316,0.17877300669725651,0.18335693940362774,779576000
2009-02-18,0.18427380919456482,0.1902329039132623,0.17923148777015732,0.1794606810937298,646252000
2009-02-19,0.1700635850429535,0.18954527174363825,0.1700635850429535,0.1879408915981363,743988000
2009-02-20,0.17441825568675995,0.1771686149134416,0.16616720532902368,0.16777157129872222,770056000
2009-02-23,0.16639640927314758,0.17831460603694652,0.16525042960323355,0.17739781956878425,679548000
2009-02-24,0.18129420280456543,0.18152339606214626,0.16708402957833293,0.16731323649707236,659524000
2009-02-25,0.18335700035095215,0.18885770776586014,0.17464754580558442,0.18083583310913035,702360000
2009-02-26,0.18931612372398376,0.19573361898035058,0.1870241630840189,0.18977452404867454,1117556000
2009-02-27,0.18977446854114532,0.19412919521558808,0.18312778189711784,0.18450295514663687,755444000
2009-03-02,0.173730731010437,0.18908687064249982,0.17304313757125558,0.18519054425022824,700064000
2009-03-03,0.18060658872127533,0.18748248129066566,0.17120954328443086,0.1769394560357823,1041372000
2009-03-04,0.19390004873275757,0.19940075671913804,0.18381540604009142,0.185419786602582,1108668000
2009-03-05,0.18931612372398376,0.19894236660853398,0.18839935039692823,0.19114969770042087,955252000
2009-03-06,0.1922956258058548,0.1991715195198825,0.18679491903132825,0.18931607231848147,974756000
2009-03-09,0.19023288786411285,0.20535985086113706,0.18977450125564002,0.19092048143798349,682768000
2009-03-10,0.20742255449295044,0.21108970112550984,0.19527516201020315,0.19710873532648285,1254800000
2009-03-11,0.2131524533033371,0.27159746561844816,0.20398460100192276,0.2074225404920192,864916000
2009-03-12,0.22575825452804565,0.22805021428387837,0.20971452257605894,0.2124648688185951,1604604000
2009-03-13,0.22461232542991638,0.22782107254573916,0.21888241108377232,0.22254955845109026,1195156000
2009-03-16,0.21590282022953033,0.22713344003911395,0.2140692605215408,0.22690424678326004,699344000
2009-03-17,0.22667504847049713,0.22713343497197871,0.21384006249511442,0.21659040882632033,1005384000
2009-03-18,0.2337801605463028,0.24042686156426823,0.22300793933736773,0.22323713262667264,1359560000
2009-03-19,0.23102980852127075,0.23538452190294445,0.22942544187130257,0.23538452190294445,822648000
2009-03-20,0.21842393279075623,0.23469686849420024,0.21246482765130417,0.23446766163410201,1093672000
2009-03-23,0.23423857986927032,0.23469699383428305,0.22025762333333904,0.22529993104755608,816048000
2009-03-24,0.22415390610694885,0.2305714134537406,0.22300792606745454,0.22850863298925922,1114868000
2009-03-25,0.22782102227210999,0.23836403447370363,0.21911155602724214,0.2310297686798536,1243852000
2009-03-26,0.24203120172023773,0.24248958824860137,0.22896702172796687,0.23148817495628474,1333664000
2009-03-27,0.23973923921585083,0.24546913906547757,0.23607209238316265,0.2395100322929387,731892000
2009-03-30,0.2243831306695938,0.23355099958619427,0.22117438337936443,0.23057144560358953,780052000
2009-03-31,0.22598746418952942,0.23148817073538927,0.22438308404719265,0.22782103759186895,805272000
2009-04-01,0.23171734809875488,0.2337801008368143,0.21475681678233266,0.22323707560996528,887920000
2009-04-02,0.24248962104320526,0.2468443619573952,0.2369889273142851,0.2404268677254406,1002860000
2009-04-03,0.2594500780105591,0.26013767138378757,0.2385932338490791,0.24271876676613519,1003208000
2009-04-06,0.2601376473903656,0.26242960687485506,0.251657402762217,0.2550953419889512,887288000
2009-04-07,0.251198947429657,0.25784564522791925,0.24959458152052738,0.2550952997662245,607804000
2009-04-08,0.2615129351615906,0.26220052873735683,0.25188667974550816,0.25394946047280703,731652000
2009-04-09,0.27595221996307373,0.2768689929466685,0.26609678743900905,0.2681595403132552,904412000
2009-04-13,0.2670135796070099,0.27274350679426645,0.2610545001408641,0.2725142998707418,767628000
2009-04-14,0.26861801743507385,0.2750355117996551,0.26220052307049263,0.26334650323122777,711960000
2009-04-15,0.2610546350479126,0.26220061561311686,0.25005318883515365,0.25922106067911943,1045368000
2009-04-16,0.267701119184494,0.27090987885653645,0.2557829353282377,0.2658675461322287,1038772000
2009-04-17,0.26953473687171936,0.2720559036513785,0.2612836704313046,0.2677011635158142,695764000
2009-04-20,0.2532618045806885,0.26151287081502156,0.2518866177675276,0.2592209110079642,590660000
2009-04-21,0.25257420539855957,0.2631172311988655,0.24615671262108274,0.24982385915744534,932184000
2009-04-22,0.2601376473903656,0.2706806719479421,0.2461566836060549,0.2502822161425984,916404000
2009-04-23,0.2560121417045593,0.2649508010249486,0.24799028266750783,0.2626588413000768,753952000
2009-04-24,0.26197129487991333,0.26380486845296575,0.25234504045196815,0.25853335467631006,759508000
2009-04-27,0.25257420539855957,0.2658675774399797,0.2509698390347692,0.25853331168956994,787024000
2009-04-28,0.2532618045806885,0.25853331760138376,0.2470734912437806,0.2493654783731541,634392000
2009-04-29,0.24936553835868835,0.25555382586188896,0.246385984428311,0.2544078456826917,859668000
2009-04-30,0.2631171941757202,0.27045145889412764,0.25211578343695323,0.2541785359969607,1110276000
2009-05-01,0.2674720585346222,0.2736603464300097,0.2622005439117645,0.2624297235687348,840548000
2009-05-04,0.28191131353378296,0.28397406631444716,0.2683887350441929,0.27205588145683435,927704000
2009-05-05,0.27045151591300964,0.277556602579544,0.2647216161246166,0.27572302918279473,837076000
2009-05-06,0.26495081186294556,0.2759522244568139,0.25967929881564233,0.27343105772739873,935088000
2009-05-07,0.24592751264572144,0.2709099183909683,0.24248957291688553,0.2709099183909683,1289196000
2009-05-08,0.2120065540075302,0.24065607430248917,0.2087978065323125,0.24065607430248917,2930564000
2009-05-11,0.21613198518753052,0.22140349735457163,0.20673494057140016,0.20856851358458556,1038596000
2009-05-12,0.20581817626953125,0.2209451211073938,0.20169264337535833,0.2209451211073938,1201384000
2009-05-13,0.19252482056617737,0.2055890146256431,0.19092045400588192,0.20444303460795796,1305608000
2009-05-14,0.19527512788772583,0.19940066029787842,0.19092040226837714,0.19229557518470944,1017864000
2009-05-15,0.20031750202178955,0.2071933821602332,0.19435839497287746,0.19665035501902536,780308000
2009-05-18,0.212464839220047,0.21384002581089512,0.20490136761500574,0.20535976769900705,938320000
2009-05-19,0.21659041941165924,0.2191115726153397,0.21040211937227032,0.21384007294603674,859768000
2009-05-20,0.2230079025030136,0.23492610185109725,0.21956996274780533,0.22048674941475918,1309436000
2009-05-21,0.22163274884223938,0.22461230235682308,0.21544444854144845,0.22025757555133899,965600000
2009-05-22,0.22507070004940033,0.22827944699455927,0.2175072260830371,0.22163275982126432,718260000
2009-05-26,0.2372179925441742,0.23905156534363653,0.220715878332476,0.22300783750122677,865540000
2009-05-27,0.23767639696598053,0.2447814818576923,0.23378007154762365,0.23607203089045833,814152000
2009-05-28,0.2408851534128189,0.2429479058665292,0.2305713364996471,0.24134353981116452,995288000
2009-05-29,0.23905156552791595,0.24157273154440873,0.2308005015851292,0.2411143451747669,834232000
2009-06-01,0.25074079632759094,0.25211598400984525,0.24088535746432396,0.24180213103760462,1022764000
2009-06-02,0.24867798388004303,0.256241459716223,0.24409406244264026,0.25074073759794346,907984000
2009-06-03,0.2408851534128189,0.24638587215989668,0.23492604826739555,0.24546907204089527,735688000
2009-06-04,0.24959467351436615,0.2500530600398795,0.24134360676585445,0.24157281368977004,673180000
2009-06-05,0.24821940064430237,0.2541785053789835,0.24523987559927013,0.2541785053789835,559992000
2009-06-08,0.2468443363904953,0.25028227644556617,0.24065602243351264,0.24638594984761628,473948000
2009-06-09,0.26036691665649414,0.26311726323245327,0.24844870262347338,0.25028227611488574,725032000
2009-06-10,0.26861801743507385,0.2702223841956386,0.25601220834466515,0.26174210914834084,833320000
2009-06-11,0.26517996191978455,0.27961933995587407,0.263575595689879,0.2693054945983368,835156000
2009-06-12,0.2638047933578491,0.26472156622224524,0.2553245214117802,0.2612836269972915,595000000
2009-06-15,0.2594500780105591,0.26242963107967265,0.254866158618789,0.25899169153584506,445164000
2009-06-16,0.25234508514404297,0.2626589349038275,0.24867796467078554,0.2594501737521118,594912000
2009-06-17,0.2585332691669464,0.26105443541131274,0.24638587900080927,0.2562413097892719,799016000
2009-06-18,0.25349095463752747,0.26242961323713027,0.25074060865392384,0.2576164872740893,566376000
2009-06-19,0.2562413215637207,0.2626588135805593,0.2528033823392335,0.25601211468649665,747564000
2009-06-22,0.241801917552948,0.25715806626509846,0.24088514478907747,0.25715806626509846,574864000
2009-06-23,0.24065595865249634,0.2445523115401152,0.23125891406353918,0.24409392511872227,589764000
2009-06-24,0.24867798388004303,0.2544078856767965,0.2436356484410384,0.2436356484410384,515096000
2009-06-25,0.2617420554161072,0.26220046924415263,0.24386476311414979,0.24638592987913327,870444000
2009-06-26,0.26517996191978455,0.2660967621385257,0.2583040832296351,0.2605960427930183,513956000
2009-06-29,0.26517996191978455,0.26999308793181437,0.2624296159081874,0.2658675552532621,510056000
2009-06-30,0.25876253843307495,0.26793040644489474,0.25394943846448004,0.2642632592401668,589844000
2009-07-01,0.2599084675312042,0.26334643443763694,0.25555375498691457,0.2603668813336053,696420000
2009-07-02,0.2498239427804947,0.2546370434829449,0.24638600199774827,0.2514283096813114,552312000
2009-07-06,0.241801917552948,0.2498238021872066,0.2376763854709122,0.24959459533508435,752456000
2009-07-07,0.23125891387462616,0.24409392491932444,0.23057134790425424,0.24271873833395746,1072996000
2009-07-08,0.23171734809875488,0.23332171437528043,0.22254949591766446,0.23263412102182263,1205860000
2009-07-09,0.2367597073316574,0.2406560341187972,0.2349261337487916,0.2356137272576563,714564000
2009-07-10,0.23767639696598053,0.23928079036381325,0.23171731906799664,0.23675962415777085,520008000
2009-07-13,0.24042682349681854,0.2424895764351217,0.22805022390004978,0.2424895764351217,556012000
2009-07-14,0.24546915292739868,0.24638595334850233,0.2395100458183423,0.242260419759334,452568000
2009-07-15,0.2555537819862366,0.26059608844453375,0.2521158420388997,0.25440780200379093,1022808000
2009-07-16,0.26884710788726807,0.26976390810511286,0.25692892363379094,0.2583040829770884,952076000
2009-07-17,0.27663975954055786,0.2775565323457908,0.26609673566882663,0.26884708140683594,850356000
2009-07-20,0.28007781505584717,0.28305736889581257,0.27526468752033995,0.2789318349114237,782756000
2009-07-21,0.27434784173965454,0.2805361274176196,0.2679303491645256,0.2793901475764292,941296000
2009-07-22,0.2812238335609436,0.2837450011515068,0.267013655973879,0.26884722991953175,600908000
2009-07-23,0.29795506596565247,0.29887186633671226,0.27870258604120957,0.2816821394330979,1046120000
2009-07-24,0.2970382869243622,0.29795505995460897,0.2869536469800617,0.28878722036287247,650592000
2009-07-27,0.29841339588165283,0.3027681076218635,0.29153749066070905,0.2942878636780106,677484000
2009-07-28,0.298871785402298,0.30208051752628895,0.29382945303272595,0.29635061921751193,563180000
2009-07-29,0.2929127514362335,0.29726749160288146,0.28993319812690954,0.2954339182338885,373972000
2009-07-30,0.29520469903945923,0.30185139881033574,0.2926835323466585,0.2979550453174045,468444000
2009-07-31,0.2963506877422333,0.30047622094295556,0.288328828255063,0.2952047078154947,541560000
2009-08-03,0.30437248945236206,0.30781045590228784,0.29772581806789905,0.30345571661392284,471900000
2009-08-04,0.30643540620803833,0.3117069206896457,0.298642724311042,0.29910111093502445,695380000
2009-08-05,0.3071229159832001,0.30941487579989946,0.3009346026202587,0.3046017492559042,610768000
2009-08-06,0.3007054626941681,0.31376962990801777,0.2988718891345022,0.30826893655133997,957588000
2009-08-07,0.3142279386520386,0.326146121818678,0.30987319948959585,0.31697828441013837,1401872000
2009-08-10,0.30391421914100647,0.32110394866858055,0.3020806454413152,0.31652002808051327,693312000
2009-08-11,0.2968091070652008,0.3064353613719864,0.2952047404548431,0.3018514411582103,481884000
2009-08-12,0.307810515165329,0.311019248039958,0.29680907505207216,0.2970382819669671,634940000
2009-08-13,0.3169783651828766,0.3181243451509638,0.3046017651341443,0.3101024853743534,564028000
2009-08-14,0.3075813353061676,0.3169783824863843,0.3034558017313817,0.31651999593859015,427148000
2009-08-17,0.2947463095188141,0.29910102213729683,0.2915375494589129,0.2981842491615054,465032000
2009-08-18,0.3055185079574585,0.3089564748439502,0.2945170958876297,0.2947463027875008,636200000
2009-08-19,0.30208051204681396,0.30391408493682526,0.29795497987486597,0.3009345324058456,552996000
2009-08-20,0.3139987587928772,0.31537394545135317,0.3000177946135188,0.3007053879427568,819840000
2009-08-21,0.3192703127861023,0.3197286992911669,0.31010247339554503,0.3165199664333984,607324000
2009-08-24,0.3103317320346832,0.3208747609482733,0.30849815822506016,0.3174368203011013,461456000
2009-08-25,0.31308192014694214,0.3162906519130536,0.30666442929241194,0.31193591329069403,444088000
2009-08-26,0.31674906611442566,0.3174366593597128,0.31124837479674783,0.3123943544314565,434308000
2009-08-27,0.32110390067100525,0.32247906024847783,0.3146864073425129,0.31812434726967115,551072000
2009-08-28,0.3376060426235199,0.3444819226498179,0.32935497566303484,0.3298133622003243,883992000
2009-08-31,0.33279281854629517,0.3353139847490302,0.3284380794072356,0.33370959135330214,431796000
2009-09-01,0.32156234979629517,0.3419608137285191,0.31972877601373345,0.33256376516934233,736856000
2009-09-02,0.3261462450027466,0.3293550057010573,0.32018713750754163,0.32202071114624475,404656000
2009-09-03,0.3339388370513916,0.33439722350820283,0.32522938508272337,0.32614615799634583,534020000
2009-09-04,0.34631553292274475,0.34860749317506745,0.33256374408648715,0.33256374408648715,513048000
2009-09-08,0.3559417128562927,0.3559417128562927,0.34608627962651517,0.34883662609655786,549712000
2009-09-09,0.36579710245132446,0.3664846958173938,0.35021177121711566,0.35525407703109996,571684000
2009-09-10,0.3774861991405487,0.37794461304383953,0.3628176372932704,0.36694317116664,607952000
2009-09-11,0.3740481734275818,0.37794452678232904,0.37129782724717747,0.3765693400309694,712732000
2009-09-14,0.3678598999977112,0.37152704657580987,0.36465113991129583,0.36854749339639414,490516000
2009-09-15,0.3754233419895172,0.3800072611755365,0.36785986986812275,0.37129780925763717,546136000
2009-09-16,0.36533862352371216,0.37519405308371534,0.35983793263186775,0.3745064598916579,707064000
2009-09-17,0.34929513931274414,0.36442209018484706,0.3431068238417676,0.36442209018484706,923096000
2009-09-18,0.3488365113735199,0.35525400257462275,0.3460861658079926,0.35273286385718466,604740000
2009-09-21,0.34723228216171265,0.35319138933594796,0.3417315888642028,0.34471111512900093,588776000
2009-09-22,0.34791991114616394,0.3518162382395619,0.3451695642168432,0.3497534848731519,361388000
2009-09-23,0.3424191176891327,0.3529621439022039,0.34196073118472015,0.34998259064004755,478936000
2009-09-24,0.33783525228500366,0.3481491005642945,0.33668927217867367,0.3481491005642945,552876000
2009-09-25,0.3323345184326172,0.337606031747419,0.3298133515752675,0.3360016379351141,377556000
2009-09-28,0.339898020029068,0.3483782670310776,0.33348052621159696,0.33348052621159696,467708000
2009-09-29,0.33370956778526306,0.3460861637396311,0.3330219745674134,0.34196063175484176,470928000
2009-09-30,0.34448185563087463,0.3486073883084948,0.33302203049423496,0.3405855025161531,875956000
2009-10-01,0.3199578523635864,0.3433358607333998,0.3197286454884659,0.3433358607333998,999960000
2009-10-02,0.31743672490119934,0.32431260412912133,0.3149155582553685,0.31674913151394407,612476000
2009-10-05,0.3158324956893921,0.32202078421719216,0.3103317735250931,0.3208748038482541,754276000
2009-10-06,0.32110390067100525,0.32660459362553135,0.31743675381977593,0.3197287137712148,761272000
2009-10-07,0.3185827136039734,0.3222498602227818,0.315144773894709,0.3188119205135174,459608000
2009-10-08,0.3206455111503601,0.32133307727151567,0.30918568417788256,0.32041630422842987,1241524000
2009-10-09,0.32477104663848877,0.32522943316306563,0.3183535533274593,0.31881193985203615,618540000
2009-10-12,0.32110390067100525,0.32729218707542657,0.3190411203213196,0.3192703272453906,499008000
2009-10-13,0.3199578523635864,0.3266045238743376,0.3169782995985796,0.3229374051285932,602124000
2009-10-14,0.31949955224990845,0.33233453963322374,0.3178951583352545,0.33233453963322374,1101948000
2009-10-15,0.3101024329662323,0.3220206171556714,0.30803965297889996,0.3190410642777334,1092196000
2009-10-16,0.30299729108810425,0.30712282297323845,0.2974965728004893,0.30620602293081534,1018832000
2009-10-19,0.3139987587928772,0.3165199252259789,0.30299734749200813,0.3055184866027968,695588000
2009-10-20,0.3142279386520386,0.3215622031144082,0.31170677243576594,0.31927024376227325,660180000
2009-10-21,0.30666449666023254,0.3178950876310575,0.3050601031024176,0.3130819889245525,503956000
2009-10-22,0.3087272047996521,0.31033157080366164,0.2997885473676401,0.30506005908565087,379328000
2009-10-23,0.3013930022716522,0.3128528008163742,0.2995594290400337,0.3128528008163742,429528000
2009-10-26,0.2974966764450073,0.3082689099319802,0.29589230996470844,0.30368499008980193,481652000
2009-10-27,0.28741201758384705,0.3004762101366822,0.28443249173933516,0.29612149750061423,591836000
2009-10-28,0.2754938304424286,0.28741201570970787,0.27411864365983984,0.28099452292815275,773632000
2009-10-29,0.2876411974430084,0.28901638410525576,0.2773273794430925,0.2798485185607952,637100000
2009-10-30,0.27411866188049316,0.287412034813971,0.27274350232881306,0.28626605485974566,604144000
2009-11-02,0.27663975954055786,0.2825988647415034,0.26884708140683594,0.2736602069400851,593136000
2009-11-03,0.27526459097862244,0.27663977759854924,0.2649507732961079,0.2677011192136493,876472000
2009-11-04,0.2745771110057831,0.2803070394057445,0.2734311307902555,0.27732748538090807,916840000
2009-11-05,0.2812238335609436,0.2839741808182599,0.27686909202472765,0.2777858926587168,955156000
2009-11-06,0.3016221821308136,0.30781049520859405,0.29520468947531364,0.29887183594197503,1641112000
2009-11-09,0.3084981441497803,0.3128528851642397,0.30551859026037587,0.30574779722199247,818124000
2009-11-10,0.3009346127510071,0.3096440658121256,0.2970382863959143,0.3096440658121256,781472000
2009-11-11,0.3094148635864258,0.3167491292458966,0.30551851019398385,0.3059769239970818,871512000
2009-11-12,0.3084981441497803,0.3174368058179935,0.3075813709479584,0.3121652916017122,505864000
2009-11-13,0.3107900619506836,0.3123944558178231,0.30689373539259884,0.30826892232948455,388524000
2009-11-16,0.3151448369026184,0.31881198425461127,0.3119360761390443,0.3135404701819921,402820000
2009-11-17,0.3146863281726837,0.3153739214495919,0.30872722286922705,0.3153739214495919,350124000
2009-11-18,0.3098732829093933,0.31285283633374494,0.30460176951589696,0.3117068563491726,455516000
2009-11-19,0.2974966764450073,0.30322657624773014,0.2919959835633204,0.30322657624773014,833840000
2009-11-20,0.29566311836242676,0.2970383053152577,0.2899332182628291,0.2906208117392446,426748000
2009-11-23,0.29795506596565247,0.30551853924588657,0.2965799063925394,0.3000178463087987,390924000
2009-11-24,0.2961215078830719,0.2986426473262319,0.2913083812661862,0.2965798943888904,418504000
2009-11-25,0.2995593249797821,0.30368485648722704,0.2974965455649069,0.2995593249797821,441760000
2009-11-27,0.29314208030700684,0.29658002155826163,0.28718297120923386,0.2887873383286871,279932000
2009-11-30,0.2993302345275879,0.2995594414368937,0.2910791683050029,0.2942879284237042,509836000
2009-12-01,0.30528929829597473,0.3087272375213689,0.2993301927096999,0.30093455888375475,461936000
2009-12-02,0.3144572079181671,0.31514480138446127,0.30414338789071027,0.3059769613600552,602292000
2009-12-03,0.3169783651828766,0.3238542449913998,0.31651997866010523,0.3181243451509638,660036000
2009-12-04,0.3268338143825531,0.3282090013405471,0.3178951538002301,0.3229374877646621,824564000
2009-12-07,0.3687766492366791,0.37702771484498243,0.3460862324750018,0.3632759570460195,2732184000
2009-12-08,0.35089948773384094,0.36442207093800244,0.34883670691168545,0.3628176767466623,1075512000
2009-12-09,0.35960888862609863,0.3623592353173889,0.3511286142880004,0.35456658180501316,671588000
2009-12-10,0.3531913757324219,0.3644219961555651,0.352045395729386,0.3621300361494932,417012000
2009-12-11,0.3486074209213257,0.3566292801418131,0.3476906206170234,0.35617089365081983,416744000
2009-12-14,0.3591504693031311,0.36029644926349313,0.34975342269923526,0.3536497491000028,405488000
2009-12-15,0.35869207978248596,0.36465115913312207,0.35571252644600926,0.35662929947770183,446152000
2009-12-16,0.3875708281993866,0.3916963619414647,0.36946432658757733,0.3715271071197765,1683400000
2009-12-17,0.38573724031448364,0.40063500808712466,0.38000734014128296,0.38871679386901187,1016132000
2009-12-18,0.38550806045532227,0.39032116020435265,0.3809241129973632,0.3889460005570522,812828000
2009-12-21,0.3992597460746765,0.40086411235716385,0.38734156141893805,0.3877999478821753,427792000
2009-12-22,0.4098028242588043,0.41392835760530033,0.3988014111089208,0.3992597976313498,793044000
2009-12-23,0.4155326783657074,0.4166786582068239,0.40842759242185933,0.4136991051554581,442196000
2009-12-24,0.4146158993244171,0.4173662454381873,0.41301153303491067,0.4166786520791662,136812000
2009-12-28,0.40796923637390137,0.4175954896150028,0.4038437031737603,0.41392834292102926,465760000
2009-12-29,0.4130115807056427,0.41415756066217807,0.40567728712596246,0.4065940874845812,475848000
2009-12-30,0.42790934443473816,0.4304305114111797,0.413928377242324,0.41690793076294064,704008000
2009-12-31,0.42813846468925476,0.43432675008856747,0.42768007823788223,0.42882605802747026,700340000
2010-01-04,0.42378389835357666,0.42676345248911746,0.41507444292750534,0.4242422849923542,800204000
2010-01-05,0.4299721121788025,0.434556032129923,0.42217943186850676,0.42217943186850676,728648000
2010-01-06,0.43272241950035095,0.43363919247863053,0.4256173332905795,0.4297428663374689,649168000
2010-01-07,0.4242421090602875,0.43226399486270023,0.421033376597173,0.4304304217456434,547792000
2010-01-08,0.42515894770622253,0.4281385008754454,0.41828306838754614,0.4208042077443381,478168000
2010-01-11,0.41919994354248047,0.42928458539459957,0.4132408357515773,0.42745101166491223,556612000
2010-01-12,0.4049897789955139,0.41461603451596046,0.39628032402680297,0.4130116677033271,627432000
2010-01-13,0.41049039363861084,0.411865580447595,0.3919255083289038,0.4077400473429584,508868000
2010-01-14,0.4040728509426117,0.4084275630972656,0.3971969723895923,0.4054480375821406,608524000
2010-01-15,0.39215466380119324,0.40453126235404285,0.3868831511206637,0.4010933228653037,818192000
2010-01-19,0.39948898553848267,0.40201012495299737,0.38802915908932784,0.38917513900201167,545328000
2010-01-20,0.3978845477104187,0.39948894126823475,0.38917509587471527,0.39444660835335,719728000
2010-01-21,0.3907795548439026,0.4047605214984712,0.38711240798693836,0.39765543470897213,608632000
2010-01-22,0.3772569000720978,0.3933006165828619,0.37496494057056007,0.38619553119917,1067916000
2010-01-25,0.3836745321750641,0.3910087997923961,0.3806949782711198,0.383445325212329,643676000
2010-01-26,0.37152695655822754,0.38436193914945843,0.3712977497067627,0.3818407730725815,714636000
2010-01-27,0.3816116750240326,0.3829868618802888,0.3671723223226104,0.37129785556906203,812504000
2010-01-28,0.3687766492366791,0.3859663738076967,0.36350513661594713,0.38459118709887485,687764000
2010-01-29,0.3527328073978424,0.3770275818696502,0.3472320898249384,0.3729020505205483,774700000
2010-02-01,0.379778116941452,0.3804657103972538,0.35112858998004365,0.35410814340697266,949832000
2010-02-02,0.3836745321750641,0.388487659813922,0.3772570377640277,0.37840301793305836,849812000
2010-02-03,0.3868831992149353,0.388487593033644,0.3784029528863108,0.3802365263060366,562296000
2010-02-04,0.3644219934940338,0.3834452668699587,0.3602964600487713,0.3834452668699587,783480000
2010-02-05,0.3717562258243561,0.37267302612920966,0.35754605333880907,0.3639635735058371,604856000
2010-02-08,0.3710687458515167,0.38000740811397793,0.3637344777823883,0.37061035922013197,445160000
2010-02-09,0.36808913946151733,0.3788613740411936,0.36442201960918347,0.3770278004538666,930144000
2010-02-10,0.37519416213035583,0.3786321017675402,0.36785989636882566,0.37038106303168705,535828000
2010-02-11,0.3923838436603546,0.39650937622705074,0.3784028797738601,0.3811532257108867,695980000
2010-02-12,0.3976554870605469,0.4056773479592106,0.3852788852806442,0.38963362616188313,780212000
2010-02-16,0.4049897789955139,0.4065941731304704,0.398113897807951,0.4029270255681743,457024000
2010-02-17,0.40888601541519165,0.41026117486208075,0.3971970098439007,0.41003199528209017,876560000
2010-02-18,0.38207006454467773,0.3884875572616353,0.37152703884379634,0.3864247771085158,1515508000
2010-02-19,0.38000738620758057,0.3845913069018257,0.378173812465418,0.38046577281254057,510548000
2010-02-22,0.38069483637809753,0.3873415352745037,0.3781736700169931,0.3816116092426925,458084000
2010-02-23,0.37152695655822754,0.3834451390659081,0.36763060401717984,0.3818407730725815,489764000
2010-02-24,0.37931978702545166,0.3829869344555069,0.3735898862424416,0.3747358663990436,445868000
2010-02-25,0.37588176131248474,0.37679856162324593,0.3612132022411487,0.37061024832313455,576972000
2010-02-26,0.371297687292099,0.3767984049018097,0.36900572845196233,0.3740480324358021,393396000
2010-03-01,0.38619548082351685,0.3880290536500368,0.3685474004281688,0.3715269528559751,555868000
2010-03-02,0.385966420173645,0.39444666637060366,0.38321607374791755,0.38963356695615986,538648000
2010-03-03,0.38115325570106506,0.3903210944273793,0.3779445230757809,0.3882583416428844,399300000
2010-03-04,0.3818407952785492,0.3857371207238787,0.3770276696963528,0.3827575680931053,557396000
2010-03-05,0.39352986216545105,0.39628020837332933,0.3790905104211962,0.3790905104211962,632832000
2010-03-08,0.38780009746551514,0.3949051860143862,0.38619570324186225,0.3937592057531053,439312000
2010-03-09,0.4022393822669983,0.4061357089938887,0.391467147880104,0.39169635482028803,830832000
2010-03-10,0.40315619111061096,0.4075109321037846,0.4008642307949371,0.4010934377554334,418520000
2010-03-11,0.3939882218837738,0.4013225143696698,0.39238385564835154,0.399947327697986,540660000
2010-03-12,0.395363450050354,0.39948898317608256,0.39330066982633166,0.3983430032701755,520352000
2010-03-15,0.3933005630970001,0.39880128154602257,0.38963344478662715,0.39490495638774126,358904000
2010-03-16,0.4070524275302887,0.4093443871816905,0.392842255833746,0.3930714627278119,664988000
2010-03-17,0.4148451089859009,0.42034582893474,0.40934441635937796,0.40934441635937796,651168000
2010-03-18,0.4001765847206116,0.4155327103075285,0.39650943801822097,0.4155327103075285,740964000
2010-03-19,0.395363450050354,0.407281635607324,0.39032111660651014,0.40613565570141696,584612000
2010-03-22,0.4017808735370636,0.4033852396635435,0.39032104913659355,0.39032104913659355,435336000
2010-03-23,0.4100319445133209,0.4120946970894091,0.40201005911595883,0.4047604323138255,493612000
2010-03-24,0.3962802588939667,0.4077400863120179,0.395592665423759,0.40659410630244464,436252000
2010-03-25,0.3974263668060303,0.40453145608092067,0.3965095934322568,0.4020102883195525,495184000
2010-03-26,0.3974263668060303,0.4049898427678074,0.3942176326754957,0.40086430794117195,344676000
2010-03-29,0.4024685323238373,0.4033853053103608,0.39444664574133514,0.39994736562742383,394456000
2010-03-30,0.4040728509426117,0.40911515641703006,0.3971969723895923,0.4070524037800493,324104000
2010-03-31,0.39880138635635376,0.4043021062510389,0.39673860614997836,0.40246853295281054,389840000
2010-04-01,0.3946758210659027,0.4052188461788159,0.39055028831205346,0.40063492696838643,339664000
2010-04-05,0.4006350040435791,0.40132259752188726,0.39673865010727255,0.3971970639743573,413636000
2010-04-06,0.3907795548439026,0.39650945473146054,0.3839036476565152,0.39559265435606056,809260000
2010-04-07,0.3933005630970001,0.39994726114094703,0.3850494990846207,0.38825825834379435,817468000
2010-04-08,0.3868831992149353,0.3937591063694866,0.3848204461941923,0.3907795529777218,1037600000
2010-04-09,0.389404296875,0.3907794835259671,0.38390357759344446,0.3859663575698951,817572000
2010-04-12,0.39650943875312805,0.3981138051925288,0.38917514533475317,0.3898627387580154,546460000
2010-04-13,0.4047604501247406,0.4061356094618741,0.39650938481268766,0.39811375103383323,648696000
2010-04-14,0.4098028242588043,0.41553272409496056,0.4033853309778458,0.41346997108287137,900720000
2010-04-15,0.4127824306488037,0.41530359782941517,0.40705253007679676,0.41117806395310597,957596000
2010-04-16,0.3910087049007416,0.39765540466146376,0.3822992522652907,0.3960510382786397,1917736000
2010-04-19,0.3891751766204834,0.39032115664394,0.37611100981754153,0.3880291965970267,1094492000
2010-04-20,0.39055025577545166,0.39605097476309226,0.38550795052851466,0.3919254423529397,678188000
2010-04-21,0.3804657757282257,0.39307158505632656,0.37588185499885185,0.39261319844785375,895908000
2010-04-22,0.38207006454467773,0.3832160444111946,0.36900587220853315,0.37427738505897384,656932000
2010-04-23,0.37679851055145264,0.38184081594909247,0.37015181165802136,0.3809240157625956,752916000
2010-04-26,0.3804657757282257,0.38504969645759957,0.3765694485727225,0.3772570421465931,491092000
2010-04-27,0.36969345808029175,0.38161164298541245,0.3685474782370626,0.3777153169828961,606704000
2010-04-28,0.37038108706474304,0.37565260031494346,0.3628175865853832,0.3694642867086158,672164000
2010-04-29,0.3816116750240326,0.38207008885766264,0.3660263423831692,0.371527062485877,987128000
2010-04-30,0.3600672483444214,0.3777153618860258,0.35983806874191926,0.37702776843388364,1068048000
2010-05-03,0.3561709225177765,0.36396360278550666,0.35067020221308737,0.36190082242537897,1078972000
2010-05-04,0.3380643129348755,0.35135768187994454,0.33302198079128065,0.3506700886492444,1311376000
2010-05-05,0.3323345184326172,0.3408147647273935,0.32820898508528024,0.33118853846515234,1330840000
2010-05-06,0.3254585564136505,0.3369183814778018,0.2988718147236605,0.3300425028326988,1002888000
2010-05-07,0.3199578523635864,0.3284380969083658,0.30849802773148827,0.3284380969083658,1153712000
2010-05-10,0.33370956778526306,0.34333581819054104,0.33004244949391254,0.3392102862057517,979156000
2010-05-11,0.3300425708293915,0.33668924396010674,0.32752140387784096,0.33050095736904106,829124000
2010-05-12,0.3364599645137787,0.3382935101283095,0.33027165243665035,0.3323344322364633,901236000
2010-05-13,0.33577242493629456,0.35044098345417835,0.33256366495317236,0.3350848315597459,1252000000
2010-05-14,0.2970382869243622,0.3139988065624651,0.28878722036287247,0.3130820335322183,2493068000
2010-05-17,0.29772597551345825,0.30139312345112523,0.28832892599964033,0.2974967685214819,856060000
2010-05-18,0.2878704071044922,0.30208055102143944,0.28626601354228876,0.3002469778948594,674112000
2010-05-19,0.2924543023109436,0.2929126887244734,0.2844324444460833,0.2864951969681229,826520000
2010-05-20,0.28557851910591125,0.2924543995622623,0.27526467109906444,0.28397412514157316,1129136000
2010-05-21,0.29176685214042664,0.29978871393999074,0.2773274954367464,0.2773274954367464,1069600000
2010-05-24,0.283286452293396,0.29428789072924516,0.2823696794182315,0.29084995146390946,664564000
2010-05-25,0.2908499240875244,0.29222508327083363,0.27159742229809536,0.2743477953093338,966652000
2010-05-26,0.292225182056427,0.30826892986370813,0.2913084089576426,0.30253902969050744,995028000
2010-05-27,0.3094148635864258,0.3094148635864258,0.29887183791684485,0.29955943129917667,713560000
2010-05-28,0.3011638820171356,0.3089565636629018,0.2965799612804459,0.3089565636629018,545116000
2010-06-01,0.2883288860321045,0.3004762811541637,0.28809967907190026,0.2970383406850331,527492000
2010-06-02,0.29153749346733093,0.29199590718950097,0.28695357482411255,0.28878714774586195,649088000
2010-06-03,0.29107919335365295,0.29176678681842483,0.2846616998863128,0.2855785002801147,586360000
2010-06-04,0.27732744812965393,0.28764126868402623,0.27572305418556237,0.28259896187746375,671456000
2010-06-07,0.2635755240917206,0.280306857146262,0.26242954462132506,0.27847328452916803,577248000
2010-06-08,0.2562413215637207,0.26242960670333526,0.24959462266965807,0.26242960670333526,967636000
2010-06-09,0.2500530183315277,0.2644923963941222,0.2491362454334169,0.25761649036903816,697152000
2010-06-10,0.2601376473903656,0.26128362713261033,0.2544077486791419,0.2550953419889512,611768000
2010-06-11,0.2660967707633972,0.2672427505822329,0.256699725320019,0.25738731867578324,442104000
2010-06-14,0.26036691665649414,0.2704515298757838,0.25967932318192466,0.2699931433335104,375080000
2010-06-15,0.27320197224617004,0.274577132217644,0.2628881221873242,0.26334653616680787,528632000
2010-06-16,0.2697640359401703,0.27388957056968627,0.2660968879756392,0.27136840292878034,366480000
2010-06-17,0.28007781505584717,0.28076540860696564,0.2695347867982226,0.2791610418692371,859068000
2010-06-18,0.28191131353378296,0.2853492530497663,0.2796193538564607,0.28168210663712495,932832000
2010-06-21,0.27526459097862244,0.2885579614561036,0.27274345193850624,0.2878703954684524,579836000
2010-06-22,0.26495081186294556,0.28214051050264105,0.26357562504284343,0.27870257077470195,818164000
2010-06-23,0.26793035864830017,0.2706807049000465,0.25990847215370705,0.2674719721600617,614060000
2010-06-24,0.25463706254959106,0.26770126036010466,0.25372028920114265,0.26632607301510536,725028000
2010-06-25,0.25394943356513977,0.2566997802544642,0.24982389986999318,0.25647057331272055,507220000
2010-06-28,0.25440770387649536,0.2580748493347982,0.2498237857147705,0.2557828902539358,372008000
2010-06-29,0.2401975840330124,0.2491362426397702,0.23859321781815215,0.24890703575665604,660808000
2010-06-30,0.23400931060314178,0.2431771492356864,0.23400931060314178,0.2406559826828109,623072000
2010-07-01,0.23790574073791504,0.23951010773670978,0.2275919040986519,0.23469700674032554,737008000
2010-07-02,0.23492608964443207,0.23928082950148188,0.22690423063242532,0.23882244302240163,737096000
2010-07-06,0.2324049174785614,0.2415727550527896,0.23034213763097333,0.23400928358958908,712020000
2010-07-07,0.2436356246471405,0.24501081187298884,0.23286341578574288,0.23332180242025088,608412000
2010-07-08,0.23630130290985107,0.24546914280907042,0.23332174947814116,0.2452399632049808,783272000
2010-07-09,0.2372179925441742,0.23882238582014653,0.2342384401603365,0.23744719938997266,571516000
2010-07-12,0.24157284200191498,0.24455239575042986,0.23698892156491397,0.23721810119337142,565396000
2010-07-13,0.25028231739997864,0.2518866842237418,0.24409402975270758,0.245469189606366,723316000
2010-07-14,0.25280341506004333,0.26311723406844156,0.24913626848368656,0.26128366078026316,1355664000
2010-07-15,0.24569831788539886,0.25326179028625917,0.24271876483993093,0.25303258338956375,953088000
2010-07-16,0.23034216463565826,0.24638590959379356,0.22942539169967996,0.24569831623065264,1288604000
2010-07-19,0.23973923921585083,0.24065601226286404,0.23194655902696787,0.2335509528427175,798440000
2010-07-20,0.24569831788539886,0.24707347729862786,0.2314881460258309,0.23355092612914619,1160988000
2010-07-21,0.23767639696598053,0.24821942087194435,0.23538443762314581,0.24799024133104722,624940000
2010-07-22,0.24157284200191498,0.24409400917119395,0.23882249520417856,0.24019765494188627,462612000
2010-07-23,0.23744727671146393,0.2415728100231011,0.23515531679636742,0.2413436031026645,817604000
2010-07-26,0.241801917552948,0.24271871763912775,0.2330924670069411,0.23675961270704166,683548000
2010-07-27,0.23973923921585083,0.24294797220271475,0.2367596858295814,0.24248958567920814,683472000
2010-07-28,0.23217575252056122,0.2399684322587064,0.23148815911391368,0.23584289914113732,1320808000
2010-07-29,0.2092561274766922,0.22002834678569017,0.20788095432224682,0.21544442716343354,2664476000
2010-07-30,0.2106313407421112,0.21429847416818146,0.2044430402782804,0.20765178714902677,984288000
2010-08-02,0.21040207147598267,0.21521519718689217,0.2094852849757544,0.2142984106866639,917020000
2010-08-03,0.20490141212940216,0.20902694547589817,0.20329704563974194,0.2087977522146837,955444000
2010-08-04,0.21361082792282104,0.2142984212471654,0.20581816277859635,0.20673494932400333,855496000
2010-08-05,0.21636120975017548,0.21681959623931527,0.21040210342441132,0.21429844322673078,800504000
2010-08-06,0.21888235211372375,0.22117431177023023,0.21361083943929607,0.21544441262896408,739904000
2010-08-09,0.22094514966011047,0.22140354985267832,0.21567363624311436,0.22117434292581487,466456000
2010-08-10,0.21177729964256287,0.2177363925724706,0.21086051296230973,0.21727800606292325,772560000
2010-08-11,0.20352621376514435,0.2074225397080646,0.20283862040526096,0.2074225397080646,796148000
2010-08-12,0.20535977184772491,0.20994369081340827,0.19825468652199082,0.19985905269551757,1343584000
2010-08-13,0.21521525084972382,0.21819480430311333,0.21154810393442625,0.21200650412941802,1797392000
2010-08-16,0.20971450209617615,0.21659038069220335,0.20696414246107142,0.21223565484915483,814008000
2010-08-17,0.212464839220047,0.2163611784588569,0.20971449336066245,0.21177725958577878,481224000
2010-08-18,0.21361082792282104,0.21544440101363502,0.21040208184447484,0.2117772684931635,352920000
2010-08-19,0.22644594311714172,0.22713353683890058,0.2147569318142267,0.2159029122430486,1615100000
2010-08-20,0.2285085916519165,0.23400931123979737,0.2246122656869474,0.22484145892115315,1305308000
2010-08-23,0.22507070004940033,0.23492613416785418,0.22438310653930907,0.22919623378762755,748620000
2010-08-24,0.22277864813804626,0.2250706073461125,0.21727794330645644,0.2177363296836079,641332000
2010-08-25,0.22736264765262604,0.22919622113756188,0.21911158063157413,0.22025757430552853,757532000
2010-08-26,0.22461232542991638,0.2328633933452209,0.22461232542991638,0.23034222611489963,657596000
2010-08-27,0.23194654285907745,0.23378011614761185,0.22025755071285474,0.22598745016307742,1060416000
2010-08-30,0.22094514966011047,0.23102978996269397,0.22094514966011047,0.22919621651474079,602804000
2010-08-31,0.213840052485466,0.22461227137762793,0.21315245910427102,0.2177363785491508,931488000
2010-09-01,0.21544437110424042,0.21979909634450487,0.21429839149686317,0.2170487507512613,851440000
2010-09-02,0.2193407565355301,0.22002833624924778,0.21406924375790734,0.21613201022137526,596292000
2010-09-03,0.2269042432308197,0.22759182298761652,0.221861923375185,0.2246122833858471,566484000
2010-09-07,0.22896704077720642,0.23423854093659394,0.2257582938282279,0.22621668039472764,899820000
2010-09-08,0.23653048276901245,0.23813487661096047,0.22690425632891492,0.2294254232328463,1224156000
2010-09-09,0.23332172632217407,0.2397392190791885,0.2303421731861693,0.23951001217552836,697748000
2010-09-10,0.2308005541563034,0.23561368043963568,0.2287378013619123,0.2349260870674004,609292000
2010-09-13,0.2438647747039795,0.24684432811629703,0.23492611446702694,0.23492611446702694,1015792000
2010-09-14,0.24157284200191498,0.2447815753788873,0.23951006141187192,0.24180202163037245,698536000
2010-09-15,0.24203120172023773,0.24226040864557852,0.23607209488455683,0.23928085522773807,555572000
2010-09-16,0.24226044118404388,0.2443231944998915,0.2388225007760834,0.2388225007760834,365280000
2010-09-17,0.241801917552948,0.24478147001899103,0.2411143516411997,0.24455229048917804,416884000
2010-09-20,0.24546915292739868,0.24638595334850233,0.2395100458183423,0.24180200588762257,443168000
2010-09-21,0.25876253843307495,0.26288807220781374,0.24409400425880418,0.24409400425880418,1779624000
2010-09-22,0.2610546350479126,0.26334659617832107,0.25624150574512206,0.2578458730719416,999996000
2010-09-23,0.266325980424881,0.27457704698167845,0.26174206063161953,0.26403402052825026,1240872000
2010-09-24,0.2809945344924927,0.2819113348260546,0.270222328659935,0.27228508159639536,1086976000
2010-09-27,0.27503547072410583,0.2832865102557427,0.27136832382849957,0.28305733065121613,999504000
2010-09-28,0.27434784173965454,0.27824416773523886,0.2695347154777292,0.275264614683681,723192000
2010-09-29,0.27228501439094543,0.2803068992098035,0.26930546185633697,0.2718266279984618,974904000
2010-09-30,0.267701119184494,0.27893173705317403,0.26540915969974044,0.27572297738113166,787632000
2010-10-01,0.2601376473903656,0.27205585856756065,0.25807489478324996,0.27159744481281295,999120000
2010-10-04,0.2576165199279785,0.26197125999945114,0.25234500685320443,0.2576165199279785,749500000
2010-10-05,0.2594500780105591,0.26357561092761517,0.25876248463733065,0.2631172244529011,753588000
2010-10-06,0.2470734417438507,0.2605960182896984,0.2445523028545748,0.259450038615761,1057604000
2010-10-07,0.24523991346359253,0.24844864584857304,0.23790562117395844,0.24821943896865478,761488000
2010-10-08,0.2489071488380432,0.2509699297562769,0.24088528679700466,0.24432322767173545,706932000
2010-10-11,0.2477611005306244,0.2521158408365405,0.24661512055364404,0.25005306048458514,442680000
2010-10-12,0.25257420539855957,0.25372018527588347,0.24363554596204404,0.24569832613461629,605208000
2010-10-13,0.2599084675312042,0.2635756140165224,0.253949388645456,0.2566997348482871,968732000
2010-10-14,0.25578293204307556,0.2605960305058535,0.2546369249931053,0.26013764407925255,599172000
2010-10-15,0.25876253843307495,0.26288807220781374,0.255783012066844,0.2599085185192624,639940000
2010-10-18,0.26036691665649414,0.261512896673337,0.2544078096399838,0.2589917297073552,448156000
2010-10-19,0.25876253843307495,0.2605961120354389,0.252574251432127,0.25463700465833616,866136000
2010-10-20,0.25876253843307495,0.26586762589636515,0.25440782503449094,0.25899174537924063,763532000
2010-10-21,0.25417855381965637,0.25945006634768847,0.2502822279762634,0.2589916798935799,1014428000
2010-10-22,0.27045151591300964,0.27251429623022155,0.25303260962736773,0.2557829833836503,1322676000
2010-10-25,0.2729727625846863,0.27503554350519605,0.2699932083588335,0.2725143759320148,673136000
2010-10-26,0.27205589413642883,0.2761814272123488,0.26747197456814353,0.2697639343522862,675248000
2010-10-27,0.27595221996307373,0.2768689929466685,0.2688471337121091,0.26953472711096305,496796000
2010-10-28,0.2761814594268799,0.2805361725957698,0.2736602924413211,0.27961939950410425,704448000
2010-10-29,0.2754938304424286,0.27847338358982726,0.2727434841995665,0.2757230100246498,554664000
2010-11-01,0.27595221996307373,0.2816821194163304,0.27366026018177103,0.27732740676078166,473920000
2010-11-02,0.2816821336746216,0.2862660534692575,0.27549384741632654,0.2770982138799857,581036000
2010-11-03,0.2837449014186859,0.28557847471986036,0.2761814286277889,0.28351569451017067,671748000
2010-11-04,0.2842032015323639,0.2894747129251429,0.28374481517697175,0.28649516063163233,700016000
2010-11-05,0.28901639580726624,0.2915375350270476,0.2848908629757982,0.2862660223714114,735116000
2010-11-08,0.2901623547077179,0.29268349374569896,0.28649520860589356,0.2887871680889557,605156000
2010-11-09,0.2885579764842987,0.29245432966957735,0.286953610225703,0.2901623700652081,633964000
2010-11-10,0.2919960021972656,0.2919960021972656,0.2864952816422286,0.2906208152279266,521016000
2010-11-11,0.28901639580726624,0.29382949467538383,0.28122371660953455,0.2851200425472433,1089980000
2010-11-12,0.30391421914100647,0.3135404742338052,0.29864270500026474,0.3000178921056137,2142560000
2010-11-15,0.30024707317352295,0.3096441213528047,0.2995595069398913,0.3052894077023017,733548000
2010-11-16,0.2913084328174591,0.29933029371697606,0.2908500462305224,0.29520475978990307,739356000
2010-11-17,0.2961215078830719,0.2995594476601855,0.28832882799489107,0.2910791743521186,551764000
2010-11-18,0.30528929829597473,0.3082688510891121,0.30001778601924123,0.30001778601924123,993120000
2010-11-19,0.3151448369026184,0.316290817034826,0.30414342216896145,0.3046018087573802,716484000
2010-11-22,0.3153740167617798,0.3172075629579206,0.31033168275543493,0.31308205669428457,462668000
2010-11-23,0.30803969502449036,0.3149155746094889,0.3057477351628242,0.3117068417320829,457832000
2010-11-24,0.31560322642326355,0.31674920656611827,0.3110193058518447,0.31124851280934435,397784000
2010-11-26,0.3117068409919739,0.31720753371798527,0.3117068409919739,0.3153739876908593,143104000
2010-11-29,0.3151448369026184,0.316290817034826,0.3089565496531618,0.31033170941841803,468192000
2010-11-30,0.3119359612464905,0.31354035469850655,0.3062060626958944,0.3103315951167859,720936000
2010-12-01,0.3256877064704895,0.3277504587751803,0.3176658494508793,0.3181242358161096,626536000
2010-12-02,0.3295840620994568,0.3316468419176042,0.3254585297854728,0.3256877366504817,529316000
2010-12-03,0.33898112177848816,0.33898112177848816,0.32729211757922994,0.3279797108831237,606044000
2010-12-06,0.3325636386871338,0.34081470390941493,0.3311884793649621,0.3401271105871727,438424000
2010-12-07,0.343335896730423,0.3513577556883244,0.33966875027788496,0.3403563436530252,1026812000
2010-12-08,0.34631553292274475,0.3499826529330682,0.34035642533777716,0.3428775925442607,613252000
2010-12-09,0.3405855894088745,0.3428775768788018,0.3332513224009956,0.3380644496398987,942408000
2010-12-10,0.34264835715293884,0.345857090310962,0.33966880360773494,0.34058557670365036,451900000
2010-12-13,0.3339388370513916,0.34471104173686723,0.33302203681545545,0.3440234757128072,609108000
2010-12-14,0.33439716696739197,0.3465445562917004,0.333938780588086,0.34035627186529693,755160000
2010-12-15,0.32706302404403687,0.3392104178665634,0.32660461017266973,0.3350848842804934,624176000
2010-12-16,0.32752132415771484,0.3323344499582959,0.32660452397925027,0.33050087692367874,631872000
2010-12-17,0.32935506105422974,0.33118863500109313,0.3238543392136396,0.3277506667742708,593156000
2010-12-20,0.32797971367836,0.3321052462145709,0.32775050680100465,0.33050088004002004,344088000
2010-12-21,0.34081465005874634,0.34081465005874634,0.3309592201899896,0.3311884270352919,466952000
2010-12-22,0.34448185563087463,0.34494024207898505,0.33691838360895654,0.34012711606804263,477988000
2010-12-23,0.34196075797080994,0.34448192492603896,0.3405855710275361,0.34448192492603896,273784000
2010-12-27,0.3437942862510681,0.3463154528748049,0.3348556269397136,0.34104394004846483,255500000
2010-12-28,0.3424191176891327,0.3460862643690661,0.340356364758118,0.34379430452468684,194260000
2010-12-29,0.3424191176891327,0.34494028444687647,0.33921038483592836,0.3421899380980847,177660000
2010-12-30,0.34356504678726196,0.3456278267354433,0.3408147008453327,0.34196068059799595,174488000
2010-12-31,0.35296210646629333,0.35342052024440207,0.3433358816053416,0.3437942680611367,391252000
2011-01-03,0.36258840560913086,0.36602634545631924,0.35525411207727514,0.355712525914754,817448000
2011-01-04,0.36144253611564636,0.36488047701345755,0.35342067402075367,0.3632761100589441,651384000
2011-01-05,0.3891751766204834,0.38963359048772117,0.36442200264935626,0.36808912233102614,1428216000
2011-01-06,0.4430362582206726,0.44326546513662546,0.39811380651231293,0.3992597864474434,3493312000
2011-01-07,0.4554128050804138,0.4567879917719599,0.42813846939505024,0.437993901158294,2579984000
2011-01-10,0.47283172607421875,0.4737484990201406,0.4437238161899513,0.4471617557206303,1750348000
2011-01-11,0.46549755334854126,0.48383329022202903,0.4554129390516055,0.47924936966481796,2711088000
2011-01-12,0.5351730585098267,0.5356314176197423,0.4641222598782098,0.46572662605216336,3431896000
2011-01-13,0.5360900163650513,0.5464038649219364,0.5129411793428917,0.5294433151760507,2695192000
2011-01-14,0.5406738519668579,0.5496125120258263,0.5237133595303293,0.5269220924813534,1595352000
2011-01-18,0.5280680060386658,0.5370066654361656,0.5150038409586596,0.5333395189158094,1813348000
2011-01-19,0.5136289000511169,0.5409032504616803,0.512482946952556,0.5282974931542259,1197896000
2011-01-20,0.5140871405601501,0.5170666941132548,0.49941855240805416,0.5085864473254333,1111408000
2011-01-21,0.5092741250991821,0.5269222716189179,0.5083573517507337,0.5195879755420237,739244000
2011-01-24,0.5668023228645325,0.5741366175369939,0.5266929910873437,0.5326520440334954,2056900000
2011-01-25,0.5493833422660828,0.5702401614658758,0.5457161954086838,0.5642810546531818,1086856000
2011-01-26,0.5624476671218872,0.5729906968176464,0.5512170437812176,0.5551133713392762,1074660000
2011-01-27,0.5608429908752441,0.571844373837538,0.5500707874533171,0.5704692419507169,657396000
2011-01-28,0.5445700287818909,0.5716151811284539,0.5317350458584897,0.5622181644544547,1094796000
2011-01-31,0.5482373237609863,0.5558007969233373,0.5365483446212779,0.5454870046576261,750160000
2011-02-01,0.5608429908752441,0.564968495824949,0.5493831941875961,0.5530503400565676,654104000
2011-02-02,0.5862841606140137,0.599806745929013,0.557634622864562,0.557634622864562,1606616000
2011-02-03,0.5752823948860168,0.587200606432659,0.562676590008251,0.587200606432659,1030776000
2011-02-04,0.5883466601371765,0.5929305800371009,0.581012421084079,0.5833043810340411,872900000
2011-02-07,0.5638226270675659,0.5828458978538036,0.5617598469645871,0.5803247586021378,934236000
2011-02-08,0.547091543674469,0.5681776033403323,0.5445703487287776,0.5645104554013146,1076584000
2011-02-09,0.5337979197502136,0.5546547911708486,0.5239424876232897,0.5491540442016785,1277520000
2011-02-10,0.5230258703231812,0.5319645321634973,0.5179835356491103,0.5218798628153555,1042352000
2011-02-11,0.5379234552383423,0.554884001595157,0.5127118972583157,0.5211921431144069,1359276000
2011-02-14,0.5296722650527954,0.5615305121536679,0.5276094855200775,0.5443407920035794,1287828000
2011-02-15,0.5168375372886658,0.5324228445816703,0.5145455224747807,0.5305892983041313,886980000
2011-02-16,0.5358607172966003,0.5434241899806395,0.5218797244879605,0.5237133250855455,1318364000
2011-02-17,0.5885757803916931,0.5961392522261852,0.5182125197305695,0.5207337134384835,3470096000
2011-02-18,0.5874298214912415,0.5947641143699967,0.5782619827151122,0.5853670413732235,1394412000
2011-02-22,0.5319645404815674,0.5697819145168169,0.5301309393693043,0.5681775476964908,1396648000
2011-02-23,0.5067528486251831,0.5370067435109088,0.4991893749037517,0.5319644641263803,1491604000
2011-02-24,0.5191293358802795,0.5280679395069668,0.5056067586972125,0.5092738501109182,1246120000
2011-02-25,0.5299016237258911,0.5386110491788172,0.5257760632655847,0.5331103565430411,775652000
2011-02-28,0.5193586945533752,0.5388403839696623,0.5074404794145039,0.5386111496937775,903696000
2011-03-01,0.4962098002433777,0.5269221076969028,0.49620980024337763,0.5202754073602532,988448000
2011-03-02,0.4755820333957672,0.5049191460964244,0.46412223655440615,0.4955220744352732,1718140000
2011-03-03,0.47833251953125,0.4893339611423049,0.4638931649849311,0.48658358707838095,1593704000
2011-03-04,0.4758114814758301,0.4836041367970195,0.4705399664892248,0.4787910358006353,959760000
2011-03-07,0.4691646695137024,0.48085370440826897,0.4572464823222335,0.4792493377844343,1019140000
2011-03-08,0.44807860255241394,0.4767281016186118,0.4382231420868609,0.47420696209417684,1947184000
2011-03-09,0.4386815130710602,0.45105811185186767,0.43478515972087284,0.4467033720258685,1318976000
2011-03-10,0.41071954369544983,0.43180556547313087,0.41026112994103175,0.4285968331260774,1722736000
2011-03-11,0.41369912028312683,0.425158946435656,0.40476048812448656,0.4141575340941879,1486832000
2011-03-14,0.4171370267868042,0.4274508442389173,0.41026112116308383,0.41690781991449927,1003360000
2011-03-15,0.4047604501247406,0.41163632877734707,0.3898626857217803,0.39673856437438676,1256280000
2011-03-16,0.4017808735370636,0.4205749626030929,0.39650936141664833,0.4010932802479118,1476520000
2011-03-17,0.4093444049358368,0.4132407310477491,0.39421745965157096,0.4125531376580433,1238516000
2011-03-18,0.4038437008857727,0.41713710074553356,0.40338531438220215,0.4157619139125055,886960000
2011-03-21,0.4070524275302887,0.4166786526017135,0.40292689469330256,0.4125531197647274,751832000
2011-03-22,0.39994725584983826,0.4098026857002675,0.39811368305775474,0.4059063605935327,718332000
2011-03-23,0.40819841623306274,0.4093443960836852,0.3905503046756246,0.39925975700481847,782396000
2011-03-24,0.4407442510128021,0.4457865840436641,0.4159910816081043,0.416907854528817,1780592000
2011-03-25,0.4269925355911255,0.44578662822940646,0.4263049421712806,0.44464064830377065,1196392000
2011-03-28,0.44280704855918884,0.4501413141815434,0.4331807958998887,0.4370771219502976,1204284000
2011-03-29,0.43936920166015625,0.44441150863141704,0.43341009421628024,0.4428071419572414,715764000
2011-03-30,0.42286697030067444,0.44464061455755044,0.4173662506817123,0.4428070413512297,1176320000
2011-03-31,0.4230960011482239,0.4281383325237031,0.4153033519135277,0.4235544147803983,655112000
2011-04-01,0.4171370267868042,0.429055210378117,0.4114071008799853,0.4285968239558188,850072000
2011-04-04,0.4022393822669983,0.4182831303772476,0.3992598286562045,0.417137150320967,924328000
2011-04-05,0.4029269516468048,0.41140719809120685,0.4020101512632663,0.4081984650546173,821076000
2011-04-06,0.4001765847206116,0.40636487087386863,0.3967386176106725,0.405906484366649,856984000
2011-04-07,0.4148451089859009,0.417366275711075,0.3994889836914013,0.4010933500972774,1021208000
2011-04-08,0.4022393822669983,0.4180539234370636,0.4010934022107176,0.4180539234370636,746552000
2011-04-11,0.3969678282737732,0.405906488199384,0.39261311543059246,0.4038437079139429,546208000
2011-04-12,0.39811381697654724,0.4008641634286887,0.3857372169584345,0.3930715105939017,840756000
2011-04-13,0.4070524275302887,0.4095735667534422,0.39719699556479804,0.4022393013334192,749588000
2011-04-14,0.4242421090602875,0.4244713159457871,0.40109330651736075,0.4033852660831035,1254704000
2011-04-15,0.42882609367370605,0.4340976066084691,0.41897063387723626,0.42103341406335165,969720000
2011-04-18,0.4146158993244171,0.4214917782699997,0.40796919995029873,0.4187414321562295,743584000
2011-04-19,0.4130115807056427,0.4164495205752488,0.4017809607382057,0.4148451267782454,659860000
2011-04-20,0.4256173372268677,0.4343267898903349,0.4187414578592329,0.42813850392392677,650516000
2011-04-21,0.424471378326416,0.4329516518237819,0.42355460529431455,0.43020127808284314,421300000
2011-04-25,0.43111807107925415,0.43822313026256954,0.4260757375218034,0.42630494443707545,619612000
2011-04-26,0.44234877824783325,0.44670351951161436,0.43043058933018674,0.43478530327164405,676000000
2011-04-27,0.44234877824783325,0.4446407660282554,0.43318093641544,0.4446407660282554,450004000
2011-04-28,0.4471617639064789,0.4561004232432664,0.4373063316069869,0.4423486375464922,684000000
2011-04-29,0.458392471075058,0.4684770848923243,0.4494538100202661,0.45014140353560705,836000000
2011-05-02,0.45220401883125305,0.4682477341554739,0.44991205949922153,0.468018554615657,613824000
2011-05-03,0.43065962195396423,0.44830773331405604,0.4251589296614126,0.44693257390207536,808000000
2011-05-04,0.427450954914093,0.43684800195468365,0.4194290948187708,0.43203487496856285,639356000
2011-05-05,0.427680104970932,0.43272241089583674,0.4182830591800025,0.4240129584861022,544000000
2011-05-06,0.44280704855918884,0.4469325815099867,0.4331807958998887,0.4366187354718345,841080000
2011-05-09,0.4526624381542206,0.4549543976529407,0.4430361864017462,0.4441821661511063,706328000
2011-05-10,0.45335009694099426,0.4567880366855807,0.44876614995922925,0.45632965018409916,690976000
2011-05-11,0.4554128050804138,0.46022590385619777,0.44922451961308385,0.45564201196977605,616000000
2011-05-12,0.46985217928886414,0.47031059309025935,0.4526624814059925,0.45380846126485064,1224000000
2011-05-13,0.4185122549533844,0.44120267347694453,0.4153035221467312,0.44005669357138033,2025192000
2011-05-16,0.40567731857299805,0.41828312639437343,0.405448138957316,0.41736632596468676,728188000
2011-05-17,0.4040728509426117,0.4045312373816838,0.3923838464735537,0.4043020578233041,1420364000
2011-05-18,0.41346997022628784,0.41690791012085926,0.40430213050743086,0.40567729007186887,658844000
2011-05-19,0.40751081705093384,0.4169078626210502,0.40132253141022245,0.41667865572526613,650884000
2011-05-20,0.4146158993244171,0.4155326722549024,0.4047604673712859,0.40659404055457077,575820000
2011-05-23,0.41415759921073914,0.4171371528395226,0.40338536475880515,0.4086568785139882,588000000
2011-05-24,0.4157618582248688,0.4324931682815554,0.4150742649004518,0.4162202446670425,720372000
2011-05-25,0.42080414295196533,0.4235545161138059,0.40957352540061365,0.41369905782106303,545312000
2011-05-26,0.4313473403453827,0.43501448781820123,0.4196583316828057,0.4208043118527712,706436000
2011-05-27,0.44693267345428467,0.44762023965226994,0.43272249844236477,0.4331808850151285,658824000
2011-05-31,0.45930910110473633,0.4595383353015202,0.4446405715186377,0.45564198236936765,1200716000
2011-06-01,0.4386815130710602,0.45793399095598913,0.43776471279712176,0.457246397581114,762208000
2011-06-02,0.43661871552467346,0.4425778214393938,0.4313472029573922,0.4393690889144298,607592000
2011-06-03,0.4230960011482239,0.4354725954485298,0.42103324909265866,0.43157627083118166,549300000
2011-06-06,0.41415759921073914,0.4263049933451209,0.4136991853276033,0.4224086665947056,435988000
2011-06-07,0.41392838954925537,0.4196582898276033,0.4120948159957201,0.41736632971626414,433956000
2011-06-08,0.4026976525783539,0.4143866567070811,0.3994889202759603,0.41186551770443236,569288000
2011-06-09,0.39811381697654724,0.40338533028117024,0.38367446394990784,0.4024685572378956,741632000
2011-06-10,0.3923838436603546,0.4013225021085816,0.3891750839652299,0.39880133572829163,493548000
2011-06-13,0.38963356614112854,0.39742621888477536,0.38688319239883695,0.3923839125611029,574760000
2011-06-14,0.39284229278564453,0.401551745744671,0.3912379263432147,0.39307149970127025,534576000
2011-06-15,0.38436198234558105,0.38986267417583576,0.3763400968327986,0.38757071469284426,935916000
2011-06-16,0.3710687458515167,0.39055043724744787,0.3655680516302514,0.38459132907247373,1024908000
2011-06-17,0.36235925555229187,0.37565265783421947,0.35089945426337643,0.3754234508795126,1467884000
2011-06-20,0.35800451040267944,0.36671396407823537,0.35525413647816356,0.3591504904304547,745960000
2011-06-21,0.36579710245132446,0.36854747591560183,0.3559416703971693,0.3593796099052015,704276000
2011-06-22,0.36075496673583984,0.3680892356800049,0.36006737304556524,0.36327613449273755,651720000
2011-06-23,0.37152695655822754,0.37404809531279526,0.35296204858115754,0.35617080789011984,744024000
2011-06-24,0.36075496673583984,0.37290236418959966,0.3584630059831428,0.36969363006475475,529052000
2011-06-27,0.3531913757324219,0.3630468092229946,0.3405855683767082,0.3607548492169227,1142152000
2011-06-28,0.3552541732788086,0.3593797072706259,0.3506702526928609,0.3531914199440609,692200000
2011-06-29,0.36075496673583984,0.36442211486908604,0.3451696281530344,0.35754620528866754,960544000
2011-06-30,0.36533862352371216,0.3692349485156276,0.35617078715576644,0.36167147804761085,652300000
2011-07-01,0.37015190720558167,0.37152709417914875,0.35800451334680333,0.36533878012041615,540804000
2011-07-05,0.3639635443687439,0.37313138274945434,0.3607547845421071,0.3696934433566879,535296000
2011-07-06,0.3591504693031311,0.36442198258526004,0.35479572906036483,0.36373438914457934,529580000
2011-07-07,0.3605256676673889,0.36281762783480836,0.3541081737341503,0.3609840815587291,986136000
2011-07-08,0.3536497950553894,0.35800453586403697,0.3506702413068034,0.35548336869469777,619516000
2011-07-11,0.3412731885910034,0.3483782760956298,0.340356415445648,0.34700311637759673,714388000
2011-07-12,0.3366893529891968,0.3428776689065246,0.330959451082284,0.33966890744525696,867604000
2011-07-13,0.3360016345977783,0.34356510777238564,0.3327929016496745,0.34127314786022084,634368000
2011-07-14,0.32270821928977966,0.33943952991719,0.3211038530262886,0.3373767771958891,1088996000
2011-07-15,0.3231666386127472,0.32660457837942025,0.3165199659927726,0.32454182544834304,827736000
2011-07-18,0.3162907361984253,0.322479021866303,0.312165203312402,0.32064547598123894,818200000
2011-07-19,0.3259170353412628,0.3266046014853867,0.31720755452941707,0.31720755452941707,602224000
2011-07-20,0.321791410446167,0.3288964680547238,0.32087461031059433,0.3270629224281999,662956000
2011-07-21,0.336918443441391,0.3392104034112792,0.3174367563750227,0.3222498832407153,1143420000
2011-07-22,0.3437942862510681,0.34494026611234574,0.3355432203209432,0.3398979601871872,737192000
2011-07-25,0.3382936418056488,0.339898035826323,0.33348054171058966,0.3385228487578369,566920000
2011-07-26,0.3300425708293915,0.3369184508910908,0.3252294438572745,0.32866738388812416,698276000
2011-07-27,0.3176659047603607,0.3270629498341096,0.31674910454796573,0.32545855629299664,652212000
2011-07-28,0.3169783651828766,0.3236250380688553,0.3114776449426675,0.31651997866010523,648176000
2011-07-29,0.3169783651828766,0.31995791856436684,0.3121652383879833,0.31376960487884187,677656000
2011-08-01,0.3339388370513916,0.33485560996501407,0.32156223878360607,0.32431258484678716,1019620000
2011-08-02,0.3305009603500366,0.35250378767485924,0.3305009603500366,0.3316469403706562,1356432000
2011-08-03,0.33943966031074524,0.34058564055664753,0.3279798578517227,0.33118861893364354,765236000
2011-08-04,0.3071229159832001,0.33325127428696316,0.3071229159832001,0.33325127428696316,979732000
2011-08-05,0.2968091070652008,0.3181243688460434,0.28878724669109257,0.31422804212879757,1270588000
2011-08-08,0.2734311521053314,0.2924544579528218,0.271597578153088,0.2823698148766459,1084180000
2011-08-09,0.2963506877422333,0.29680907424846537,0.27503545564043186,0.2787025750126054,1329832000
2011-08-10,0.28282806277275085,0.2958922536964657,0.28122369659754565,0.28764118862067867,1140052000
2011-08-11,0.3073521554470062,0.3114776893852271,0.28282815877292955,0.28282815877292955,1078792000
2011-08-12,0.29520469903945923,0.34058553557597726,0.29039157256131815,0.3401271490833724,3195784000
2011-08-15,0.30643540620803833,0.3071229998051738,0.29657997084195914,0.29818433768705954,864152000
2011-08-16,0.29772597551345825,0.3071230250272762,0.2922252536069578,0.3029974904279823,716868000
2011-08-17,0.29360026121139526,0.30368489820635197,0.28970393598888644,0.29864256604771905,553328000
2011-08-18,0.273660272359848,0.28305731881029056,0.2704515121298427,0.28030697241479813,802564000
2011-08-19,0.26884710788726807,0.28397405191973224,0.2670135347738916,0.26907631477230753,761332000
2011-08-22,0.273660272359848,0.2796193789853458,0.27068071904709917,0.27641061875534045,611876000
2011-08-23,0.3032265305519104,0.30345573743840515,0.27984852102198104,0.28030693479497054,938312000
2011-08-24,0.298871785402298,0.30345570404931954,0.291079107308975,0.30253893124883935,687500000
2011-08-25,0.286036878824234,0.29818427195475483,0.28557849230129917,0.2929127586352098,690968000
2011-08-26,0.29818418622016907,0.30116373874603447,0.27984848467383794,0.2848908169432916,732660000
2011-08-29,0.306206077337265,0.3073520571021797,0.29955940562968475,0.3066644911010811,601528000
2011-08-30,0.31354039907455444,0.31606153840025214,0.30208057302911695,0.3041433531926681,684760000
2011-08-31,0.30506011843681335,0.3190410834539204,0.30253897917495637,0.31583235082162436,705808000
2011-09-01,0.30437248945236206,0.31583231386672117,0.304143309903908,0.3091856151599467,762312000
2011-09-02,0.2961215078830719,0.30162220059752703,0.2938295207093462,0.2974966674005274,471356000
2011-09-06,0.30208051204681396,0.3027681052958569,0.28374483779132054,0.2864951834651826,696248000
2011-09-07,0.3266044557094574,0.3355431121389109,0.31766582660231013,0.3266044557094574,1606620000
2011-09-08,0.32500025629997253,0.33118857058225015,0.31972874247396427,0.32339588965440136,880164000
2011-09-09,0.31812426447868347,0.3309592477953981,0.3153739187171905,0.3222497967820782,869828000
2011-09-12,0.3256877064704895,0.3284380519841799,0.31376949704065055,0.31376949704065055,916480000
2011-09-13,0.3330221474170685,0.3346265415322215,0.3233959193377641,0.3284382266819404,853836000
2011-09-14,0.35021182894706726,0.35456656943514503,0.3415023752932308,0.3417315822271419,1547192000
2011-09-15,0.3552541732788086,0.35983812118707814,0.35204543979757397,0.3580045474882347,752908000
2011-09-16,0.35433733463287354,0.3690058941915374,0.3525037612727509,0.355941701077112,1391588000
2011-09-19,0.34700295329093933,0.350899278310961,0.3380642963743284,0.3483781123626664,968204000
2011-09-20,0.3380643129348755,0.35273286834134476,0.33645994694478126,0.35135768187994454,792436000
2011-09-21,0.33164694905281067,0.3458570962160352,0.33141774211375885,0.3398980163462028,715252000
2011-09-22,0.30964410305023193,0.31904115067406913,0.30368502300295014,0.3185827641046352,1314632000
2011-09-23,0.31606167554855347,0.32500033882472246,0.3059770592251254,0.30781063328092884,1011440000
2011-09-26,0.31674906611442566,0.32087459826383885,0.30253892410849986,0.3199578254849958,972124000
2011-09-27,0.3172075152397156,0.32752136131422926,0.3146863759381227,0.3247710151114393,781388000
2011-09-28,0.3075813353061676,0.32591704311880687,0.30253902863579335,0.3178951555819727,1236532000
2011-09-29,0.3000178337097168,0.31835353981541986,0.2922251538333876,0.31308202670073293,866416000
2011-09-30,0.2867244482040405,0.29680906015144237,0.2862660343972643,0.2952046937946714,677784000
2011-10-03,0.27068063616752625,0.29199588934245724,0.27068063616752625,0.2830572321411337,949896000
2011-10-04,0.29566311836242676,0.29566311836242676,0.26288805700594564,0.26403403702586514,1361548000
2011-10-05,0.306206077337265,0.30895645063091054,0.28901638086354425,0.2949754592477131,856708000
2011-10-06,0.3183535039424896,0.3192702768494279,0.30735206512534957,0.3078104789011322,773192000
2011-10-07,0.32431259751319885,0.3291257238034834,0.31308200593228797,0.31972867812142874,806976000
2011-10-10,0.33875200152397156,0.33875200152397156,0.32912574822900603,0.3298133416532631,534376000
2011-10-11,0.3350847661495209,0.3415022575407239,0.3339387865197457,0.3360015389244172,816080000
2011-10-12,0.3348556160926819,0.3417315223599304,0.3346264365212393,0.34150231546617354,612064000
2011-10-13,0.35433733463287354,0.35502492805820907,0.3323345089560361,0.333251281974939,854832000
2011-10-14,0.3602963984012604,0.3641927242519923,0.351586946467539,0.36052557796758955,702452000
2011-10-17,0.3424191176891327,0.3561709040777248,0.340585544349166,0.3561709040777248,611780000
2011-10-18,0.3547956645488739,0.3557124647438548,0.3385227411416653,0.3405854937663256,590916000
2011-10-19,0.3476906716823578,0.3614424596880916,0.34677389856572477,0.35525414552269946,557568000
2011-10-20,0.33027172088623047,0.3396687670586579,0.3172075280800957,0.3382935802404386,990308000
2011-10-21,0.33187612891197205,0.33989801659449176,0.3263754355939055,0.33439729595410567,628428000
2011-10-24,0.34425267577171326,0.34952418864461376,0.3325636701545128,0.33325126354181556,535256000
2011-10-25,0.33118849992752075,0.34218991179950464,0.3305009065625878,0.33943953833977286,577996000
2011-10-26,0.3350847661495209,0.3394394778137428,0.32545851540156157,0.33760593226395014,503116000
2011-10-27,0.3495241701602936,0.3529621095926791,0.3396687383229924,0.34746141742978787,577732000
2011-10-28,0.3575459420681,0.3607547011530265,0.34562776039254767,0.34654453308977967,490156000
2011-10-31,0.3392103910446167,0.3481490509946932,0.3392103910446167,0.34608627070360615,519984000
2011-11-01,0.3222499489784241,0.3277506430993484,0.3190411879726152,0.3268338698533022,790824000
2011-11-02,0.31674906611442566,0.32706291014911354,0.31010239516203914,0.3254585168026736,961608000
2011-11-03,0.33577242493629456,0.3364600183128432,0.3117068206909802,0.32018706614224085,749372000
2011-11-04,0.3396686911582947,0.34081467080996486,0.32752130138612895,0.3327928132482737,654840000
2011-11-07,0.33783525228500366,0.3428775866107124,0.33004259849088813,0.3371476587567415,613536000
2011-11-08,0.3456278443336487,0.3476905970645459,0.33668918541436155,0.3421899049006107,549728000
2011-11-09,0.3282089829444885,0.3419607424643688,0.3268337960635735,0.3376060295453337,532244000
2011-11-10,0.33164694905281067,0.33966880940715094,0.3233958817594185,0.33623086925529083,990484000
2011-11-11,0.343335896730423,0.3460862429086691,0.3224790251886384,0.3410439370281654,1751560000
2011-11-14,0.3366893529891968,0.34677399673875986,0.3357725796130217,0.34333605559461217,500292000
2011-11-15,0.3410438895225525,0.34356502845046555,0.3325636179476047,0.3334804180941912,505660000
2011-11-16,0.3341681957244873,0.34356524607611466,0.3330222153070853,0.33462660974931074,512420000
2011-11-17,0.3222499489784241,0.33439734476131594,0.31629084091215304,0.3334805715152697,657504000
2011-11-18,0.3192703127861023,0.3240834393950715,0.31583237301464334,0.3240834393950715,501352000
2011-11-21,0.3353141248226166,0.33852285830986284,0.30941494067670333,0.31422806822989463,1330788000
2011-11-22,0.3456278443336487,0.34746141749573173,0.3371475718743039,0.3389811450363869,1287480000
2011-11-23,0.33095940947532654,0.3444819926690296,0.3307302024989341,0.3419608252180086,825340000
2011-11-25,0.321791410446167,0.3341679800367567,0.32087461031059433,0.3266045086992582,406620000
2011-11-28,0.339898020029068,0.3449403268419667,0.33233454614856,0.33233454614856,690616000
2011-11-29,0.34173154830932617,0.3460862610428675,0.3362308283422929,0.33943956116465845,623440000
2011-11-30,0.35823363065719604,0.35915043092089816,0.3490657919540621,0.35204534499704354,730324000
2011-12-01,0.36258840560913086,0.3635051786394542,0.3536497456130507,0.35525411207727514,529760000
2011-12-02,0.3602963984012604,0.3678598705363951,0.3568584590055004,0.3664846838491656,546464000
2011-12-05,0.3547956645488739,0.3667138758274386,0.3518161117292327,0.36625548939110436,644696000
2011-12-06,0.3497534394264221,0.35754609260064585,0.3460862924489529,0.35685852644939925,573832000
2011-12-07,0.3476906716823578,0.3502118387365783,0.34035640478233425,0.34746149206435945,510016000
2011-12-08,0.3366893529891968,0.34998273087770004,0.3355433726078142,0.34425282897078724,491488000
2011-12-09,0.3415023684501648,0.3442527149903911,0.32958415457198664,0.3341680745798033,555840000
2011-12-12,0.3330221474170685,0.335543314750318,0.3268338598891101,0.33416812760085046,573208000
2011-12-13,0.3238542675971985,0.34150238219547585,0.3217915144395835,0.3373768485579263,516596000
2011-12-14,0.3112486004829407,0.3229376121615892,0.30781065908596517,0.32110403795206977,636020000
2011-12-15,0.3084981441497803,0.3185827859814319,0.307810577909575,0.3165200326161716,435148000
2011-12-16,0.30964410305023193,0.31697839745045625,0.30826894334193017,0.3110192900808541,619116000
2011-12-19,0.3016221821308136,0.314686374341848,0.3004762022752713,0.3110192278751866,463276000
2011-12-20,0.3185827136039734,0.3197286935070615,0.3084980740634083,0.3084980740634083,445208000
2011-12-21,0.3144572079181671,0.32018710793342087,0.3082689213661567,0.3167491679242686,548424000
2011-12-22,0.32797971367836,0.32889648654315695,0.3153739365146842,0.3153739365146842,576560000
2011-12-23,0.32477104663848877,0.33004255997691717,0.322020672846392,0.32958414613002257,248948000
2011-12-27,0.3222499489784241,0.3272922564763253,0.3213331484100543,0.3233959291971436,195712000
2011-12-28,0.3142279386520386,0.3229373896546134,0.31399873178790083,0.3222497963845108,233960000
2011-12-29,0.32018712162971497,0.32087471512542154,0.3128528547609239,0.31743677496920825,211112000
2011-12-30,0.3176659047603607,0.32247900341676067,0.3172074909930067,0.3190410640954837,186956000
2012-01-03,0.321791410446167,0.33004247505476725,0.3211038171750652,0.327750488376991,468044000
2012-01-04,0.3254585564136505,0.3268337430715963,0.31904106421375844,0.322020617091099,347372000
2012-01-05,0.3371475338935852,0.33875192730611414,0.3224789775716933,0.323854164118915,563548000
2012-01-06,0.3332512676715851,0.33714759381816484,0.3293549415250054,0.336918414234434,533252000
2012-01-09,0.3332512676715851,0.3396687604954129,0.3309593079003834,0.3334804745776315,508244000
2012-01-10,0.33187612891197205,0.3385228296038153,0.3295841688090577,0.33829362266459606,546328000
2012-01-11,0.3252294063568115,0.3318760787211345,0.32385421957410965,0.32889652557349075,484272000
2012-01-12,0.3231666386127472,0.32614619187499383,0.31606155216602966,0.3259170122839389,652364000
2012-01-13,0.3146863281726837,0.32156220629714405,0.31308196207477185,0.32087461302023584,504300000
2012-01-17,0.3098732829093933,0.3194995366376553,0.30941489638002795,0.3194995366376553,627176000
2012-01-18,0.32041624188423157,0.3229374082456441,0.31422795674167897,0.3158323229160723,632676000
2012-01-19,0.32889658212661743,0.32935499601455176,0.3197287415250538,0.3231666817506402,608312000
2012-01-20,0.3259170353412628,0.3323345288241944,0.32477105533796496,0.32843817495512695,546272000
2012-01-23,0.3348556160926819,0.3350848229864387,0.3220206311332122,0.32614616396463564,562792000
2012-01-24,0.3424191176891327,0.34379430452468684,0.3323345053027906,0.3325636848938386,730920000
2012-01-25,0.34035637974739075,0.3412731527965905,0.3236250393597952,0.3332512929879809,1274152000
2012-01-26,0.3371475338935852,0.34929495130865174,0.3353139882603707,0.3453985985322939,799672000
2012-01-27,0.34173154830932617,0.34356509430935434,0.33233450210875864,0.33508484843111713,449996000
2012-01-30,0.3392103910446167,0.34081475750058415,0.3307301176073428,0.33577245121512195,399076000
2012-01-31,0.3385227620601654,0.34035633524111764,0.33256365605264915,0.3401271283476308,357900000
2012-02-01,0.34218984842300415,0.34608617367290534,0.33760592993551813,0.3424190279539928,428020000
2012-02-02,0.35502496361732483,0.35640012328341447,0.34058558220598734,0.34402354967701027,696236000
2012-02-03,0.36258840560913086,0.36556795894115757,0.3596088522771041,0.3602964457110052,495232000
2012-02-06,0.3598380982875824,0.36121325798246073,0.3566293376882261,0.3607548714175013,278868000
2012-02-07,0.36075496673583984,0.36281772048433625,0.35433747116382264,0.3602965800497659,410296000
2012-02-08,0.3738189935684204,0.3809240522522427,0.3589212281809854,0.36075480140730926,847612000
2012-02-09,0.3735896944999695,0.3804655719105823,0.37290210129444656,0.37840281961632166,561944000
2012-02-10,0.3644219934940338,0.37129787346203186,0.36235921311024344,0.36992268653950494,440268000
2012-02-13,0.37015190720558167,0.3749650342907472,0.36258843349560127,0.3735898473171801,610668000
2012-02-14,0.3722147047519684,0.37542346563235074,0.3669431904874508,0.37015195136783313,453756000
2012-02-15,0.3706103265285492,0.38734166933797387,0.36969355334664833,0.3756526609959689,1110856000
2012-02-16,0.37702783942222595,0.3800073933942993,0.34379438643811333,0.3451695736013235,1888588000
2012-02-17,0.3632758855819702,0.37977798622995074,0.35983794680854475,0.3772568475228239,1020360000
2012-02-21,0.3651095926761627,0.3740482258456914,0.3623592187880135,0.36304681226005087,518176000
2012-02-22,0.36258840560913086,0.372214631716795,0.36213001909396914,0.363275999043032,492432000
2012-02-23,0.3646511435508728,0.3667139237675103,0.3575460572307592,0.36327598406209716,323968000
2012-02-24,0.36190077662467957,0.36625551639673,0.3602964103180566,0.36579710260428244,366668000
2012-02-27,0.3545665442943573,0.3589212571513421,0.34952421068439543,0.35731689069468014,745268000
2012-02-28,0.3513578176498413,0.35869211184831107,0.34769067055060643,0.35456657819225174,699884000
2012-02-29,0.34723228216171265,0.3584629030174146,0.34700310254566946,0.3525037958431793,689196000
2012-03-01,0.3495241701602936,0.35364970294361897,0.34723221053870323,0.34860739724058304,449944000
2012-03-02,0.35250377655029297,0.35754608301742646,0.3483782431417954,0.3483782431417954,684076000
2012-03-05,0.3405855894088745,0.3506702304517381,0.3380644496398987,0.3499826369429919,514848000
2012-03-06,0.33737674355506897,0.3394394960706868,0.3314176382308003,0.33668915027575935,471400000
2012-03-07,0.33943966031074524,0.34081484753475766,0.3346265596713503,0.33921048065495935,441984000
2012-03-08,0.3405855894088745,0.3440235569526054,0.3385228362049561,0.34035640978750586,430852000
2012-03-09,0.3396686911582947,0.34402343022802734,0.3378351182511604,0.34150226406542894,367836000
2012-03-12,0.33439716696739197,0.3433358243142494,0.33348039420878,0.34104386509541046,299948000
2012-03-13,0.33898112177848816,0.34081469481476756,0.33416799597354374,0.3357723894567332,553288000
2012-03-14,0.32935506105422974,0.33966888376772,0.3282090807527308,0.3389812901223555,735708000
2012-03-15,0.3341681957244873,0.3360017698567961,0.32912588735238435,0.33027186776978634,382380000
2012-03-16,0.3346264064311981,0.3360015657031404,0.3325636265398172,0.3343971995580519,428340000
2012-03-19,0.33554309606552124,0.33806426175564175,0.33393873031831045,0.33645989600843096,405400000
2012-03-20,0.3300425708293915,0.33370969046890664,0.3270630173381914,0.33370969046890664,449616000
2012-03-21,0.33141764998435974,0.3343972027521624,0.3263753446277847,0.3300424906992822,467840000
2012-03-22,0.33095940947532654,0.333709756580416,0.32797985539384455,0.3288966286547664,425372000
2012-03-23,0.3334805369377136,0.3343973100887025,0.32775060911591064,0.3300425966380243,315456000
2012-03-26,0.33737674355506897,0.3389811096585841,0.33348041806872913,0.33668915027575935,288600000
2012-03-27,0.3396686911582947,0.3437942233687693,0.3380643251104185,0.3387519183658826,419968000
2012-03-28,0.347461462020874,0.35204538185232703,0.34150235531105816,0.34402352214728427,892448000
2012-03-29,0.3490658104419708,0.35181615673411737,0.3426483175454183,0.34700305755343996,372700000
2012-03-30,0.35296210646629333,0.35502488650084174,0.3470030278963297,0.35204533355470313,527240000
2012-04-02,0.3513578176498413,0.3550249647490762,0.34631551088013307,0.35204541114623783,407776000
2012-04-03,0.3456278443336487,0.3543372963618077,0.34379427117156564,0.3538789099018654,430476000
2012-04-04,0.33577242493629456,0.34471105686448267,0.3337096448066485,0.3403563443501992,495896000
2012-04-05,0.3353141248226166,0.3403564320121415,0.3341681173516607,0.3362308980125949,369424000
2012-04-09,0.33095940947532654,0.33210538971264086,0.3245419146819017,0.3300426362144047,365504000
2012-04-10,0.32454177737236023,0.33416800182860107,0.32293741118337216,0.32958408281874235,470360000
2012-04-11,0.3286673426628113,0.3357724287642915,0.32775054237618934,0.32889652224273036,372960000
2012-04-12,0.3364599645137787,0.3382935101283095,0.3277504862332047,0.3291256727664133,384868000
2012-04-13,0.32454177737236023,0.3353140089033782,0.3243125704929423,0.3334804358349722,311324000
2012-04-16,0.3206455111503601,0.32775057054006873,0.31537399784682296,0.326833797496983,463468000
2012-04-17,0.32133305072784424,0.3254585837255763,0.32018707085749176,0.32156225763084084,460696000
2012-04-18,0.3178950846195221,0.3208746374985492,0.3139987588495541,0.3192702712782463,400764000
2012-04-19,0.31308192014694214,0.32568769502029143,0.31147752694157915,0.3137694860094608,667188000
2012-04-20,0.30689364671707153,0.3158323045794068,0.30620605344730567,0.31491550444561545,509592000
2012-04-23,0.3032265305519104,0.3046017172262521,0.2958922653741523,0.3016221643133873,706244000
2012-04-24,0.2938295602798462,0.3066645754274924,0.2922251936322605,0.30414340832248615,730440000
2012-04-25,0.29978856444358826,0.30208052381481165,0.29268347946387147,0.2981841983481941,727112000
2012-04-26,0.3000178337097168,0.30253900047135907,0.29749666694807453,0.29955944720459543,539208000
2012-04-27,0.2974966764450073,0.3013930301687128,0.2942879434844095,0.299559456767378,475356000
2012-04-30,0.29795506596565247,0.29955945978442766,0.2938295326016777,0.29589231294482393,262268000
2012-05-01,0.3032265305519104,0.30643529035127,0.29635065182482845,0.29635065182482845,408680000
2012-05-02,0.29451704025268555,0.30322649096782794,0.2929126742236011,0.30208051132958047,684008000
2012-05-03,0.28947481513023376,0.29703828829272233,0.28764124173897637,0.29520471490146494,419536000
2012-05-04,0.2809945344924927,0.28924560088296725,0.2809945344924927,0.2876412344521296,545092000
2012-05-07,0.28580766916275024,0.2908500028336666,0.28351570924772185,0.28603687608318,604440000
2012-05-08,0.28557851910591125,0.2874120653697487,0.27824422476128063,0.28328653163147405,462312000
2012-05-09,0.2867244482040405,0.2890164079486605,0.27778578880663335,0.2805361350357143,520608000
2012-05-10,0.28466159105300903,0.2899331025044038,0.28007767280350193,0.2894747161439147,597092000
2012-05-11,0.3027682304382324,0.31354046537364144,0.30162225032359924,0.3082689513818645,1435140000
2012-05-14,0.3009346127510071,0.3055185325387203,0.29405873306943725,0.30024701931838665,437472000
2012-05-15,0.29795506596565247,0.3075813195890328,0.2965799063925394,0.3009346193575408,599940000
2012-05-16,0.2919960021972656,0.30185143595134434,0.2910792017769332,0.2984134958503159,470484000
2012-05-17,0.2899331748485565,0.29589228098875564,0.2899331748485565,0.2931419348172464,335364000
2012-05-18,0.2768689692020416,0.2919959407125735,0.2754938098445849,0.2906207540328033,567288000
2012-05-21,0.2816821336746216,0.2830573205419392,0.27549384741632654,0.2773274207986443,416260000
2012-05-22,0.2782441973686218,0.28191134417991287,0.27411866403649876,0.2814529576590809,410140000
2012-05-23,0.28512004017829895,0.28557845396200876,0.27113907551068434,0.275264608307875,496000000
2012-05-24,0.27755656838417053,0.2871828207005565,0.2754938156434101,0.28672443423842237,520420000
2012-05-25,0.2842032015323639,0.28649516063163233,0.2773273242345586,0.2773273242345586,391752000
2012-05-29,0.29153749346733093,0.29337106638908034,0.28764116808505735,0.28878714774586195,310000000
2012-05-30,0.2880996763706207,0.2903916366618846,0.28305736919430463,0.28832888332867584,379792000
2012-05-31,0.2848908603191376,0.28924557268144224,0.28122371398707074,0.2880995928679606,358192000
2012-06-01,0.2745771110057831,0.2816821992709834,0.2741187243840367,0.27893185221818195,440984000
2012-06-04,0.26884710788726807,0.2775565596840713,0.2665551483261258,0.2759521934557343,432856000
2012-06-05,0.27663975954055786,0.2773273528056378,0.2674719221989865,0.2674719221989865,365224000
2012-06-06,0.2839739918708801,0.28466158505828765,0.2766397282905834,0.27870248053049873,368968000
2012-06-07,0.272514283657074,0.28970400955147835,0.2722850767471863,0.28809961582689725,526780000
2012-06-08,0.2777858376502991,0.2787026107804191,0.2729727104113687,0.2734310969764287,370308000
2012-06-11,0.2809945344924927,0.29176676764736686,0.28030696839521696,0.28672446144088426,839080000
2012-06-12,0.2867244482040405,0.28947479443312146,0.28374489507157147,0.2842032815560324,496128000
2012-06-13,0.2791609466075897,0.287182804881153,0.2777857599746253,0.2864952115646708,494276000
2012-06-14,0.2757229804992676,0.28099449283827854,0.2729726345509222,0.2787025333276053,589884000
2012-06-15,0.2816821336746216,0.2819113405932802,0.27526464049766786,0.2777858073136445,385288000
2012-06-18,0.2842032015323639,0.28649516063163233,0.2773273242345586,0.279619283333827,304424000
2012-06-19,0.30345579981803894,0.30781054030042404,0.29451713924197626,0.2958923261990071,960476000
2012-06-20,0.30826887488365173,0.31399877403491927,0.3046017284979148,0.30643530169078326,972720000
2012-06-21,0.29428789019584656,0.308039647232264,0.2936002968795632,0.308039647232264,516376000
2012-06-22,0.29795506596565247,0.3013930332042295,0.2938295326016777,0.29795506596565247,865360000
2012-06-25,0.2885579764842987,0.2991010015933227,0.2874119966821141,0.2981842286805005,494616000
2012-06-26,0.29176685214042664,0.2938296056742419,0.28603695085502373,0.29016248524497873,437152000
2012-06-27,0.3011638820171356,0.3032266354197169,0.2919960405437562,0.2919960405437562,506064000
2012-06-28,0.30345579981803894,0.3052893733199738,0.2958923261990071,0.29841349317945737,545896000
2012-06-29,0.31674906611442566,0.3174366593597128,0.3103315746955951,0.31056078155146066,616508000
2012-07-02,0.30826887488365173,0.3185826933559333,0.3057477083281683,0.3183535137832712,581684000
2012-07-03,0.3162907361984253,0.31697832956648164,0.30803967042637864,0.30826887732316893,219284000
2012-07-05,0.31308192014694214,0.31560305872822764,0.3082687951754677,0.314227899680883,280076000
2012-07-06,0.3071229159832001,0.3117068356165989,0.30368497625815094,0.31079003529652943,382760000
2012-07-09,0.30299729108810425,0.3066644366131808,0.3004761251243256,0.30528925021070014,306336000
2012-07-10,0.2938295602798462,0.30872732864262825,0.29153760011977514,0.29978866762495904,512028000
2012-07-11,0.28901639580726624,0.2984134412943705,0.2876412090893388,0.29474629492810683,485216000
2012-07-12,0.2842032015323639,0.28626595379278247,0.28168203559424554,0.2858075674373903,472160000
2012-07-13,0.2878704071044922,0.2892455664576922,0.282598894611442,0.28443246773802205,324260000
2012-07-16,0.288787305355072,0.2910792659275468,0.28328658358773745,0.28603695813256735,334460000
2012-07-17,0.2835157811641693,0.29130846324534343,0.27870265319278753,0.2897040963623243,447476000
2012-07-18,0.2993302345275879,0.3034557676388803,0.2814529425935312,0.282828102082418,616008000
2012-07-19,0.3023097813129425,0.3062061074321328,0.29933022816686217,0.3013930083398326,403036000
2012-07-20,0.29360026121139526,0.30253891859253706,0.290391501899328,0.3004761388942847,451000000
2012-07-23,0.2974966764450073,0.299559456767378,0.282598936957928,0.2858076699185258,451584000
2012-07-24,0.29428789019584656,0.29978858208148856,0.2908499509367422,0.29795500901217037,351164000
2012-07-25,0.3000178337097168,0.30299738697648043,0.2919959742419852,0.29337113375734925,415044000
2012-07-26,0.3013930022716522,0.3089564747756317,0.2991010152403929,0.3055185078899002,338440000
2012-07-27,0.308956503868103,0.3098732769090815,0.30024702336722,0.30253901061430116,376516000
2012-07-30,0.3055185079574585,0.3128528008855543,0.30299736867045113,0.3089564748439502,363552000
2012-07-31,0.3103317320346832,0.31468647324782845,0.3050602175778882,0.3055186041997131,387788000
2012-08-01,0.30689364671707153,0.31514471130964095,0.30551846017753975,0.3121651586888625,335912000
2012-08-02,0.30803969502449036,0.3126236147478227,0.30024701510143537,0.30528934865495433,367912000
2012-08-03,0.3144572079181671,0.3176659683201003,0.3055185475009801,0.3128528413783597,326548000
2012-08-06,0.32110390067100525,0.32270826717254886,0.31697836729395173,0.31743675381977593,360324000
2012-08-07,0.32431259751319885,0.32775053705702645,0.32247902429202785,0.32500019088642734,407340000
2012-08-08,0.3261462450027466,0.3295841853294446,0.3231666912551441,0.32408349173565615,517064000
2012-08-09,0.3371475338935852,0.33783512716719605,0.32614612348274397,0.3266045098910476,822300000
2012-08-10,0.3350847661495209,0.3488365217068233,0.3307300271629894,0.34608617605982467,1278744000
2012-08-13,0.33943966031074524,0.3396688672888554,0.33416814571513004,0.3355433329391424,447244000
2012-08-14,0.33439716696739197,0.34104386509541046,0.33302198050716497,0.3405854513937954,388828000
2012-08-15,0.33187612891197205,0.33829362266459606,0.330271762304396,0.3355432760055628,594404000
2012-08-16,0.33875200152397156,0.3398979814569611,0.3337096679609642,0.3348556478939537,371008000
2012-08-17,0.33577242493629456,0.33875197801979556,0.33279287185279355,0.33875197801979556,309864000
2012-08-20,0.33577242493629456,0.33623081141322203,0.3307300917231475,0.33462644508281836,314392000
2012-08-21,0.3348556160926819,0.3389811489241053,0.33141767662021476,0.3369183961695507,340248000
2012-08-22,0.33554309606552124,0.33691828231873333,0.3316467714444936,0.33279275088140203,313556000
2012-08-23,0.32797971367836,0.3350847990086294,0.3266045270588523,0.334855592131274,379040000
2012-08-24,0.3346264064311981,0.3362307725762866,0.3272921143582593,0.32797970765538625,347724000
2012-08-27,0.32889658212661743,0.3353141033344962,0.32866740250497045,0.3343973028809477,340944000
2012-08-28,0.32752132415771484,0.3307300564765609,0.32568775112309767,0.3263753444263681,310764000
2012-08-29,0.3282089829444885,0.3302717359435436,0.3266045891426485,0.32729218258310605,250412000
2012-08-30,0.32202062010765076,0.3286673192535682,0.320416253873227,0.3275213394686493,307488000
2012-08-31,0.32156234979629517,0.32660465720659754,0.3183536161685545,0.3243126968089762,485064000
2012-09-04,0.30437248945236206,0.3174366799951455,0.30139296406627886,0.3162907002859408,694452000
2012-09-05,0.30528929829597473,0.30987321726316697,0.30208053862555284,0.305518477850947,480256000
2012-09-06,0.3146863281726837,0.3229373928509605,0.30735203631541064,0.307581243181817,657296000
2012-09-07,0.3071229159832001,0.30918566888930304,0.2968090694857365,0.30666452948432343,781064000
2012-09-10,0.30437248945236206,0.31078998128837104,0.3036849234846884,0.3064352693223175,371108000
2012-09-11,0.30803969502449036,0.312852821662916,0.30299738879328814,0.30414336872412123,382808000
2012-09-12,0.3114776313304901,0.3130820250735512,0.3075813050737342,0.3105608583250122,322608000
2012-09-13,0.31354039907455444,0.31537397233471703,0.3075812928096048,0.31422799246240485,433836000
2012-09-14,0.3172075152397156,0.32270823496761053,0.3133111891755702,0.3133111891755702,339468000
2012-09-17,0.3084981441497803,0.3178951924189044,0.30506020365946496,0.3178951924189044,493348000
2012-09-18,0.31056082248687744,0.3142279687302403,0.30483092355806873,0.3050601031218331,359952000
2012-09-19,0.3142279386520386,0.31858265049217066,0.30758124013746097,0.3112483860298011,451936000
2012-09-20,0.3119359612464905,0.31514472082821116,0.3094148222776151,0.31354035469850655,320596000
2012-09-21,0.3133111894130707,0.31514476265709224,0.31124843658999335,0.31239441645221744,340136000
2012-09-24,0.31308192014694214,0.313540306496057,0.3078104088263528,0.3082687951754677,357832000
2012-09-25,0.3073521554470062,0.3185827771300697,0.3068937688588309,0.3172075900432223,481544000
2012-09-26,0.30208051204681396,0.30643525107587954,0.2984133935891012,0.30620604421876196,436812000
2012-09-27,0.30437248945236206,0.30483090319389317,0.3002469570347626,0.3027681233239377,558888000
2012-09-28,0.30574771761894226,0.3101024574996219,0.2991010180081096,0.30299737140722177,485508000
2012-10-01,0.3007054626941681,0.30895653005150464,0.2995594826346669,0.30712295649183874,504236000
2012-10-02,0.3018514811992645,0.30276825443470323,0.29841354058288444,0.30276825443470323,295492000
2012-10-03,0.298871785402298,0.30345570404931954,0.2972674193403025,0.30253893124883935,430872000
2012-10-04,0.3121652603149414,0.31399883385713745,0.297955085854662,0.2995594797805332,502608000
2012-10-05,0.3048308789730072,0.3162906751544961,0.3036848993548583,0.3130819431526029,483068000
2012-10-08,0.3018514811992645,0.3050602148456233,0.29955952078834447,0.30368505499246523,240596000
2012-10-09,0.2954338788986206,0.3023097576251241,0.29451707867503213,0.30139298472384896,366360000
2012-10-10,0.29039156436920166,0.29543389761255595,0.2892455845088603,0.2940587108512202,326568000
2012-10-11,0.2919960021972656,0.29405875532895503,0.28970404212991335,0.2931419822309418,320516000
2012-10-12,0.28947481513023376,0.2922251615559613,0.28764124173897637,0.28993320164746883,260696000
2012-10-15,0.29314208030700684,0.29337125999702685,0.2864953774945172,0.28993331874577205,249580000
2012-10-16,0.3016221821308136,0.3025389824086364,0.292912729764229,0.29566307595306757,367696000
2012-10-17,0.2993302345275879,0.3007054213387907,0.29497549450698957,0.29795504771638504,391752000
2012-10-18,0.2947463095188141,0.2986426356494011,0.293600329637917,0.2986426356494011,254772000
2012-10-19,0.27755656838417053,0.29245433332088355,0.27595220210554416,0.29039155325780913,709412000
2012-10-22,0.27434784173965454,0.28030694784277027,0.2720558820572738,0.2787025542072521,480840000
2012-10-23,0.28259894251823425,0.2844325159556457,0.2711391153649921,0.2718267088193111,573948000
2012-10-24,0.27893179655075073,0.28557849686769865,0.2761814500468459,0.2844325168808785,332916000
2012-10-25,0.2791609466075897,0.28420325205793845,0.27801496685422356,0.28122369923472385,307356000
2012-10-26,0.2761814594268799,0.2812237660756785,0.2761814594268799,0.27961939950410425,389376000
2012-10-31,0.2745771110057831,0.27961944581196324,0.27388954473432536,0.27732748538090807,347112000
2012-11-01,0.2876411974430084,0.28787040432748734,0.2757229858963662,0.27595219278084515,473220000
2012-11-02,0.2862660884857178,0.2910792157877607,0.2844325422014352,0.29062082921669,256700000
2012-11-05,0.29841339588165283,0.2995593755314251,0.28557841287527913,0.28557841287527913,444840000
2012-11-06,0.29818418622016907,0.2991009590024462,0.29314188127302515,0.2991009590024462,350804000
2012-11-07,0.28901639580726624,0.29772584793540674,0.2876412090893388,0.2958922747522749,324620000
2012-11-08,0.2906208634376526,0.2997887052278718,0.28993326983892137,0.29222523028647623,839024000
2012-11-09,0.2793901562690735,0.29566308144920067,0.27847338329652355,0.29222514181866527,846280000
2012-11-12,0.27320197224617004,0.28099462738483283,0.2704515976585708,0.279848647080775,643624000
2012-11-13,0.27113908529281616,0.27801499175107836,0.2709099057150069,0.2718266786708739,492120000
2012-11-14,0.264492392539978,0.275493803768563,0.2642631856576337,0.27274345779199494,619300000
2012-11-15,0.2656383216381073,0.2729725852840914,0.26380474889603434,0.26609670799304863,466688000
2012-11-16,0.2608252465724945,0.26655514541272335,0.2555537341750214,0.26563837252721184,624552000
2012-11-19,0.2681594491004944,0.2690762490945611,0.2624295515962265,0.26563831059200044,404092000
2012-11-20,0.2650454044342041,0.2682748381399656,0.2622772869737411,0.26712146503096734,336976000
2012-11-21,0.2726578414440155,0.2733498437394436,0.2648148829426868,0.2650455687068969,422312000
2012-11-23,0.27450308203697205,0.2777325158263749,0.27242699388785474,0.27381105265393296,276932000
2012-11-26,0.27934730052948,0.2800393300805014,0.2745031486695125,0.2749644925373297,364600000
2012-11-27,0.2805006504058838,0.2846527998649311,0.2758871571177399,0.27819390376181186,451404000
2012-11-28,0.2828074097633362,0.2841914688114342,0.2758871695200265,0.2793472896416814,398332000
2012-11-29,0.2777325510978699,0.28465279080994854,0.27680986346902803,0.2832687593666857,488688000
2012-11-30,0.27611783146858215,0.27957795129292323,0.27450311438360725,0.27750186289916584,460504000
2012-12-03,0.27104291319847107,0.2795778957346268,0.27035091136998923,0.2795778957346268,391380000
2012-12-04,0.27911657094955444,0.2795779146993644,0.2698895584604342,0.2715043028326455,528068000
2012-12-05,0.275887131690979,0.27865522190903025,0.2719656682571909,0.27680984676272047,633024000
2012-12-06,0.2763485312461853,0.278193934263494,0.2742724700383331,0.2751951577976914,412896000
2012-12-07,0.275887131690979,0.27796321997845735,0.2726576976863503,0.2765791611201385,338288000
2012-12-10,0.2851141691207886,0.2871902577847544,0.2751951521669738,0.27588718172162907,513644000
2012-12-11,0.291803777217865,0.29549458350244945,0.28534487996913915,0.286036909584823,816724000
2012-12-12,0.2888049781322479,0.2943411871294103,0.28765160469516304,0.2927264698172099,399404000
2012-12-13,0.2890356779098511,0.2945718596783155,0.2862675870256189,0.2883436483141447,377556000
2012-12-14,0.29041963815689087,0.29341841400149776,0.28811289173774507,0.29018898001412813,338660000
2012-12-17,0.28926628828048706,0.2913423767243343,0.28488348073001285,0.2897276596004011,445232000
2012-12-18,0.28972768783569336,0.292957122398283,0.28834362873824565,0.2892663164708166,416436000
2012-12-19,0.291803777217865,0.2952638977976902,0.29065040369125655,0.291803777217865,458544000
2012-12-20,0.29157304763793945,0.2931877646802081,0.28834358605481497,0.29295707903191803,334332000
2012-12-21,0.2848833501338959,0.2876514392914905,0.2816538898678888,0.2876514392914905,462172000
2012-12-24,0.28257670998573303,0.2855754858160612,0.2816539949233164,0.28465277075364454,127376000
2012-12-26,0.28234604001045227,0.2864981892752288,0.28119266674238036,0.28188469620294104,196740000
2012-12-27,0.2805006504058838,0.28326876837764137,0.2772712161036187,0.2828073970499557,299804000
2012-12-28,0.27911657094955444,0.2834993778206253,0.2775018265773432,0.2779631978257375,220600000
2012-12-31,0.2828074097633362,0.2839607831372211,0.2775018867437474,0.27819391626779644,326460000
2013-01-02,0.2934184670448303,0.29364915272788217,0.2885743151880643,0.2897276886061407,478836000
2013-01-03,0.29364919662475586,0.29687863167869327,0.290189075853282,0.29341851090721943,298888000
2013-01-04,0.3033374845981598,0.3042601722515415,0.29318778291801634,0.294110470571398,524968000
2013-01-07,0.29457181692123413,0.3040294891930562,0.2924957559340484,0.3031068015317713,610732000
2013-01-08,0.28811293840408325,0.296186579677387,0.286036877290022,0.29526386446112246,466424000
2013-01-09,0.28165408968925476,0.29180379379931143,0.27980871394069495,0.29041973448929603,695020000
2013-01-10,0.2821153402328491,0.2855754595265608,0.28050059589691667,0.28419140080964267,506368000
2013-01-11,0.28165408968925476,0.28349949293641014,0.27888599856781954,0.28326883471713793,513172000
2013-01-14,0.2814234793186188,0.2834995411380259,0.27819401621236306,0.2834995411380259,305684000
2013-01-15,0.2763485312461853,0.2800393372808026,0.27473381391801227,0.2800393372808026,375888000
2013-01-16,0.27888593077659607,0.28119267740017045,0.2758871546662316,0.2758871546662316,337376000
2013-01-17,0.28257670998573303,0.28373008318981413,0.27911659037348974,0.27980861979565563,580736000
2013-01-18,0.28073132038116455,0.2825767230930103,0.27727120060842414,0.2825767230930103,397088000
2013-01-22,0.27934730052948,0.2830381064692002,0.2779632689260284,0.2805006739483186,308224000
2013-01-23,0.27980872988700867,0.2805007320828581,0.2768099528768052,0.28027007385044067,421808000
2013-01-24,0.28119271993637085,0.2823460934226296,0.2775019137809057,0.2788859729638534,396980000
2013-01-25,0.28626757860183716,0.2864982367945564,0.28027002561365855,0.2816540572657512,393920000
2013-01-28,0.29088109731674194,0.2927265005092847,0.28695960522061553,0.2876516348551434,422492000
2013-01-29,0.2846527397632599,0.2904196051558219,0.2834993666847475,0.28972760330758107,388872000
2013-01-30,0.2841913402080536,0.2888048316158781,0.28326865292591985,0.2848833694189428,287592000
2013-01-31,0.2828074097633362,0.2874209307574663,0.28096203436399253,0.2841914688114342,470544000
2013-02-01,0.28534483909606934,0.2862675542843418,0.2828074067015575,0.2851141534243537,288816000
2013-02-04,0.2805006504058838,0.28949697881691777,0.28026999224063004,0.28373011220673794,511744000
2013-02-05,0.2869594693183899,0.2885742135337537,0.2809619461562591,0.28188463356625404,367296000
2013-02-06,0.2846527397632599,0.2869594859202847,0.27842453063900957,0.28003924744921027,530688000
2013-02-07,0.2834995687007904,0.2860370022810747,0.28073147683959115,0.2837302544803082,440000000
2013-02-08,0.28534483909606934,0.2876515858188655,0.2834994362181144,0.28534483909606934,307232000
2013-02-11,0.28857421875,0.2915729941345619,0.2848834140461419,0.2876515038247444,408308000
2013-02-12,0.2867288291454315,0.28995826278094455,0.2855754560615221,0.2860367997953692,277804000
2013-02-13,0.28534483909606934,0.2922650792644579,0.2844221514063869,0.2869595563023087,856396000
2013-02-14,0.29364919662475586,0.2938798823422923,0.2779633102943552,0.2814234310658291,882096000
2013-02-15,0.29364919662475586,0.2950332559327836,0.2871902990182855,0.292957166970742,733860000
2013-02-19,0.28972768783569336,0.2941104958132923,0.28788228487196016,0.2938798376294452,433552000
2013-02-20,0.2855755090713501,0.29526383927486455,0.28465279393379395,0.29065034608284923,713012000
2013-02-21,0.2834995687007904,0.2883437500818412,0.28280753886083987,0.2851142866616064,580408000
2013-02-22,0.2888049781322479,0.2890356638191016,0.2837301405087929,0.28534485782099334,370148000
2013-02-25,0.283730149269104,0.2918037635779749,0.2832688053797442,0.2894970166325832,644444000
2013-02-26,0.28709542751312256,0.288720050997138,0.28338197869197845,0.2843103547309113,487504000
2013-02-27,0.292433500289917,0.2945223256304145,0.28639915286264916,0.2870954279761483,476980000
2013-02-28,0.29382598400115967,0.29823567927623995,0.2903446368890581,0.2915050859264253,591392000
2013-03-01,0.29498645663261414,0.29591480486984556,0.28918421098169356,0.29173718246772484,389396000
2013-03-04,0.29382598400115967,0.2966110561573834,0.2905767100961591,0.29289760817089344,353680000
2013-03-05,0.29707515239715576,0.297539326357019,0.29405798015712425,0.2954505297039942,366168000
2013-03-06,0.2968432903289795,0.30171716187415676,0.29545073979190034,0.29893208846729835,342928000
2013-03-07,0.2961468994617462,0.3014849708804741,0.29452227624751315,0.2984677976727332,314824000
2013-03-08,0.29753950238227844,0.2989320527529854,0.29545070449351457,0.29684325486422153,246464000
2013-03-11,0.29475435614585876,0.2959148052776421,0.2922013569890196,0.2945222829198759,299748000
2013-03-12,0.29568275809288025,0.296611106413152,0.29150513531707295,0.29429020794518046,310856000
2013-03-13,0.29568275809288025,0.3007887291889594,0.2928976577974806,0.29568275809288025,485840000
2013-03-14,0.29591482877731323,0.2984678281368953,0.29405810448555275,0.29753945215736916,383304000
2013-03-15,0.2933618426322937,0.29591481419880955,0.2922013657982349,0.29591481419880955,355776000
2013-03-18,0.2912730872631073,0.2940581603966452,0.2891842893297782,0.2915051882189426,298312000
2013-03-19,0.2894163429737091,0.29289769107115354,0.2873275451821605,0.291505168432553,355480000
2013-03-20,0.29289764165878296,0.2938260175951933,0.28964839504957346,0.2922013666232979,340588000
2013-03-21,0.28825584053993225,0.2917371879964599,0.28779166641251996,0.2912730138690476,339032000
2013-03-22,0.2896484434604645,0.2908088928244631,0.28802381988432546,0.2891842692483241,232476000
2013-03-25,0.28802382946014404,0.2915051776678829,0.285935003935123,0.29127307672044855,362076000
2013-03-26,0.29011261463165283,0.29034471556893776,0.28755961499069826,0.2887200643425331,232540000
2013-03-27,0.29359397292137146,0.29521859653711297,0.2882559001833957,0.28895217535222656,254944000
2013-03-28,0.29777151346206665,0.2980036143428991,0.29080881904455164,0.29289761630289085,349276000
2013-04-01,0.28802382946014404,0.29707532373334666,0.285935003935123,0.29707532373334666,442828000
2013-04-02,0.28500664234161377,0.2889521645950428,0.28314991784961924,0.288255889452133,371524000
2013-04-03,0.2815253436565399,0.2861671418667639,0.2794365178615593,0.2845424903593457,353156000
2013-04-04,0.28431031107902527,0.2852386593081295,0.27966851459892517,0.2805968628280294,294676000
2013-04-05,0.2891843318939209,0.2891843318939209,0.27943653299084437,0.2801328082935357,551352000
2013-04-08,0.28848791122436523,0.2894162593819653,0.28314984014994654,0.2894162593819653,326660000
2013-04-09,0.29312974214553833,0.2952185395817516,0.28663122126901064,0.2887200187052239,380584000
2013-04-10,0.29777151346206665,0.29823568755644336,0.2926655430893466,0.29336181806455575,384688000
2013-04-11,0.2963789999485016,0.2982357242215624,0.28547078288679545,0.29359392737255624,969220000
2013-04-12,0.3038058876991272,0.3070551343266049,0.29521854165868167,0.29777154091405045,770548000
2013-04-15,0.29753950238227844,0.30380595138316313,0.2956828054443979,0.3028775752469263,430420000
2013-04-16,0.3007887601852417,0.3028775579547499,0.29869993474843853,0.3003245859772727,468844000
2013-04-17,0.2968432903289795,0.3012529875842303,0.29498656550197394,0.2984679141773719,532948000
2013-04-18,0.29104092717170715,0.2993961725419455,0.29104092717170715,0.2975394482744157,402548000
2013-04-19,0.29173725843429565,0.2926656345805601,0.28709546070486386,0.29080890995532804,303028000
2013-04-22,0.29220134019851685,0.2947543392086553,0.2891841947630835,0.2915050928932864,245568000
2013-04-23,0.2998603582382202,0.3028775038850456,0.29429018573509413,0.29475435986019877,376948000
2013-04-24,0.31007224321365356,0.31262524193791247,0.30055655087845407,0.3007886517323994,556556000
2013-04-25,0.3126252293586731,0.3133215042252079,0.30891178184867707,0.31169688131481604,353224000
2013-04-26,0.31123286485671997,0.31262541541856986,0.3096082409794287,0.3121612411203867,324332000
2013-04-29,0.31494617462158203,0.3161066236850119,0.3103043783678625,0.3116969283108936,269712000
2013-04-30,0.3195880651473999,0.3195880651473999,0.31355371717063707,0.31564254270134556,276712000
2013-05-01,0.3168029487133026,0.3216768466167286,0.31564249946651474,0.319588021372135,341316000
2013-05-02,0.32051634788513184,0.3214446960723166,0.3147140748797183,0.3165707989213761,323480000
2013-05-03,0.3219088912010193,0.32422978948792835,0.32074844205756475,0.32260516622055,293864000
2013-05-06,0.32098057866096497,0.32376565138162594,0.3191238542914266,0.32190892701208756,217116000
2013-05-07,0.3168029487133026,0.3216768466167286,0.31378577513819567,0.3209805715351974,448068000
2013-05-08,0.3226052224636078,0.32446194695029473,0.3161067005938508,0.3172671499396183,334032000
2013-05-09,0.3228372037410736,0.32422972583948373,0.3163386842799727,0.31680285831277605,566800000
2013-05-10,0.337458997964859,0.338851548276719,0.32956792564314485,0.32956792564314485,861136000
2013-05-13,0.33049631118774414,0.33653065915524183,0.3291037608360766,0.3351381088035743,289812000
2013-05-14,0.3353702127933502,0.3381552858546518,0.33119258936774953,0.3344418366613854,454140000
2013-05-15,0.341172456741333,0.3423329061451894,0.33374555842281517,0.33374555842281517,313172000
2013-05-16,0.3395477533340454,0.3441895498589,0.3383872765355421,0.34070820246525907,308368000
2013-05-17,0.3451178967952728,0.34743879504894637,0.338619376151529,0.34117237529748573,312116000
2013-05-20,0.3444216847419739,0.34581423501563574,0.3425649602661896,0.3437254096051429,236380000
2013-05-21,0.3480373024940491,0.34943692611461347,0.34243886362744846,0.3464044268086096,357784000
2013-05-22,0.33590731024742126,0.3494369023646138,0.3345076867219844,0.3494369023646138,480404000
2013-05-23,0.3412725627422333,0.3424389066365829,0.33100871978725793,0.3319417837796048,393884000
2013-05-24,0.3391731083393097,0.3422056078589158,0.3354407969601283,0.33940638822844493,283304000
2013-05-28,0.3389398753643036,0.3426721872600904,0.3356741233113658,0.34173912319006083,279300000
2013-05-29,0.3368404805660248,0.33893988871017333,0.3354408565980355,0.3368404805660248,335052000
2013-05-30,0.3412725627422333,0.344771594425282,0.33544081546265353,0.33637390726283234,284504000
2013-05-31,0.33754032850265503,0.3443051135168623,0.33754032850265503,0.3394064847228,577508000
2013-06-03,0.3370736837387085,0.340572715054052,0.3300755933001924,0.3380067476330018,444468000
2013-06-04,0.33754032850265503,0.34523820553085394,0.33544089232705265,0.3391732047673425,363676000
2013-06-05,0.33030882477760315,0.33963957358462005,0.3293757332122065,0.33707363434738535,464520000
2013-06-06,0.3324083089828491,0.3349742766211141,0.3300756212418196,0.3303089011390551,341044000
2013-06-07,0.3370736837387085,0.339173091404783,0.3333413725458771,0.33474096838731715,274584000
2013-06-10,0.3368404805660248,0.33893988871017333,0.33427451256065627,0.3361406685820302,224148000
2013-06-11,0.33054205775260925,0.337073586552966,0.33054205775260925,0.33240818500315034,296336000
2013-06-12,0.32774290442466736,0.3349742469034538,0.32587674883583584,0.3321750274241209,312588000
2013-06-13,0.3352075219154358,0.3368403976040311,0.32634330385299587,0.3265765559183218,236256000
2013-06-14,0.3347409665584564,0.33684040202088966,0.3324082790276387,0.3363738700762919,236012000
2013-06-17,0.33800679445266724,0.34103929424091667,0.3354408266761871,0.3373069825310969,255336000
2013-06-18,0.33590731024742126,0.3433719041648227,0.3331080631965475,0.3396395933022087,486772000
2013-06-19,0.34617117047309875,0.3611003881454958,0.33777348379438604,0.33893982762155,1159588000
2013-06-20,0.3368404805660248,0.34383854479030046,0.3345077924912662,0.3433720127369158,628696000
2013-06-21,0.33637383580207825,0.33987286674177725,0.3307753696138642,0.33870652309521093,714228000
2013-06-24,0.3293757140636444,0.3356739913884846,0.32447708790944163,0.3314751491078656,580772000
2013-06-25,0.3317085802555084,0.333574708513448,0.3282095202522817,0.3328749243206387,457360000
2013-06-26,0.32984238862991333,0.33590738823786637,0.328442764779514,0.3354408284158446,579752000
2013-06-27,0.3268098533153534,0.3312419486803126,0.3233108218773867,0.3307754167168163,808036000
2013-06-28,0.3275095820426941,0.3307753327661513,0.32261092814968534,0.3268097703711467,431536000
2013-07-01,0.32890933752059937,0.3305422414842024,0.32680992929287606,0.32984242947234915,199524000
2013-07-02,0.3286760449409485,0.3335746728054125,0.3256435451346614,0.32704314117829414,256392000
2013-07-03,0.3296091556549072,0.3335747200519536,0.3258768433942536,0.3258768433942536,140388000
2013-07-05,0.332175076007843,0.3328748879319875,0.3284427642842943,0.3305422000567278,184684000
2013-07-08,0.33054205775260925,0.3347408718741477,0.3286759026942472,0.33310799662601376,262084000
2013-07-09,0.332175076007843,0.3342744839724436,0.33030892014606866,0.33124198417303935,157364000
2013-07-10,0.3366071283817291,0.33754022009604295,0.3312419413998702,0.332175033114184,208468000
2013-07-11,0.3412725627422333,0.34173909473840675,0.33777350325135264,0.3384733151495288,239832000
2013-07-12,0.3415057957172394,0.344771575123283,0.33940638794807804,0.34057273177712993,216360000
2013-07-15,0.3408060669898987,0.34220569104929865,0.33544087850598164,0.34220569104929865,201332000
2013-07-16,0.34267228841781616,0.3445384449166037,0.34057287973658174,0.3422057562450799,162560000
2013-07-17,0.3408060669898987,0.3438385672467072,0.33987300282219013,0.34267222313315293,166100000
2013-07-18,0.33940643072128296,0.34150583875501916,0.3349743069276354,0.34033949477898046,344488000
2013-07-19,0.332175076007843,0.338939859722963,0.32867604419495344,0.33730698377184776,480532000
2013-07-22,0.33194175362586975,0.33777347256786167,0.3305421577644893,0.33474097315646,292384000
2013-07-23,0.33147522807121277,0.3361406033148715,0.3298423522974982,0.3361406033148715,246792000
2013-07-24,0.33147522807121277,0.3354407914667567,0.3310086961084129,0.33450772754115693,284252000
2013-07-25,0.3326416015625,0.33707372512413564,0.32890928991142077,0.3312419777413872,243320000
2013-07-26,0.3312419056892395,0.33334134096423695,0.32867596631912216,0.32867596631912216,227360000
2013-07-29,0.33054205775260925,0.3347408718741477,0.32960896631951775,0.33054205775260925,179540000
2013-07-30,0.3361406624317169,0.3405727863773655,0.33147528636756146,0.33170856629390316,266076000
2013-07-31,0.3368404805660248,0.34010623274755264,0.33427451256065627,0.3345077924912662,270160000
2013-08-01,0.3415057957172394,0.3422056075762366,0.334041200772873,0.3380067642300836,277648000
2013-08-02,0.3443050682544708,0.34500488022100756,0.3384733482130556,0.3408060362296217,209628000
2013-08-05,0.3459378778934479,0.34710422158406806,0.3415057551843948,0.34337191065095257,185188000
2013-08-06,0.3408060669898987,0.3468710675035157,0.3401062549601987,0.3461712554738157,206608000
2013-08-07,0.340572714805603,0.344071746118394,0.3387065592105487,0.33893981128003736,244380000
2013-08-08,0.3429054319858551,0.34453830784472633,0.3384733085885402,0.34243889999872495,345696000
2013-08-09,0.33800679445266724,0.34313870219779474,0.32914257499772,0.32937582709968816,906224000
2013-08-12,0.3352075219154358,0.3401061489812218,0.3058156204815772,0.3242438684180917,257568000
2013-08-13,0.33637383580207825,0.3377734314932623,0.33357458880405827,0.33567402405257324,197468000
2013-08-14,0.3506033420562744,0.352702750111588,0.3354408424040987,0.3356741223248376,828508000
2013-08-15,0.3529358208179474,0.3557350391683144,0.3454712014732119,0.3468708245523042,723616000
2013-08-16,0.3543356657028198,0.3592342939304335,0.35153641779237194,0.3522362297699839,660456000
2013-08-19,0.34873729944229126,0.35340267691049426,0.34850401944574383,0.3522363325434435,393432000
2013-08-20,0.35049551725387573,0.352839966630982,0.3481510678767695,0.3486199521625825,234192000
2013-08-21,0.3488544225692749,0.3528399810840036,0.34744774170617426,0.3483855103162132,261540000
2013-08-22,0.3507298529148102,0.35401206973628546,0.3486198324312633,0.3486198324312633,129016000
2013-08-23,0.3507298529148102,0.35401206973628546,0.3500265127536279,0.3511987370395878,245120000
2013-08-26,0.35143324732780457,0.352371043744741,0.350026594624457,0.3509643630933554,300152000
2013-08-27,0.3469788134098053,0.3504954871736567,0.34580658882185483,0.34815103799775576,277464000
2013-08-28,0.3469788134098053,0.35026103107685114,0.3455721327250492,0.3476821537521833,318824000
2013-08-29,0.3462753891944885,0.34955763401456563,0.34486870885045096,0.34580650506248667,276216000
2013-08-30,0.3458065390586853,0.3474476476560451,0.3441654304613255,0.3465098792998494,378120000
2013-09-03,0.3460409939289093,0.3509643480496871,0.3439310009903113,0.3467443342244543,284680000
2013-09-04,0.3493233323097229,0.3514333258099674,0.3455722017003501,0.3460410860395106,222080000
2013-09-05,0.35026106238365173,0.3516677431941388,0.3476821848284804,0.34791661299820076,174904000
2013-09-06,0.3488544225692749,0.35237109677898415,0.3462755169696045,0.3504955316108641,226756000
2013-09-09,0.35471537709236145,0.35471537709236145,0.35072982047829976,0.35166758864112757,246408000
2013-09-10,0.3622177541255951,0.36245221023604046,0.3556532904615695,0.35729442733860617,292132000
2013-09-11,0.36831337213516235,0.3692511687272332,0.35917000208969885,0.3617489077828395,396164000
2013-09-12,0.36807888746261597,0.3727677858592798,0.36643775066535245,0.36643775066535245,303808000
2013-09-13,0.3704233467578888,0.3720644556518464,0.36667221675909445,0.3692511221267705,159696000
2013-09-16,0.370657742023468,0.3760499804377178,0.36925108935977496,0.3734711032469286,231412000
2013-09-17,0.37182995676994324,0.3748777460498316,0.3704233041432508,0.37206441284841024,168608000
2013-09-18,0.37511223554611206,0.3760500040474505,0.3701888810439879,0.37206444599470373,268168000
2013-09-19,0.37347111105918884,0.3774566689450782,0.3718299743284951,0.37675332862450056,227572000
2013-09-20,0.3701889216899872,0.37675338576423806,0.3694855812627385,0.3744089363054372,356036000
2013-09-23,0.36667221784591675,0.37300222528310967,0.36456219673482587,0.3699544356435605,271244000
2013-09-24,0.36807888746261597,0.3694855402127917,0.36479664181612786,0.36690666286345,229732000
2013-09-25,0.3685477375984192,0.3713610707863963,0.3657343764624057,0.367375513107759,233156000
2013-09-26,0.36737558245658875,0.3701889161756338,0.3652655612062737,0.3694855757588621,148816000
2013-09-27,0.3652655780315399,0.3676100275634104,0.3631555846320737,0.3645622375823702,151920000
2013-09-30,0.36479657888412476,0.3673754837366119,0.3594043410685825,0.3615143617518995,226640000
2013-10-01,0.3645622134208679,0.3669066907454002,0.36245222016124234,0.3652655538234235,226976000
2013-10-02,0.36432769894599915,0.3657343514698455,0.36081102571433155,0.36081102571433155,162036000
2013-10-03,0.3605765998363495,0.3678444029693869,0.35893549111380335,0.3645621575762578,436768000
2013-10-04,0.36549994349479675,0.36854773271977537,0.3591699089705965,0.3601077053195324,246228000
2013-10-07,0.36549994349479675,0.36807884851932543,0.36221769819557514,0.3640932629454109,169952000
2013-10-08,0.3624522089958191,0.3697200130182718,0.3596388754203033,0.3645622021904459,290712000
2013-10-09,0.3568253517150879,0.3650309484985246,0.35494981548255927,0.3647964924954447,275860000
2013-10-10,0.3608110547065735,0.36174882313115686,0.35682546903200224,0.35940437412166165,223484000
2013-10-11,0.35776329040527344,0.35963885533354223,0.35401216054873585,0.355184385135399,213704000
2013-10-14,0.3631555140018463,0.3631555140018463,0.35682547913849216,0.35682547913849216,166628000
2013-10-15,0.36127999424934387,0.3652655525862715,0.3610455381332724,0.36315555933379245,208820000
2013-10-16,0.36573439836502075,0.36714107901726895,0.3629210650085625,0.3633899492432992,210072000
2013-10-17,0.36643776297569275,0.36737555945535383,0.36292108906005355,0.36292108906005355,213324000
2013-10-18,0.370657742023468,0.37182996655056416,0.3643277351667562,0.36573438783044926,255068000
2013-10-21,0.3715955317020416,0.3753466333521729,0.3704233071961187,0.37511220521981037,195008000
2013-10-22,0.36972010135650635,0.3718300950552797,0.36643785477746826,0.37159566683766426,179452000
2013-10-23,0.3633899688720703,0.36901666383695486,0.36221774424789094,0.36901666383695486,252216000
2013-10-24,0.3608110547065735,0.3666721772303115,0.36010771441411754,0.36432772822081627,236436000
2013-10-25,0.35729432106018066,0.3629209865567943,0.35612209675271683,0.36268655846412073,330492000
2013-10-28,0.356591135263443,0.35846670055697133,0.3516677798614366,0.35682556345760646,394024000
2013-10-29,0.3570600152015686,0.35776335567148354,0.3528400003301228,0.3561222465403779,387952000
2013-10-30,0.3568253517150879,0.3598731400149882,0.35377756341518757,0.3582320318375119,204032000
2013-10-31,0.356122225522995,0.3598733278944216,0.35541888509458935,0.3572944502543237,293368000
2013-11-01,0.35776329040527344,0.35940439923699413,0.355184385135399,0.3579977185537829,206136000
2013-11-04,0.34744781255722046,0.35893563408700907,0.346744471982246,0.35893563408700907,410264000
2013-11-05,0.3469788134098053,0.3486199222433282,0.34158657471562537,0.3453377045762824,422368000
2013-11-06,0.3493233323097229,0.3495577884533253,0.3434622082001056,0.34697888266587595,198044000
2013-11-07,0.3411177396774292,0.34908885684613733,0.34041439923359196,0.34815108821971613,553076000
2013-11-08,0.36479657888412476,0.36596880328106723,0.3502609740036106,0.35166765445915527,734532000
2013-11-11,0.36784467101097107,0.36878244012203615,0.36268688500399876,0.363390197863269,297624000
2013-11-12,0.3685477375984192,0.37159552686374286,0.36432772384243534,0.36948550601173274,316032000
2013-11-13,0.37862899899482727,0.37862899899482727,0.3669067502124671,0.3676100627809722,332792000
2013-11-14,0.38026997447013855,0.38261442340192203,0.37722218526921286,0.3774566413416055,307980000
2013-11-15,0.3790978193283081,0.3821456090865706,0.3753466891722865,0.3816767248040781,450332000
2013-11-18,0.369954377412796,0.3741743910227084,0.36901660903194233,0.37089217374168515,316948000
2013-11-19,0.3639437258243561,0.3714865880132209,0.36347230220618937,0.36818659458665476,206716000
2013-11-20,0.35852229595184326,0.36512231112500393,0.3578151464512546,0.3641794357577524,204776000
2013-11-21,0.361350953578949,0.36205810325121035,0.35734380956867695,0.3589938067376823,213568000
2013-11-22,0.3578152060508728,0.36182234975579314,0.35710805643249754,0.36182234975579314,158668000
2013-11-25,0.36559373140335083,0.3660651550329497,0.35781514316707097,0.35781514316707097,248208000
2013-11-26,0.36865803599357605,0.3726651790904474,0.36724373697143303,0.3696008832754044,753176000
2013-11-27,0.3700723648071289,0.3712509380539916,0.3660651932882735,0.36842233978199895,181272000
2013-11-29,0.3677152097225189,0.3710152318484533,0.365358063103739,0.370072384440703,116964000
2013-12-02,0.37125083804130554,0.37384368162626586,0.36559367112072877,0.36630082049822527,373872000
2013-12-03,0.3710152208805084,0.3762009376686434,0.3686580743314104,0.37125094677517956,290560000
2013-12-04,0.3762008845806122,0.376908034065432,0.36912944593121255,0.3700723212774388,493176000
2013-12-05,0.3700723648071289,0.3769080783991716,0.36960091302886167,0.3769080783991716,271812000
2013-12-06,0.3646508455276489,0.37455085309841313,0.36370797026890195,0.37455085309841313,281000000
2013-12-09,0.35852229595184326,0.3658294606255926,0.3578151464512546,0.36465088749107816,385220000
2013-12-10,0.36677226424217224,0.3684222608142386,0.3580508297046241,0.3585222532824435,524268000
2013-12-11,0.36323660612106323,0.3679508988879482,0.3625294565861502,0.36747947523113994,414156000
2013-12-12,0.3561651110649109,0.36394369852917735,0.3554579616409963,0.36205797609853746,258724000
2013-12-13,0.3540436625480652,0.35946510399512777,0.3535722389655808,0.35687226024176527,184588000
2013-12-16,0.3545151650905609,0.35757946120830547,0.35404374140307787,0.354279467296521,237620000
2013-12-17,0.3561651110649109,0.3571079582305324,0.3512150931969058,0.354279388634271,274104000
2013-12-18,0.36111512780189514,0.36182227727862026,0.35239369252068325,0.35687228714034275,426232000
2013-12-19,0.36252936720848083,0.3630007907490647,0.35828649914443705,0.3606436449467509,258544000
2013-12-20,0.3698367774486542,0.3700725034260842,0.3622938833638505,0.36323675917415754,382080000
2013-12-23,0.3719579577445984,0.375022252967846,0.36889369062074573,0.3719579577445984,168568000
2013-12-24,0.37290093302726746,0.3740795062679593,0.36912948741729235,0.3740795062679593,79600000
2013-12-26,0.3693651556968689,0.3754937468323773,0.36842228039173014,0.37431517377550244,168920000
2013-12-27,0.371486634016037,0.37219378358055605,0.36912948753390856,0.3712509362274657,210976000
2013-12-30,0.37643659114837646,0.37667231699770115,0.37125087535781537,0.37172229895706677,248180000
2013-12-31,0.37761518359184265,0.37950090618510346,0.3747866137516511,0.3771437599683773,235776000
2014-01-02,0.3738436996936798,0.37667229734036844,0.37054370657173835,0.3752579985170241,260092000
2014-01-03,0.3693651556968689,0.37525802098124306,0.36818658263999404,0.37455087152723854,259332000
2014-01-06,0.37431520223617554,0.37714377216786293,0.36960088155082954,0.37313660099028884,409492000
2014-01-07,0.3804437816143036,0.38185808068886656,0.37549379105213604,0.37808663522296626,333288000
2014-01-08,0.3856295049190521,0.3875152275481599,0.38044376066415564,0.38185805966083647,308192000
2014-01-09,0.37125083804130554,0.38044369565057456,0.37007226511194313,0.37973654627307807,292172000
2014-01-10,0.3707793951034546,0.3750222633687469,0.3674794020634471,0.3724294197228541,218492000
2014-01-13,0.3620580732822418,0.3731366568992961,0.361350923668514,0.3707795102531397,243332000
2014-01-14,0.37337231636047363,0.37407946584836116,0.3622937066155008,0.36394373145370496,241828000
2014-01-15,0.37737953662872314,0.37879383589420457,0.37337239284239954,0.375022389919191,175044000
2014-01-16,0.37855803966522217,0.3792651891666078,0.3757294697590798,0.37737946652937954,220652000
2014-01-17,0.37690818309783936,0.38303677692370547,0.3745510359493386,0.37855818048190776,340400000
2014-01-21,0.37832239270210266,0.38067953929032605,0.37431524912200365,0.377379517207171,246076000
2014-01-22,0.3778509199619293,0.3795009167396469,0.3733723251659529,0.3790294931030705,337940000
2014-01-23,0.37643659114837646,0.3806794597404348,0.3736080214534702,0.37667231699770115,185028000
2014-01-24,0.36677226424217224,0.37478657746268956,0.36677226424217224,0.3733722786298345,246696000
2014-01-27,0.36441513895988464,0.3719580009317741,0.3622936905900606,0.36677228508231247,233812000
2014-01-28,0.3679508864879608,0.3681866123581216,0.36229371849870523,0.36370801752086923,167996000
2014-01-29,0.36441513895988464,0.36865800760013445,0.36417941310788254,0.3665365592303104,162944000
2014-01-30,0.3705437183380127,0.3712508677721397,0.36535797455401264,0.36653654757775855,202896000
2014-01-31,0.3700723648071289,0.3721937854117207,0.36512234593054443,0.36535804372027536,335348000
2014-02-03,0.3651222586631775,0.3731365435865997,0.36370795986521076,0.37266512002040947,431728000
2014-02-04,0.3672437369823456,0.3679508864934381,0.3630008680151908,0.3648865906783041,280692000
2014-02-05,0.3639437258243561,0.36582944839642206,0.3611151279165576,0.3646508753013057,214676000
2014-02-06,0.36865803599357605,0.3696008832754044,0.3639437433856332,0.3644151670265474,168380000
2014-02-07,0.37407952547073364,0.37455094917132964,0.3663009360629852,0.36960093006656136,157248000
2014-02-10,0.3752579092979431,0.3802079259033654,0.37337218734828753,0.37360791312926567,324372000
2014-02-11,0.3830365836620331,0.38397943080595426,0.3754937222124747,0.37737941650031703,235384000
2014-02-12,0.3967081308364868,0.399536729144347,0.3842152486414479,0.3842152486414479,744528000
2014-02-13,0.4092009961605072,0.41155817068634065,0.39953671267177887,0.4066081519510736,902836000
2014-02-14,0.4221653640270233,0.42310821143471133,0.4051938858934054,0.40542961179502945,817536000
2014-02-18,0.4219295084476471,0.42381523078286076,0.4183937896063948,0.42240096010599715,428988000
2014-02-19,0.42758670449256897,0.43135814941913164,0.4200438146394437,0.421929537102725,450340000
2014-02-20,0.4426724314689636,0.44361527859844524,0.4278224065335556,0.4285295278309688,398088000
2014-02-21,0.4393724799156189,0.44762252005270864,0.4365439099797197,0.44196535208150994,451052000
2014-02-24,0.44573673605918884,0.4490367291804026,0.4344224297731185,0.43842957230584856,403112000
2014-02-25,0.443724125623703,0.44703904756975676,0.4389885470375761,0.445144810490051,242184000
2014-02-26,0.4430137574672699,0.44940678213475355,0.4415930727739307,0.44277696727628957,360884000
2014-02-27,0.4380415380001068,0.4475126972348288,0.4368576430957666,0.44301390788884826,388848000
2014-02-28,0.43520018458366394,0.4399357640781602,0.42880712968506984,0.43567373688785754,321692000
2014-03-03,0.433069109916687,0.433069109916687,0.42170371471701606,0.4254921891923321,375948000
2014-03-04,0.4375678598880768,0.4404092011963854,0.4344897283764621,0.43520007076010747,260344000
2014-03-05,0.44135650992393494,0.44159330023688503,0.43520027227637814,0.437094481874835,241472000
2014-03-06,0.43520018458366394,0.4444345533074195,0.43448984201423346,0.4420667635601714,290144000
2014-03-07,0.4347265362739563,0.43780466811071617,0.4314116424351539,0.4370943256520368,268452000
2014-03-10,0.42833349108695984,0.43520009690637146,0.42643925402552646,0.4333058598449381,300888000
2014-03-11,0.43259549140930176,0.4363839653043908,0.42904380771750816,0.43046446425846185,297220000
2014-03-12,0.4337793290615082,0.43638390805094596,0.4288069612548612,0.4304644077816538,239428000
2014-03-13,0.4200463891029358,0.43638415824442445,0.4179153610098971,0.434726682541077,385172000
2014-03-14,0.421940416097641,0.4257288900285549,0.41578418124274724,0.41578418124274724,460048000
2014-03-17,0.421940416097641,0.42620244221335085,0.42146686391284505,0.42312431067276746,299656000
2014-03-18,0.4318852424621582,0.4347265843850503,0.42170374136437233,0.4235979787217267,293904000
2014-03-19,0.4394620954990387,0.44774938618028315,0.4340161745262322,0.43520009738893106,366168000
2014-03-20,0.4396989345550537,0.44348740910291445,0.4352001457274621,0.4370943547751147,191800000
2014-03-21,0.4389886260032654,0.4470391279835779,0.43662083628428167,0.4434874434051024,566116000
2014-03-24,0.4368576109409332,0.4427770850269325,0.4304645563470308,0.43922540057533294,306096000
2014-03-25,0.4368576109409332,0.4420667424913568,0.4335426885170062,0.44159319020973264,304424000
2014-03-26,0.4269128739833832,0.449170113591364,0.4231243992593033,0.44088284983043347,557756000
2014-03-27,0.42123010754585266,0.4295173696821534,0.4164945009559787,0.42596568590945305,540728000
2014-03-28,0.4238347113132477,0.4264392910269982,0.4193359225999808,0.420519817337817,398820000
2014-03-31,0.42407143115997314,0.4283334571539879,0.4217036420773285,0.42454498333124757,273404000
2014-04-01,0.44159311056137085,0.44680224117224465,0.432358715717015,0.43756787455416263,656272000
2014-04-02,0.438751757144928,0.44254020283716694,0.4368575201856719,0.44159309847067546,239948000
2014-04-03,0.443487286567688,0.454142336535001,0.4394620228879093,0.4396988130665798,599548000
2014-04-04,0.4297541677951813,0.4484597196112127,0.4278599307696463,0.4458551401728178,368032000
2014-04-07,0.43117478489875793,0.43946204642836567,0.4276231013860689,0.42999089039452826,428576000
2014-04-08,0.44656553864479065,0.4477494334060847,0.43046453601965845,0.4311748785216904,470692000
2014-04-09,0.446091890335083,0.452484943655088,0.4425402065912017,0.4486964697044386,421968000
2014-04-10,0.43520018458366394,0.4503540276755398,0.433779499444803,0.44419779126846287,372748000
2014-04-11,0.42904382944107056,0.4385149864320686,0.42336111831070716,0.4318851708931151,353112000
2014-04-14,0.4337793290615082,0.43543677558830074,0.4290437514270898,0.43188509236248696,290184000
2014-04-15,0.4368576109409332,0.43922540057533294,0.42999100406540663,0.43425303105258195,304636000
2014-04-16,0.4378046989440918,0.4394621459802224,0.4323587773457102,0.43898859371651044,235136000
2014-04-17,0.4394620954990387,0.44348735984390086,0.43520009738893106,0.4361472018075606,153532000
2014-04-21,0.4430137574672699,0.4441976519696288,0.4368574947644952,0.4396988359249022,117004000
2014-04-22,0.4468022286891937,0.4496435982396262,0.4413563080192289,0.4437240971604073,255120000
2014-04-23,0.4520114064216614,0.4531953010421218,0.4468022475106162,0.4475125899281473,261580000
2014-04-24,0.4560368061065674,0.46077238628747896,0.45508970136089877,0.45508970136089877,391492000
2014-04-25,0.443487286567688,0.4593514946555923,0.442540154079276,0.4550894690234131,313600000
2014-04-28,0.44159311056137085,0.4494068205908185,0.4361471897392544,0.44703903138348733,226788000
2014-04-29,0.4425402283668518,0.4441977034432395,0.4375678878165128,0.44325057079583585,171300000
2014-04-30,0.43733125925064087,0.4423036298652123,0.4363841544794297,0.44183007747960673,305740000
2014-05-01,0.4396989345550537,0.4449080658886539,0.4361472502512884,0.4439609613648276,198104000
2014-05-02,0.4363839328289032,0.4418298530629585,0.43377935369157694,0.4418298530629585,156376000
2014-05-05,0.4411196708679199,0.4444345653131017,0.435436958385247,0.4359105107022328,239260000
2014-05-06,0.43212205171585083,0.44917013222903784,0.4309381568437367,0.44538168557404084,416188000
2014-05-07,0.43259549140930176,0.4361471751010954,0.4278599131535769,0.43212193922898384,293900000
2014-05-08,0.4380415380001068,0.44490811715476786,0.42880714081048427,0.43093816857406536,432728000
2014-05-09,0.4273863732814789,0.42880705818344717,0.419335900773727,0.4247818219295712,539532000
2014-05-12,0.4399356544017792,0.44088275877405225,0.4280966803907259,0.4283334705969308,299856000
2014-05-13,0.4328323006629944,0.44111959174197585,0.4314116439668676,0.43401619535623803,221104000
2014-05-14,0.4285702407360077,0.4347265039518059,0.4283334787515686,0.4330690571556368,214320000
2014-05-15,0.4262024760246277,0.42999095025608697,0.4219404495708049,0.4276231609179938,325896000
2014-05-16,0.42525529861450195,0.4283334298711317,0.4228875096826745,0.4228875096826745,283960000
2014-05-19,0.4389886260032654,0.4413564157222491,0.42786001996929796,0.42975425738974093,360076000
2014-05-20,0.4338744282722473,0.44029689978591563,0.4317336138864526,0.43910755215907765,256200000
2014-05-21,0.4338744282722473,0.4393454330269589,0.43125785215069007,0.43553950927856366,216712000
2014-05-22,0.4357772171497345,0.4381559114591062,0.43292278964974307,0.43292278964974307,130364000
2014-05-23,0.43982112407684326,0.4419619666128816,0.4355394673610481,0.4381560432307789,182656000
2014-05-27,0.44767072796821594,0.44767072796821594,0.4410103776464457,0.4424376056997805,209680000
2014-05-28,0.4514766335487366,0.45433106119170746,0.4450541642629836,0.449335819905577,224676000
2014-05-29,0.45076316595077515,0.4550448229839935,0.44981169921285263,0.4512388993197364,171884000
2014-05-30,0.45195242762565613,0.45314177500008107,0.44838438550238124,0.4507630802512312,239128000
2014-06-02,0.45052531361579895,0.45623417075807254,0.4467193899500942,0.4533797421869358,181500000
2014-06-03,0.44862234592437744,0.4519525078211678,0.44267557964076637,0.4514767744582382,243212000
2014-06-04,0.4490981101989746,0.4524282723249818,0.4471951482599911,0.447433029135971,161236000
2014-06-05,0.45100095868110657,0.4524281585090943,0.44719503576058334,0.4498116113129778,188696000
2014-06-06,0.45266610383987427,0.4567098797965814,0.45147675630223794,0.4531418371836724,161052000
2014-06-09,0.4531417191028595,0.45742337479388206,0.44909794419988947,0.4521902526631988,247456000
2014-06-10,0.45552051067352295,0.457661353153591,0.44957377326713505,0.4514767349084353,217608000
2014-06-11,0.4614672064781189,0.4626565537790923,0.4538553610668677,0.4538553610668677,266228000
2014-06-12,0.4643216133117676,0.4664624270141057,0.45742338226460294,0.46146718558989175,337148000
2014-06-13,0.46479737758636475,0.4693169144411445,0.460277840731585,0.46907903363331716,227852000
2014-06-16,0.463370144367218,0.46646245305365486,0.4593263691724668,0.4626565586641206,198620000
2014-06-17,0.46646255254745483,0.46836551432625123,0.46146730977893247,0.4638460049133572,157608000
2014-06-18,0.4659867286682129,0.46812757088708007,0.46099145851379997,0.46527311459525716,215536000
2014-06-19,0.455282598733902,0.4598021072300242,0.45195240920745877,0.4574234125781121,474592000
2014-06-20,0.4502873420715332,0.458137040328553,0.446719299987095,0.4564719596937374,353148000
2014-06-23,0.44505420327186584,0.4452920557218011,0.4391074383230556,0.4443405892095065,414200000
2014-06-24,0.4381560981273651,0.4479087602932386,0.43625313619789163,0.4443407173090827,275780000
2014-06-25,0.44267556071281433,0.44291344156224943,0.435301623011993,0.4393453989584153,215420000
2014-06-26,0.43672874569892883,0.4429133631261793,0.43530154592390896,0.4426754823188709,256908000
2014-06-27,0.43720462918281555,0.4398211770111775,0.43363655785998595,0.43625313404463273,302820000
2014-06-30,0.4410105049610138,0.44219985256338507,0.43553950031884914,0.43553950031884914,180512000
2014-07-01,0.4460057020187378,0.44862227765107343,0.4391074700590707,0.4405346982869408,321180000
2014-07-02,0.4443405568599701,0.446243518102294,0.4417239816072404,0.4443405568599701,179284000
2014-07-03,0.44838446378707886,0.44957381136915536,0.44029688321518895,0.44029688321518895,136892000
2014-07-07,0.4448164999485016,0.4493360385758998,0.44410288560140837,0.4490981576747727,127496000
2014-07-08,0.4412482678890228,0.44552992378443323,0.4369666119936125,0.44362696245799793,221940000
2014-07-09,0.45456892251968384,0.4564718836523014,0.44172395614171994,0.445054145212869,387668000
2014-07-10,0.4521903693675995,0.45409333109432504,0.4424377082408073,0.446005750844812,266308000
2014-07-11,0.4531417191028595,0.4545689471186252,0.45100090543548554,0.45266598588302914,191188000
2014-07-14,0.4588506519794464,0.46003999933460843,0.4533796484744455,0.4550447291004168,272636000
2014-07-15,0.4607536494731903,0.46194299692141944,0.4564719929883094,0.4595643020249611,395440000
2014-07-16,0.4602779448032379,0.4662247111370276,0.45766139710690523,0.4626566683505239,319728000
2014-07-17,0.459088534116745,0.4638459522012375,0.4550447585190199,0.4550447585190199,324832000
2014-07-18,0.43863174319267273,0.45314179308217506,0.4379181290682862,0.4495737508165216,567816000
2014-07-21,0.4412482678890228,0.4443405764999457,0.4369666119936125,0.4369666119936125,243364000
2014-07-22,0.43934550881385803,0.44695732926739984,0.4383940418907737,0.44457863360339994,298816000
2014-07-23,0.43006837368011475,0.439821032595557,0.42959264044537315,0.43958318015632397,297352000
2014-07-24,0.4307820796966553,0.4336365080708956,0.42768977047611095,0.43244716055193866,254576000
2014-07-25,0.4231702387332916,0.43030632346738273,0.4224566245886265,0.4293548284890692,266132000
2014-07-28,0.42150503396987915,0.4250730755273281,0.4143689508549812,0.4250730755273281,330352000
2014-07-29,0.4229324162006378,0.4286413017886454,0.42150518771456497,0.4217430685810051,217972000
2014-07-30,0.43006837368011475,0.43125772094510645,0.42435951815066475,0.42554886541565645,246184000
2014-07-31,0.4162720739841461,0.42816555046975074,0.41555845972375294,0.4248353883962953,401880000
2014-08-01,0.4207914471626282,0.423170141527586,0.4148446828939601,0.41627191085544424,219884000
2014-08-04,0.41984009742736816,0.4238838735733748,0.41769928310191856,0.4203158307934366,241724000
2014-08-05,0.42007797956466675,0.4262625984111942,0.4150827083150651,0.41865075110584243,298136000
2014-08-06,0.4196021258831024,0.4248352481378069,0.4141311228347078,0.4172234030150273,223456000
2014-08-07,0.41532042622566223,0.42697601675994123,0.4124659704279616,0.4231701229567943,407696000
2014-08-08,0.45195242762565613,0.454331122374506,0.4333986029133712,0.4333986029133712,894348000
2014-08-11,0.4495737552642822,0.4543311449988863,0.4483844078306312,0.45242818343378877,344624000
2014-08-12,0.4495737552642822,0.45195245013158425,0.4445784847004361,0.44933590279131974,296152000
2014-08-13,0.4521903693675995,0.4559962928210506,0.4474329792289266,0.45028740764087394,256596000
2014-08-14,0.44719505310058594,0.4538554042916179,0.44529209156653693,0.4538554042916179,255992000
2014-08-15,0.4529039263725281,0.45552047360464365,0.44434061386167373,0.44862227011710093,369796000
2014-08-18,0.459088534116745,0.4595642957745899,0.4502873687908069,0.4548068776900974,284076000
2014-08-19,0.4627917408943176,0.4651809576774012,0.4575354411861652,0.4592079157196923,248260000
2014-08-20,0.45992472767829895,0.46326964877061944,0.4587301191056949,0.46111933625090307,221468000
2014-08-21,0.4556241035461426,0.4611193083438938,0.4549073612313295,0.45873009134328135,272796000
2014-08-22,0.4558631479740143,0.4596859075013092,0.45227932159782036,0.45514637700243143,251224000
2014-08-25,0.45657989382743835,0.46088049093862327,0.4556241897573313,0.4577745025537831,153380000
2014-08-26,0.46470320224761963,0.46565887773727815,0.45610200891382996,0.4577744552615903,269636000
2014-08-27,0.4594469368457794,0.465419980318526,0.4587301659327062,0.46183615423487806,182972000
2014-08-28,0.4632696807384491,0.46422535626979256,0.45705770433956566,0.45849124611829783,179704000
2014-08-29,0.46470320224761963,0.46565887773727815,0.4599247393541798,0.4649421068791764,207932000
2014-09-02,0.46589791774749756,0.46589791774749756,0.46159732009386134,0.46589791774749756,192636000
2014-09-03,0.47019845247268677,0.4718708989803481,0.46518108446798423,0.46828707282890875,259456000
2014-09-04,0.4785607159137726,0.4814277996348036,0.4692427507838591,0.46948168392118456,491832000
2014-09-05,0.4771271347999573,0.4802331229210651,0.47402114667884937,0.47808281030719835,253792000
2014-09-08,0.4728265404701233,0.47760497499417937,0.4709151609641576,0.4766492994820547,319288000
2014-09-09,0.466853529214859,0.47378227683720703,0.4663756914261463,0.47067628848799714,198588000
2014-09-10,0.4685259461402893,0.4701984210177855,0.4642253493499157,0.46948165013910376,172376000
2014-09-11,0.46374747157096863,0.4668534594560716,0.45873010433490125,0.4651810132046205,250720000
2014-09-12,0.45681875944137573,0.466614561552886,0.45634092168802026,0.466614561552886,262536000
2014-09-15,0.45060694217681885,0.458969204968197,0.448695562128159,0.45825243388973397,294152000
2014-09-16,0.4572966694831848,0.4596858869605535,0.44797870423241554,0.44941224611152436,219936000
2014-09-17,0.4575355648994446,0.46183616196817784,0.4539517387557866,0.4561020515310124,173584000
2014-09-18,0.4644641578197479,0.4649419954500575,0.45896895386691594,0.46040249523955346,219604000
2014-09-19,0.4558631479740143,0.46637572243321523,0.45514637700243143,0.46589788461273346,601316000
2014-09-22,0.451323539018631,0.4651810034194873,0.45084567282965626,0.4651810034194873,221464000
2014-09-23,0.44941213726997375,0.454429475668285,0.4472618249720871,0.44893427110485756,196144000
2014-09-24,0.45204031467437744,0.4534738563835911,0.4486954219951663,0.44917325973766564,159592000
2014-09-25,0.4422445297241211,0.45275710287033405,0.4412888542025184,0.45156249422747236,298440000
2014-09-26,0.4432002604007721,0.4465451534094054,0.4417667185503758,0.4436780981903313,241188000
2014-09-29,0.44248339533805847,0.4455893830319783,0.43531574457441835,0.4396163407289449,208540000
2014-09-30,0.44081103801727295,0.4439170263370797,0.43555473694603775,0.4405721048843193,277204000
2014-10-01,0.43651047348976135,0.44463380187082824,0.4353158646995033,0.44152784180153337,350976000
2014-10-02,0.4345990717411041,0.4379439647919088,0.4245643356252528,0.43579368047092276,288996000
2014-10-03,0.4355546534061432,0.4432001704136232,0.4355546534061432,0.43722712805259983,239140000
2014-10-06,0.43292656540870667,0.44081098763265325,0.43005948206784256,0.437227161938288,199032000
2014-10-07,0.4283870458602905,0.43531579278823673,0.427909208119467,0.4310151961573935,301896000
2014-10-08,0.4362715184688568,0.4384218312725589,0.4245643358221732,0.42790925735624796,260172000
2014-10-09,0.427909255027771,0.43483800271526096,0.4243254288561544,0.43436013644033716,306956000
2014-10-10,0.4025835692882538,0.42599793789037693,0.40234466459745016,0.424564395818664,691376000
2014-10-13,0.4011499583721161,0.4133349775802043,0.400672120624718,0.40521162194757354,397628000
2014-10-14,0.4104680120944977,0.4216973297740206,0.4042560345789886,0.4066452523185349,376620000
2014-10-15,0.41667988896369934,0.4188302016459126,0.4018667472403378,0.4044948692096422,404428000
2014-10-16,0.4169188141822815,0.4216972487431783,0.40831762057998056,0.40927332458118987,351116000
2014-10-17,0.41620200872421265,0.42671458097384307,0.414529562463187,0.42193614680993313,290716000
2014-10-20,0.4197857975959778,0.42360855598511876,0.41333491773580017,0.4162019722868,200336000
2014-10-21,0.43770503997802734,0.4381828777516059,0.42169726095026433,0.42289186962506947,351092000
2014-10-22,0.4274314045906067,0.4384218159178082,0.4274314045906067,0.4369882740988801,239512000
2014-10-23,0.4369882345199585,0.4400942225251752,0.4317319624628231,0.43483795046803975,214476000
2014-10-24,0.441527783870697,0.4441559057754088,0.4369882539742951,0.43961640436072336,210156000
2014-10-27,0.4417667090892792,0.4434391555577779,0.43651043655326127,0.44128887130995353,145092000
2014-10-28,0.4522792100906372,0.45275704779331055,0.4400941920230452,0.4405720297257185,192580000
2014-10-29,0.44941213726997375,0.4529959626180727,0.4453504457567586,0.45036781263678194,168340000
2014-10-30,0.44654521346092224,0.4501290400871484,0.4408111022516493,0.4482176886718722,170260000
2014-10-31,0.466853529214859,0.4670924623500745,0.45442957581801924,0.456818793243301,256316000
2014-11-03,0.47473785281181335,0.4792773820564595,0.47234863588780346,0.4776049074242827,308732000
2014-11-04,0.4809499979019165,0.4826224446424752,0.4699595847810067,0.47784400910846614,360196000
2014-11-05,0.4809499979019165,0.4840559866953669,0.47736617125140973,0.4838170820076999,335652000
2014-11-06,0.4831002652645111,0.4838170362231275,0.4744990422428343,0.48190562801233733,394088000
2014-11-07,0.4728265404701233,0.494329524310092,0.4680481059460672,0.48859541427391123,450800000
2014-11-10,0.4783218801021576,0.48142786892583467,0.4711541982496674,0.4723488071447953,293388000
2014-11-11,0.47258758544921875,0.47808276178065573,0.46852589375142495,0.4754546401616453,212992000
2014-11-12,0.4694816470146179,0.4721097689100048,0.46303073763113123,0.47091516028072444,204584000
2014-11-13,0.46709245443344116,0.4718708892030161,0.463269695225094,0.4711541182912363,225328000
2014-11-14,0.4728265404701233,0.4728265404701233,0.4630307383031218,0.4675702681900049,160248000
2014-11-17,0.4706762433052063,0.4756936108093407,0.4675702552541572,0.4706762433052063,158732000
2014-11-18,0.48190560936927795,0.4831002465752358,0.4697205889893499,0.47091519771358914,207772000
2014-11-19,0.48010605573654175,0.48370507695694753,0.47506748323247516,0.4822654684687852,240300000
2014-11-20,0.48802369832992554,0.48850358674970845,0.4753072558527651,0.4767468639076294,220968000
2014-11-21,0.49066320061683655,0.49306252929350414,0.48658434758695246,0.49234272497005305,198976000
2014-11-24,0.49378225207328796,0.49594160748253524,0.48994331538368385,0.4918627551262367,136004000
2014-11-25,0.4935424029827118,0.4971414249082574,0.4918628784856281,0.49282259859760263,190240000
2014-11-26,0.5019400715827942,0.5024199602304352,0.49042325888001315,0.49066323180608945,219264000
2014-11-28,0.5031397938728333,0.5060190118445251,0.4990609398826173,0.5036196826029556,124832000
2014-12-01,0.49378225207328796,0.5038593965284378,0.493062447868706,0.5009802369146087,190060000
2014-12-02,0.49450230598449707,0.49666166248414495,0.4887438694400296,0.4933026126362239,245952000
2014-12-03,0.5072187185287476,0.5074586342979153,0.49546198777168665,0.49690159679573864,284424000
2014-12-04,0.5026597380638123,0.5084181142333256,0.4993006900653041,0.5064986745783199,185332000
2014-12-05,0.5055391192436218,0.5081783639291388,0.5026599016197746,0.5028998173535904,165680000
2014-12-08,0.4990607798099518,0.5098577865361584,0.49498192712801903,0.5048192139063303,226944000
2014-12-09,0.49738141894340515,0.498581112175639,0.48850390640205765,0.49594180994653325,239448000
2014-12-10,0.4863441586494446,0.4978609655045631,0.48586432744994956,0.4959414690931354,204364000
2014-12-11,0.48610442876815796,0.4925826100722204,0.4851447087980199,0.489223561574485,135652000
2014-12-12,0.47098860144615173,0.4839449626271801,0.4705087129116885,0.4796261660327543,323964000
2014-12-15,0.4695490896701813,0.48514475519325684,0.4681094809750497,0.47650713162472236,254696000
2014-12-16,0.4642704129219055,0.4765069975815631,0.4640304972750427,0.4690690976883716,185308000
2014-12-17,0.4832251965999603,0.48394500085626685,0.4582721635289257,0.47362788278854345,345596000
2014-12-18,0.4851446747779846,0.4949819038899616,0.48058593373387315,0.48922352726842633,226156000
2014-12-19,0.48994335532188416,0.4918627952209019,0.4839450055295731,0.4885037467953693,325528000
2014-12-22,0.4985808730125427,0.4985808730125427,0.4877838679197156,0.4894633918755786,148976000
2014-12-23,0.49546176195144653,0.5048191591383722,0.49498187342731054,0.5024198309266859,109280000
2014-12-24,0.4935424029827118,0.49738134063512285,0.4930625715289809,0.4966615362500137,45644000
2014-12-26,0.4940221905708313,0.49666143463993656,0.4923426664173551,0.49354230201076615,52636000
2014-12-29,0.49330225586891174,0.49666130328749397,0.49018312406466075,0.4925824518214318,82944000
2014-12-30,0.48874369263648987,0.4923427141748322,0.48802388832882143,0.4899433855507729,112120000
2014-12-31,0.48106589913368225,0.4921028227906371,0.47962626184495344,0.4894635211305982,166300000
2015-01-02,0.48298537731170654,0.4865843993115429,0.47530750184839843,0.48298537731170654,113680000
2015-01-05,0.4748276472091675,0.4844249916479878,0.47266826258684375,0.4829853828316004,197952000
2015-01-06,0.4604315757751465,0.4760272107009942,0.45995171580557065,0.47554735073141835,197764000
2015-01-07,0.4592319428920746,0.4678695373429494,0.4577923342828444,0.4637906558175482,321808000
2015-01-08,0.4765070974826813,0.4793863146666466,0.4642705102575871,0.46451045455700185,283780000
2015-01-09,0.47842660546302795,0.48202562723931414,0.47170847915105246,0.47818668974611234,209540000
2015-01-12,0.47242817282676697,0.47986610175145633,0.46810937630927796,0.4796261574884992,190732000
2015-01-13,0.4717084467411041,0.485624558444999,0.46834939811703613,0.47602724397365814,236720000
2015-01-14,0.47362786531448364,0.4750674737739837,0.4654701603166508,0.4666698244988174,155260000
2015-01-15,0.4702689051628113,0.47986622041845867,0.4700289608405179,0.47698703156221556,188932000
2015-01-16,0.4789064824581146,0.4793863424825346,0.46810947459626523,0.4695490832717797,181512000
2015-01-20,0.48034602403640747,0.4849047079327439,0.47434767446114745,0.4822654638659701,140308000
2015-01-21,0.4870643615722656,0.4882640549625501,0.47434790909880303,0.47770698766661723,144780000
2015-01-22,0.49546176195144653,0.4969013703193577,0.48298523236887897,0.48802380445207116,159712000
2015-01-23,0.4969015419483185,0.4978612621235794,0.4918629109202947,0.495941764568541,120416000
2015-01-26,0.4947420656681061,0.4971413944030732,0.49162293259219786,0.4947420656681061,133240000
2015-01-27,0.47098860144615173,0.4875439836244092,0.4700288529794743,0.48706409508994597,357948000
2015-01-28,0.46331077814102173,0.47866649784543136,0.4630708338478856,0.47674702930709867,272728000
2015-01-29,0.4745875895023346,0.4772268334065085,0.4613912555724696,0.4635506681510652,235340000
2015-01-30,0.46067148447036743,0.47674700772417467,0.4599517088280484,0.47122854665214015,298200000
2015-02-02,0.4707486927509308,0.4726681612270807,0.45443325360703274,0.46355070741705673,259604000
2015-02-03,0.4825054407119751,0.482985329332453,0.4717084615917977,0.4741077902851704,183468000
2015-02-04,0.4837050139904022,0.4892234743403217,0.47962613333899623,0.4810657702420039,181516000
2015-02-05,0.4916229248046875,0.4918628405130311,0.48370513438426604,0.48418496580095316,140448000
2015-02-06,0.4894634187221527,0.49690137631121833,0.4873040061442468,0.4911429427701359,210524000
2015-02-09,0.488983690738678,0.4904232422236863,0.48346522889853244,0.4865843619909847,273944000
2015-02-10,0.5026597380638123,0.502899653719564,0.487303992005782,0.48946340452103554,226204000
2015-02-11,0.4993007183074951,0.503859402047113,0.49594161291448835,0.503859402047113,320832000
2015-02-12,0.5350508689880371,0.5398495268727672,0.5247337488154159,0.527852882160942,676904000
2015-02-13,0.5352904796600342,0.5360102836529803,0.5256931693600603,0.5338508716741417,310084000
2015-02-17,0.5369702577590942,0.5396095593857194,0.5309719645807374,0.534331013336978,203340000
2015-02-18,0.5307318568229675,0.5372100941841557,0.5297721370228081,0.536250317179502,170948000
2015-02-19,0.5321714878082275,0.5384097525818989,0.5297721596033151,0.5374500327408334,169432000
2015-02-20,0.5360105037689209,0.5362504194635985,0.5278527981048284,0.531691735242197,157752000
2015-02-23,0.5316917300224304,0.5357705828144333,0.5290524285888661,0.5357705828144333,125008000
2015-02-24,0.5373518466949463,0.5373518466949463,0.5289218901323526,0.5337390245751982,149356000
2015-02-25,0.533257246017456,0.5375927011282476,0.5308486789863833,0.5351840766724072,123820000
2015-02-26,0.5347023010253906,0.5378334433420257,0.5303668466986236,0.5337388858721392,152864000
2015-02-27,0.5313303470611572,0.5344614895415271,0.5294034592291357,0.5332571774684185,157492000
2015-03-02,0.54433673620224,0.5472270399830134,0.5291627562027299,0.5298853321479232,301512000
2015-03-03,0.5342204570770264,0.542891306558401,0.5325344665424182,0.5402419010646947,160344000
2015-03-04,0.5402423143386841,0.5414465696026002,0.5301263059677561,0.5322940343525527,226840000
2015-03-05,0.5505990982055664,0.5515625137895469,0.5387970993836518,0.5402422514720141,323056000
2015-03-06,0.543132483959198,0.5501172890897005,0.5426507475184019,0.5474678822272608,257392000
2015-03-09,0.5445775985717773,0.5486722149080336,0.5421690311282735,0.5433733435624142,222388000
2015-03-10,0.5539709329605103,0.5575838122129219,0.5460226560299722,0.5469860713556929,527212000
2015-03-11,0.5510807037353516,0.5611966511000781,0.5496355519904566,0.5539709498003723,262120000
2015-03-12,0.5460225343704224,0.5498762522394235,0.5356656927208121,0.5457816949488457,406972000
2015-03-13,0.546745240688324,0.5481903924125695,0.535906660181251,0.5433732582815968,359288000
2015-03-16,0.5532483458518982,0.5566203855604535,0.5474677965904364,0.5510806757693291,236956000
2015-03-17,0.5599923133850098,0.5602331528319255,0.5481903191147259,0.552044037389182,299900000
2015-03-18,0.5508395433425903,0.5628823730816018,0.5457815720796281,0.5599921283990842,413844000
2015-03-19,0.5592697858810425,0.5611966164721637,0.5486721027803442,0.5527666608550511,310756000
2015-03-20,0.5652912259101868,0.5686632658881868,0.5585472608037286,0.563846131547925,462084000
2015-03-23,0.5469860434532166,0.5556568957919253,0.5467452039902638,0.5484311950804621,426012000
2015-03-24,0.5395196676254272,0.5491539381754699,0.5371110999879166,0.5453002184704964,330480000
2015-03-25,0.5067628622055054,0.5392785364393348,0.5050768140887837,0.5392785364393348,542552000
2015-03-26,0.5050768852233887,0.5072446124575452,0.49279321241268703,0.49640609113628115,311920000
2015-03-27,0.5149524807929993,0.5168793127788842,0.4997784922735315,0.5079676143507535,318288000
2015-03-30,0.5171198844909668,0.5197692911608413,0.5106167014243767,0.5173607239814723,253252000
2015-03-31,0.5041137337684631,0.5161565734394538,0.5036320546364971,0.5156748943074877,357276000
2015-04-01,0.5060404539108276,0.5077264451603579,0.4973696007526933,0.5060404539108276,330768000
2015-04-02,0.5072447061538696,0.5103758491511043,0.5029093083094975,0.5089306973947237,192204000
2015-04-06,0.5219371318817139,0.5236231235299176,0.4997782860628365,0.5050771005501098,515864000
2015-04-07,0.5265131592750549,0.5322937073249694,0.5190465630118593,0.5219368657491936,413964000
2015-04-08,0.5303670763969421,0.5322939649627243,0.5219371183740893,0.526995093187801,366432000
2015-04-09,0.5426508784294128,0.5443368702417705,0.5260317424471583,0.5262725820132697,379432000
2015-04-10,0.5481902360916138,0.5484310755020545,0.5412053763660629,0.5431322639238453,258728000
2015-04-13,0.543132483959198,0.5501172890897005,0.5407238591799932,0.5469861457864648,236724000
2015-04-14,0.5385560393333435,0.5431323332644769,0.5332571696538859,0.5409646060195044,220276000
2015-04-15,0.5450594425201416,0.5491540022390978,0.5373520022110542,0.5400014671187467,243560000
2015-04-16,0.5416872501373291,0.5465043841176492,0.5378335314681196,0.5419280896089151,155284000
2015-04-17,0.5347023010253906,0.5400011705054092,0.5301260072664999,0.5303668466986236,293636000
2015-04-20,0.5320528745651245,0.5404828286132818,0.5310894020241165,0.5371108469940189,231624000
2015-04-21,0.5313303470611572,0.5385560472255275,0.5286808834702226,0.5385560472255275,230456000
2015-04-22,0.5373518466949463,0.5380744226038503,0.526272425991447,0.5344616004841023,207420000
2015-04-23,0.535184383392334,0.5402424172537377,0.5214555491895537,0.527476998930577,259380000
2015-04-24,0.5306078791618347,0.5351841166655075,0.5245864324218,0.5349432771718331,240960000
2015-04-27,0.5347023010253906,0.5440957279752955,0.5277174406709929,0.5322937344298836,248456000
2015-04-28,0.5373518466949463,0.5392787349269479,0.5286809932128698,0.5337390245751982,234484000
2015-04-29,0.533257246017456,0.5387969559314001,0.5310895184620603,0.533498085493133,195156000
2015-04-30,0.5347023010253906,0.5373517070530213,0.5294034315453722,0.5306077435555043,218844000
2015-05-01,0.547949492931366,0.5496354839501086,0.5366291772808963,0.5390377440826375,256968000
2015-05-04,0.5445775985717773,0.5510807823515375,0.5428916071038025,0.547467902473893,200720000
2015-05-05,0.5306078791618347,0.5433732911229273,0.5281993119507752,0.5426507152171323,292928000
2015-05-06,0.5322937965393066,0.5385560819032763,0.5253089353698971,0.5334980512651971,316484000
2015-05-07,0.5416872501373291,0.5433732412879645,0.5284401029790654,0.5301260941297008,534564000
2015-05-08,0.5017051100730896,0.526031683702107,0.4935159914919397,0.5060405663276628,1146552000
2015-05-11,0.4968879818916321,0.5019460142614327,0.4908665913511048,0.4947202537331461,544144000
2015-05-12,0.5017051100730896,0.5057996693636646,0.49303425498872616,0.49327515195272437,388800000
2015-05-13,0.504595160484314,0.5091714539767064,0.4997780275738232,0.505317736163363,308524000
2015-05-14,0.5127844214439392,0.515433885498959,0.5048361441284207,0.5060404564124789,293052000
2015-05-15,0.5130252838134766,0.5173606814096875,0.5098941409954706,0.5149521144285111,215824000
2015-05-18,0.5123028755187988,0.5154340193608057,0.5094125712262432,0.5118211389951112,324972000
2015-05-19,0.5091086030006409,0.5146739539181975,0.5081406707354078,0.5129801012993211,253808000
2015-05-20,0.5091086030006409,0.5153998742718409,0.5086246368680243,0.5093505572216677,196824000
2015-05-21,0.5054793357849121,0.5115286568388403,0.5049953693319815,0.509350894336554,239692000
2015-05-22,0.5047531723976135,0.5086247290888244,0.5035433433825577,0.5066889795885057,212592000
2015-05-26,0.5016074180603027,0.5057209280476553,0.497735862280865,0.5023333383746074,259732000
2015-05-27,0.5284664630889893,0.5308861790020475,0.503301371440722,0.5049951668108049,432332000
2015-05-28,0.5357255935668945,0.5374193888824027,0.52749857126569,0.5284664460616123,327656000
2015-05-29,0.5354836583137512,0.5391132033500448,0.5347577377683769,0.5357256125986832,335168000
2015-06-01,0.5415326356887817,0.5468560310036522,0.5354833778992247,0.5388709668766205,372660000
2015-06-02,0.5308862328529358,0.5410490637948865,0.5304022665450014,0.538145381328448,224304000
2015-06-03,0.5250788331031799,0.536451491275476,0.5241109006578398,0.5323379802997885,250788000
2015-06-04,0.5345156192779541,0.5362094141332938,0.5219330772776473,0.5219330772776473,323712000
2015-06-05,0.5386293530464172,0.5410490692292251,0.5272566350656941,0.5328219880552107,313320000
2015-06-08,0.5262887477874756,0.5405650902383901,0.5202394863176232,0.5369355448945953,342812000
2015-06-09,0.5289503335952759,0.5328218322028735,0.5258046977086772,0.5267725723605766,256888000
2015-06-10,0.5195135474205017,0.5260467749617869,0.5166098650952279,0.5226591840426881,529460000
2015-06-11,0.5250788331031799,0.5287083778561974,0.519513481150056,0.519513481150056,283052000
2015-06-12,0.5108023881912231,0.524836713482802,0.5095925017280282,0.5216910779071692,323728000
2015-06-15,0.5098347663879395,0.5122544828233533,0.5042694128174288,0.5081409129616185,306548000
2015-06-16,0.5161256194114685,0.5168515395998174,0.5037850915906359,0.5088664752185288,256892000
2015-06-17,0.5221752524375916,0.5250789349557081,0.5146741495199035,0.5158839787753955,233544000
2015-06-18,0.5308862328529358,0.5342738239367247,0.5250789256106427,0.5265307668438619,299404000
2015-06-19,0.5291923880577087,0.5352416490456564,0.5243529561911193,0.5308861834419573,355656000
2015-06-22,0.5270146727561951,0.5330639919666977,0.5190296037050582,0.5301603095151631,514236000
2015-06-23,0.5134642124176025,0.5320960195806317,0.5093507010458102,0.5279825082088392,414064000
2015-06-24,0.5083827972412109,0.5153999904477948,0.5059630814138278,0.5127382626542702,253368000
2015-06-25,0.5122540593147278,0.5153996938491555,0.508382504680775,0.508382504680775,350460000
2015-06-26,0.5018495321273804,0.5086247713222213,0.49967182818134065,0.5081408050616689,421296000
2015-06-29,0.4868473410606384,0.5011236826874577,0.48612142049566626,0.49604223873265263,391724000
2015-06-30,0.48660537600517273,0.49192877476481245,0.4832177848356681,0.48975101285988004,315916000
2015-07-01,0.49362248182296753,0.5057210607518491,0.4892670164848002,0.49870392535650027,302892000
2015-07-02,0.4941065013408661,0.4972521379706587,0.49096086471107353,0.49338058075779234,145764000
2015-07-06,0.4880571961402893,0.49676818569221287,0.4844276508131612,0.48999300364659615,214776000
2015-07-07,0.4788622558116913,0.48708930768079356,0.46361803894259024,0.4851535579189254,594252000
2015-07-08,0.47547459602355957,0.47910416956935326,0.4716030393699317,0.4762005165017756,332492000
2015-07-09,0.4696672260761261,0.4851534515376793,0.466763573224727,0.48297569026516673,357588000
2015-07-10,0.47789427638053894,0.4822497700824605,0.4745066573478069,0.47571651510693597,216708000
2015-07-13,0.48103997111320496,0.483701641201412,0.4778943347859713,0.4827337664139345,212472000
2015-07-14,0.4812818169593811,0.48224972037408737,0.47499057456755656,0.4817657830893749,249216000
2015-07-15,0.47789427638053894,0.4832176447516501,0.4735387826786173,0.4800720088088576,265732000
2015-07-16,0.4885410666465759,0.4885410666465759,0.4791041583414954,0.4807979535207809,282848000
2015-07-17,0.4856374263763428,0.48733122170063115,0.4793461536343707,0.4868473131454496,220372000
2015-07-20,0.4766843914985657,0.48757313955645337,0.4754745338082762,0.485637332637651,188412000
2015-07-21,0.4788622558116913,0.48563746651410183,0.47571661918071956,0.47571661918071956,149720000
2015-07-22,0.4696672260761261,0.47547456062420856,0.4638599203733279,0.47547456062420856,356472000
2015-07-23,0.47547459602355957,0.4824917600073128,0.46966726104311773,0.47063516462916793,169916000
2015-07-24,0.46990934014320374,0.47934622175190233,0.4679735614209523,0.4788622842826626,188844000
2015-07-27,0.4672476053237915,0.4725709747718951,0.46192423587568787,0.465795764180995,192420000
2015-07-28,0.47741034626960754,0.4805559534147117,0.4636179445306166,0.46845737564035805,198308000
2015-07-29,0.48321768641471863,0.48708924311585133,0.47450669825981334,0.4764424766103797,232680000
2015-07-30,0.4844276010990143,0.4892670328322627,0.48200785638710164,0.48200785638710164,190180000
2015-07-31,0.48273375630378723,0.48660528421790167,0.47983010315687963,0.4863633299487436,218340000
2015-08-03,0.49096089601516724,0.49144480464101675,0.4803141274235828,0.4866053722390127,397132000
2015-08-04,0.49289649724960327,0.49434833807046824,0.48733114589666593,0.48926695288800837,260100000
2015-08-05,0.4979781210422516,0.5054792244211775,0.4970101883496386,0.504995258074871,234628000
2015-08-06,0.49483221769332886,0.50039756807287,0.48660514037755676,0.49676796665553563,655676000
2015-08-07,0.5560513138771057,0.5654881662882381,0.5294343790737179,0.5434687670748193,1405248000
2015-08-10,0.5754089951515198,0.5795225064146208,0.5487920625469735,0.5521797109612135,662304000
2015-08-11,0.5725054144859314,0.5780707678145203,0.5669400611573426,0.5669400611573426,435008000
2015-08-12,0.5739571452140808,0.5780706564136932,0.5633104069509327,0.5633104069509327,384048000
2015-08-13,0.5691177248954773,0.5758929640646341,0.5676658838099023,0.5746830772631291,276884000
2015-08-14,0.5696017146110535,0.5729893054898478,0.5652461911749633,0.5686337820537576,214652000
2015-08-17,0.5659719705581665,0.5686336402002892,0.5589547785664986,0.5686336402002892,273880000
2015-08-18,0.5608206391334534,0.5681103282535631,0.5564467909014079,0.5642224824695113,287084000
2015-08-19,0.5586339235305786,0.5664096180010023,0.5525591513630624,0.5600918734854482,249248000
2015-08-20,0.5384656190872192,0.5549888927798069,0.5357926922761853,0.5523160239020777,426932000
2015-08-21,0.5216993093490601,0.5435683784859202,0.521213306861586,0.5345777669674303,382664000
2015-08-24,0.5032320618629456,0.5304469254411145,0.4859797564101324,0.4925404710715425,682284000
2015-08-25,0.49278342723846436,0.5272879750270304,0.49278342723846436,0.5253440233873223,622684000
2015-08-26,0.5299609303474426,0.5304469328204681,0.5049329906193327,0.5088208366036289,614976000
2015-08-27,0.5498863458633423,0.550129318239716,0.5323910602312201,0.53554993285739,463764000
2015-08-28,0.552315890789032,0.5557177336195956,0.5459981495703905,0.5498859947767307,320944000
2015-08-31,0.5462411046028137,0.5535308503436186,0.5440542388138612,0.549643005259619,219352000
2015-09-01,0.5238862037658691,0.5394375889982366,0.5199984153910844,0.5304469769982594,353408000
2015-09-02,0.5396804809570312,0.5399234532109621,0.5292319209051217,0.5382225315668488,344044000
2015-09-03,0.5411385297775269,0.5503721723230988,0.5401665826499165,0.5476992453055336,262556000
2015-09-04,0.5285030603408813,0.5404095723541984,0.5282600880344803,0.5319049043637402,287972000
2015-09-08,0.55110102891922,0.5532879531670395,0.539194576525465,0.5413814428399816,238448000
2015-09-09,0.5401666760444641,0.5574189288257096,0.5389516984749002,0.5528021646879967,289392000
2015-09-10,0.548671305179596,0.555475052337589,0.5345779240999234,0.5370078213849236,357076000
2015-09-11,0.5503721237182617,0.5540169396082446,0.5404095072234801,0.5425964315174523,301584000
2015-09-14,0.5513438582420349,0.5547457005436445,0.5484279603073515,0.5530447793928397,192460000
2015-09-15,0.557418704032898,0.5603346026772881,0.5498860431126178,0.5515869646774135,327976000
2015-09-16,0.5613067150115967,0.564465586829583,0.5523161021193713,0.556446921127512,173508000
2015-09-17,0.5664095282554626,0.5761291158367984,0.5651945508411398,0.5710262918032789,268712000
2015-09-18,0.5659235119819641,0.5707833056548037,0.5552319774883789,0.5586338214727046,326412000
2015-09-21,0.5717552304267883,0.5729702077641047,0.5637365653870863,0.5666524646499991,281840000
2015-09-22,0.5562041401863098,0.5632508611227898,0.5532882396792608,0.5593630130911686,228356000
2015-09-23,0.5588768124580383,0.5622786565560781,0.5545030211796032,0.5566898878521647,161632000
2015-09-24,0.5695684552192688,0.5754001967466609,0.546727375842564,0.5554750171003108,382440000
2015-09-25,0.5736990571022034,0.5848765912542436,0.5681102900261832,0.5766148977940646,369692000
2015-09-28,0.5661664009094238,0.5773439362975634,0.562521585158201,0.5736991205463406,395584000
2015-09-29,0.5761289596557617,0.5771009065637508,0.564222450716331,0.5722411140905093,380736000
2015-09-30,0.5989701747894287,0.599699149699705,0.5780730485170162,0.5814748928094287,556380000
2015-10-01,0.5873064994812012,0.6006708999422674,0.5702971677308133,0.598969978353888,489296000
2015-10-02,0.6026149392127991,0.6026149392127991,0.5780729428740603,0.5841477133717586,386144000
2015-10-05,0.6176802515983582,0.6252129128658327,0.6033438458248079,0.6065027168573969,482024000
2015-10-06,0.6256986856460571,0.6283715532566809,0.6086894175240123,0.6111193129700188,453216000
2015-10-07,0.6322596669197083,0.6385774093575399,0.6169513132946939,0.6271569016891374,310152000
2015-10-08,0.6359046101570129,0.6376055320865662,0.6188952749948637,0.6295868670282103,460068000
2015-10-09,0.6334747076034546,0.6385774733453412,0.6215681962724113,0.6325027025669268,423248000
2015-10-12,0.6402783989906311,0.6439232730655825,0.6295868649262872,0.6342036281768149,227588000
2015-10-13,0.6414933204650879,0.6453811085620743,0.6329886536529984,0.6351755779075304,298444000
2015-10-14,0.6648204922676086,0.675269055541504,0.6414934686313151,0.6422223856178813,612148000
2015-10-15,0.6665211915969849,0.6801286223298688,0.6592315027686504,0.6660351891684438,526048000
2015-10-16,0.6769698858261108,0.6832876289853854,0.6670072685621361,0.6687082484332019,448396000
2015-10-19,0.6757550239562988,0.682315798465895,0.6679793877597154,0.6791569263464549,294712000
2015-10-20,0.6747831106185913,0.6779419828969397,0.6677363910797126,0.6728392159549869,264824000
2015-10-21,0.6660352945327759,0.6830446290896677,0.6648203751691729,0.6789137526268213,386280000
2015-10-22,0.6900914907455444,0.6922784157598058,0.6728392367885666,0.6738111841504639,306884000
2015-10-23,0.6947081685066223,0.6993249899311571,0.6857175558974254,0.6961661182126134,381776000
2015-10-26,0.6915492415428162,0.696895037393291,0.6852314986104295,0.6951941155166187,247436000
2015-10-27,0.691063404083252,0.6954371955964456,0.6876615018693064,0.6881475044522459,208268000
2015-10-28,0.6966521143913269,0.6966521143913269,0.6852315470876601,0.6954371370030028,217036000
2015-10-29,0.6725959777832031,0.6925211526265372,0.671381058477293,0.6854744931989915,327168000
2015-10-30,0.6893625855445862,0.6942224387128204,0.6747831998398707,0.6798860253898514,301160000
2015-11-02,0.6973809003829956,0.6981098750924755,0.6874183425756041,0.6915491606404567,190088000
2015-11-03,0.6925212740898132,0.6971380957152964,0.6847456385416092,0.6932502489745376,376768000
2015-11-04,0.6811006665229797,0.6956800462617587,0.6779417951195804,0.6905772807331777,442264000
2015-11-05,0.6733249425888062,0.6864464300851896,0.6713810485547581,0.6845024781178389,478800000
2015-11-06,0.7666329145431519,0.7761095263525222,0.7245957078194822,0.7399040584602764,1172272000
2015-11-09,0.7632312774658203,0.765418201842124,0.752539685803873,0.7591004589327841,492568000
2015-11-10,0.7486518621444702,0.7573995013033784,0.7326145333420224,0.7532686250320662,552260000
2015-11-11,0.7413620352745056,0.7544834626174345,0.7386891090133219,0.7491376680283596,619896000
2015-11-12,0.7386894226074219,0.7464651165955658,0.7355305505455708,0.7396613698726106,291080000
2015-11-13,0.724109947681427,0.7425771751031929,0.7204650734841593,0.739418303443331,292940000
2015-11-16,0.7386894226074219,0.7391754252066749,0.7277548565574269,0.7335866560151935,344280000
2015-11-17,0.7386894226074219,0.7450071667311242,0.7355305505455708,0.7406333750711166,257048000
2015-11-18,0.7568610310554504,0.7578367273717218,0.7336893193803294,0.741738435993022,350216000
2015-11-19,0.759056031703949,0.7666172978790058,0.7534460412665529,0.7595438797150128,254072000
2015-11-20,0.7656413912773132,0.7700318473759873,0.7600314028089699,0.7646657537509224,239744000
2015-11-23,0.7541777491569519,0.7719833575104751,0.7514947306040344,0.7719833575104751,242552000
2015-11-24,0.7602754831314087,0.7668611102290599,0.7507628848111184,0.7541776458020063,195428000
2015-11-25,0.7592997550964355,0.7678367153650016,0.756616737024959,0.7588119653488675,138300000
2015-11-27,0.7656413912773132,0.7680805141699287,0.756860537233242,0.7607631454920822,86996000
2015-11-30,0.7736907601356506,0.7771055798444436,0.7656416460958104,0.7663733890224591,327244000
2015-12-01,0.7988138198852539,0.7995455628317126,0.7797886195839234,0.7805203625303822,409496000
2015-12-02,0.7927159667015076,0.8083263469124955,0.791008585909157,0.8000333378772797,294240000
2015-12-03,0.7910085320472717,0.8073506540783878,0.7871059227219397,0.7990576456078651,246656000
2015-12-04,0.8232050538063049,0.8246685396924965,0.7910085969232804,0.7910085969232804,458756000
2015-12-07,0.8075947165489197,0.8229612028687705,0.8051555926593132,0.8229612028687705,333588000
2015-12-08,0.8185705542564392,0.8219853152756217,0.7924719405337058,0.7975940820624795,314488000
2015-12-09,0.797838032245636,0.8232049630680791,0.7895450240090486,0.8183267160873464,372676000
2015-12-10,0.8044238090515137,0.8088142085697579,0.7975942276135476,0.8002772463106248,236596000
2015-12-11,0.7924719452857971,0.8019845437419514,0.7907645647659676,0.7963745542539595,227320000
2015-12-14,0.7944231629371643,0.7988136195146353,0.7849105651725939,0.7932036304345002,275892000
2015-12-15,0.804179847240448,0.8097898376576725,0.7990577048325332,0.8034481043031321,307296000
2015-12-16,0.8090580701828003,0.8117411469226842,0.798813785677665,0.8058872036016979,236356000
2015-12-17,0.7968624830245972,0.8185707019469832,0.7963746931642971,0.8102776927889068,254160000
2015-12-18,0.783935010433197,0.7993014937726326,0.7829593726972449,0.7912523806827716,395896000
2015-12-21,0.8024724125862122,0.803204155474423,0.7853985475523101,0.7924720233694861,284216000
2015-12-22,0.8032041788101196,0.8112532926609987,0.7983259315158472,0.8049115595477855,130012000
2015-12-23,0.8063749074935913,0.8095457735080466,0.8029601466021119,0.8044236321708274,122524000
2015-12-24,0.8090580701828003,0.8110094040075608,0.8027163370205954,0.8039359279302327,52448000
2015-12-28,0.8083263635635376,0.8083263635635376,0.789301221375942,0.8005212023739103,142024000
2015-12-29,0.8214976787567139,0.8239368025330555,0.8066189830137214,0.8088142118584182,203660000
2015-12-30,0.8144242167472839,0.8278394268308105,0.8141803218113304,0.8207659503084674,180344000
2015-12-31,0.8039359450340271,0.8168633065540768,0.8039359450340271,0.8132046500539175,148528000
2016-01-04,0.7895451188087463,0.7946672613075376,0.7814960045087611,0.7875938430434825,358076000
2016-01-05,0.8022283911705017,0.8156435978011876,0.7927157932771035,0.8044236194889668,490272000
2016-01-06,0.7690564393997192,0.7927159327047139,0.7600316296653422,0.7890572181970888,449344000
2016-01-07,0.7385672926902771,0.7549094135318974,0.7288107410104516,0.7497872137231637,645304000
2016-01-08,0.722713053226471,0.7488116709022518,0.7212495673813569,0.7480799279796948,398472000
2016-01-11,0.7239322662353516,0.7290544644307828,0.7110049105689993,0.7234444766046335,409372000
2016-01-12,0.7361280918121338,0.7468602809319457,0.7310059502912829,0.7368598346227249,469356000
2016-01-13,0.7136882543563843,0.7466164510884096,0.7129565114820466,0.7417381458750614,481672000
2016-01-14,0.6992974281311035,0.7073465418262822,0.6785648484548448,0.6990534750638024,600236000
2016-01-15,0.6612468957901001,0.6792964532838429,0.6497830230156647,0.6712473412246381,841452000
2016-01-19,0.6666129231452942,0.6939311224388477,0.663929847291977,0.6749059292387127,457140000
2016-01-20,0.6702718138694763,0.6788087759557894,0.6451488337685619,0.6539296907805907,481180000
2016-01-21,0.6780769228935242,0.688565158988679,0.6636860778542881,0.6775891331213184,481456000
2016-01-22,0.6939313411712646,0.6985656935120718,0.6895408837473546,0.6910043695553245,257996000
2016-01-25,0.6931995153427124,0.7017364760991004,0.691736029709813,0.6936873632714413,270728000
2016-01-26,0.7000290155410767,0.7029559867153732,0.6875895043568876,0.6946629792592471,227944000
2016-01-27,0.6917362213134766,0.7012488224089256,0.6785649632756572,0.6990535933515212,231700000
2016-01-28,0.6841750144958496,0.6997853979193408,0.6707598021695325,0.6973462736921294,276776000
2016-01-29,0.7144200205802917,0.7158835064959252,0.6873457637542671,0.6900287824973961,310504000
2016-02-01,0.7146637439727783,0.7183223994326575,0.7075902697561904,0.7136881063936958,289884000
2016-02-02,0.684418797492981,0.7110052646656946,0.6795405498367013,0.7073466080001345,341908000
2016-02-03,0.6878334283828735,0.6939312658699495,0.6719791555923951,0.6897847619661847,326772000
2016-02-04,0.6880773305892944,0.7036877073359988,0.6812477507822285,0.6888090152065277,348140000
2016-02-05,0.6446608304977417,0.6910042281131589,0.6427095552553859,0.6834429638574269,600428000
2016-02-08,0.6151476502418518,0.63807540319171,0.6061228395051664,0.6349045363173721,608852000
2016-02-09,0.6217331290245056,0.6475878476715768,0.6049031607848161,0.6078301320102532,425372000
2016-02-10,0.6202698349952698,0.6436854375713108,0.6168550729463961,0.6256359311815746,335800000
2016-02-11,0.6170987486839294,0.6234404806094196,0.6044152848329492,0.6044152848329492,340144000
2016-02-12,0.6275871396064758,0.6288067305802454,0.6036836915309368,0.6268553966528737,340816000
2016-02-16,0.6583200693130493,0.6592957652915341,0.6346605758240406,0.6366118514744207,485352000
2016-02-17,0.6746622323989868,0.6810039653268742,0.6639300421425806,0.6666131187833287,771468000
2016-02-18,0.7327133417129517,0.7556411477620102,0.7292985806481838,0.7300303234696751,1068660000
2016-02-19,0.7424700260162354,0.7490557131028268,0.7232009291205816,0.7288109200921429,525628000
2016-02-22,0.7688122987747192,0.777349258441014,0.7517384375954098,0.7532019230414353,449668000
2016-02-23,0.7707638144493103,0.7780811852574415,0.759055986264324,0.7627147007450366,369380000
2016-02-24,0.7761299014091492,0.7773494923656036,0.7463725682805745,0.767592997327159,336852000
2016-02-25,0.777837336063385,0.7817399459795406,0.7639343354866382,0.7790569271042531,349616000
2016-02-26,0.7727152109146118,0.7834473448142706,0.7649099909039675,0.781496068888261,361964000
2016-02-29,0.767696738243103,0.783853617814227,0.7672071712046866,0.7738167931446611,323344000
2016-03-01,0.8017240166664124,0.8017240166664124,0.7684310125493818,0.7696550466613304,348700000
2016-03-02,0.80637526512146,0.8093129005551298,0.7958488159710284,0.7973176336878633,233812000
2016-03-03,0.7992761731147766,0.8088233726947507,0.7885048808029955,0.8053961698524436,302004000
2016-03-04,0.7968279719352722,0.8061303857603968,0.7907079182979652,0.8053959769893136,175304000
2016-03-07,0.7916871905326843,0.7978072447883843,0.7814055250637802,0.7924215993779749,239968000
2016-03-08,0.7772439122200012,0.7882599865110853,0.7747959021958896,0.7836087499557243,274940000
2016-03-09,0.7767540812492371,0.7853220842391538,0.766717202705865,0.7840981088256556,222788000
2016-03-10,0.7755303978919983,0.7858120644907859,0.7598631436561258,0.7814056109348043,286084000
2016-03-11,0.7887493371963501,0.7889941789872318,0.7777333242913742,0.7870357364859126,277400000
2016-03-14,0.7907080054283142,0.7938904243319685,0.7814055322129668,0.7850775764730155,190312000
2016-03-15,0.7867910265922546,0.7916870457554053,0.7728373778137906,0.7865462431436427,226216000
2016-03-16,0.8102920055389404,0.8129848571844936,0.7772438439343358,0.780915887830473,363644000
2016-03-17,0.8034375309944153,0.8112711266775918,0.7924214586367745,0.8073543580185798,353680000
2016-03-18,0.8276727795600891,0.838444009270713,0.8078438625209414,0.8129847231278342,545512000
2016-03-21,0.8301209211349487,0.8303657046049157,0.8115160350188462,0.820328881954385,337780000
2016-03-22,0.8286521434783936,0.8345273555965489,0.8183704784977514,0.8274281677044762,242012000
2016-03-23,0.8428506255149841,0.8489706210388105,0.8286521331770266,0.8323241771834499,429008000
2016-03-24,0.8440746665000916,0.8455434842161647,0.8325690249994584,0.8352618185688165,244956000
2016-03-28,0.8526426553726196,0.8563146409722275,0.8416265818434785,0.8426057741123633,265388000
2016-03-29,0.8663514852523804,0.8683098697065567,0.8470121907154752,0.8489705751696515,261812000
2016-03-30,0.8754091262817383,0.8874043917155944,0.8690442891794817,0.8695339144816387,376700000
2016-03-31,0.872226893901825,0.8812845261863461,0.8653724883995396,0.8793261412900273,379884000
2016-04-01,0.8849563598632812,0.8854459851532265,0.8602314208415808,0.8668410412474857,348292000
2016-04-04,0.8763884902000427,0.8969518230763578,0.8729612875090463,0.8923005860727664,393940000
2016-04-05,0.8751643896102905,0.883242828154334,0.8651275081180535,0.8685547686861023,339568000
2016-04-06,0.8763884902000427,0.8768781155981143,0.8477467759943084,0.8641484388999353,453376000
2016-04-07,0.8673306703567505,0.8785915267886782,0.8636586849440361,0.8707578723059922,378104000
2016-04-08,0.8729612231254578,0.8800604698654791,0.8643931586647197,0.8744300408461745,255936000
2016-04-11,0.8783468008041382,0.8927900766670015,0.8754091655896035,0.8781019589594873,387524000
2016-04-12,0.8773673176765442,0.882508119232661,0.8602311957592073,0.8812840855106483,292764000
2016-04-13,0.8993998169898987,0.8996446005019013,0.8812844947028488,0.8812844947028488,350716000
2016-04-14,0.9018477201461792,0.9057645476990889,0.8932796562263668,0.8969517002963323,416564000
2016-04-15,0.9089469313621521,0.9170253696391724,0.8986652667281743,0.9016029018707845,436972000
2016-04-18,0.9050301909446716,0.9072334175133859,0.8962173430349782,0.9072334175133859,307320000
2016-04-19,0.8888732194900513,0.9101708989888244,0.8832427910936315,0.9084572979592824,309152000
2016-04-20,0.8923004269599915,0.8976860719177513,0.8864252150566266,0.8874044073129944,200172000
2016-04-21,0.8913213014602661,0.8967069468213908,0.8874044737762812,0.8925452772811076,178280000
2016-04-22,0.887894332408905,0.9003791692145311,0.8849566962827917,0.894259171772032,223540000
2016-04-25,0.8923004269599915,0.8971964466069884,0.8856908062730613,0.8881388160965598,191972000
2016-04-26,0.8930349349975586,0.9079678374361879,0.889118107171604,0.8976861716887026,214536000
2016-04-27,0.9133535027503967,0.9138431281574576,0.8891181832216934,0.8908317845986519,352396000
2016-04-28,0.8861803412437439,0.9131085066957705,0.8839771733377,0.907722861932334,381224000
2016-04-29,0.8697787523269653,0.8844668119280608,0.8602314960767051,0.8825084273273123,321904000
2016-05-02,0.8812844157218933,0.8866700610594614,0.8739403857334798,0.8781019968903979,256076000
2016-05-03,0.8707579970359802,0.8749196083369176,0.8631691832948782,0.8712476223982168,224024000
2016-05-04,0.8509289026260376,0.8609657237319932,0.8421160570467152,0.8602313150699539,525764000
2016-05-05,0.856069803237915,0.8661066838620259,0.8497049663458338,0.8580282460167159,246884000
2016-05-06,0.8648825883865356,0.8670858144692315,0.852887324200948,0.854600925032439,183240000
2016-05-09,0.8636587262153625,0.8707579139165649,0.8565594801490017,0.8670859283283787,333336000
2016-05-10,0.8803051710128784,0.8817739885961898,0.8607210922091493,0.8690443140277024,269676000
2016-05-11,0.8827531933784485,0.8925452329191382,0.8781019570870731,0.8829980352225774,328176000
2016-05-12,0.8707579970359802,0.8930349296273775,0.8550907441915396,0.8891181018249763,670540000
2016-05-13,1.0031952857971191,1.003684852689661,0.9547246615263811,0.9593758388312865,2110256000
2016-05-16,1.0328165292739868,1.0477494917925316,0.9924243288761654,0.9956067482023677,973032000
2016-05-17,1.0350196361541748,1.0423636076536826,1.0149458728128542,1.028165114896226,628392000
2016-05-18,1.061457872390747,1.0734531942426069,1.0281648747424712,1.0281648747424712,541072000
2016-05-19,1.066109299659729,1.0736981709691522,1.0558276934188198,1.0572963942558216,398880000
2016-05-20,1.085203766822815,1.0896102193441513,1.0710052754076054,1.0727188763775175,391084000
2016-05-23,1.0869171619415283,1.094016347939463,1.080307542776475,1.089854796399394,413636000
2016-05-24,1.1133017539978027,1.1167379727461377,1.0872854549849162,1.0902307184643822,415788000
2016-05-25,1.1086381673812866,1.1214007762548168,1.0998023800456933,1.1167375805888826,458076000
2016-05-26,1.1204193830490112,1.1285187983018137,1.107411234825826,1.110601917108246,309964000
2016-05-27,1.1265559196472168,1.128273971236676,1.1179655446664332,1.1216471841011206,277416000
2016-05-31,1.146681547164917,1.1491359731269801,1.1307281295119207,1.1314645041139282,412524000
2016-06-01,1.1488901376724243,1.1599346993996367,1.137845458911783,1.1412815603869286,387132000
2016-06-02,1.1569898128509521,1.166807281278782,1.143736125143272,1.1550262255386219,329208000
2016-06-03,1.140790581703186,1.1471719463211232,1.1206648114671856,1.145699431747839,461076000
2016-06-06,1.134900450706482,1.152571917288481,1.1290099228346637,1.1437361254807539,322512000
2016-06-07,1.1371089220046997,1.1481535991862892,1.1366180838736906,1.1417722353495225,193400000
2016-06-08,1.1334277391433716,1.141527155881611,1.1241011096791087,1.1373546794265101,234616000
2016-06-09,1.1628800630569458,1.1645981139428259,1.1270462965418016,1.1295007218264526,472168000
2016-06-10,1.133918285369873,1.1594437417363108,1.1324456538846235,1.1491354383729804,400024000
2016-06-13,1.1483992338180542,1.1707340114392035,1.1351456655256815,1.1351456655256815,475588000
2016-06-14,1.1506083011627197,1.1560078730051555,1.1329368368206818,1.145699567569567,298344000
2016-06-15,1.1623895168304443,1.17245240555196,1.1474178933398864,1.1601806271460893,301036000
2016-06-16,1.1670528650283813,1.169016335584172,1.1425091904973186,1.1537992924849547,246456000
2016-06-17,1.146681547164917,1.1687709126895995,1.1420182314637741,1.1685254935000875,471000000
2016-06-20,1.1672981977462769,1.1822698205461202,1.1643529336140375,1.165089308163829,293768000
2016-06-21,1.1601800918579102,1.1753971275110076,1.1584619242996848,1.1722064455315855,212508000
2016-06-22,1.1591987609863281,1.1702434427852937,1.1572352906080248,1.1626348634067243,202620000
2016-06-23,1.1901235580444336,1.191350770669128,1.1695068306766292,1.1702432050648208,297880000
2016-06-24,1.1223828792572021,1.162389118276159,1.1118291557874316,1.1412815543031896,1017684000
2016-06-27,1.110356330871582,1.1216464267072939,1.0939119667144341,1.1130560575271728,449088000
2016-06-28,1.1265559196472168,1.1326917513047219,1.1110933383085957,1.131464655193313,381920000
2016-06-29,1.1449635028839111,1.1537992959618024,1.1334279816712243,1.1363732460305214,318932000
2016-06-30,1.1537994146347046,1.1609170400405222,1.1376005760259271,1.1469270914116747,430940000
2016-07-01,1.145208716392517,1.162389344047084,1.141281775974391,1.1474177227819828,218488000
2016-07-05,1.1621441841125488,1.1641076547595575,1.1297465088197347,1.138827604449704,371084000
2016-07-06,1.1695070266723633,1.1763793483023106,1.148154038371293,1.15404456633026,273104000
2016-07-07,1.1999412775039673,1.2041137544926555,1.1719615025664993,1.177361075404688,395400000
2016-07-08,1.248046636581421,1.253937163333384,1.208040395963443,1.2127037101365084,481932000
2016-07-11,1.27676260471344,1.2860891147533935,1.2644907146660136,1.2659633461530415,448776000
2016-07-12,1.295906901359558,1.3076878380800687,1.2747992190615494,1.2909981679732256,436760000
2016-07-13,1.2954161167144775,1.3057245401068847,1.2934526465080265,1.2983613805408796,324604000
2016-07-14,1.3086696863174438,1.320450741617809,1.2914891757268292,1.3022884374076804,316892000
2016-07-15,1.2934528589248657,1.2993433875450398,1.2723452874138688,1.2919802267698222,428616000
2016-07-18,1.300079107284546,1.311369204447039,1.2951703744762193,1.309405734730393,252992000
2016-07-19,1.313578486442566,1.3187326394198784,1.296888697758742,1.299343123195622,382652000
2016-07-20,1.3307589292526245,1.3378766690338497,1.3125966266627895,1.3179961985047837,296460000
2016-07-21,1.3062154054641724,1.331986288928972,1.301797509633033,1.3278138122495424,361308000
2016-07-22,1.3418036699295044,1.3418036699295044,1.3013065866948872,1.3108786351897463,315768000
2016-07-25,1.3665928840637207,1.3697835671893395,1.3440126830260273,1.349903210960541,312528000
2016-07-26,1.3899093866348267,1.3970270099874498,1.3766558165114866,1.37861928670875,514508000
2016-07-27,1.375919222831726,1.4043899457731968,1.367574388047759,1.401935520642566,446676000
2016-07-28,1.3788644075393677,1.3891727116199044,1.3746919318686217,1.3791098266317483,221916000
2016-07-29,1.4014447927474976,1.4051263136998104,1.3592296602584235,1.3840187474552734,409588000
2016-08-01,1.3923636674880981,1.4124895584525865,1.3832825741184487,1.4073354053995235,301120000
2016-08-02,1.3754286766052246,1.39972692879621,1.362175105779861,1.3989905542873249,282748000
2016-08-03,1.3791097402572632,1.3818095841712073,1.3661015929083977,1.3737101694627927,299828000
2016-08-04,1.4046355485916138,1.4110169143257532,1.3830371429709982,1.3857368705276707,272712000
2016-08-05,1.4284433126449585,1.4291795702418753,1.4139625266043097,1.4208347323094377,371588000
2016-08-08,1.4416964054107666,1.4515138723001972,1.4264792498087435,1.44807777059224,305064000
2016-08-09,1.4453781843185425,1.4593681297990322,1.4416966628360033,1.44881428664004,372344000
2016-08-10,1.4360512495040894,1.4603494967969761,1.4313879353327152,1.4581406077825074,375740000
2016-08-11,1.465258240699768,1.4713941866030817,1.4407145741199476,1.4436598375162129,681064000
2016-08-12,1.5472339391708374,1.5555787727388348,1.488083729949594,1.5192541755526305,1425744000
2016-08-15,1.5457617044448853,1.5585244356598535,1.52489955665376,1.5489523872486273,573304000
2016-08-16,1.5364353656768799,1.546007298135411,1.5317720505115422,1.5435529894888143,287652000
2016-08-17,1.5008466243743896,1.5398711898095812,1.488820268408481,1.5364350881050357,595212000
2016-08-18,1.5241633653640747,1.5266176738400163,1.4927473742311825,1.4986379018269622,331684000
2016-08-19,1.528090000152588,1.5396255168595838,1.5167999025407624,1.5234266862440702,291560000
2016-08-22,1.534471869468689,1.5366808761186472,1.514591511819855,1.53275381820398,244748000
2016-08-23,1.546889305114746,1.5569707375576736,1.5424632674876793,1.5500858683038827,339764000
2016-08-24,1.5230371952056885,1.5530357221610356,1.5159064583613155,1.5522981082457166,298448000
2016-08-25,1.512956142425537,1.5242670460016414,1.4940227575094571,1.5235294319038766,406032000
2016-08-26,1.5252512693405151,1.5338573568951035,1.504842413426321,1.5168910532518938,300024000
2016-08-29,1.5242670774459839,1.5375450694724764,1.5218082464869427,1.5313979334503216,274652000
2016-08-30,1.5154151916503906,1.5304144012138627,1.5112350264036314,1.5223000593517733,285544000
2016-08-31,1.5082842111587524,1.5225458054012815,1.5038582921431158,1.5183657577477245,388544000
2016-09-01,1.552790641784668,1.55844603642996,1.5082846299168344,1.509514104317683,428492000
2016-09-02,1.537544846534729,1.5577078202710162,1.5200868092344797,1.5559866036745256,323148000
2016-09-06,1.5520527362823486,1.5520527362823486,1.5350864369990123,1.5429549081337186,306812000
2016-09-07,1.529185175895691,1.55475767980405,1.5203332184461744,1.5471350794661827,397988000
2016-09-08,1.5402498245239258,1.542708772629055,1.5102514080355838,1.5277094471357848,315808000
2016-09-09,1.4635329246520996,1.531890109590132,1.4507466717501456,1.5232840229250235,697760000
2016-09-12,1.493776798248291,1.4967274891955367,1.4094368211265575,1.4441072638830377,598260000
2016-09-13,1.4721386432647705,1.5073008299541724,1.4637784301303711,1.4900885436780977,471768000
2016-09-14,1.4851711988449097,1.490088979612642,1.4632871154657,1.47558150876046,319048000
2016-09-15,1.5414793491363525,1.5432005659667585,1.4841870992481314,1.4876296501580462,515212000
2016-09-16,1.5451678037643433,1.555249234354075,1.5274637737596153,1.5468890207613921,902444000
2016-09-19,1.5655766725540161,1.6046730384238237,1.5542657676153167,1.5613965070824707,417128000
2016-09-20,1.551315426826477,1.583526931901536,1.5427093397927698,1.583526931901536,331112000
2016-09-21,1.5948374271392822,1.5977881182878575,1.5557410625434402,1.5559869339309695,336212000
2016-09-22,1.5987716913223267,1.6090991109074535,1.5896738632403529,1.6041813311404325,308732000
2016-09-23,1.5970503091812134,1.6054105221960524,1.58991957029332,1.60073873156205,276132000
2016-09-26,1.5820505619049072,1.588443684491516,1.5621335802692724,1.578854000611603,230040000
2016-09-27,1.636146903038025,1.6386058516393285,1.5751664550646398,1.5759040692955573,402752000
2016-09-28,1.6420480012893677,1.6432774753769326,1.621147410797175,1.638605567643468,319788000
2016-09-29,1.6572932004928589,1.662456968582102,1.6240982184855006,1.6393432996205262,336684000
2016-09-30,1.6848331689834595,1.7013077268645918,1.6565558447703035,1.666391405214237,429932000
2016-10-03,1.6831111907958984,1.709175544977784,1.6801606175904986,1.6848325246019176,242596000
2016-10-04,1.679423451423645,1.713847911394138,1.6668830713972007,1.6855707057306568,281624000
2016-10-05,1.6777018308639526,1.7108969257901816,1.6725381806974093,1.6936846413192745,305440000
2016-10-06,1.6558178663253784,1.6678663841821006,1.6292617651680936,1.6575390831620531,360212000
2016-10-07,1.6437695026397705,1.6713090938230215,1.6390975940976245,1.666883056691127,286260000
2016-10-10,1.6499170064926147,1.66122791381916,1.6344259328120494,1.6523758382162252,287876000
2016-10-11,1.6260652542114258,1.6469658455302651,1.6135248759703007,1.6445070145069878,388540000
2016-10-12,1.6334420442581177,1.6420481290424291,1.6059024556992094,1.6194263199672863,419920000
2016-10-13,1.6068861484527588,1.617951183030333,1.5663144331677372,1.6142628772541838,390116000
2016-10-14,1.6226229667663574,1.6376221773834705,1.6130332786876005,1.6265571436580495,330636000
2016-10-17,1.613278865814209,1.6376218888210472,1.6110659063587134,1.6223768094906514,195328000
2016-10-18,1.6378679275512695,1.6472117435388243,1.6290159715756078,1.6356549678696313,269372000
2016-10-19,1.6344257593154907,1.6420483596229003,1.6184429444366293,1.626803276257209,199060000
2016-10-20,1.6654075384140015,1.6708171778754877,1.6302454681598935,1.6536048912010406,312084000
2016-10-21,1.660736083984375,1.6636866584484162,1.644999139680195,1.6595066095623627,279508000
2016-10-24,1.7386828660964966,1.740649954719726,1.671800914913672,1.6720469035845629,339836000
2016-10-25,1.7672055959701538,1.7777788857660306,1.7273716195161235,1.7357318324540394,397460000
2016-10-26,1.774336576461792,1.7937618233043355,1.7507311642326158,1.7524523812155555,333792000
2016-10-27,1.7379447221755981,1.7913026772577199,1.7308139836400607,1.7878602436716604,388664000
2016-10-28,1.7349944114685059,1.7728613039022156,1.7317978487614911,1.7463053166433955,290856000
2016-10-31,1.7497477531433105,1.7613045297346759,1.739666204958014,1.740649807811178,252388000
2016-11-01,1.6978648900985718,1.7657303114294216,1.679177259333946,1.7561406246816427,473224000
2016-11-02,1.6907342672348022,1.734010799245971,1.6877835759444084,1.7108972462197485,295848000
2016-11-03,1.6710630655288696,1.700077999698752,1.6386056974404062,1.6986026541266301,309664000
2016-11-04,1.661473274230957,1.6899964638461793,1.6371302496840205,1.659997928750921,328780000
2016-11-07,1.7524522542953491,1.763517286812363,1.708929855594617,1.7101593297074198,487580000
2016-11-08,1.7497477531433105,1.7647469638470723,1.7335190681853736,1.7590914526273365,429884000
2016-11-09,1.7202409505844116,1.7433546209261794,1.6897507864936945,1.7022910486402323,456532000
2016-11-10,1.666391372680664,1.758108095141311,1.6415566006319595,1.7578622237223824,869280000
2016-11-11,2.1630876064300537,2.182758726679528,1.9302304918411075,1.9550653808178253,2175344000
2016-11-14,2.0566177368164062,2.1684973252303106,2.05612599396707,2.166038376485371,1348796000
2016-11-15,2.1193199157714844,2.1503018315084295,2.063748742524243,2.0726008189483567,626092000
2016-11-16,2.2530832290649414,2.2759507961711947,2.123253734789657,2.147596764966273,987984000
2016-11-17,2.27177095413208,2.330784320309661,2.2289860408799753,2.269803748126852,832988000
2016-11-18,2.295621156692505,2.3194721991729272,2.2572624164691018,2.271769879713921,576060000
2016-11-21,2.2862777709960938,2.319964610659471,2.2720160591541996,2.313571486091982,436436000
2016-11-22,2.3027524948120117,2.3049654546499023,2.271524599437203,2.294146409610084,330368000
2016-11-23,2.3140804767608643,2.3456012477045203,2.2845296218984457,2.307923901883703,443236000
2016-11-25,2.3187592029571533,2.3419073590922155,2.30028971458301,2.3251618994317003,195564000
2016-11-28,2.31752872467041,2.3330428750497494,2.304969449254329,2.3116185050451232,278736000
2016-11-29,2.296348810195923,2.3256535300488514,2.2786183990376814,2.3148180569834453,444568000
2016-11-30,2.2704927921295166,2.318759256290163,2.2680301623097487,2.3049686702090457,440500000
2016-12-01,2.1582000255584717,2.2697546543328415,2.087524218908041,2.2680308598986696,1035524000
2016-12-02,2.1781466007232666,2.186765571482453,2.0961428477584234,2.123969911144943,478292000
2016-12-05,2.262612819671631,2.280589597773427,2.1916906654250154,2.2160701412692054,602284000
2016-12-06,2.299797296524048,2.3081701440007603,2.2549784200149245,2.27073892212742,498796000
2016-12-07,2.3411684036254883,2.346832263911973,2.2680299943109308,2.2862531248383515,480804000
2016-12-08,2.302013635635376,2.379338476584963,2.291424749797631,2.344123761453964,381544000
2016-12-09,2.2611348628997803,2.321467881085111,2.2338002840050817,2.3197440872755095,382312000
2016-12-12,2.20621919631958,2.2150845216654815,2.1557364655001052,2.212621892150074,601332000
2016-12-13,2.2451281547546387,2.272709092399748,2.2175474519588376,2.2185324099588852,387796000
2016-12-14,2.375153064727783,2.3914060516215154,2.254979222698998,2.2788662238684814,983980000
2016-12-15,2.4308059215545654,2.4610956056732656,2.378845521389709,2.3862331747591368,746548000
2016-12-16,2.472670555114746,2.4798118541252965,2.406673425851203,2.458387487394947,1089528000
2016-12-19,2.502713441848755,2.522906489801455,2.437947639397064,2.4551858133707114,744656000
2016-12-20,2.589888334274292,2.6135289679443043,2.564031193043631,2.5753591483506755,848056000
2016-12-21,2.6061418056488037,2.6090969147712464,2.553935269234529,2.6014629024423797,576136000
2016-12-22,2.637661933898926,2.6810031284998628,2.6233788720929025,2.630520402995914,718612000
2016-12-23,2.7034125328063965,2.7048902043482363,2.6169762627850868,2.619685014146113,647692000
2016-12-27,2.8890912532806396,2.890076211264854,2.738874122770622,2.7595598843842577,1194272000
2016-12-28,2.690361738204956,2.9533645624792473,2.676571385996024,2.945238071377652,2295764000
2016-12-29,2.7440452575683594,2.7455229292610333,2.5315252089659706,2.5832392560731705,2175368000
2016-12-30,2.628551721572876,2.756113217105124,2.617716475579737,2.7420765043200728,1212932000
2017-01-03,2.512071132659912,2.619439299024829,2.447305333164635,2.570926479918963,1501996000
2017-01-04,2.57068133354187,2.5980159231941164,2.5002516468401983,2.546301853704682,1199220000
2017-01-05,2.505422830581665,2.605895851736158,2.4884310092119506,2.57412871731837,984296000
2017-01-06,2.5389132499694824,2.5672327873848086,2.492124224383963,2.5327566756296522,822856000
2017-01-09,2.6418495178222656,2.6595801760163793,2.5487643842759837,2.5487643842759837,916248000
2017-01-10,2.6219019889831543,2.6888838279758356,2.601216227653637,2.654900429494152,880920000
2017-01-11,2.589641809463501,2.6152525921326384,2.5647698626000075,2.6103275680766425,525664000
2017-01-12,2.54728627204895,2.57831480110489,2.5024673900122973,2.566740721303315,625616000
2017-01-13,2.54703950881958,2.5857018057941867,2.537927826594289,2.5512256971711915,457820000
2017-01-17,2.489908218383789,2.5413759171939216,2.476610345173752,2.5364508920435815,580612000
2017-01-18,2.535219192504883,2.542114367579101,2.4406564224381517,2.4684834796373702,654424000
2017-01-19,2.589641809463501,2.621655287799923,2.535957849521863,2.538174122089525,644872000
2017-01-20,2.5613222122192383,2.6300280692201143,2.539405374268875,2.6122974194169943,492024000
2017-01-23,2.5879180431365967,2.6078649661546693,2.5536882918711568,2.5561509213497877,369904000
2017-01-24,2.643079996109009,2.649236570552918,2.5832394546401636,2.5980149984562435,428052000
2017-01-25,2.6544082164764404,2.691593084362673,2.618454663601592,2.685436509305752,522760000
2017-01-26,2.7002124786376953,2.707600135016842,2.6275665255028944,2.657117385868843,458800000
2017-01-27,2.7524185180664062,2.7553736270467835,2.6805114141923023,2.707107160166379,471996000
2017-01-30,2.7093236446380615,2.7337031194918775,2.6573634636139505,2.7314868462959554,496004000
2017-01-31,2.6886379718780518,2.7100623363803122,2.664504620414469,2.682974110712364,362756000
2017-02-01,2.806103467941284,2.810289658161604,2.705384083514468,2.7231145072487437,590004000
2017-02-02,2.8415634632110596,2.8501826677664237,2.759559955115388,2.7900957670524495,483240000
2017-02-03,2.8166911602020264,2.854122378076812,2.8048709610173166,2.8430407798822652,372744000
2017-02-06,2.888845682144165,2.8893381612702296,2.8073343981215704,2.8073343981215704,506768000
2017-02-07,2.9336633682250977,2.977743402409355,2.9033736833165245,2.92307424938158,746224000
2017-02-08,2.92085862159729,2.938096561997288,2.8659430995597863,2.9156872394772906,449580000
2017-02-09,2.865943193435669,2.931940317849044,2.84673533627469,2.927015057659529,842568000
2017-02-10,2.797976016998291,2.972326024291052,2.7728577100279783,2.9533642917420075,1651092000
2017-02-13,2.6689374446868896,2.806841440131201,2.66450466360983,2.7923122515689043,1180724000
2017-02-14,2.6787877082824707,2.712524988306012,2.617469488484855,2.6593332597593418,850632000
2017-02-15,2.684204578399658,2.7039051443628312,2.6536687716115215,2.681742183791215,373020000
2017-02-16,2.6411101818084717,2.695040507826372,2.6019551653259714,2.6938091928902037,647176000
2017-02-17,2.6406173706054688,2.6450501511821183,2.580530706971194,2.627565855492,563740000
2017-02-21,2.7351808547973633,2.739120922220078,2.6649973029739695,2.6652436599344766,551952000
2017-02-22,2.7309887409210205,2.7566318497696405,2.7120028419778888,2.7472622342175907,433772000
2017-02-23,2.4777631759643555,2.6232384155874513,2.457791310962338,2.6012939132964576,1592888000
2017-02-24,2.5016798973083496,2.5149945501322906,2.3596566203254294,2.393436470411494,1029904000
2017-02-27,2.5744175910949707,2.58945821358181,2.5041457185052396,2.519926109269733,715400000
2017-02-28,2.5021731853485107,2.593896695778086,2.4849134924579066,2.5840337453883926,625360000
2017-03-01,2.5344736576080322,2.57343141688114,2.4930501608142492,2.5591303273777637,504804000
2017-03-02,2.4410250186920166,2.535707396762479,2.4383128475757117,2.5216529702451873,754332000
2017-03-03,2.426969528198242,2.4353527049547687,2.3724778211254973,2.4304214660060404,864692000
2017-03-06,2.408230781555176,2.4188332648489874,2.346588753996947,2.3907244212734886,883568000
2017-03-07,2.4346132278442383,2.454092223641577,2.3954090387484164,2.408230590751672,603400000
2017-03-08,2.430176019668579,2.497735743785284,2.427956949269048,2.4829415492121663,638712000
2017-03-09,2.429682493209839,2.4521200963053884,2.4015736460201955,2.4141487679898432,478060000
2017-03-10,2.443983554840088,2.467900696715974,2.4257376575347798,2.456065577283112,499740000
2017-03-13,2.511296510696411,2.5211592265030816,2.453599517411828,2.454339285762394,774136000
2017-03-14,2.509570360183716,2.533487262050806,2.4772698095247807,2.524117882584532,522016000
2017-03-15,2.5285563468933105,2.5394052643475793,2.4735715209383504,2.521159368408387,615036000
2017-03-16,2.559623956680298,2.5601172924028957,2.5251045648417083,2.539158989438443,523100000
2017-03-17,2.6153478622436523,2.616580730932381,2.559623279183123,2.5771296383300237,1119688000
2017-03-20,2.698688268661499,2.702633543331177,2.616827699169849,2.632854760257934,748568000
2017-03-21,2.611402988433838,2.7112632512080093,2.6035129097920455,2.6814284357489484,913484000
2017-03-22,2.6646623611450195,2.6693471697338502,2.596362869929974,2.6003079100190574,616764000
2017-03-23,2.6404976844787598,2.676743272195003,2.6308816377159383,2.6567711752663525,533940000
2017-03-24,2.6498680114746094,2.6947434571137365,2.6239784669591857,2.6868533773982914,439500000
2017-03-27,2.669099807739258,2.673044846802414,2.553952495726283,2.6032660718799345,506644000
2017-03-28,2.65529203414917,2.684880179626342,2.6449362185040113,2.670332657130807,432444000
2017-03-29,2.646662473678589,2.675017753430691,2.644443403678584,2.6626892993636937,349992000
2017-03-30,2.697455883026123,2.712250077823837,2.6481422922766575,2.6538133023050525,525532000
2017-03-31,2.685865640640259,2.709536338617241,2.6727976583489452,2.687838277186878,440808000
2017-04-03,2.6723058223724365,2.7036199433126895,2.6486351131959043,2.6863602471595716,445232000
2017-04-04,2.4849143028259277,2.574665205417551,2.47406538306322,2.5495151910425293,1271280000
2017-04-05,2.466421365737915,2.5241183659061894,2.4533531422834494,2.4661746978763994,747048000
2017-04-06,2.4844205379486084,2.49650232368194,2.42647687673287,2.471598983863446,635120000
2017-04-07,2.473818302154541,2.5083379285756626,2.458777676649441,2.490831565080686,429068000
2017-04-10,2.4106969833374023,2.481215303377011,2.406505275745916,2.474558092919108,756332000
2017-04-11,2.4193265438079834,2.4385588747554636,2.3756839737901276,2.380615214082827,618148000
2017-04-12,2.3993546962738037,2.4336276546714446,2.3941767876076034,2.4193267976618027,414092000
2017-04-13,2.354480028152466,2.3968897477286104,2.354480028152466,2.375191904784588,506892000
2017-04-17,2.4466960430145264,2.4469424757415257,2.3621230587989563,2.367300967814718,497292000
2017-04-18,2.4481749534606934,2.4543392978362455,2.406505020123017,2.4323945610632527,370116000
2017-04-19,2.457791328430176,2.4898449797975166,2.4511338832850535,2.4656814073507545,380828000
2017-04-20,2.496748924255371,2.501433731781274,2.4511337178342854,2.4723386856137792,404016000
2017-04-21,2.5071051120758057,2.5098172828340286,2.4745581223942428,2.48639324173117,341896000
2017-04-24,2.538419246673584,2.5514872351030125,2.517707611360955,2.5386656793916544,371820000
2017-04-25,2.5825552940368652,2.5971028214464322,2.5315157317266523,2.552967138565064,388440000
2017-04-26,2.5648019313812256,2.5985815525529263,2.562829294058148,2.596116049831211,327004000
2017-04-27,2.604745388031006,2.613128565937457,2.5541989473585147,2.572198407009779,319700000
2017-04-28,2.5717053413391113,2.6047454232550895,2.566034098246857,2.5978415465991236,348248000
2017-05-01,2.6294028759002686,2.6345810200816477,2.5754044801179,2.5825550267057733,307732000
2017-05-02,2.551488161087036,2.6037608392126774,2.5288038800686663,2.6025279697377237,629972000
2017-05-03,2.5704731941223145,2.580089243550584,2.529789455876309,2.5445834142499137,336904000
2017-05-04,2.56061053276062,2.587732947135197,2.552720217662704,2.5766373605397486,209788000
2017-05-05,2.560856819152832,2.5680073653635804,2.5334877384674614,2.549021699900861,228428000
2017-05-08,2.5339808464050293,2.5741712438808233,2.522638593602529,2.5726919422869488,365240000
2017-05-09,2.5381720066070557,2.587239148199595,2.531268129725915,2.539651543164826,847672000
2017-05-10,2.9906253814697266,3.003693605988614,2.811370491575143,2.8180277026296503,2129096000
2017-05-11,3.119086980819702,3.2159884116789885,2.9565987084732877,2.960050647498926,1939792000
2017-05-12,3.1533594131469727,3.1955226779818804,3.101333668577834,3.1222919670908342,962620000
2017-05-15,3.311656951904297,3.3141226899803264,3.1900988394755987,3.194537215041597,1087540000
2017-05-16,3.3732993602752686,3.3888333237292874,3.2882335037002997,3.362696873510335,1120700000
2017-05-17,3.14916729927063,3.3252168297861413,3.1449755933938173,3.3064776047925966,1271368000
2017-05-18,3.2810823917388916,3.289958907163751,3.1326483080191996,3.1930574761868824,1156032000
2017-05-19,3.356858491897583,3.411654063421219,3.3376059047269275,3.382281680494977,1018372000
2017-05-22,3.428438425064087,3.44275434225173,3.389686324519008,3.400546902765279,836608000
2017-05-23,3.382282257080078,3.450406753591109,3.349700986374515,3.448185346114529,681248000
2017-05-24,3.4202933311462402,3.4820002887222214,3.4081985847960987,3.4792850262876858,815996000
2017-05-25,3.4126412868499756,3.456329819661916,3.367718586765042,3.455589272219452,608228000
2017-05-26,3.5010056495666504,3.585914382037418,3.3842562012676813,3.4044960270114477,779140000
2017-05-30,3.575794219970703,3.6108435788504414,3.530871523758099,3.54691522613737,989652000
2017-05-31,3.5629591941833496,3.6283684068161226,3.5061886810035987,3.6207167115541283,887316000
2017-06-01,3.563206911087036,3.579744473543979,3.5177905816397708,3.578756998282334,503340000
2017-06-02,3.5454349517822266,3.5864082256650867,3.5395110425623693,3.5602444894385137,487456000
2017-06-05,3.6532983779907227,3.6661334355876862,3.5175432689218282,3.529144159204467,817376000
2017-06-06,3.636761426925659,3.69476588428931,3.623432748114296,3.6486090106505538,758728000
2017-06-07,3.6806962490081787,3.6994552153968474,3.645646886231819,3.6611969705518947,612612000
2017-06-08,3.947766065597534,3.949246925855312,3.7466011684914413,3.7878213880845117,1161744000
2017-06-09,3.6925442218780518,4.159048889611222,3.5234670604482456,4.066241764242859,3692928000
2017-06-12,3.701676368713379,3.744377660004456,3.5076698955579926,3.6007239382701126,1697532000
2017-06-13,3.736973762512207,3.8201547222385503,3.5950475593548266,3.8110219297675916,1672504000
2017-06-14,3.7448720932006836,3.8026298604821727,3.66539363724414,3.7399356586448547,1184640000
2017-06-15,3.760915517807007,3.791275139323659,3.6160273819205333,3.6273815800058506,963824000
2017-06-16,3.742403745651245,3.818426861938629,3.7083416176110013,3.7705421993230743,924960000
2017-06-19,3.8830959796905518,3.8882793421521797,3.7828838346456255,3.7865861018934224,778176000
2017-06-20,3.877417802810669,3.992192766970438,3.8732219166605835,3.92530245606144,1095444000
2017-06-21,3.9361629486083984,3.93986545047521,3.843108900641262,3.9050627803432056,682652000
2017-06-22,3.909012794494629,3.957638007227699,3.885070461931788,3.9443090918682695,469132000
2017-06-23,3.796952962875366,3.932461401726266,3.7818962604311466,3.916664387087889,1088588000
2017-06-26,3.7554848194122314,3.865323109375783,3.6611966122469384,3.829779894841677,1063960000
2017-06-27,3.6180026531219482,3.7465999414300133,3.612325670902897,3.7379610042720257,999492000
2017-06-28,3.745612621307373,3.750302363577399,3.5975158191080308,3.6856334470177785,994948000
2017-06-29,3.6204705238342285,3.7201887975477743,3.556295234042989,3.717227078382043,1064424000
2017-06-30,3.5681426525115967,3.651323592293624,3.541978919665479,3.637747988368251,731060000
2017-07-03,3.439052104949951,3.5950472880457967,3.4205400645331614,3.580237749869711,709072000
2017-07-05,3.530872106552124,3.559750869758772,3.4834810681840955,3.502486727821574,820188000
2017-07-06,3.541485071182251,3.58838248370793,3.4496651961438953,3.5017459697287294,746284000
2017-07-07,3.6224451065063477,3.640710454242314,3.575300995238046,3.5982560848767595,654972000
2017-07-10,3.793743848800659,3.801148618044155,3.6698363096762208,3.696000047370384,958492000
2017-07-11,3.84755277633667,3.855204473935507,3.7554859482692535,3.7974467035320805,757956000
2017-07-12,4.011198997497559,4.023293508643737,3.864336605650091,3.907284596067423,1145208000
2017-07-13,3.964796304702759,4.104747578112432,3.9183927294636742,4.023294393748755,1369132000
2017-07-14,4.071424961090088,4.072905585227561,3.974174554706052,3.981085703303223,941948000
2017-07-17,4.054146766662598,4.13436599670438,3.9924398114879054,4.105486998563466,930792000
2017-07-18,4.0963544845581055,4.1109173290578065,3.9813323526820366,3.9931801703744516,776640000
2017-07-19,4.075127601623535,4.131897890535368,4.063033090468467,4.105487225635089,687044000
2017-07-20,4.134365558624268,4.134612250832255,4.0457545649310775,4.095613696570663,699596000
2017-07-21,4.149176597595215,4.178796150816961,4.099564140190557,4.113880296813304,648332000
2017-07-24,4.101044178009033,4.165960015272796,4.090430762517662,4.156333839503097,652524000
2017-07-25,4.081298351287842,4.095614505552068,4.037609811725018,4.078089468803546,496556000
2017-07-26,4.128442764282227,4.194345852172963,4.093639851310675,4.138809489255288,640404000
2017-07-27,3.992194652557373,4.16497438172163,3.889020529267391,4.153373251248048,782856000
2017-07-28,4.057602882385254,4.082039069638215,3.931474163667702,3.956403500061353,513348000
2017-07-31,4.011198997497559,4.1072150099242135,3.964548740219443,4.071178168733269,559672000
2017-08-01,4.060070991516113,4.061798778862777,3.9739283164362345,4.001819606236166,431384000
2017-08-02,4.057602882385254,4.09512082159271,3.9805929950472776,4.091171862173042,478444000
2017-08-03,4.109190464019775,4.112892731334429,4.04007849249658,4.057109675402849,442420000
2017-08-04,4.127207279205322,4.197799847685275,4.109188863419418,4.131896784591453,589096000
2017-08-07,4.2540788650512695,4.254572249661559,4.1467083931712665,4.15633504251401,717412000
2017-08-08,4.203477382659912,4.308625696034879,4.164231666597999,4.292088373656495,755336000
2017-08-09,4.248155117034912,4.250623452541486,4.138563468634708,4.1573224418551815,530784000
2017-08-10,4.0662431716918945,4.261730828937944,4.056123137108763,4.24938915110966,1328088000
2017-08-11,3.8495264053344727,3.924562034123847,3.774244084324852,3.878652094070656,1497196000
2017-08-14,4.156579494476318,4.160281760205382,3.9294979376241708,3.941098825335606,1279020000
2017-08-15,4.1215314865112305,4.187927956892457,4.087222429939349,4.161764452996445,764532000
2017-08-16,4.076361179351807,4.160035981173589,4.044027078594935,4.136587508431528,596632000
2017-08-17,3.985527753829956,4.084999312758989,3.9833065826558847,4.067968607540246,525444000
2017-08-18,3.9862687587738037,4.056861805037799,3.9403588213355816,4.0398306270772775,601204000
2017-08-21,3.928264617919922,4.022059214711739,3.8843293916788144,4.0107052521167,623672000
2017-08-22,4.01571798324585,4.021647107244542,3.9455573108628452,3.9648268460583105,450456000
2017-08-23,4.096007347106934,4.107124394390922,3.973719826983056,3.982366838160459,579520000
2017-08-24,4.080937385559082,4.132570187142209,4.05450394694322,4.128122991276822,469700000
2017-08-25,4.046845436096191,4.115277026310178,4.040422022995432,4.1051480879288755,357200000
2017-08-28,4.075503826141357,4.078715533758807,4.010283920808854,4.0658691744902455,389496000
2017-08-29,4.06883430480957,4.090574591680294,4.008555403725338,4.0167081291021915,324096000
2017-08-30,4.093043327331543,4.104160375447395,4.058209784248239,4.088596131124303,384400000
2017-08-31,4.185932159423828,4.189884594462449,4.105889695478259,4.113300746776235,612684000
2017-09-01,4.211132526397705,4.246707285377912,4.1898865290513045,4.19853354489339,445432000
2017-09-05,4.098724842071533,4.164685927722926,4.040669568436136,4.159744913013204,695364000
2017-09-06,4.096254825592041,4.145417126803286,4.061421751476795,4.1315826609190855,397672000
2017-09-07,4.11527681350708,4.1476393730992385,4.075008442630327,4.11305321573309,352868000
2017-09-08,4.043882846832275,4.118490510315932,4.019672522205438,4.103667929899692,498856000
2017-09-11,4.175063133239746,4.185686365439459,4.084150506309246,4.089585812737442,567444000
2017-09-12,4.1901326179504395,4.19976726883674,4.124912717795177,4.19976726883674,411488000
2017-09-13,4.208907127380371,4.237811073354014,4.1325701950274585,4.164932756991166,580960000
2017-09-14,4.1849446296691895,4.263010886896249,4.145417446607477,4.169874673196361,513712000
2017-09-15,4.449529647827148,4.449529647827148,4.265233913757522,4.270421838742263,1364792000
2017-09-18,4.633332252502441,4.723504159979542,4.566877319927074,4.573794554972817,1684460000
2017-09-19,4.628390312194824,4.690151590035903,4.560946819620732,4.582934007934181,874280000
2017-09-20,4.591086387634277,4.679528490973391,4.550818006967465,4.632095967739287,724920000
2017-09-21,4.465588569641113,4.513515393191882,4.3877692087374545,4.487328382624456,1075600000
2017-09-22,4.422106742858887,4.503878979231145,4.4122251848955205,4.4542228664422705,491232000
2017-09-25,4.224472999572754,4.392463810381696,4.203721293315459,4.391228320513244,874580000
2017-09-26,4.248189449310303,4.414204058026508,4.208415341756035,4.3591130787726895,1125620000
2017-09-27,4.341324329376221,4.354664978327722,4.267704793105925,4.338606911938268,713720000
2017-09-28,4.340089321136475,4.352441389956523,4.292656321376752,4.348488482909472,435244000
2017-09-29,4.416427135467529,4.440143168766719,4.378876160408837,4.424085570412428,619092000
2017-10-02,4.422106742858887,4.495726258050364,4.372698010639883,4.46657493169675,503480000
2017-10-03,4.431249618530273,4.461142157992084,4.3870283186451555,4.428284819931719,390332000
2017-10-04,4.468304634094238,4.490538730475756,4.400861145576816,4.437423997031144,427848000
2017-10-05,4.465835094451904,4.496221919319482,4.435942559673739,4.492763302297276,437364000
2017-10-06,4.478928089141846,4.492268737526768,4.42210782119383,4.438165886901295,318800000
2017-10-09,4.579969882965088,4.61307412500029,4.496962604035996,4.515738088031934,563492000
2017-10-10,4.667424201965332,4.766736463553364,4.626167704766562,4.729185493034331,974876000
2017-10-11,4.71707820892334,4.718560607408297,4.638023867340963,4.6839739795652235,529508000
2017-10-12,4.719303131103516,4.770194271759322,4.692128016857599,4.720538149386886,528292000
2017-10-13,4.807252407073975,4.817381350640847,4.734621435665446,4.78155968391956,628728000
2017-10-16,4.889765739440918,4.892730538342259,4.773901568008992,4.837145270955624,576640000
2017-10-17,4.885317802429199,4.913727938457339,4.850731631821245,4.869012826113845,478596000
2017-10-18,4.881118297576904,4.894952766703675,4.775877379947897,4.894212038315825,567316000
2017-10-19,4.886552810668945,4.891493355125341,4.754383704636298,4.80354553818605,570772000
2017-10-20,4.86431884765625,4.930773766667701,4.855424924983251,4.903599122192229,451620000
2017-10-23,4.8574018478393555,4.912492810132891,4.837143964821431,4.8860588926733035,428696000
2017-10-24,4.9082932472229,4.910022555803963,4.840602831906107,4.866542460622054,407244000
2017-10-25,4.784276008605957,4.921633517896593,4.722762103989005,4.868765684317784,828160000
2017-10-26,4.834426403045654,4.846037272057175,4.7879819845971525,4.811945393324472,322744000
2017-10-27,4.986852169036865,4.987099078409989,4.860611741608708,4.886551833020618,572192000
2017-10-30,5.035769462585449,5.0913542546699935,4.971043364963283,4.986854525134156,504056000
2017-10-31,5.109140872955322,5.135821701122341,5.061955251356024,5.0676374671846816,411908000
2017-11-01,5.118774890899658,5.187206497016649,5.054543100970461,5.171889631202626,502576000
2017-11-02,5.087646961212158,5.133844464633295,5.031073608406742,5.089129360038813,342308000
2017-11-03,5.155585289001465,5.155585289001465,5.072825387009423,5.118775518887614,353640000
2017-11-06,5.178807735443115,5.187454278695054,5.106423681590806,5.1187757516075,389944000
2017-11-07,5.23809814453125,5.259591517591013,5.189430596341997,5.201535756027736,427700000
2017-11-08,5.1671953201293945,5.237356225426621,5.119762801157114,5.233650228568619,522988000
2017-11-09,5.072330951690674,5.097282470540594,4.950043865501621,5.071095933261017,978564000
2017-11-10,5.339633464813232,5.40213594615253,5.228216059538987,5.264037716113875,1253256000
2017-11-13,5.252921104431152,5.365079247319964,5.237604237396695,5.339633909944473,582376000
2017-11-14,5.291211128234863,5.3065279904275755,5.218332813737976,5.2620598024361085,529292000
2017-11-15,5.187453746795654,5.237357254277296,5.133598274691764,5.236121764681548,501948000
2017-11-16,5.227721691131592,5.291706570443448,5.218828240077163,5.26156712942435,441768000
2017-11-17,5.221545696258545,5.320116742852594,5.206476211237084,5.284789376587814,515664000
2017-11-20,5.2887444496154785,5.300849612955418,5.2003018362151945,5.23711161647805,396100000
2017-11-21,5.337409019470215,5.349020357257276,5.296646824926538,5.328515569693695,399176000
2017-11-22,5.313429355621338,5.364603401437361,5.280796753760585,5.364603401437361,356640000
2017-11-24,5.363615036010742,5.364604302984841,5.305271860968274,5.329746552241181,180752000
2017-11-27,5.2938995361328125,5.3735034565377005,5.290685597573749,5.372267580222662,422896000
2017-11-28,5.209104537963867,5.308485788723278,5.1480420576916535,5.299091524717661,512752000
2017-11-29,4.855831623077393,5.194518318416205,4.727525876354188,5.191799013287495,1396788000
2017-11-30,4.961887836456299,5.010589667152647,4.861518260215559,4.924558332358532,823768000
2017-12-01,4.88698148727417,4.947549809155839,4.7581815604906845,4.927277851021323,811548000
2017-12-04,4.614549160003662,4.951752974930178,4.561150426033752,4.945572177331344,1240844000
2017-12-05,4.641247749328613,4.763867340713629,4.464240637498747,4.509233894140655,981488000
2017-12-06,4.6788249015808105,4.70057981590424,4.569554753420891,4.590815505787302,467032000
2017-12-07,4.7463154792785645,4.7861176844595095,4.700085867020088,4.745573764706416,542600000
2017-12-08,4.733954429626465,4.815288871788571,4.725548960552822,4.7962527901116925,466876000
2017-12-11,4.812320709228516,4.815287566463719,4.732222636805319,4.748044303631449,372748000
2017-12-12,4.717885971069336,4.792051304210866,4.694400541581964,4.768812955757313,455016000
2017-12-13,4.6026811599731445,4.760158004473663,4.5952644882047915,4.75892212827652,554280000
2017-12-14,4.60984992980957,4.680801289276357,4.563620336167987,4.596252935029286,438164000
2017-12-15,4.735684394836426,4.755956350678538,4.588837670049454,4.653855800100561,670036000
2017-12-18,4.892419815063477,4.895386201110876,4.746561891674161,4.776227638262321,477704000
2017-12-19,4.848168849945068,4.888218135155699,4.819738973531287,4.8830266048069735,373100000
2017-12-20,4.865224838256836,4.896621088245738,4.80960098522997,4.887474379467583,288820000
2017-12-21,4.8427300453186035,4.893656551211097,4.834324576081271,4.868687696026286,300904000
2017-12-22,4.827404022216797,4.83679828986943,4.728022732875864,4.805896180504228,466276000
2017-12-26,4.881048679351807,4.8887124345860995,4.74211276107306,4.772026067435474,355080000
2017-12-27,4.8743720054626465,4.9435928592426945,4.853111728930233,4.8676975196944525,329488000
2017-12-28,4.880059242248535,4.9290081539900426,4.873878916976199,4.898106056099769,240248000
2017-12-29,4.78364372253418,4.906263289793141,4.78364372253418,4.906263289793141,279964000
2018-01-02,4.928267002105713,4.931975574915346,4.80836716924357,4.840010513694793,355616000
2018-01-03,5.2526140213012695,5.283021951983341,5.037041087712095,5.045693635907356,914704000
2018-01-04,5.28030252456665,5.390561458402305,5.2580529787285135,5.333948798451929,583268000
2018-01-05,5.32504940032959,5.362378902130493,5.2182514813558765,5.295136099778255,580124000
2018-01-08,5.4882121086120605,5.562376945946601,5.40366374138329,5.448657465829834,881216000
2018-01-09,5.486728668212891,5.533205349807111,5.405147158706325,5.493650707108688,497000000
2018-01-10,5.529744625091553,5.533205644723922,5.339882235713851,5.394269754440875,582664000
2018-01-11,5.5396342277526855,5.593774672411092,5.518125921264661,5.562377939225992,406032000
2018-01-12,5.512440204620361,5.56213083346744,5.471896759438468,5.527767713884781,359916000
2018-01-16,5.4414896965026855,5.624430098509603,5.356941772491859,5.538893378827407,702348000
2018-01-17,5.55545711517334,5.565345544034999,5.362133639217097,5.456075835282118,538408000
2018-01-18,5.5485334396362305,5.602920961181686,5.505023139482716,5.536172317788228,408632000
2018-01-19,5.688705921173096,5.712933062868841,5.611821761287608,5.6387682086696005,609380000
2018-01-22,5.777209281921387,5.778939791980217,5.639015086686578,5.696616552157048,550944000
2018-01-23,5.90625524520874,5.928998951121904,5.812065540208573,5.830606512556118,475228000
2018-01-24,5.829370021820068,5.945314625235562,5.773746167584213,5.909468089002627,579972000
2018-01-25,5.842968940734863,5.927022687812408,5.828136065229593,5.883759466256507,409884000
2018-01-26,6.015526294708252,6.015773375702054,5.87387108303846,5.886726367645368,516356000
2018-01-29,6.102546215057373,6.133695865743513,5.948283276709119,6.000940289789049,455116000
2018-01-30,6.0004472732543945,6.091917715966181,5.8938968703990655,5.960645533605336,570832000
2018-01-31,6.076587200164795,6.162371435590869,6.043212885055399,6.075845485847454,478576000
2018-02-01,5.945563316345215,6.103782374746491,5.885242550829288,5.896614405666831,519224000
2018-02-02,5.773005962371826,5.883017823518851,5.714910340786968,5.859037766125038,718464000
2018-02-05,5.283024787902832,5.765839122486444,5.0679459007402246,5.611823210406779,1165204000
2018-02-06,5.576716423034668,5.5796828094628586,5.043222362588904,5.053111260406739,1114800000
2018-02-07,5.6563191413879395,5.8088520224182325,5.604403849222482,5.675602300998352,802932000
2018-02-08,5.37746000289917,5.815033378045082,5.377212450372198,5.781906606178712,1144000000
2018-02-09,5.737405776977539,5.905760305698723,5.37745838142469,5.889938639059941,1674604000
2018-02-12,5.637282371520996,5.8214590233001084,5.563117549002199,5.81849216634343,1093172000
2018-02-13,5.751004219055176,5.797233825982517,5.568558015791659,5.600943543045118,625524000
2018-02-14,5.968307971954346,5.997232480595256,5.6995833395823405,5.710708114326644,744988000
2018-02-15,6.093894004821777,6.140123614163556,5.970780238771598,6.051620049105671,698900000
2018-02-16,6.028135299682617,6.180420672673594,6.0189881148811955,6.066701158630165,637656000
2018-02-20,6.157675743103027,6.226649058218339,6.046922166296753,6.050630738607877,686240000
2018-02-21,5.970531940460205,6.229121034663457,5.966823839825248,6.222198995329635,892292000
2018-02-22,5.990074157714844,6.076158949559299,5.92452115396755,6.004421780296115,534364000
2018-02-23,6.083580017089844,6.083580017089844,5.9992268134324815,6.049937723791968,415300000
2018-02-26,6.099659442901611,6.134291147269622,6.037321903217607,6.129838566968247,469312000
2018-02-27,6.086795806884766,6.157296327600096,6.063790259578754,6.072942654144722,455436000
2018-02-28,5.98636531829834,6.137260977998317,5.974738687757787,6.097681742160122,523116000
2018-03-01,5.7441887855529785,6.038064781515423,5.643014183931714,5.984137927134577,1040120000
2018-03-02,5.851299285888672,5.857731157872728,5.48791220161582,5.636581770758997,913428000
2018-03-05,5.829283237457275,5.868862461194918,5.67764497674849,5.801082934384353,620776000
2018-03-06,5.990321636199951,6.0096167807084235,5.871583954901183,5.914626352576446,636808000
2018-03-07,5.982405662536621,6.034600925571789,5.886178593560381,5.887415237939275,581208000
2018-03-08,5.9660797119140625,6.009864286952542,5.921800195990279,6.009864286952542,411912000
2018-03-09,6.0687384605407715,6.08160126127383,5.997495756531961,6.013574493359089,505524000
2018-03-12,6.178323268890381,6.258471133876668,6.1018858090413,6.110049266529086,605060000
2018-03-13,6.1276116371154785,6.29557633587513,6.086300829106872,6.221117704568923,619772000
2018-03-14,6.153090476989746,6.197864451803636,6.090752946151923,6.17065356119216,505496000
2018-03-15,6.167934894561768,6.249072184426835,6.125881898571958,6.166698249895169,401952000
2018-03-16,6.196133136749268,6.215180572278445,6.14665887381346,6.184259275898951,399456000
2018-03-19,5.961626052856445,6.168180086769697,5.862677998532088,6.139238081666054,713772000
2018-03-20,6.1738715171813965,6.212708574538938,5.964595957830835,5.964595957830835,554696000
2018-03-21,6.148639678955078,6.23373507357065,6.1182128440574095,6.167439412804749,438688000
2018-03-22,5.9826531410217285,6.131817654472062,5.945300439939562,6.085312086055111,551196000
2018-03-23,5.762989521026611,5.998733338024541,5.751857832041946,5.996259576936651,735620000
2018-03-26,6.047709941864014,6.048946585938202,5.835466243394381,5.88741378729677,611424000
2018-03-27,5.578696250915527,6.18425886794055,5.4384373994498025,6.128600443764784,1409000000
2018-03-28,5.475543975830078,5.67442952116933,5.367937981675976,5.544312918280471,945904000
2018-03-29,5.728851795196533,5.825573344917321,5.459465227589927,5.543818444736515,916628000
2018-04-02,5.4681220054626465,5.80454586517351,5.380305635906855,5.658350072240164,922092000
2018-04-03,5.574492454528809,5.69817766625001,5.475544379516176,5.635098415873719,667432000
2018-04-04,5.5965070724487305,5.606896582110358,5.2937255263248995,5.3187098907714105,789168000
2018-04-05,5.476284503936768,5.667996415938977,5.404794587799451,5.654885912967682,701240000
2018-04-06,5.2999114990234375,5.481728923775231,5.270721779495073,5.373627973333602,662988000
2018-04-09,5.328605651855469,5.4908806613704835,5.308568333237937,5.3629901209044295,499524000
2018-04-10,5.637820243835449,5.664783439018401,5.501766207757249,5.558909006710869,761676000
2018-04-11,5.5965070724487305,5.664286591542333,5.563854192991754,5.622975787367334,460244000
2018-04-12,5.803311347961426,5.821122147431124,5.645241623244525,5.689521151407714,593920000
2018-04-13,5.726624965667725,5.875294542336591,5.678387810631916,5.866883850157043,503036000
2018-04-16,5.726377010345459,5.759772068510178,5.632128766535358,5.733303350839929,350792000
2018-04-17,5.876035690307617,5.897309651565031,5.722913559794327,5.778571987342751,447224000
2018-04-18,5.847094535827637,5.9183372448355,5.758041503434041,5.825573335218507,391364000
2018-04-19,5.665771007537842,5.766203415613488,5.610360284087309,5.732808357753259,471996000
2018-04-20,5.657608509063721,5.741466776753307,5.626439974443959,5.657113568209707,386200000
2018-04-23,5.538129806518555,5.726625876008202,5.512156022265951,5.6754204830275965,427508000
2018-04-24,5.471834659576416,5.659835789739547,5.406528874705391,5.563856404456344,414596000
2018-04-25,5.359526634216309,5.481233002124547,5.202199155015307,5.442148248859253,588492000
2018-04-26,5.5712761878967285,5.57943964540982,5.4552595001524455,5.521307448364798,375824000
2018-04-27,5.5987324714660645,5.696938804643074,5.556432262531253,5.677149197342116,400848000
2018-04-30,5.56335973739624,5.6647815544991635,5.544065066862429,5.615060055741544,327844000
2018-05-01,5.618771076202393,5.621492071160562,5.4965697630116805,5.555196895059056,253788000
2018-05-02,5.598238945007324,5.6598338309055425,5.572017463213078,5.615307560848776,268248000
2018-05-03,5.763484001159668,5.789705491284045,5.584882507939317,5.6301514394729795,443144000
2018-05-04,5.913638114929199,5.916854051621705,5.717473525833498,5.73478938214438,400660000
2018-05-07,6.151607036590576,6.208749820964347,6.008379459798583,6.018274502147228,687616000
2018-05-08,6.194156169891357,6.196877165520586,6.102876132191082,6.151855468982241,506616000
2018-05-09,6.327239036560059,6.329465562369185,6.186980177944928,6.214191069333768,596760000
2018-05-10,6.434847354888916,6.443999751623154,6.362367525570258,6.3801783217513455,994080000
2018-05-11,6.296318054199219,6.426435115465543,6.1976177030218045,6.253028426489826,1214456000
2018-05-14,6.3168511390686035,6.394278487687708,6.293103883483099,6.3344147000781295,523140000
2018-05-15,6.074427604675293,6.255997768809494,5.973995186275982,6.253276301798969,963528000
2018-05-16,6.085559368133545,6.147649204681876,5.998979630934426,6.035837863261541,553828000
2018-05-17,6.1276116371154785,6.221364939063378,6.071211032157134,6.087290238906246,519784000
2018-05-18,6.083828449249268,6.242887552265371,6.07888092730814,6.179561064341261,483716000
2018-05-21,6.041775703430176,6.185003308276982,5.949011786438576,6.181292902580256,640624000
2018-05-22,6.003679275512695,6.080363961709433,5.943073324410694,6.055132360187595,518264000
2018-05-23,6.127193450927734,6.1284313321656025,5.946748890896969,5.947491525217017,442956000
2018-05-24,6.130906581878662,6.173233436306639,6.07026361612952,6.12348118238234,437372000
2018-05-25,6.170261859893799,6.186598396993781,6.107886248482947,6.143529387558674,292112000
2018-05-29,6.153183460235596,6.221252766783395,6.106401745810423,6.15219343848618,352684000
2018-05-30,6.262092590332031,6.270755868998887,6.162093332512731,6.186845759609439,390996000
2018-05-31,6.242292404174805,6.316797092649026,6.2195204862231686,6.230163810813742,493868000
2018-06-01,6.376697540283203,6.382886002900926,6.278430910272674,6.2870941914013905,421968000
2018-06-04,6.555657863616943,6.577687149398921,6.378678582333933,6.410856418879275,642024000
2018-06-05,6.56110143661499,6.598725091601168,6.514071867882268,6.558873533840813,391712000
2018-06-06,6.563081741333008,6.566299665875008,6.454666577604137,6.471003115592232,371356000
2018-06-07,6.507391452789307,6.571252356674682,6.417044981888055,6.559371148483567,369448000
2018-06-08,6.492042541503906,6.534616304382778,6.415805210438967,6.434617037797069,360456000
2018-06-11,6.450954437255859,6.521003316281931,6.438083210085904,6.479419569477482,265372000
2018-06-12,6.49946928024292,6.511597873941147,6.427192492915206,6.477439996064136,319160000
2018-06-13,6.495013236999512,6.575953296705752,6.485854709811067,6.500953839484804,338208000
2018-06-14,6.606647491455078,6.6633303763700225,6.52521217052203,6.540063915400962,430016000
2018-06-15,6.5658040046691895,6.620754217353846,6.5185270496548515,6.549467467711949,432260000
2018-06-18,6.5615973472595215,6.5791712953958426,6.494518535226833,6.521745785467801,356268000
2018-06-19,6.439816951751709,6.525707609834143,6.312342539855125,6.458380925227257,594932000
2018-06-20,6.4927849769592285,6.545754673527847,6.442537485711738,6.480903773505965,369780000
2018-06-21,6.36407470703125,6.543034032415994,6.356401447084333,6.524717446791154,359516000
2018-06-22,6.211597919464111,6.398230914334071,6.196251876829021,6.38486444274248,434160000
2018-06-25,5.918781280517578,6.108879215508375,5.830167928802584,6.105166514595262,665816000
2018-06-26,5.989818096160889,6.080411932290979,5.938333188048644,6.032144948964095,478884000
2018-06-27,5.834622383117676,6.099719763619654,5.829176554205577,6.033383571629185,453892000
2018-06-28,5.961848258972168,5.973729464341513,5.817046835717521,5.824720094513832,338012000
2018-06-29,5.863829135894775,6.039570513021553,5.8625912545835215,6.026947145172465,392300000
2018-07-02,5.996006488800049,5.999719188362645,5.773730319704715,5.794274805229378,357572000
2018-07-03,5.862343788146973,6.036600366310155,5.8539278949520925,6.030659763591027,222732000
2018-07-05,6.008136749267578,6.013086859354121,5.878681810206047,5.91754288903805,306216000
2018-07-06,6.121996879577637,6.13041277430718,5.962344155628874,5.983631279911403,296352000
2018-07-09,6.169521331787109,6.205907589644901,6.090809156405648,6.196254285361601,303880000
2018-07-10,6.268529415130615,6.290558696266897,6.141549807869426,6.181896142852078,360016000
2018-07-11,6.126946926116943,6.2103622874078965,6.116303128848898,6.175709161682702,367508000
2018-07-12,6.218529224395752,6.266548817062336,6.16234159872692,6.172242759822992,345508000
2018-07-13,6.171253681182861,6.23709509565278,6.129174681101911,6.23709509565278,246988000
2018-07-16,6.143530368804932,6.196500547179623,6.131154388342587,6.143530368804932,197036000
2018-07-17,6.279420852661133,6.294519983644975,6.068778485957057,6.094273554163843,362136000
2018-07-18,6.23016357421875,6.285856429863127,6.1791739121311835,6.2719951808340175,277640000
2018-07-19,6.238332271575928,6.271995848071747,6.196253745183028,6.2113524050045354,235752000
2018-07-20,6.210114479064941,6.274718004265432,6.199223295098016,6.235856934177022,222352000
2018-07-23,6.17348051071167,6.185361715839446,6.021748466095487,6.183629059763035,301584000
2018-07-24,6.156154632568359,6.308134081443769,6.138580210335063,6.221500795903618,354620000
2018-07-25,6.234371662139893,6.246995502268984,6.107639430235458,6.1655601902637835,319112000
2018-07-26,6.307885646820068,6.344766672079411,6.197490430567395,6.214322216849172,325124000
2018-07-27,6.238083839416504,6.3514495873228665,6.184123643197227,6.344518963231708,295420000
2018-07-30,6.042788982391357,6.258134554954722,6.0078879968154,6.252193951620231,340340000
2018-07-31,6.060858726501465,6.135610813746627,5.993532512122562,6.032393588684353,283988000
2018-08-01,6.100708961486816,6.147491151329469,6.036848069062112,6.092293539965737,283556000
2018-08-02,6.203430652618408,6.207390739420515,5.970511169517146,6.029421473661982,269668000
2018-08-03,6.240063190460205,6.263825597343778,6.21110328819832,6.227934599646429,214288000
2018-08-06,6.287837505340576,6.2913028181665664,6.180907582645178,6.227441918340896,207508000
2018-08-07,6.360111236572266,6.378675673263767,6.309864224795741,6.336596692594503,258132000
2018-08-08,6.396498680114746,6.441548209075582,6.326449804495059,6.361350784661163,262100000
2018-08-09,6.347984790802002,6.417043649922473,6.340311531776017,6.4143209719674585,204280000
2018-08-10,6.3066487312316895,6.339074425046387,6.25491643127771,6.266055003162194,256396000
2018-08-13,6.3395676612854,6.460359266452225,6.31357782390052,6.315310479726179,375208000
2018-08-14,6.471004009246826,6.4851131184338255,6.3618461961554695,6.445014166156838,466220000
2018-08-15,6.412837028503418,6.525707553680187,6.334124384188572,6.491796588157246,591136000
2018-08-16,6.372241497039795,6.485112470810512,6.312093310687602,6.482637180461502,801260000
2018-08-17,6.059868812561035,6.261600543945651,6.03288847114546,6.260857909434439,1143188000
2018-08-20,6.134619235992432,6.2672915871843875,5.9088777625110716,6.019273444980766,854388000
2018-08-21,6.270261764526367,6.274717098015095,6.1311535720442585,6.150955421415639,673988000
2018-08-22,6.505410194396973,6.5103607759306446,6.234124841517208,6.237590154168091,749856000
2018-08-23,6.604915142059326,6.670261311800539,6.452935678285209,6.466796929792318,720684000
2018-08-24,6.738081932067871,6.752685816243328,6.6088748776803055,6.613330211949979,531512000
2018-08-27,6.829169750213623,6.903426571652201,6.736348487358723,6.767783683108289,505776000
2018-08-28,6.79154634475708,6.846001789806466,6.671497355930979,6.82322940119538,475384000
2018-08-29,6.897048473358154,6.92206196450255,6.763065004466942,6.783868247909224,420108000
2018-08-30,6.880208492279053,6.9770432588958675,6.843307293074484,6.865844143444432,346608000
2018-08-31,6.951286315917969,6.964164582855906,6.85024130690597,6.86014788410666,306592000
2018-09-04,7.026079177856445,7.06372294254184,6.909679259186631,6.938159959694549,391720000
2018-09-05,6.895316123962402,7.0439114994853425,6.814331778928327,7.008496377751813,393156000
2018-09-06,6.754149913787842,6.881446508281345,6.721211440505451,6.878969863861159,322796000
2018-09-07,6.732852458953857,6.858415465198194,6.617195559249997,6.662021742372641,295420000
2018-09-10,6.803929805755615,6.833649068285126,6.7115532777255975,6.755388894724343,220140000
2018-09-11,6.756132125854492,6.845288971213909,6.736814486572646,6.757617734744121,243112000
2018-09-12,6.642209053039551,6.735824145269348,6.486679259759987,6.716258982589444,419092000
2018-09-13,6.719972610473633,6.810615518833046,6.69074887087124,6.708084907521545,305536000
2018-09-14,6.84603214263916,6.912157091570153,6.773468295405647,6.810369498288386,386936000
2018-09-17,6.784116744995117,6.869559324792952,6.764799579701815,6.820522898619614,205528000
2018-09-18,6.712048053741455,6.890857722488368,6.705361633265959,6.788079574792285,299520000
2018-09-19,6.735823631286621,6.753655188534426,6.643447104654831,6.693474096148274,224860000
2018-09-20,6.594657897949219,6.656077073612248,6.540668183187939,6.613727540408757,430584000
2018-09-21,6.524570465087891,6.652115059487093,6.491384467825127,6.606545839657025,435128000
2018-09-24,6.58029317855835,6.583760386082952,6.406436812150973,6.493612518071677,293912000
2018-09-25,6.647410869598389,6.672424371033029,6.56073018055796,6.646420306032426,280388000
2018-09-26,6.610508441925049,6.692731343574274,6.59465848304821,6.652362933380086,268548000
2018-09-27,6.6223955154418945,6.666974170040904,6.5909431234419324,6.645675406030237,214428000
2018-09-28,6.959707260131836,6.98199658940961,6.726412815712354,6.7543984748710395,709396000
2018-10-01,7.166254997253418,7.233122511977839,6.998837506764681,7.037472312262081,622060000
2018-10-02,7.094929218292236,7.250458530825907,7.072639889324717,7.138764835612138,383964000
2018-10-03,7.101119041442871,7.1726923067681065,6.997102353120733,7.165262374612399,320552000
2018-10-04,6.9168620109558105,7.089232303552453,6.83983992928761,7.064961849861577,391220000
2018-10-05,6.683319568634033,6.954258228447809,6.625862647195452,6.892096013348278,426636000
2018-10-08,6.58202600479126,6.715513951091251,6.441108126514127,6.600105080801252,408612000
2018-10-09,6.576331615447998,6.656077396879092,6.508473066511357,6.56147174817955,273500000
2018-10-10,6.084728717803955,6.516150462653945,6.082499596022799,6.470333247557232,684940000
2018-10-11,5.8232011795043945,6.131041059295213,5.801654891488775,5.997552610324311,725436000
2018-10-12,6.105779647827148,6.180077568316361,5.935142945429617,6.080271106089191,608236000
2018-10-15,5.829392910003662,6.092406625842798,5.828402346595804,6.092406625842798,449760000
2018-10-16,6.088196754455566,6.0993414201351985,5.892794057086273,5.942078014376701,408712000
2018-10-17,6.019594192504883,6.188497754822828,5.970557765839343,6.150357996946321,329668000
2018-10-18,5.932171821594238,6.127327008909181,5.871743194685495,6.08894019202198,524020000
2018-10-19,5.675596714019775,6.006964028245726,5.639191028881573,5.98739933813214,613608000
2018-10-22,5.72636604309082,5.827906101486831,5.623587898682398,5.727852124203009,368844000
2018-10-23,5.47474479675293,5.552261920968703,5.367012895548835,5.459141890450927,626436000
2018-10-24,4.938563823699951,5.4829178213294165,4.924694992215334,5.436358037810588,884288000
2018-10-25,5.147340297698975,5.19464312196533,4.79665536662568,4.840986500866575,951720000
2018-10-26,4.910826206207275,5.0730424094284645,4.7827865641589655,4.91132125169537,664784000
2018-10-29,4.597042560577393,5.055458942547149,4.359042352110635,5.051991734578472,758016000
2018-10-30,5.027473449707031,5.037380028442786,4.597042712392315,4.620075082818437,807192000
2018-10-31,5.221389293670654,5.264977379565254,5.052485756061305,5.192165554608554,745772000
2018-11-01,5.4016852378845215,5.411096296902786,5.131241642928247,5.257795185700031,566528000
2018-11-02,5.322680950164795,5.49802335597436,5.206033535616648,5.392273079217625,452960000
2018-11-05,5.244669437408447,5.332836176667664,5.083938864720117,5.30955581546362,379332000
2018-11-06,5.227086067199707,5.320948666439074,5.1899368749067065,5.236744649352382,299012000
2018-11-07,5.294697284698486,5.38434964719211,5.230058418828138,5.293706721323058,483812000
2018-11-08,5.101522922515869,5.236248967742835,5.0480282573411275,5.235505927235626,511352000
2018-11-09,5.09359884262085,5.183994255795322,4.978932970747533,5.012614491117399,413240000
2018-11-12,4.694124221801758,5.024253391951755,4.672329941196356,5.002211588631082,617116000
2018-11-13,4.936087131500244,5.0574398781904035,4.785758163668603,4.791950011125851,644712000
2018-11-14,4.883584022521973,5.1235653745236975,4.7756050500639295,5.109201023774201,526580000
2018-11-15,5.012366771697998,5.084435576631756,4.841729582049803,4.877640223132298,840708000
2018-11-16,4.072253704071045,4.2265449308494185,4.002413554547017,4.044763563105875,1963520000
2018-11-19,3.5836219787597656,4.007613472473547,3.5818883751644006,4.006870904394006,1697820000
2018-11-20,3.69209623336792,3.8203833647144605,3.301538511098753,3.320112868050244,1692032000
2018-11-21,3.5838701725006104,3.8461408270095885,3.5566277914460134,3.8293000694747925,1025496000
2018-11-23,3.591052293777466,3.7047275825885855,3.5363197735557215,3.5491980413944635,411968000
2018-11-26,3.7904179096221924,3.80081953360021,3.629687311092119,3.7121577346649683,814832000
2018-11-27,3.807258367538452,3.8884904623931336,3.7285029171076736,3.7644133165110176,738060000
2018-11-28,3.9642744064331055,3.969475218562402,3.7923991386658646,3.9248965589560467,804524000
2018-11-29,3.901057720184326,4.003690928347455,3.870813183574996,3.9665050381833353,549172000
2018-11-30,4.051536560058594,4.062196359376761,3.8604004099039946,3.910725452990059,729564000
2018-12-03,4.215404033660889,4.330432877684511,4.148469133745996,4.27886825607698,890804000
2018-12-04,3.894860029220581,4.175738014736769,3.8797375249651904,4.170779770110979,812112000
2018-12-06,3.9241130352020264,3.9290710434368714,3.7386788933452997,3.7542969384549214,692308000
2018-12-07,3.659349203109741,3.938492131897453,3.6100159377771313,3.928327870622595,681676000
2018-12-10,3.764708995819092,3.789499746439385,3.6107589498672916,3.6144776333869713,629472000
2018-12-11,3.6737279891967773,3.8646159494665118,3.594645722771727,3.856435033506064,671912000
2018-12-12,3.691328763961792,3.7875163938795193,3.590182889360843,3.679429165859756,654136000
2018-12-13,3.6910812854766846,3.8023914357571926,3.6551349520666765,3.7381836710207472,471384000
2018-12-14,3.6305925846099854,3.733225816190171,3.6070413893740767,3.6494333043765343,471820000
2018-12-17,3.5594429969787598,3.672736260981906,3.5014328001530988,3.600595584328574,662868000
2018-12-18,3.6427395343780518,3.726779806904519,3.576052647688927,3.6033222877793443,564372000
2018-12-19,3.433753728866577,3.6625715674947257,3.3821891188746425,3.609023612340748,745364000
2018-12-20,3.3492183685302734,3.515315816674143,3.2894728318279185,3.4253257377620923,749588000
2018-12-21,3.212125062942505,3.408715008848187,3.1846074211946065,3.375743345539681,863740000
2018-12-24,3.150397539138794,3.222290453288002,3.0864375351151834,3.1357710440016953,463840000
2018-12-26,3.2996370792388916,3.3006286338053847,3.0854456890133535,3.196507838814262,695100000
2018-12-27,3.251790761947632,3.2817875322578445,3.1032947150243366,3.2473285301751025,637044000
2018-12-28,3.3132715225219727,3.4059887234706374,3.230470812150282,3.2723669445805466,628728000
2018-12-31,3.3095526695251465,3.389130463425832,3.2788121199157003,3.35665481188456,465140000
2019-01-02,3.376983165740967,3.433010007847513,3.224024907740163,3.2386513988649237,508752000
2019-01-03,3.1729559898376465,3.350704994204598,3.1655188592795396,3.3167417748790142,705552000
2019-01-04,3.376239776611328,3.4144172229901493,3.2153483666881577,3.2460886819625787,585620000
2019-01-07,3.5549795627593994,3.5919176761419904,3.3821885921211816,3.433505423739429,709160000
2019-01-08,3.466477394104004,3.6387726148066433,3.3938407168639566,3.636541262836668,786016000
2019-01-09,3.5346519947052,3.5820021461537053,3.4672213296042775,3.5177941511133715,617260000
2019-01-10,3.6003482341766357,3.6090249291348933,3.4548270565053283,3.515316387163505,523156000
2019-01-11,3.689593553543091,3.71240095974809,3.550269993885523,3.5780354085235424,874764000
2019-01-14,3.729506254196167,3.7547927822667417,3.6137338873293614,3.637285077023628,730168000
2019-01-15,3.715376615524292,3.8016480130469583,3.6970314368176425,3.762230762261631,617012000
2019-01-16,3.6898412704467773,3.775616871967183,3.684387484891723,3.7426454425624702,470104000
2019-01-17,3.7612380981445312,3.8011511144580608,3.629599688199825,3.6568695595645706,493436000
2019-01-18,3.890397548675537,3.91642786002907,3.759502917198431,3.811067526306895,651336000
2019-01-22,3.6881062984466553,3.8718051248869383,3.657861758814869,3.860153532195278,661552000
2019-01-23,3.700997829437256,3.832140498706805,3.6697617321374816,3.7433899797440273,591020000
2019-01-24,3.9129579067230225,3.930559063641579,3.780823689667241,3.7855339283477747,708972000
2019-01-25,3.9702236652374268,3.9883208339458593,3.750826525052834,3.8534597378662765,1154572000
2019-01-28,3.421358585357666,3.511348652137013,3.247576258086447,3.385164247758499,2511528000
2019-01-29,3.262451410293579,3.4235908713930034,3.2478249144561775,3.375248914852076,1153932000
2019-01-30,3.4059879779815674,3.4203664606112083,3.2589792999802416,3.3385573226344136,974228000
2019-01-31,3.563657522201538,3.599356087315755,3.3809502350805616,3.4027660905454074,842852000
2019-02-01,3.5879523754119873,3.6390212200351972,3.5346526511512444,3.5822505818322514,625048000
2019-02-04,3.698270797729492,3.735456694006044,3.581754626882313,3.603818252368476,528592000
2019-02-05,3.7173593044281006,3.7540494212708473,3.6764547263616927,3.710169943306687,542424000
2019-02-06,3.792970895767212,3.8574266662735943,3.745124963345141,3.750578749480347,702464000
2019-02-07,3.6546380519866943,3.7488425638041223,3.6117503745663906,3.7466114484873114,637120000
2019-02-08,3.673232316970825,3.6838921195709684,3.5730779770913506,3.5874564639333686,461604000
2019-02-11,3.6305925846099854,3.6833965323202618,3.58225063266026,3.6291050162676237,495180000
2019-02-12,3.747603416442871,3.763221698228791,3.654638455410912,3.6690171760124177,591060000
2019-02-13,3.7899956703186035,3.8631281274147784,3.7634695803135063,3.7771045173246294,605372000
2019-02-14,3.8309006690979004,3.859162100657443,3.745868604000875,3.7890045354396915,827264000
2019-02-15,3.900561809539795,4.062444524187962,3.8777544044591794,4.039637355529462,1516748000
2019-02-19,3.8832085132598877,3.9637783399398536,3.8708133735449413,3.8899020967574383,551892000
2019-02-20,3.930558681488037,3.9977413414428553,3.901305934134855,3.9124615126387052,540988000
2019-02-21,3.861640691757202,3.967744582570565,3.8470141998365723,3.9432020733846347,448548000
2019-02-22,3.946424722671509,3.965265675504686,3.8998183542291325,3.9134532916355846,401740000
2019-02-25,3.9340298175811768,4.097400123693652,3.9253528882636495,4.029969689522631,656020000
2019-02-26,3.8946120738983154,3.9853459185193723,3.8611446314982167,3.929319077471246,488464000
2019-02-27,3.8527157306671143,3.906759223526521,3.7956971020218964,3.880233372464804,500256000
2019-02-28,3.828148365020752,3.8688470752041852,3.805813975406926,3.8465124489245444,324944000
2019-03-01,3.882495880126953,3.9246832162652767,3.8197108091107466,3.8780288130854856,357188000
2019-03-04,3.8906846046447754,3.9437912191320272,3.8341035000517394,3.920960309383723,409992000
2019-03-05,3.884232997894287,3.922449791756113,3.820703376411174,3.875050838071082,362924000
2019-03-06,3.7733047008514404,3.8837367593047767,3.770574997278908,3.8752993861415765,403524000
2019-03-07,3.7040672302246094,3.759407506394355,3.657909114121381,3.749729058125882,450104000
2019-03-08,3.7383134365081787,3.7489844603728097,3.593386642546014,3.614728690275275,422416000
2019-03-11,3.9988837242126465,4.021714400158295,3.714738037001707,3.7618889634089263,859728000
2019-03-12,4.033130645751953,4.079536553232424,3.950492384431136,4.0266781888127765,579576000
2019-03-13,4.184508800506592,4.213791933021078,4.063157465934027,4.070602498606583,768900000
2019-03-14,4.108572006225586,4.205603580882713,4.100878946410553,4.193691715792876,519384000
2019-03-15,4.214040756225586,4.256724382835705,4.148277479222248,4.151751733403672,661484000
2019-03-18,4.1926984786987305,4.299408249429872,4.165648524041506,4.245556839208918,486992000
2019-03-19,4.3604559898376465,4.404877217207409,4.270373406211956,4.287248152364877,854972000
2019-03-20,4.327946186065674,4.442845049775503,4.2932031779906765,4.389490172372882,719148000
2019-03-21,4.56469202041626,4.590997418225042,4.346061623085033,4.351024977136727,824312000
2019-03-22,4.404877185821533,4.58603540155432,4.390980169089334,4.537395842991622,747644000
2019-03-25,4.312561511993408,4.428452990653888,4.246302174787017,4.36417927990448,525212000
2019-03-26,4.3892436027526855,4.510346463080188,4.332910504637301,4.454261864103649,703508000
2019-03-27,4.380060195922852,4.461209104969056,4.31057512314032,4.414803205645676,474372000
2019-03-28,4.398672580718994,4.464435374742539,4.345565726024359,4.4061171395403385,480264000
2019-03-29,4.455998420715332,4.480318673320571,4.415051921189798,4.4654286068279845,456896000
2019-04-01,4.523499488830566,4.5537752044790984,4.4761005255341555,4.5478192716741095,483824000
2019-04-02,4.5413665771484375,4.5857878083922925,4.504638878986136,4.5475710087734535,440920000
2019-04-03,4.680832386016846,4.739895168747722,4.586034492108522,4.59099784662336,783504000
2019-04-04,4.671899795532227,4.714335397681236,4.609114719215145,4.665447338520244,457376000
2019-04-05,4.7386555671691895,4.756027313373713,4.678600662856192,4.715080335889151,481744000
2019-04-08,4.7595014572143555,4.784565789395119,4.684059961542745,4.708131717201252,424192000
2019-04-09,4.696715354919434,4.737165797719995,4.654527785250104,4.725998485944832,439972000
2019-04-10,4.76719331741333,4.793002196387266,4.691504280805379,4.695971111140945,444772000
2019-04-11,4.753296375274658,4.801191854240975,4.703912268394467,4.769675068980152,374600000
2019-04-12,4.715327262878418,4.79598012337253,4.7066416284660155,4.7920093447847565,471708000
2019-04-15,4.583553314208984,4.712597705664351,4.543847420427578,4.707634350608777,440092000
2019-04-16,4.670657634735107,4.689518003159528,4.590005254146283,4.622762636497848,394964000
2019-04-17,4.647827625274658,4.72649486463403,4.625493000178169,4.705649340765735,351004000
2019-04-18,4.623259544372559,4.688526295440458,4.595465511369635,4.654528304832472,380988000
2019-04-22,4.67711067199707,4.692744814609717,4.568167725221055,4.599684036202599,279936000
2019-04-23,4.731705665588379,4.7629744208895,4.680584438559012,4.690262648692707,346856000
2019-04-24,4.744114398956299,4.784812868304873,4.681329331364547,4.7421287729730555,318204000
2019-04-25,4.638397693634033,4.726247097600911,4.558737873538937,4.703912471281764,499296000
2019-04-26,4.4195170402526855,4.489002570313442,4.300647420111964,4.484535268096744,868988000
2019-04-29,4.450291156768799,4.478085191279062,4.355244741377716,4.427460004612761,391920000
2019-04-30,4.491734027862549,4.517294409433283,4.398921267730033,4.418029665796931,362920000
2019-05-01,4.47858190536499,4.586284266973485,4.478333406238044,4.544096688524751,354280000
2019-05-02,4.54608154296875,4.587772593757041,4.445079671119755,4.488259823245239,394684000
2019-05-03,4.541614532470703,4.564445209856069,4.480070061840967,4.55451897244162,336824000
2019-05-06,4.46319580078125,4.475355691433181,4.318020717014678,4.3552449396904205,422176000
2019-05-07,4.295933246612549,4.414802885598528,4.247789750628167,4.414802885598528,555220000
2019-05-08,4.316034317016602,4.396190645841569,4.256475483276503,4.26838734469083,419168000
2019-05-09,4.223471164703369,4.256725084011528,4.104601952296911,4.247046870530723,660248000
2019-05-10,4.18947172164917,4.258212715543854,4.0698575264241175,4.192697949472911,569500000
2019-05-13,3.9321277141571045,4.0805287493998685,3.9162453109093414,4.057449576711923,656912000
2019-05-14,4.021218299865723,4.056457363033956,3.9331206419451403,3.971833722281142,524880000
2019-05-15,3.9601707458496094,3.9966504146683235,3.9063195694990247,3.965630152884189,502320000
2019-05-16,3.975308418273926,4.017992518689497,3.9122755540920737,3.954711155397905,781088000
2019-05-17,3.8844804763793945,4.0626609276761165,3.845022849271758,3.933368524408908,1022068000
2019-05-20,3.765859603881836,3.840804563253504,3.741043301264618,3.7857125513092895,572064000
2019-05-21,3.84800124168396,3.863883647556479,3.787946108956889,3.8266594288963143,361848000
2019-05-22,3.777026653289795,3.8353446527123523,3.766107367299259,3.809287749778588,325868000
2019-05-23,3.6559243202209473,3.7147386195782692,3.5961172076964387,3.7147386195782692,591844000
2019-05-24,3.602072238922119,3.710022598078522,3.5953717575496245,3.674783537771877,357584000
2019-05-28,3.556907892227173,3.6524503700841966,3.5549225023932296,3.6196929761521717,428356000
2019-05-29,3.4827067852020264,3.544250781339533,3.447964008243403,3.5092599786164214,559800000
2019-05-30,3.456122875213623,3.521712423887185,3.417862226175406,3.4859362848892492,394300000
2019-05-31,3.365440607070923,3.4745081483814344,3.3637014971959016,3.407179481007383,389720000
2019-06-03,3.323702096939087,3.4153783060627987,3.2943855368205752,3.3766207957092447,478644000
2019-06-04,3.5527687072753906,3.5579860371069967,3.3656892861228087,3.3878008606857044,641836000
2019-06-05,3.510035276412964,3.632021962780652,3.473762285218614,3.6265560884445507,511616000
2019-06-06,3.5721471309661865,3.5967432137193844,3.511774906305069,3.514259416547438,408140000
2019-06-07,3.614880084991455,3.649165429517179,3.558979783449994,3.5781102299670082,348856000
2019-06-10,3.6876745223999023,3.756245446359762,3.6710285868738093,3.6710285868738093,402780000
2019-06-11,3.7453131675720215,3.785312926813548,3.7058104998942736,3.7475491318653398,383872000
2019-06-12,3.632270574569702,3.7080464735024403,3.6171154421703386,3.701835198298818,358892000
2019-06-13,3.68345046043396,3.7018352667303276,3.6367425703957896,3.6543822132026853,308080000
2019-06-14,3.5935134887695312,3.614631353049393,3.548793486774963,3.590283814836257,394428000
2019-06-17,3.6032023429870605,3.6402207353395446,3.5689167693943764,3.5917737394775298,276040000
2019-06-18,3.7982325553894043,3.8536357625554243,3.6536374159713,3.6645689299172894,581920000
2019-06-19,3.8041951656341553,3.844940092005507,3.778108281375568,3.8335117237315703,331644000
2019-06-20,3.8285422325134277,3.908790057178576,3.814132501040221,3.8948771803167332,350168000
2019-06-21,3.770406484603882,3.862828325873782,3.7639468999166295,3.8136361587022307,434428000
2019-06-24,3.79276704788208,3.822332155583483,3.7445685844216965,3.7917733384094867,282948000
2019-06-25,3.7634503841400146,3.8727664789891985,3.7607175646963733,3.797735966312084,311868000
2019-06-26,3.956739664077759,4.0178575153804035,3.8779826461274642,3.8909018127913964,584072000
2019-06-27,4.055373668670654,4.074503878313571,4.006429806818568,4.042454498358668,445440000
2019-06-28,4.080219268798828,4.108542126655406,4.033511597472698,4.099349482984611,397668000
2019-07-01,4.128416538238525,4.321706990830215,4.090901047645877,4.287421411109125,709756000
2019-07-02,4.030529499053955,4.13288916384382,4.017362018344923,4.111771059053881,400228000
2019-07-03,4.043447971343994,4.05959705175763,3.9835728354097175,4.053882630539049,246636000
2019-07-05,3.9808404445648193,3.989535994829788,3.9174866082092477,3.985064065246654,396552000
2019-07-08,3.905808925628662,3.9400945021535914,3.8757472058921416,3.9212126041796265,329788000
2019-07-09,3.9082937240600586,3.9363680273034034,3.850902862411246,3.863573485967393,342860000
2019-07-10,3.9766159057617188,4.034006524260164,3.9378584018696428,3.9517712790813873,452076000
2019-07-11,4.131149768829346,4.1718947004786635,4.012392720103022,4.049659431658763,682560000
2019-07-12,4.164191722869873,4.235247380361121,4.158974394153869,4.158974394153869,506392000
2019-07-15,4.155744552612305,4.201458493777884,4.127422181326354,4.185309889697396,289840000
2019-07-16,4.15102481842041,4.178105174932756,4.095372830579117,4.1408384684179715,341444000
2019-07-17,4.216366291046143,4.223322730665828,4.123447591701021,4.152764151204527,348204000
2019-07-18,4.2280426025390625,4.290899336423999,4.170154889058343,4.226800584373942,442192000
2019-07-19,4.184812545776367,4.272762203601938,4.1788498169516,4.266302857133655,344896000
2019-07-22,4.256364822387695,4.269283989209978,4.198725426267375,4.206178955774313,315940000
2019-07-23,4.364189147949219,4.366176565842236,4.279966035932651,4.295618491923172,428176000
2019-07-24,4.438724040985107,4.4444384617104316,4.331395856316386,4.40742006610204,366236000
2019-07-25,4.307545185089111,4.409904829207143,4.284191357013776,4.397233968892098,392700000
2019-07-26,4.349531173706055,4.396238814503891,4.334624590740554,4.334624590740554,274160000
2019-07-29,4.343320846557617,4.359469923833802,4.255122878283953,4.342327137380465,248160000
2019-07-30,4.358974456787109,4.371148228019733,4.282453135167208,4.2968631082856525,197772000
2019-07-31,4.191770076751709,4.32841530996409,4.149534346321979,4.327421126674234,359416000
2019-08-01,4.097361087799072,4.292638969549373,4.045187314937343,4.202204777428455,421212000
2019-08-02,4.004688262939453,4.074004784495605,3.9572354679419437,4.004688262939453,428348000
2019-08-05,3.746307849884033,3.822332072410554,3.699351642754132,3.8210898171288568,589156000
2019-08-06,3.7850639820098877,3.866554055785822,3.737362625661373,3.82108866349491,361272000
2019-08-07,3.8233258724212646,3.835251333859253,3.7068050253081624,3.724196125791917,372560000
2019-08-08,3.931896209716797,3.9331384649141317,3.823574068030292,3.8809649313058294,309300000
2019-08-09,3.8305299282073975,3.8943803666899335,3.780095512116531,3.890902147437868,341816000
2019-08-12,3.762704610824585,3.830530126690227,3.7408413480102225,3.7783565982699034,279200000
2019-08-13,3.8769896030426025,3.9229520974003353,3.7222083497157232,3.761214167611439,351956000
2019-08-14,3.728419303894043,3.799971590156669,3.684693012038414,3.7887915306196374,419880000
2019-08-15,3.6961209774017334,3.767176401237818,3.661835638979853,3.747300794658426,477200000
2019-08-16,3.9641942977905273,4.013386231408459,3.8976107906915054,3.9589769679077773,1007960000
2019-08-19,4.242948532104492,4.258849300158553,4.061335271493826,4.077484348368043,815112000
2019-08-20,4.170650959014893,4.237979605222216,4.149532864405939,4.237482513754813,463188000
2019-08-21,4.254127502441406,4.30928237421909,4.21512170341195,4.236736412037934,427244000
2019-08-22,4.260340213775635,4.3063024619281265,4.221085621047746,4.263818432837209,303488000
2019-08-23,4.0357465744018555,4.238229689306233,4.015870963200146,4.183820185871356,568056000
2019-08-26,4.110527992248535,4.138602530545175,4.072267578338995,4.114503303275129,318208000
2019-08-27,4.019844055175781,4.151519728971995,3.990527509301866,4.148786910945052,290968000
2019-08-28,4.009400844573975,4.0621233705928095,3.954191348776583,3.993484807200395,255612000
2019-08-29,4.153144359588623,4.185474015673862,4.097437284155335,4.100918946723606,357976000
2019-08-30,4.16582727432251,4.24913909537312,4.147672823226955,4.199400652267596,290616000
2019-09-03,4.082763671875,4.126035890590796,4.059884315139665,4.09296010286523,296140000
2019-09-04,4.196914196014404,4.204375105695082,4.1434455291553975,4.1434455291553975,227728000
2019-09-05,4.469976902008057,4.4761940885888105,4.297385108269852,4.2991259394861,695676000
2019-09-06,4.442869663238525,4.5035502065782005,4.404819927731002,4.446599880651899,376976000
2019-09-09,4.488876819610596,4.575421741674363,4.472463201099678,4.473955477602737,417524000
2019-09-10,4.5555267333984375,4.5821363113629685,4.446350999984583,4.456049849152838,352812000
2019-09-11,4.58412504196167,4.6323711956031355,4.5411013807654665,4.57019839544097,361512000
2019-09-12,4.582634449005127,4.68534397916281,4.574676430118892,4.630632065686321,327840000
2019-09-13,4.524688720703125,4.553039603252605,4.480918912152651,4.515984564789809,324592000
2019-09-16,4.481664180755615,4.5162322430579716,4.439138102354041,4.4495830874231705,231832000
2019-09-17,4.5030517578125,4.507279557649225,4.4418736489892545,4.488378972852396,223048000
2019-09-18,4.475945949554443,4.5117577482728235,4.389401480829896,4.496090264211417,258152000
2019-09-19,4.40034294128418,4.5003169278343025,4.389648925575745,4.481913449393147,245476000
2019-09-20,4.294650077819824,4.422974981792765,4.284454117212806,4.399349477724203,350244000
2019-09-23,4.348116874694824,4.393627505954004,4.291166565556884,4.294897256211462,249712000
2019-09-24,4.290669918060303,4.409046903518779,4.2551071589321605,4.379452775739381,317268000
2019-09-25,4.432424068450928,4.45207079453201,4.245408050238086,4.290172550436639,308432000
2019-09-26,4.410290241241455,4.431429243188591,4.3593085562806975,4.42272508778121,234564000
2019-09-27,4.271521091461182,4.419243660966023,4.210840080665567,4.3685105279319885,362056000
2019-09-30,4.3289690017700195,4.339165435307629,4.266050043517498,4.297385482479538,186184000
2019-10-01,4.32722806930542,4.501312150703961,4.322503158992095,4.35209729155392,366008000
2019-10-02,4.303353309631348,4.317279957967904,4.230984069733126,4.305342695296318,293372000
2019-10-03,4.50901985168457,4.515237036231042,4.277488426999491,4.307828686032523,450588000
2019-10-04,4.525435447692871,4.554781026972775,4.446102866898809,4.511259767403537,265524000
2019-10-07,4.58412504196167,4.683849981943463,4.581638073034285,4.590342227109723,480984000
2019-10-08,4.4075541496276855,4.492357752440563,4.389399702924677,4.492357752440563,444436000
2019-10-09,4.494097709655762,4.54358757650963,4.455550883692866,4.484398864527989,292412000
2019-10-10,4.551795959472656,4.602777648271692,4.486639066326071,4.491861559963687,309124000
2019-10-11,4.62540864944458,4.70871998797519,4.616953048539034,4.635853636089938,446404000
2019-10-14,4.638838768005371,4.659728746039414,4.585618655483492,4.616705067845868,200040000
2019-10-15,4.883551597595215,4.956169897238139,4.715187550054449,4.72911467863522,664124000
2019-10-16,4.829833030700684,4.954427694538078,4.81839334993224,4.84947975864148,428944000
2019-10-17,4.831823348999023,4.919362505869722,4.777359515589503,4.874349442507678,263436000
2019-10-18,4.7373199462890625,4.864898689154544,4.662961309729431,4.8323200037831615,307440000
2019-10-21,4.87459659576416,4.888026134243323,4.779845111256999,4.798745697236115,261868000
2019-10-22,4.864649295806885,5.036743484469877,4.856939833618063,4.931547011974731,328720000
2019-10-23,4.851717948913574,4.865893153302689,4.750749263949336,4.782581809503783,279916000
2019-10-24,4.8957366943359375,4.929309599382195,4.858930206909556,4.893000695631441,232020000
2019-10-25,5.086731433868408,5.107621409802056,4.968602983900474,4.9763124475437435,423092000
2019-10-28,5.14268684387207,5.195160336109903,5.10115497411625,5.130500550761334,330792000
2019-10-29,5.046442985534668,5.13522585233698,5.027045287413625,5.12875963673601,211236000
2019-10-30,5.048431873321533,5.079021168401791,4.980290433289985,5.073301091653049,205960000
2019-10-31,4.999192237854004,5.048433102920363,4.919362544598043,5.027543125196636,209732000
2019-11-01,5.038236618041992,5.070566274339447,4.938759730853926,4.963877507310036,283640000
2019-11-04,5.234950065612793,5.2473849113939135,5.096180696817892,5.119308608723132,376716000
2019-11-05,5.212817668914795,5.260814805613796,5.164820057874853,5.234702336865044,300868000
2019-11-06,5.163577079772949,5.214309743320998,5.0760374547211295,5.1886948568814235,269012000
2019-11-07,5.181233882904053,5.264794260554901,5.136469377936064,5.2501214716749915,280340000
2019-11-08,5.167306423187256,5.198890410986019,5.126769725533212,5.164322344682457,189100000
2019-11-11,5.177256107330322,5.200384028252704,5.080266169786491,5.166562088355075,243436000
2019-11-12,5.212817668914795,5.26877329790565,5.180487539124105,5.215553193115959,283504000
2019-11-13,5.186954975128174,5.209088202938176,5.120554343016066,5.181483451097648,300188000
2019-11-14,5.217293739318848,5.219532154092562,5.135971784320938,5.195906181842262,518080000
2019-11-15,5.078027248382568,5.266783643386142,4.989741486152525,5.215055813173268,1053628000
2019-11-18,5.2792181968688965,5.3058277744765405,5.067581977545123,5.070566056348818,574588000
2019-11-19,5.172529697418213,5.271757556385431,5.114336125889442,5.248132056380267,414564000
2019-11-20,5.251862049102783,5.335670977364485,5.13696671326512,5.149650115550484,472588000
2019-11-21,5.226993083953857,5.303092552708058,5.2053569697853295,5.247385950468522,288388000
2019-11-22,5.244649887084961,5.296128683064567,5.2210239150213065,5.249623351530179,224100000
2019-11-25,5.501301288604736,5.506275229322875,5.359795853259029,5.372727814521532,506476000
2019-11-26,5.39660120010376,5.488368157388335,5.390134983680362,5.483642772411083,385244000
2019-11-27,5.431442737579346,5.476489009402694,5.405062263056597,5.4421446449121875,215784000
2019-11-29,5.394111633300781,5.428953948692531,5.370219488637328,5.40058262026836,141556000
2019-12-02,5.207705020904541,5.400583371427015,5.192523927668455,5.387143919511813,372036000
2019-12-03,5.168133735656738,5.172115443423006,4.986704002882057,5.024035123991091,465232000
2019-12-04,5.211935043334961,5.274153732856538,5.183314503117947,5.251754966653496,273424000
2019-12-05,5.19501256942749,5.2495161149548695,5.1644006964450595,5.233837071340404,184884000
2019-12-06,5.280376434326172,5.3132283752596186,5.254244694063102,5.264199913986755,232236000
2019-12-09,5.280376434326172,5.335129194524237,5.2487696079197015,5.257480188007391,211880000
2019-12-10,5.325422763824463,5.377188764051814,5.257728507924325,5.310489935126667,256388000
2019-12-11,5.40904426574707,5.414519826084976,5.333386594889991,5.335875399645226,233796000
2019-12-12,5.576536655426025,5.5947045015481045,5.37121526284886,5.38017457953969,404348000
2019-12-13,5.5745463371276855,5.6987349912449154,5.520540269672708,5.579523946741145,454704000
2019-12-16,5.603414535522461,5.675837174921617,5.593957268960997,5.62208033062008,320976000
2019-12-17,5.681560516357422,5.704208014812838,5.6126221196757395,5.622079384645918,321196000
2019-12-18,5.711925029754639,5.772401607839485,5.70794284726493,5.716404688373708,343548000
2019-12-19,5.8600053787231445,5.873444829336286,5.741541026700463,5.74651863616392,445360000
2019-12-20,5.957314968109131,5.982700014163713,5.907291090118144,5.926454362351506,603044000
2019-12-23,5.943626403808594,6.018039896284689,5.932924972502659,5.985935127675997,355060000
2019-12-24,5.938650131225586,5.95582255253584,5.893852592971181,5.92819743559169,138864000
2019-12-26,5.952836513519287,5.980959107765898,5.923220066661542,5.942134604679745,182852000
2019-12-27,5.8950958251953125,5.981455387285894,5.868714879638916,5.968015939142076,254644000
2019-12-30,5.781858444213867,5.878421971488268,5.750500361530669,5.873195624374401,258056000
2019-12-31,5.856023788452148,5.865481056746165,5.727355476853931,5.74651875151284,231004000
2020-01-02,5.970752716064453,5.970752716064453,5.8913621009336765,5.941883444625154,237536000
2020-01-03,5.875186443328857,5.918988548422026,5.826157991152776,5.851045561653233,205384000
2020-01-06,5.899823188781738,5.905049534436388,5.755725101623083,5.781856829896332,262636000
2020-01-07,5.97125244140625,6.017045403475826,5.883150748902034,5.928197022093987,314856000
2020-01-08,5.982451438903809,6.023764739731018,5.926952474390596,5.967021135605146,277108000
2020-01-09,6.048154830932617,6.1205774820472,5.994397977935121,6.068811482955992,255112000
2020-01-10,6.080509185791016,6.1857833144054,6.06632351903336,6.155420652016834,316296000
2020-01-13,6.271146297454834,6.296282606868379,6.140984617283319,6.16363259678268,319840000
2020-01-14,6.154174327850342,6.2537241224035025,6.140983618120265,6.228338604376113,359088000
2020-01-15,6.111617565155029,6.189266562204564,6.085734566138518,6.166867794798315,263104000
2020-01-16,6.195239067077637,6.201212102853012,6.141730957829296,6.165125150161636,284192000
2020-01-17,6.203949451446533,6.221868558212583,6.156414379459316,6.214402145054004,253792000
2020-01-21,6.1706013679504395,6.20419951976106,6.136505265317551,6.167365874333107,217916000
2020-01-22,6.224608421325684,6.311216757615077,6.196983299437749,6.215897840071928,239240000
2020-01-23,6.293047904968262,6.301509746751853,6.175828183875581,6.264676573221283,244516000
2020-01-24,6.233815670013428,6.458300831398263,6.179560864595715,6.4085256847471355,373512000
2020-01-27,5.97797155380249,6.0289908580944,5.779618159624937,5.929191841222907,470536000
2020-01-28,6.171346664428711,6.203700169229386,5.990663184429591,6.043922549302255,310976000
2020-01-29,6.110870361328125,6.192999003620118,6.071049967628455,6.156912053677501,258848000
2020-01-30,6.117589950561523,6.131029399451764,5.958061527643845,6.01306253868388,290504000
2020-01-31,5.884145736694336,6.083743301311046,5.842334960195534,6.071797229542552,370420000
2020-02-03,5.981206893920898,6.0006189034883555,5.859755803690975,5.86597757728614,255564000
2020-02-04,6.150442600250244,6.1696063504695084,6.073042809199694,6.123066695791716,271544000
2020-02-05,6.24078369140625,6.281599042941354,6.15741039787647,6.2713950863848416,208220000
2020-02-06,6.327641010284424,6.327641010284424,6.193995566539658,6.275128796942113,218284000
2020-02-07,6.261440277099609,6.309722042005786,6.236054755001405,6.287572013355755,189752000
2020-02-10,6.5446600914001465,6.545406305582232,6.279110375824013,6.284087985183651,529608000
2020-02-11,6.6671061515808105,6.781837531508206,6.590950532170923,6.652920487059736,638556000
2020-02-12,6.782834053039551,6.789305041192352,6.681044156211654,6.719868661055368,374644000
2020-02-13,6.7390313148498535,6.806227621791376,6.6974692706660415,6.724845649351327,528016000
2020-02-14,7.212141036987305,7.3410580636010705,7.117817583677653,7.149175663875109,1041924000
2020-02-18,7.380878925323486,7.399295984825902,7.0894466884047596,7.108858700139689,620164000
2020-02-19,7.832088470458984,7.849758840322369,7.503325127505003,7.503325127505003,694332000
2020-02-20,7.682764053344727,7.872406404086642,7.375403572712378,7.784055978174739,810052000
2020-02-21,7.318660736083984,7.5956585896152315,7.23379453271584,7.5705222779789745,768180000
2020-02-24,6.801249980926514,7.01503371226464,6.669844123344768,6.724347667696697,856916000
2020-02-25,6.521763324737549,6.938379636288666,6.41997344513621,6.876409681886865,1055496000
2020-02-26,6.6611328125,6.855255296567621,6.520518914603024,6.522011817590938,747732000
2020-02-27,6.290336608886719,6.648930749588357,6.1979487749822635,6.347611926679557,906416000
2020-02-28,6.7253804206848145,6.784897141438854,6.021141893667339,6.037826334431292,1133252000
2020-03-02,6.883761405944824,6.912648433620165,6.499518055280769,6.895465739135257,890744000
2020-03-03,6.621288776397705,6.999306519580371,6.535873577697565,6.939540911663828,652792000
2020-03-04,7.084970951080322,7.094433875085668,6.653910847652948,6.728618217428023,597408000
2020-03-05,6.805567264556885,7.052349501241793,6.760991819623863,6.885503641255886,540328000
2020-03-06,6.625025272369385,6.683545982685263,6.424810043017142,6.626021294782965,515412000
2020-03-09,6.112037658691406,6.459674710291557,5.93124649990637,5.974078320388983,614160000
2020-03-10,6.501506805419922,6.501506805419922,6.12573054899506,6.388449995727651,580648000
2020-03-11,6.137685775756836,6.389946856189542,6.040566703714004,6.361558080137427,499964000
2020-03-12,5.386631011962891,5.879946640181565,5.373930656890709,5.614487417822957,816540000
2020-03-13,5.9974846839904785,6.001967021688667,5.468807747955837,5.739994165932216,634836000
2020-03-16,4.890823841094971,5.630424311039589,4.8310582281153325,5.289510622766234,726972000
2020-03-17,5.410536289215088,5.499936062141312,4.756351479681672,5.003133705903673,833632000
2020-03-18,5.05069637298584,5.228001143281701,4.499358442377343,4.982962115786236,874268000
2020-03-19,5.303456783294678,5.397089536939655,4.815868441215396,5.029281317213403,765512000
2020-03-20,5.123661994934082,5.735512835022554,5.108222459616353,5.453618059477719,804636000
2020-03-23,5.296482086181641,5.39086242199095,4.943615733086571,5.122663645719731,643876000
2020-03-24,6.20517110824585,6.291831706746178,5.6789843958835755,5.702641471566112,1101644000
2020-03-25,6.116517066955566,6.519934989132951,6.067708184473197,6.32021807223545,793432000
2020-03-26,6.405884265899658,6.529897835657393,6.2255909210386315,6.323706009766051,696108000
2020-03-27,6.293574333190918,6.552309772659619,6.192719592793357,6.225590704111467,638828000
2020-03-30,6.613818645477295,6.623032683251805,6.314990097114926,6.359067291374254,602252000
2020-03-31,6.564262866973877,6.858110818678455,6.4185838002500555,6.653911048444438,949960000
2020-04-01,6.0530171394348145,6.512714924766712,6.0084421721262595,6.366289194622449,656912000
2020-04-02,6.3618059158325195,6.375004040795711,6.034090873043499,6.08215214884335,675764000
2020-04-03,6.073935031890869,6.365790446984206,5.93647398835557,6.324203549888502,663212000
2020-04-06,6.6837944984436035,6.72065017554929,6.29855470911675,6.35607939382513,727884000
2020-04-07,6.45045804977417,6.929081612249947,6.40737688491891,6.905424067111904,784520000
2020-04-08,6.647686004638672,6.672588463674239,6.489555935983957,6.559531613136199,542444000
2020-04-09,6.5480756759643555,6.796352144168481,6.48507263965406,6.773442208223735,525564000
2020-04-13,6.719902038574219,6.728617826628868,6.399906748639716,6.488310013179635,398408000
2020-04-14,7.07102632522583,7.105142347092595,6.82050841584251,6.848150054899666,530948000
2020-04-15,6.993580341339111,7.076505265302818,6.857613541451521,6.902935649755739,366148000
2020-04-16,7.33872652053833,7.445806762036778,7.135772595346985,7.148970722910891,745620000
2020-04-17,7.279458522796631,7.4423198025387185,7.145483789087821,7.42090366109645,539120000
2020-04-20,7.148223876953125,7.308844245707221,7.103897792505728,7.152955577104909,449388000
2020-04-21,6.7114362716674805,7.091446120002381,6.65167065420219,7.030186706457266,735160000
2020-04-22,7.125810623168945,7.1686429049582365,6.858110524397839,6.903681511157267,483356000
2020-04-23,7.072519779205322,7.2998783766301765,7.047368434745223,7.167896158666759,424160000
2020-04-24,7.21147346496582,7.213465509131429,6.987601233969909,7.062308589877393,352328000
2020-04-27,7.397993564605713,7.5578667740678345,7.321294150960293,7.345947720515012,479388000
2020-04-28,7.255553245544434,7.575299722350507,7.250074884640491,7.54541667429506,442904000
2020-04-29,7.432358264923096,7.485151239621805,7.3150679863591925,7.390273122248136,379160000
2020-04-30,7.278463363647461,7.432359986140536,7.264518100117333,7.378321614986375,375916000
2020-05-01,7.041891098022461,7.194293457884196,6.9935804466989815,7.080987710441739,342096000
2020-05-04,7.25380802154541,7.267504394879281,6.994574375281932,6.994574375281932,317556000
2020-05-05,7.314818859100342,7.477431228295707,7.253807872315923,7.357900022527022,368896000
2020-05-06,7.415675163269043,7.520514477907579,7.356407792498963,7.394259493984852,323464000
2020-05-07,7.591982841491699,7.655234767610334,7.503579572014176,7.554878280997428,373732000
2020-05-08,7.781988143920898,7.788213639441063,7.629834696531762,7.663701829138328,339216000
2020-05-11,8.034002304077148,8.080818687995855,7.748371824835125,7.77700949132875,469060000
2020-05-12,7.772027015686035,8.140581862302048,7.7623152046208865,8.091773445172167,493060000
2020-05-13,7.749614715576172,8.046948482659857,7.565087945015073,7.886577506904461,625852000
2020-05-14,7.99914026260376,8.004618624796247,7.657479311871258,7.811127089936016,602312000
2020-05-15,8.457590103149414,8.467301439832687,7.843248550692167,7.858936971441873,987660000
2020-05-18,8.71607494354248,8.881675866608335,8.646597525881372,8.726285002404106,774460000
2020-05-19,8.771108627319336,9.05200681717185,8.728525237656509,8.755917983642572,717320000
2020-05-20,8.934967994689941,9.007682848110791,8.854035125997962,8.955885888143905,587536000
2020-05-21,8.74097728729248,9.017143781798746,8.70337448278316,9.016148234630046,761068000
2020-05-22,8.990998268127441,9.057488103343827,8.679220949290434,8.790783051898014,1038764000
2020-05-26,8.683701515197754,9.145890013958184,8.638130530977474,9.120987084096292,770780000
2020-05-27,8.491954803466797,8.599034084910985,7.965518321925909,8.591314793554313,1175892000
2020-05-28,8.453853607177734,8.726284915463808,8.34652354679556,8.379394654282432,734896000
2020-05-29,8.840838432312012,8.840838432312012,8.451863374940007,8.521091927726768,745256000
2020-06-01,8.771857261657715,8.806222645268207,8.655563458390905,8.798752240118027,389876000
2020-06-02,8.790782928466797,8.802736146428314,8.62418643742466,8.761896855847086,391320000
2020-06-03,8.735252380371094,8.831624802406887,8.666023828096275,8.787796961741876,365440000
2020-06-04,8.736248970031738,8.912388271948576,8.64755539239078,8.697881042993215,424280000
2020-06-05,8.889217376708984,8.965951317079053,8.677949089907083,8.764150747814513,481748000
2020-06-08,8.774611473083496,8.859068198601095,8.655772745911158,8.84661153011867,387736000
2020-06-09,9.014782905578613,9.078313178349852,8.721050788735848,8.769632482507,468488000
2020-06-10,9.334426879882812,9.467217295005197,9.121912605675263,9.136114184321398,632180000
2020-06-11,8.765893936157227,9.229288393906904,8.755679218308117,9.118422400608619,583652000
2020-06-12,8.9016752243042,9.155546372764283,8.673216375848513,9.130882024444821,570908000
2020-06-15,9.14209270477295,9.150563471402632,8.713576265400734,8.784830305263167,400004000
2020-06-16,9.037206649780273,9.234773311083218,8.808249773613177,9.193167424549479,535716000
2020-06-17,9.20412826538086,9.266910589860908,9.038949737386892,9.082300523775523,408304000
2020-06-18,9.186190605163574,9.250467881789225,9.083047401732872,9.195159372769865,254408000
2020-06-19,9.229288101196289,9.41240411476857,9.195405993409821,9.21060356951185,524160000
2020-06-22,9.493871688842773,9.498356546575156,9.241246562062615,9.26790480732503,398468000
2020-06-23,9.417389869689941,9.60922570717564,9.375036984335335,9.51804117290251,375108000
2020-06-24,9.203629493713379,9.523521851780817,9.112942971120358,9.443548049476501,449372000
2020-06-25,9.457250595092773,9.47219917351608,9.150562864873292,9.323464192064792,376072000
2020-06-26,9.123406410217285,9.46721610323142,9.093510204419653,9.46721610323142,592084000
2020-06-29,9.168251037597656,9.172735896063203,8.869286133575109,9.138105831903935,342248000
2020-06-30,9.464975357055664,9.493376613630447,9.234523546788532,9.281859291207626,367892000
2020-07-01,9.497111320495605,9.542704051253338,9.380515464752774,9.487893554343412,326648000
2020-07-02,9.579076766967773,9.703894370403864,9.545193711569297,9.605734060271708,364056000
2020-07-06,9.805295944213867,9.874556080488281,9.678983345665323,9.708132553081654,315892000
2020-07-07,9.837681770324707,10.035247413067934,9.816754334047982,9.911924749184905,357800000
2020-07-08,10.180747032165527,10.189716751183488,9.931111711651702,9.959263970260519,365480000
2020-07-09,10.472732543945312,10.533521899501254,10.198183016858287,10.344427021104382,494548000
2020-07-10,10.443084716796875,10.61847696084942,10.342931448761039,10.55220674980637,497676000
2020-07-13,10.017560958862305,10.755007091244167,9.990404705995894,10.558438359648575,457076000
2020-07-14,10.341190338134766,10.366851638295143,9.751731237272898,10.040232450582947,542676000
2020-07-15,10.191957473754883,10.396996976392158,10.021049087895884,10.378312439988601,403984000
2020-07-16,10.099774360656738,10.171525433099237,9.86134985311611,9.980437606701118,344964000
2020-07-17,10.16629409790039,10.213131830331509,10.052937148532017,10.190211440074396,266284000
2020-07-20,10.474478721618652,10.494908161522394,10.12170023378326,10.238795062200655,284852000
2020-07-21,10.292859077453613,10.523560860217113,10.251253190453125,10.476722161899874,277036000
2020-07-22,10.402725219726562,10.565909799920115,10.255983217585523,10.331721147772265,367292000
2020-07-23,10.094794273376465,10.51060409801743,9.996633928572269,10.41393870623039,411660000
2020-07-24,10.159317970275879,10.32898036367836,9.743259250895763,9.840920619627777,473292000
2020-07-27,10.385536193847656,10.405715681180023,10.182488715413822,10.196939292576193,292132000
2020-07-28,10.18024730682373,10.346172824798396,10.1740194451191,10.338450010177334,271636000
2020-07-29,10.4293851852417,10.479959834976327,10.311294352254272,10.354893188232401,284508000
2020-07-30,10.577372550964355,10.586341318065257,10.259722142656354,10.339196994838801,308880000
2020-07-31,10.578119277954102,10.72934616378924,10.396996185763363,10.52679668089732,386080000
2020-08-03,10.972254753112793,11.06044937073828,10.678272694361175,10.695463227056676,412720000
2020-08-04,11.189003944396973,11.189003944396973,10.86836458429402,11.011867707424818,310336000
2020-08-05,11.247801780700684,11.332508502653472,11.127717987110488,11.205199894465501,249924000
2020-08-06,11.296381950378418,11.31880434287186,11.140173154557944,11.310582577201503,244316000
2020-08-07,11.160853385925293,11.465050211126119,10.999412704278821,11.273463367308645,342516000
2020-08-10,11.126470565795898,11.368881025799643,10.819034882228621,11.295136986086273,427796000
2020-08-11,10.812555313110352,11.098315533817011,10.758491823757524,11.035532280114216,354512000
2020-08-12,11.400769233703613,11.427426529688978,10.920432302149997,10.952820408317251,464412000
2020-08-13,11.403510093688965,11.681298546736729,11.316561436383628,11.50615432938051,374460000
2020-08-14,11.524092674255371,11.664356876470226,11.401019002979302,11.490209613163513,366436000
2020-08-17,12.294425010681152,12.366924042281948,11.776469020888552,11.810351132151725,621300000
2020-08-18,12.218441009521484,12.452879691495585,12.044543652347787,12.407037947095919,503448000
2020-08-19,12.096611976623535,12.272502269183928,12.05625109770303,12.254066733502945,622624000
2020-08-20,12.099102973937988,12.3322956793392,11.837758013672044,11.933676401170455,921388000
2020-08-21,12.639732360839844,12.764550014185161,12.153166472738546,12.159644285987222,999868000
2020-08-24,12.676353454589844,12.867940264465586,12.46433720627704,12.839289060494515,490564000
2020-08-25,12.706002235412598,12.71721295767159,12.530359983621405,12.587163447397067,289076000
2020-08-26,12.728922843933105,12.824093286036803,12.634001402277098,12.755082146691315,321244000
2020-08-27,12.584671974182129,12.805657007560127,12.523134653364204,12.737392873510554,317604000
2020-08-28,13.102376937866211,13.10262593825955,12.59887058142453,12.631258689838903,537160000
2020-08-31,13.32834529876709,13.5281529158447,12.992757381915121,13.13725649731869,500840000
2020-09-01,13.777426719665527,13.949631612697642,13.394138428428857,13.437501233016851,511316000
2020-09-02,14.30126953125,14.68032067693343,13.856176456399352,14.65739247517934,874012000
2020-09-03,12.974464416503906,13.840724090532843,12.838145345378821,13.785149967250463,945128000
2020-09-04,12.582704544067383,13.133462408954491,11.667847643821455,12.743445322871539,1463684000
2020-09-08,11.875441551208496,12.510433341431117,11.667349913206706,11.69750413983094,795728000
2020-09-09,12.674914360046387,12.768866950123394,12.193187256323037,12.360906908639747,736200000
2020-09-10,12.272933006286621,13.024057300031474,12.12863879167486,12.94829670555492,698684000
2020-09-11,12.12614917755127,12.612610574725382,11.858246276405783,12.446137258689868,636928000
2020-09-14,12.831666946411133,13.273021054817024,12.591427528763537,13.039759537676474,1201744000
2020-09-15,12.950043678283691,13.256823189308754,12.787308384101589,13.238132111969612,727556000
2020-09-16,12.475046157836914,13.051473084815894,12.474298932993047,12.916400310940178,556384000
2020-09-17,12.42420482635498,12.550057048769823,11.99680656074234,12.093999008494725,792512000
2020-09-18,12.1508207321167,12.592672993531387,11.950953315876442,12.554045465543362,698460000
2020-09-21,12.477784156799316,12.483017581146514,11.866966056083665,11.88740160372533,721044000
2020-09-22,12.597906112670898,12.608123888333473,12.117177260031074,12.535354084103151,646452000
2020-09-23,12.085526466369629,12.686875066180855,12.04116736498731,12.535852009546938,647012000
2020-09-24,12.309069633483887,12.529871698718129,11.976123011187333,12.034189790419692,731240000
2020-09-25,12.833163261413574,12.842882888098801,12.207143819868586,12.408257574295419,588016000
2020-09-28,12.993903160095215,13.010600685407562,12.709801858885758,12.99913658510344,573808000
2020-09-29,13.184051513671875,13.400367358569484,12.892474170877144,12.896710345478045,621460000
2020-09-30,13.487841606140137,13.579551557205184,13.10879047677623,13.116017451742245,689184000
2020-10-01,13.571576118469238,13.719358341774951,13.418310444661264,13.714624017312177,525004000
2020-10-02,13.021068572998047,13.476876636179565,13.009853546705289,13.18330571184835,552496000
2020-10-05,13.599489212036133,13.601233687205514,13.181062344978049,13.194270921546652,479820000
2020-10-06,13.693192481994629,14.097414465703828,13.621918076224542,13.786397839796917,784420000
2020-10-07,13.919974327087402,14.074735405554517,13.819791075017143,13.955612003069618,418084000
2020-10-08,13.795116424560547,14.040092002794172,13.714621515367268,14.030621454261205,378900000
2020-10-09,13.719358444213867,13.780665094461844,13.617680744942344,13.72359556957293,346892000
2020-10-12,14.18114948272705,14.301768294691879,13.868638402637721,13.945395309887523,434744000
2020-10-13,14.203326225280762,14.303260387085258,13.974550006008233,14.2514242939864,344604000
2020-10-14,14.050811767578125,14.297530937265298,13.915988081551372,14.24544575809428,276100000
2020-10-15,13.925956726074219,13.961593453432227,13.72434388516162,13.76720853862812,267224000
2020-10-16,13.767955780029297,14.076978854570742,13.74901562850576,13.99249587281889,242392000
2020-10-19,13.455195426940918,13.939413232064247,13.364481770808682,13.859167377230175,298068000
2020-10-20,13.60247802734375,13.756241845405201,13.464414483515402,13.540673229981198,229212000
2020-10-21,13.482109069824219,13.74801839791896,13.435008244461862,13.582043246069873,219596000
2020-10-22,13.318877220153809,13.568836277147218,13.190034178145442,13.479868040929487,290480000
2020-10-23,13.547401428222656,13.550392228128988,13.249344355802839,13.407593415945206,233484000
2020-10-26,13.099820137023926,13.649581780090575,12.997394244849335,13.384669660400956,336896000
2020-10-27,13.354514122009277,13.399621400164184,13.149910481987002,13.264049540110301,250520000
2020-10-28,12.587190628051758,13.218195337375095,12.569247726617979,13.156390531397943,376520000
2020-10-29,12.982940673828125,13.151158482041751,12.70980431956466,12.79802533706943,320080000
2020-10-30,12.494484901428223,12.89571515549581,12.261222419524849,12.809488644305967,416820000
2020-11-02,12.541085243225098,12.796277680058376,12.355920877552483,12.61784213912138,299652000
2020-11-03,12.97845458984375,13.06368480734356,12.563018478769813,12.668435175677907,272900000
2020-11-04,13.750757217407227,13.78390318861694,13.294949252565239,13.347034420655579,410228000
2020-11-05,14.1153564453125,14.293791998345476,13.946889592613063,14.117849095729678,319028000
2020-11-06,14.516091346740723,14.542756625411448,13.851194348548102,14.06526665473914,383348000
2020-11-09,13.587773323059082,14.645178892872087,13.567836875389528,14.506617206699142,582976000
2020-11-10,12.729742050170898,13.563604136300349,12.588438593301829,13.563604136300349,644068000
2020-11-11,13.375697135925293,13.392643737566482,12.907427719129638,13.01259532860774,404744000
2020-11-12,13.414324760437012,13.72259966489357,13.274018572039523,13.436504787685358,365812000
2020-11-13,13.255075454711914,13.625653232231919,13.018075009985383,13.584283987458695,346312000
2020-11-16,13.472638130187988,13.606464543099285,13.11452073690316,13.130968235107892,413776000
2020-11-17,13.37993049621582,13.553381674953355,13.261804360765339,13.50976980539542,312028000
2020-11-18,13.386414527893066,13.562856562891689,13.143433355007053,13.42279943508766,510924000
2020-11-19,13.39787769317627,13.444978524071423,13.058700374675698,13.171094964124507,565936000
2020-11-20,13.046487808227539,13.451955146489949,13.023808681876831,13.411583145369244,341088000
2020-11-23,13.098573684692383,13.340308505174802,12.974465923751294,13.129725162390375,361356000
2020-11-24,12.91689682006836,13.120502239825685,12.844376096717541,13.101063940439783,346500000
2020-11-25,13.193022727966309,13.22766315151968,12.978950462304862,12.991410861654828,259916000
2020-11-27,13.219440460205078,13.365230096581229,13.128976828642482,13.332832293979013,167276000
2020-11-30,13.359249114990234,13.370215066759313,12.931352638422043,13.22318004895571,286952000
2020-12-01,13.347783088684082,13.48609570066497,13.186542278368222,13.449710804119883,296948000
2020-12-02,13.50179672241211,13.630389717182007,13.192524609305062,13.308408129801464,283360000
2020-12-03,13.357710838317871,13.620956200375707,13.290902903796256,13.548663195020822,199520000
2020-12-04,13.519493103027344,13.521238092907247,13.350477282147294,13.410056086482856,202244000
2020-12-07,13.567856788635254,13.692001198908406,13.46141238072456,13.56237266927651,223244000
2020-12-08,13.31184196472168,13.559880694269241,13.243537241523532,13.54616991993234,271920000
2020-12-09,12.893790245056152,13.375658648592895,12.831468887287063,13.262483420440846,401300000
2020-12-10,12.935172080993652,13.031396655684688,12.812772649418692,12.832217643916875,207764000
2020-12-11,12.976054191589355,12.982785004370417,12.786347593211344,12.930185195475408,209264000
2020-12-14,13.270709037780762,13.3504802934115,13.040120222256023,13.050590163896993,270156000
2020-12-15,13.32231330871582,13.425516898883563,13.14905999762585,13.401336179884739,193016000
2020-12-16,13.20465087890625,13.39884408132627,13.174735939570619,13.384135760177303,223116000
2020-12-17,13.303116798400879,13.341257437063334,13.14083174724949,13.328543256876912,231384000
2020-12-18,13.234065055847168,13.366684324788022,13.033141062616313,13.34075861756635,342064000
2020-12-21,13.294143676757812,13.331786023918719,12.930436289077491,13.037379962322126,302332000
2020-12-22,13.240296363830566,13.299127738654636,13.016687499991681,13.2811795382145,185580000
2020-12-23,12.972066879272461,13.237057248843026,12.96782945257242,13.218111501054674,179144000
2020-12-24,12.9566068649292,13.094960322845292,12.901764729583272,12.999982466523308,97884000
2020-12-28,12.863129615783691,13.025165548440373,12.726771196734271,13.025165548440373,212564000
2020-12-29,12.906255722045898,13.035136828772556,12.805544564367517,12.888058370495152,170372000
2020-12-30,13.108176231384277,13.175981710757751,12.859888338350087,12.953120278145812,225396000
2020-12-31,13.017685890197754,13.113411217008528,12.878085702431163,13.09895299632336,192424000
2021-01-04,13.076019287109375,13.613479253749597,12.92545084499774,13.066796036911752,560640000
2021-01-05,13.366432189941406,13.40507111817657,13.049590505947688,13.062303732753552,322760000
2021-01-06,12.578444480895996,13.207142186008463,12.55002633699992,13.184706458898969,580424000
2021-01-07,13.305861473083496,13.339515544983596,12.849669545021012,12.930437415683997,461480000
2021-01-08,13.238802909851074,13.382640540646907,13.004724061709922,13.32430840322089,292528000
2021-01-11,13.58256721496582,13.921097286354001,13.324307660487984,13.380396507064923,518344000
2021-01-12,13.446208000183105,13.715187600487056,13.30685790200758,13.713192510435519,291476000
2021-01-13,13.493073463439941,13.586057211439117,13.3467434043827,13.45144283836418,210028000
2021-01-14,13.162517547607422,13.560875494240818,13.142824359357956,13.536196484078562,283120000
2021-01-15,12.822745323181152,13.287163872887445,12.81177708254526,13.190191844917592,277780000
2021-01-19,12.988021850585938,13.05657477975122,12.807289326171569,12.979046798283063,226188000
2021-01-20,13.327547073364258,13.392111717368742,13.019430270891426,13.07427241809494,258572000
2021-01-21,13.827864646911621,13.959238189663656,13.215120946062724,13.380147607196607,337780000
2021-01-22,13.67330551147461,13.802186604239331,13.588299278392899,13.700727061039379,246820000
2021-01-25,13.61422348022461,13.788972601299603,13.198664758310809,13.742356162385255,251112000
2021-01-26,13.396848678588867,13.605749231505072,13.349234689420664,13.541682883107807,163980000
2021-01-27,12.880828857421875,13.194928106319463,12.757182726351548,13.192185570772127,371272000
2021-01-28,13.013696670532227,13.30162199857024,12.923455463539968,12.95910366922323,228316000
2021-01-29,12.952621459960938,13.29663561680807,12.874595189478477,13.03762769199586,271552000
2021-02-01,13.199165344238281,13.232818458698954,12.865870277184177,13.015940401973044,217204000
2021-02-02,13.518000602722168,13.533206267613787,13.247525202589054,13.360452226804785,220440000
2021-02-03,13.491826057434082,13.891929046731677,13.477866134624353,13.597023775479286,245408000
2021-02-04,13.625194549560547,13.634417798850047,13.299627828583862,13.492325175349118,201340000
2021-02-05,13.552152633666992,13.697985331998837,13.507032031988212,13.685770399260598,169152000
2021-02-08,14.397479057312012,14.432378862406338,13.68801261621437,13.68801261621437,434624000
2021-02-09,14.222481727600098,14.54156676786031,14.18184770115254,14.299759600879625,287560000
2021-02-10,14.722049713134766,14.862397344343986,14.300508522511068,14.421910407437885,485352000
2021-02-11,15.20715618133545,15.228595310583435,14.882337920318719,14.937430158679899,450828000
2021-02-12,14.918486595153809,15.247543280777698,14.732768268450995,15.006982807103192,374756000
2021-02-16,15.286431312561035,15.328561180758324,14.907268204475995,15.021191826127696,321960000
2021-02-17,14.863395690917969,15.179988324043537,14.737755421903262,15.127637657234107,274756000
2021-02-18,14.786614418029785,14.830737473228302,14.533339769901213,14.686899869828187,233868000
2021-02-19,14.883834838867188,15.133618542959208,14.804312733125371,14.981554292445454,271724000
2021-02-22,14.314718246459961,15.089996135515662,14.284055862734963,14.732520326745572,325884000
2021-02-23,14.101576805114746,14.19805051425763,13.351227213256394,14.03501707791871,391780000
2021-02-24,14.457559585571289,14.465287944780597,13.716683144929284,14.082385641260826,448320000
2021-02-25,13.269462585449219,14.333662277875408,13.17847394109998,14.005353050124018,824436000
2021-02-26,13.675299644470215,13.814898867470841,13.32280970449686,13.713190182892967,500932000
2021-03-01,13.8021879196167,13.885200021705584,13.514512672161931,13.835342740558906,353184000
2021-03-02,13.36793041229248,13.880710314412896,13.357709618961268,13.86026872775047,264116000
2021-03-03,12.768152236938477,13.41305321076399,12.76216886866683,13.38787589697503,377592000
2021-03-04,12.334892272949219,12.937914367477056,12.049211189236068,12.764161819483274,573344000
2021-03-05,12.425882339477539,12.514129408982628,11.645867786362965,12.514129408982628,542840000
2021-03-08,11.560112953186035,12.435602648184473,11.533438850520735,12.414413615899687,543112000
2021-03-09,12.48877239227295,12.585029220167039,12.02893097921558,12.099752572699794,521824000
2021-03-10,12.436903953552246,12.94736663668477,12.426181162680194,12.808217687288016,384376000
2021-03-11,12.960832595825195,13.01345056221535,12.702483926792517,12.917442013123948,299916000
2021-03-12,12.823678970336914,12.85634676368248,12.558347920345986,12.61645095024476,243964000
2021-03-15,13.158087730407715,13.173548832704668,12.735153857472499,12.83240859533205,221988000
2021-03-16,13.25783634185791,13.478529706057202,13.083774566485411,13.322921749363832,272128000
2021-03-17,13.307708740234375,13.419426670272632,12.956842713654673,13.006966431737487,243864000
2021-03-18,12.69051742553711,13.150857452433465,12.685031411511776,13.10347720263985,293896000
2021-03-19,12.813455581665039,12.889015495891451,12.580792308071988,12.717946442193226,299208000
2021-03-22,13.153100967407227,13.360827495725186,12.874303591717592,12.880289025879396,297804000
2021-03-23,13.037887573242188,13.310948660290906,12.988511562612349,13.220925552884216,222048000
2021-03-24,12.611210823059082,13.1261634027791,12.604977108462931,13.118183144615342,245840000
2021-03-25,12.50373649597168,12.682785817128236,12.241148899201454,12.46807693347633,295144000
2021-03-26,12.806973457336426,12.823930919479357,12.342394549191459,12.522939295911492,363968000
2021-03-29,12.915694236755371,13.029657162428785,12.668068400201776,12.788015806387806,273520000
2021-03-30,12.839388847351074,12.942629001970921,12.673058121314657,12.809713771579235,200204000
2021-03-31,13.314691543579102,13.436633799038589,12.949860763887894,12.982777790954895,314776000
2021-04-01,13.77702522277832,13.835128246846539,13.477279865489436,13.53812732257779,308276000
2021-04-05,13.952335357666016,13.978768485040936,13.698474787231888,13.83263715402911,255672000
2021-04-06,13.826650619506836,14.018916004314782,13.738872514596373,13.964553395548302,191744000
2021-04-07,14.107940673828125,14.207688682597572,13.67702665042074,13.845850657061428,251284000
2021-04-08,14.28100299835205,14.435114544921593,14.213173180034131,14.216914550440341,244416000
2021-04-09,14.363798141479492,14.371778402447765,14.139364360339467,14.178265873277429,195172000
2021-04-12,15.170764923095703,15.313904498075306,14.10370439177291,14.253826338640454,869324000
2021-04-13,15.640079498291016,15.660528141496703,15.087721653634365,15.193205869262812,676212000
2021-04-14,15.238595962524414,15.680980625316886,15.18921993509847,15.58572070796005,385500000
2021-04-15,16.096675872802734,16.17348193142564,15.59219686120026,15.623119052698852,598480000
2021-04-16,15.8724946975708,16.125108122447834,15.82536274319291,16.0126405831472,335208000
2021-04-19,15.323129653930664,15.76775925819942,15.194703488299082,15.497440653339318,404420000
2021-04-20,15.133111000061035,15.458041488692649,14.925384478700941,15.284728358779589,334132000
2021-04-21,15.321882247924805,15.323877075097695,15.064281282601483,15.080739320235335,216776000
2021-04-22,14.812914848327637,15.399686073698188,14.746332141113498,15.336345317338932,277788000
2021-04-23,15.226872444152832,15.296446921011565,14.862790304524419,14.896704270923427,227500000
2021-04-26,15.439085006713867,15.440082895862012,15.08697282890751,15.146822395881406,197796000
2021-04-27,15.34307861328125,15.631102358075223,15.315896833735502,15.53933364907408,164572000
2021-04-28,15.2383451461792,15.493203632112797,15.177249389889502,15.325874983835623,209416000
2021-04-29,15.286224365234375,15.39769308178993,15.033610900089379,15.361284863619876,173196000
2021-04-30,14.971761703491211,15.326368103288036,14.95929332204818,15.13634776313471,201912000
2021-05-03,14.799449920654297,15.208419014072376,14.75032408695121,15.086975219605257,203912000
2021-05-04,14.315170288085938,14.600700762458748,13.975027966489963,14.60045152794896,405324000
2021-05-05,14.422147750854492,14.776255689857118,14.351326163053967,14.672017659441423,292024000
2021-05-06,14.486489295959473,14.534618194500736,14.182256705395886,14.458809043562871,193380000
2021-05-07,14.775010108947754,14.933111336631207,14.634863276725753,14.771020454684466,229328000
2021-05-10,14.229884147644043,14.768775720170076,14.21417381349999,14.750072669633822,268904000
2021-05-11,14.270280838012695,14.318658960168204,13.715429742573756,13.790240987277931,285584000
2021-05-12,13.723910331726074,14.22439889185973,13.674784499511132,13.974278753404459,303408000
2021-05-13,13.63089370727539,14.045349728476552,13.425162054864115,13.998467009467184,285404000
2021-05-14,14.207193374633789,14.291979724154102,13.713936379271763,13.855081122550907,258616000
2021-05-17,14.129886627197266,14.13362704722991,13.818671694394718,14.121407897860808,216980000
2021-05-18,13.980513572692871,14.368037075620663,13.96879289213659,14.231132182866967,186256000
2021-05-19,14.030386924743652,14.04410243148695,13.509200522328285,13.532391695784717,344000000
2021-05-20,14.575764656066895,14.646835496933809,14.234624429650347,14.26654357133562,321592000
2021-05-21,14.954058647155762,15.183730127808582,14.832116394533218,15.125626149353618,672992000
2021-05-24,15.57275104522705,15.705416097601091,15.137846351089925,15.1742545652697,554816000
2021-05-25,15.608410835266113,15.77873122812608,15.443576455372922,15.72636344352039,435408000
2021-05-26,15.660529136657715,15.754043443944218,15.547065605147322,15.69469328900032,370440000
2021-05-27,15.44905948638916,15.710400841238286,15.421130006657025,15.66027712813999,581476000
2021-05-28,16.20366096496582,16.236578947504775,15.462031299114846,15.462031299114846,644536000
2021-06-01,16.223609924316406,16.34704949574134,15.86326820041709,16.229096888512235,472804000
2021-06-02,16.736066818237305,16.876214600887355,16.194681963051526,16.211390186002433,594168000
2021-06-03,16.92708396911621,17.215608058599543,16.54130706968029,16.658761189100893,580008000
2021-06-04,17.5340576171875,17.6165979934895,17.052521354002085,17.069476909819976,617120000
2021-06-07,17.574705123901367,17.76771918028066,17.149528167001655,17.52707659864361,575756000
2021-06-08,17.41310691833496,17.57719258482111,17.207623605410504,17.483179840618586,323848000
2021-06-09,17.31857681274414,17.534832519599075,17.216312069425967,17.47571805921768,381656000
2021-06-10,17.38517189025879,17.452020091808027,17.13674237056941,17.3103444553602,287772000
2021-06-11,17.78451156616211,17.898251342387297,17.403883229039902,17.439550960234815,416308000
2021-06-14,17.977567672729492,17.998270294606797,17.622382309836595,17.865076259269316,321376000
2021-06-15,17.747848510742188,17.975078819526285,17.687487575752424,17.874060506433292,243032000
2021-06-16,17.769546508789062,17.913717005111053,17.5443124591101,17.75009224553801,307124000
2021-06-17,18.614608764648438,18.791952156008932,17.715668906709517,17.733876709616816,809656000
2021-06-18,18.596153259277344,19.330720564613056,18.541527942897947,18.74107162605108,968856000
2021-06-21,18.3851375579834,18.494138905663043,17.78201922276795,18.393118696833035,672384000
2021-06-22,18.843584060668945,18.920409647101682,18.343978923682204,18.429284231032042,580144000
2021-06-23,19.01369857788086,19.108981280825326,18.864540328639993,18.964312184695025,332356000
2021-06-24,19.16160774230957,19.375617954100715,19.044625261877087,19.18380801912582,320924000
2021-06-25,18.987503051757812,19.301285040207212,18.851315628683007,19.236433070795265,278364000
2021-06-28,19.939329147338867,20.032864901678288,19.274850783137584,19.317003910057597,495436000
2021-06-29,19.98097801208496,20.052812050401002,19.612072127487256,19.837056837882255,367632000
2021-06-30,19.9567813873291,20.116415527639344,19.818348448139382,19.95353869397039,326568000
2021-07-01,20.165802001953125,20.409243781711908,19.973242343945905,20.079000961506793,480136000
2021-07-02,20.4401798248291,20.458389533263087,20.24138590886631,20.39353754729571,342764000
2021-07-06,20.651193618774414,20.794365027841287,20.30374010137351,20.690104043459606,446708000
2021-07-07,20.32518768310547,20.827287563769445,20.285529389265694,20.805837070095645,418428000
2021-07-08,19.85725975036621,20.086982890992743,19.655721781967447,19.81111606957633,503300000
2021-07-09,20.004425048828125,20.03435717009147,19.709102017056413,19.91687611559388,296624000
2021-07-12,20.465621948242188,20.48582408605355,20.141613226484793,20.193743724149126,321984000
2021-07-13,20.203716278076172,20.414483746196098,20.06802744154041,20.353871638255328,290708000
2021-07-14,19.796154022216797,20.37108714983475,19.707607915100564,20.311224805292404,380100000
2021-07-15,18.922903060913086,19.801640805909646,18.815399378990502,19.766471657258307,550564000
2021-07-16,18.119491577148438,19.113215466883993,18.03169335944509,18.9870054099986,688224000
2021-07-19,18.736831665039062,18.99848131527796,17.82466976343855,17.874307343819012,749060000
2021-07-20,18.569459915161133,18.794943201970906,18.122483909884977,18.687190244742556,434687000
2021-07-21,19.365638732910156,19.482371910572084,18.69916616251025,18.83884558672833,371017000
2021-07-22,19.549219131469727,19.841548769491073,19.2319451068273,19.597109765716453,323826000
2021-07-23,19.513303756713867,19.654979435423797,19.206007080146577,19.611079366488564,195672000
2021-07-26,19.24990463256836,19.397565194519427,18.87077204812226,19.266865977371694,203943000
2021-07-27,19.16410255432129,19.577155964444557,18.69816886887377,19.220971495871236,248863000
2021-07-28,19.458423614501953,19.601096419244247,18.951585293113546,19.27484415522082,202191000
2021-07-29,19.617063522338867,19.80762698019667,19.283825335460097,19.4743887933179,190781000
2021-07-30,19.454431533813477,19.5851307207301,19.218970899932668,19.373615397327764,183497000
2021-08-02,19.704858779907227,19.91537695317592,19.316747951416353,19.654973822672737,217444000
2021-08-03,19.769716262817383,20.175785713093944,19.176074829948746,19.694886903097746,301811000
2021-08-04,20.227663040161133,20.27156310038773,19.782681342516437,19.94431173895087,231309000
2021-08-05,20.589834213256836,20.685615479502886,20.295508346135612,20.45314818824978,211435000
2021-08-06,20.319454193115234,20.522988437706402,20.163810582897227,20.477094039344426,178497000
2021-08-09,20.24861717224121,20.461129719952012,20.096964132095703,20.399271142893213,146443000
2021-08-10,19.89043426513672,20.383304640424182,19.78966337944273,20.275551687660446,179238000
2021-08-11,19.653976440429688,20.00317688001312,19.38559215044887,19.997190075674563,185925000
2021-08-12,19.85951042175293,19.98322568110956,19.57516190406229,19.82459056189546,151652000
2021-08-13,20.141860961914062,20.167802514416586,19.80563126679169,19.859508704764945,183063000
2021-08-16,19.904409408569336,20.240639162361045,19.40854354896035,20.08898609877801,210876000
2021-08-17,19.413528442382812,19.72481563269579,19.222964992831216,19.640008912743852,204585000
2021-08-18,18.996482849121094,19.58912505820869,18.95657336019115,19.45543055388039,285913000
2021-08-19,19.752750396728516,20.448157848964946,18.719117056246247,19.449444360898706,766555000
2021-08-20,20.7684268951416,20.817314696928367,19.887445490471492,19.945311597000565,675741000
2021-08-23,21.907819747924805,21.94673018005556,20.902123900449563,20.92307581798072,575807000
2021-08-24,21.743188858032227,21.9088098112893,21.485779125252666,21.703281272193063,297299000
2021-08-25,22.1622314453125,22.41864404034006,21.672354404189694,21.68731951267329,347701000
2021-08-26,22.01756477355957,22.288942483035,21.74020025936337,22.149263059479914,237940000
2021-08-27,22.58426284790039,22.670066727828846,22.116334931124943,22.13329627384273,304722000
2021-08-30,22.636146545410156,22.990334740001824,22.499460525203325,22.777822203844707,262580000
2021-08-31,22.337772369384766,22.647117798647585,22.07333207528304,22.647117798647585,259850000
2021-09-01,22.393661499023438,22.64912199389681,22.30983905945331,22.437569306889998,201767000
2021-09-02,22.348752975463867,22.545337883825013,22.247966214051775,22.470495343605453,187834000
2021-09-03,22.794811248779297,22.93750922846225,22.153168059674176,22.27790436202972,280532000
2021-09-07,22.61419677734375,22.85069635544666,22.474490803126553,22.7848355929797,198107000
2021-09-08,22.291872024536133,22.562300203414004,21.9306343212819,22.465504722881544,254434000
2021-09-09,22.13021469116211,22.490453174173346,22.08431220635336,22.264930118963175,196856000
2021-09-10,22.43058204650879,22.578268644590512,22.22302065137504,22.30085522288771,248376000
2021-09-13,22.105268478393555,22.91555575401909,21.811888077680894,22.63614575794394,297500000
2021-09-14,22.195079803466797,22.36272466695094,22.039408757377963,22.22800922879762,199755000
2021-09-15,22.293867111206055,22.31981323387467,21.919658243422088,22.261935032273296,166538000
2021-09-16,22.195079803466797,22.23000581669266,21.88074378110906,22.136204252125346,156033000
2021-09-17,21.853797912597656,22.27390927077693,21.78394589381782,22.25295366514298,294503000
2021-09-20,21.068464279174805,21.387788954115265,20.61841542305834,21.101393708407006,349440000
2021-09-21,21.20117950439453,21.379800833477784,20.905804421130274,21.37181828897263,204688000
2021-09-22,21.894716262817383,21.91367528465587,21.15128697509486,21.320928442562238,268726000
2021-09-23,22.434574127197266,22.487461820172715,21.843822003613315,22.09329462367587,248555000
2021-09-24,22.03441619873047,22.102273534327967,21.814881006880857,22.023439724636706,217655000
2021-09-27,21.61431121826172,21.753017957009202,21.280018765785552,21.664204989181176,245215000
2021-09-28,20.655336380004883,21.373818810808345,20.607437297507953,21.169251319443518,343069000
2021-09-29,20.47371482849121,20.972659962539694,20.42381917309158,20.895822746881365,218394000
2021-09-30,20.672292709350586,21.02155465531934,20.644351905939043,20.724183044732662,221009000
2021-10-01,20.698240280151367,20.814992115454803,20.16037597011292,20.706222823593155,240978000
2021-10-04,19.69037628173828,20.498667077843145,19.51374961230619,20.460747131129327,345635000
2021-10-05,20.40785789489746,20.60444281688041,19.812117171843163,19.907915325430285,279282000
2021-10-06,20.656335830688477,20.676292195822512,20.03764283172768,20.077559368646227,297202000
2021-10-07,21.030546188354492,21.277024919797615,20.92776281199335,21.04750862400744,256919000
2021-10-08,20.787057876586914,21.161266841006725,20.731176248192515,21.05648878776723,151258000
2021-10-11,20.651344299316406,21.01856804632995,20.467732425809636,20.531598501082726,163388000
2021-10-12,20.62738800048828,21.01257330069928,20.48469005107398,20.78405635189665,162134000
2021-10-13,20.89482879638672,20.945721806793706,20.66930570613976,20.873873186805923,180652000
2021-10-14,21.70012664794922,21.70910653549275,21.077442440829326,21.243092625799367,243589000
2021-10-15,21.815876007080078,21.884730677478515,21.61629910045777,21.76398566875985,226994000
2021-10-18,22.175119400024414,22.243974077553172,21.59833775960984,21.703117692511093,189494000
2021-10-19,22.24298095703125,22.331792011817765,21.990514392616486,22.229008647111023,161473000
2021-10-20,22.056371688842773,22.38567543781395,21.935626663665868,22.257945210436517,146276000
2021-10-21,22.644128799438477,22.663089722334,22.03641428104515,22.050384685989254,187590000
2021-10-22,22.678064346313477,23.081211527419978,22.513413367162247,22.774859868013625,249384000
2021-10-25,23.117130279541016,23.30573075031013,22.72196575698433,22.9245366329956,230235000
2021-10-26,24.664857864379883,25.20571622107296,23.873531450575534,23.93839486421811,485898000
2021-10-27,24.39942169189453,25.03707368304749,24.23077756713748,24.422373889856782,245990000
2021-10-28,24.888385772705078,24.897367563338552,24.471268294233596,24.82551894824574,234204000
2021-10-29,25.513063430786133,25.654764066294884,24.94726013432384,24.94825747657164,292503000
2021-11-01,25.77251434326172,25.839372434906895,25.173779738453483,25.59489035924364,265740000
2021-11-02,26.345300674438477,26.621716711710945,25.745568776344143,25.76752362657921,294112000
2021-11-03,26.541887283325195,26.727495711922842,26.179654119222267,26.613735891491203,239910000
2021-11-04,29.738134384155273,31.298834251427845,27.060793699318,27.171559601999014,1153631000
2021-11-05,29.689241409301758,31.333763901129934,29.347961870905653,30.123323279637596,851260000
2021-11-08,30.7390193939209,31.03439450585306,29.843910363865678,30.085400440170883,503101000
2021-11-09,30.592327117919922,32.241841813464795,29.900790147535126,32.2139010026745,646746000
2021-11-10,29.396852493286133,30.784918765255455,28.717289384564676,29.29407104741433,636206000
2021-11-11,30.325885772705078,30.525464595119324,29.714180050890146,30.403722236710024,332172000
2021-11-12,30.325885772705078,30.615274874873265,29.56748891218553,29.94668829410766,413054000
2021-11-15,29.961660385131836,30.57935405607118,29.18530173672682,30.48754907870644,384909000
2021-11-16,30.139286041259766,30.325891839785264,29.643334719095915,29.696224316711493,264484000
2021-11-17,29.199275970458984,30.444644511844263,28.7392479710532,30.353834961540993,428508000
2021-11-18,31.608179092407227,32.690889311922675,31.25492578342417,32.2987206204707,781711000
2021-11-19,32.91542053222656,33.018203898804174,31.83769881005684,32.17498516255957,533867000
2021-11-22,31.88858413696289,34.57390711561954,31.832702519697552,33.446289928208735,754335000
2021-11-23,31.679031372070312,32.29173644470543,30.814857092221995,31.46847603985242,532163000
2021-11-24,32.605072021484375,32.78568994748824,30.862755024040684,31.39463157257882,435162000
2021-11-26,31.43654441833496,32.64099706934784,31.2838672949203,32.531228506198715,283069000
2021-11-29,33.30559539794922,33.34151875834948,31.968421870569852,32.29772758864819,454964000
2021-11-30,32.607059478759766,33.28263310586556,31.796774250371328,33.09901938706232,622066000
2021-12-01,31.37252426147461,33.22284154092527,31.317633266156314,33.1529809663594,484368000
2021-12-02,32.062156677246094,32.413458348891545,30.963344820067583,31.151970308797033,472890000
2021-12-03,30.632001876831055,32.0651488092906,30.070119147107587,31.936403568189156,544325000
2021-12-06,29.97730255126953,30.180895672741258,27.982274986665256,29.820613094112026,658938000
2021-12-07,32.3625602722168,32.3845197220602,30.590090410052074,30.895483996800152,593053000
2021-12-08,31.76274871826172,32.225827257844415,31.358552936375865,31.93540523035622,475551000
2021-12-09,30.42940330505371,32.14099693386837,30.367526251043838,31.6709304355526,488507000
2021-12-10,30.137989044189453,31.242789511090688,29.801658853309153,31.088096849224158,488825000
2021-12-13,28.105031967163086,30.233794155650276,28.060121324277922,30.188883512765113,598344000
2021-12-14,28.280685424804688,28.621007355370885,27.195845739872162,27.6439528427401,667035000
2021-12-15,30.39846420288086,30.439383083328448,27.782672993494028,28.3435563263877,698297000
2021-12-16,28.33057975769043,31.098069115239593,28.037165364074696,31.090085593980838,707366000
2021-12-17,27.74574851989746,28.864520919055607,27.704829638355005,27.92938285109951,713758000
2021-12-20,27.66390609741211,28.088060613944577,27.091047562977458,27.250729397687866,461847000
2021-12-21,29.0172176361084,29.062128280070525,27.34654282285214,28.31761057753916,524385000
2021-12-22,29.341571807861328,29.496264455360905,28.39246155550184,28.8335844910948,395184000
2021-12-23,29.581090927124023,29.999258803639915,29.37250667280015,29.695862140217667,343022000
2021-12-27,30.883502960205078,31.025220962783237,29.58109607103307,29.60105678205719,403686000
2021-12-28,30.261735916137695,31.267731950374376,29.952350666603206,31.24976807539833,420591000
2021-12-29,29.94137191772461,30.487285628510293,29.307633763365953,30.21283257673172,343139000
2021-12-30,29.52720069885254,30.39646994729714,29.481292592153306,29.7677209545132,308864000
2021-12-31,29.352550506591797,29.970321747102997,29.272709567584414,29.615028331207352,266530000
2022-01-03,30.061138153076172,30.64996574600368,29.725805474067663,29.75574653768631,391547000
2022-01-04,29.231792449951172,30.407450890043936,28.292662528832594,30.2168304824857,527154000
2022-01-05,27.549142837524414,29.35754213554747,27.47828478816745,28.891469242287545,498064000
2022-01-06,28.12200355529785,28.38148710599888,27.011216368945117,27.585072574146935,454186000
2022-01-07,27.19285011291504,28.36551610574402,27.003227178529944,28.085074417160133,409939000
2022-01-10,27.345544815063477,27.414407928007527,25.59303417452998,26.528172253329963,594681000
2022-01-11,27.761714935302734,28.009223147677293,26.785659911463362,27.268697246348502,404089000
2022-01-12,27.943357467651367,28.53817178912904,27.553133765083295,28.011221217951395,383413000
2022-01-13,26.522186279296875,28.423399112253964,26.445337738615446,28.322600004609768,540171000
2022-01-14,26.88845443725586,27.14294871181414,26.157908876529852,26.24773016124949,395832000
2022-01-18,25.851524353027344,26.585064339420303,25.718789234872563,26.207815257948447,424270000
2022-01-19,25.01718521118164,26.490251872701148,25.00221562896833,26.027175156596083,488315000
2022-01-20,24.102005004882812,25.52816592790516,24.030147591877117,25.25371283114106,435181000
2022-01-21,23.327552795410156,24.77367281441049,23.216773308662557,23.460287925159797,718958000
2022-01-24,23.32555389404297,23.333537417415997,20.846490952240618,22.2856247841545,913982000
2022-01-25,22.279634475708008,22.897405710454315,21.9562789612793,22.501193412508638,664616000
2022-01-26,22.72673797607422,24.009183771494484,22.255675996412524,23.19380819543401,755959000
2022-01-27,21.900386810302734,23.94731106663501,21.631920439455527,23.521159678261036,573353000
2022-01-28,22.794607162475586,22.8125710384111,21.253675136018625,21.96825173742082,543774000
2022-01-31,24.437339782714844,24.460294791256842,23.006189511786687,23.13593032920082,564680000
2022-02-01,24.58902931213379,25.095021554352627,23.842514961322784,25.054102681611777,518925000
2022-02-02,25.19183349609375,25.765689573177465,24.5042017643659,25.742736472228845,543419000
2022-02-03,23.900407791137695,25.0271638258228,23.73274239062806,24.409394490116693,410178000
2022-02-04,24.270673751831055,24.58604578432591,23.585038677763198,23.924363185193215,354829000
2022-02-07,24.67885398864746,25.131950236744533,24.153898433728177,24.32356063658267,376868000
2022-02-08,25.0580997467041,25.179857022998263,23.93234129371506,24.31058777349292,410359000
2022-02-09,26.651927947998047,26.671888658006182,25.30261555051223,25.571080056956752,524282000
2022-02-10,25.772676467895508,26.871488159313945,25.549122622898047,25.943338051848187,513200000
2022-02-11,23.901405334472656,26.10002831228232,23.725756410566216,25.864497256375,605472000
2022-02-14,24.21877098083496,24.825562419077983,23.707787514804277,23.886432615759617,440424000
2022-02-15,26.44234275817871,26.492242623139074,24.734742881710144,24.8994139589256,699869000
2022-02-16,26.458311080932617,26.52917102458829,25.50121738608982,26.20681300824524,732676000
2022-02-17,24.458293914794922,25.73375385180885,24.116974561523147,25.579061218859415,810595000
2022-02-18,23.59501838684082,24.93634742861223,23.054095641811166,24.61897857209865,761255000
2022-02-22,23.343515396118164,24.01617571252817,22.9542910697266,22.98922136037415,633422000
2022-02-23,22.342504501342773,24.10699211767521,22.25667689007346,23.7546930729614,566511000
2022-02-24,23.7008056640625,23.75270237205634,20.8484854605416,20.9732370526292,735801000
2022-02-25,24.108993530273438,24.168873762127337,23.334536567147147,23.673861053583,528866000
2022-02-28,24.33654022216797,24.61598446694235,23.659888105648218,23.944321576419384,477319000
2022-03-01,23.430343627929688,24.328556587897697,23.086029928980732,24.242727053391707,412056000
2022-03-02,24.175983428955078,24.364641033795944,23.372447983953073,23.712827876260754,389642000
2022-03-03,23.67090606689453,24.281793413023205,23.426350459230303,24.21790863660906,365095000
2022-03-04,22.894317626953125,23.63696498590784,22.441142240714978,23.341503399554565,431415000
2022-03-07,21.31319808959961,22.99114500980663,21.291238708054614,22.775536020572545,450821000
2022-03-08,21.47490119934082,22.33233933851528,20.61247108080546,21.270273834836342,557467000
2022-03-09,22.972171783447266,23.177796752088618,22.206565614963267,22.346310554439718,492742000
2022-03-10,22.616823196411133,22.746586101874037,21.842232493155823,22.49005319391326,428066000
2022-03-11,22.059839248657227,23.102940302954398,22.00593652699091,22.980162727551132,367209000
2022-03-14,21.29123878479004,22.22154435088089,21.120550000261794,21.829258865642,385354000
2022-03-15,22.931251525878906,22.996133936687787,21.283252760840114,21.478895723800314,491996000
2022-03-16,24.45148277282715,24.552299054127236,23.12988952261609,23.457292552284873,671422000
2022-03-17,24.720991134643555,24.796851321954325,23.862553485348077,24.076165263385313,471941000
2022-03-18,26.404924392700195,26.520714705600792,24.57924978276127,24.753930982548006,730719000
2022-03-21,26.6854190826416,27.10266067918236,25.91981265254328,26.458832295652126,591727000
2022-03-22,26.475799560546875,27.18850274822909,26.024621290380676,26.678429776405682,547007000
2022-03-23,25.587413787841797,26.563635115721986,25.52852099865223,26.078518306597157,502120000
2022-03-24,28.098840713500977,28.268531837117266,25.859917039185778,26.11844711768974,877379000
2022-03-25,27.641674041748047,28.306464068102645,27.221439608204165,27.835321724179195,579016000
2022-03-28,28.16771697998047,28.198660780217054,27.15655743522871,27.705559052925192,425494000
2022-03-29,28.603919982910156,28.89339193940493,27.929147968750208,28.642848661602688,488984000
2022-03-30,27.639678955078125,28.444213951833504,27.453018519672682,28.252563440733994,463487000
2022-03-31,27.236412048339844,28.19666368490603,27.220442282936776,27.731510949600096,523440000
2022-04-01,26.66345977783203,27.446035516360155,26.21926872094607,27.325255103953427,517235000
2022-04-04,27.310277938842773,27.507918058034864,26.56463575752181,26.679426533913535,397120000
2022-04-05,25.883872985839844,27.269350934287917,25.773074655335627,27.20446853162703,436615000
2022-04-06,24.362646102905273,25.25402295327637,23.95938093983907,24.888688841537608,703833000
2022-04-07,24.16400718688965,24.67707303806538,23.435334266714467,24.396583559935085,557992000
2022-04-08,23.076984405517578,23.879524117334512,23.02008878589578,23.873534503516744,524781000
2022-04-11,21.87717056274414,22.27943807836627,21.62063763333046,22.17363171495148,575207000
2022-04-12,21.464923858642578,22.68370579670122,21.243327142631916,22.496047693822096,662258000
2022-04-13,22.162647247314453,22.45910836108208,21.41600747437876,21.68851203835293,516943000
2022-04-14,21.2193660736084,22.735606515539892,21.124539407798157,22.464099572114247,569097000
2022-04-18,21.743412017822266,22.047856104528115,21.040691011493315,21.161471392693215,525701000
2022-04-19,22.15766143798828,22.332342663985674,21.275267078378064,21.680529426574587,512781000
2022-04-20,21.442960739135742,22.628801491972297,21.161473633865274,22.476079663374364,468974000
2022-04-21,20.146320343017578,22.351305380675164,19.963652360371036,21.66954608901935,656209000
2022-04-22,19.479534149169922,20.448770189585975,19.46456201839812,20.26610219786414,624713000
2022-04-25,19.86583137512207,19.90875249765362,19.061296409060496,19.167102763902953,641566000
2022-04-26,18.753856658935547,19.75203935812216,18.636071069969407,19.682166873800284,653143000
2022-04-27,18.38153076171875,19.132162868752985,18.25675795525761,18.56419681004498,499460000
2022-04-28,19.746049880981445,20.000587537213033,18.45639800746317,18.932530442416695,570327000
2022-04-29,18.513294219970703,20.091420341877647,18.48334805551463,19.36673991620479,500435000
2022-05-02,19.49750328063965,19.538427232283176,18.35757845927692,18.507305480868084,572049000
2022-05-03,19.56637191772461,19.788968084316135,19.09822447980406,19.364739395345126,475751000
2022-05-04,20.297046661376953,20.36292670436252,18.716923264105464,19.886794272202142,648855000
2022-05-05,18.809755325317383,19.88879023761166,18.46638060148286,19.830896979302434,626331000
2022-05-06,18.64105987548828,19.47653863115754,17.957305306226015,18.701949838466604,633297000
2022-05-09,16.919198989868164,18.22182592676912,16.796421410513055,18.001228764705814,644455000
2022-05-10,17.56302261352539,18.16492737651773,16.99405882150625,17.656851643260232,761474000
2022-05-11,16.599777221679688,17.720737474100222,16.537891524903785,17.315475166719338,670167000
2022-05-12,16.145605087280273,16.75749197618236,15.538711130202692,16.189525752393525,708728000
2022-05-13,17.67382049560547,17.895417154710085,16.562844297235856,16.757489599664027,670437000
2022-05-16,17.23262596130371,17.75567386028926,17.074914055272394,17.477181558942796,521446000
2022-05-17,18.143966674804688,18.337614359005986,17.601954209019933,18.04115321874996,585830000
2022-05-18,16.90721893310547,18.085074867941106,16.833354004544034,17.672825290748634,545161000
2022-05-19,17.092878341674805,17.654854836825514,16.703585856926992,16.906217932771696,621310000
2022-05-20,16.66366195678711,17.378360361940025,15.726368287812404,17.30050299605302,739105000
2022-05-23,16.867290496826172,16.884259799237338,16.149597335733432,16.244423998494888,639889000
2022-05-24,16.1246395111084,16.566835152715054,15.751319657965462,16.479993381421657,588550000
2022-05-25,16.944149017333984,17.079901523082487,15.97092065890551,15.990884766660846,781132000
2022-05-26,17.818561553955078,18.05912283951372,15.99288468334853,16.006859182062453,996575000
2022-05-27,18.77681541442871,18.846687898146087,18.06710707974636,18.152951232834447,738379000
2022-05-31,18.638063430786133,19.16510363804112,18.316648182003533,18.945502282430265,664100000
2022-06-01,18.28670883178711,19.018376635802273,18.089068680481994,18.68997592200463,544514000
2022-06-02,19.556396484375,19.58334784646,18.16493055901775,18.258759605191464,648656000
2022-06-03,18.685977935791016,19.296867114895196,18.48833782299085,19.047321460231885,598779000
2022-06-06,18.751859664916992,19.301858931419297,18.53026298173821,19.10421880079085,422406000
2022-06-07,18.891605377197266,18.965470299087695,18.154945715304475,18.43842998315099,388914000
2022-06-08,18.618043899536133,19.14918886431723,18.505224558437913,18.768800398425874,363252000
2022-06-09,18.019012451171875,18.90259123258257,18.012023724724873,18.451317549760248,395574000
2022-06-10,16.94673728942871,17.668575580223607,16.841904493178646,17.571731259755435,465248000
2022-06-13,15.621865272521973,16.285796991229645,15.580930768510546,15.974297907810348,604153000
2022-06-14,15.810562133789062,16.040192214090787,15.387242491326816,15.705730306415653,469680000
2022-06-15,16.500450134277344,16.84090192856141,15.900414844094753,16.069143021465198,563936000
2022-06-16,15.57594108581543,15.916393918477562,15.376262521633423,15.834524897841815,545749000
2022-06-17,15.854491233825684,15.969306274754233,15.303377894797796,15.622863557257194,630334000
2022-06-21,16.539386749267578,16.98067611376005,16.380641786258877,16.44853333661979,483089000
2022-06-22,16.33371925354004,16.63523415441029,16.15400810802624,16.199933739530884,437135000
2022-06-23,16.198936462402344,16.558356861748027,15.827533351841502,16.49246289970144,463680000
2022-06-24,17.098491668701172,17.11246912096269,16.283802343214774,16.473497698396116,472153000
2022-06-27,16.841907501220703,17.302167566990544,16.59929773403613,17.28419682577046,427968000
2022-06-28,15.956329345703125,17.17436904148227,15.919388121687373,16.872854081714543,461149000
2022-06-29,15.517034530639648,15.794587854289764,15.145632337338009,15.788597926333088,482352000
2022-06-30,15.134651184082031,15.541995824627715,14.838128310223647,15.336326385518298,686070000
2022-07-01,14.499671936035156,15.03880451331611,14.368882791299097,14.875068383035895,577610000
2022-07-05,14.939962387084961,14.946951112194402,14.032423111650445,14.152230235873315,651397000
2022-07-06,15.105695724487305,15.29439224990289,14.765242940869179,14.985888603236944,529066000
2022-07-07,15.832526206970215,15.91938634734984,15.36427972508815,15.431172487703748,492903000
2022-07-08,15.812559127807617,16.011239824701722,15.36428001522436,15.40521452102006,467972000
2022-07-11,15.12766170501709,15.502059340934558,15.013844503778325,15.501060543530391,437321000
2022-07-12,15.057772636413574,15.406211993432294,14.853102016672706,15.243473723701138,458483000
2022-07-13,15.139640808105469,15.350302309232742,14.44176424359817,14.56656344936429,521918000
2022-07-14,15.347307205200195,15.448144798089075,14.704341629701336,15.083731337790685,456235000
2022-07-15,15.736682891845703,15.756650272392122,15.42019167415229,15.63384864449676,385935000
2022-07-18,16.075138092041016,16.86985906904583,15.976298082766748,16.275815455198785,670517000
2022-07-19,16.964706420898438,17.08251690860308,16.146023887163786,16.459518688005346,702366000
2022-07-20,17.778396606445312,17.90419557403467,16.774013886344825,16.919779281556753,760538000
2022-07-21,18.021007537841797,18.114856419024587,17.516819500864308,17.856273549154427,557049000
2022-07-22,17.291179656982422,17.93813754600972,17.109470902798687,17.86425701094861,536671000
2022-07-25,16.996652603149414,17.096492342767927,16.622255007793466,16.991659568811933,480748000
2022-07-26,16.50644302368164,16.891822649479725,16.451531068699488,16.861870154684528,397865000
2022-07-27,17.761423110961914,17.907188485590435,16.885831113737122,17.004639434525583,569776000
2022-07-28,17.955114364624023,18.11086394331019,17.411989386494458,17.946129947254434,474646000
2022-07-29,18.133825302124023,18.214694569102246,17.663581188162542,17.784387118127725,435460000
2022-08-01,18.411376953125,18.815727059641716,17.96110121179728,18.15279222547974,476469000
2022-08-02,18.496240615844727,18.907579472181585,18.062937738115096,18.09289023442921,489527000
2022-08-03,18.862651824951172,18.937532114170036,18.10786566973609,18.154791057227346,418146000
2022-08-04,19.18413543701172,19.243040681587424,18.72986637165179,18.818724113299595,409652000
2022-08-05,18.958499908447266,19.19811418839831,18.636018761507295,18.779786567763914,386068000
2022-08-08,17.764413833618164,18.209698361202463,17.214300355633416,17.473882879818,981859000
2022-08-09,17.058551788330078,17.418971902884152,16.697133828709614,17.224285475006486,668263000
2022-08-10,18.067930221557617,18.08889639705217,17.289182479721063,17.6695709828763,597422000
2022-08-11,17.913179397583008,18.676951881347318,17.847285427896846,18.101876890579906,509327000
2022-08-12,18.678945541381836,18.68793186075144,17.92415946001401,18.130827666952836,478094000
2022-08-15,19.001434326171875,19.13322230460146,18.58310851700073,18.67096653452531,457666000
2022-08-16,18.84867286682129,19.11125087643797,18.47127981939262,18.889607370873275,451240000
2022-08-17,18.3055477142334,18.657981332845214,18.115854280880267,18.49324736132435,446799000
2022-08-18,18.742847442626953,18.83469872730568,18.153794950823045,18.271605449183827,415447000
2022-08-19,17.82033348083496,18.490255309098075,17.741459891222686,18.3764380856611,441588000
2022-08-22,17.006641387939453,17.529799937560014,16.93874981335424,17.4619083629748,409593000
2022-08-23,17.153404235839844,17.43694848107864,16.942742694855127,16.96171318318317,369986000
2022-08-24,17.194339752197266,17.378044243797792,16.86786528424407,16.98467604437704,522661000
2022-08-25,17.884227752685547,17.91817353704041,16.80596255460198,16.816944566179142,770691000
2022-08-26,16.23388671875,17.895213898096756,16.21092294066762,17.828322063558247,769127000
2022-08-29,15.775617599487305,16.31175468886111,15.741672771666877,15.994266622399852,496132000
2022-08-30,15.443155288696289,16.01323727983435,15.157614418315411,15.934364651664499,530181000
2022-08-31,15.069754600524902,15.515038296538872,14.934971220455097,15.359288739854978,573710000
2022-09-01,13.914609909057617,14.356898051331667,13.248681654871092,14.18617229000278,1178865000
2022-09-02,13.625079154968262,14.148236669923433,13.56916839929729,14.07735157024542,743157000
2022-09-06,13.44337272644043,13.756868510463313,13.329555512837128,13.708945272705602,535751000
2022-09-07,13.696039199829102,13.819877351748058,13.328521120783083,13.545236934215922,512657000
2022-09-08,13.971677780151367,13.989654808399921,13.351491735146373,13.44137306668779,624873000
2022-09-09,14.368160247802734,14.455046214271212,14.1075023483973,14.138460938492864,486612000
2022-09-12,14.486003875732422,14.527948688246315,14.179405773307693,14.350182305946856,484159000
2022-09-13,13.113801956176758,13.903766352893664,13.081844277875383,13.78392363062557,714956000
2022-09-14,13.110807418823242,13.272594961389391,12.896088837173366,13.23664185667735,588507000
2022-09-15,12.912068367004395,13.21567015624059,12.77325045930142,12.997956185221906,523625000
2022-09-16,13.180715560913086,13.194697165247513,12.600476123758247,12.725312420987274,670751000
2022-09-19,13.36447525024414,13.44536950238442,12.992962670832137,12.994959906915472,569685000
2022-09-20,13.158743858337402,13.46534195963584,13.039900223317943,13.19769329297533,524818000
2022-09-21,13.243633270263672,14.012625346801554,13.092830994775037,13.195696747526322,807679000
2022-09-22,12.544549942016602,13.131780192367279,12.41172469834498,13.052883178633808,759162000
2022-09-23,12.49960708618164,12.594482927543599,12.24094648413454,12.403733103156807,663309000
2022-09-26,12.21198558807373,12.64242184812588,12.198003983784714,12.474641644232314,547343000
2022-09-27,12.396743774414062,12.719320720938102,12.241947032432883,12.490620532839431,553854000
2022-09-28,12.719320297241211,12.806206250600736,12.337820615857858,12.393747031367376,542414000
2022-09-29,12.203995704650879,12.483628721329582,11.930354395452484,12.431696780132437,532763000
2022-09-30,12.123101234436035,12.616454666511402,12.059184927057526,12.071169294217576,565638000
2022-10-03,12.495614051818848,12.661397019747188,12.089146528346182,12.330830178093539,547478000
2022-10-04,13.14975643157959,13.202687472797923,12.862133487134708,12.862133487134708,584182000
2022-10-05,13.191699028015137,13.30355279979385,12.604469821558896,12.894089953360172,507131000
2022-10-06,13.112805366516113,13.638116551801618,13.085840298412162,13.20268765696208,644157000
2022-10-07,12.060186386108398,12.653408390945094,12.006257199525558,12.48862450071268,672478000
2022-10-10,11.654715538024902,12.108120441007816,11.393058603226073,12.021234494107956,698699000
2022-10-11,11.570825576782227,11.83048431565809,11.268221984145713,11.54585774929641,667482000
2022-10-12,11.484938621520996,11.719630502652882,11.330141889388276,11.563835628802222,492590000
2022-10-13,11.944334983825684,12.062180459420011,10.798836997287173,10.956630043298636,850103000
2022-10-14,11.212296485900879,12.095138555665246,11.18932684468692,12.041209377307327,713432000
2022-10-17,11.872429847717285,11.932351684916148,11.501916408490736,11.502914550195962,580774000
2022-10-18,11.95132827758789,12.475640367724393,11.602785343462813,12.327834421594872,659362000
2022-10-19,12.03521728515625,12.333826444729338,11.818501467347717,11.863442610170829,523131000
2022-10-20,12.17802906036377,12.752275759292546,12.08914492779996,12.097134823090324,652398000
2022-10-21,12.449674606323242,12.481633241323104,11.87143332263106,12.082156494590066,609494000
2022-10-24,12.582499504089355,12.693354192196825,12.048200327410264,12.49161907984014,517457000
2022-10-25,13.243633270263672,13.282582706939756,12.647414970734918,12.677376368924335,505482000
2022-10-26,12.879110336303711,13.370465602720852,12.691356829552692,12.852146223274735,532953000
2022-10-27,13.158743858337402,13.819877533588544,13.104814677814026,13.61214975532052,583113000
2022-10-28,13.815881729125977,13.83186152118797,13.043894336346346,13.086838241715473,521040000
2022-10-31,13.479323387145996,13.819877352516734,13.27958550774582,13.759955512484012,486341000
2022-11-01,13.525264739990234,13.906764454492945,13.501296001998105,13.79291342524304,432817000
2022-11-02,13.201688766479492,14.191391166061656,13.193699822047904,13.83186295115386,672628000
2022-11-03,13.403423309326172,13.762952460821824,12.93903307601992,13.025919033651268,500065000
2022-11-04,14.137460708618164,14.210365058332465,13.67906125202417,13.967683273201919,612576000
2022-11-07,14.282271385192871,14.393126083132001,13.93572663883021,14.209367030009965,410061000
2022-11-08,14.582876205444336,14.871497264348415,14.197381111718515,14.781614983674388,595292000
2022-11-09,13.757959365844727,14.192390121308478,13.740981430455777,14.143453551229962,454414000
2022-11-10,15.72937297821045,15.752342620008893,14.527948421204893,14.780617338263776,700819000
2022-11-11,16.30561637878418,16.367535452388744,15.461723751407225,15.786297912123384,655487000
2022-11-14,16.273658752441406,16.518338717650273,15.901147120330615,16.196759933471668,527852000
2022-11-15,16.644176483154297,16.975740560635188,16.360547980780158,16.700102908154662,545876000
2022-11-16,15.889163970947266,16.340571692497278,15.85221272363111,16.140834757175984,649547000
2022-11-17,15.65647029876709,16.24469967737209,15.514656056143036,15.694420642704538,710894000
2022-11-18,15.388818740844727,15.981042481409775,15.100196742798564,15.94508842788451,492072000
2022-11-21,15.296940803527832,15.456731110524126,15.060250720781186,15.127163364237928,404739000
2022-11-22,16.016996383666992,16.03697064838447,15.10219563199428,15.307926177427646,472866000
2022-11-23,16.497364044189453,16.50535489230616,16.026982150723164,16.07691590341239,427241000
2022-11-25,16.248689651489258,16.46540447528635,16.150818440742185,16.2966271152818,167934000
2022-11-28,15.806272506713867,16.33557910048079,15.704406802903588,16.005011300506297,303741000
2022-11-29,15.618518829345703,15.9111353323506,15.499675191959904,15.806272346937764,298384000
2022-11-30,16.90515899658203,16.912151586236597,15.580556739527186,15.680450741353981,565298000
2022-12-01,17.11693572998047,17.24679783970152,16.61746285278934,16.981079427481237,470977000
2022-12-02,16.85820770263672,16.915148722341915,16.42766233403227,16.64143742283547,371389000
2022-12-05,16.59248924255371,16.977083578578082,16.454634243569135,16.661416742045997,352255000
2022-12-06,15.970146179199219,16.555527878400294,15.802323072084963,16.51257394277568,352694000
2022-12-07,16.103010177612305,16.16894059762961,15.650486623430005,15.7553764476407,372388000
2022-12-08,17.150901794433594,17.16089148149892,15.942176334261013,16.255846411030678,515456000
2022-12-09,16.983076095581055,17.564463251970096,16.95710443596456,17.14190886566031,465338000
2022-12-12,17.51651954650879,17.519516643906666,16.779298368138964,17.019045201245973,457328000
2022-12-13,18.052949905395508,18.770193437295646,17.692330392550996,18.511465684750743,656589000
2022-12-14,17.655370712280273,18.23276249935812,17.401638727640112,17.968040523898743,496888000
2022-12-15,16.934131622314453,17.301743767029258,16.682398337219137,17.12792738293824,478542000
2022-12-16,16.55353355407715,17.023039400348072,16.39270394689365,16.846225910038616,478232000
2022-12-19,16.236865997314453,16.591491326415667,16.127981643599433,16.554531578863497,354039000
2022-12-20,16.06804656982422,16.292809815920624,15.835293287085545,16.04706879387778,403260000
2022-12-21,16.48360824584961,16.609476804930267,16.085028603660696,16.097016992781896,325025000
2022-12-22,15.322829246520996,16.120987673315565,14.866311240758934,16.077033433532407,565045000
2022-12-23,15.189970970153809,15.322830189395079,14.867311505326436,15.17998128298212,349326000
2022-12-27,14.106114387512207,15.084082448789612,14.04118237491811,15.05810983428577,464902000
2022-12-28,14.021202087402344,14.246963647782845,13.869361914307433,13.91231680039811,351066000
2022-12-29,14.587605476379395,14.667521065652995,14.212002397327266,14.38681810611413,354923000
2022-12-30,14.59859561920166,14.613579197907772,14.217996715226494,14.318890082879692,310490000
2023-01-03,14.299909591674805,14.980192432307444,14.081140585137454,14.835344825073602,401277000
2023-01-04,14.733451843261719,14.837342302451898,14.225987933937839,14.5516444923479,431324000
2023-01-05,14.24996566772461,14.548650321631607,14.13308840129548,14.475727306111375,389168000
2023-01-06,14.843335151672363,14.99417598326044,14.019205095866276,14.45874080807322,405044000
2023-01-09,15.61152458190918,16.039072863782973,15.125037532338498,15.267887377972603,504231000
2023-01-10,15.892230033874512,15.94517366128145,15.455690420036634,15.490653372601406,384101000
2023-01-11,15.984131813049316,16.011103777484436,15.546593810156406,15.823302234215715,353285000
2023-01-12,16.493593215942383,16.619459833672344,15.475667427433098,16.083027207439695,551409000
2023-01-13,16.88118553161621,16.904162001817628,16.147960048723682,16.260839889557317,447287000
2023-01-17,17.683340072631836,17.709313641691512,16.881187014032182,16.881187014032182,511102000
2023-01-18,17.35868263244629,17.854158152300805,17.263781558432793,17.648375934651437,439624000
2023-01-19,16.747325897216797,17.178871599912767,16.71336324869982,17.01804012030735,452932000
2023-01-20,17.82019805908203,17.837180338916934,16.80726689515637,16.99306976542005,564967000
2023-01-23,19.17276954650879,19.2247147792948,17.799218927189443,18.044958004082773,655163000
2023-01-24,19.244691848754883,19.474450850170054,18.800161235154988,18.80715382585874,496204000
2023-01-25,19.302631378173828,19.349582719059857,18.560414551747876,18.893063715882672,449537000
2023-01-26,19.7811222076416,20.1447387517024,19.25767450877086,19.680228862617987,489535000
2023-01-27,20.343530654907227,20.606253883767415,19.384543617188243,19.441482734234384,542142000
2023-01-30,19.141801834106445,20.118769651142287,19.12981344690093,19.92897130354372,488611000
2023-01-31,19.51640510559082,19.66624659725309,18.93002401700691,19.14979141108904,498017000
2023-02-01,20.920923233032227,21.169659387182808,19.590326660737446,19.670242250628736,660477000
2023-02-02,21.686113357543945,21.925860113730366,20.6781782034606,20.977861172359162,564276000
2023-02-03,21.077760696411133,21.722081314990728,20.76708767150065,20.977865716692563,429366000
2023-02-06,21.066770553588867,21.54726252016348,20.764088546903054,20.78406792196353,452197000
2023-02-07,22.149625778198242,22.235535559887833,21.12770349826597,21.359459276744385,664150000
2023-02-08,22.181589126586914,22.853879916035094,21.984796321260635,22.363396450827928,559651000
2023-02-09,22.31344985961914,22.995730332583978,22.096679589074082,22.582167257316705,523876000
2023-02-10,21.242584228515625,22.054726981350132,20.789064216864638,21.6671373847091,550737000
2023-02-13,21.765033721923828,22.024759888693577,20.939904182007883,21.515297242953466,474919000
2023-02-14,22.94678497314453,23.024701862590533,21.343475492983863,21.55525189893666,675474000
2023-02-15,22.74000358581543,22.830907263123883,22.082698167631655,22.52523007264076,420575000
2023-02-16,21.978803634643555,22.52622429667311,21.90388194659227,22.10966413149138,412026000
2023-02-17,21.365455627441406,21.717083871627388,20.952890859592024,21.608199514245356,465888000
2023-02-21,20.63322639465332,21.47134072519899,20.596264744241374,20.977862013234812,410015000
2023-02-22,20.732120513916016,21.08175191942392,20.399471384893207,20.6851710833237,513184000
2023-02-23,23.639055252075195,23.862820062689913,23.0007288852004,23.415292346798566,1117995000
2023-02-24,23.26145362854004,23.449257089535415,22.922812171124363,23.200519010604086,589716000
2023-02-27,23.476224899291992,23.854825071141974,23.429275467548678,23.6450473658971,452994000
2023-02-28,23.191530227661133,23.79988950766087,23.181540538896495,23.347365942780517,455963000
2023-03-01,22.674072265625,23.23148459935281,22.484272025585433,23.167550984389926,460026000
2023-03-02,23.2894229888916,23.355353400499368,22.40835276964801,22.464295399339527,389415000
2023-03-03,23.86481285095215,23.874802536880523,23.10561386843544,23.29541409039906,412393000
2023-03-06,23.5291690826416,24.22243577267556,23.462238375938345,23.865813694172704,437429000
2023-03-07,23.267404556274414,24.103664219579663,23.22044523812733,23.579128902669357,515154000
2023-03-08,24.159610748291016,24.17859494826269,23.403280373872484,23.466224373577802,513573000
2023-03-09,23.415267944335938,24.432367010372445,23.362313428720174,24.15361259549096,501257000
2023-03-10,22.94468879699707,23.60610394776299,22.705899859992172,23.388296345871805,474866000
2023-03-13,22.945688247680664,23.277395355394315,22.2772811984554,22.73187871576052,421890000
2023-03-14,24.041717529296875,24.197579694405405,23.439250204223796,23.475219568886814,474910000
2023-03-15,24.206573486328125,24.26452084975583,23.339341111840906,23.73998553895474,524486000
2023-03-16,25.51841163635254,25.565369047622582,23.872866995148154,24.005750694887265,583253000
2023-03-17,25.702245712280273,26.375649322099584,25.64529501788219,25.959018356234978,848547000
2023-03-20,25.877094268798828,26.000985154949564,25.1077747813069,25.592346468540175,432747000
2023-03-21,26.175827026367188,26.368657115310835,25.35855164040249,26.15684473087792,547408000
2023-03-22,26.444589614868164,27.564598386349715,26.21379303359335,26.401626474238157,797295000
2023-03-23,27.16695213317871,27.474680300568725,26.666395768826245,27.091019134511235,564889000
2023-03-24,26.75531578063965,27.14297311837725,26.331690982855743,27.007093717949058,454920000
2023-03-27,26.507535934448242,26.97612101034624,26.341682380127203,26.81326506197413,361026000
2023-03-28,26.386642456054688,26.4895520016458,25.8271382618564,26.42361038825946,356104000
2023-03-29,26.960132598876953,27.054049321086534,26.57347575940691,26.801274739572264,393694000
2023-03-30,27.35877799987793,27.474676521126977,27.078026419046342,27.204914890179356,364516000
2023-03-31,27.752431869506836,27.809380660660256,27.08102536446216,27.115994254760153,433933000
2023-04-03,27.94026756286621,27.97523645598325,27.311824147854885,27.484671479925822,398716000
2023-04-04,27.42871856689453,27.975235662091706,27.28284778669967,27.941265336695817,368592000
2023-04-05,26.857227325439453,26.97412252588098,26.371657076286322,26.8052732678004,515015000
2023-04-06,27.01308822631836,27.056049463902667,26.403627120957175,26.56048785327074,397654000
2023-04-10,27.554611206054688,27.596573880749386,26.645416109679182,26.7992792502264,395279000
2023-04-11,27.144968032836914,27.76541901115848,27.1020048950003,27.699477407319026,314378000
2023-04-12,26.471567153930664,27.443706150535657,26.42460783917617,27.345793254176353,446259000
2023-04-13,26.439590454101562,26.863215174744923,26.30571011723808,26.710350638891573,353615000
2023-04-14,26.734331130981445,26.85922056456347,26.196806902127364,26.480556091603322,395660000
2023-04-17,26.978113174438477,26.98210934613141,26.40961630298612,26.541499497159265,321471000
2023-04-18,27.642528533935547,28.08513749604695,27.332803260522113,27.508648184223265,604812000
2023-04-19,27.90629768371582,27.975236904297546,27.20791647127858,27.336802094498506,358660000
2023-04-20,27.080026626586914,28.00520817494305,26.976118523026464,27.64652455149464,427713000
2023-04-21,27.095014572143555,27.158959050915872,26.6983663319222,26.928162455219432,345103000
2023-04-24,27.01807975769043,27.341792568225937,26.647407636879258,26.989106080495755,339282000
2023-04-25,26.21778678894043,27.222897413291882,26.201802100966088,27.054046283348306,378527000
2023-04-26,26.93215560913086,27.305825338536614,26.6813781784844,26.978116353168147,406337000
2023-04-27,27.201921463012695,27.470684568616697,26.601453148375764,27.338801338428016,377161000
2023-04-28,27.724458694458008,27.73344960649909,27.047056930698307,27.20092196442208,292216000
2023-05-01,28.884429931640625,29.03229974718171,27.755430216862095,27.81537661530885,570329000
2023-05-02,28.185047149658203,28.81049480525915,28.05816057967745,28.65463265110566,402730000
2023-05-03,27.77741050720215,28.341911325325526,27.44770245263645,27.815377004737694,383387000
2023-05-04,27.537622451782227,27.834358742105735,27.21590674873428,27.626542529378735,321850000
2023-05-05,28.654632568359375,28.72956508673925,27.7064725625765,27.801387848122303,361494000
2023-05-08,29.125219345092773,29.194158568777326,28.32492902158488,28.49677589172535,344979000
2023-05-09,28.545732498168945,28.947377417965907,28.424841120029985,28.8734434541326,314869000
2023-05-10,28.859451293945312,29.087250267045963,28.435826537614037,28.97934408614239,369350000
2023-05-11,28.552722930908203,28.92439555714759,28.221017746526314,28.870442464415532,322149000
2023-05-12,28.314937591552734,28.754549009866494,28.021196966245277,28.503769625610616,274222000
2023-05-15,28.927387237548828,28.943373830938018,28.127097114749542,28.48278119029114,293926000
2023-05-16,29.187158584594727,29.8435789202714,28.806496990692356,28.81548790146732,449405000
2023-05-17,30.15130615234375,30.172287485743233,29.403968588740156,29.557831700336376,432535000
2023-05-18,31.649986267089844,31.799853239184543,30.29318736072945,30.383107925118658,748725000
2023-05-19,31.236347198486328,31.552067683944458,30.888655428377344,31.508105976511025,473908000
2023-05-22,31.148427963256836,31.492123586083498,30.652866345174697,30.8736696538163,372000000
2023-05-23,30.660858154296875,31.260327873842513,30.603909359902882,30.972582484687077,356253000
2023-05-24,30.510990142822266,30.579929358273947,29.77963722467679,30.183279227752074,721419000
2023-05-25,37.9463996887207,39.44507268027202,36.60258835333982,38.488918579888356,1543911000
2023-05-26,38.91155242919922,39.13535333136667,37.51678724611189,37.856486677468894,714397000
2023-05-30,40.075523376464844,41.90090712766281,39.91366790954096,40.559096455146374,923401000
2023-05-31,37.800533294677734,40.25935493570893,37.78854287268503,39.453069566174214,1002580000
2023-06-01,39.73482131958008,40.01457242184314,38.30608594218301,38.45495240408073,635873000
2023-06-02,39.292213439941406,40.46417621230153,39.02345037446548,40.061532803064914,482731000
2023-06-05,39.1363639831543,39.53001277855941,38.67277357971231,38.874594623272664,396094000
2023-06-06,38.619808197021484,39.125361136510946,38.11425525753202,38.79565501764921,388729000
2023-06-07,37.44572448730469,39.46814549212033,37.32681796379226,38.88460205575025,511998000
2023-06-08,38.47991943359375,38.833643027365426,37.47570715034152,37.694534053593046,417772000
2023-06-09,38.73971939086914,39.679982507586125,38.53687882707075,39.0065091445359,427717000
2023-06-12,39.4511604309082,39.499123275212575,38.58783685686491,39.16938300880245,388701000
2023-06-13,40.989959716796875,41.06890039349555,39.70896332197463,40.154614126267326,613208000
2023-06-14,42.96342086791992,42.96641687824926,40.52032691306219,40.7921176516414,740465000
2023-06-15,42.619686126708984,43.2551909701653,42.11408081517457,42.56872727104233,568622000
2023-06-16,42.658653259277344,43.6868488037051,42.62767543128522,43.416060581927226,655709000
2023-06-20,43.77378463745117,43.95564551444472,42.64067141901623,42.96441968644821,451153000
2023-06-21,43.011375427246094,43.58093370313804,42.04713285457767,43.467020523272616,551603000
2023-06-22,42.99138641357422,43.392070279352254,42.2010040500408,42.21998640005911,417737000
2023-06-23,42.176025390625,42.77555513779792,41.982176702107104,42.43082724844622,358140000
2023-06-26,40.60026550292969,42.730600334546075,40.06867951218722,42.42783558135576,594322000
2023-06-27,41.84328842163086,41.907237605323324,40.416406298926006,40.76713004512084,462175000
2023-06-28,41.08488464355469,41.812316652912195,40.486353490200045,40.628240868259915,582639000
2023-06-29,40.79011154174805,41.56750370507978,40.56828482936424,41.52553669526217,380514000
2023-06-30,42.268951416015625,42.516758773836536,41.468578476048215,41.647439493374065,501148000
2023-07-03,42.3798713684082,42.86449316721701,42.169037634447896,42.48379023030001,198209000
2023-07-05,42.28395080566406,43.143275924330226,42.05212974638505,42.102089932908285,323618000
2023-07-06,42.07011795043945,42.146058807449926,41.31370920237291,41.81132135922697,303582000
2023-07-07,42.46980285644531,43.18024990252509,42.14705707601412,42.28894446417988,355881000
2023-07-10,42.147056579589844,42.77756426984942,41.616469261927726,42.623685218893456,353908000
2023-07-11,42.37187957763672,42.72460451753315,42.03414612426581,42.44782043348418,298244000
2023-07-12,43.867706298828125,43.90068146612332,42.74358509464824,42.99938563817074,481277000
2023-07-13,45.94108963012695,46.118948189485444,44.457248919012514,44.48322958682048,478204000
2023-07-14,45.43348693847656,48.05044077711324,45.024806002911156,46.54661523204283,772075000
2023-07-17,46.424705505371094,46.45967801263674,45.22664460524396,46.252842790646994,510488000
2023-07-18,47.45689392089844,47.85858027791971,45.698270630412644,46.66451419857792,569164000
2023-07-19,47.04022979736328,47.78065216165784,46.70549236660369,47.42692856470666,427502000
2023-07-20,45.48444366455078,47.05022098399054,45.02680123666584,46.470672206647684,537865000
2023-07-21,44.27439498901367,45.83018206850467,44.0655585735208,45.75224005521712,963769000
2023-07-24,44.577152252197266,45.07376568294936,44.005600454709025,44.6960587806985,382516000
2023-07-25,45.6433219909668,46.14692613209552,44.88791196755602,44.90589946333249,348081000
2023-07-26,45.41648864746094,46.017020832640675,44.595132267370296,45.98504433960376,364237000
2023-07-27,45.86415100097656,47.357982253239214,45.71426663486367,46.4826670082,455976000
2023-07-28,46.7134895324707,46.99027362998194,46.34477822974176,46.63155284037136,331194000
2023-07-31,46.69249725341797,47.093184983951005,46.4696718790696,46.71747924909827,251055000
2023-08-01,46.470672607421875,46.86336718401233,45.991048000510794,46.42370843555568,237858000
2023-08-02,44.23442459106445,45.80419670368741,43.353113509905164,45.79520486142881,530142000
2023-08-03,44.480228424072266,45.082758057083076,43.765786762914985,43.765786762914985,324176000
2023-08-04,44.64509582519531,45.606342288223864,44.35832128281738,44.949857860967036,362666000
2023-08-07,45.381526947021484,45.504431975857,44.528193870776704,45.07576619174701,322154000
2023-08-08,44.629119873046875,45.20666758358326,44.02159299987499,44.817971444919216,353843000
2023-08-09,42.5207633972168,44.27738970488,42.10108946258739,44.23941737277786,586449000
2023-08-10,42.35489273071289,43.53996721168232,41.80232325660613,42.12707017302428,492705000
2023-08-11,40.823081970214844,41.98517540033476,40.60725111453781,41.71838188742653,533085000
2023-08-14,43.71882629394531,43.76579047022575,40.279517041963544,40.454379600754656,690286000
2023-08-15,43.90568161010742,45.2326473732039,43.67586169687328,44.52520013627042,676512000
2023-08-16,43.45203399658203,44.640104468597144,43.37209465339346,44.4852267558164,527451000
2023-08-17,43.31014633178711,44.027584017095954,42.96741192711898,43.93565682241001,452395000
2023-08-18,43.265174865722656,43.543956241722725,41.627455303744846,42.60169211486707,583768000
2023-08-21,46.93031692504883,47.02823995825299,44.1874618900852,44.4592488124891,692573000
2023-08-22,45.632320404052734,48.14935340082815,45.2975830430365,48.09739207507064,755293000
2023-08-23,47.079200744628906,47.1631347697341,45.172690060210584,45.830177068585726,779046000
2023-08-24,47.126155853271484,50.22673252136096,47.12216117350295,50.17677234223293,1156044000
2023-08-25,45.9820556640625,47.767658540303835,44.98882881073535,46.975278705672146,925341000
2023-08-28,46.79841613769531,46.94330333520207,44.852938347469795,46.44569122659898,685192000
2023-08-29,48.74589538574219,49.04266428440614,46.35476299443785,46.62954971759292,701397000
2023-08-30,49.225521087646484,49.88800143615993,48.387175707748206,49.005691704274305,735206000
2023-08-31,49.31645202636719,49.70514814643913,48.9197627338808,49.34143402541549,528570000
2023-09-01,48.47111129760742,49.761103338104185,48.10439736069892,49.72313481683707,463830000
2023-09-05,48.51008224487305,48.81284699146263,47.82261987711322,48.18533532160486,382653000
2023-09-06,47.02812194824219,48.515081329417654,46.54745900227917,48.40715888718816,468670000
2023-09-07,46.20869064331055,46.311619313403384,45.120450870903866,45.4931913383561,433330000
2023-09-08,45.540157318115234,46.57343525598355,45.23936893896436,45.909901542782364,473069000
2023-09-11,45.146427154541016,46.130735550235435,44.28103126100682,46.115746643442655,473966000
2023-09-12,44.83864974975586,45.641090123079564,44.49988589641405,44.70674200428019,349256000
2023-09-13,45.453224182128906,45.89791299422977,44.47190796370626,44.56884032019725,398355000
2023-09-14,45.549156188964844,45.95487076893904,45.0994698183301,45.91789786927569,370097000
2023-09-15,43.86932373046875,45.567133950218214,43.77738515441512,45.309314822834715,506831000
2023-09-18,43.935279846191406,44.211087976394666,41.97065391873253,42.71813237686466,500271000
2023-09-19,43.489585876464844,43.93527332902396,42.97194633294254,43.802366857424914,373064000
2023-09-20,42.20948791503906,43.872326816521394,42.193500252380844,43.56953710623469,367108000
2023-09-21,40.98833465576172,42.07057801307491,40.951361762571175,41.55394101252563,450736000
2023-09-22,41.58092498779297,42.08557317870962,41.202188203522006,41.54294952811981,479236000
2023-09-25,42.1924934387207,42.506273177622504,41.14822175071883,41.56193389222181,419091000
2023-09-26,41.881717681884766,42.79008299471649,41.62589602088143,41.97165495479975,402282000
2023-09-27,42.438323974609375,42.84204482057062,41.59991333679484,42.30042372625329,444935000
2023-09-28,43.05888748168945,43.41563643301945,42.085569148140415,42.430325448929366,424663000
2023-09-29,43.46860885620117,44.11315866784139,43.276741660093485,43.796378806191775,397830000
2023-10-02,44.750709533691406,45.143432663496135,43.830351660184725,43.99923228856128,433298000
2023-10-03,43.4865837097168,45.09845913874494,43.215773206538074,44.776681779419775,470850000
2023-10-04,44.01022720336914,44.11215712134903,43.26175000991843,43.71143633979229,361821000
2023-10-05,44.65677261352539,44.868626271295504,43.85733240049327,44.01921794767318,393483000
2023-10-06,45.73002624511719,45.757007806644154,43.99523916079719,44.16212229169967,434436000
2023-10-09,45.24136734008789,45.573136109277975,44.33700086795517,44.810668716384285,409675000
2023-10-10,45.765995025634766,46.22667139823051,45.05649211437215,45.27833709467453,368582000
2023-10-11,46.77328872680664,46.82625308984122,46.01781654956794,46.16371442393257,378137000
2023-10-12,46.91218566894531,47.575723004246136,46.29761768175366,46.74430383096245,481325000
2023-10-13,45.42922592163086,47.08307183716441,45.24835266618891,46.92717882204684,474115000
2023-10-16,46.06279754638672,46.19270397891088,44.88062156378521,45.03151704547535,375099000
2023-10-17,43.90729904174805,44.72273077097073,42.45031760329598,43.96925599511655,812333000
2023-10-18,42.16651916503906,43.188807074933266,41.79577997825451,42.56124365811376,627294000
2023-10-19,42.07158660888672,43.26675013363428,41.85273785103801,42.781089631153165,501233000
2023-10-20,41.35807800292969,42.44032133844881,41.0492920242925,41.860724837875836,477266000
2023-10-23,42.94497299194336,43.21778487682209,40.91639251850647,41.200194491752654,478530000
2023-10-24,43.63249206542969,43.666468707017636,42.661174865100485,43.046902951307125,401463000
2023-10-25,41.749813079833984,43.61950822005005,41.52597053911099,43.367681549704315,398379000
2023-10-26,40.297821044921875,42.22647269652664,39.852133556535904,41.8237544285133,541001000
2023-10-27,40.471702575683594,41.177210573030834,39.987040836148445,41.1012634608965,416784000
2023-10-30,41.13223648071289,41.73681325645553,40.45271135167305,41.05829069172662,388028000
2023-10-31,40.751502990722656,40.85043664876845,39.20258684468398,40.42173556666503,517969000
2023-11-01,42.295433044433594,42.35139367956083,40.84044890706074,40.855437818322336,437593000
2023-11-02,43.47559356689453,43.85332773061327,42.864021790189256,43.29771657075522,409172000
2023-11-03,44.97355270385742,45.27733731815709,43.69244703893823,43.989240387189966,424610000
2023-11-06,45.719032287597656,45.90290564428218,44.86762640814462,45.25335828782106,400733000
2023-11-07,45.922889709472656,46.18570260804149,45.12644574728523,45.687054558944546,343165000
2023-11-08,46.54146194458008,46.83425650544142,45.93588252657113,46.06779027302312,346719000
2023-11-09,46.91718673706055,48.19629090693493,46.7173257575099,47.43382369058895,540496000
2023-11-10,48.30122375488281,48.43812905946533,47.24996072733801,47.466808147596865,421245000
2023-11-13,48.58602523803711,49.08168084897678,48.065389383307924,48.28623562834099,384136000
2023-11-14,49.62130355834961,49.79918059248535,49.005736641538505,49.64528886328257,416954000
2023-11-15,48.853843688964844,49.925093307072636,48.16632465148742,49.900113061154364,475497000
2023-11-16,49.44542694091797,49.490397480832705,48.296232754650504,48.64498792594149,339756000
2023-11-17,49.26355743408203,49.68226341163358,48.9727603803161,49.489397461523026,325205000
2023-11-20,50.373779296875,50.512682115669016,49.14663666812377,49.27754565599921,414120000
2023-11-21,49.90909957885742,50.48169721701578,49.187603987551,50.090971605091276,565747000
2023-11-22,48.68195343017578,50.29982144046333,47.65666949538865,49.817161099137216,899420000
2023-11-24,47.74261474609375,48.886815068886136,47.711634365879085,48.43613001762004,294645000
2023-11-27,48.208282470703125,48.49607937762835,47.61869469092924,47.76659005893032,395662000
2023-11-28,47.78758239746094,48.289234319970646,47.439826002688484,48.202293315261734,401491000
2023-11-29,48.10636520385742,48.72793227517069,47.826562052543174,48.34520044689955,382005000
2023-11-30,46.73731994628906,48.07638377452515,46.3895635380406,47.990441518765145,526247000
2023-12-01,46.732322692871094,47.16702011217605,46.15472745047927,46.4924925258304,369317000
2023-12-04,45.47819900512695,46.044804165615915,44.97854837139348,46.044804165615915,437543000
2023-12-05,46.537559509277344,46.57153532629203,45.24334850919928,45.438229098759074,371718000
2023-12-06,45.47520065307617,47.358052404807324,45.3842566412969,47.18615659482553,380590000
2023-12-07,46.56753158569336,46.600512368918565,45.57613709541874,45.67207911260122,350823000
2023-12-08,47.47697830200195,47.71183534651791,46.52156105756746,46.566535548739374,359224000
2023-12-11,46.59851837158203,47.50196552269277,45.80200812005124,47.46199285274284,509728000
2023-12-12,47.62788391113281,47.63687728383164,46.017868142614965,46.017868142614965,372387000
2023-12-13,48.05862808227539,48.56431952524785,47.578921733918634,47.59990881517736,447792000
2023-12-14,48.320465087890625,48.640269318911756,47.3930343428762,48.36044156986005,391232000
2023-12-15,48.860130310058594,49.373816223552424,48.09060027989247,48.164556381448534,479948000
2023-12-18,50.04641342163086,50.40219497597293,49.119981479065736,49.369828783003264,412587000
2023-12-19,49.573692321777344,49.66963433728467,48.86512588284418,49.39380199579273,464444000
2023-12-20,48.081607818603516,49.9684548790202,48.0686152726536,49.624663268494515,397894000
2023-12-21,48.9600715637207,49.06500695718709,48.389417453965386,48.781180068606574,300425000
2023-12-22,48.8001708984375,49.352830653569725,48.43738988482299,49.16494577989552,252507000
2023-12-26,49.2488899230957,49.569692938536456,48.93008458769596,48.93807912022649,244200000
2023-12-27,49.38681411743164,49.64965395545636,49.05501618312312,49.480758467753716,233648000
2023-12-28,49.49174880981445,49.85352719386826,49.38181539341571,49.6126770927999,246587000
2023-12-29,49.49174880981445,49.96646094313931,48.72121986722186,49.7825714182401,389293000
2024-01-02,48.138572692871094,49.26488309320295,47.565924699352884,49.21391556134482,411254000
2024-01-03,47.53993606567383,48.15455817196312,47.291087653176916,47.4559877548122,320896000
2024-01-04,47.96868133544922,48.47037358886087,47.4789789763883,47.737819636783634,306535000
2024-01-05,49.067012786865234,49.516738699535075,48.27649554575501,48.43240230791865,415039000
2024-01-08,52.221073150634766,52.243062881105025,49.44876972978204,49.48175051312085,642510000
2024-01-09,53.10753631591797,54.291813775257275,51.658421354299875,52.368989354850214,773100000
2024-01-10,54.316795349121094,54.566642620850935,53.45632128428564,53.58324641272958,533796000
2024-01-11,54.788509368896484,55.31219134586392,53.527283064841185,54.9654031964735,596759000
2024-01-12,54.676578521728516,54.93642183109273,54.29681339629927,54.58663334731275,352994000
2024-01-16,56.347557067871094,56.800279452629056,54.86646395445467,54.984391900558016,449580000
2024-01-17,56.01875686645508,56.43650076516492,54.70655929384397,56.3125759716749,474394000
2024-01-18,57.072113037109375,57.5648119047759,56.07272391506558,57.225019450786334,491650000
2024-01-19,59.45465850830078,59.46365188180549,57.19004013784853,57.95357335479518,543501000
2024-01-22,59.61756134033203,60.29414976562131,59.03391842649556,60.01232052303933,452955000
2024-01-23,59.836429595947266,59.873405745227366,58.54921431651321,59.5336132708294,294654000
2024-01-24,61.32451629638672,62.81060746868792,59.90138636580081,60.2671639217423,560271000
2024-01-25,61.5793571472168,62.680685096135214,60.81282362309359,62.3119072339738,482777000
2024-01-26,60.993717193603516,61.74526054571479,60.53600059416135,60.92276141821586,390309000
2024-01-29,62.42683792114258,62.45082152019551,60.86979110422985,61.19458949954275,348733000
2024-01-30,62.73564910888672,63.45421163481392,62.221963176710254,62.861575397836866,410735000
2024-01-31,61.489410400390625,62.23095765369269,60.66291599295292,61.40246175375336,453795000
2024-02-01,62.98849868774414,63.1523999678792,61.61234096321601,62.06206301871128,369146000
2024-02-02,66.11958312988281,66.55930912654547,63.65108714697043,63.93491403332179,476578000
2024-02-05,69.28964233398438,69.45454244217241,67.16394292298222,68.18331639891433,680078000
2024-02-06,68.18132019042969,69.71138308978904,66.25949848302591,69.58745829595591,683111000
2024-02-07,70.05616760253906,70.17709586585252,67.55869397580136,68.27725642617484,495575000
2024-02-08,69.59844207763672,70.75073737144197,69.41255872885704,70.03117613467934,414422000
2024-02-09,72.08895111083984,72.14091368127717,70.1691190330097,70.48992214211897,436637000
2024-02-12,72.20386505126953,74.56542046599529,71.2064736279646,72.55564739281085,613710000
2024-02-13,72.08394622802734,73.40513741451034,69.57748237910234,70.35700477469595,602580000
2024-02-14,73.8548583984375,74.19065168292555,71.89405893388704,73.15728673605686,504917000
2024-02-15,72.61360931396484,73.92980608164119,72.35577132172895,73.82387565740021,420122000
2024-02-16,72.56863403320312,74.35654245789623,72.45670295069786,74.05472502125532,495327000
2024-02-20,69.4095687866211,71.91203666406658,67.69261615478561,71.90303947909813,704833000
2024-02-21,67.43079376220703,68.8459293516135,66.20754225691248,67.96446422295412,673755000
2024-02-22,78.49002838134766,78.52700071768926,74.17466516688725,74.97917375100998,865100000
2024-02-23,78.76885223388672,82.34366290568272,77.5226123761237,80.74064650613892,829388000
2024-02-26,79.04368591308594,80.596737435313,78.4570388969918,79.65130857177527,503973000
2024-02-27,78.65291595458984,79.4314469973946,77.1148623296948,79.3325008302499,391705000
2024-02-28,77.61555480957031,78.88477556464643,77.07788148076835,77.57258181183745,393110000
2024-02-29,79.06366729736328,79.94112925032395,78.3021317921465,79.0456805510973,507289000
2024-03-01,82.2287368774414,82.24972776986829,79.38647244624788,79.95112973995113,479135000
2024-03-04,85.18492126464844,87.6414196546175,83.6678509917937,84.07859536447201,615616000
2024-03-05,85.91551208496094,86.04844030428545,83.36995155382468,85.22190326590307,520639000
2024-03-06,88.64997100830078,89.67339555623481,86.98091470216241,87.97235961581464,582520000
2024-03-07,92.6167221069336,92.71466639598263,89.55145092677502,90.10713703099752,608119000
2024-03-08,87.4786376953125,97.34507194141518,86.45721088913098,95.08434657912662,1142269000
2024-03-11,85.72562408447266,88.74691405918401,84.11852931570184,86.3802534333582,678364000
2024-03-12,91.86116790771484,91.90813847414768,86.10141744907258,87.99934858682109,668075000
2024-03-13,90.83674621582031,91.4523961522475,88.3851266027404,91.00365185687127,635713000
2024-03-14,87.89439392089844,90.5948732884495,86.55115025815236,89.52647603225017,602318000
2024-03-15,87.78744506835938,89.4954805763271,86.20834221458325,86.88095906708162,642086000
2024-03-18,88.40510559082031,92.35287440054489,87.03587564379455,90.33701387030251,668976000
2024-03-19,89.34759521484375,90.49294513426233,84.96206891761534,86.65111081951359,672171000
2024-03-20,90.32102966308594,90.35901024319512,88.17323967680368,89.74634940187569,479063000
2024-03-21,91.3834228515625,92.59574371140432,90.3540050520513,92.2479404308415,480372000
2024-03-22,94.2358169555664,94.72453954495887,90.78276394753543,91.0895899885777,586719000
2024-03-25,94.94841003417969,96.71141493346599,93.45725487677139,93.88801151365493,552136000
2024-03-26,92.5087890625,96.3206408094852,92.44982423178193,95.79693429152606,513648000
2024-03-27,90.19908905029297,93.18740022563185,89.07272590055334,93.05947407876293,586067000
2024-03-28,90.3050308227539,91.24849853375163,89.14268488587938,89.9492288448454,435212000
2024-04-01,90.31202697753906,92.17297617207028,89.15368416261286,90.24806771473163,452441000
2024-04-02,89.40155029296875,90.04318648075638,87.57058285516493,88.39811114522563,433064000
2024-04-03,88.91382598876953,90.32303448482294,88.35014869042175,88.43410095294554,370067000
2024-04-04,85.8565444946289,90.58288102989088,85.83155707073556,90.35500517909665,434965000
2024-04-05,87.95835876464844,88.43109152288164,85.87753246886356,86.81699703882079,399678000
2024-04-08,87.08384704589844,88.77988827828314,86.68307229452097,88.64995673788222,283220000
2024-04-09,85.30584716796875,87.58556628736338,82.97516956737525,87.39267436773328,501700000
2024-04-10,86.98990631103516,87.35070274664696,83.66178279831279,83.87866326448999,431929000
2024-04-11,90.56489562988281,90.68782736368458,86.87698174129012,87.37069882551852,431637000
2024-04-12,88.13626098632812,90.1241452492344,87.48063273280795,89.64840815742117,426805000
2024-04-15,85.95249938964844,90.56189797510771,85.88054139689574,89.04775296579596,443077000
2024-04-16,87.36569213867188,88.06829089560239,86.01545628049773,86.38424380509475,370453000
2024-04-17,83.98760223388672,88.72492641813315,83.90264346955806,88.29016660250515,495400000
2024-04-18,84.62324523925781,86.14139337931326,82.35552770602675,84.9220802095837,447260000
2024-04-19,76.15702819824219,84.27644766930946,75.56336900757456,83.10311370735981,875198000
2024-04-22,79.47315979003906,80.02784714622769,76.35692172416684,78.05995564066009,596341000
2024-04-23,82.37651824951172,82.72232381135599,80.21873912417956,80.72345160999099,438559000
2024-04-24,79.63206481933594,84.03457921776213,79.13834013698539,83.90264988256477,512208000
2024-04-25,82.58538818359375,83.2759926322814,78.178871245499,78.82350402342217,424641000
2024-04-26,87.6855239868164,88.28118855401848,83.3399763925944,83.7707330936579,551011000
2024-04-29,87.70751190185547,87.94237235498613,85.21791179771557,87.54560070216142,388971000
2024-04-30,86.353271484375,88.76890816331654,86.25133163329888,87.19079630766022,363709000
2024-05-01,82.99415588378906,85.95148630832341,81.20916027802339,85.02901046138126,559863000
2024-05-02,85.76859283447266,86.18835408667036,83.15306466582874,84.4013606664833,377898000
2024-05-03,88.7389144897461,89.23063371341577,86.9909005732954,87.73947860212795,398341000
2024-05-06,92.08802795410156,92.16798466023728,89.00476895897276,89.3395790876885,376203000
2024-05-07,90.5029296875,91.72923505394095,88.96080064953647,91.04662159823116,437342000
2024-05-08,90.36101531982422,91.14257199813075,89.36957035953105,89.43253836914545,325721000
2024-05-09,88.69695281982422,91.02063858717587,88.18124497678554,90.47794554376881,378013000
2024-05-10,89.82730102539062,91.3494445724532,89.17666725781999,90.25406212026445,335325000
2024-05-13,90.3480224609375,90.94668368485891,88.47907428372562,90.4269726636133,289680000
2024-05-14,91.30448150634766,91.5993133075769,88.88384272491611,89.5484686052902,296507000
2024-05-15,94.57662200927734,94.80849340867992,91.54733338803841,92.41984207783547,417735000
2024-05-16,94.3057861328125,95.7649618311796,94.04992617640089,94.85647788998737,323952000
2024-05-17,92.42682647705078,94.68655257434129,91.75420961084316,94.31576729412592,359691000
2024-05-20,94.72654724121094,95.14630855060346,93.38730659931326,93.69712933361367,318764000
2024-05-21,95.33219909667969,95.3461911389766,93.12744211033531,93.54620449229954,328946000
2024-05-22,94.89644622802734,95.96584245517248,93.19640917175742,95.4051618418388,548648000
2024-05-23,103.74046325683594,106.26003756449907,101.46274160839002,101.9704583406549,835065000
2024-05-24,106.40894317626953,106.41493649766242,102.94189825157174,104.39007837740144,429494000
2024-05-28,113.83675384521484,114.87417036274923,109.82102250000426,110.18181893492428,652728000
2024-05-29,114.76023864746094,115.42686229387073,110.83845570707368,112.98624580119811,557442000
2024-05-30,110.43767547607422,115.75367568258609,109.60114957621623,114.58533630630252,484553000
2024-05-31,109.57117462158203,112.65343500336584,106.87969257247853,112.45653988138353,613263000
2024-06-03,114.93514251708984,114.93514251708984,111.93983111247248,113.55692243893306,438392000
2024-06-04,116.371337890625,116.5342479883035,113.98068844224889,115.65075141504278,403324000
2024-06-05,122.37094116210938,122.37993114467406,117.40174545593459,118.30423600418825,528402000
2024-06-06,120.92974853515625,125.51615686058132,118.25325773862335,123.97802351582399,664696000
2024-06-07,120.81982421875,121.62337164710611,117.95544321860926,119.70245088550641,412386000
2024-06-10,121.72130584716797,123.0305645078952,116.94400320335374,120.30210862140808,313434100
2024-06-11,120.85173797607422,122.81079255068147,118.68277788836801,121.71131653242202,222551200
2024-06-12,125.13965606689453,126.81884668595569,122.51092635625676,123.00068806264866,299595000
2024-06-13,129.54751586914062,129.73742671072182,127.09870005988893,129.32762071061848,260704500
2024-06-14,131.8164520263672,132.7759808624214,128.2581700274141,129.89737910282292,309320400
2024-06-17,130.91688537597656,133.66556033801308,129.5175660413327,132.92592665460285,288504400
2024-06-18,135.51466369628906,136.26430225949593,130.6270208742377,131.07680096187468,294335100
2024-06-20,130.71697998046875,140.69216665961412,129.45759262565218,139.73263779444994,517768400
2024-06-21,126.50899505615234,130.56704338903992,124.24009251378381,127.05873301556977,649445800
2024-06-24,118.05307006835938,124.40000776140424,117.98310411428992,123.18059459700767,476060900
2024-06-25,126.02922058105469,126.43902662016784,119.26248709669801,121.1415781857949,414192600
2024-06-26,126.3390884399414,128.0582531537486,122.54091663746888,126.06921428451571,362975900
2024-06-27,123.93024444580078,126.34908399185862,122.8607604065947,124.04019204451785,252571700
2024-06-28,123.48046112060547,127.6484495693471,122.69084094404647,124.5199608102888,315516700
2024-07-01,124.24010467529297,124.7798377464592,118.77273936918628,123.41050281013469,284885500
2024-07-02,122.61087799072266,123.35052684202405,120.9716689903923,121.07161927076024,218374000
2024-07-03,128.21817016601562,128.21817016601562,121.30150730962696,121.60136576540062,215749000
2024-07-05,125.76935577392578,128.78790450042015,125.61942654400949,127.3186041478144,214176700
2024-07-08,128.13818359375,130.70695175433724,126.97874686873942,127.42852684489468,237677300
2024-07-09,131.3166961669922,133.7555228326683,128.58800070420872,130.28719371816868,285366600
2024-07-10,134.84500122070312,135.03491211498738,132.35619546389498,133.965420342518,248978600
2024-07-11,127.33861541748047,136.08439171293904,126.98878558577707,135.68459054854569,374782700
2024-07-12,129.17774963378906,131.856451337425,127.15871841221467,128.19821072594715,252680500
2024-07-15,128.37811279296875,131.32668826604316,127.11871779694197,130.49708637675548,208326200
2024-07-16,126.2990951538086,128.97779607447222,124.5199543330253,128.37809442503013,214769500
2024-07-17,117.93313598632812,121.7912763806817,116.66375138152577,121.29151734126509,390086200
2024-07-18,121.03163146972656,122.3410052407324,116.50381613075947,121.79126728812875,320979500
2024-07-19,117.87317657470703,121.5414063811811,117.31344884694725,120.29200868477562,217223800
2024-07-22,123.48046112060547,124.01020446831424,119.80223438238662,120.29199609290939,258068900
2024-07-23,122.53092193603516,124.62991607602876,122.04116019537173,122.72083281792666,173911000
2024-07-24,114.1949462890625,119.8921965766103,113.38533904444206,119.11257365575831,327776900
2024-07-25,112.22588348388672,116.57378540069556,106.24876991914482,112.98551932388845,460067000
2024-07-26,113.00550079345703,116.14398665212225,111.52621844802754,116.13399696280182,293399100
2024-07-29,111.53621673583984,116.22395888086476,111.24636320886141,113.63521076393421,248152100
2024-07-30,103.68000793457031,111.93602131829121,102.49057904635741,111.46624662712419,486833300
2024-07-31,116.96358489990234,118.28294826345073,110.82654541521487,112.84557590571139,473174200
2024-08-01,109.1573715209961,120.1020993651303,106.75852653969832,117.4733618639685,523462300
2024-08-02,107.21829223632812,108.66759790813096,101.32114215166182,103.7099895556254,482027500
2024-08-05,100.4015884399414,103.36016867781126,90.6462974352404,92.0156323292122,552842400
2024-08-06,104.19976806640625,107.65809998114993,100.50155392872522,103.78996196090817,409012100
2024-08-07,98.86234283447266,108.74757662368853,98.64244762367623,107.7580481751046,411440400
2024-08-08,104.9194107055664,105.44915405082541,97.47299667346623,101.95084088326249,391910000
2024-08-09,104.69951629638672,106.54862317361375,103.38015276837264,105.58908675557784,290844200
2024-08-12,108.96746063232422,111.01647580125626,106.20879614847053,106.26876479464013,325559900
2024-08-13,116.08402252197266,116.1739831093698,111.52622277964618,112.38580888904526,312646700
2024-08-14,118.02310943603516,118.54285553833287,114.01503936808065,118.47288957022128,339246400
2024-08-15,122.80079650878906,123.180610648127,117.41339446628129,118.70277375276062,318086700
2024-08-16,124.51996612548828,124.93976189528415,121.12160307679298,121.88123896431732,302589900
2024-08-19,129.93736267089844,129.93736267089844,123.36053125322975,124.22011749326396,318333600
2024-08-20,127.18867492675781,129.81741234204915,125.82932973595075,128.3381146113763,300087400
2024-08-21,128.4380645751953,129.28766098618868,126.59895509298427,127.25863301570179,257883600
2024-08-22,123.68035888671875,130.68698241163722,123.04066795762931,129.9573385201996,376189100
2024-08-23,129.30764770507812,129.53754784197983,125.15965381933411,125.79934477343178,323230300
2024-08-26,126.39905548095703,131.19673768949764,124.31006635411407,129.50756494551362,331964700
2024-08-27,128.23817443847656,129.1377346219971,123.82029866993177,124.98974063480068,303134600
2024-08-28,125.54946899414062,128.26815944285755,122.580899020736,128.05825393148814,448101100
2024-08-29,117.5333251953125,124.37003270157089,116.65375204642187,121.30151255769351,453023300
2024-08-30,119.31246948242188,121.69131963851615,117.16350420185492,119.47238840117339,333751600
2024-09-03,107.94794464111328,116.15398655476369,107.23828777198462,115.95408600386334,477155100
2024-09-04,106.1588134765625,113.21540862229497,104.06982436712501,105.3592035946603,372470300
2024-09-05,107.15834045410156,109.59716719188593,104.70952402528704,104.93940893047393,306850700
2024-09-06,102.78044128417969,108.09787692095124,100.90134249947533,107.98792932713482,413638100
2024-09-09,106.41868591308594,106.49864918568733,103.64002700878578,104.8294482794324,273912000
2024-09-10,108.04789733886719,109.34727382600163,104.89941402443941,107.75803619556127,268283700
2024-09-11,116.85365295410156,117.13351677378026,107.36822165058582,109.33727332924734,441422400
2024-09-12,119.0927734375,120.7421209186122,115.33426173002456,116.79368208487448,366052700
2024-09-13,119.05277252197266,119.912432121844,117.55336730727181,119.0327838080458,238358300
2024-09-16,116.73369598388672,118.13314241484437,114.31465733439065,116.74369415431079,248772300
2024-09-17,115.54417419433594,118.75290839853001,114.78448096424103,118.12315326201993,231925900
2024-09-18,113.3250503540039,117.65332766764698,113.17510830529987,115.84404779202798,310318900
2024-09-19,117.82328033447266,119.61257171272585,117.20352335036759,117.30348218615993,293506400
2024-09-20,115.95401763916016,118.57298181753792,115.3442588328446,117.01359501507952,382462400
2024-09-23,116.21391296386719,116.94361929782039,114.81446644323901,116.50379891378353,206228500
2024-09-24,120.82208251953125,121.75171411597229,115.33425359874879,116.4738010232417,354966800
2024-09-25,123.4610366821289,124.89047006468225,121.5617884105282,121.97162190060216,284692900
2024-09-26,123.9908218383789,127.61937987933592,121.75171208350119,126.7497296956914,302582900
2024-09-27,121.35187530517578,123.98082995705606,119.21272426875333,123.92085618310571,271009200
2024-09-30,121.39186096191406,121.45183473616015,118.1031642748816,118.26309688166123,226553700
2024-10-01,116.95360565185547,122.39145095337135,115.74408637181682,121.72171083436712,302094500
2024-10-02,118.80288696289062,119.33267565347262,115.09435850244638,116.39384623986545,221845900
2024-10-03,122.80130004882812,124.31070361178112,120.29229289145833,120.87206480654892,277118000
2024-10-04,124.87047576904297,124.99043094258552,121.78170440742984,124.89047211115172,243678100
2024-10-07,127.66936492919922,130.58820542607234,124.90045886173723,124.94044391837012,346250200
2024-10-08,132.83731079101562,133.42707320550807,129.36868536610157,130.20834865989482,285722500
2024-10-09,132.597412109375,134.46668122269037,131.32792651292905,134.0568400839603,246191600
2024-10-10,134.7565460205078,134.94647312682827,130.94805910825556,131.85770195813822,242311300
2024-10-11,134.74656677246094,135.72617401836632,133.60701929174726,133.9568713960576,170209500
2024-10-14,138.01527404785156,139.54466630986312,136.24597143489578,136.4159022137037,232347700
2024-10-15,131.54783630371094,138.5150744275185,128.68896947491228,137.8153397242487,377831000
2024-10-16,135.6662139892578,136.56585120891066,131.52785532391937,133.92689807815486,264879700
2024-10-17,136.87571716308594,140.83415423256426,136.81574338597488,139.28476556198524,306435900
2024-10-18,137.94529724121094,138.8449343829922,137.22558142668973,138.61502982502418,176090200
2024-10-21,143.6530303955078,143.6530303955078,137.94528751258602,138.07524085271365,264554500
2024-10-22,143.5330810546875,144.3627538949317,141.72380093133486,142.85335791004843,226311600
2024-10-23,139.50466918945312,142.37352650102258,137.40551088320953,141.97369118156848,285930000
2024-10-24,140.35433959960938,141.293969386979,138.40511570705533,140.76418072009866,172354900
2024-10-25,141.48388671875,144.0728716327459,140.74418981710016,140.8741279131319,205122100
2024-10-28,140.4643096923828,143.08326638426843,139.99449475491215,142.9433224828564,173586700
2024-10-29,141.19400024414062,142.20359433012132,138.8449258203989,140.23437413304583,157593600
2024-10-30,139.28475952148438,140.27437255912164,136.75576367804047,139.48467718743143,179418100
2024-10-31,132.70736694335938,137.55545044959692,132.05763071180766,137.54545990469654,270039600
2024-11-01,135.34632873535156,137.25557537634637,134.5166711244238,134.64660922766117,207127800
2024-11-04,135.99607849121094,138.90492874894582,135.51627301400697,137.15562237613318,187528200
2024-11-05,139.85455322265625,140.31436236962443,137.27557392202525,137.3955214816271,160537400
2024-11-06,145.5522918701172,146.4319479858603,141.90374455387283,142.90334822985668,242043900
2024-11-07,148.8209991455078,148.8709671267726,146.1120664908763,146.33198051831096,207323300
2024-11-08,147.57147216796875,149.7106230852884,146.20200497714438,148.7110195677981,175665800
2024-11-11,145.202392578125,148.79098057849544,143.51307554919703,148.62103456850656,182325600
2024-11-12,148.23118591308594,149.59064718789998,145.952091313065,146.72179022487757,198634700
2024-11-13,146.21202087402344,149.27080540839845,145.84215717514013,149.01091396688446,191903300
2024-11-14,146.70181274414062,148.94093020600926,145.49230097997514,147.5814687564354,194463300
2024-11-15,141.9237060546875,145.18242335032573,140.02446543358045,144.81255966940228,250132900
2024-11-18,140.09442138671875,141.49387540802257,137.09561095173166,139.44468522690033,221205300
2024-11-19,146.95172119140625,147.07168399645053,140.9341184421503,141.26398946372595,227834900
2024-11-20,145.83216857910156,147.5015047606034,142.67341754276418,147.3515703217148,309871700
2024-11-21,146.6118621826172,152.8293979645091,140.64422730754492,149.290807835149,400946600
2024-11-22,141.8937225341797,147.1016638018941,141.04406865837018,145.87214043901812,236406200
2024-11-25,135.96607971191406,141.99368792347047,135.7661620516237,141.93371415065735,344941900
2024-11-26,136.86572265625,139.2447840977321,135.61621816013385,137.64541224160723,190287700
2024-11-27,135.2863311767578,137.1655905980091,131.74774157257602,134.95646019838466,226370900
2024-11-29,138.19520568847656,139.29477581313424,135.99608069190262,136.7257870913165,141863200
2024-12-02,138.5750274658203,140.39429776497158,137.7653511333102,138.7749450999513,171682800
2024-12-03,140.20440673828125,140.48429454860658,137.8953246767264,138.2051993772479,164414000
2024-12-04,145.0824737548828,145.73221002899123,140.23438993110327,141.94371889092554,231224300
2024-12-05,145.0124969482422,146.49200804389403,143.9028598130552,145.06248362625453,172621200
2024-12-06,142.39334106445312,145.6522676421263,141.2637063556289,144.55263713920382,188505600
2024-12-09,138.7645263671875,139.90415231737651,137.08508402113657,138.92447761551347,189308600
2024-12-10,135.0257568359375,141.77354545828368,133.74616214517607,138.96445323342698,210020900
2024-12-11,139.2643585205078,140.12407738797447,135.16571086465208,137.31500040642362,184905200
2024-12-12,137.29501342773438,138.39465924672223,135.75552453494274,137.03510407678786,159211400
2024-12-13,134.20602416992188,139.55427778956917,132.4965775973186,138.89449032268433,231514900
2024-12-16,131.95675659179688,134.35596424649526,130.37727237183418,134.13603509853905,237951100
2024-12-17,130.3472900390625,131.54689392732612,126.81844751374322,129.04771280436398,259410300
2024-12-18,128.8677978515625,136.65524065308236,128.23799923564917,133.81617414487124,277444500
2024-12-19,130.63717651367188,133.98608501684748,129.50755712091288,131.7168244915274,209719200
2024-12-20,134.65586853027344,135.2356803497186,128.1779956829599,129.76747112979962,306528600
2024-12-23,139.624267578125,139.74422340664867,135.07575428315474,136.23537813819377,176053500
2024-12-24,140.17408752441406,141.8535301026856,138.60459428405517,139.95415834100334,105157000
2024-12-26,139.88417053222656,140.8038826879709,137.68489400548984,139.65425012018665,116205600
2024-12-27,136.96511840820312,138.97446981750295,134.66588395063462,138.50462254046806,170582600
2024-12-30,137.4449462890625,140.22403398735426,133.97608228188028,134.78581438230358,167734700
2024-12-31,134.2460174560547,138.02479365615312,133.7861766339878,137.98479821279548,155659200
2025-01-02,138.2646942138672,138.8345148325783,134.58590691715995,135.95545329338754,198247200
2025-01-03,144.4226837158203,144.85253555834646,139.68423069189672,139.96413776465596,229322500
2025-01-06,149.38104248046875,152.11015917129038,147.77158452702758,148.5413213081193,265377400
2025-01-07,140.09408569335938,153.07983530547875,139.9641234037018,152.97986196669754,351782200
2025-01-08,140.06411743164062,143.90285624874434,137.51494945407615,142.53330977712477,227349900
2025-01-10,135.86549377441406,139.87417502688794,134.17604480086774,137.40498271998055,207602500
2025-01-13,133.18637084960938,133.44629547754278,129.46758770744978,129.94744151880715,204808900
2025-01-14,131.7168426513672,136.33533995791205,130.00741122442506,136.0054462036023,195590500
2025-01-15,136.1953887939453,136.4053114797544,131.24699764678536,133.60622538989423,185217300
2025-01-16,133.5262451171875,138.70454064615834,133.44626949753135,138.59457607585483,209235600
2025-01-17,137.66490173339844,138.45463626831489,135.41563868932835,136.6452315490251,201188800
2025-01-21,140.78387451171875,141.78354697270905,137.0450940162502,139.1144233323199,197749000
2025-01-22,147.0218505859375,147.7416007949869,143.62295473278476,144.61263605764083,237651400
2025-01-23,147.17178344726562,147.18177468068177,143.67292977388993,145.0024960002277,155915500
2025-01-24,142.57327270507812,148.92119854206575,141.83352489203162,148.32138900097752,234657600
2025-01-27,118.3812026977539,128.35792888769186,116.6617649651342,124.75911743279188,818830900
2025-01-28,128.94775390625,128.95774513931468,116.21192149182427,121.77009783396647,579666400
2025-01-29,123.65948486328125,126.84844257022412,120.0106863497111,126.458570906435,467120600
2025-01-30,124.60917663574219,124.9590604797062,118.06131881584726,123.05968123503551,392925500
2025-01-31,120.03067016601562,127.80812056780856,119.15096116009843,123.73945402173636,388161100
2025-02-03,116.62179565429688,118.53116613291392,112.9729895620065,114.71241754878405,371235700
2025-02-04,118.61112976074219,121.16028976109213,116.66176403787988,116.92168099297385,256550000
2025-02-05,124.78911590576172,124.95905839472358,120.72044926950534,121.72012173666313,262230800
2025-02-06,128.6378631591797,128.72784528628156,125.16900563533248,127.37828117148048,251483600
2025-02-07,129.79745483398438,130.32727996151158,124.95904429961287,129.17766285547097,228186300
2025-02-10,133.5262451171875,134.95576927734325,129.91742726932324,130.04737430419848,216989100
2025-02-11,132.7565155029297,134.43595803743202,130.9770996135579,132.5365863252507,178902400
2025-02-12,131.0970458984375,132.19669170682792,129.03772306980744,129.97741762356085,160278600
2025-02-13,135.2456817626953,136.45529216313562,131.127036067263,131.51690772043457,197430000
2025-02-14,138.80453491210938,139.20439781688884,135.4556258828613,136.4353006772254,195479600
2025-02-18,139.35435485839844,143.3930407195906,137.88483491061234,141.2237529999524,219176600
2025-02-19,139.1844024658203,141.31370984182348,137.17506616632772,139.46430955469114,167536000
2025-02-20,140.06411743164062,140.6139403685729,136.74519734237094,139.9841417995603,143903600
2025-02-21,134.38595581054688,141.41366694156105,133.98609294492073,139.99411868487,228217600
2025-02-24,130.23733520507812,138.544611438826,130.03740375103862,136.51527743543022,251381100
2025-02-25,126.5885238647461,130.1573543264651,124.39924631174091,129.93742515974864,271428700
2025-02-26,131.23699951171875,133.68619399137987,128.44792005609298,129.9474287481865,322553800
2025-02-27,120.11064910888672,134.96577503505506,119.97069557287365,134.9557838016939,443175800
2025-02-28,124.87908172607422,125.04902421361967,116.36187573271177,117.98134023479652,389091100
2025-03-03,114.02263641357422,123.65947815441595,112.2432206852501,123.46954557652553,411381400
2025-03-04,115.95201110839844,119.27092350243325,110.07393955565605,110.61376362073891,398163300
2025-03-05,117.26158142089844,118.2412561507128,114.47249437052442,117.54148848655969,284337900
2025-03-06,110.53378295898438,115.31221606989396,110.18389912538346,113.49281250827367,321181900
2025-03-07,112.6530990600586,113.44284126847423,107.52477413573757,111.21356818629886,341755500
2025-03-10,106.94496154785156,111.81336147496829,105.42545516002185,109.86400325750407,366487400
2025-03-11,108.72438049316406,112.20323643435479,104.73568182740638,106.95495594173273,354865700
2025-03-12,115.71273803710938,116.7325020716217,112.85341103244578,114.09312447156262,323857500
2025-03-13,115.55277252197266,117.73225924433854,113.76319330991835,117.0024278677365,299033100
2025-03-14,121.6413345336914,121.85128414551467,118.12216714928688,118.5820578648422,277593500
2025-03-17,119.50183868408203,122.86104771124882,118.00219206936818,122.711081524258,255501500
2025-03-18,115.4028091430664,118.99195980676369,114.51301940530757,117.97220343827061,299686900
2025-03-19,117.4923095703125,120.4216195833343,115.65274672556286,117.24236846895431,273426200
2025-03-20,118.50206756591797,120.17167220516042,116.44255543913019,116.52253841801043,248829700
2025-03-21,117.6722640991211,117.9621966837067,115.39280254041711,116.91244866461768,266498500
2025-03-24,121.38140106201172,122.19120779583362,119.31188140429414,119.8517551027078,228452500
2025-03-25,120.66156768798828,121.26142480153007,118.89198043130345,120.5216012824151,167447200
2025-03-26,113.73320007324219,118.81199741904777,112.68344440410922,118.70203035263671,293463300
2025-03-27,111.40374755859375,114.42303269482778,110.63393232562053,111.32376457585453,236902100
2025-03-28,109.64415740966797,112.84340799305504,109.04430030890691,111.46372827094805,229872500
2025-03-31,108.35446166992188,110.9338556226425,103.6255803841977,105.10522740758995,299212700
2025-04-01,110.12405395507812,110.17403760023085,106.4449205320371,108.49443304563391,222614000
2025-04-02,110.39398193359375,111.95361956622256,106.76483994973236,107.26472214391917,220601200
2025-04-03,101.7760238647461,105.60511590388697,101.57606639857329,103.48562015563714,338769400
2025-04-04,94.28778076171875,100.10640942744341,92.08830207120735,98.88670323249266,532273800
2025-04-07,97.61698913574219,101.72602116602216,86.59958951154498,87.43938789235719,611041300
2025-04-08,96.27731323242188,105.82505852328022,94.43774279946976,103.78553826456235,476243400
2025-04-09,114.30307006835938,115.07288532975399,97.50702445286697,98.86670469924479,612918300
2025-04-10,107.5446548461914,110.83388059600858,99.12664053501021,109.34423379452805,437812400
2025-04-11,110.90386962890625,111.52372632761113,107.45468536211307,108.4744417347206,313417300
2025-04-14,110.68392181396484,114.26308039077927,109.04430871921362,114.08312248391158,264705000
2025-04-15,112.1735610961914,113.5932323217664,110.47396469045397,110.94385517244878,228966900
2025-04-16,104.46538543701172,106.76484672728219,100.4263361362673,104.52537649088836,397016900
2025-04-17,101.4660873413086,104.44538862475022,100.02643178468185,104.42538906519317,292517500
2025-04-21,96.88717651367188,99.41657935183265,95.01761424618036,98.74673137333838,288501100
2025-04-22,98.86669921875,99.78648062043173,97.2570779520085,98.75672452641882,241004800
2025-04-23,102.68579864501953,104.77531016741209,101.99595878138034,104.4953697335839,247526000
2025-04-24,106.40491485595703,106.51488953927,103.08569768188364,103.4556132191724,220815000
2025-04-25,110.98385620117188,111.8936379045766,105.70510100806126,106.82483233532861,251064700
2025-04-28,108.70439147949219,110.34400455936343,105.9950231207954,109.66416443154382,207708500
2025-04-29,108.99431610107422,110.17403844763395,107.41469407982767,107.64463563001284,170444300
2025-04-30,108.89433288574219,108.89433288574219,104.05547701680861,104.44538450923935,235044600
2025-05-01,111.58370208740234,114.91291927434723,111.27377757314032,113.05335693358144,236121500
2025-05-02,114.47303009033203,115.37281962529518,113.34329900218786,114.15310576985596,190194800
2025-05-05,113.7931900024414,114.64298826396649,112.63346720059009,112.88340831442672,133163200
2025-05-06,113.51325988769531,114.7129742117387,110.7938992837595,111.4537475013017,158525600
2025-05-07,117.03242492675781,117.65228163619798,112.25355204144066,113.02337494499027,206758800
2025-05-08,117.34235382080078,118.65204278244111,115.82270761670769,118.22214377270919,198428100
2025-05-09,116.62252044677734,118.20215005190205,115.18285724943865,117.32235248570746,132972200
2025-05-12,122.97103118896484,122.97103118896484,120.25167057965504,121.94127499373305,225023300
2025-05-13,129.89938354492188,131.18908818741485,124.44067836400953,124.95056035306071,330430100
2025-05-14,135.30810546875,135.40808800730593,131.6489642323906,133.16861033831793,281180800
2025-05-15,134.79824829101562,136.26790331471523,132.62876117393418,134.25836692241,226632600
2025-05-16,135.36810302734375,136.31789147723805,133.42857277146337,136.18791721457987,226542500
2025-05-19,135.53805541992188,135.83797251007488,132.35879696756518,132.35879696756518,193154600
2025-05-20,134.3483428955078,134.54829272140586,132.58874781513978,134.2583525069389,161514200
2025-05-21,131.76895141601562,137.36762292180558,130.55922977564506,133.02864907239967,270608700
2025-05-22,132.7987060546875,134.21836966107523,131.51900885300861,132.19884131725317,187344000
2025-05-23,131.25906372070312,132.64873565144939,129.12957588399638,129.96937433382988,198821300
2025-05-27,135.4680633544922,135.6280293045703,133.27857708527512,134.1183754403962,192953600
2025-05-28,134.7782440185547,137.2176717346689,134.75824445795843,135.9979578766118,304021100
2025-05-29,139.15721130371094,143.45620133736625,137.87751407348716,142.21648797143945,369241900
2025-05-30,135.09817504882812,139.58710766728817,132.88868890141003,138.6873257641086,333170900
2025-06-02,137.34764099121094,138.08745689917103,135.36809645457458,135.45808684638126,197663100
2025-06-03,141.1867218017578,141.9665367692297,137.91748812723765,138.74729436292043,225578800
2025-06-04,141.88656616210938,142.3564566649135,139.5071219355859,142.15650682982962,167120800
2025-06-05,139.95703125,143.96608121416313,138.79730082341692,142.13651043477643,231397900
2025-06-06,141.6865997314453,143.23623746842864,141.47664251332282,142.47640682683559,153986200
2025-06-09,142.59640502929688,144.96584183837217,141.9065651342004,143.15627066728982,185114500
2025-06-10,143.92608642578125,144.25599524562207,141.4966510569608,142.65638139553192,155881900
2025-06-11,142.80625915527344,144.96590375929992,141.84641202362192,144.5859620448177,167694000
2025-06-12,144.9759063720703,144.9759063720703,141.82643588786814,141.94641106631286,162365000
2025-06-13,141.94639587402344,143.556128789635,140.8265869783813,142.4563055840922,180820600
2025-06-16,144.66595458984375,146.1556971839991,143.1761967394354,143.32618096280035,183133700
2025-06-17,144.09603881835938,145.1958620737219,143.75609899624828,144.46598768948277,139108000
2025-06-18,145.455810546875,145.62578045463974,143.0962022725339,143.9860537050978,161494100
2025-06-20,143.8260955810547,146.17569581398777,142.6262828381709,145.42582047781178,242956200
2025-06-23,144.1460418701172,144.7559411184857,142.00639807778802,142.47632119978937,154308900
2025-06-24,147.87539672851562,147.93539956519925,145.47580197371775,145.53578955415,187566100
2025-06-25,154.28436279296875,154.4243389252029,149.23519867353343,149.24520677628502,269146500
2025-06-26,154.99423217773438,156.69394650127538,153.97439748110884,155.95406403411533,198145700
2025-06-27,157.7238006591797,158.68364793378802,155.23420870961348,156.01407794562124,263234500
2025-06-30,157.96376037597656,158.6336472456001,155.93409881773164,158.37368067249696,194580300
2025-07-01,153.2745361328125,157.17388214393176,151.46483925954294,156.26402965591922,213143600
2025-07-02,157.22386169433594,157.57380961936815,152.94457434216997,152.9545671877056,171224100
2025-07-03,159.3135223388672,160.95324924613055,157.74379112425564,158.34368228178877,143716100
2025-07-07,158.21371459960938,159.28352889047815,157.31385497697042,158.17371270193448,140139000
2025-07-08,159.97341918945312,160.19338386133896,158.36368604860908,159.3035323273478,138133000
2025-07-09,162.85293579101562,164.39267314506114,161.13322041798892,161.1932080055649,183656400
2025-07-10,164.07273864746094,164.4726660794993,161.5831469026993,164.29270331195812,167704100
2025-07-11,164.89259338378906,167.862101078866,163.44283738179527,163.6927958392512,193633300
2025-07-14,164.04273986816406,165.4625020418882,161.99307751467913,165.3425116109199,136975800
2025-07-15,170.671630859375,172.37134531045626,169.17188012202328,171.1615549258278,230627400
2025-07-16,171.34152221679688,171.72146396229547,168.87193138356372,171.03157616389174,158831500
2025-07-17,172.97125244140625,174.13106334471073,170.80161486292053,171.99141956059896,160841100
2025-07-18,172.38136291503906,174.22105359276725,171.23154479926822,173.61115431570738,146456400
2025-07-21,171.35153198242188,173.35119970444802,170.97159023323564,172.72129949000853,123126100
2025-07-22,167.00225830078125,171.36153479867312,164.55266825003173,171.31154005146294,193114300
2025-07-23,170.75161743164062,171.23153339032083,167.94208685699226,169.5018251648929,154082200
2025-07-24,173.7111358642578,173.80111724784433,171.27153886755505,172.41134882841166,128984600
2025-07-25,173.47117614746094,174.69097468726906,172.9312725713388,173.58115848322245,122316800
2025-07-28,176.7206268310547,176.97058528484683,173.94109004538618,173.99108478739527,140023500
2025-07-29,175.4808349609375,179.35020236643535,174.99092613442062,177.93044011853775,154077500
2025-07-30,179.24021911621094,179.86011122312902,176.01074478620916,176.48066791766442,174312200
2025-07-31,177.84043884277344,183.26954448460754,175.9007587673991,182.86960179799485,221685400
2025-08-01,173.69113159179688,176.51065501732398,170.86160006411595,174.06106522140865,204529000
2025-08-04,179.9700927734375,180.17005649193501,174.49100755408614,175.1309006070304,148174600
2025-08-05,178.23037719726562,180.23004490386853,175.87076869322405,179.59015184800575,156407600
2025-08-06,179.3901824951172,179.87009845787975,176.22071111043454,176.30069964693718,137192300
2025-08-07,180.73997497558594,183.84945895635624,178.7703010091291,181.53984513179375,151878400
2025-08-08,182.66964721679688,183.2695536485861,180.37002623661053,181.51984435483087,123396700
2025-08-11,182.0297393798828,183.80944232526838,180.2200426409657,182.01974653412333,138323200
2025-08-12,183.1295623779297,184.44933506001817,179.4301803710301,182.9295986692803,145485700
2025-08-13,181.55982971191406,183.93943921657484,179.3202115957667,182.58965738273272,179871700
2025-08-14,181.98974609375,182.98957985829236,179.43017409752198,179.72011917648817,129554000
2025-08-15,180.42001342773438,181.86976944489334,178.01041021115256,181.84978375259033,156602200
2025-08-18,181.979736328125,182.90958965389834,180.55997422620712,180.56998232776263,132008000
2025-08-19,175.61080932617188,182.46966985536903,175.46084035755914,182.39967416584764,185229200
2025-08-20,175.370849609375,175.9707560164781,168.77195541250927,175.1408920976954,215142700
2025-08-21,174.95091247558594,176.87059152353538,173.78110877087863,174.8209444570093,140040900
2025-08-22,177.96043395996094,178.56032512128596,171.17155351749952,172.58132291943235,172789400
2025-08-25,179.78012084960938,181.87977802218637,176.54066896263805,178.3203719824875,163012800
2025-08-26,181.7397918701172,182.35968393651802,178.7802771456414,180.03006938032237,168688200
2025-08-27,181.56983947753906,182.45969102424806,179.07025476697962,181.94976597929116,235518900
2025-08-28,180.1400604248047,184.43934897141472,176.3806906932069,180.7899615720414,281787800
2025-08-29,174.1510467529297,178.12038822306508,173.12121914292007,178.08040158317536,243257900
2025-09-02,170.75161743164062,172.351357635579,167.19221149694363,169.9717482776903,231164900
2025-09-03,170.59165954589844,172.38137081666613,168.851958278929,171.03158891427162,164424900
2025-09-04,171.63148498535156,171.83144870716828,169.381858788342,170.54166973363456,141670100
2025-09-05,166.9922637939453,169.0019244592772,164.04275681292185,168.00209055003162,224441400
2025-09-08,168.2820281982422,170.93159698121408,167.32219627229085,167.5221599855096,163769100
2025-09-09,170.7316131591797,170.95157781434446,166.71229229208453,169.0618925540675,157548400
2025-09-10,177.300537109375,179.26020289704138,175.44084555219968,176.61064931709572,226852000
2025-09-11,177.1505584716797,180.26021784214308,176.4606317396978,179.66027757334626,151159300
2025-09-12,177.80047607421875,178.5803891806412,176.43061617633268,177.75047851465564,124911000
2025-09-15,177.73049926757812,178.83038469078608,174.49084923140515,175.650725630949,147061600
2025-09-16,174.86080932617188,177.4805168617991,174.36086420825131,176.98057174387853,140737800
2025-09-17,170.27130126953125,173.18098551277336,168.39151800406466,172.62104942275718,211843800
2025-09-18,176.2206573486328,177.08056354559588,172.94101865721873,173.96089569350613,191763300
2025-09-19,176.6505889892578,178.06043774665943,175.16074718989944,175.7506939671915,237182100
2025-09-22,183.58984375,184.52974299714734,174.69082690233378,175.28075846993005,269637000
2025-09-23,178.410400390625,182.3999677661597,176.19065819152993,181.95002022927713,192559600
2025-09-24,176.9505615234375,179.76025041106172,175.38072666046574,179.75025700209653,143564100
2025-09-25,177.67050170898438,180.2402117285651,173.11100459099512,174.4608472798892,191586700
2025-09-26,178.17044067382812,179.750269051669,174.91078879333958,178.15043859744398,148573700
2025-09-29,181.83004760742188,183.97980553666213,180.30021674934378,180.41019002973698,193063500
2025-09-30,186.55950927734375,187.32942897828707,181.4600633204032,182.06000352373024,236981000
2025-10-01,187.21945190429688,188.11934700723293,183.87980694521147,185.21967144700423,173844900
2025-10-02,188.8692626953125,191.0290292282152,188.03935198339767,189.57919146332628,136805800
2025-10-03,187.5994110107422,190.33911589327732,185.35966652947783,189.16924608680657,137596900
2025-10-06,185.51962280273438,187.20943969833962,183.3098739831843,185.4796339074747,157678100
2025-10-07,185.01968383789062,189.03924688644503,183.97980469837793,186.20955566811082,140088000
2025-10-08,189.0892333984375,189.57918508139647,186.51950830089396,186.5495190429729,130168900
2025-10-09,192.54885864257812,195.27855455286462,191.039014711271,192.20888438710807,182997200
2025-10-10,183.139892578125,195.59851591827854,182.03001384654092,193.4887469873255,268774400
2025-10-13,188.29933166503906,190.08912842775598,185.93959015922437,187.9493639887039,153482800
2025-10-14,180.01022338867188,184.77970370013514,179.6802578066599,184.74970821605342,205641400
2025-10-15,179.8102569580078,184.84969686580231,177.2705272995106,184.77971248532194,214450500
2025-10-16,181.7900390625,183.2598789113643,179.75026972003684,182.20999112544493,179723300
2025-10-17,183.19989013671875,184.07979842608083,179.7302697995737,180.1602152773484,173135200
2025-10-20,182.6199493408203,185.1796658652692,181.7100455780644,183.10990104163824,128544700
2025-10-21,181.14010620117188,182.76991679751694,179.7802549646251,182.76991679751694,124240200
2025-10-22,180.2602081298828,183.4198648953589,176.74059027394597,181.12011433169937,162249600
2025-10-23,182.13999938964844,183.0098989665471,179.7702492811968,180.4001849787377,111363700
2025-10-24,186.23953247070312,187.44940625639555,183.47984116964938,183.81980015643103,131296700
2025-10-27,191.46897888183594,191.97891738858848,188.4093020699799,189.9691435897376,153452700
2025-10-28,201.0079345703125,203.12769700573313,191.8889404255143,193.0288146936141,297986200
2025-10-29,207.01727294921875,212.1667169482571,204.7575264516481,207.95717223581016,308829600
2025-10-30,202.8677215576172,206.13736677538768,201.38788833732997,205.12746791137428,178864400
2025-10-31,202.4677734375,207.94716749796044,202.04782138155986,206.42733011185774,179802200
2025-11-03,206.85728454589844,211.31678618801203,205.53742218982754,208.05714970598171,180267300
2025-11-04,198.66818237304688,203.9476013046771,197.90825607143535,202.9777066091775,188919300
2025-11-05,195.18858337402344,202.89772869539195,194.6286320152979,198.7481902403631,171350300
2025-11-06,188.05935668945312,197.59830279082226,186.35954634625867,196.39843756369172,223029800
2025-11-07,188.1293487548828,188.29934352754728,178.8903723972709,184.87970536775757,264942300
2025-11-10,199.0281524658203,199.91805415635875,193.76872011438098,195.08858253564551,198897100
2025-11-11,193.1387939453125,195.3985402959953,191.2789975702345,195.13857433756354,176483300
2025-11-12,193.7787322998047,195.86849924763862,191.1090271797132,195.69851973704638,154935300
2025-11-13,186.8394775390625,191.4189763426968,183.82981362374773,191.02901978717685,207423100
2025-11-14,190.14910888671875,190.98901295495202,180.56016596493993,182.8399142970662,186591900
2025-11-17,186.5795135498047,188.9792438771453,184.29976516169708,185.9495778546046,173628900
2025-11-18,181.340087890625,184.7797126313021,179.6302689297591,183.3598703733926,213598900
2025-11-19,186.49952697753906,187.8393762025218,182.8099296469334,184.76970592228736,247246400
2025-11-20,180.6201629638672,195.97847686300787,179.83025642841662,195.92847930218133,343504800
2025-11-21,178.86036682128906,184.5397359279593,172.91100782704066,181.22010834266524,346926200
2025-11-24,182.52996826171875,183.4798609481747,176.4606271183833,179.47030653663683,256618300
2025-11-25,177.80047607421875,178.14043506786686,169.53138015579162,174.89079203873564,320600300
2025-11-26,180.24020385742188,182.8899220695924,178.22043661727494,181.6100638206842,183852000
2025-11-28,176.98056030273438,179.2703020816569,176.48061521713345,178.99033405428943,121332800
2025-12-01,179.90025329589844,180.2802164760195,173.66093259662904,174.7408159055669,188131000
2025-12-02,181.44007873535156,185.63961443898967,179.98023235974816,181.7400335835938,182632200
2025-12-03,179.57028198242188,182.4299686383783,179.09033894604931,181.06012391136443,165138000
2025-12-04,183.37008666992188,184.51002440204854,179.95027347354184,181.61017209543593,167364900
2025-12-05,182.40013122558594,184.6500094505641,180.9002124089338,183.88004685245298,143971100
2025-12-08,185.5399627685547,187.98982714518382,182.39012406320575,182.6301165694494,204378100
2025-12-09,184.95999145507812,185.70995086836587,183.31008684903045,185.54995586495326,144719700
2025-12-10,183.77005004882812,185.46995496958337,182.03013874897007,184.9599880707457,162785400
2025-12-11,180.92019653320312,181.31019006496976,176.61043233199788,180.27023782951787,182136600
2025-12-12,175.01052856445312,182.81010931847595,174.61054106596097,181.10019518559332,204274900
2025-12-15,176.28045654296875,178.4103461991077,175.02053019793698,177.93037643785232,164775600
2025-12-16,177.71038818359375,178.48035080582065,174.8905333961456,176.25046044282257,148588100
2025-12-17,170.93075561523438,176.12047730871902,170.30078481189744,176.0904801521757,222775500
2025-12-18,174.1305694580078,176.14045512074784,171.8107030234881,174.52054772862792,176096000
2025-12-19,180.98020935058594,181.4401759084778,176.3304518785618,176.6604358481607,324925900
2025-12-22,183.6800537109375,184.15002947616998,182.34012994783166,183.91003698180788,129064400
2025-12-23,189.19976806640625,189.31975669034466,182.89009670029142,182.96010023623109,174873600
2025-12-24,188.59979248046875,188.899779295176,186.57989753660073,187.92983057380172,65528500
2025-12-26,190.51968383789062,192.67957056140054,187.98982202804387,189.9097162518428,139740300
2025-12-29,188.20980834960938,188.749772392931,185.8999358866866,187.6998414610299,120006100
2025-12-30,187.52984619140625,188.9797799436452,186.91987858592935,188.22982052336855,97687300
2025-12-31,186.4899139404297,190.54969193131708,186.47991997410415,189.55975523635485,120100500
