Price,Close,High,Low,Open,Volume
Ticker,TCS.NS,TCS.NS,TCS.NS,TCS.NS,TCS.NS
Date,,,,,
2002-08-12,25.828405380249023,26.023581746991024,25.194079086084823,25.194079086084823,212976
2002-08-13,25.47871208190918,26.27568576419627,25.291668580306236,25.86093443259609,153576
2002-08-14,23.72212791442871,25.535645709345868,23.242316025530652,25.535645709345868,822776
2002-08-15,23.72212791442871,23.72212791442871,23.72212791442871,23.72212791442871,0
2002-08-16,23.66518783569336,24.722395539693405,23.258569488001033,23.600129892783162,811856
2002-08-19,23.079666137695312,23.860374190264395,22.86009362659314,23.860374190264395,205880
2002-08-20,23.72212791442871,25.194085124334155,23.087801468235924,23.242316025530652,3773624
2002-08-21,24.885040283203125,25.503100603590628,23.76277475334777,25.03142188038385,3011064
2002-08-22,25.95851707458496,27.048253782162575,25.57629482376673,25.706413195224098,6732480
2002-08-23,27.519926071166992,28.38195736426419,25.8690567644761,26.186218542387014,4841672
2002-08-26,27.422348022460938,28.13799546942495,27.202773076655046,27.959082366782972,2576912
2002-08-27,26.739233016967773,28.788591360796307,26.51152763734349,27.650059499069897,3694224
2002-08-28,26.76363754272461,27.06453382657364,26.210634741229303,26.657915214504907,1674960
2002-08-29,26.76363754272461,27.243447008605106,26.511533506881385,26.600990097897117,1236544
2002-08-30,28.658477783203125,29.357862255739214,26.836826992781,26.84495986095758,3762384
2002-09-02,28.951242446899414,29.91086128809237,28.658476577480318,29.11388987637638,2389568
2002-09-03,27.593122482299805,29.235861742616734,27.324755342195335,29.11387622769622,986784
2002-09-04,28.194927215576172,28.463294427456983,26.92627702473477,27.24343895199454,1449856
2002-09-05,28.024158477783203,29.18708684993227,27.650068815100585,29.056968382677013,1061360
2002-09-06,26.98319435119629,28.137991528014645,26.682298243012358,28.137991528014645,907472
2002-09-09,26.633508682250977,27.772040351110558,25.69828623997346,25.69828623997346,880848
2002-09-10,26.633508682250977,26.633508682250977,26.633508682250977,26.633508682250977,0
2002-09-11,27.308494567871094,27.78017346687324,26.779890573994237,26.779890573994237,635936
2002-09-12,27.446748733520508,28.12173445039429,27.25970521635376,27.64192511704285,781968
2002-09-13,26.66602897644043,27.471132755105263,26.438323709557885,26.48711840440451,338264
2002-09-16,26.145549774169922,27.064505896373895,25.942240677947762,26.918124339814135,288592
2002-09-17,26.910011291503906,27.080791554423797,26.527791398285622,26.617245481041564,462952
2002-09-18,26.080503463745117,26.836812645581784,25.86092854937881,26.755488970898202,315432
2002-09-19,25.860931396484375,26.72296293939423,25.535636661937403,25.860931396484375,490848
2002-09-20,25.43805503845215,25.812144594094633,24.828127224405478,24.93384953458848,501072
2002-09-23,25.007038116455078,25.682023843625423,24.901318297626798,25.616965875393007,248504
2002-09-24,24.161270141601562,24.917579508021518,23.89290046056704,24.917579508021518,267912
2002-09-25,24.348299026489258,24.55974100167174,23.42120996185914,23.600122975121405,379544
2002-09-26,24.730531692504883,25.120884365491158,24.55975146739772,24.852517213038315,178136
2002-09-27,25.031431198120117,25.372991694419685,24.64921133795852,24.64921133795852,206288
2002-09-30,24.12061882019043,25.031443107328595,23.60014744442529,24.649223065318186,202232
2002-10-01,23.917308807373047,24.55976575969312,23.50255729983878,24.23447084896871,240192
2002-10-02,23.917308807373047,23.91730880737305,23.91730880737305,23.91730880737305,0
2002-10-03,24.559757232666016,25.860936423800638,24.23446243488236,24.23446243488236,673264
2002-10-04,24.405248641967773,24.958248940116732,24.1531446159458,24.885058089156274,258296
2002-10-07,24.29952621459961,24.7224105456008,24.088086530901958,24.567895976051386,110976
2002-10-08,24.958234786987305,25.19407294270164,24.234454592497848,24.372705829538084,227352
2002-10-09,24.32391357421875,25.44617938348548,24.11247150646945,25.04769384145899,277040
2002-10-10,24.348299026489258,25.047682875877136,23.83596105129387,25.047682875877136,173224
2002-10-11,24.860652923583984,25.332329330925337,24.79559248277004,25.031430686440714,192536
2002-10-14,24.681743621826172,25.37299509064173,24.445905381767233,25.324200372953086,152744
2002-10-15,24.681743621826172,24.681743621826172,24.681743621826172,24.681743621826172,0
2002-10-16,24.730531692504883,27.828964410414418,24.576017196189554,27.828964410414418,247760
2002-10-17,24.730531692504883,24.88504618882021,24.41336983547831,24.88504618882021,144512
2002-10-18,25.251008987426758,25.974789425005405,24.909448452846892,25.210347137205456,512312
2002-10-21,25.641357421875,26.50338899719104,25.535637621893677,25.844666638609823,646296
2002-10-22,24.714265823364258,25.860930206227135,24.5597513279264,25.860930206227135,229384
2002-10-23,24.60041618347168,25.177814877857376,24.413372689508254,24.885049097991185,153320
2002-10-24,24.16939926147461,24.950104622533953,24.006751897620276,24.868780940606786,168744
2002-10-25,23.673328399658203,24.12874159357436,23.60013756962577,23.746519229690634,172296
2002-10-28,23.323631286621094,23.746515430850124,23.12845494382379,23.502544381903032,134504
2002-10-29,23.526935577392578,23.713981498244063,23.12845011041529,23.258568472355165,143024
2002-10-30,23.925424575805664,24.356439031726662,23.58386417095403,23.746511510064057,164320
2002-10-31,24.29952621459961,24.39711567000079,23.941702347800184,24.07182079440078,118928
2002-11-01,24.047414779663086,24.81998979141808,23.91729638658607,24.41337136417861,108792
2002-11-04,24.226322174072266,24.397102387142585,24.039278715158144,24.397102387142585,56560
2002-11-05,23.966094970703125,24.2832568988901,23.811577957917642,23.998623953783426,70288
2002-11-06,23.966094970703125,23.966094970703125,23.966094970703125,23.966094970703125,0
2002-11-07,24.70613670349121,25.698286741287067,24.39710766577886,24.39710766577886,204880
2002-11-08,24.27511978149414,24.55161981195815,24.088076300186636,24.234457939314083,77664
2002-11-11,23.9091739654541,24.397116291279698,23.86037923651094,24.397116291279698,66568
2002-11-12,24.031156539916992,24.39711323849441,23.74652355213456,23.74652355213456,106864
2002-11-13,23.827848434448242,24.21820127273514,23.697729994418335,24.153143293621596,106264
2002-11-14,24.15313148498535,24.657339262914444,23.835969648714553,24.201926186365846,211856
2002-11-15,24.673595428466797,24.828109870330646,24.397095509057653,24.689861151526525,154144
2002-11-18,24.92571449279785,25.20221458134932,24.61668542002899,24.885052642075507,217672
2002-11-19,24.92571449279785,24.92571449279785,24.92571449279785,24.92571449279785,0
2002-11-20,25.747087478637695,25.942263889281147,24.885055643009505,24.885055643009505,406128
2002-11-21,27.975341796875,29.09760742275001,26.226882934570312,26.226882934570312,2664024
2002-11-22,27.54433822631836,29.390384730158875,26.926277608979614,26.926277608979614,1184016
2002-11-25,27.495540618896484,28.1054683057318,27.16211298706609,27.81270251969043,428920
2002-11-26,27.332889556884766,28.268111884156504,27.178375060043706,27.731375095622806,367496
2002-11-27,26.7554988861084,27.812707048781373,26.600984343309005,27.812707048781373,301128
2002-11-28,27.845218658447266,28.447013202231858,27.007586014209366,27.015718875976923,447680
2002-11-29,27.845218658447266,27.845218658447266,27.845218658447266,27.845218658447266,0
2002-12-02,30.829816818237305,31.878892108086806,28.93497301762922,29.195209864293783,1388680
2002-12-03,32.59452438354492,34.107145069522296,30.431316850501304,31.553582450077336,4082608
2002-12-04,31.504798889160156,33.30205304174157,31.073784299167414,32.025270039850135,2594928
2002-12-05,32.301780700683594,33.253266680340964,31.30963038158496,31.30963038158496,1720264
2002-12-06,33.147544860839844,33.619221388516166,32.29364590149972,32.854779006991265,1139968
2002-12-09,31.55358123779297,33.651730750059734,31.244552311174253,33.01740717150501,975768
2002-12-10,32.27737808227539,32.8547768852832,30.756626284835136,30.984331666566582,837808
2002-12-11,33.798118591308594,35.12369345264876,33.01741084347692,33.180058187533454,3286400
2002-12-12,34.074623107910156,35.13183098476656,33.830652059404834,33.830652059404834,2568024
2002-12-13,34.212886810302734,34.92040161932653,34.00957752923795,34.48125406858715,1112288
2002-12-16,32.740909576416016,34.920382908945065,32.54573326753007,34.64388293120651,1231456
2002-12-17,32.13911819458008,33.358973351533244,31.813823486059235,33.358973351533244,855656
2002-12-18,31.838239669799805,33.00116799324233,31.618664610390237,32.496962366225276,618096
2002-12-19,34.530033111572266,35.375798840360794,32.12285182055751,32.48067549637555,3770256
2002-12-20,34.814674377441406,35.749896871327024,34.15595195060501,34.96918890180989,2952072
2002-12-23,33.57854080200195,34.97730883354987,33.34270266972271,34.969175970684795,1277744
2002-12-24,34.9610481262207,35.13182834369622,33.5460166476266,33.66800216270888,1729840
2002-12-25,34.9610481262207,34.9610481262207,34.9610481262207,34.9610481262207,0
2002-12-26,35.953208923339844,36.40048928151308,34.64389683305408,35.22942847647455,2894448
2002-12-27,35.13995361328125,36.351675638194166,34.99356953773805,36.20529404445209,956984
2002-12-30,37.18119430541992,37.555281316562606,34.32673211773022,35.131836200975464,4253744
2002-12-31,39.10856246948242,39.74288874777885,36.43301353440964,37.42516355641573,9998480
2003-01-01,39.74287414550781,40.32027015348776,39.02722443922938,39.02722443922938,6027072
2003-01-02,37.92936706542969,40.93834348006569,37.677263139734926,40.02751967606786,5325328
2003-01-03,38.392913818359375,39.7184889475377,38.05948619931268,39.03537046083352,4198040
2003-01-06,37.254390716552734,39.15736496621382,37.0022867281979,38.98658468495393,4121520
2003-01-07,36.82337188720703,38.05949317095034,36.473680955494075,37.73419835752341,2650800
2003-01-08,38.14081954956055,38.48238012033737,37.03481660997182,37.31131672441834,2648456
2003-01-09,38.51490020751953,39.13296074992051,38.026958065908566,38.38478180672953,2630400
2003-01-10,36.156517028808594,39.03537547362821,35.95320778155011,39.03537547362821,1702816
2003-01-13,36.522457122802734,36.920942570485174,35.29446932949464,36.579382197156676,2421496
2003-01-14,37.01042175292969,38.140820851089714,36.758317749877506,36.904699438461236,2239360
2003-01-15,37.75046920776367,38.14082204406496,37.099879492726316,37.31131916467121,2759760
2003-01-16,38.287193298339844,39.16549066325684,37.42516414638723,38.03509183793982,2842656
2003-01-17,37.42515563964844,38.38477399684904,37.26250829220416,37.81550828079408,1284144
2003-01-20,36.229713439941406,37.39264152060115,35.96134618495922,37.24625983275682,928872
2003-01-21,35.286346435546875,36.798967473353386,35.131831930361685,36.27849638556026,1147240
2003-01-22,35.44084930419922,36.27035161180856,35.18061508664807,35.58723337826027,1081352
2003-01-23,34.13969421386719,35.44087364051181,33.68428339998381,34.96919709107426,1001872
2003-01-24,32.919837951660156,34.79028334622727,32.4562942777404,34.23728309185897,1436848
2003-01-27,30.62649154663086,32.51319901231986,30.106020607192555,31.228286147912684,916832
2003-01-28,32.76530838012695,33.01741227067222,30.089759951105222,31.317747948172812,2043224
2003-01-29,31.838239669799805,33.3427286452565,31.586135615389658,32.87105201324002,1370440
2003-01-30,32.326175689697266,33.24513264740027,31.732513581701912,31.732513581701912,1203464
2003-01-31,31.54545783996582,32.602665775960254,31.342148621505352,31.71623807983301,1083040
2003-02-03,33.95262908935547,34.13967252036077,31.634904708405454,31.756890202139665,1566808
2003-02-04,32.88731002807617,34.79028447304058,32.53761904439998,33.99331305443758,1311144
2003-02-05,32.27737808227539,32.8547768852832,31.773172599355036,32.36683465431365,845080
2003-02-06,32.9279670715332,33.11501307878252,31.960215495634042,32.326172161614586,946624
2003-02-07,32.61078643798828,33.77371373968988,32.24482998170163,32.61891930004375,1023440
2003-02-10,31.529190063476562,32.675851905473124,31.42346779597933,32.20417557910586,449688
2003-02-11,31.24457359313965,32.3587070458219,31.065660419989218,31.55360273025083,701960
2003-02-12,30.829816818237305,31.716244699372076,30.59397857196145,31.569863024249823,459064
2003-02-13,30.829816818237305,30.82981681823731,30.82981681823731,30.82981681823731,0
2003-02-14,29.268394470214844,31.130706407126397,28.991894430630936,29.691278635556337,790336
2003-02-17,31.130712509155273,31.228301945455804,29.788871409936466,30.089770103694395,795272
2003-02-18,30.943655014038086,31.878877176091798,30.789140544493826,31.618640451321532,819688
2003-02-19,30.95992660522461,31.529192376928123,30.84607146544246,31.390941125365117,455960
2003-02-20,30.862335205078125,31.05751153214912,29.81326027549509,30.187349683432124,542944
2003-02-21,30.32560920715332,31.19577384650238,30.203623649214812,30.903008011089447,494544
2003-02-24,30.512645721435547,31.0575128882244,30.252408952776978,31.0575128882244,326488
2003-02-25,29.797000885009766,30.577708841144094,29.528633688433363,29.528633688433363,264440
2003-02-26,29.276521682739258,30.54517145201826,29.048816395705217,30.10602412313747,422312
2003-02-27,29.723812103271484,30.219887165514187,29.0813553749648,29.113884358334314,280480
2003-02-28,31.260841369628906,31.55360729449519,29.959661687381683,30.82982659260583,694688
2003-03-03,30.919265747070312,31.8707513637911,30.10602890450457,30.10602890450457,500896
2003-03-04,30.14668083190918,30.577695223995065,29.927105963910066,30.577695223995065,255760
2003-03-05,30.2686767578125,30.577705770216255,29.23586495849134,29.813263622321234,471552
2003-03-06,29.447315216064453,30.512656289138928,29.276534932597116,30.512656289138928,265080
2003-03-07,28.625940322875977,29.910853696920558,28.50395478172736,29.910853696920558,518664
2003-03-10,26.6904296875,28.788579396562803,26.26754560759826,28.520212276264584,346400
2003-03-11,27.332889556884766,28.268111884156504,25.74707778455443,26.02357780234398,497168
2003-03-12,26.926273345947266,28.089201080949493,26.804287815067227,28.089201080949493,481872
2003-03-13,27.27596092224121,27.796431961596586,26.674166205430254,27.463006869470053,390112
2003-03-14,27.27596092224121,27.27596092224121,27.27596092224121,27.27596092224121,0
2003-03-17,27.194650650024414,27.975358834797962,26.202502785081347,26.527797655253416,373856
2003-03-18,27.194650650024414,27.194650650024414,27.194650650024414,27.194650650024414,0
2003-03-19,27.13770866394043,28.137988775073662,26.877471936883946,27.894017774133715,374256
2003-03-20,27.796443939208984,27.975357099426414,26.674177699453093,27.243443686941422,537616
2003-03-21,27.796443939208984,27.796443939208984,27.796443939208984,27.796443939208984,0
2003-03-24,27.0563907623291,28.463289508154254,26.83681582197401,28.219318455227217,328920
2003-03-25,26.66602897644043,27.633780083393162,26.10489619020744,27.633780083393162,351496
2003-03-26,26.544050216674805,27.487405456513148,26.104902815209233,27.487405456513148,260264
2003-03-27,26.29193687438965,26.674159048599126,26.023569803511343,26.332598702207637,241056
2003-03-28,26.137426376342773,26.999457752761085,26.023573737601048,26.999457752761085,218000
2003-03-31,24.974502563476562,25.83653406573542,21.127891019772925,21.127891019772925,230712
2003-04-02,24.974502563476562,24.974502563476562,24.974502563476562,24.974502563476562,0
2003-04-03,24.974502563476562,24.974502563476562,24.974502563476562,24.974502563476562,0
2003-04-04,24.974502563476562,24.974502563476562,24.974502563476562,24.974502563476562,0
2003-04-07,24.974502563476562,24.974502563476562,24.974502563476562,24.974502563476562,0
2003-04-08,24.974502563476562,24.974502563476562,24.974502563476562,24.974502563476562,0
2003-04-09,24.974502563476562,24.974502563476562,24.974502563476562,24.974502563476562,0
2003-04-10,24.974502563476562,24.974502563476562,24.974502563476562,24.974502563476562,0
2003-04-11,24.974502563476562,24.974502563476562,24.974502563476562,24.974502563476562,0
2003-04-14,24.974502563476562,24.974502563476562,24.974502563476562,24.974502563476562,0
2003-04-15,24.974502563476562,24.974502563476562,24.974502563476562,24.974502563476562,0
2003-04-16,24.974502563476562,24.974502563476562,24.974502563476562,24.974502563476562,0
2003-04-17,24.974502563476562,24.974502563476562,24.974502563476562,24.974502563476562,0
2003-04-18,24.974502563476562,24.974502563476562,24.974502563476562,24.974502563476562,0
2003-04-21,24.974502563476562,24.974502563476562,24.974502563476562,24.974502563476562,0
2003-04-22,24.974502563476562,24.974502563476562,24.974502563476562,24.974502563476562,0
2003-04-23,24.974502563476562,24.974502563476562,24.974502563476562,24.974502563476562,0
2003-04-24,24.974502563476562,24.974502563476562,24.974502563476562,24.974502563476562,0
2003-04-25,24.974502563476562,24.974502563476562,24.974502563476562,24.974502563476562,0
2003-04-28,24.974502563476562,24.974502563476562,24.974502563476562,24.974502563476562,0
2003-04-29,24.974502563476562,24.974502563476562,24.974502563476562,24.974502563476562,0
2003-04-30,24.974502563476562,24.974502563476562,24.974502563476562,24.974502563476562,0
2003-05-01,24.974502563476562,24.974502563476562,24.974502563476562,24.974502563476562,0
2003-05-02,24.974502563476562,24.974502563476562,24.974502563476562,24.974502563476562,0
2003-05-05,24.974502563476562,24.974502563476562,24.974502563476562,24.974502563476562,0
2003-05-06,24.974502563476562,24.974502563476562,24.974502563476562,24.974502563476562,0
2003-05-07,24.974502563476562,24.974502563476562,24.974502563476562,24.974502563476562,0
2003-05-08,24.974502563476562,24.974502563476562,24.974502563476562,24.974502563476562,0
2003-05-09,24.974502563476562,24.974502563476562,24.974502563476562,24.974502563476562,0
2003-05-12,24.974502563476562,24.974502563476562,24.974502563476562,24.974502563476562,0
2003-05-13,24.974502563476562,24.974502563476562,24.974502563476562,24.974502563476562,0
2003-05-14,24.974502563476562,24.974502563476562,24.974502563476562,24.974502563476562,0
2003-05-15,24.974502563476562,24.974502563476562,24.974502563476562,24.974502563476562,0
2003-05-16,24.974502563476562,24.974502563476562,24.974502563476562,24.974502563476562,0
2003-05-19,24.974502563476562,24.974502563476562,24.974502563476562,24.974502563476562,0
2003-05-20,24.974502563476562,24.974502563476562,24.974502563476562,24.974502563476562,0
2003-05-21,24.974502563476562,24.974502563476562,24.974502563476562,24.974502563476562,0
2003-05-22,24.974502563476562,24.974502563476562,24.974502563476562,24.974502563476562,0
2003-05-23,24.974502563476562,24.974502563476562,24.974502563476562,24.974502563476562,0
2003-05-26,24.974502563476562,24.974502563476562,24.974502563476562,24.974502563476562,0
2003-05-27,24.974502563476562,24.974502563476562,24.974502563476562,24.974502563476562,0
2003-05-28,24.974502563476562,24.974502563476562,24.974502563476562,24.974502563476562,0
2003-05-29,24.974502563476562,24.974502563476562,24.974502563476562,24.974502563476562,0
2003-05-30,24.974502563476562,24.974502563476562,24.974502563476562,24.974502563476562,0
2003-06-02,24.974502563476562,24.974502563476562,24.974502563476562,24.974502563476562,0
2003-06-03,24.974502563476562,24.974502563476562,24.974502563476562,24.974502563476562,0
2003-06-04,24.974502563476562,24.974502563476562,24.974502563476562,24.974502563476562,0
2003-06-05,24.974502563476562,24.974502563476562,24.974502563476562,24.974502563476562,0
2003-06-06,24.974502563476562,24.974502563476562,24.974502563476562,24.974502563476562,0
2003-06-09,24.974502563476562,24.974502563476562,24.974502563476562,24.974502563476562,0
2003-06-10,24.974502563476562,24.974502563476562,24.974502563476562,24.974502563476562,0
2003-06-11,24.974502563476562,24.974502563476562,24.974502563476562,24.974502563476562,0
2003-06-12,24.974502563476562,24.974502563476562,24.974502563476562,24.974502563476562,0
2003-06-13,24.974502563476562,24.974502563476562,24.974502563476562,24.974502563476562,0
2003-06-16,24.974502563476562,24.974502563476562,24.974502563476562,24.974502563476562,0
2003-06-17,24.974502563476562,24.974502563476562,24.974502563476562,24.974502563476562,0
2003-06-18,24.974502563476562,24.974502563476562,24.974502563476562,24.974502563476562,0
2003-06-19,24.974502563476562,24.974502563476562,24.974502563476562,24.974502563476562,0
2003-06-20,24.974502563476562,24.974502563476562,24.974502563476562,24.974502563476562,0
2003-06-23,24.974502563476562,24.974502563476562,24.974502563476562,24.974502563476562,0
2003-06-24,24.974502563476562,24.974502563476562,24.974502563476562,24.974502563476562,0
2003-06-25,24.974502563476562,24.974502563476562,24.974502563476562,24.974502563476562,0
2003-06-26,24.974502563476562,24.974502563476562,24.974502563476562,24.974502563476562,0
2003-06-27,24.974502563476562,24.974502563476562,24.974502563476562,24.974502563476562,0
2003-06-30,24.974502563476562,24.974502563476562,24.974502563476562,24.974502563476562,0
2003-07-01,24.974502563476562,24.974502563476562,24.974502563476562,24.974502563476562,0
2003-07-02,24.974502563476562,24.974502563476562,24.974502563476562,24.974502563476562,0
2003-07-03,24.974502563476562,24.974502563476562,24.974502563476562,24.974502563476562,0
2003-07-04,24.974502563476562,24.974502563476562,24.974502563476562,24.974502563476562,0
2003-07-07,24.974502563476562,24.974502563476562,24.974502563476562,24.974502563476562,0
2003-07-08,24.974502563476562,24.974502563476562,24.974502563476562,24.974502563476562,0
2003-07-09,24.974502563476562,24.974502563476562,24.974502563476562,24.974502563476562,0
2003-07-10,24.974502563476562,24.974502563476562,24.974502563476562,24.974502563476562,0
2003-07-11,24.974502563476562,24.974502563476562,24.974502563476562,24.974502563476562,0
2003-07-14,24.974502563476562,24.974502563476562,24.974502563476562,24.974502563476562,0
2003-07-15,24.974502563476562,24.974502563476562,24.974502563476562,24.974502563476562,0
2003-07-16,24.974502563476562,24.974502563476562,24.974502563476562,24.974502563476562,0
2003-07-17,24.974502563476562,24.974502563476562,24.974502563476562,24.974502563476562,0
2003-07-18,24.974502563476562,24.974502563476562,24.974502563476562,24.974502563476562,0
2003-07-21,24.974502563476562,24.974502563476562,24.974502563476562,24.974502563476562,0
2003-07-22,24.974502563476562,24.974502563476562,24.974502563476562,24.974502563476562,0
2003-07-23,24.974502563476562,24.974502563476562,24.974502563476562,24.974502563476562,0
2003-07-24,24.974502563476562,24.974502563476562,24.974502563476562,24.974502563476562,0
2003-07-25,24.974502563476562,24.974502563476562,24.974502563476562,24.974502563476562,0
2003-07-28,24.974502563476562,24.974502563476562,24.974502563476562,24.974502563476562,0
2003-07-29,24.974502563476562,24.974502563476562,24.974502563476562,24.974502563476562,0
2003-07-30,24.974502563476562,24.974502563476562,24.974502563476562,24.974502563476562,0
2003-07-31,24.974502563476562,24.974502563476562,24.974502563476562,24.974502563476562,0
2003-08-01,24.974502563476562,24.974502563476562,24.974502563476562,24.974502563476562,0
2003-08-04,24.974502563476562,24.974502563476562,24.974502563476562,24.974502563476562,0
2003-08-05,24.974502563476562,24.974502563476562,24.974502563476562,24.974502563476562,0
2003-08-06,24.974502563476562,24.974502563476562,24.974502563476562,24.974502563476562,0
2003-08-07,24.974502563476562,24.974502563476562,24.974502563476562,24.974502563476562,0
2003-08-08,24.974502563476562,24.974502563476562,24.974502563476562,24.974502563476562,0
2003-08-11,24.974502563476562,24.974502563476562,24.974502563476562,24.974502563476562,0
2003-08-12,24.974502563476562,24.974502563476562,24.974502563476562,24.974502563476562,0
2003-08-13,24.974502563476562,24.974502563476562,24.974502563476562,24.974502563476562,0
2003-08-14,24.974502563476562,24.974502563476562,24.974502563476562,24.974502563476562,0
2003-08-15,24.974502563476562,24.974502563476562,24.974502563476562,24.974502563476562,0
2003-08-18,24.974502563476562,24.974502563476562,24.974502563476562,24.974502563476562,0
2003-08-19,24.974502563476562,24.974502563476562,24.974502563476562,24.974502563476562,0
2003-08-20,24.974502563476562,24.974502563476562,24.974502563476562,24.974502563476562,0
2003-08-21,24.974502563476562,24.974502563476562,24.974502563476562,24.974502563476562,0
2003-08-22,24.974502563476562,24.974502563476562,24.974502563476562,24.974502563476562,0
2003-08-25,24.974502563476562,24.974502563476562,24.974502563476562,24.974502563476562,0
2003-08-26,24.974502563476562,24.974502563476562,24.974502563476562,24.974502563476562,0
2003-08-27,24.974502563476562,24.974502563476562,24.974502563476562,24.974502563476562,0
2003-08-28,24.974502563476562,24.974502563476562,24.974502563476562,24.974502563476562,0
2003-08-29,24.974502563476562,24.974502563476562,24.974502563476562,24.974502563476562,0
2003-09-01,24.974502563476562,24.974502563476562,24.974502563476562,24.974502563476562,0
2003-09-02,24.974502563476562,24.974502563476562,24.974502563476562,24.974502563476562,0
2003-09-03,24.974502563476562,24.974502563476562,24.974502563476562,24.974502563476562,0
2003-09-04,24.974502563476562,24.974502563476562,24.974502563476562,24.974502563476562,0
2003-09-05,24.974502563476562,24.974502563476562,24.974502563476562,24.974502563476562,0
2003-09-08,24.974502563476562,24.974502563476562,24.974502563476562,24.974502563476562,0
2003-09-09,24.974502563476562,24.974502563476562,24.974502563476562,24.974502563476562,0
2003-09-10,24.974502563476562,24.974502563476562,24.974502563476562,24.974502563476562,0
2003-09-11,24.974502563476562,24.974502563476562,24.974502563476562,24.974502563476562,0
2003-09-12,24.974502563476562,24.974502563476562,24.974502563476562,24.974502563476562,0
2003-09-15,24.974502563476562,24.974502563476562,24.974502563476562,24.974502563476562,0
2003-09-16,24.974502563476562,24.974502563476562,24.974502563476562,24.974502563476562,0
2003-09-17,24.974502563476562,24.974502563476562,24.974502563476562,24.974502563476562,0
2003-09-18,24.974502563476562,24.974502563476562,24.974502563476562,24.974502563476562,0
2003-09-19,24.974502563476562,24.974502563476562,24.974502563476562,24.974502563476562,0
2003-09-22,24.974502563476562,24.974502563476562,24.974502563476562,24.974502563476562,0
2003-09-23,24.974502563476562,24.974502563476562,24.974502563476562,24.974502563476562,0
2003-09-24,24.974502563476562,24.974502563476562,24.974502563476562,24.974502563476562,0
2003-09-25,24.974502563476562,24.974502563476562,24.974502563476562,24.974502563476562,0
2003-09-26,24.974502563476562,24.974502563476562,24.974502563476562,24.974502563476562,0
2003-09-29,24.974502563476562,24.974502563476562,24.974502563476562,24.974502563476562,0
2003-09-30,24.974502563476562,24.974502563476562,24.974502563476562,24.974502563476562,0
2003-10-01,24.974502563476562,24.974502563476562,24.974502563476562,24.974502563476562,0
2003-10-02,24.974502563476562,24.974502563476562,24.974502563476562,24.974502563476562,0
2003-10-03,24.974502563476562,24.974502563476562,24.974502563476562,24.974502563476562,0
2003-10-06,24.974502563476562,24.974502563476562,24.974502563476562,24.974502563476562,0
2003-10-07,24.974502563476562,24.974502563476562,24.974502563476562,24.974502563476562,0
2003-10-08,24.974502563476562,24.974502563476562,24.974502563476562,24.974502563476562,0
2003-10-09,24.974502563476562,24.974502563476562,24.974502563476562,24.974502563476562,0
2003-10-10,24.974502563476562,24.974502563476562,24.974502563476562,24.974502563476562,0
2003-10-13,24.974502563476562,24.974502563476562,24.974502563476562,24.974502563476562,0
2003-10-14,24.974502563476562,24.974502563476562,24.974502563476562,24.974502563476562,0
2003-10-15,24.974502563476562,24.974502563476562,24.974502563476562,24.974502563476562,0
2003-10-16,24.974502563476562,24.974502563476562,24.974502563476562,24.974502563476562,0
2003-10-17,24.974502563476562,24.974502563476562,24.974502563476562,24.974502563476562,0
2003-10-20,24.974502563476562,24.974502563476562,24.974502563476562,24.974502563476562,0
2003-10-21,24.974502563476562,24.974502563476562,24.974502563476562,24.974502563476562,0
2003-10-22,24.974502563476562,24.974502563476562,24.974502563476562,24.974502563476562,0
2003-10-23,24.974502563476562,24.974502563476562,24.974502563476562,24.974502563476562,0
2003-10-24,24.974502563476562,24.974502563476562,24.974502563476562,24.974502563476562,0
2003-10-27,24.974502563476562,24.974502563476562,24.974502563476562,24.974502563476562,0
2003-10-28,24.974502563476562,24.974502563476562,24.974502563476562,24.974502563476562,0
2003-10-29,24.974502563476562,24.974502563476562,24.974502563476562,24.974502563476562,0
2003-10-30,24.974502563476562,24.974502563476562,24.974502563476562,24.974502563476562,0
2003-10-31,24.974502563476562,24.974502563476562,24.974502563476562,24.974502563476562,0
2003-11-03,24.974502563476562,24.974502563476562,24.974502563476562,24.974502563476562,0
2003-11-04,24.974502563476562,24.974502563476562,24.974502563476562,24.974502563476562,0
2003-11-05,24.974502563476562,24.974502563476562,24.974502563476562,24.974502563476562,0
2003-11-06,24.974502563476562,24.974502563476562,24.974502563476562,24.974502563476562,0
2003-11-07,24.974502563476562,24.974502563476562,24.974502563476562,24.974502563476562,0
2003-11-10,24.974502563476562,24.974502563476562,24.974502563476562,24.974502563476562,0
2003-11-11,24.974502563476562,24.974502563476562,24.974502563476562,24.974502563476562,0
2003-11-12,24.974502563476562,24.974502563476562,24.974502563476562,24.974502563476562,0
2003-11-13,24.974502563476562,24.974502563476562,24.974502563476562,24.974502563476562,0
2003-11-14,24.974502563476562,24.974502563476562,24.974502563476562,24.974502563476562,0
2003-11-17,24.974502563476562,24.974502563476562,24.974502563476562,24.974502563476562,0
2003-11-18,24.974502563476562,24.974502563476562,24.974502563476562,24.974502563476562,0
2003-11-19,24.974502563476562,24.974502563476562,24.974502563476562,24.974502563476562,0
2003-11-20,24.974502563476562,24.974502563476562,24.974502563476562,24.974502563476562,0
2003-11-21,24.974502563476562,24.974502563476562,24.974502563476562,24.974502563476562,0
2003-11-24,24.974502563476562,24.974502563476562,24.974502563476562,24.974502563476562,0
2003-11-25,24.974502563476562,24.974502563476562,24.974502563476562,24.974502563476562,0
2003-11-26,24.974502563476562,24.974502563476562,24.974502563476562,24.974502563476562,0
2003-11-27,24.974502563476562,24.974502563476562,24.974502563476562,24.974502563476562,0
2003-11-28,24.974502563476562,24.974502563476562,24.974502563476562,24.974502563476562,0
2003-12-01,24.974502563476562,24.974502563476562,24.974502563476562,24.974502563476562,0
2003-12-02,24.974502563476562,24.974502563476562,24.974502563476562,24.974502563476562,0
2003-12-03,24.974502563476562,24.974502563476562,24.974502563476562,24.974502563476562,0
2003-12-04,24.974502563476562,24.974502563476562,24.974502563476562,24.974502563476562,0
2003-12-05,24.974502563476562,24.974502563476562,24.974502563476562,24.974502563476562,0
2003-12-08,24.974502563476562,24.974502563476562,24.974502563476562,24.974502563476562,0
2003-12-09,24.974502563476562,24.974502563476562,24.974502563476562,24.974502563476562,0
2003-12-10,24.974502563476562,24.974502563476562,24.974502563476562,24.974502563476562,0
2003-12-11,24.974502563476562,24.974502563476562,24.974502563476562,24.974502563476562,0
2003-12-12,24.974502563476562,24.974502563476562,24.974502563476562,24.974502563476562,0
2003-12-15,24.974502563476562,24.974502563476562,24.974502563476562,24.974502563476562,0
2003-12-16,24.974502563476562,24.974502563476562,24.974502563476562,24.974502563476562,0
2003-12-17,24.974502563476562,24.974502563476562,24.974502563476562,24.974502563476562,0
2003-12-18,24.974502563476562,24.974502563476562,24.974502563476562,24.974502563476562,0
2003-12-19,24.974502563476562,24.974502563476562,24.974502563476562,24.974502563476562,0
2003-12-22,24.974502563476562,24.974502563476562,24.974502563476562,24.974502563476562,0
2003-12-23,24.974502563476562,24.974502563476562,24.974502563476562,24.974502563476562,0
2003-12-24,24.974502563476562,24.974502563476562,24.974502563476562,24.974502563476562,0
2003-12-25,24.974502563476562,24.974502563476562,24.974502563476562,24.974502563476562,0
2003-12-26,24.974502563476562,24.974502563476562,24.974502563476562,24.974502563476562,0
2003-12-29,24.974502563476562,24.974502563476562,24.974502563476562,24.974502563476562,0
2003-12-30,24.974502563476562,24.974502563476562,24.974502563476562,24.974502563476562,0
2003-12-31,24.974502563476562,24.974502563476562,24.974502563476562,24.974502563476562,0
2004-01-01,24.974502563476562,24.974502563476562,24.974502563476562,24.974502563476562,0
2004-01-02,24.974502563476562,24.974502563476562,24.974502563476562,24.974502563476562,0
2004-01-05,24.974502563476562,24.974502563476562,24.974502563476562,24.974502563476562,0
2004-01-06,24.974502563476562,24.974502563476562,24.974502563476562,24.974502563476562,0
2004-01-07,24.974502563476562,24.974502563476562,24.974502563476562,24.974502563476562,0
2004-01-08,24.974502563476562,24.974502563476562,24.974502563476562,24.974502563476562,0
2004-01-09,24.974502563476562,24.974502563476562,24.974502563476562,24.974502563476562,0
2004-01-12,24.974502563476562,24.974502563476562,24.974502563476562,24.974502563476562,0
2004-01-13,24.974502563476562,24.974502563476562,24.974502563476562,24.974502563476562,0
2004-01-14,24.974502563476562,24.974502563476562,24.974502563476562,24.974502563476562,0
2004-01-15,24.974502563476562,24.974502563476562,24.974502563476562,24.974502563476562,0
2004-01-16,24.974502563476562,24.974502563476562,24.974502563476562,24.974502563476562,0
2004-01-19,24.974502563476562,24.974502563476562,24.974502563476562,24.974502563476562,0
2004-01-20,24.974502563476562,24.974502563476562,24.974502563476562,24.974502563476562,0
2004-01-21,24.974502563476562,24.974502563476562,24.974502563476562,24.974502563476562,0
2004-01-22,24.974502563476562,24.974502563476562,24.974502563476562,24.974502563476562,0
2004-01-23,24.974502563476562,24.974502563476562,24.974502563476562,24.974502563476562,0
2004-01-26,24.974502563476562,24.974502563476562,24.974502563476562,24.974502563476562,0
2004-01-27,24.974502563476562,24.974502563476562,24.974502563476562,24.974502563476562,0
2004-01-28,24.974502563476562,24.974502563476562,24.974502563476562,24.974502563476562,0
2004-01-29,24.974502563476562,24.974502563476562,24.974502563476562,24.974502563476562,0
2004-01-30,24.974502563476562,24.974502563476562,24.974502563476562,24.974502563476562,0
2004-02-02,24.974502563476562,24.974502563476562,24.974502563476562,24.974502563476562,0
2004-02-03,24.974502563476562,24.974502563476562,24.974502563476562,24.974502563476562,0
2004-02-04,24.974502563476562,24.974502563476562,24.974502563476562,24.974502563476562,0
2004-02-05,24.974502563476562,24.974502563476562,24.974502563476562,24.974502563476562,0
2004-02-06,24.974502563476562,24.974502563476562,24.974502563476562,24.974502563476562,0
2004-02-09,24.974502563476562,24.974502563476562,24.974502563476562,24.974502563476562,0
2004-02-10,24.974502563476562,24.974502563476562,24.974502563476562,24.974502563476562,0
2004-02-11,24.974502563476562,24.974502563476562,24.974502563476562,24.974502563476562,0
2004-02-12,24.974502563476562,24.974502563476562,24.974502563476562,24.974502563476562,0
2004-02-13,24.974502563476562,24.974502563476562,24.974502563476562,24.974502563476562,0
2004-02-16,24.974502563476562,24.974502563476562,24.974502563476562,24.974502563476562,0
2004-02-17,24.974502563476562,24.974502563476562,24.974502563476562,24.974502563476562,0
2004-02-18,24.974502563476562,24.974502563476562,24.974502563476562,24.974502563476562,0
2004-02-19,24.974502563476562,24.974502563476562,24.974502563476562,24.974502563476562,0
2004-02-20,24.974502563476562,24.974502563476562,24.974502563476562,24.974502563476562,0
2004-02-23,24.974502563476562,24.974502563476562,24.974502563476562,24.974502563476562,0
2004-02-24,24.974502563476562,24.974502563476562,24.974502563476562,24.974502563476562,0
2004-02-25,24.974502563476562,24.974502563476562,24.974502563476562,24.974502563476562,0
2004-02-26,24.974502563476562,24.974502563476562,24.974502563476562,24.974502563476562,0
2004-02-27,24.974502563476562,24.974502563476562,24.974502563476562,24.974502563476562,0
2004-03-01,24.974502563476562,24.974502563476562,24.974502563476562,24.974502563476562,0
2004-03-02,24.974502563476562,24.974502563476562,24.974502563476562,24.974502563476562,0
2004-03-03,24.974502563476562,24.974502563476562,24.974502563476562,24.974502563476562,0
2004-03-04,24.974502563476562,24.974502563476562,24.974502563476562,24.974502563476562,0
2004-03-05,24.974502563476562,24.974502563476562,24.974502563476562,24.974502563476562,0
2004-03-08,24.974502563476562,24.974502563476562,24.974502563476562,24.974502563476562,0
2004-03-09,24.974502563476562,24.974502563476562,24.974502563476562,24.974502563476562,0
2004-03-10,24.974502563476562,24.974502563476562,24.974502563476562,24.974502563476562,0
2004-03-11,24.974502563476562,24.974502563476562,24.974502563476562,24.974502563476562,0
2004-03-12,24.974502563476562,24.974502563476562,24.974502563476562,24.974502563476562,0
2004-03-15,24.974502563476562,24.974502563476562,24.974502563476562,24.974502563476562,0
2004-03-16,24.974502563476562,24.974502563476562,24.974502563476562,24.974502563476562,0
2004-03-17,24.974502563476562,24.974502563476562,24.974502563476562,24.974502563476562,0
2004-03-18,24.974502563476562,24.974502563476562,24.974502563476562,24.974502563476562,0
2004-03-19,24.974502563476562,24.974502563476562,24.974502563476562,24.974502563476562,0
2004-03-22,24.974502563476562,24.974502563476562,24.974502563476562,24.974502563476562,0
2004-03-23,24.974502563476562,24.974502563476562,24.974502563476562,24.974502563476562,0
2004-03-24,24.974502563476562,24.974502563476562,24.974502563476562,24.974502563476562,0
2004-03-25,24.974502563476562,24.974502563476562,24.974502563476562,24.974502563476562,0
2004-03-26,24.974502563476562,24.974502563476562,24.974502563476562,24.974502563476562,0
2004-03-29,24.974502563476562,24.974502563476562,24.974502563476562,24.974502563476562,0
2004-03-30,24.974502563476562,24.974502563476562,24.974502563476562,24.974502563476562,0
2004-03-31,24.974502563476562,24.974502563476562,24.974502563476562,24.974502563476562,0
2004-04-01,24.974502563476562,24.974502563476562,24.974502563476562,24.974502563476562,0
2004-04-02,24.974502563476562,24.974502563476562,24.974502563476562,24.974502563476562,0
2004-04-05,24.974502563476562,24.974502563476562,24.974502563476562,24.974502563476562,0
2004-04-06,24.974502563476562,24.974502563476562,24.974502563476562,24.974502563476562,0
2004-04-07,24.974502563476562,24.974502563476562,24.974502563476562,24.974502563476562,0
2004-04-08,24.974502563476562,24.974502563476562,24.974502563476562,24.974502563476562,0
2004-04-09,24.974502563476562,24.974502563476562,24.974502563476562,24.974502563476562,0
2004-04-12,24.974502563476562,24.974502563476562,24.974502563476562,24.974502563476562,0
2004-04-13,24.974502563476562,24.974502563476562,24.974502563476562,24.974502563476562,0
2004-04-14,24.974502563476562,24.974502563476562,24.974502563476562,24.974502563476562,0
2004-04-15,24.974502563476562,24.974502563476562,24.974502563476562,24.974502563476562,0
2004-04-16,24.974502563476562,24.974502563476562,24.974502563476562,24.974502563476562,0
2004-04-19,24.974502563476562,24.974502563476562,24.974502563476562,24.974502563476562,0
2004-04-20,24.974502563476562,24.974502563476562,24.974502563476562,24.974502563476562,0
2004-04-21,24.974502563476562,24.974502563476562,24.974502563476562,24.974502563476562,0
2004-04-22,24.974502563476562,24.974502563476562,24.974502563476562,24.974502563476562,0
2004-04-23,24.974502563476562,24.974502563476562,24.974502563476562,24.974502563476562,0
2004-04-26,24.974502563476562,24.974502563476562,24.974502563476562,24.974502563476562,0
2004-04-27,24.974502563476562,24.974502563476562,24.974502563476562,24.974502563476562,0
2004-04-28,24.974502563476562,24.974502563476562,24.974502563476562,24.974502563476562,0
2004-04-29,24.974502563476562,24.974502563476562,24.974502563476562,24.974502563476562,0
2004-04-30,24.974502563476562,24.974502563476562,24.974502563476562,24.974502563476562,0
2004-05-03,24.974502563476562,24.974502563476562,24.974502563476562,24.974502563476562,0
2004-05-04,24.974502563476562,24.974502563476562,24.974502563476562,24.974502563476562,0
2004-05-05,24.974502563476562,24.974502563476562,24.974502563476562,24.974502563476562,0
2004-05-06,75.39518737792969,79.69721235692354,74.03708579130196,77.17617808849025,19760
2004-05-07,72.7521743774414,75.63103511902675,72.28049794683932,75.63103511902675,31344
2004-05-10,72.28050231933594,72.86603394194752,71.24769035444679,72.21544435318013,4904
2004-05-11,68.51519775390625,74.16719329562314,67.4986517931658,74.16719329562314,21032
2004-05-12,64.05054473876953,70.75161966742503,59.52894896155762,66.52278722753296,134928
2004-05-13,62.34276580810547,65.05898021763421,57.73984494315036,58.561212582955484,55456
2004-05-14,57.926841735839844,64.24569107898726,56.92656171555834,63.43245448305072,31144
2004-05-17,48.49330520629883,55.30009762759219,46.53340667287981,55.30009762759219,33968
2004-05-18,52.07158660888672,53.67366518360353,48.79424107600321,52.209837951323436,29128
2004-05-19,55.657901763916016,57.57713770187128,53.42963201995682,54.974781195572014,39960
2004-05-20,54.33232498168945,56.113314784193534,53.67360544575033,56.113314784193534,32104
2004-05-21,52.55951690673828,53.67365281393041,51.4128544911557,52.876681386081074,31176
2004-05-24,58.284698486328125,58.54493532665555,52.535111735552135,52.535111735552135,54792
2004-05-25,55.95068359375,57.0892149459484,53.99891556140989,57.0892149459484,32648
2004-05-26,56.42241287231445,58.553095968327874,55.950736147513304,57.73985852432332,18416
2004-05-27,56.59315872192383,58.13830885555389,56.243462878692604,56.92658387058126,14072
2004-05-28,54.09650421142578,56.92656682665915,53.673620150850056,56.92656682665915,17040
2004-05-31,51.53480529785156,52.84411426288025,50.550786015299906,51.477877742067186,11976
2004-06-01,52.12034606933594,55.13745247133805,51.64866477642712,53.64923018938985,29320
2004-06-02,52.04715347290039,53.429655987024304,51.90077184647853,53.429655987024304,4560
2004-06-03,51.18513488769531,54.22663805911052,50.94116380617837,53.34834315837041,13808
2004-06-04,51.046897888183594,52.860415775132374,50.25805684466432,52.85228538891696,23944
2004-06-07,51.54294967651367,52.04715750758919,50.90862593711068,52.04715750758919,9608
2004-06-08,50.4044075012207,51.542938832158384,49.84327718056303,51.00620461872884,10272
2004-06-09,51.99835968017578,52.844122920383015,50.33935472793346,50.42067840277665,31424
2004-06-10,56.75578689575195,59.3662745157286,52.047144780912745,52.86038141811451,54480
2004-06-11,60.9033088684082,66.36012607357567,59.37441963994772,59.37441963994772,1495680
2004-06-14,56.17839431762695,60.992756923509994,55.788041666037145,60.75691627796445,295448
2004-06-15,56.47932052612305,58.065132981500156,55.76367282103298,57.251895824896515,172688
2004-06-16,55.89374923706055,57.154265938008606,55.62538215796623,56.92656068797714,62312
2004-06-17,56.056427001953125,56.55250456413972,55.706736074788566,55.706736074788566,30208
2004-06-18,57.88619613647461,60.667467067125216,56.186534152568555,56.186534152568555,91440
2004-06-21,57.26811981201172,59.854211092017046,56.47114897225691,58.55303259001668,49328
2004-06-22,55.93443298339844,57.41452513396365,55.62540395415175,57.25187775398075,20064
2004-06-23,54.844696044921875,56.926580429472445,53.8850725753705,56.519961997833356,22912
2004-06-24,55.755516052246094,56.2759896179694,54.17783955267916,55.291975021940644,21592
2004-06-25,55.755516052246094,56.92657909332165,55.30010540494103,55.30010540494103,60280
2004-06-28,58.45545196533203,59.366278045879795,56.731389199224274,56.731389199224274,100536
2004-06-29,58.05699920654297,59.5126906537302,57.333216193971246,59.366308966807104,47952
2004-06-30,56.76393508911133,58.71570363085728,56.6012877106325,57.902466738463126,20576
2004-07-01,57.4796142578125,57.87810254026657,56.942879598301175,57.569073343468936,15168
2004-07-02,59.48826599121094,60.504811889898754,58.22774907683805,58.22774907683805,123232
2004-07-05,57.49586868286133,59.61028535295241,57.0892500924592,59.203666762550284,22040
2004-07-06,58.04067611694336,58.55301399669433,57.341289916044765,57.341289916044765,39312
2004-07-07,57.32509231567383,59.04102082529157,56.9266041015208,58.55307850442139,39640
2004-07-08,54.93415451049805,58.577454956815394,54.47874381605999,56.92658498497207,80424
2004-07-09,55.706748962402344,56.11336756796733,50.78666383506608,51.250210038131364,29280
2004-07-12,56.79645919799805,57.390121059875966,55.30010152425335,56.11333831137472,22272
2004-07-13,57.4714469909668,58.715698331305596,57.25187205711792,57.74794453126229,48160
2004-07-14,58.9515380859375,60.179523678255066,57.821136939512634,58.544919682706045,74376
2004-07-15,59.138587951660156,59.82170396477258,58.91901299745813,59.691588047114244,36024
2004-07-16,61.139122009277344,62.131271579577366,60.195769609478454,60.9764747014774,167704
2004-07-19,62.074344635009766,63.23727190440982,60.99274102030344,61.9686248766283,174480
2004-07-20,63.22921371459961,63.9204655687142,61.65966637974329,62.456638112942116,157816
2004-07-21,62.668006896972656,64.90440742158512,62.13127275650646,64.90440742158512,129968
2004-07-22,62.34276580810547,63.432505712193354,62.13945649492536,63.432505712193354,64272
2004-07-23,63.01771926879883,63.43246803589992,62.31020228644697,63.43246803589992,42576
2004-07-26,63.06652069091797,63.35115360183765,62.537916713495704,63.10718253533507,29512
2004-07-27,63.06652069091797,63.06652069091797,63.06652069091797,63.06652069091797,0
2004-07-28,65.75021362304688,67.01073101470702,64.40837252869899,65.384256960952,182768
2004-07-29,65.229736328125,66.33574160159323,64.40836896190618,66.03484292559068,93344
2004-07-30,65.14842987060547,66.5228027190702,65.05897576437182,66.5228027190702,73272
2004-08-02,65.07518768310547,65.54686387459435,64.8962746549954,64.93693648122033,99528
2004-08-03,64.99391174316406,65.50625013698925,64.75807099248628,65.22161714446354,25104
2004-08-04,65.02642059326172,65.17280720626816,61.8060044519942,61.8060044519942,43656
2004-08-05,64.31076049804688,65.51434988223994,63.9204078550117,64.8962919444012,44048
2004-08-06,63.473114013671875,64.99386738570769,63.432452185347934,63.93665984928522,32392
2004-08-09,64.06678009033203,64.2456931398978,62.01742281011101,63.440586898653045,19040
2004-08-10,65.83967590332031,65.95353108669269,64.0017619793183,65.85594163860287,50656
2004-08-11,69.15766143798828,70.91425099085234,65.38424059248312,66.07549189227927,271960
2004-08-12,69.15766143798828,69.15766143798828,69.15766143798828,69.15766143798828,0
2004-08-13,69.53175354003906,72.70337738572505,68.31189821477521,71.56484574881213,119976
2004-08-16,66.620361328125,69.0112746022344,66.22187330063828,68.14924555794528,39776
2004-08-17,66.62852478027344,68.8730624970367,66.36015748903166,67.66133704764013,74976
2004-08-18,66.6447525024414,67.97032742892733,66.3601196363541,67.25468007262849,21432
2004-08-19,67.70201110839844,67.9053204510663,67.09208308039484,67.33605429159628,19856
2004-08-20,66.82367706298828,67.80769172650639,66.6203678379966,66.84807317726646,22184
2004-08-23,69.62122344970703,71.4022146151862,63.50568466539526,63.50568466539526,108624
2004-08-24,74.931640625,75.75300780632607,70.58895413407518,71.5323068352182,455456
2004-08-25,80.34374237060547,97.48270546751965,79.61589433569415,97.48270546751965,136928
2004-08-26,79.61590576171875,81.07973242536629,79.31500706591466,80.67311390768641,40443200
2004-08-27,78.28705596923828,79.89238967136096,77.95363084809158,79.89238967136096,30646000
2004-08-30,80.2469711303711,80.51045911146826,78.47736670966351,78.87585480585905,24465208
2004-08-31,80.35592651367188,80.51044349167306,79.3719119675484,80.2258106106419,21194656
2004-09-01,80.33963775634766,80.91703369982022,79.98994208203985,80.51041544002213,19935544
2004-09-02,80.8080825805664,81.69776380413339,80.18514539968213,80.50230972493965,21356352
2004-09-03,81.14965057373047,89.45605289468955,80.53972294035758,81.81162655641607,9869856
2004-09-06,80.90571594238281,84.56853951562839,80.74632462581326,84.56853951562839,9038672
2004-09-07,80.96587371826172,84.1700294830587,80.91708148371343,84.1700294830587,5772232
2004-09-08,80.81135559082031,81.38875183185185,80.59991100859705,80.99839909399924,6593984
2004-09-09,79.69398498535156,81.15293254764559,79.57199941982064,81.07973922288488,7947184
2004-09-10,80.41283416748047,80.51042355238565,79.37189231023069,80.51042355238565,6415072
2004-09-13,81.60834503173828,82.58422957621347,80.59179863124328,80.59179863124328,20904912
2004-09-14,82.59722137451172,82.8525789665149,81.56441442521238,81.73031297510008,15335472
2004-09-15,81.81977844238281,82.95017993875493,81.42129526201654,82.78753252711032,11988288
2004-09-16,82.01172637939453,82.54358175969666,81.52703518630139,81.89299195272369,7358224
2004-09-17,83.31611633300781,83.75526622298645,82.16131899872654,82.29957025769048,14627896
2004-09-20,83.1860122680664,84.32454403457021,82.96318116719424,83.95858739533685,8552224
2004-09-21,85.04829406738281,85.26786399520077,83.11278684129249,83.34537133531758,13897080
2004-09-22,85.55738830566406,85.87779881269032,84.3407794053174,85.25974088243416,15371584
2004-09-23,83.78456115722656,85.30856659565468,83.51944508459233,85.2272428906064,15819680
2004-09-24,83.66582489013672,84.57664634139107,83.4381145637185,83.69021604333271,8083208
2004-09-27,83.01197814941406,83.96671756268128,82.54355285822906,83.56009907569494,8229512
2004-09-28,82.58904266357422,83.55191682704555,82.340192502555,82.62482526676136,6339416
2004-09-29,83.8447494506836,84.00739687929791,82.63790334637885,82.89000983889441,11737176
2004-09-30,83.52758026123047,84.64985142616018,83.00385537213171,84.21883179379469,12521432
2004-10-01,85.20281982421875,85.91521609080644,83.46737518588566,83.68207090308266,10968888
2004-10-04,87.54492950439453,87.91088601416673,85.75255266649332,85.95911796204832,15129824
2004-10-05,87.88648986816406,88.56148032823326,87.4636107373874,87.85396834057065,14341288
2004-10-06,87.95970916748047,89.68377750956961,87.4278589367141,87.91091693445729,17670664
2004-10-07,89.22018432617188,89.45602492277281,88.07352271942086,88.07352271942086,10080128
2004-10-08,89.29827117919922,90.3505946725226,89.04941599137017,89.29338699408625,8558920
2004-10-11,88.58589935302734,90.39128129739568,88.2362035156764,89.45605886381938,9332056
2004-10-12,88.19229125976562,90.6759200861874,87.63929608910792,90.2693016104646,15600512
2004-10-14,90.77348327636719,91.407811920721,88.48504376724749,89.70001472291395,19225984
2004-10-15,91.57048034667969,92.79033576870472,90.8597120482898,91.22078448814896,17799744
2004-10-18,92.48619842529297,92.87167199649565,91.51031395597778,92.22108235028553,13693344
2004-10-19,92.9692153930664,93.41649557720018,92.3918193226258,92.72199818724515,11767128
2004-10-20,92.1609115600586,93.5141393322888,91.81447174936065,93.09939038245933,7206832
2004-10-21,91.53473663330078,92.62772273172817,91.24521940737402,92.48622024447128,6413520
2004-10-22,91.53473663330078,91.53473663330078,91.53473663330078,91.53473663330078,0
2004-10-25,90.8678207397461,91.65178216174667,90.33108646762969,91.4891348109716,9390272
2004-10-26,92.48125457763672,92.78703230827313,90.72466565149817,90.72466565149817,6932760
2004-10-27,92.70088195800781,93.35960190236496,92.31865463500905,92.89280468702984,7837656
2004-10-28,95.07038116455078,95.79118681264018,93.36134179589185,93.36134179589185,18591416
2004-10-29,94.2794418334961,95.23343562092036,93.37436901789319,95.23343562092036,8661776
2004-11-01,95.45362091064453,95.76346045213243,93.14119611459655,93.76903698959973,6137568
2004-11-02,94.55992126464844,96.19558362651406,91.73054747069081,92.13823879278277,8864040
2004-11-03,95.82379150390625,96.54133241538227,94.66595180258346,94.66595180258346,8978136
2004-11-04,95.43241882324219,96.85933893138456,95.21225946308593,96.35869262474775,6555808
2004-11-05,95.02960968017578,96.21517956945144,94.584413814037,95.7226851262269,5023848
2004-11-08,96.55437469482422,96.94086535481064,94.25825388925409,94.99209842645418,10291728
2004-11-09,96.90009307861328,97.67470673170598,95.9705547042214,96.78593749695055,7338712
2004-11-10,97.38607025146484,97.76440910914815,97.03871634192728,97.11210279315716,5734392
2004-11-11,97.54097747802734,98.12316195492252,97.12023719280677,97.76439155486632,5235128
2004-11-12,97.58172607421875,98.49821529442798,97.04683032611342,98.17206226365172,1813408
2004-11-15,97.58172607421875,97.58172607421875,97.58172607421875,97.58172607421875,0
2004-11-16,97.10391998291016,97.68283966302076,96.54130397413738,97.68283966302076,4005504
2004-11-17,98.28623962402344,98.65316186506378,97.15285559990711,97.15285559990711,5467936
2004-11-18,100.37362670898438,100.66390777506982,98.37593876879745,98.61728890219615,7472128
2004-11-19,99.24028778076172,100.86290234760943,98.75105785829959,100.53674906596802,6812760
2004-11-22,99.67726135253906,99.96590998734621,97.4382238457412,98.48191758879666,4738272
2004-11-23,100.74544525146484,101.2705470139032,99.81590683891739,100.34100860135572,4312792
2004-11-24,100.61009979248047,101.5151728367294,100.30514737878548,101.02594308811867,3223304
2004-11-25,99.22066497802734,101.43361497502588,98.5520550986206,100.6182322179919,6310872
2004-11-26,99.22066497802734,99.22066497802734,99.22066497802734,99.22066497802734,0
2004-11-29,101.42545318603516,101.73529263126422,98.29927878926719,99.15053352645022,5281488
2004-11-30,103.93359375,104.85823512032879,101.5151654158704,101.77282918492324,10508144
2004-12-01,102.86543273925781,104.4505320546315,102.49361342128945,104.4505320546315,8481864
2004-12-02,101.31944274902344,104.12436096298212,101.0340588309573,103.14590181532685,9657704
2004-12-03,100.84326171875,102.40390524801391,99.60388411757086,101.8624899938648,9777216
2004-12-06,99.03312683105469,101.92283836679707,98.5390001330194,101.10745565986268,11473872
2004-12-07,99.33482360839844,100.52854519580136,99.06900802516157,99.15054630337157,7863224
2004-12-08,97.91120147705078,100.014883792306,97.52471070426137,99.3136563538876,7329408
2004-12-09,98.7803726196289,99.23209792675136,98.24222190175058,98.25037373998727,3801224
2004-12-10,99.93819427490234,100.74052802845983,98.98745530275212,99.47668490062404,6216808
2004-12-13,100.79436492919922,101.24282547781942,99.90559566943483,99.96593320152236,4996232
2004-12-14,100.54975128173828,101.49069629391445,100.31655298808752,101.2705469124228,3083504
2004-12-15,101.55589294433594,102.31093795471033,100.94435605386421,101.43358556624159,5772672
2004-12-16,102.95512390136719,103.1459206831088,100.94438719817288,101.79727439280354,4350464
2004-12-17,102.4528579711914,103.94501260983347,102.09408751646501,102.73824197668219,5509752
2004-12-20,102.94697570800781,103.43130831420265,102.4528489529331,102.73823293330338,2268424
2004-12-21,103.77377319335938,104.12439180648914,102.99590470886766,103.14266765244906,3458512
2004-12-22,101.12051391601562,103.9694565797199,100.29208222225131,103.9694565797199,6001712
2004-12-23,100.1175765991211,101.73529305004881,99.88437834693974,101.73529305004881,3948912
2004-12-24,103.38727569580078,103.71669353646166,99.60390741631299,100.53343585792643,6661856
2004-12-27,103.59925079345703,104.7766584264694,102.9175822177758,103.55358459269738,4400504
2004-12-28,106.76290893554688,107.14124756427603,103.2437157034856,103.71664147774666,9614448
2004-12-29,107.6517562866211,109.0085547871357,107.07283634981714,107.3826759164277,6633224
2004-12-30,105.7273941040039,108.28280017047253,105.33600650756989,107.46741763906836,5626792
2004-12-31,108.89112854003906,109.16347361250216,105.72744865781848,105.99978377687638,4899312
2005-01-03,110.34245300292969,110.62293980532749,108.89106817141649,108.89106817141649,4734168
2005-01-04,109.3640365600586,110.40283347312727,108.70357846866226,110.07668034617564,4979104
2005-01-05,108.03824615478516,109.27762431799101,104.39348817152938,109.27762431799101,9604320
2005-01-06,107.66802978515625,109.75052055946415,105.3882227511942,107.63052536292174,8006888
2005-01-07,109.25801086425781,109.66896690675152,107.03202219202042,108.44589292637883,7623136
2005-01-10,108.23883056640625,110.84316909310527,107.79363462513214,109.96744853092547,7521568
2005-01-11,107.12173461914062,108.87807240609358,106.0813053400558,108.44591552826611,7986376
2005-01-12,105.84159851074219,111.54111707371393,104.91531476845712,108.11650886084972,20720032
2005-01-13,105.42086791992188,109.15531601204377,103.96133038887923,106.8151708309269,27757952
2005-01-14,105.70622253417969,107.45929546050276,104.12437799602621,106.38298424997436,15757776
2005-01-17,103.00399780273438,106.78247705533086,101.12372121172423,106.78247705533086,13651184
2005-01-18,103.05294799804688,104.69512981114383,102.53436583918487,103.93681998302037,6183264
2005-01-19,102.3631820678711,103.85532696042276,102.01256340247835,103.22748604247452,3538488
2005-01-20,101.40916442871094,102.33055106106069,100.29209386860927,102.33055106106069,4536200
2005-01-24,99.53055572509766,101.70762460878203,99.09839870310756,101.40919160886656,3628192
2005-01-25,100.73727416992188,101.09930928713517,98.42484988249501,99.05270057280643,4465928
2005-01-27,101.15316009521484,102.23272641089564,100.7242678330153,101.37330952792148,5455344
2005-01-28,105.11915588378906,105.57577825486244,101.31132185266041,101.34067444164585,8393816
2005-01-31,106.03244018554688,106.96197908442726,105.20564037279274,105.83674621419172,5853384
2005-02-01,107.24404907226562,107.63053975967576,104.93977626568386,106.57054201961834,8019840
2005-02-02,106.73033905029297,107.91264405763701,106.24437410822532,107.54898653012218,4870456
2005-02-03,107.19139862060547,107.49063147090325,106.44741331922975,107.26498177790279,3327616
2005-02-04,106.81209564208984,108.08260081504169,106.32973800981506,107.10151820552542,2684040
2005-02-07,107.408935546875,108.79389251096796,106.36571680349277,107.31409475745224,5944216
2005-02-08,107.59207153320312,108.16436978603932,106.93801638710462,107.4089368907027,3284432
2005-02-09,108.96559143066406,109.84855989064246,107.9812352412663,108.00085609725986,5537936
2005-02-10,108.95411682128906,109.84035852737587,108.16434263618777,108.73664074537395,4376648
2005-02-11,112.96839904785156,113.39680434516809,109.39071680882113,109.39071680882113,10367096
2005-02-14,115.2493667602539,115.93121611136536,113.72869130939392,113.72869130939392,8875264
2005-02-15,112.93566131591797,115.6859634393949,112.33393198991419,115.27717911628748,3976720
2005-02-16,111.85649871826172,114.37787817027834,111.27111664742588,114.37787817027834,3126832
2005-02-17,112.9765853881836,113.3150601420629,110.42086396925627,111.85651988242289,4124976
2005-02-18,112.41574096679688,113.80560830965909,110.78060291637074,112.82452547940342,2545144
2005-02-21,111.64396667480469,112.48115660378825,109.9712135717004,112.08871945828731,1777152
2005-02-22,111.47229766845703,112.003717699557,110.4536095409323,111.57367546059783,2139040
2005-02-23,112.41246795654297,112.99621344054198,110.79368726805885,111.47226357370494,5166816
2005-02-24,111.84017944335938,114.12447269908894,111.28750193318706,112.41247781353023,10806440
2005-02-25,111.52129364013672,112.74273662722227,110.63014165917592,112.5628754846817,5070896
2005-02-28,112.8980941772461,113.23329543848294,109.55423529788241,112.74275408640287,6402408
2005-03-01,110.98168182373047,117.72989732662177,110.4535356168514,112.90624181115602,4958152
2005-03-02,111.84339141845703,112.41568947396082,111.3201454859792,112.41568947396082,2658112
2005-03-03,113.60613250732422,114.05088529106207,111.51642117348291,112.00696261559501,2891160
2005-03-04,113.82684326171875,114.74578986486569,112.98801681029168,113.96909944540276,4017872
2005-03-07,114.47596740722656,115.1136749965433,113.96907879629357,114.05083566773997,3658032
2005-03-08,115.60099029541016,116.1683884062249,114.08031385717551,114.78669471456838,5027680
2005-03-09,115.07281494140625,116.6261957470096,114.05576408860104,115.19545026816441,5422088
2005-03-10,114.42369842529297,115.27723572061045,113.66335521892917,115.27723572061045,2302280
2005-03-11,116.70471954345703,117.31299616429303,114.86846247573064,114.95021938852474,5205744
2005-03-14,118.69955444335938,119.36505671057557,116.09478118425844,116.74883628952186,6534032
2005-03-15,117.94737243652344,119.5285475557296,116.91232763658914,118.62922195852506,4146480
2005-03-16,118.7159423828125,119.98643796552611,117.72994926725535,117.72994926725535,5473416
2005-03-17,119.44351959228516,120.48510136991897,117.72989870476592,118.38395369757016,6805328
2005-03-18,120.07633972167969,120.38701989408715,116.50356763943917,119.2833018848714,6123464
2005-03-21,119.07565307617188,120.59142921738751,118.10601742597376,120.19572861017748,4354120
2005-03-22,118.02102661132812,119.12800854404162,117.73814087594675,118.93997361229634,2684432
2005-03-23,116.19771575927734,118.38389264690548,115.55183479094701,117.72983799139772,3439416
2005-03-24,113.18094635009766,117.56638632552537,112.63317927928068,116.9123313251052,5954576
2005-03-28,113.8382797241211,115.18399475184077,113.15151994807191,113.72381809809828,3699728
2005-03-29,112.08050537109375,114.29611475553037,111.36921454872567,114.05084412300778,3053400
2005-03-30,113.68787384033203,114.45965414641907,111.18937831366424,112.09687786123574,4115256
2005-03-31,117.08074188232422,118.14684462457126,114.23559896398952,114.8275178732382,6914640
2005-04-01,118.6259536743164,119.11976839926322,115.6042227292781,117.15760337415526,5562672
2005-04-04,116.72923278808594,119.10345636677975,116.36460020632265,118.71101925324528,5257360
2005-04-05,116.54116821289062,117.93430875219484,115.77592495301735,116.83059078466997,3367832
2005-04-06,117.84107971191406,118.38394652064119,116.66705226861532,116.66705226861532,1953408
2005-04-07,116.51983642578125,118.54740991147249,116.25821854766474,117.81159840167713,2483216
2005-04-08,113.93318939208984,117.31301800171653,113.64704014404472,116.96963291600613,4052280
2005-04-11,111.48372650146484,114.45968018222099,111.19757730100929,114.21440943897338,2822992
2005-04-12,112.98800659179688,114.37787353250638,111.59813965108735,114.37787353250638,4112696
2005-04-13,114.5904312133789,115.03192032364484,113.27905775677394,113.96908097452801,4638600
2005-04-15,107.83732604980469,114.05084900642724,107.51029852577192,114.05084900642724,9862480
2005-04-18,107.80958557128906,110.265556721987,105.5481863140841,106.28399861216836,6024304
2005-04-19,98.81961822509766,110.28194822642784,96.31785763334129,108.73673992619428,27235152
2005-04-20,91.25702667236328,98.1082572991204,89.38480207964216,98.1082572991204,47498256
2005-04-21,93.39908599853516,93.85692264958823,90.75016040160534,91.97651392054595,13252336
2005-04-22,95.39064025878906,95.79125089184892,93.2240833441707,94.83796305499274,12958672
2005-04-25,94.58943176269531,95.48385717293799,93.85689334969153,95.23041285416099,6880584
2005-04-26,92.93307495117188,95.14869518065805,92.7205089826856,94.5927442045326,5539000
2005-04-27,91.2129135131836,93.2928044335166,90.83192353274313,93.2928044335166,6537368
2005-04-28,91.14259338378906,92.38529423455412,89.70040051334858,91.16711446500085,8728872
2005-04-29,92.47518157958984,93.5870728703098,91.32732206121055,92.28714679120759,11065704
2005-05-02,92.29536437988281,96.30962608574075,91.41238588723047,94.02043293599478,5129600
2005-05-03,90.63563537597656,92.79401805629834,90.37074399949125,92.38523383578602,5503048
2005-05-04,91.63801574707031,91.93561198927041,90.46398814239903,90.46398814239903,4792144
2005-05-05,92.9461441040039,94.02043092100777,92.02229716213837,94.01715745152087,6495064
2005-05-06,95.45113372802734,95.7945085468349,92.56184909979731,93.20282008561128,8188664
2005-05-09,96.08558654785156,96.65788467783652,95.34977466644234,95.65554458319875,4739040
2005-05-10,94.22486114501953,96.30966284497441,93.71469870390867,96.30966284497441,7075952
2005-05-11,93.94683074951172,94.23297983541316,93.03605788991769,93.8569001756746,3213288
2005-05-12,93.75553894042969,94.97698217733475,93.46121611058062,94.75624254997041,3608944
2005-05-13,93.90597534179688,94.10219390198941,93.21595188156023,93.93868009851072,2388752
2005-05-16,94.37199401855469,94.74807376395738,93.38763774520709,93.61165085364613,5775200
2005-05-17,94.06622314453125,95.22225692178516,93.562597848836,94.92793407939868,4666576
2005-05-18,93.42359924316406,94.34745614196264,91.81299241544545,94.34745614196264,4588224
2005-05-19,95.04236602783203,95.81905633085518,94.28202310757452,94.30328069322212,3659448
2005-05-20,95.6277847290039,96.0398327456047,93.79151784794135,95.2467947555562,3265616
2005-05-23,100.05406951904297,100.96156885277689,95.65554556839298,95.65554556839298,10362016
2005-05-24,100.95829772949219,101.76278261905018,98.5382961232858,101.76278261905018,6128856
2005-05-25,103.05945587158203,103.7821838853358,99.33460768514391,100.53642981078093,7894472
2005-05-26,105.47134399414062,105.95697534067386,102.29099759939338,102.85021217482078,9782096
2005-05-27,103.76580047607422,106.20215884342319,102.62611466276047,104.8940491117105,7363480
2005-05-30,107.84548950195312,108.98682223891774,103.34068778215054,103.76581953099165,17893184
2005-05-31,109.08494567871094,109.79132638538718,106.73852699595692,107.91909166279515,10365568
2005-06-01,106.65185546875,108.7366560164335,106.08446748268562,108.7366560164335,7530088
2005-06-02,103.71353912353516,107.0197834095487,103.4306534596122,106.93802650854828,11076624
2005-06-03,105.7247543334961,106.01416696957203,103.10035987091337,103.7135366135771,6548528
2005-06-06,104.6814956665039,106.42291096491049,103.85575329664185,105.87514394195578,5792512
2005-06-07,104.45756530761719,105.36833873445767,103.75445768322572,105.36833873445767,3698192
2005-06-08,105.6380615234375,105.95691534804872,104.3299514574122,104.64880528202343,4832512
2005-06-09,104.42807006835938,106.20219042757769,103.94242899638878,105.79340601484645,3598336
2005-06-10,103.51731872558594,106.28396941185069,103.10362402343186,104.64883142089914,6642624
2005-06-13,103.96696472167969,104.8940850169605,103.03002401916768,104.24002992722109,2590032
2005-06-14,103.50914764404297,104.64066036791361,103.03004341812294,104.40356335722365,3452384
2005-06-15,104.00780487060547,104.47708842630293,103.52871089137751,103.81158641991072,2791072
2005-06-16,104.4607925415039,105.29471895269539,103.41103668562751,104.4689762159995,4593552
2005-06-17,103.63990783691406,105.17693087462564,103.26709175086225,104.86952427106617,3067992
2005-06-20,105.94876861572266,106.44421023965344,103.85579397352447,104.24004741116086,6412672
2005-06-21,106.70089721679688,107.29772640556278,104.91860330228297,106.28393914386535,10463544
2005-06-22,109.01138305664062,109.47249318746832,107.0197860958895,107.0197860958895,11537376
2005-06-23,106.88896942138672,109.37110762337375,106.69275087204083,108.7366733025397,3676944
2005-06-24,108.38998413085938,109.41521843041033,105.87514211887971,106.28392645138503,6021320
2005-06-27,107.62965393066406,108.98191585515798,106.93799395239809,107.89454541085475,3548128
2005-06-28,108.21014404296875,108.57313981032601,107.43345366028947,107.75557098645308,5776112
2005-06-29,108.94600677490234,111.02262457158484,108.09573280566055,108.3279196654609,6446640
2005-06-30,111.03401184082031,111.59813628398763,109.45611011438123,109.45611011438123,7189000
2005-07-01,110.56802368164062,110.91957233219107,109.58366749992055,110.37180514314603,4820568
2005-07-04,111.11248016357422,112.16223542530022,108.81837793889929,111.09122258209895,3951648
2005-07-05,107.93547058105469,111.98734790584382,107.3141200496109,111.98734790584382,5187376
2005-07-06,108.58382415771484,109.36346768317216,108.01427885409002,108.82182260593505,3057216
2005-07-07,107.48078155517578,109.97071264692435,106.95554629713685,108.58376658083117,3488888
2005-07-08,107.59890747070312,109.10074966217047,106.15944752056258,107.55787364053216,6088000
2005-07-11,108.8266830444336,109.15002492616279,107.59894362097481,107.59894362097481,3791264
2005-07-12,105.53085327148438,108.411427424269,104.41473459910989,108.21446294843129,6150600
2005-07-13,104.28836059570312,106.6880195572247,103.97978521461823,105.45700394694904,6469840
2005-07-14,100.53292846679688,105.67856904315097,99.82386236507978,104.93668387717435,8860408
2005-07-15,102.458251953125,103.5612472057029,99.71719840185536,101.0253529152714,9341720
2005-07-18,108.50993347167969,121.37815574896537,102.748783636041,102.748783636041,14475608
2005-07-19,108.26042175292969,111.44792817491674,103.40529418291244,110.6600803180813,4677744
2005-07-20,107.36595153808594,109.56044229237196,107.11154352588305,109.56044229237196,3494304
2005-07-21,105.89196014404297,108.4114345940895,105.04665880426538,108.4114345940895,4198984
2005-07-22,106.19229888916016,106.51236486550852,104.25878943242716,105.45697563447395,5179296
2005-07-25,105.40449523925781,106.88171419340274,104.65275212198837,106.40900332663378,5433024
2005-07-26,103.8369369506836,106.03142556061209,103.40526022164956,105.52752888403556,5229680
2005-07-27,105.41593933105469,105.70317622296491,103.8156195046977,103.8156195046977,2597408
2005-07-28,210.83187866210938,210.83187866210938,210.83187866210938,210.83187866210938,0
2005-07-29,104.12751770019531,105.86734919920224,103.56945324759164,104.63633351083942,8358552
2005-08-01,102.76519012451172,104.63633805937441,101.98227092494082,103.97979633037441,5430792
2005-08-02,105.89196014404297,106.52387744370036,103.24116935606708,106.03147123055537,4821520
2005-08-03,106.75041198730469,107.29534286925127,105.29288842788911,106.48287040934227,7274320
2005-08-04,106.29904174804688,108.31298691514534,105.70322926611358,107.09838058406694,6346936
2005-08-05,105.48983764648438,107.34456591013274,104.81687640595386,106.68802422260899,3162848
2005-08-08,105.2978286743164,105.86737392382408,104.0011545058654,105.86737392382408,4109360
2005-08-09,105.40775299072266,105.6211270012607,103.73356995306413,104.63631462828857,4743752
2005-08-10,107.759765625,108.05520719513794,105.51110975457408,105.51110975457408,6958080
2005-08-11,107.74335479736328,109.0679281289479,107.22961040669082,108.05521593541627,3645312
2005-08-12,105.28134155273438,109.01870686275299,104.68552940133931,109.01870686275299,3821832
2005-08-16,104.14884948730469,105.86734247037842,103.81564978684396,105.86734247037842,3653408
2005-08-17,106.6190414428711,106.85211083041843,103.51196052826036,105.04662201454346,5637488
2005-08-18,108.0618896484375,108.99140527215167,107.37093330081927,107.51076731373753,7813656
2005-08-19,109.02093505859375,109.56712674521194,107.84794084134286,108.16874749996524,4966272
2005-08-22,108.40409851074219,110.91625112168134,102.41080550743804,108.99141951594812,4492016
2005-08-23,108.25604248046875,109.4570025483048,108.00432917076486,109.15593664097865,4686416
2005-08-24,106.58125305175781,108.41560300682829,105.6188423829799,108.2560279557232,4036760
2005-08-25,108.88114929199219,109.40265991191158,106.93493074096621,107.34621893612376,6341224
2005-08-26,112.26199340820312,112.69302285289757,108.991427211744,109.27603557451759,8198664
2005-08-29,111.48873138427734,113.3510458534632,109.40267850878524,112.6929846293502,4081336
2005-08-30,113.87423706054688,114.42042924333354,111.51344573606906,111.51344573606906,5807592
2005-08-31,115.5604476928711,116.42415276912571,113.51552430775106,113.5813344252847,7408896
2005-09-01,117.15631866455078,117.95750762714465,115.90106572290573,115.97180611946511,7600184
2005-09-02,117.39813232421875,118.45103442447935,116.39953313416252,117.62845779653158,4920864
2005-09-05,116.00469207763672,120.6637672928921,115.68388518520858,118.45103416040199,7254784
2005-09-06,115.03399658203125,116.7976053070376,114.17358502621815,116.39454093090683,5023440
2005-09-08,115.66246795654297,116.39456297572892,114.77079793228353,115.16069835054451,2878192
2005-09-09,114.49938201904297,116.31234426160069,111.13011110143036,111.13011110143036,3741776
2005-09-12,117.6449203491211,134.73806887908518,115.69541750820103,117.54621515763901,6631072
2005-09-13,117.0032730102539,117.71068672938503,116.03262880969565,117.71068672938503,2244984
2005-09-14,115.17387390136719,117.38166641325442,114.09136041708751,116.80586286392521,3890080
2005-09-15,119.26536560058594,119.66513656410588,115.3252222611658,115.3252222611658,11040736
2005-09-16,119.89881896972656,121.55219669642793,118.13850221880321,119.66520991822189,5480184
2005-09-19,119.61580657958984,121.7413417895637,118.69780824482461,121.55214514732218,2877448
2005-09-20,120.95658874511719,121.7413299908152,116.80587066686324,119.68488860583523,6293424
2005-09-21,119.57466888427734,121.41230213623462,115.16072018342037,121.24778682168687,6215320
2005-09-22,115.28075408935547,122.31707370091354,114.91388833905596,121.41223993446428,6482408
2005-09-23,116.18559265136719,117.61194698629775,115.19027747543392,115.19027747543392,3815824
2005-09-26,120.58150482177734,121.16553219478487,116.4768456129093,116.8058762502339,2290048
2005-09-27,120.28536987304688,121.82358396605707,118.9692474264183,121.33003804857135,6404008
2005-09-28,120.87761688232422,121.32181020132948,119.0268197541498,120.42519980654825,5900064
2005-09-29,121.15401458740234,122.92584777775711,120.50747059176743,121.74133547837255,8421888
2005-09-30,121.93545532226562,122.71197280092161,120.44659378646953,121.74132846290601,4982976
2005-10-03,123.21371459960938,123.7895180498661,119.71776508019347,119.71776508019347,4472520
2005-10-04,122.54412841796875,123.55096101199972,122.01274733812313,123.36999824138412,6350472
2005-10-05,120.91877746582031,122.48167322898398,120.50748910709304,122.07038487025669,6577720
2005-10-06,117.18916320800781,120.51237361686381,116.57223095541877,120.51237361686381,8233792
2005-10-07,118.84584045410156,119.60260671393455,116.41100631471055,117.21713519075428,6206624
2005-10-10,119.15022277832031,121.33005080981876,118.7224869546646,119.25716175484347,5371728
2005-10-11,120.73445892333984,121.31355584746564,116.97034899895125,120.09613891594151,11565120
2005-10-13,118.55792236328125,122.15257666342286,117.65801869828225,120.91871225268122,13605792
2005-10-14,117.13986206054688,119.43813653468656,116.39460275246658,119.27362119510711,5226192
2005-10-17,117.97067260742188,118.61556998219112,117.12670803989589,117.62847786028662,4388816
2005-10-18,118.7784652709961,120.74360596077055,117.96570574998127,118.86419578885535,10941600
2005-10-19,115.53398132324219,120.34789930801564,113.10724495064407,120.34459888537035,10058832
2005-10-20,116.75067138671875,118.28716934442063,114.66519631995722,116.64680867694724,6352952
2005-10-21,117.73160552978516,118.4355617445084,116.14400113232081,117.79260299367384,5923416
2005-10-24,116.02029418945312,119.02899098370892,115.48944950276326,118.0563123787434,3149632
2005-10-25,118.69929504394531,119.60602576997546,116.10274796485902,116.91550720817436,5420312
2005-10-26,117.23698425292969,119.11144311327445,116.97650243187097,118.69929279108318,4142808
2005-10-27,115.5092544555664,117.78432224393161,114.57779069336945,117.29798284652139,6771944
2005-10-28,112.2829818725586,116.14400473414963,111.69277957045618,116.14400473414963,4501496
2005-10-31,115.50594329833984,116.06152108149038,112.13455193060818,112.5170286052801,2851968
2005-11-02,117.7926254272461,118.36963618861118,114.44596502378235,115.50931543932329,2852888
2005-11-04,117.7926254272461,117.7926254272461,117.7926254272461,117.7926254272461,0
2005-11-07,120.740234375,120.98257387913227,116.06150418265578,116.06150418265578,4188480
2005-11-08,121.74923706054688,122.34768029007765,121.2052005052279,121.50194680246857,5782184
2005-11-09,120.0841064453125,122.24872046388485,119.54501067333644,121.74918950778549,5000792
2005-11-10,121.15245819091797,121.74101028134756,120.1006493654131,120.1006493654131,3095696
2005-11-11,122.21585083007812,122.65602487610892,120.76013201848089,120.76013201848089,5919888
2005-11-14,124.494140625,124.8535345281529,122.8208061538372,122.8208061538372,8040360
2005-11-16,124.60956573486328,125.04644924626001,123.83143049824871,124.57330132436364,6742576
2005-11-17,124.27655029296875,125.12887459232236,123.02360690791222,123.64513299636597,4878464
2005-11-18,125.86744689941406,126.20046768265618,124.63429597398834,124.63429597398834,8707720
2005-11-21,125.18331146240234,126.83520399532776,124.13974347077047,126.06861002320838,6597336
2005-11-22,123.63363647460938,125.68944886485208,122.6560164754962,124.79919955907341,4751000
2005-11-23,125.01840209960938,125.4585758887757,123.56268413749984,123.64511421364227,6054776
2005-11-24,125.6449203491211,126.38184070307489,124.9640468351302,124.9640468351302,4544088
2005-11-25,126.42298889160156,126.94230233515096,124.49907395805988,125.64485389418708,3344264
2005-11-28,127.57371520996094,127.76659874159508,126.61257784973552,126.84338605301288,2535248
2005-11-29,127.3841781616211,127.76665503319263,125.33991771845085,127.3380225379885,3303424
2005-11-30,125.38439178466797,127.9726982907307,124.88157031269373,126.28288166273715,4023376
2005-12-01,127.77484893798828,128.1507348854379,125.19149337287483,125.29370585424847,4161968
2005-12-02,127.76658630371094,129.77788167475092,127.0296664358195,128.15071318061243,4784360
2005-12-05,126.23016357421875,128.10462334489267,125.80977205387377,127.9315221379587,1913080
2005-12-06,128.09628295898438,129.41516360721073,125.81297486164682,126.53011218921559,3233064
2005-12-07,131.5221710205078,131.8881558230282,128.6156849815764,128.75581212223128,5618952
2005-12-08,133.253173828125,133.92414581885865,131.25011887615318,131.47597648846246,9585192
2005-12-09,138.705078125,139.68599799422117,132.81957903420243,133.37185649167867,6194224
2005-12-12,136.02610778808594,140.54327999100192,135.35018518781533,136.03929941771875,6191488
2005-12-13,137.46038818359375,138.31766295812326,135.5974705399957,136.17448105293184,6027072
2005-12-14,138.8040008544922,140.13112300698776,135.18531866556467,136.8339201127057,4819208
2005-12-15,138.7133026123047,140.00745046987058,137.526307790452,139.29855399893137,4249016
2005-12-16,141.3180389404297,142.27422523197026,138.72973410510195,139.30674428854562,7907432
2005-12-19,142.97994995117188,144.4999560681729,141.53247265775977,142.27434351036305,4701168
2005-12-20,139.5953826904297,144.25268361869024,139.0595870084174,144.25268361869024,4628568
2005-12-21,138.98536682128906,141.33462428630398,137.7406745277169,140.54329746843646,3282432
2005-12-22,138.86990356445312,140.10635433541555,138.3967558744125,139.3067868617647,2519208
2005-12-23,137.8033447265625,140.54332044449905,137.2461164458011,139.05957864508497,2455032
2005-12-26,137.07296752929688,137.98793930795404,136.5256306485845,137.98793930795404,1625280
2005-12-27,139.9794464111328,140.3784051208774,135.43260106494512,137.06142000567993,1565208
2005-12-28,138.94906616210938,140.95541112644017,138.2071955772334,139.71896015164683,2582056
2005-12-29,140.96035766601562,141.77146666448743,138.61934187594923,139.30680578053298,3461784
2005-12-30,140.36688232421875,141.77149408235587,138.48253193641298,138.48253193641298,2380248
2006-01-02,139.10903930664062,141.02966472449353,138.59467627076458,140.79061541420543,1653504
2006-01-03,142.86781311035156,143.4250412658027,138.6473969660188,138.9161198364633,3396936
2006-01-04,143.68386840820312,144.24439696920047,141.96107774805813,143.42833717626172,3545616
2006-01-05,142.79859924316406,143.92294695491165,141.93638366289014,143.84051685929026,1431824
2006-01-06,140.59274291992188,143.42009869856903,139.47169584051272,143.01618929272433,2965744
2006-01-09,139.22120666503906,142.60414284588853,138.5650659675946,140.9687316783178,3883272
2006-01-10,137.86424255371094,140.11458668128572,136.91629708921607,139.30676826055097,3972648
2006-01-12,137.9632568359375,139.22444141361467,133.1246139034859,136.25695776003852,13919696
2006-01-13,136.15469360351562,139.30681868402388,135.51503545357116,138.48251798175153,3608568
2006-01-16,132.61016845703125,136.09201297492172,132.09910617034035,136.09201297492172,4804912
2006-01-17,133.8169708251953,135.1853079049512,132.71240593108013,132.79483599687583,3753056
2006-01-18,133.74761962890625,134.09776941068702,132.30571907793458,133.63529830488363,3165120
2006-01-19,136.29107666015625,136.64948247438392,134.09768711064316,134.09768711064316,3574728
2006-01-20,135.76588439941406,137.90147064139143,135.02264050671653,136.6742936015999,3294240
2006-01-23,133.96231079101562,135.0226694828364,133.0654641777358,135.0226694828364,2280272
2006-01-24,135.6503143310547,136.1788455233094,134.64280962151759,135.02268795064333,1890064
2006-01-25,136.36053466796875,137.08395984399877,135.72465198279247,136.1788567810312,6365736
2006-01-27,137.01791381835938,138.73893444441183,136.31100107545544,138.73893444441183,3003816
2006-01-30,136.99642944335938,138.70588713126335,136.4348631067607,137.53321694006,1383144
2006-01-31,137.9461669921875,138.70592392593193,136.45637161102775,138.70592392593193,1503160
2006-02-01,137.63719177246094,138.57367612937523,136.2943971794203,136.75685796796506,3896696
2006-02-02,135.17129516601562,138.40853124389855,134.58165379337234,137.91303530865787,3135736
2006-02-03,134.67576599121094,136.07967079455932,133.1562434819974,135.42726595800215,4357520
2006-02-06,138.66128540039062,138.98665633456102,134.30917193127706,134.6015178567617,2894976
2006-02-07,138.2516632080078,139.85376922355886,135.7873988481183,138.73890303842862,7002784
2006-02-08,137.2937469482422,138.08653889940308,136.45635711053148,137.58278641550163,3332648
2006-02-10,137.88002014160156,138.57371656729444,135.85344832881233,137.92627127439738,2728200
2006-02-13,136.34410095214844,137.91317298006535,136.0963527372142,137.88013786856067,2020544
2006-02-14,133.66505432128906,137.91310339790112,133.28847238575594,137.91310339790112,6962064
2006-02-15,133.73110961914062,136.08802292249925,132.54522334768126,136.08802292249925,4209320
2006-02-16,134.54042053222656,135.4191015796601,133.12329872316806,134.19687371287102,5284488
2006-02-17,134.1968994140625,136.78999844045822,133.78398587740386,136.26146709735576,2923448
2006-02-20,136.24986267089844,136.67433886657196,134.3950588569396,135.35301595305828,2643608
2006-02-21,137.5828094482422,137.99572304202442,136.35232492259146,136.67439954192125,2301240
2006-02-22,137.24087524414062,137.91309958596167,136.3688072337345,137.91309958596167,1156592
2006-02-23,137.9593505859375,139.55649707055449,137.0872724955697,137.0872724955697,4141584
2006-02-24,137.91798400878906,138.73885070328976,136.78164594893855,137.93449650627878,1097336
2006-02-27,139.5944366455078,139.97762143246953,137.615759157811,137.66530674213965,2521112
2006-02-28,140.45664978027344,140.72091036832532,137.91309877646907,139.9776661234222,2821744
2006-03-01,143.71044921875,144.1398854229643,139.33852474192014,140.39062781685217,4506152
2006-03-02,143.84255981445312,144.85006478458703,142.07198137456388,144.13985553671424,3277696
2006-03-03,140.86622619628906,143.85902156754895,140.17252970182835,143.85902156754895,2124440
2006-03-06,144.04901123046875,144.7674767060066,141.21642051755347,141.71191672989576,3631584
2006-03-07,142.43040466308594,144.5197513869246,142.04226993457732,143.7071402932061,1985168
2006-03-08,142.25364685058594,143.6938841610487,140.8034899394184,143.03322262467603,3813488
2006-03-09,142.44357299804688,142.70288384622478,139.56474172460642,142.0422223469367,4662712
2006-03-10,145.6478271484375,146.58431227009206,139.56478182335528,139.72994724563142,6434944
2006-03-13,151.01072692871094,152.57979826741428,146.48520090562013,146.48520090562013,7178552
2006-03-14,148.90980529785156,150.93637764421266,147.91385322314125,150.70515216203088,3477456
2006-03-16,151.572265625,151.94388771622792,149.16911145123845,150.0527421691337,4600064
2006-03-17,153.6863555908203,155.2967177262427,151.95211944498087,151.95211944498087,5932240
2006-03-20,157.5677490234375,158.14582776723418,154.0579852218148,154.75993798213935,7012872
2006-03-21,158.1623077392578,159.7974484534637,156.79639738629467,157.56771661457813,5301384
2006-03-22,156.35870361328125,158.55870688096152,155.35449564705232,158.55870688096152,5121168
2006-03-23,154.77650451660156,158.47621380079755,154.28596807873754,156.9071423770273,2644488
2006-03-24,156.2018280029297,157.32000068248527,154.35198409111533,155.8335124870602,2917384
2006-03-27,156.16053771972656,157.73291513629042,155.71459932279933,156.494174965063,2928432
2006-03-28,155.88311767578125,157.81555506004278,155.33807381891182,156.9071452716281,3751272
2006-03-29,156.75515747070312,157.14659860433764,154.18187809663797,155.1728703500711,4284296
2006-03-30,162.53099060058594,165.99120733687184,157.14660323077268,157.14660323077268,5784168
2006-03-31,158.18716430664062,161.6886728571981,157.73295944958684,161.6886728571981,2920168
2006-04-03,161.0990447998047,161.53177738469068,158.55879988681295,159.13687884473362,3105672
2006-04-04,160.91738891601562,161.8621303892523,160.2154357995316,161.06933829740296,2971608
2006-04-05,159.55477905273438,162.2882651406923,158.55882658441962,161.04456450583936,2776928
2006-04-07,156.0202178955078,164.91767862909546,154.84258759617126,160.87112567324886,7385560
2006-04-10,156.41993713378906,158.55552518886032,155.2555227294976,156.90717722661995,7034440
2006-04-12,147.06329345703125,156.9071484203041,145.59331719210323,156.7584955104944,13157376
2006-04-13,148.414306640625,151.1015404576976,146.1713580080877,149.0617520929934,8601672
2006-04-17,157.4488525390625,157.8155148304515,149.9090491848731,150.71340374964623,9688752
2006-04-18,165.94989013671875,172.43263030876773,163.34853580016406,163.34853580016406,14778488
2006-04-19,166.21910095214844,169.29447887410217,165.00017989778348,167.5602427490504,9803312
2006-04-20,164.331298828125,167.2266427323619,163.1008147161131,166.80877955799002,6296944
2006-04-21,165.08779907226562,167.63959677716605,162.27502709708543,165.16542198176634,4973000
2006-04-24,163.45257568359375,165.13726416213353,162.2749460068639,165.00017410774254,5234808
2006-04-25,159.1334686279297,163.50539959753297,156.82446083488708,163.50539959753297,5702208
2006-04-26,160.4053192138672,161.53174836205025,157.73294446396523,159.2194329458246,7071136
2006-04-27,160.69436645507812,165.41314299721748,159.38460608319008,160.40532701399462,7164848
2006-04-28,163.353515625,164.42213076209305,151.15604663645271,157.48518501421972,5292360
2006-05-02,166.25216674804688,167.18039535330684,163.51372199541262,163.84405274691852,6239280
2006-05-03,167.7716827392578,168.4604195027824,166.40906845006276,167.14735280792473,3148160
2006-05-04,168.77427673339844,169.94694715760065,166.92443213424514,167.47773224688342,3929824
2006-05-05,165.71534729003906,169.70739082878248,164.75243051261367,169.70739082878248,2710520
2006-05-08,166.7724151611328,172.7629659738956,165.9911862368691,166.8995957137873,1484712
2006-05-09,167.21839904785156,168.83206817707605,165.57830789111637,167.80804071558526,1800392
2006-05-10,166.95745849609375,169.04680506293832,165.35536200867608,168.83209203604807,1978192
2006-05-11,166.70970153808594,167.58508627048374,165.6113576167983,167.58508627048374,1964024
2006-05-12,164.8482666015625,167.21838579101782,162.71267943091829,166.07379090823977,2777136
2006-05-15,161.93637084960938,165.24793413009075,158.55873739618903,163.51369793981993,4034504
2006-05-16,163.07606506347656,164.7524980230877,158.5422825810924,161.85879678681027,2671568
2006-05-17,166.532958984375,166.8170386073321,164.3395578359361,164.75247129783543,1343368
2006-05-18,159.02618408203125,165.15712212078492,156.90710945484844,164.33955148165703,4542360
2006-05-19,156.27613830566406,161.8455187453208,152.90181165989011,161.03620455673007,4868216
2006-05-22,147.0384521484375,158.55873525695029,144.0241845250632,158.55873525695029,4699416
2006-05-23,151.14280700683594,154.7599321863446,140.47312948184214,148.6488142664996,5388136
2006-05-24,147.87753295898438,155.2554681828528,145.34554468181966,154.4296412244334,5705568
2006-05-25,155.00442504882812,156.77500342096081,144.106814923801,146.99720949247325,5839048
2006-05-26,154.12901306152344,156.9070956917949,152.03471745715495,156.0812688723644,2208184
2006-05-29,152.8242645263672,154.01675401892163,151.97696511601652,154.01675401892163,2802688
2006-05-30,153.63352966308594,156.50245146434665,151.53923388568649,154.01671454866772,4516056
2006-05-31,147.23666381835938,152.04297181521662,142.86803798181194,152.04297181521662,5769856
2006-06-01,141.16354370117188,150.71340704260928,139.56474405589572,150.71340704260928,5942760
2006-06-02,148.15335083007812,148.64884698670045,139.39958539641688,141.62106184811935,4213560
2006-06-05,145.97320556640625,149.0122535221865,144.87155496681748,148.1533912667792,3211680
2006-06-06,144.4288330078125,147.64130087428234,139.5647117478767,144.09024607833044,2971136
2006-06-07,140.71763610839844,148.64888307337858,139.83400511359906,148.64888307337858,5410536
2006-06-08,136.08804321289062,142.45516782834332,133.05725185461336,142.45516782834332,5360992
2006-06-09,138.00888061523438,139.72990092214522,134.1968611102163,138.2813974231064,4061912
2006-06-12,135.33316040039062,140.30793902100916,133.86649155565382,140.30793902100916,3591904
2006-06-13,129.68455505371094,134.56024041731877,128.91158226597472,133.86654378804934,2736984
2006-06-14,122.52461242675781,134.19353816654322,119.84893178395787,128.9908297258905,12786016
2006-06-15,128.04940795898438,130.97613336379527,123.9566054092413,130.97613336379527,5967360
2006-06-16,139.55685424804688,142.0415460150744,130.89356430905818,131.35737141685598,8390168
2006-06-19,138.1786346435547,139.55681113109813,135.52001729627898,139.14269596453698,4294088
2006-06-20,133.12649536132812,139.8053492794718,132.5169187483145,139.8053492794718,3687920
2006-06-21,135.9374542236328,136.40954148888142,132.10274357909282,134.17331949726042,5963496
2006-06-22,138.87437438964844,139.97095073332025,136.65802882247243,136.65802882247243,3668104
2006-06-23,140.37355041503906,140.79926233910504,134.5875301770857,136.6581075644255,3304720
2006-06-26,135.2914581298828,142.45565227021635,134.01267503450998,142.45565227021635,6575056
2006-06-27,136.20748901367188,137.32062602674122,132.51688880747042,137.32062602674122,5002632
2006-06-28,140.6832275390625,141.8394441659789,133.01381530386317,134.17333797774492,4785400
2006-06-29,139.20896911621094,142.4556282270595,138.31447624371475,141.62739783039055,6318576
2006-06-30,144.00938415527344,146.34830590373917,141.26794366152296,143.69796872834604,5449760
2006-07-03,149.09808349609375,149.70269593872425,143.48268553200379,144.2777849655644,4285520
2006-07-04,150.33209228515625,151.64898059417595,149.49558163434602,149.99251985584525,3584768
2006-07-05,152.6097869873047,154.216556569746,149.08152622209602,150.48951841419358,4245072
2006-07-06,149.43763732910156,151.73183183402608,148.4321642608159,151.40053962478146,2310920
2006-07-07,144.6670379638672,151.71528860938068,144.11212749404814,150.71312147367496,2928672
2006-07-10,148.94561767578125,150.53913190701275,144.11206703155986,144.11206703155986,3859312
2006-07-11,146.59349060058594,150.3238442179985,146.0302998950018,149.08149839801504,3618984
2006-07-12,156.5604248046875,158.1092118880453,147.42503780027275,147.42503780027275,9521616
2006-07-13,154.6604461669922,157.26109190409093,153.24417406396333,156.70120728910175,5383576
2006-07-14,155.23524475097656,157.03250086979082,151.16034467492298,152.39441012680123,4949808
2006-07-17,153.9680633544922,158.5233315010748,153.30547889680744,156.1049022746201,8996832
2006-07-18,151.93885803222656,161.50491859517132,150.36522036386336,154.05084542924035,11043936
2006-07-19,145.56651306152344,156.94971042542778,144.5726362672727,155.87301056498947,14046384
2006-07-20,149.59161376953125,150.73788142156465,146.59673083306012,147.08538862454984,6312720
2006-07-21,146.3947296142578,149.47905949300394,145.15568978854577,148.9158586531133,4391664
2006-07-24,150.57733154296875,151.7318804088858,143.6980417627821,148.66742649233078,6825088
2006-07-25,152.9990234375,153.63675687477277,151.1570396248121,152.39441113185006,4636600
2006-07-26,156.4362030029297,156.9497019414401,151.77326058453247,153.8852486581508,5908720
2006-07-27,157.3389129638672,159.01690843425416,155.33459959384646,156.94964874984754,7399848
2006-07-28,154.03738403320312,161.75211101189882,153.29909093150184,155.97020740481742,3019608
2006-07-31,155.31483459472656,160.1012780806372,154.2944959740856,155.12403627502155,1724700
2006-08-01,154.62632751464844,155.912115109325,143.178670220109,143.178670220109,1762508
2006-08-02,155.98683166503906,156.36841835301547,152.63548528888512,153.46502596980298,1784732
2006-08-03,156.7334442138672,157.9445717831769,155.47253609448154,156.3684442286179,3010272
2006-08-04,157.3721160888672,159.90221445083043,156.45132821844712,159.2717657367012,2674200
2006-08-07,155.3065948486328,157.94453813905167,154.46046744480788,157.77863001075434,1719964
2006-08-08,158.4090576171875,158.93996558174564,155.12407914293547,155.9536196731116,1178400
2006-08-09,160.2838592529297,161.76044583463005,156.5343391230497,157.61274209528057,2052120
2006-08-10,160.22572326660156,161.76037295877455,159.27175183633187,159.43765991116138,2279124
2006-08-11,160.53269958496094,161.56962537838962,158.77407748979732,160.91429637792547,1893972
2006-08-14,160.0432586669922,161.76040351535664,159.1058738166431,161.55301838264464,1721428
2006-08-16,161.29595947265625,163.3366283758226,160.59914298404905,162.42413324523142,3804268
2006-08-17,159.2967071533203,163.087704160892,158.94000059627115,161.76043902021334,2497168
2006-08-18,160.881103515625,161.34564421923687,159.2717927511233,160.10133333836873,1803640
2006-08-21,160.81475830078125,161.92634486557563,158.7740902011843,161.92634486557563,2414088
2006-08-22,161.82681274414062,163.08771062728798,160.9309046881682,161.26272098649432,2178096
2006-08-23,159.78602600097656,162.38249082428834,159.2883018911703,161.9262437236326,2497736
2006-08-24,160.99725341796875,161.74384000304053,158.15192493770377,160.9308861154709,2369852
2006-08-25,161.66087341308594,162.07564370599079,160.54099362224284,161.0967817642442,2611752
2006-08-28,162.77249145507812,163.46930775116653,160.64886903585239,161.76045573125168,2300316
2006-08-29,164.2655792236328,164.5808086132006,163.08763595441147,163.41945210080905,2679596
2006-08-30,163.2204132080078,165.07858625440866,162.76416585906347,164.43154050905076,2744772
2006-08-31,165.58457946777344,166.57173470165912,163.25357265580934,163.25357265580934,6076856
2006-09-01,165.7836456298828,166.07398476408574,164.43149075439035,165.24444438064876,1728728
2006-09-04,168.75343322753906,169.2262672767922,165.74219706815236,165.74219706815236,2010492
2006-09-05,166.8703155517578,170.88529240834424,166.0739589327695,169.72393605217104,3945288
2006-09-06,164.84628295898438,168.81149057180042,164.4315127118792,168.81149057180042,2800432
2006-09-07,163.70152282714844,165.07855801955364,162.6397069461802,162.6397069461802,1583584
2006-09-08,164.41493225097656,166.9035538289429,163.41948361979001,166.9035538289429,1570564
2006-09-11,158.18502807617188,165.7421375267463,157.44673524813035,165.7421375267463,4073480
2006-09-12,162.24151611328125,162.5899190321456,157.9444927740843,158.44221701601944,1835256
2006-09-13,165.89984130859375,167.23539976760313,162.75588013097092,163.08769640035106,2307632
2006-09-14,168.1313018798828,168.56265896453687,166.22335839750863,167.40130206222213,2388728
2006-09-15,166.3560791015625,168.23083889038122,165.36063035073184,168.23083889038122,2359700
2006-09-18,165.26939392089844,167.73312569289897,164.59745786832644,167.06949314811993,1390388
2006-09-19,167.57550048828125,169.22628836572196,164.31541189109038,165.41040147120077,3973944
2006-09-20,170.89370727539062,171.5490364024427,164.9292968079878,167.73314874552182,2695896
2006-09-21,174.70123291015625,175.51418666744644,168.89444929016054,171.21716273815883,5107184
2006-09-22,172.4698028564453,174.84227693940244,170.901958892707,173.3739940545989,2488644
2006-09-25,170.15533447265625,174.20349595290963,169.59954641701128,173.70577167875845,1349580
2006-09-26,173.25782775878906,174.20349577774437,170.0392067386907,170.8853339534064,3717008
2006-09-27,172.9840850830078,175.03304607423922,171.90568242946986,174.2035055715177,3352740
2006-09-28,169.30091857910156,174.03759269439482,168.06490123872447,173.38226381621226,6121572
2006-09-29,169.56639099121094,171.73148991881965,169.22628137252156,169.57468437191497,1752804
2006-10-03,168.28062438964844,171.71492491315743,167.4013132728269,171.71492491315743,1632712
2006-10-04,163.81765747070312,168.56262494929706,163.14572158326064,168.56262494929706,6947628
2006-10-05,165.86663818359375,167.4012882493084,164.74675840591007,165.57629898197206,5849400
2006-10-06,164.94583129882812,167.06945290534892,163.9171990769461,166.07400432795856,2766944
2006-10-09,166.26486206054688,167.4013288750639,162.68123982653185,163.41953314364514,1546832
2006-10-10,167.81610107421875,168.86132043974638,166.40588173746062,166.40588173746062,2769780
2006-10-11,173.33250427246094,179.08122454505377,170.88535956031086,170.88535956031086,6773716
2006-10-12,179.6038055419922,180.0102722493164,172.7103165083303,174.203489273532,5052848
2006-10-13,183.0961151123047,185.81701111120822,179.52909213115203,180.74022896526637,4874112
2006-10-16,187.42645263671875,190.79439660826696,184.9876106245371,186.64669233417422,9727060
2006-10-17,185.30276489257812,194.07100411409405,184.15799492767206,189.46705424090223,8749216
2006-10-18,183.53578186035156,185.31929341289282,182.66476459050583,184.1745238077489,4995084
2006-10-19,181.23797607421875,184.61420118034079,179.62037242424498,183.49432173035893,3103620
2006-10-20,180.77349853515625,182.83076344473557,180.19282006686535,182.49894717714076,2129404
2006-10-23,179.692138671875,182.15436669380534,176.58109868012704,182.15436669380534,1327904
2006-10-26,179.5506591796875,181.65519494265627,178.8436030745092,179.84179992887854,5140212
2006-10-27,178.78541564941406,181.33913239718643,176.7474299871521,179.8667957967367,3126408
2006-10-30,179.56732177734375,181.0063932115175,176.3814055557427,179.0099991687434,4154172
2006-10-31,180.856689453125,182.80318615118685,178.86029508077877,179.67549351116156,3430936
2006-11-01,180.20790100097656,183.9844267911757,179.72545515715095,182.5037632102916,1910904
2006-11-02,179.68373107910156,181.33906580415177,178.344475726652,181.33906580415177,2204376
2006-11-03,177.50442504882812,181.00644199946592,176.01545554727477,180.5073433542468,3144440
2006-11-06,176.24835205078125,177.99519710825305,175.68270292287758,177.42954798034938,2536892
2006-11-07,177.2049560546875,180.49068839460395,176.38143120725408,178.67729281368426,3219180
2006-11-08,176.89718627929688,178.16156532115374,174.8758329139498,177.18000069226366,2436760
2006-11-09,176.9470672607422,178.84364579879446,175.24181389382343,177.84544870596397,3365420
2006-11-10,177.7955780029297,182.12109988866308,177.1966636496574,178.01186222056725,3313476
2006-11-13,178.96836853027344,179.67542459929845,177.36293127657873,178.14486429087304,2023316
2006-11-14,184.04254150390625,184.6664145259534,179.84179648878884,179.84179648878884,6003860
2006-11-15,182.47047424316406,186.66289477245707,181.43068539082194,185.49833125783388,2698040
2006-11-16,180.8983154296875,184.0010496688716,180.25780950833848,183.00285229272941,2101688
2006-11-17,182.1959228515625,182.58687930594198,179.87510249677402,182.0045976862875,2221684
2006-11-20,185.9724578857422,186.49651549228838,177.27151756385643,180.51565855591676,5174936
2006-11-21,191.07986450195312,191.65381964054967,185.33190545101766,185.69790288601118,4158152
2006-11-22,191.00506591796875,194.8148566729061,188.88389647084702,191.98663074341044,5591464
2006-11-23,190.3478240966797,194.54856915273345,189.65740055054601,192.319258803887,3870324
2006-11-24,191.32102966308594,192.4689599027371,189.01686306316404,191.3210296630859,3205304
2006-11-27,193.11790466308594,193.65026841165792,191.3211414719988,191.3211414719988,2933708
2006-11-28,191.29608154296875,192.31923725613407,184.8577207374111,191.32104052297075,2682960
2006-11-29,193.7417449951172,194.4488012672438,191.32110892837042,192.98477074513886,2603156
2006-11-30,199.43972778320312,200.47118968145432,193.98291051334087,195.11420833779414,6254552
2006-12-01,197.8676300048828,199.6394340436953,196.52006788676258,199.6394340436953,3762140
2006-12-04,198.37509155273438,201.4694992885545,197.9758085494466,199.63947080616464,2234092
2006-12-05,198.2918701171875,201.253176176805,197.14393932023052,201.253176176805,2116476
2006-12-06,199.4064483642578,200.80392798106027,195.01437827217856,195.01437827217856,3180856
2006-12-07,198.69110107421875,205.3706857502218,197.4932526091626,200.47121075592418,2872872
2006-12-08,195.79635620117188,199.47304462168213,195.20574815421463,199.47304462168213,1887268
2006-12-11,195.22244262695312,197.809445602379,188.6593030387702,195.48031840436946,4279432
2006-12-12,186.4132080078125,196.31199058386323,183.83453355522786,194.64832964671186,5118300
2006-12-13,186.471435546875,189.82371645925184,179.733608626104,186.41321147466408,3617220
2006-12-14,191.25450134277344,192.9847131777645,183.84290234497445,183.84290234497445,2916024
2006-12-15,193.0179901123047,194.3822046637551,190.9883313002309,194.3822046637551,2305716
2006-12-18,196.52000427246094,197.70952624359302,186.99554268973216,192.15289306640625,2351424
2006-12-19,189.96522521972656,196.94429890000305,187.16195905029218,196.4784654563512,3623628
2006-12-20,187.78582763671875,194.2907412809985,185.50661907025744,191.32110899865032,3755660
2006-12-21,189.1500701904297,191.32115753625712,184.83287480241881,189.15839662497768,2255816
2006-12-22,191.97830200195312,192.9848258116494,187.6777390401535,188.82567008295004,1750016
2006-12-26,198.2087860107422,198.7078848405619,191.82031692737328,191.82031692737328,1797392
2006-12-27,198.9739990234375,200.63766122263013,196.4868321589951,198.80763280351823,2394400
2006-12-28,201.61915588378906,202.96671773494558,197.64300054845518,200.5377758302832,2418308
2006-12-29,203.29945373535156,204.53056741866348,200.05531351617043,201.87701490051654,1874468
2007-01-02,207.7082061767578,209.28868511843118,202.30130453419102,204.5306157346473,1545060
2007-01-03,212.97372436523438,214.27969515368045,206.15270922447283,208.4568773505913,4384972
2007-01-04,209.46343994140625,213.78063610356966,207.97444978507286,213.78063610356966,3970700
2007-01-05,210.1205291748047,211.05217591548814,208.4734995875313,210.45326160421848,2718740
2007-01-08,206.92626953125,209.4550274260713,202.1349152682102,209.4550274260713,4951892
2007-01-09,209.02239990234375,209.92908714459145,203.84009113640718,207.60828786426217,4020568
2007-01-10,205.52879333496094,208.78956656789256,204.63041185538472,207.05104802141332,2931428
2007-01-11,212.5577392578125,215.9432867253064,199.45640348769086,199.45640348769086,7400664
2007-01-12,220.26046752929688,221.10062475347593,214.63730355429755,214.63730355429755,6175748
2007-01-15,220.65969848632812,227.58885142358,216.28428172950444,224.59426127326972,12255832
2007-01-16,220.28546142578125,231.07430445787728,219.43699794422932,231.07430445787728,7625964
2007-01-17,217.04959106445312,222.09879940881535,216.27598444304115,221.2503361469045,2633828
2007-01-18,218.84637451171875,220.59321933110996,217.10785612433958,217.10785612433958,2719816
2007-01-19,215.96835327148438,220.68483243601335,214.97015576329284,218.84647723507516,2882056
2007-01-22,219.01983642578125,220.5122751561293,215.11786606205726,216.79370708867825,3180956
2007-01-23,217.22726440429688,219.1032195867239,216.77704330268097,218.9614848218016,3124152
2007-01-24,217.9691619873047,219.1114053489797,216.4683989369692,218.6945267238865,2355148
2007-01-25,219.35328674316406,228.28283910297966,217.26056730502827,220.94577195869107,5553976
2007-01-29,216.40187072753906,219.2783355859864,215.27629752205965,219.2783355859864,2982324
2007-01-31,213.0918426513672,219.09489937637716,212.10800428368495,216.29346476253906,4865928
2007-02-01,215.4513397216797,215.94324863238364,212.60821776547422,215.1011451963238,1859904
2007-02-02,216.86041259765625,217.94429778172758,215.95162470087047,216.61028524748593,4274616
2007-02-05,217.74412536621094,219.0948084980047,215.7764494470191,217.6107160188253,3010736
2007-02-06,216.51011657714844,219.09476440820518,215.11774584891813,218.94468401145002,3411964
2007-02-07,217.82749938964844,218.84467950030884,215.97654139756162,216.77695676470233,2599984
2007-02-08,217.5274658203125,219.26168656025914,216.33518778938543,218.67805595054577,2650024
2007-02-09,214.67593383789062,219.68680533560533,213.96723980223044,218.3444676695434,1993360
2007-02-12,209.4066162109375,216.56024181715364,208.43944902529415,208.43944902529415,1786388
2007-02-13,208.92306518554688,214.25911591239088,205.93820773913492,209.43999102862628,4130352
2007-02-14,210.23196411132812,211.27416103831268,206.77187031373933,208.93963992186724,3137876
2007-02-15,215.48471069335938,216.77703532703978,204.28733898980644,210.94073052977333,3673556
2007-02-19,218.41119384765625,219.89526639580214,215.97660487184504,217.01047672120146,4738696
2007-02-20,216.70204162597656,220.7457677711671,215.94331373285561,219.09492292328383,5400148
2007-02-21,214.08392333984375,218.7362945681206,213.44193409353488,216.77696431374636,3938188
2007-02-22,215.82643127441406,218.84462874756093,214.44238596003777,216.7769064914845,6939112
2007-02-23,213.00003051757812,216.6935804188072,212.27466554301006,215.94319864744543,3167688
2007-02-26,214.45916748046875,215.7514920116285,205.5212883424985,212.1079746626029,4677684
2007-02-27,210.79898071289062,215.8098526890866,209.1064483714962,209.1064483714962,4709968
2007-02-28,199.00137329101562,207.5974064802161,195.4328848045581,205.60473290445404,9347956
2007-03-01,209.21485900878906,211.44098837206474,198.50107075728658,200.10188174012436,7858564
2007-03-02,201.5276641845703,210.10702628226096,200.26868140079,209.2399260619946,5311752
2007-03-05,192.6897430419922,199.93508904408557,191.76426388715464,198.43432523975133,5120880
2007-03-06,199.643310546875,222.61333855091092,193.61523742064924,201.76939299370954,3623920
2007-03-07,198.73443603515625,204.2205438301055,192.99818064714339,200.43529310906047,4440632
2007-03-08,203.1700439453125,205.05432379590397,198.4342969881275,198.4342969881275,2274988
2007-03-09,202.12789916992188,205.60466498112325,199.7683606223728,204.8209408236853,3232148
2007-03-12,205.93814086914062,209.05638635795006,201.93610412350552,204.2205919569743,3636936
2007-03-13,211.0072784423828,211.59090848845486,200.11840115493567,204.35389184608144,2032088
2007-03-14,202.36134338378906,207.08874556222236,200.9356095473254,204.27064041118143,3824948
2007-03-15,205.8214111328125,208.60615339974163,204.77086840518203,205.1043714481872,3823288
2007-03-16,206.38006591796875,209.74843918355728,202.62815593408402,207.00538424861622,4224284
2007-03-19,210.25704956054688,210.89903900610622,200.4020362722618,202.81993393234367,1213696
2007-03-20,208.93968200683594,212.858343241601,208.10592429731145,210.1069428001702,2775592
2007-03-21,211.274169921875,211.6743776297466,206.77187900799134,210.27366082990088,1970036
2007-03-22,217.28564453125,217.94430509998233,212.9417579285979,212.9417579285979,4125592
2007-03-23,214.80929565429688,220.112002027114,213.44194135962567,218.7779898936163,5265296
2007-03-26,210.33209228515625,216.5602594582998,209.3149117621356,214.27577105305258,6098736
2007-03-28,200.2686004638672,211.75778569395092,199.10968539768598,211.75778569395092,8818048
2007-03-29,208.164306640625,209.57336954119248,198.2592598681558,198.2592598681558,10266624
2007-03-30,205.74632263183594,209.23977857359316,203.47850643046948,208.16421924584276,2807056
2007-04-02,198.30093383789062,203.43688968690586,197.60058547457658,201.76937419766892,3875896
2007-04-03,200.54376220703125,202.9033007874258,198.10084784892248,199.2681087369212,3256852
2007-04-04,199.8350372314453,204.22059024860368,198.50102499405972,203.10336314195777,2402496
2007-04-05,199.13465881347656,201.10233490914644,197.78397556054196,200.01010430126513,2533992
2007-04-09,202.969970703125,204.56245608647697,200.18522806750815,200.18522806750815,2284524
2007-04-10,199.6598358154297,204.27051727646432,199.32633293008035,202.96984788144164,3480240
2007-04-11,198.52610778808594,201.67769646222266,197.93413151879847,201.00236475580112,3826336
2007-04-12,200.26023864746094,201.60259658491782,195.43279007239346,198.10081451024183,3694956
2007-04-13,210.44046020507812,211.5076742169791,199.10135458388532,201.7693794359307,9778848
2007-04-16,213.4835968017578,217.76077662598507,211.8160818882506,214.108914894323,9986220
2007-04-17,208.4810791015625,219.27823956693035,206.43837306757396,214.39241209449207,10464964
2007-04-18,208.02255249023438,210.94070452917555,206.9386674471991,209.10643753326968,2853584
2007-04-19,207.25546264648438,208.10589130429017,200.95224721962327,205.1043640258629,3164652
2007-04-20,209.71507263183594,211.4326012337406,208.45609039701125,208.77292238545175,2870752
2007-04-23,208.072509765625,211.74104241165494,207.60559746851342,209.27311230761796,2265224
2007-04-24,204.24562072753906,210.44044454085028,203.27012828470404,207.4389168057193,6922516
2007-04-25,203.66192626953125,204.58740517223777,201.43579797065536,204.27057327322254,21752404
2007-04-26,206.838623046875,208.37272913768066,203.43688741572606,204.60414824516056,5941756
2007-04-27,205.85479736328125,206.18830047768105,202.9783330015829,205.9381731418812,4805284
2007-04-30,211.1074676513672,211.75780278393532,200.93562284352092,206.94702451556958,3888052
2007-05-03,215.1428680419922,215.90994155035807,212.19971910802545,212.57491014151975,6643028
2007-05-04,212.282958984375,221.7627756236984,211.60760741429573,216.61015132479918,7101200
2007-05-07,212.2580108642578,214.25902907583617,210.96568660261343,213.77544560362276,5553328
2007-05-08,211.19924926757812,213.44205016819305,209.6484512296568,211.77453415125404,8191004
2007-05-09,206.6884765625,216.7769419372731,204.27057990243043,216.7769419372731,4699828
2007-05-10,205.05441284179688,215.09287032075028,204.437440128763,207.60572019601136,3044200
2007-05-11,208.86465454101562,209.9401938574529,201.76936820295316,208.43942996172845,3867656
2007-05-14,208.4810791015625,213.19180934320946,207.7890562516192,213.19180934320946,1260376
2007-05-15,206.4468536376953,210.10704359627084,204.27073682970777,210.10704359627084,4203120
2007-05-16,204.13722229003906,210.94069310303703,201.86108010728853,210.94069310303703,6523616
2007-05-17,208.43942260742188,209.05639515617491,205.10439184570313,205.62131754268708,2931260
2007-05-18,208.91473388671875,212.7750374220028,208.43949590713441,210.09866615238738,2921004
2007-05-21,206.28001403808594,211.77446949421517,205.10440746290132,211.77446949421517,2856844
2007-05-22,205.21286010742188,207.4389898908742,203.61204882243482,206.35510449353444,6160224
2007-05-23,205.6712646484375,207.02194746780313,204.28721932223831,207.02194746780313,1271812
2007-05-24,204.22903442382812,208.43951257790175,203.60371588609442,208.43951257790175,4552804
2007-05-25,205.0960693359375,205.93817284073145,201.4358808029179,203.59530532333298,5244168
2007-05-28,204.35401916503906,208.4394320328836,204.0288617932331,208.4394320328836,2585172
2007-05-29,205.29611206054688,205.93810126060163,203.43682877565504,204.25391519181912,2967280
2007-05-30,202.7115020751953,208.43941307542573,201.80269402093958,208.43941307542573,2600056
2007-05-31,201.4942169189453,204.9376402505434,200.10184564739797,204.9376402505434,5176492
2007-06-01,203.22010803222656,204.95432824199295,201.96114602941142,204.95432824199295,1728988
2007-06-04,201.45248413085938,208.43937608842495,200.43530404662943,204.77084306926866,1853384
2007-06-05,201.4441680908203,203.06999529954464,200.1018103045306,203.06999529954464,1751600
2007-06-06,200.16029357910156,202.93671199256565,196.4667412987853,202.60320876825577,3832020
2007-06-07,201.2691192626953,202.50308479404643,194.31558782469972,200.10185842190089,2008940
2007-06-08,203.4535675048828,205.1877877421734,198.43434978722988,201.1857504355402,6019076
2007-06-11,203.66192626953125,206.67179877706656,203.11165857110024,206.19656110624686,2648136
2007-06-12,202.99501037597656,205.10442171099794,200.101874839998,201.76939046366465,1402072
2007-06-13,200.64381408691406,203.4369027101892,198.98464421107482,203.27015115059066,1768488
2007-06-14,200.86061096191406,203.43691456568186,200.31866836163664,201.76939887252053,4176068
2007-06-15,198.15850830078125,204.11463622398313,197.42235306909845,204.11463622398313,4983152
2007-06-18,194.5112762451172,199.93203164808892,194.07628176718254,199.59741736917996,2874456
2007-06-19,194.0762939453125,194.99648327005323,191.28227271039427,194.92955632542487,3495436
2007-06-20,191.90126037597656,196.25124535398473,190.8974176887439,194.24355997951943,4024968
2007-06-21,191.6670379638672,192.53704726621157,189.0570509033001,191.5666577736979,3043728
2007-06-22,190.7217254638672,193.23970555401473,189.80990991431145,191.56663451025705,2677304
2007-06-25,188.34597778320312,192.40317517271473,187.17482802128225,190.7217305595216,2803776
2007-06-26,187.67674255371094,190.7300971796126,187.02424076818724,189.2243332545104,2832744
2007-06-27,189.5841522216797,190.5126949005861,188.05328730178994,189.04040383757754,2956696
2007-06-28,190.20306396484375,191.39094023657861,188.22047900398098,191.39094023657861,4342792
2007-06-29,192.29444885253906,193.40704536945825,190.7385047726248,190.89743837937013,3004456
2007-07-02,189.8016357421875,192.90519232221874,189.22443409924492,192.90519232221874,1477152
2007-07-03,188.655517578125,192.40320141201448,188.05321598878632,192.40320141201448,1829368
2007-07-04,186.99085998535156,190.7301710972151,186.71479907411583,188.72248508566548,2415464
2007-07-05,185.9868927001953,188.75581222027878,184.17161522906395,188.75581222027878,3179204
2007-07-06,193.8504180908203,194.89608769556597,184.05457706426895,186.54745748662955,7605684
2007-07-09,196.87864685058594,197.82393613149813,194.9127882565818,195.48163653013148,5359768
2007-07-10,197.9494171142578,200.76853791618456,195.41471023841964,198.25893119223224,7492968
2007-07-11,192.21925354003906,198.25903960713526,184.03792706147578,197.75711798787668,6062124
2007-07-12,194.50289916992188,195.58202191710916,189.72627275791427,193.2397222534312,5763944
2007-07-13,190.06088256835938,211.05792549294483,189.09886665747197,206.8083206889003,5784648
2007-07-16,188.7725830078125,190.3954534842131,186.38008363920332,189.89353225358687,3990240
2007-07-17,193.36520385742188,196.71971978128227,192.40318791783272,196.71971978128227,6164688
2007-07-18,195.18885803222656,195.74933280647033,191.959822407237,193.57434021973177,4371180
2007-07-19,197.79046630859375,198.25893440728777,194.9964456132438,195.24740628970872,4075512
2007-07-20,196.73646545410156,199.08711846271797,195.31435479703856,198.92818485269294,3744932
2007-07-23,199.2544708251953,199.93207304959623,194.42766293705577,195.7159404315698,4716456
2007-07-24,196.06715393066406,199.43002185890825,195.24734522596134,199.07868110638586,3127176
2007-07-25,192.10203552246094,195.9166461966942,191.56666088404342,195.41472481446525,2670172
2007-07-26,198.94491577148438,202.44163907654436,191.5834016232464,193.2397463912469,6002804
2007-07-27,193.39305114746094,197.08311803839254,188.86433269040853,194.5671633400301,3203236
2007-07-30,190.61705017089844,196.24440871327175,189.57713072493624,192.8898034361218,1835848
2007-07-31,193.946533203125,194.90258762025712,189.53521859801253,193.05755451886054,3218540
2007-08-01,187.04446411132812,192.05120989886603,186.3483792119128,192.05120989886603,4382172
2007-08-02,183.68983459472656,188.61271460253613,182.82601949023066,187.85792828353976,1912008
2007-08-03,183.98338317871094,186.85156741660873,181.73579290475365,186.85156741660873,1993184
2007-08-06,184.4110565185547,187.52246154360301,180.14232888893528,182.82601349063265,2737548
2007-08-07,186.0632781982422,187.4889861177143,183.51376469260182,186.70064121848068,2985212
2007-08-08,193.3259735107422,196.07675500701697,187.52250821030364,192.8898787494179,4055164
2007-08-09,192.16860961914062,199.40617665246452,190.4074413490913,194.567161262593,5074436
2007-08-10,191.96726989746094,193.47684213780795,181.2157650361885,187.01922755410132,6290560
2007-08-13,190.29006958007812,192.88988983436744,188.7217950055342,192.88988983436744,1205524
2007-08-14,189.57723999023438,191.21261100541227,187.858003794791,190.37395920275694,1222796
2007-08-16,182.49058532714844,187.7908592618923,181.98739437495962,184.50334913590376,6663120
2007-08-17,177.14833068847656,183.32918711044326,174.3052902960221,182.4905357512921,6901104
2007-08-20,177.04771423339844,184.40268328986303,176.3013021645674,181.73576760747517,4386844
2007-08-21,170.28817749023438,180.56165778698576,168.4850768667229,180.56165778698576,4363364
2007-08-22,172.07452392578125,173.21507771439144,167.05938371330527,171.08491103169817,3826620
2007-08-23,169.0553436279297,175.7813233758648,168.4011914784048,173.0976390495157,3113748
2007-08-24,170.81654357910156,172.17515492974545,167.64643677767228,170.24625645756612,1926972
2007-08-27,172.17514038085938,174.23823111020556,171.09327797734855,171.91515024488314,2666856
2007-08-28,172.55250549316406,174.27174066332682,169.5752933692237,173.76854988181577,2263504
2007-08-29,173.03060913085938,174.40601015993312,167.8980649855216,171.08494134388815,3196688
2007-08-30,175.44586181640625,177.62635531890461,171.92352615852428,174.77494073871443,7003172
2007-08-31,178.5237274169922,179.42108036019647,175.61361102365996,176.45226246121325,2377496
2007-09-03,178.00376892089844,180.31006039101607,176.68709024929993,179.47140894733693,2496264
2007-09-04,178.8172149658203,182.44018426143842,177.96179478801776,178.63271578627607,2182756
2007-09-05,179.86553955078125,181.64347620522844,178.64949517027887,178.96818675807722,3516964
2007-09-06,180.81329345703125,181.3164844406779,177.96187788303354,178.6327991945624,1871860
2007-09-07,180.5197296142578,181.90350454509883,179.47141527271162,180.64552733524337,1691576
2007-09-10,175.65565490722656,180.51983632743145,175.11053112737602,180.51983632743145,2201060
2007-09-11,171.64683532714844,183.5724581270865,171.08494279627683,183.5724581270865,3386556
2007-09-12,170.34689331054688,174.06212365358763,169.99466376575384,172.76221379252735,2344104
2007-09-13,172.89642333984375,173.60088249915862,169.47472069125863,171.9068103494594,2153072
2007-09-14,171.49588012695312,176.11684872946051,170.76624703974855,176.11684872946051,1900228
2007-09-17,167.33607482910156,173.06406651047644,167.00899881987166,171.92349271034752,5086176
2007-09-18,168.14126586914062,169.02185007290507,166.5562122548753,167.22713355298154,4942808
2007-09-19,171.59645080566406,173.38277204004783,170.6152328204,171.92352687989984,4642668
2007-09-20,168.0741424560547,171.4371328713131,167.2606546086723,171.08490334176392,2355156
2007-09-21,170.7158203125,171.9234799754252,164.0401594302106,166.2206523469721,7928660
2007-09-24,168.94639587402344,172.76226135541737,167.76389894815804,171.08495784711235,3595068
2007-09-25,168.01544189453125,170.0785225166226,167.092925253662,169.40760132326315,5400496
2007-09-26,174.5653076171875,175.91554470583992,168.56894946459133,169.40760095446493,8340892
2007-09-27,178.2134246826172,179.0520760928883,175.61360531077665,176.11679615693933,8602140
2007-09-28,177.81927490234375,181.14871713621199,171.92355098575675,171.92355098575675,6249532
2007-10-01,174.71621704101562,177.9617932470093,171.58804381874694,177.9617932470093,2176580
2007-10-03,181.01451110839844,183.66465773878537,176.10002615885952,176.11679509198598,5122872
2007-10-04,181.03134155273438,181.98739618142636,176.78775629052848,181.98739618142636,4359804
2007-10-05,179.9411163330078,181.03136353931822,177.34129607180603,181.03136353931822,1744048
2007-10-08,180.8719482421875,184.302044846029,178.1631000518371,181.32483229538713,2662144
2007-10-09,183.65621948242188,185.30837873878187,180.36033662148424,181.14866056547336,3707640
2007-10-10,188.78041076660156,189.57712951483913,184.23492474005502,185.29161311068083,3983236
2007-10-11,179.80686950683594,190.4409739066023,177.79410604220718,190.37387769613693,5598340
2007-10-12,178.3811492919922,180.3100474742751,172.8125122948346,176.45225110970924,4912920
2007-10-15,180.16751098632812,183.1027913201722,177.75219050235827,179.47142612646695,6871600
2007-10-16,179.2030487060547,187.0192762461163,177.96184044585598,184.5033218571551,7060528
2007-10-17,183.61434936523438,187.01928261079496,167.7302983056457,177.79411620398446,6924440
2007-10-18,188.50369262695312,192.87307511028132,180.69585948553498,190.37388955767392,13645436
2007-10-19,185.98773193359375,192.88983760910617,181.55127385854004,192.52921338294604,8094132
2007-10-22,180.2862091064453,187.86296445253578,179.13414400348944,187.86296445253578,3836808
2007-10-23,178.88192749023438,185.0038781082682,178.10827901514185,179.62194710875494,5862364
2007-10-24,176.25823974609375,185.00387759609077,175.4677768449036,185.00387759609077,4100988
2007-10-25,176.52731323242188,178.27644472067402,174.60159947096227,178.10825939546586,4925272
2007-10-26,180.1769561767578,182.3129017022387,175.28274654250555,176.59460035733454,2960060
2007-10-29,179.62196350097656,183.3220414008094,178.5119442371146,183.1538560417261,3536052
2007-10-30,176.34226989746094,180.79917991394422,174.9631587837778,180.2946240630216,3145804
2007-10-31,174.5763702392578,178.89872495111916,171.0444783558046,176.09003818930915,47216528
2007-11-01,172.06202697753906,177.43555117273354,171.46497101478846,177.43555117273354,5518404
2007-11-02,171.75083923339844,173.23086789636287,168.68986456315724,169.86716172361795,3494680
2007-11-05,170.08578491210938,173.36540839379933,169.0682659415797,171.71718430873202,1876468
2007-11-06,168.90855407714844,171.51542714298336,168.18535908612205,170.7081394724139,2198988
2007-11-07,167.68919372558594,169.7242425294405,165.84756217173884,169.04308367998212,3504016
2007-11-08,166.4446258544922,168.15170089653958,164.82163321723507,166.5203010453253,2686964
2007-11-12,162.10540771484375,165.70457747219143,161.45789837432505,165.70457747219143,5280988
2007-11-13,159.3303985595703,163.59390364473214,155.84896977889338,162.10545703213418,4697988
2007-11-14,165.94842529296875,175.77043992760835,161.45787606195262,161.45787606195262,3588368
2007-11-15,164.85523986816406,167.83212185318823,163.13974768482672,166.67163912954976,2295396
2007-11-16,165.30938720703125,167.8489819256706,162.66046790309406,164.82164557831382,3666816
2007-11-19,167.09207153320312,169.36257275685512,161.47467921452647,161.47467921452647,2943548
2007-11-20,161.67654418945312,166.33527955251128,161.13834911864626,166.33527955251128,4111392
2007-11-21,158.90147399902344,164.82159878389646,157.42144536910928,161.67653152956862,3337028
2007-11-22,159.80970764160156,163.08932167967447,157.2532884922139,163.08932167967447,2402356
2007-11-23,161.6177215576172,162.46705556107787,159.73404349806802,160.19655323180814,2273540
2007-11-26,165.6793670654297,167.17622063190316,163.1397726488391,164.8216259751158,2234300
2007-11-27,167.50416564941406,168.00031437910718,163.15656912031938,166.58755363442458,1503964
2007-11-28,164.2329559326172,168.82441286263628,163.13975141284044,168.18531073488705,2927688
2007-11-29,162.4753875732422,168.26937251808738,160.61694228363163,168.1852798781483,5029688
2007-11-30,170.23721313476562,171.21268611064295,162.47545513476229,162.47545513476229,5334612
2007-12-03,176.57781982421875,179.28560011003654,169.9344978689219,170.8763318121924,6516348
2007-12-04,173.18043518066406,176.5946057710797,172.39838977945593,176.5777913432841,1783824
2007-12-05,173.76904296875,175.7536377120251,171.63309788049915,173.23085822333576,2069240
2007-12-06,174.1643524169922,176.8805294733111,173.43272969908605,174.91276903385574,4163452
2007-12-07,178.71376037597656,180.3031243546539,172.60022661370098,174.91277532594302,4805808
2007-12-10,174.1726837158203,180.63100301344886,173.23085018980663,179.97507627072162,3864020
2007-12-11,175.13137817382812,176.4263968978926,172.4319956335218,176.4263968978926,2907456
2007-12-12,177.1664276123047,178.2764466646959,172.57495997187937,172.92814505258085,3718608
2007-12-13,173.16358947753906,178.6296120022747,172.84403328539096,176.54411007136585,4645736
2007-12-14,174.97999572753906,177.43549707865475,170.75853840568485,170.75853840568485,2720436
2007-12-17,170.27090454101562,180.36202862842734,169.02632846414596,180.36202862842734,3203328
2007-12-18,169.00941467285156,174.9127146874671,168.74031202958727,169.867155609944,3845860
2007-12-19,172.305908203125,173.02911349219073,169.53084965226938,170.20359111914348,2671020
2007-12-20,175.81251525878906,177.25890486441406,172.05357756757832,173.14678211712794,3036020
2007-12-24,186.6352081298828,188.36752482932485,176.59455452749205,181.64011322827753,4655664
2007-12-26,185.05433654785156,188.31711569717484,182.6745098970493,187.52665281675877,2905996
2007-12-27,186.81187438964844,188.36758885114224,182.7417971998614,185.8616230719457,4008568
2007-12-28,182.0017547607422,185.00385872579645,178.27644568122204,185.00385872579645,2196596
2007-12-31,181.20281982421875,184.3394793165522,176.9309097229217,182.14465326038422,2156168
2008-01-01,177.35984802246094,181.1356004700381,176.93096721864447,181.1356004700381,928388
2008-01-02,176.59457397460938,178.4446123686291,173.4831457664853,178.27642706008186,2864924
2008-01-03,170.04380798339844,175.753703069168,169.085149368159,173.24773707242878,5168280
2008-01-04,169.0598907470703,172.03677305268474,168.57214919847166,170.0437707922567,2318868
2008-01-07,164.0816192626953,169.6653747965136,163.56024879678284,168.1853458064605,3647344
2008-01-08,166.141845703125,166.8398188092704,163.02201041855537,164.82159519464213,3207732
2008-01-09,167.56300354003906,169.19440291743518,166.48662383567773,167.31072560328346,2450128
2008-01-10,165.09915161132812,169.7831094652272,161.7943054042086,167.84897795571743,3342376
2008-01-11,166.46139526367188,168.85803571076187,153.94840524435782,153.94840524435782,2149188
2008-01-14,161.65130615234375,168.15166187646628,160.71786951967798,168.15166187646628,4158864
2008-01-15,158.0941619873047,162.80334979118186,157.0850503150453,162.29879395505216,2935588
2008-01-16,158.9267120361328,162.58474255852255,155.57141302117333,158.09419269178696,3131956
2008-01-17,155.1846160888672,162.46703929620188,154.56232827454403,162.4334001749809,6302096
2008-01-18,151.9049835205078,158.09420126153287,150.87904690638237,156.32825539637744,4333816
2008-01-21,139.77040100097656,152.15725329300705,135.43122201943268,152.039521521971,4840032
2008-01-22,134.59024047851562,166.50339028269977,121.93430096460335,137.02051928871472,6376872
2008-01-23,147.2010040283203,150.24816990781693,135.89862559077824,145.0148066863087,5359120
2008-01-24,142.35592651367188,149.9105398685332,139.4016084419384,146.8718127090359,2013336
2008-01-25,149.33657836914062,151.54810301247872,143.51235036108227,144.0019272717036,2243116
2008-01-28,144.22137451171875,146.87182209769898,139.27500371333525,146.87182209769898,2485660
2008-01-29,146.48355102539062,149.33657236123747,144.33955787109772,144.50837606743818,3258712
2008-01-30,146.8465118408203,150.58583921184552,145.18365663922324,148.89765715790105,3032856
2008-01-31,147.5048828125,150.24817820100142,141.02226066521138,146.87181464592274,5966956
2008-02-01,156.91648864746094,158.87477529333677,147.42890545491466,149.40408010005694,4169520
2008-02-04,164.70748901367188,166.96120797244924,158.52029755928194,159.53320680886202,3730520
2008-02-05,161.22982788085938,164.59775319940087,157.95476082001977,162.06548007325625,1722872
2008-02-06,152.96612548828125,157.00088349755097,151.0078390199563,157.00088349755097,4007952
2008-02-07,148.39962768554688,152.96615765894876,147.04908216712298,152.96615765894876,2574652
2008-02-08,151.666259765625,156.1568193129795,148.56000107613184,149.23527380829609,2576820
2008-02-11,152.96612548828125,157.33851980614787,145.20049039055291,151.66623394325717,3200988
2008-02-12,145.96864318847656,156.15681621108953,145.18363453139133,152.78045261733624,5161328
2008-02-13,146.6945037841797,151.42984987156944,143.71485991879393,147.7158513239947,2185376
2008-02-14,147.51332092285156,151.9363592186522,145.35245031917728,149.40408656500801,2246480
2008-02-15,147.32763671875,149.75017362774042,145.18364364141598,145.18364364141598,2213044
2008-02-18,144.03565979003906,147.71589370969485,143.49543960370357,147.32761399271226,1723160
2008-02-19,147.79188537597656,149.2352788287664,144.33955135587703,144.50836954459734,1947288
2008-02-20,149.58985900878906,151.0332634032782,147.42054844663076,148.543194019267,3060624
2008-02-21,154.40956115722656,157.1697344341838,148.89764314817413,151.59873418034056,3562052
2008-02-22,152.02920532226562,155.46466136326345,149.40408476373926,155.31272088433914,2401516
2008-02-25,152.06297302246094,156.83208652552452,150.29038216291517,156.6632683484249,3255460
2008-02-26,151.666259765625,155.98800112993843,151.09227382174774,155.98800112993843,4999584
2008-02-27,148.14646911621094,154.44338845581868,147.5556051778377,153.28698744082794,2364056
2008-02-28,148.71197509765625,150.24821678822195,147.20948880823545,149.40412568267013,5579004
2008-02-29,148.12106323242188,150.53516094973125,145.77448659932625,148.55998634326244,3416480
2008-03-03,143.25917053222656,146.65242372200782,141.80733762569352,146.1966123617269,3141328
2008-03-04,144.9810791015625,146.8718451458181,143.00590395090128,144.84602659208267,3010532
2008-03-05,147.76661682128906,149.03275373619303,142.65142574584675,142.65142574584675,2209348
2008-03-07,142.84555053710938,146.21346600849202,142.18715531349557,145.62260219893759,1996828
2008-03-10,140.7352752685547,144.1707209974842,140.11908481020126,142.8455024494312,2494168
2008-03-11,139.02175903320312,141.80725875882285,138.43089545504137,141.80725875882285,4043520
2008-03-12,139.03025817871094,143.49550264532618,136.78497766867713,141.63850202285727,1884412
2008-03-13,131.62753295898438,137.58681246895696,128.47063102929602,137.58681246895696,3408600
2008-03-14,135.7045135498047,137.23232658845967,126.6136570921282,131.67820337581333,2216056
2008-03-17,133.67869567871094,134.6662883910828,129.77899914307207,130.8341129572434,1958904
2008-03-18,138.04263305664062,139.9165108038251,129.99000350595725,133.36636723338472,3596080
2008-03-19,136.987548828125,141.80730702394328,135.9915171929658,139.78148835217266,4361924
2008-03-24,139.05555725097656,141.38524641471258,136.9875342437166,136.9875342437166,3301984
2008-03-25,147.96922302246094,151.91112575497047,140.96326437393597,141.80735577737272,2928896
2008-03-26,148.2814178466797,158.68906090980082,143.75709349001974,158.68906090980082,2171768
2008-03-27,143.91751098632812,147.88473856190433,141.99297944514896,147.20946578308286,6151152
2008-03-28,147.04908752441406,147.66527806118185,143.83310295227136,144.00192114822474,3633696
2008-03-31,136.8187255859375,147.04910538151321,134.54811851386157,147.04910538151321,4051860
2008-04-01,140.51577758789062,143.98499867907927,136.742696203083,138.43087763768895,2086728
2008-04-02,143.70648193359375,146.70300475805342,143.36884555900676,143.49545919947687,1428844
2008-04-03,149.47164916992188,150.5858452486538,143.49548033784274,143.49548033784274,3287172
2008-04-04,147.36141967773438,150.23132924865354,145.19209949623212,149.57293410790433,2020844
2008-04-07,152.62852478027344,155.32961587907775,148.25613974639086,151.09228333936642,3659528
2008-04-08,149.80081176757812,153.11809321172936,147.7159113123078,152.78045684301551,4055352
2008-04-09,147.9269256591797,150.58581191211218,146.70299389195682,148.55999381463982,1482600
2008-04-10,151.8604278564453,155.25368026334993,148.05357905330132,148.56003371368888,2925932
2008-04-11,153.2869415283203,156.15685122653778,150.79687281957283,152.45128929071717,2189264
2008-04-15,164.45431518554688,166.2859892193678,148.62760301365273,155.6504386398549,5703772
2008-04-16,164.0744171142578,169.1558409493827,162.40311276777064,166.28593147219757,6438768
2008-04-17,168.9701690673828,170.50641082555947,165.36589370574225,168.7675851323652,3999556
2008-04-21,167.7039794921875,174.72681146428707,166.55600765688342,170.33753890576392,3399296
2008-04-22,149.77549743652344,166.27747520137916,148.89764080412027,166.27747520137916,13785196
2008-04-23,150.10470581054688,152.89864494412424,148.5684540168469,149.74174256104237,6326156
2008-04-24,150.37477111816406,152.76355212583297,145.85888548537048,152.61161166524872,15290096
2008-04-25,150.13003540039062,153.96221091260293,149.404119142164,153.96221091260293,6828568
2008-04-28,148.84707641601562,151.26117570863116,121.54915905157861,136.5739856565654,6598136
2008-04-29,153.7174072265625,157.00092321917336,146.89715824967104,148.9060886117814,16209848
2008-04-30,155.4815673828125,157.97163591581628,153.03370340121555,154.65435405370013,9487980
2008-05-02,159.32217407226562,162.40310618015315,155.98801466783942,156.15683286553187,5298780
2008-05-05,156.5704345703125,160.29287365120663,155.5068820191777,159.53319178556112,3613764
2008-05-06,158.1910858154297,160.37728347728373,147.3107512071755,153.6245557519244,3982796
2008-05-07,163.2049560546875,165.42491897852005,160.37725187685868,160.37725187685868,12585540
2008-05-08,159.8707733154297,162.90949973536394,154.97504741664673,162.89262204345633,10845832
2008-05-09,154.80624389648438,161.8966062123539,153.62451684383947,161.8966062123539,4492296
2008-05-12,156.47756958007812,157.81966582011404,153.67518170976703,154.80626553617628,3898508
2008-05-13,152.78890991210938,158.92545766694192,150.07937986176333,157.0009260646118,4462876
2008-05-14,163.94781494140625,165.2645949682599,150.44235763245354,152.7804858075275,9373188
2008-05-15,166.2437286376953,169.155842696086,162.08235573126834,164.26011471386397,7177896
2008-05-16,165.6190948486328,167.80529262315423,163.50042847638318,167.80529262315423,3838648
2008-05-20,161.40701293945312,167.1299517732242,159.9129765830168,164.59767977666021,4946904
2008-05-21,162.92642211914062,163.4159989648498,154.46863538516277,156.66327173489734,3140184
2008-05-22,162.25958251953125,166.37030069315207,160.5460740326612,161.47457393505832,5445200
2008-05-23,157.40609741210938,165.39119639450203,156.34253448463727,164.58087107668388,5401384
2008-05-26,161.29734802246094,162.55504564805761,154.63746810498697,155.31274089147163,5457272
2008-05-27,163.56797790527344,167.8053111167638,159.7020365356726,165.4418560306122,5682072
2008-05-28,170.41348266601562,171.39262587000567,163.77048231677145,163.77048231677145,5469588
2008-05-29,167.9150390625,173.6042045765342,166.11712097914466,170.33757628857416,8258940
2008-05-30,175.42742919921875,177.09028427704104,165.10419258622127,167.2988290929911,15485284
2008-06-02,166.09182739257812,178.50841764293747,162.90960757343422,171.35051988293856,7054764
2008-06-03,164.6230926513672,167.13003911657725,158.3768184621618,162.06549247668096,4900256
2008-06-04,161.516845703125,167.09628628723488,159.76113194446825,167.09628628723488,3787856
2008-06-05,165.754150390625,168.27798461512262,162.74074955413283,162.7576272530878,5905256
2008-06-06,163.1121826171875,168.59033646749927,161.69410530513525,167.13005459620555,4137784
2008-06-09,154.3166961669922,162.89266806246582,150.24818209910464,152.316204830244,6140140
2008-06-10,148.39125061035156,155.143981013553,146.36543148939114,153.6246166728327,6155372
2008-06-11,150.3072967529297,153.6245788687214,148.5600323126097,150.24821449798026,4113368
2008-06-12,149.95285034179688,152.3416333345294,144.67727862980007,150.9235555368043,2464004
2008-06-13,153.5570068359375,155.63347861768537,148.55999301074974,148.55999301074974,6732432
2008-06-16,153.7595977783203,156.66327256332312,152.48502256769572,155.14390892854954,6541784
2008-06-17,155.53221130371094,156.49447713977318,152.78047660355418,152.78047660355418,3504824
2008-06-18,152.91827392578125,156.3300327106153,151.2378492346995,156.2960827487611,6431336
2008-06-19,150.72862243652344,152.42601683333112,149.37070691907726,149.41314177899747,3289068
2008-06-20,146.62933349609375,152.74844535759976,142.84414805942558,152.74844535759976,8157760
2008-06-23,145.7127685546875,149.27729543002812,143.09029313867305,146.62935496373353,3572312
2008-06-24,143.32797241210938,147.28289888183613,139.7634445418705,144.27850903347752,9287176
2008-06-25,148.82749938964844,150.21936449996733,141.10435692100606,142.58109172878252,5914196
2008-06-26,149.599853515625,152.42601937751132,146.04382048301684,150.04966718231628,7028316
2008-06-27,146.90945434570312,149.59981975843888,144.47369803928575,149.59981975843888,6260948
2008-06-30,145.67031860351562,149.03115580827165,144.27845380071858,147.8429803063834,3258044
2008-07-01,143.88809204101562,148.01275740588565,141.74088447819776,146.8245816010219,5059616
2008-07-02,148.77664184570312,150.72864570334784,142.58115134100473,144.2785459998262,8141112
2008-07-03,145.40725708007812,149.54040721024919,139.2796586957157,149.54040721024919,4172528
2008-07-04,143.34490966796875,147.6817488535233,141.81725521324793,147.6562941619865,3939584
2008-07-07,144.660400390625,146.65483829568788,141.22317761806983,143.42978976835215,1794132
2008-07-08,140.91766357421875,143.42980482939382,138.84684065141317,140.90917867553313,3947624
2008-07-09,148.81898498535156,151.059546626007,144.27845707162683,144.27845707162683,3578548
2008-07-10,147.40167236328125,150.8982992249154,144.6773471994557,147.6732512099847,3504368
2008-07-11,135.55392456054688,160.06430599601262,133.31337204357186,155.6510801679147,5523784
2008-07-14,130.33438110351562,135.79150641145384,129.17167047389546,135.79150641145384,4559896
2008-07-15,127.41492462158203,133.49159497093052,125.12344200458747,130.33443492702696,4509844
2008-07-16,123.58724975585938,131.3188875112141,121.51643741820693,128.09383899576585,5739900
2008-07-17,132.9483642578125,133.5679171149471,123.91822751804811,124.75843948865904,10350716
2008-07-18,134.7476348876953,136.13101530949518,127.1348260184687,132.39674805661627,8339496
2008-07-21,137.96417236328125,138.3376010885404,132.905940677702,135.6217708831212,3582068
2008-07-22,141.19769287109375,143.25154549439972,136.81841913257668,138.50732796097742,4241164
2008-07-23,146.06924438476562,147.67328385032653,138.99960431073237,140.883707581346,5971420
2008-07-24,136.22439575195312,148.43715145107464,134.49305126164106,148.43715145107464,11742336
2008-07-25,135.65565490722656,144.1935398942867,132.73613678320447,135.65565490722656,8842536
2008-07-28,136.85238647460938,138.66860006324774,133.2454243504724,135.79151526162792,1969372
2008-07-29,137.31065368652344,138.13388541656798,134.43356953914554,136.92874013669632,2472192
2008-07-30,142.40283203125,143.59949239586865,135.79148217103418,143.59949239586865,4420076
2008-07-31,142.02810668945312,143.4334822578945,139.94133690600987,143.09278515039355,5195580
2008-08-01,143.20355224609375,145.9802322981143,138.195299334723,140.5375925437861,4011724
2008-08-04,138.8937225341797,143.09281955257003,138.15271030611225,138.834104684934,5238928
2008-08-05,141.33819580078125,142.24104104774196,137.17317162119068,138.90221358444367,4768200
2008-08-06,146.59344482421875,148.19472537716288,142.47953351829668,143.0757534522492,5009932
2008-08-07,145.36691284179688,148.18618931025122,143.94450678571343,146.32938618808026,3072320
2008-08-08,143.96156311035156,145.9887151221736,141.96849328704445,143.93601706484176,2086672
2008-08-11,142.0621337890625,146.12494135901335,140.45233838308766,145.1369221375266,3405100
2008-08-12,139.55809020996094,143.72311554926335,138.83410866172494,142.24108065342372,3323504
2008-08-13,141.09971618652344,142.70099687771926,136.27885381236143,136.27885381236143,3697968
2008-08-14,141.93443298339844,143.88492622205453,138.15269258653612,141.21896689795125,3741508
2008-08-18,143.35679626464844,145.20508396224955,142.2410155276834,143.0927581356336,1956648
2008-08-19,143.3057403564453,144.96663898167606,142.25809244932208,143.85937323152223,1953300
2008-08-20,143.3653106689453,144.62589387932533,142.24101459274044,143.55270027981183,1127256
2008-08-21,139.31956481933594,143.43348667808885,138.86814737633622,142.41139532408823,1976516
2008-08-22,139.51551818847656,140.49502274230287,136.875114608597,139.51551818847656,2645284
2008-08-25,139.37913513183594,142.24098765429335,139.0043663783274,140.36715428399728,942244
2008-08-26,142.07923889160156,142.57325395970003,137.9738420464833,137.9738420464833,2205004
2008-08-27,139.4217987060547,142.4114142340291,138.51042755603817,139.70286762737572,2131788
2008-08-28,134.9756622314453,140.40978484538658,133.3232897024144,139.68580354651743,6580688
2008-08-29,138.35711669921875,139.67731817459824,136.27886197465486,136.27886197465486,1998500
2008-09-01,138.82557678222656,139.685835028255,137.47130349731927,138.83409213174127,1527432
2008-09-02,144.59185791015625,145.30732395279728,138.82556322286422,138.82556322286422,2647848
2008-09-04,143.80825805664062,145.6139486541465,141.78962135947722,143.9445348267305,2461676
2008-09-05,142.82022094726562,144.7962598641589,140.5375463387425,144.7962598641589,2445368
2008-09-08,145.93763732910156,148.95280941429368,143.43351100759446,146.49978558970454,5170432
2008-09-09,147.3174285888672,148.49283777969552,143.0927864955904,145.64801482586878,2815328
2008-09-10,144.9495849609375,148.23730988757433,144.47260070443033,146.69565759370386,3063456
2008-09-11,142.53057861328125,147.8624840819483,141.21889320729858,144.94952916503888,1908976
2008-09-12,138.0759735107422,147.3514513423179,136.44063208248934,147.3514513423179,3573964
2008-09-15,129.56710815429688,136.10849689487844,126.90967482688917,132.87187431540073,8550948
2008-09-16,127.56549072265625,127.93174421586224,123.5026824986686,127.67622142448569,5072364
2008-09-17,124.37153625488281,130.25709000659543,124.01380827453164,127.42078102932646,4200868
2008-09-18,122.84685516357422,127.5910578971102,114.3038716274512,124.0137385168174,6357104
2008-09-19,130.63180541992188,132.82079092812768,124.3714950567195,132.82079092812768,9544368
2008-09-22,130.6233367919922,147.86262146637046,128.2725276084988,147.86262146637046,4472944
2008-09-23,122.82135009765625,130.77663241228123,121.85887627432771,121.85887627432771,2966120
2008-09-24,121.46707916259766,127.42076540081666,117.5916481293509,123.42608825632679,7380724
2008-09-25,117.26793670654297,122.6253898626297,114.31238335938788,121.47553724104836,15122632
2008-09-26,115.18970489501953,119.24399877388119,113.48621919824981,119.24399877388119,4217244
2008-09-29,105.61613464355469,115.63263049481527,104.25334580944431,115.63263049481527,5578636
2008-09-30,113.38401794433594,115.27489354168095,100.5056686311747,100.8463658129753,8391372
2008-10-01,114.43163299560547,116.67172047998693,109.93442733155631,114.06537947170284,6017916
2008-10-03,112.0041732788086,113.27327207449767,109.42338854930162,113.27327207449767,4172404
2008-10-06,105.44573211669922,110.93947179483096,102.20911029082315,110.93947179483096,5882984
2008-10-07,98.10372161865234,113.2817713331057,96.41726702938018,107.51547780835774,8884604
2008-10-08,93.11251831054688,95.89772349213831,86.53706808356971,94.5434503668921,8301380
2008-10-10,89.39891052246094,93.69169575276482,81.8354364868718,91.98821037544181,13742076
2008-10-13,97.58415222167969,102.70313391686656,89.3989073532604,89.93550938699438,13866024
2008-10-14,100.96556091308594,105.51386807243776,99.03209914451674,102.03875441428752,7424624
2008-10-15,92.51631164550781,100.275697950588,91.18759477214226,99.6539214612026,5308752
2008-10-16,84.32251739501953,90.06326459813016,79.70607146356734,89.43297299471769,8031800
2008-10-17,77.31266021728516,90.11434770283027,75.80507509973434,85.17424168509477,9743540
2008-10-20,83.70077514648438,86.02603220497278,77.55119041844328,84.6036205337396,12413060
2008-10-21,95.2418441772461,96.7409193263052,84.04143526729976,91.7156384715095,11804900
2008-10-22,93.12106323242188,94.54346983591688,87.0651675859183,94.54346983591688,6020668
2008-10-23,93.23174285888672,100.16492969804827,85.38719559718827,89.37335512162224,10501016
2008-10-24,84.97837829589844,91.37496970006777,74.95336472429844,85.80456983315271,8479936
2008-10-27,84.62063598632812,88.2405424074846,70.75426607630551,81.93764652123569,8972576
2008-10-29,92.6842041015625,98.54552248769731,90.87611008539392,96.3175367618885,10955572
2008-10-31,92.11868286132812,101.97323963253997,90.79045999216478,97.517266135992,10375980
2008-11-03,93.81537628173828,99.91662757194489,90.32771413740679,95.96623812795185,7532020
2008-11-04,87.1485366821289,102.24742351407724,83.97794095229727,102.24742351407724,9422540
2008-11-05,86.78865814208984,94.07246672043763,85.69180409570733,88.26255821857855,9233164
2008-11-06,85.7260971069336,90.57625192992256,82.62405223888219,90.57625192992256,7861916
2008-11-07,90.00210571289062,91.69023006353514,83.24958738946205,85.6918037976964,5877720
2008-11-10,93.65258026123047,94.68944905929686,88.27113046536432,94.24385583612936,4099016
2008-11-11,90.63619995117188,93.87535372058835,89.11945948828104,92.88989815893908,6498776
2008-11-12,91.67305755615234,95.0236035916103,88.27108809157697,90.63617879540489,7742044
2008-11-14,90.9789810180664,94.0039057802141,89.71931572642129,93.4040631726831,6617464
2008-11-17,88.94807434082031,92.0329786532187,86.63439610652152,90.66191006993053,8090972
2008-11-18,82.80396270751953,89.1194476908871,82.26410556081886,89.1194476908871,9755152
2008-11-19,82.71826171875,85.00623294589634,80.84161515776825,83.97793174090566,8175088
2008-11-20,81.06441497802734,82.26409976628567,78.83642894269043,82.26409976628567,5016448
2008-11-21,86.7972183227539,88.60531304424119,78.83644874342542,80.49887160249112,6845692
2008-11-24,89.10232543945312,91.11608245955235,84.0207982215866,86.37732239404313,8370556
2008-11-25,86.3773193359375,92.53856077351207,85.7003521419145,88.96520706044421,5774020
2008-11-26,90.39627838134766,90.83330445219313,85.20335236604778,86.24879333125698,6135556
2008-11-27,90.39627838134766,90.39627838134766,90.39627838134766,90.39627838134766,0
2008-11-28,95.87198638916016,97.34588110910715,88.7767014340097,88.7767014340097,12138064
2008-12-01,96.68608093261719,101.75903229529393,95.34928022422805,95.87200867425483,11958704
2008-12-02,91.32170867919922,97.68861092637592,89.6421521974614,97.68861092637592,6658808
2008-12-03,91.65593719482422,94.55232390320602,89.3936718293902,91.9215796537767,9997992
2008-12-04,94.15816497802734,94.8951124516749,86.26594614176136,91.69023666675183,8256508
2008-12-05,89.42794799804688,93.45546204005164,88.81953839442444,92.27292164014256,7105448
2008-12-08,89.50508880615234,93.61829537646858,87.81696446042181,91.69022979663285,7621404
2008-12-10,92.7270736694336,95.42636475758424,90.7475956302076,94.22667982951728,8088380
2008-12-11,87.00286102294922,94.20954267974243,86.03454497908736,94.20954267974243,7300252
2008-12-12,82.48690032958984,87.39704320975058,81.45003194660433,87.39704320975058,7121036
2008-12-15,80.49028778076172,86.03454698404255,80.07896828345395,86.03454698404255,5997716
2008-12-16,82.1527328491211,83.10390977342718,79.6933770489862,80.550295081771,5847868
2008-12-17,81.8013687133789,84.32070906408539,80.89303796391931,83.18100946932238,6476068
2008-12-18,87.49130249023438,88.10827908758348,80.8930357990022,81.39004704918271,5723936
2008-12-19,88.01402282714844,91.51881862889756,84.68061581109518,86.20592840886793,4943988
2008-12-22,87.49989318847656,89.03377847077013,86.27450151831881,89.03377847077013,4106852
2008-12-23,85.79463195800781,87.67985157453121,84.36357783942255,84.8691615559388,3567120
2008-12-24,81.94705200195312,86.50585595728471,80.93588999668688,85.1262203268212,9148436
2008-12-26,80.83305358886719,84.83486068966427,79.72763278467397,79.72763278467397,3154564
2008-12-29,81.71566772460938,82.17840536305486,78.83642641711207,81.57856298814205,4875608
2008-12-30,82.70114135742188,84.5777935806268,80.55027960059697,83.12103320487132,3522528
2008-12-31,81.90422821044922,84.3721512098,80.93591183590343,84.3721512098,2543696
2009-01-02,85.400390625,87.18278309786412,84.68915019045602,85.18616126337777,5375740
2009-01-05,88.30538177490234,89.63360440227837,85.34901528171056,86.03454954100141,4829776
2009-01-06,86.78865814208984,89.46224347591846,85.39188278137235,88.26255821857855,5918992
2009-01-07,86.51441192626953,89.08516511619685,79.62479651539078,88.94806037148501,9013828
2009-01-09,92.02439880371094,94.22667322601288,83.12102133371617,85.67463516988508,14219980
2009-01-12,87.84263610839844,90.83328113599819,86.56583180414158,87.68839196005872,7595416
2009-01-13,90.08779907226562,92.03299886789166,83.66948076490579,85.62325287918719,13359808
2009-01-14,92.3671646118164,95.56346148241013,90.49051268284359,90.49051268284359,5958904
2009-01-15,87.48271942138672,89.63358049412349,85.40897779412313,89.11942993679581,7171524
2009-01-16,86.20591735839844,88.94805389464968,83.37808905538934,87.18280559152208,9790076
2009-01-19,85.8203353881836,88.75956823317686,83.51522393819342,88.75956823317686,6868376
2009-01-20,85.0833740234375,87.04571272963332,83.97794792297903,84.78345278085543,4635196
2009-01-21,84.37210845947266,85.86314724015828,83.12101080135083,84.14931196590364,3669860
2009-01-22,85.10906219482422,86.3858663574601,82.8039516201563,84.83484750029636,4848136
2009-01-23,83.31813049316406,85.50327124627499,82.82968621995568,83.99509775974207,3031220
2009-01-27,85.53755950927734,88.26255782121005,84.14935124313423,84.14935124313423,5243956
2009-01-28,87.49451446533203,87.934183276981,81.93397052281706,81.93397052281706,4789396
2009-01-29,88.62386322021484,89.31354308963286,85.5375468569372,88.28764217913763,10017036
2009-01-30,88.21005249023438,88.79627930121427,85.91686386768178,87.07207970313245,8707524
2009-02-02,84.70994567871094,87.72729574223695,83.99440371601439,87.72729574223695,3234692
2009-02-03,86.18408203125,87.89965675899278,85.00300474660214,85.00300474660214,3808560
2009-02-04,85.97724151611328,88.4342320513947,85.00306946006499,86.72726965195272,2484756
2009-02-05,83.2616195678711,86.65829577950066,82.45986759500815,86.21000271302474,4341548
2009-02-06,86.6927719116211,87.57211494386875,83.96853807869141,84.48579806685584,6840388
2009-02-09,88.79630279541016,90.28774005183499,85.63239464343852,86.21000271399045,4595224
2009-02-10,90.45152282714844,91.03775500445256,88.10661516529404,89.14113510852647,6790772
2009-02-11,88.753173828125,90.17563848879917,88.2790189412336,89.31353869445118,4502732
2009-02-12,87.91693115234375,88.9169700160316,86.91689755049516,88.27901409847487,2844372
2009-02-13,88.1410903930664,89.65838401786354,87.41692441741695,87.93418432521231,3257208
2009-02-16,86.33926391601562,88.78762857213847,85.86510919655673,87.52034126958078,2501996
2009-02-17,83.66677856445312,86.17548666705963,82.76157385046368,85.52029297881246,2950388
2009-02-18,82.89091491699219,84.6409768628715,82.24433991763968,82.99436796925676,2629412
2009-02-19,84.39956665039062,84.96855038824178,82.58915715125048,83.10641700814766,3477072
2009-02-20,81.73567962646484,84.05473018449601,80.05458502277493,83.88231022514319,4771388
2009-02-24,80.84768676757812,82.0201451969682,79.39936071888454,81.03734970222744,4495532
2009-02-25,82.89091491699219,83.58921381155658,81.03739991884832,81.03739991884832,5517928
2009-02-26,83.14091491699219,84.5892416697319,82.24432893290373,82.93400884009789,8808288
2009-02-27,83.29610443115234,84.31338139562297,78.4942062992993,83.10644137564472,6750148
2009-03-02,79.28730010986328,83.1064002298856,78.41657636943889,81.74428393408708,3988944
2009-03-03,76.93379211425781,80.34770538869832,75.7527142766697,77.93382582766446,3560896
2009-03-04,79.40801239013672,80.08045445984084,76.93379011388181,77.24414394463778,3258300
2009-03-05,79.86490631103516,81.19253649242211,78.96832065303398,80.16664116069195,4284496
2009-03-06,83.0546875,83.59780926057611,78.90798477105497,79.31317268387299,5805604
2009-03-09,79.83043670654297,82.76157585127564,79.14075690778233,81.22703935140109,4535184
2009-03-12,82.31329345703125,83.62368629463475,79.59767890210239,79.59767890210239,8617456
2009-03-13,87.39105987548828,87.93418171015364,81.61499107688014,81.61499107688014,10199700
2009-03-16,89.62389373779297,90.14115362145512,86.62378746492041,87.93418022256579,4672896
2009-03-17,85.78754425048828,89.31353434228929,85.01165447338346,88.79627449088608,6946172
2009-03-18,87.09793090820312,88.71005838605114,86.20996927701763,86.20996927701763,6413800
2009-03-19,88.78767395019531,89.31355280308348,86.4858660833076,87.15830297675424,7382584
2009-03-20,87.89968872070312,91.19291609172843,87.15828503777823,91.19291609172843,4139380
2009-03-23,89.59803771972656,91.31360792760313,88.10660083467761,90.43427032835304,4587312
2009-03-24,89.94286346435547,91.81361555300668,88.31349297093277,90.03769232404088,6681544
2009-03-25,90.6928939819336,91.36533599849542,86.83930703508624,86.83930703508624,3831616
2009-03-26,96.28789520263672,99.65008325064296,88.39106589205463,88.39106589205463,15230328
2009-03-27,99.11563110351562,100.86569828320101,92.52919563456629,92.52919563456629,7079424
2009-03-30,90.21875,98.27938365981845,89.31354515050167,92.02915969899665,5148188
2009-03-31,92.85677337646484,93.77922653650774,90.52048487165617,90.52048487165617,4777672
2009-04-01,93.8826904296875,95.48619433229017,89.74461041074811,92.41712042297979,6724568
2009-04-02,99.78805541992188,101.2105201408106,94.08095874922192,94.08095874922192,8503764
2009-04-06,99.9260025024414,102.41747344778447,99.26218975438185,100.8312074445304,5414580
2009-04-08,104.16751861572266,105.81412705899601,96.72759344849275,100.882910098395,10193512
2009-04-09,103.89164733886719,106.8831400323737,102.46056374053794,105.52101810552665,6586724
2009-04-13,102.11575317382812,105.00378840500012,99.17599404325222,104.2278983428942,4121008
2009-04-15,99.6070327758789,100.31395054278113,94.83961572573287,95.09824571708948,9767236
2009-04-16,98.63285827636719,101.55537936276544,97.796625491087,100.00359937250246,8868964
2009-04-17,98.81388092041016,103.36577235275574,97.43452115590298,99.45183691623069,6664024
2009-04-20,96.79660034179688,100.31396232309753,95.30516300702176,95.30516300702176,5330200
2009-04-21,94.9603042602539,101.46915852412062,93.96888937238018,99.93461648820039,11488980
2009-04-22,93.61541748046875,97.34830322424942,92.61538383756803,96.55517563387136,6584924
2009-04-23,97.95178985595703,98.77078478961447,94.0033784900065,94.74478232521287,7373712
2009-04-24,100.67603302001953,101.21053076175929,96.54657229220992,96.54657229220992,5377524
2009-04-27,103.77959442138672,104.96928601789794,98.71044259232595,100.66740523599404,8141124
2009-04-28,103.19336700439453,104.80548974812349,99.37425990578693,103.29681479191889,8388692
2009-04-29,107.5211181640625,108.45219046336413,103.79685001422132,103.79685001422132,10531292
2009-04-30,107.26243591308594,107.26243591308594,107.26243591308594,107.26243591308594,0
2009-05-04,114.90067291259766,120.62500753228487,108.65044896228507,108.79700172819976,11142936
2009-05-05,112.24539184570312,116.3748519146549,109.67633028062328,115.3489510672433,8822316
2009-05-06,109.54705047607422,112.02128396386924,106.03830743938225,110.04707272062718,52522096
2009-05-07,108.91773223876953,111.21091647372361,106.7797197125921,109.6591362438577,7738864
2009-05-08,108.78838348388672,110.69362207055197,106.64175272684797,108.27974246153683,9001752
2009-05-11,106.08140563964844,110.28845787448873,105.00378063315058,110.09017066382044,5298612
2009-05-12,110.5384521484375,111.34882821181071,105.17619463160983,105.17619463160983,9487452
2009-05-13,107.19354248046875,111.19368956946968,106.03832609148323,110.69366723696298,7324800
2009-05-14,106.86588287353516,108.10730861790228,104.36579359927744,106.55552906836301,9443176
2009-05-15,111.04710388183594,112.90923786071878,107.59008483133476,107.59008483133476,10942472
2009-05-18,128.25465393066406,136.48771157157498,119.8319384383894,132.1772101888991,73380
2009-05-19,115.4782485961914,129.3149480360486,113.03850236710699,129.3149480360486,13015576
2009-05-20,116.66803741455078,121.03026281308489,114.31449939402324,115.52143980994808,8507664
2009-05-21,111.63331604003906,118.10768406159946,111.03846501557672,115.52138441061552,4459324
2009-05-22,109.32288360595703,111.21088444664778,108.62458480835365,108.62458480835365,5861456
2009-05-25,108.85733795166016,111.03845466344961,107.35729271288304,109.65909497818937,5673644
2009-05-26,107.66764831542969,110.28843386544148,106.98658735484906,109.47805793223212,6058900
2009-05-27,111.82299041748047,112.41784153031435,108.7625353758193,108.7625353758193,9222868
2009-05-28,114.3488998413086,116.19379519963474,107.48658872240775,107.48658872240775,16863676
2009-05-29,121.4870834350586,122.41815530459282,112.52987612431971,115.30583290133302,13871224
2009-06-01,120.28880310058594,122.3923184349156,116.09898917307133,116.09898917307133,7905804
2009-06-02,119.78878784179688,122.41819268467188,118.96979289073745,120.69399278770467,4118172
2009-06-03,120.15081024169922,121.51293174207052,117.78003647589082,118.9697380660215,3914944
2009-06-04,121.93540954589844,122.24576339901604,118.34044671988569,118.45252391413825,7020704
2009-06-05,124.37510681152344,125.6423995553467,120.06460875160127,122.24572497939265,13220132
2009-06-08,127.95284271240234,129.27185956026804,124.14236596651283,124.95274184908554,9267824
2009-06-09,134.85829162597656,137.07388416048198,126.05624322414845,126.05624322414845,9690708
2009-06-10,134.79795837402344,138.79810461166753,132.2892493954061,135.34970449709192,9383796
2009-06-11,133.64276123046875,136.6342550693634,132.7634232857121,135.8669838300534,3883200
2009-06-12,131.8236846923828,137.03938873477748,131.24608200790354,135.34967514974588,6358660
2009-06-15,134.1427459716797,135.34968584546087,130.17708638639866,131.84956231623156,6595868
2009-06-16,135.0624542236328,136.5722126957989,128.83254642902622,133.0320901122197,4344006
2009-06-17,131.4529571533203,137.0928530047829,130.1514427260597,136.05164146297443,3741568
2009-06-18,130.63735961914062,136.3987331637462,129.1276005306569,131.19267464604593,4753108
2009-06-19,131.81735229492188,136.05161600946738,130.15141837640374,130.84555927441122,7727732
2009-06-22,128.29454040527344,134.59386453284276,127.72187650126631,133.41382757482148,4106208
2009-06-23,127.2533187866211,131.10580109601096,124.25116291825792,124.94530349322025,5135694
2009-06-24,132.4941864013672,134.83691268351316,125.01482006321712,129.43996970727065,7303954
2009-06-25,132.06027221679688,136.0515813639537,128.52015030175036,132.58087775773038,9694662
2009-06-26,137.9258270263672,140.35532074557457,130.68940433009186,132.75447822811896,6099700
2009-06-29,134.03857421875,139.52228154527356,133.04942159690808,138.77608240660214,4745206
2009-06-30,135.30543518066406,138.13405760882625,132.98005861738292,134.4898173955281,5923948
2009-07-01,136.38137817382812,137.09286857148538,132.73713736370004,134.35101331840622,3684738
2009-07-02,135.35745239257812,137.19692122685507,132.30323719067545,135.35745239257812,3715428
2009-07-03,135.68714904785156,136.1903946686991,133.62207635834247,133.62207635834247,2919844
2009-07-06,132.12973022460938,138.29023097660672,131.3141125137414,137.78697456579988,4488916
2009-07-07,135.0624542236328,136.48544508925775,131.88676194257582,133.2750436472345,3804568
2009-07-08,132.28594970703125,134.97574670728497,127.80874133463703,134.90633894620154,6694766
2009-07-09,134.71534729003906,135.73920900646115,128.76309321270654,132.61557601747364,3964808
2009-07-10,137.1448211669922,139.33137032021088,135.3574113154069,135.704481600831,7468748
2009-07-13,137.9605255126953,139.1752722782159,134.75012334667662,135.35749672943692,5119832
2009-07-14,141.24032592773438,142.68066619792796,138.96700809197125,140.56353430364655,4464136
2009-07-15,146.86280822753906,148.303147980714,142.29883549997442,142.6111966790642,4470094
2009-07-16,145.70018005371094,150.90623713888525,143.40952340963446,148.54616216363965,7596876
2009-07-17,150.66329956054688,154.70666858986223,146.11667409160293,146.25550016716406,9094956
2009-07-20,173.72618103027344,178.7066567482317,154.44641383239212,154.44641383239212,34539536
2009-07-21,165.7608642578125,178.09922624321854,164.52875769213594,174.57645237887266,13005820
2009-07-22,161.83892822265625,168.3291491374383,156.97994247435906,167.8779618403672,10674690
2009-07-23,165.08404541015625,167.60030598953534,163.12309962871402,163.47017005345597,7662678
2009-07-24,168.17300415039062,170.06454258523289,165.20555565422623,170.06454258523289,7909322
2009-07-27,167.38890075683594,170.4035126972673,166.2736781229548,167.98137042546068,4652338
2009-07-28,167.5108184814453,169.00941329228814,164.2522577925967,168.80030580290907,6334984
2009-07-29,174.18472290039062,175.8924248123846,165.54170747990864,167.28425176917082,11072150
2009-07-30,185.7900848388672,189.9373492296472,170.8564870822652,176.08412054730138,15672482
2009-07-31,183.29827880859375,188.19482509618882,181.71256740695014,187.8463161608255,5634966
2009-08-03,185.2848663330078,186.40007840472072,181.60807841396237,184.70981782559411,3520548
2009-08-04,184.76199340820312,188.61301232312567,181.39887416822836,181.39887416822836,5481292
2009-08-05,184.36123657226562,187.13188700941666,176.8857152585067,184.53549104917704,6424010
2009-08-06,180.318603515625,186.24325777755143,179.20337022382472,184.3613002681819,4178748
2009-08-07,177.4259796142578,181.90432354203585,176.38045234562418,180.03978715018852,4552666
2009-08-10,187.86378479003906,192.2898536410209,179.1336380090344,179.53443189442396,10623976
2009-08-11,188.85699462890625,194.46797980287187,186.13860800172125,187.32354685312478,8843480
2009-08-12,181.1027069091797,186.80082044213106,178.08809560807646,186.45231144876888,11326536
2009-08-13,183.57713317871094,186.24323579034973,181.08528508361576,186.24323579034973,10033928
2009-08-14,181.74742126464844,184.70974740223141,180.527639913879,184.70974740223141,5151814
2009-08-17,177.79185485839844,180.35339800060956,176.08416297547436,180.10943745919894,5962820
2009-08-18,177.33877563476562,179.4298186319081,174.08021492986953,175.9970140932615,8149844
2009-08-19,173.5749053955078,179.37758882756754,172.16344818188026,178.71541321065507,5603370
2009-08-20,174.60301208496094,177.18197660339706,173.59233809423404,175.96219508184544,3660960
2009-08-21,177.47817993164062,178.61083400091474,172.51192747405423,174.95149008479842,6929022
2009-08-24,181.76486206054688,183.26344648456043,178.9767901009678,179.81322019736191,4207204
2009-08-25,184.11732482910156,185.05830350797922,179.16849211944847,180.5276859079722,5529298
2009-08-26,191.1571502685547,193.4224583391939,183.5073749142136,183.55965976282417,8852624
2009-08-27,190.89578247070312,197.25607097839884,188.543346995254,191.67992762918615,10230928
2009-08-28,188.47361755371094,191.67990383576847,185.09307681362088,190.1987409424921,4563136
2009-08-31,183.68157958984375,186.03401425628468,181.67765376287556,185.05819376001932,7170352
2009-09-01,183.62936401367188,186.92275639030228,180.91097733836855,186.45227784258282,9862194
2009-09-02,186.3129119873047,189.2055538455649,181.57319786443162,181.57319786443162,8161418
2009-09-03,185.98179626464844,189.72826720698592,184.86656345080956,188.1599770450772,7796744
2009-09-04,185.3719024658203,189.5888518758642,183.73390629278063,188.1948162003064,6263446
2009-09-07,192.0110321044922,192.91714696907405,185.96438837120357,186.73111240270393,5925720
2009-09-08,193.30050659179688,198.82436519698842,191.55796176097311,192.3421069348438,9892042
2009-09-09,195.3218536376953,196.83785912653124,189.29265279902367,193.77098448958895,7532186
2009-09-10,193.96270751953125,198.30164944620915,192.3944167945612,196.55910419624246,4898914
2009-09-11,195.2869873046875,198.30159831839887,193.5967273565388,195.5135266372966,9130296
2009-09-14,194.85134887695312,196.5242088835292,185.98181295988311,185.98181295988311,3200972
2009-09-15,199.312255859375,200.6365854745567,195.86200911205003,196.55902693807158,4308186
2009-09-16,198.82427978515625,202.11769235487392,196.97718731222525,201.78660472498768,5816522
2009-09-17,203.16331481933594,204.92328091991533,199.69564620257054,200.39266416488317,5283220
2009-09-18,203.52928161621094,205.62033587939118,201.78673639689407,203.8777906600743,3925348
2009-09-22,210.0289306640625,211.19642715715443,202.91933945916364,205.60286267235088,3763280
2009-09-23,205.93394470214844,213.16550533172673,204.6618785407155,211.89343917029376,4522410
2009-09-24,209.99412536621094,212.3465614709959,202.83226859034872,204.92332290571312,6803348
2009-09-25,204.71408081054688,208.40826563945285,193.4223870065156,193.4223870065156,3068206
2009-09-29,212.72987365722656,214.14133066419274,205.96879145295864,207.3454060731053,7146124
2009-09-30,216.42405700683594,217.05136885984248,213.35718251446085,214.31558212278418,4373424
2009-10-01,219.50833129882812,226.49595205189308,214.3504036182636,215.37850917034243,5686944
2009-10-05,214.43759155273438,222.69725941925836,212.93900705033937,215.6225307060525,6259596
2009-10-06,214.05413818359375,219.0029680676088,210.84785253540846,217.80060829062785,7448054
2009-10-07,206.21278381347656,215.69223306352984,205.14983559578218,215.69223306352984,10075972
2009-10-08,199.137939453125,208.6696467502359,198.1272554112887,207.36273873301104,10162172
2009-10-09,195.77490234375,205.75969225351258,193.99751521016313,200.41006711694362,10032478
2009-10-12,202.0828857421875,203.61633347585573,196.40219468509636,197.60455469543894,5174220
2009-10-13,202.48374938964844,202.48374938964844,202.48374938964844,202.48374938964844,0
2009-10-14,206.64837646484375,208.4083423255408,202.37914202757307,203.86030499560576,3979580
2009-10-15,202.7624969482422,208.37350364254408,200.39264041154775,207.01431026862497,4232380
2009-10-16,208.51287841796875,210.63879555029436,197.25604478101457,197.25604478101457,7189942
2009-10-20,216.44154357910156,218.09696158442878,213.30496209532367,213.9845590044031,7840584
2009-10-21,220.5364532470703,222.83662501665793,215.37852518303072,216.07554306388195,5731638
2009-10-22,218.11428833007812,224.4223122341489,214.45494485032216,220.25762659102475,4292924
2009-10-23,222.97610473632812,225.10202288336095,219.42130787233887,219.5955624120314,7494460
2009-10-26,224.6314697265625,229.19695034932107,221.3032130599991,224.09128503555814,4071746
2009-10-27,224.00418090820312,229.28410126543588,221.14640258401286,229.28410126543588,3940880
2009-10-28,224.73829650878906,226.85337423931009,221.99397013744374,224.58099501743075,3582314
2009-10-29,221.66180419921875,225.66469105794752,220.66546204565827,222.34352209582437,4882712
2009-10-30,219.651611328125,226.8008684031297,216.74996286696017,224.44109058159424,2876124
2009-11-03,211.87313842773438,222.34356695684173,210.10767883814762,222.34356695684173,2768288
2009-11-04,218.74270629882812,219.54677461347245,213.25403266595256,213.63858058322347,4555798
2009-11-05,218.32321166992188,220.24599415860814,211.7158233100851,220.24599415860814,2731302
2009-11-06,217.50161743164062,221.97645137655275,214.53004518118527,216.74997591556655,4179484
2009-11-09,217.71141052246094,219.54679375047044,215.0020352811136,218.498003334465,3432086
2009-11-10,219.07479858398438,219.89634236138693,216.7499718029569,218.8475521752436,4610406
2009-11-11,225.57745361328125,226.1892483344331,216.22573430424555,219.2147842457605,4049412
2009-11-12,229.10818481445312,231.258213017034,224.98294809393195,225.48986756762952,4727766
2009-11-13,234.2823028564453,235.94288764794942,226.38140241425063,228.96842725609304,4597896
2009-11-16,232.74407958984375,236.67704375865446,230.7338979035627,234.22986605361666,3523808
2009-11-17,241.3791046142578,242.23562100555577,230.48915621995738,233.53065251880403,5344330
2009-11-18,240.137939453125,246.7103519875378,238.94930234748543,241.57127713549735,5582914
2009-11-19,237.69082641601562,242.06078556223085,234.0550118712881,241.1867937329878,3464664
2009-11-20,242.322998046875,243.3193402585464,234.26477581442293,237.0265987001357,2800774
2009-11-23,242.6551055908203,244.71773503548235,239.8233803347727,242.96975121380032,2543474
2009-11-24,244.38555908203125,246.1160669452779,238.42493985323796,246.1160669452779,2721872
2009-11-25,245.6965789794922,248.7905228602745,241.9209385414699,244.38559123450588,3893254
2009-11-26,240.4875946044922,247.2872338056729,239.47375557137653,246.44821447197884,4409118
2009-11-27,234.38722229003906,239.96329655155142,228.98594646093966,236.51975463039713,3769058
2009-11-30,240.66236877441406,242.25302943873137,235.62816792753378,235.62816792753378,3882888
2009-12-01,239.73583984375,245.9062276325476,237.813058773184,245.9062276325476,3229964
2009-12-02,239.22911071777344,242.9523255579724,236.69453365560256,242.9523255579724,2161954
2009-12-03,241.23927307128906,243.28442720052365,237.46363181276584,240.43520468050014,2978706
2009-12-04,243.03976440429688,245.06742211718415,238.0754842536411,238.0754842536411,3933408
2009-12-07,244.5079803466797,246.7803592668619,242.96974608101777,244.0185363518711,2207652
2009-12-08,244.12347412109375,245.01494181387346,241.30922376880164,244.66534496668942,4226172
2009-12-09,247.05999755859375,248.5283079982308,242.34044200541805,244.01850193456482,4708848
2009-12-10,246.69287109375,248.21360790286965,245.3993592920713,246.4656247486241,1659484
2009-12-11,246.85032653808594,249.75199745487714,244.71779429431479,247.21742029968604,2688312
2009-12-14,246.50062561035156,248.89537581744133,245.01483962947216,245.0672876697554,3008842
2009-12-15,245.04974365234375,248.91278185602775,243.73875638835486,247.51439544110625,2087152
2009-12-16,249.3148651123047,250.9230012035432,242.96967723645076,245.31197911187905,3565378
2009-12-17,252.67103576660156,254.50641859299333,249.96166111811846,251.01045130462805,3782302
2009-12-18,254.3315887451172,255.7299754873584,251.55229082737515,252.67100448870576,2795290
2009-12-21,256.6214904785156,261.8479661668749,253.98203927935197,255.2405790462787,9326994
2009-12-22,253.12550354003906,259.57556736016306,251.42996796508595,258.70157555086956,3189142
2009-12-23,260.9915466308594,262.0228616949305,253.6500121470788,254.66385163468095,4470686
2009-12-24,261.952880859375,264.6447805165808,259.0687072275893,262.19760288961106,3057686
2009-12-29,259.1910095214844,262.8268025055695,257.53042514775166,262.1975326946403,2256278
2009-12-30,259.6630554199219,261.76063648019726,250.0491422269931,259.40085778738745,1472110
2009-12-31,262.2849426269531,263.9455270687766,260.03003948578106,260.8865557285755,2853462
2010-01-04,262.7744140625,265.30899058092456,261.865449680863,263.8756310575445,1963682
2010-01-05,262.8443603515625,265.5362601307426,260.9915014747257,263.945598868676,2014488
2010-01-06,256.9010925292969,262.96660727579774,256.2543472547925,262.8442356443466,3349176
2010-01-07,249.75186157226562,258.49177804193215,248.5632243973163,257.1283425375895,6474892
2010-01-08,244.6478271484375,251.18529132949277,243.4941620194735,250.3112993624451,6048178
2010-01-11,249.6820526123047,251.74466104356264,244.85762077349037,246.11616078789532,4318408
2010-01-12,262.2151184082031,263.5960302613294,254.15691511934548,255.90489940489806,9027690
2010-01-13,275.6744689941406,278.4188158467244,260.3271869185754,260.44953722649217,10910272
2010-01-14,272.6329345703125,279.13544495804956,268.9621698045158,279.13544495804956,10327614
2010-01-15,276.6709899902344,279.53766744614416,269.97620094609886,278.27912716490084,7945008
2010-01-18,280.446533203125,289.81572237297564,277.23023865110935,279.67741604147227,7261084
2010-01-19,272.93017578125,280.44650559749795,272.21350674072744,280.44650559749795,5154850
2010-01-20,272.4757080078125,276.95054201747587,269.5041357143582,276.95054201747587,4347054
2010-01-21,269.416748046875,276.863154668328,268.45535696965777,269.9760943203607,5089504
2010-01-22,264.9418640136719,267.44148908067854,260.34467997784037,266.0431022096684,7574990
2010-01-25,264.3651123046875,267.6163583740241,259.10368457545457,264.8195838906901,3008286
2010-01-27,260.5442810058594,266.2928786644276,259.44014410658565,262.89279424665017,4844398
2010-01-28,260.0009765625,265.6794652637505,255.0761224379795,262.717535468276,6537196
2010-01-29,258.0556335449219,259.3175107048941,249.6255401820371,257.2844768830386,5473326
2010-02-01,261.5433349609375,267.3795432389125,252.37712927738926,257.4071371156941,3378012
2010-02-02,258.8267822265625,267.32698436831447,257.63499275000896,264.6454687432065,4739188
2010-02-03,263.9268798828125,265.31145306881325,257.81023574833785,260.7896878270066,2977676
2010-02-04,258.93194580078125,264.2599120549082,256.75869387411785,263.92691015259857,2716612
2010-02-05,253.60403442382812,257.63505915896843,251.18541102503178,257.63505915896843,4607118
2010-02-08,253.83192443847656,257.54746971399663,248.22354129397308,255.53195702144066,4170344
2010-02-09,257.6875915527344,260.07114921955855,252.74519291703967,254.1297662672821,3005894
2010-02-10,256.6885070800781,260.68448590883844,255.21630322767857,259.3525000973414,2337374
2010-02-11,260.33404541015625,262.1742954652786,257.63500771712165,258.66905726504564,2413156
2010-02-15,261.5433349609375,262.89284299728047,258.87934131533376,262.89284299728047,1956482
2010-02-16,265.74969482421875,268.1332529889586,260.15883451957524,261.9289758789779,1660490
2010-02-17,265.9248046875,269.1846707098486,263.78659735230116,268.11557773938324,2528290
2010-02-18,265.9774475097656,268.83422495529464,264.8207232818961,266.39808033652025,1814806
2010-02-19,263.0856628417969,266.2228554768309,261.4206746080708,264.6104543766176,2215880
2010-02-22,265.4341735839844,267.6950565945885,264.22486207651923,265.3465426253895,2143460
2010-02-23,267.13409423828125,268.1506214918399,263.33092077875125,266.04747936249214,1853052
2010-02-24,268.2734375,270.1487530561191,263.6289961852229,264.9960478469068,4076058
2010-02-25,268.5888366699219,269.8331917648725,266.83621783357654,269.8331917648725,2672984
2010-02-26,267.02899169921875,272.9002645826957,261.5433077819663,268.8867633178227,3015934
2010-03-02,267.5197448730469,269.552778455102,264.6454456873888,267.09911207124543,4053352
2010-03-03,269.4651794433594,271.30542944931403,267.85277847204264,269.55281039602386,2754742
2010-03-04,267.76507568359375,269.90326179726674,265.346453481209,269.2022143640271,2053606
2010-03-05,267.30950927734375,268.8343010315391,266.45074286444924,268.15077516891915,1287312
2010-03-08,267.3443603515625,269.90317841351333,266.5030951338671,269.06191319581785,3015740
2010-03-09,269.44769287109375,272.8828223872217,267.4497026094415,267.4497026094415,3457732
2010-03-10,273.42608642578125,274.9683997063941,266.39808850140827,267.69503084270434,4587874
2010-03-11,277.4747314453125,278.6314775172949,270.58694913147855,273.4261843762219,3214030
2010-03-12,279.3499450683594,280.41903837330267,277.6148479895696,280.41903837330267,2510976
2010-03-15,286.7284240722656,287.4294715638849,277.3168700549861,279.34990350182755,6054434
2010-03-16,290.584228515625,291.6182779984861,285.95731010359003,287.9553000308636,3088856
2010-03-17,294.6853332519531,296.50806110718463,290.93472469093825,292.33681974968977,4174794
2010-03-18,289.48016357421875,296.1927050329746,287.60486920657473,296.1927050329746,3724554
2010-03-19,287.7451477050781,292.4947434206743,282.2594387847662,282.2594387847662,4716624
2010-03-22,290.09344482421875,292.2666963372055,282.574727557033,285.64181034713914,3310110
2010-03-23,290.4615173339844,291.9862871063025,288.16556962967564,290.93471584421496,1694964
2010-03-25,290.86474609375,293.3184135468812,286.7285680944711,288.866755460201,5517582
2010-03-26,289.19964599609375,293.03788574008485,288.2357055824751,290.93474301946225,1997806
2010-03-29,284.6078186035156,290.6893982945063,283.41602906335083,288.83162633600614,3443266
2010-03-30,280.41912841796875,286.06255481966775,279.42014383069244,283.43362549074925,3097160
2010-03-31,273.6364440917969,282.96036967256885,272.4621763919253,280.41907183407255,7083046
2010-04-01,283.153076171875,283.8541236599927,274.14461167070857,275.6343375829586,5781432
2010-04-05,281.5934753417969,286.3781369837577,280.15633535406164,286.3781369837577,3001836
2010-04-06,279.0345153808594,283.53875983306295,277.6674851589844,283.53875983306295,3702366
2010-04-07,279.73565673828125,283.5738985813733,273.81181433872763,276.91394299046345,3024558
2010-04-08,280.2262878417969,283.0480004716683,276.9138332787838,279.0169763163442,4494438
2010-04-09,277.4747314453125,283.1882885582744,276.3004848501578,281.12018883580913,3018012
2010-04-12,279.7529602050781,280.4189638018151,276.94877056705997,277.26425045904466,2869882
2010-04-13,287.7275390625,288.7615888618285,275.9499444039865,280.419124195858,8404916
2010-04-15,288.0255126953125,292.6524327720237,287.09661573878776,288.13066559367996,4290952
2010-04-16,285.7120666503906,290.233834219495,284.57286379868367,287.07911863015266,3810958
2010-04-19,284.6078186035156,289.18215015437505,280.6819475589283,283.92429287884096,6947704
2010-04-20,276.7386169433594,291.8637316709336,275.86230720003016,289.18221529863393,12016986
2010-04-21,275.16119384765625,280.06852724111764,273.49620573201753,278.66643198584296,7107490
2010-04-22,275.4942626953125,278.19330099644327,273.75916511642265,276.5984001405835,4751116
2010-04-23,273.4786071777344,277.61478274277533,272.5321888668028,276.2302097873633,4306068
2010-04-26,275.19622802734375,277.2643270141097,273.47867423638775,275.5117080064352,2512548
2010-04-27,275.9673156738281,276.8786901665273,273.77654246195937,275.4941172177723,2621234
2010-04-28,270.0085144042969,274.7931734618457,268.1507422986,273.40859999072944,2400382
2010-04-29,266.3103942871094,271.74351190665556,264.85571230223263,271.6909247913391,4622964
2010-04-30,268.2908935546875,270.88475653335485,267.2918880055014,268.1506754934526,3690224
2010-05-03,268.7816162109375,270.3940383514304,264.329960158191,266.83621361222504,2416560
2010-05-04,266.7486572265625,271.6034041256026,265.2764527369951,271.6034041256026,2896028
2010-05-05,268.41363525390625,269.2023139079334,259.44023334801955,262.89288467571623,4371230
2010-05-06,268.88671875,270.2187259107405,266.1175943870684,269.1846767282787,2580872
2010-05-07,259.8783264160156,267.3094130753427,257.6349657753646,265.34648856047755,4267152
2010-05-10,269.9908447265625,295.4914405770752,261.14012245542233,266.397977269961,2327814
2010-05-11,265.10113525390625,273.0580294803925,264.2598910034964,271.65593433543546,1351288
2010-05-12,266.205322265625,269.18477476794584,263.2784355003087,265.34653461845375,2740076
2010-05-13,268.3609313964844,271.02492430573596,266.9062709038789,268.18566954959687,1321452
2010-05-14,267.7475280761719,272.35692343329777,264.64540179168574,268.5011626124918,2026996
2010-05-17,261.4030456542969,271.6383418313812,257.3194360481516,271.6383418313812,3722050
2010-05-18,257.66998291015625,261.49070008845985,254.58537839440115,261.49070008845985,3199180
2010-05-19,252.90292358398438,256.93394731401327,251.0801955315511,255.88237590617962,3929266
2010-05-20,255.8824462890625,256.68864697796636,251.02769884526322,255.53192239003639,2398092
2010-05-21,251.92138671875,254.44516163008916,240.19636470980788,248.87182625897643,2675092
2010-05-24,251.53599548339844,255.88250132387438,249.81844084533006,254.12988145179304,2885428
2010-05-25,245.20887756347656,250.273949875526,242.40468764890485,248.17080743959718,2297366
2010-05-26,258.6864929199219,261.07004982244405,246.80373082564878,248.17078182561613,3689464
2010-05-27,260.0360412597656,262.87529653553037,254.9008810427117,257.6349620756808,6883872
2010-05-28,263.1733703613281,264.1197892799404,257.81035834823643,262.8228464206779,2479374
2010-05-31,260.4566955566406,263.90936769389765,258.6865547117901,262.36705447394974,3327660
2010-06-01,259.1072998046875,263.5764800237816,257.52994208030134,260.4568084111712,3136912
2010-06-02,264.3826904296875,266.22294117513775,258.09078122114835,258.61656714841985,2769330
2010-06-03,268.30853271484375,269.55288832356695,261.17535826919203,266.3981731156188,1684434
2010-06-04,268.2734375,269.79822918330575,264.7156330275119,268.30850272384896,1368210
2010-06-07,264.0320739746094,265.6269531163773,257.9855379293893,262.85782770614685,1734922
2010-06-08,262.9630126953125,267.09919010042654,261.84133202758346,264.29499912824355,2242222
2010-06-09,256.9515075683594,265.8898658687536,256.23293794463433,263.5939388979001,4867400
2010-06-10,263.0682067871094,263.944516603189,255.88246629525628,255.88246629525628,1796036
2010-06-11,266.0826721191406,267.5548767126361,263.24343721290523,267.02909088597914,3237024
2010-06-14,273.759033203125,275.8972193989879,265.69698741097153,267.57228080926416,3550492
2010-06-15,273.4378967285156,277.5782044125352,270.0650017344277,270.0650017344277,2642976
2010-06-16,276.5430603027344,278.3812166457094,273.86614627982823,277.36397624613585,2328816
2010-06-17,276.72161865234375,280.11237760834575,272.5813322199835,277.32839040142835,1528920
2010-06-18,279.54119873046875,281.57565764300335,275.63290009569084,276.72150738689504,2225672
2010-06-21,281.14727783203125,283.3958805880544,280.040807292875,283.00327536160336,1907428
2010-06-22,277.917236328125,280.71906443020293,276.0076911597324,280.1836815991218,1468324
2010-06-23,280.6477355957031,281.5935875130706,274.7763649380699,274.8299119465201,2959524
2010-06-24,276.0611572265625,281.43282570002617,274.00885697573796,280.6475934210162,3777510
2010-06-25,270.7252197265625,276.8999632948134,269.8685985837198,276.8999632948134,2037322
2010-06-28,272.9559020996094,273.81252299402126,270.40390293128684,270.70729948274595,1153124
2010-06-29,269.0478210449219,273.04535212581374,267.3345996630516,273.04535212581374,2614662
2010-06-30,268.04833984375,271.22495338404065,264.56835141035907,269.47602740616674,3316516
2010-07-01,261.2668762207031,267.69147153760565,259.0361139578897,267.69147153760565,3407744
2010-07-02,265.4785461425781,266.2637788016316,260.8564024619194,262.26624854309466,2943550
2010-07-05,263.76531982421875,267.2988558267123,263.08715940845553,267.2631505610061,2165596
2010-07-06,270.9572448730469,271.93878001028935,262.6409479187669,262.87295584693703,2760904
2010-07-07,272.9024658203125,273.901864530765,267.3166513650764,271.76033321085214,2152934
2010-07-08,277.25701904296875,278.0422518390102,274.705039686823,275.5437977146545,2187564
2010-07-09,276.4183349609375,279.826936785485,275.09771878496497,278.3992483324978,1836666
2010-07-12,282.5751647949219,283.3960810758408,278.32778408503253,278.32778408503253,2725776
2010-07-13,276.489501953125,282.6820869366254,274.6691875648624,282.6820869366254,5545886
2010-07-14,276.489501953125,280.07656195691794,274.9190372006764,277.68518135946283,2833842
2010-07-15,279.1486511230469,280.1480500206931,273.1345249203874,275.1868261530463,3795536
2010-07-16,297.5479736328125,299.2790362676137,283.75293241830997,283.75293241830997,19135452
2010-07-19,295.0673522949219,297.92272762273575,293.8359673278452,296.7627313958114,3027924
2010-07-20,295.263671875,297.86919765365775,294.4605975181324,295.0673691669451,2342062
2010-07-21,300.88519287109375,301.527648000694,296.1024302016957,296.9590515643535,2943720
2010-07-22,301.1351013183594,301.95601757656215,297.13757048757446,300.8852515567871,1362882
2010-07-23,299.5645446777344,303.383613343843,298.06546834896096,303.383613343843,1894472
2010-07-26,303.1159973144531,303.95475526958535,299.95724644493293,300.6710904185908,2766490
2010-07-27,303.0801696777344,306.88137395864794,302.02724596042617,305.1681535936743,2106602
2010-07-28,304.9718933105469,306.22111984379933,302.31282104709595,303.7405085136702,4359228
2010-07-29,304.0953674316406,305.8841637106503,303.73760817583866,305.8841637106503,5331904
2010-07-30,300.4462585449219,304.0954078057701,298.7290182562565,303.7376485024692,1283426
2010-08-02,299.90966796875,303.540934217376,299.4445851666148,301.5911413326837,2827762
2010-08-03,297.6737365722656,302.1278459507991,296.42157853694556,300.87568791547903,1281552
2010-08-04,310.82122802734375,311.9660619797689,299.0330565245767,299.08672914574174,5583934
2010-08-05,314.0590515136719,315.68687410186305,309.6944047060044,311.96616795156734,2912950
2010-08-06,309.3544921875,316.08036311929385,307.90557129080474,314.8282054838467,2437734
2010-08-09,314.77447509765625,316.15186134547025,302.7001001140449,308.0843944273024,4259986
2010-08-10,309.28289794921875,316.61696319844833,308.1738529141805,316.61696319844833,1545194
2010-08-11,307.0110778808594,312.32379346838854,305.8125714137826,308.3884421188441,4020248
2010-08-12,305.3296813964844,306.56395535854426,302.73592645072017,306.56395535854426,2278092
2010-08-13,305.6695861816406,308.7105405452898,299.8023243221233,306.5997517232216,2589906
2010-08-16,305.5622863769531,308.58535759074437,303.6661659764362,306.59979734269456,1319098
2010-08-17,304.1669921875,308.03078865360624,301.94887993454546,304.13120315232027,1733196
2010-08-18,311.64410400390625,313.3255770082907,304.095391835064,305.1686696885995,2888916
2010-08-19,311.98394775390625,315.1501301992536,310.2845913264363,312.681582654467,2148534
2010-08-20,310.875,314.7924693561657,308.7463274424581,310.89288360080656,1746396
2010-08-23,311.39373779296875,313.2004180900195,306.6176375097525,307.673031928314,1049830
2010-08-24,311.50103759765625,315.5079462627351,309.461805150296,311.2506017118584,2650474
2010-08-25,311.6799621582031,315.36487923873636,309.9269325409511,311.9661652821079,2379968
2010-08-26,313.5760803222656,314.47047872592293,307.76249069849285,312.68168191860826,4204428
2010-08-27,306.259765625,312.32378856745663,304.45308599187354,312.001796545918,1276514
2010-08-30,302.5389404296875,308.67449485441216,300.553360292139,308.67449485441216,1558570
2010-08-31,301.859375,303.2725284412525,297.0117414042155,300.5177777777778,2447874
2010-09-01,307.10064697265625,308.03081258524406,300.51786593682345,301.2333846652445,2745484
2010-09-02,301.9844665527344,310.35603875316764,301.0543015686346,310.35603875316764,2758800
2010-09-03,299.5518493652344,304.6320356540665,298.7647745594896,304.0953967186806,2777970
2010-09-06,306.0094299316406,306.77862121481763,299.8023143766964,299.8023143766964,2287978
2010-09-07,311.7336120605469,313.00367526728365,306.2420145755894,306.9575333012333,2484236
2010-09-08,314.4882507324219,315.86563688683555,307.27941525849764,309.10397862016316,4189478
2010-09-09,312.9320983886719,315.7226168674598,311.7335915007245,315.5437371978465,2938158
2010-09-13,314.7386779785156,318.0479508075026,311.5009613616578,311.7334917562147,2349410
2010-09-14,320.3197937011719,321.62562393426214,314.93552038179854,315.90147489872464,3071038
2010-09-15,327.2781982421875,328.923904098428,321.62560575625315,321.983365050754,5560394
2010-09-16,320.3376159667969,326.79516555376847,309.2828472776917,324.8453734275813,2334264
2010-09-17,326.92047119140625,328.69138424102704,322.01916400615664,322.01916400615664,3007978
2010-09-20,326.3658447265625,329.81822989458385,324.3802854453629,328.065201002201,2419108
2010-09-21,341.28448486328125,342.7334056452288,325.6682828550046,326.27647802552053,4997184
2010-09-22,334.5944519042969,343.4489963412189,332.71621520555584,342.01795885646385,4031066
2010-09-23,333.1990661621094,338.1898120279785,331.9290252016639,336.29369238490153,3327236
2010-09-24,333.413818359375,335.54249078090663,330.9273866009774,333.8252284952326,2738784
2010-09-27,331.85748291015625,336.8124617935767,329.85403977602545,334.504910185015,3423290
2010-09-28,329.0133972167969,332.82352121887135,327.02781534197015,331.0168408561686,2521714
2010-09-29,329.2637634277344,335.30990433956754,327.31399270903955,330.9273529091491,3370194
2010-09-30,331.625,332.71616153894325,327.40344446808285,330.9273649715295,7560924
2010-10-01,344.0213928222656,345.5955427451121,329.8541308602416,331.6429276653405,3326156
2010-10-04,341.9464416503906,348.8154267285328,340.944719663889,345.86391157929137,2140956
2010-10-05,339.9608154296875,345.57764147773634,338.4940108588513,339.87137559400486,2211664
2010-10-06,343.3237609863281,346.2752755552634,339.87137460466914,339.87137460466914,1838960
2010-10-07,339.4419860839844,345.59544980588464,335.72130283150216,343.4488942170282,1972940
2010-10-08,337.2239685058594,341.55286992121853,310.8928879925209,337.74272395196795,2695996
2010-10-11,336.61572265625,341.28447699528937,332.37626199389473,337.22389597685054,3065370
2010-10-12,340.12176513671875,341.9463288015665,335.97174422522454,337.24180718750466,2608902
2010-10-13,355.2012634277344,356.93640889567536,339.5492962050003,341.99996017455203,5350604
2010-10-14,352.7685546875,359.1903385131562,351.44484090548167,356.65025620822786,2949086
2010-10-15,339.97857666015625,361.69456531477937,338.08245719333974,357.4014547472449,5717798
2010-10-18,351.0513000488281,352.0351380871815,332.7161366067874,347.026508073746,4480734
2010-10-19,346.2215881347656,353.25156763311094,344.915757859005,351.3196585361301,2200912
2010-10-20,344.6115417480469,350.7828878110148,342.08934381122896,345.058740738117,2206638
2010-10-21,352.8222351074219,355.5590807213205,347.0265299310845,348.47545076619497,3752354
2010-10-22,372.1411437988281,375.4325550083014,365.6299431026984,365.6299431026984,9610404
2010-10-25,381.71142578125,383.85798247041055,371.06808219749564,373.1431044657406,5156316
2010-10-26,380.1549377441406,381.99740645813546,372.62413237994673,380.4769297759092,3507024
2010-10-27,375.0032958984375,381.65765408394253,373.33975002385256,379.2248732772212,2141382
2010-10-28,376.6847229003906,381.9259046450355,372.0696198429816,375.6472123414718,5255690
2010-10-29,376.6847229003906,379.22480483996196,368.8497865943404,379.22480483996196,2212398
2010-11-01,377.5807189941406,382.2404391699154,376.039409434046,377.096833726864,1147948
2010-11-02,376.1649475097656,379.94650808750026,374.10391692344194,378.1543075776536,1565778
2010-11-03,377.3658142089844,386.7569288059256,375.7886687696388,376.68476916075537,2217878
2010-11-04,383.2264099121094,386.61365284223706,380.484333192289,380.66355332097123,1717440
2010-11-08,382.8678894042969,387.97566200113226,380.69930879981877,387.1153968127895,2248586
2010-11-09,391.09393310546875,393.81806875748697,382.99319665806365,384.9287816953808,3504086
2010-11-10,391.5242614746094,397.1517553068677,389.30190590496505,391.5063219620273,1540224
2010-11-11,381.64923095703125,390.6998466712036,379.3193694860562,390.6998466712036,1926096
2010-11-12,378.47705078125,383.4952140433238,375.71703473416267,379.9466469855894,1802330
2010-11-15,382.09716796875,387.0615548804039,377.4374464081555,381.7387278487043,1389396
2010-11-16,375.96795654296875,382.2406604102199,373.56638080941815,382.09727557084364,2178076
2010-11-18,373.7814636230469,384.2479001168026,372.7778135461518,384.2479001168026,2765160
2010-11-19,363.9601135253906,376.00369303560876,360.5907675822902,374.5340972666208,2172652
2010-11-22,372.4552307128906,373.853156347627,362.56228920961144,364.17527022932796,2221236
2010-11-23,369.21124267578125,374.5699046712735,362.88476615690945,370.62706356947064,1684448
2010-11-24,360.1427001953125,370.8062934581247,358.06375193469086,367.40111241621827,3008608
2010-11-25,366.25421142578125,373.4588729546867,360.9851358306008,362.04253885221993,5855006
2010-11-26,375.3766174316406,377.7960895420857,367.40132047498844,367.40132047498844,3617826
2010-11-29,383.99700927734375,386.57776125244845,376.4518254570088,378.15441643146323,4518892
2010-11-30,385.6816101074219,389.2839511982113,377.47332173612546,380.12578765698964,4808408
2010-12-01,387.7963562011719,391.846703112286,381.380269606253,381.380269606253,3776032
2010-12-02,392.77880859375,393.9974703316659,385.34117406632294,391.0582780444778,4095716
2010-12-03,393.33453369140625,398.9441342674463,391.1122208856883,391.79326634386905,2030112
2010-12-06,394.8936462402344,397.86871812094364,392.59966340995777,394.2843152549892,1930954
2010-12-07,389.8037109375,394.28421336206895,387.8681251391049,394.28421336206895,2158324
2010-12-08,386.8107604980469,391.75720913191975,383.97907409446657,391.04032871354036,1984132
2010-12-09,384.46307373046875,393.31657577802525,382.85009231039925,388.44175248232256,2579902
2010-12-10,385.2873229980469,388.495344813708,378.8712356118239,382.45563708402665,2245624
2010-12-13,385.71734619140625,387.36616174368515,375.7885738672274,383.8893106061646,2115066
2010-12-14,387.4558410644531,390.55635694027626,381.4340731327254,384.6779300566455,2615340
2010-12-15,395.5924377441406,397.295028273491,387.65298052471707,388.94335617492965,2572034
2010-12-16,408.8726501464844,410.05552011030096,395.77168928401215,397.51011521182147,4515704
2010-12-20,418.1921691894531,421.88412079866026,399.60705333260927,406.7579616670605,4514046
2010-12-21,416.07733154296875,420.181453639363,413.63992109176786,419.01652318568165,2810642
2010-12-22,412.1165466308594,419.01651925329384,407.81526499609504,418.29963898083315,3186836
2010-12-23,408.62176513671875,415.6292874706288,405.79007924137017,412.20616658528644,2850924
2010-12-24,409.0159912109375,411.77600624637114,403.5139444020047,406.4710752403938,1624640
2010-12-27,409.05206298828125,415.59359862528356,407.9767420616507,410.41415366398144,1664936
2010-12-28,410.8979187011719,412.5288391297344,408.6397716711326,409.0519429014019,1012876
2010-12-29,414.697265625,416.5074056731282,411.1487435582077,411.8476842671465,1042370
2010-12-30,419.4466552734375,421.0955150037024,413.102281980556,413.102281980556,3845552
2010-12-31,417.81585693359375,422.9594654102705,416.4358708186186,420.2711637233408,1532980
2011-01-03,415.0916748046875,421.8661593146196,413.83713415397335,418.2996969666944,1405042
2011-01-04,410.32440185546875,417.995030566884,407.94076587379203,417.1885401504832,2502868
2011-01-05,415.4142150878906,417.9054005077505,409.2490617019401,410.5036022895966,3069674
2011-01-06,419.984375,423.6763266512935,413.3173958696669,418.6581637298738,2846720
2011-01-07,409.57171630859375,425.41475615056453,407.9587353572882,421.52568860784294,2532724
2011-01-10,405.3599548339844,411.8477124850758,401.81138876916447,411.3100522860091,3952426
2011-01-11,393.74639892578125,407.0266204151746,389.9111078537672,402.52818024001124,3768730
2011-01-12,407.170166015625,412.779764424647,397.15177898454084,397.83282417963017,3160874
2011-01-13,402.9764404296875,414.3389785529138,400.0909789913571,404.6610920582715,5589198
2011-01-14,401.5067443847656,412.2061741542232,401.4529696110696,405.00153586129056,3151692
2011-01-17,407.6898193359375,410.9695553305013,401.45295222010947,401.88306288124267,3000212
2011-01-18,431.0422668457031,433.3183532951983,417.34982537099677,420.8087819463238,8481370
2011-01-19,427.6191711425781,433.3542145107938,424.75164945847035,431.3648538404806,2952040
2011-01-20,434.5010986328125,436.84889893520284,422.9593441998271,422.9593441998271,4545208
2011-01-21,434.3038635253906,437.29682897271033,431.56178859274036,433.7124287352291,2597404
2011-01-24,433.4258117675781,437.29698288855195,429.5009096280388,430.128179890379,2016678
2011-01-25,426.0241394042969,437.04617612845385,422.95945803268944,435.4331951444309,2467094
2011-01-27,430.6378173828125,434.4257091120563,424.2468101953681,426.38315045060136,4714118
2011-01-28,424.15704345703125,432.14578042063766,418.3764380603328,429.058007708301,3014578
2011-01-31,416.31195068359375,419.7228722286512,405.19954486563324,419.7228722286512,5940816
2011-02-01,412.954833984375,418.2866333780123,406.7972151221356,418.2866333780123,4212708
2011-02-02,424.5519104003906,430.45821536854226,417.33512881436764,420.0818264453169,3937618
2011-02-03,425.000732421875,429.3092641439668,420.3152304712909,425.35977673204934,1883412
2011-02-04,412.4701843261719,424.7853797569181,409.40033747185464,422.2361735294024,3457600
2011-02-07,406.13299560546875,421.33851395167113,404.4634307341777,421.33851395167113,2578382
2011-02-08,403.96087646484375,412.8651957950108,401.59119200995485,406.4382917794089,5288638
2011-02-09,394.3384094238281,405.5764707768506,389.0963270863637,403.0272647720854,6012732
2011-02-10,391.6275634765625,400.154865454622,384.8954829675682,394.94872319433307,4551822
2011-02-11,391.21478271484375,396.456822366527,379.1150035567943,389.240038448009,2945056
2011-02-14,399.3650207519531,402.12964452661237,390.2811817860961,391.7173590879769,2462548
2011-02-15,394.1229553222656,401.7706173119442,386.52920257808705,401.7706173119442,3625426
2011-02-16,393.6921081542969,398.43147578255883,388.1269210349247,396.74398496169454,2464592
2011-02-17,398.2519836425781,400.13696651867235,392.22006473627073,396.7440148731655,1477760
2011-02-18,391.25054931640625,406.58176695470235,388.52182144999534,398.62892708345703,4076928
2011-02-21,408.8079528808594,412.18297907104125,379.94077380387967,391.3584034733754,5657800
2011-02-22,408.8617248535156,412.0751540289163,402.12964376372116,403.08111999014267,3305400
2011-02-23,404.12237548828125,411.0878006397968,403.2426905557596,405.05588200902156,1879344
2011-02-24,399.18548583984375,408.8617125707603,391.82507740278504,401.7705873692037,5378830
2011-02-25,398.55712890625,401.05246917313735,390.7299459065951,396.85166854047344,3070474
2011-02-28,398.6289978027344,412.2726833839133,394.9487931393901,395.37962883680666,3229396
2011-03-01,403.74530029296875,406.4381324425439,394.08700021742953,399.6162909969535,3167804
2011-03-03,412.97296142578125,414.6963925366237,397.4622567428939,402.09393950319355,3452600
2011-03-04,407.7127990722656,417.6942049681385,406.6176963541554,417.6942049681385,2061198
2011-03-07,397.9110107421875,403.92500526502226,392.95617981280265,403.5659608158978,4184588
2011-03-08,401.3037414550781,405.28916770055616,396.7977624062136,396.7977624062136,3947902
2011-03-09,404.53521728515625,408.59243562732786,401.5910713964554,403.0452184220206,2424486
2011-03-10,398.01849365234375,402.84762095316916,394.9486479933031,402.84762095316916,1871324
2011-03-11,386.7087097167969,395.81047463557326,381.771850223228,394.9487594855106,5012882
2011-03-14,394.069091796875,395.66682141176915,380.0124985862532,384.5364480326722,3248618
2011-03-15,391.28662109375,393.3151869760629,382.61568970365573,385.97274621899044,3411868
2011-03-16,400.2806396484375,403.36841271556324,391.77130491958405,392.07648389314573,2677874
2011-03-17,394.2307434082031,401.73477998562157,392.30986467190087,396.7440541585286,2056102
2011-03-18,388.7552795410156,398.1801939607355,386.3676257889552,392.6150063986152,2211348
2011-03-21,384.46466064453125,391.89686025207044,382.92075259627404,391.89686025207044,2619090
2011-03-22,383.9979553222656,387.7679212230452,381.6641669074973,386.00859503694966,2657774
2011-03-23,382.1488952636719,384.5365492699694,379.5996888101542,384.5365492699694,4352248
2011-03-24,392.5791320800781,393.3510862593145,384.17748486039,384.5365292387642,3094834
2011-03-25,402.0039978027344,405.1815313966494,396.2951841196737,400.9986561348876,4146434
2011-03-28,402.0937805175781,404.53525582580664,397.8211439423576,403.511988183383,2248642
2011-03-29,408.84375,413.58316132521924,401.824459835226,402.1296387417549,3159588
2011-03-30,413.6011047363281,417.9276065104452,411.06986846831563,412.182897142604,2294770
2011-03-31,425.0726623535156,430.1351794899608,413.61913753959504,413.61913753959504,7394126
2011-04-01,423.726318359375,430.4045363939987,420.9975892927046,425.4676751840571,1799624
2011-04-04,435.5926208496094,436.5979626371455,425.10854256774695,425.46758694491564,2311616
2011-04-05,445.16119384765625,446.63326713274836,432.19969967807936,436.25691895937797,2891014
2011-04-06,438.6983642578125,447.7103693750376,435.933740080162,444.8559841029353,2422352
2011-04-07,430.56591796875,438.0340571299672,429.1118148139928,438.0340571299672,2149016
2011-04-08,429.4169921875,435.8797897287834,425.37774372419784,429.7401408302943,1983768
2011-04-11,423.09796142578125,429.0580901466035,421.98493246812143,423.72628917285783,2256232
2011-04-13,434.47943115234375,438.5366486433698,421.6256735068249,421.8769869463144,3757530
2011-04-15,427.765380859375,437.9981432436866,423.6722671399205,436.9210103611275,7566770
2011-04-18,410.962158203125,435.34127856870373,409.3285326920817,430.1351354435522,7765454
2011-04-19,418.1789855957031,419.8665205343505,409.31060664975615,410.9622020862949,3120224
2011-04-20,437.56732177734375,439.4702743201594,423.5107708601744,423.6005319456156,5338548
2011-04-21,428.01666259765625,447.297366063046,420.38697191191517,445.57393604727906,17333968
2011-04-25,430.08123779296875,432.28936916698586,421.03333829535353,429.7760588811313,4191552
2011-04-26,426.9036865234375,431.5712625745769,423.79794446214146,430.85317395132466,3155246
2011-04-27,423.88763427734375,429.039910517263,422.25400923127586,429.039910517263,1774478
2011-04-28,416.0067443847656,424.9289877056292,414.91164158714173,423.7261979003305,2846194
2011-04-29,418.5201110839844,420.8000342444056,412.99081859183235,420.8000342444056,1866696
2011-05-02,415.93487548828125,422.7746873242233,413.7985793130933,420.08185492088427,1543070
2011-05-03,408.7539978027344,417.2095092611317,406.07913508979345,417.2095092611317,2120156
2011-05-04,408.25140380859375,411.46483327346385,400.3883236216679,411.46483327346385,2722934
2011-05-05,400.33441162109375,411.105741081751,397.8569970794122,411.105741081751,1885596
2011-05-06,412.5238952636719,414.15756421879354,402.03982014217087,402.1295812094051,2405348
2011-05-09,407.7127990722656,413.60109091460447,403.74534176622313,412.90097201525714,1012232
2011-05-10,409.27459716796875,416.47340892452524,405.0019613279459,406.7971827877329,1529158
2011-05-11,409.4004211425781,413.5114624333719,404.3199335702958,408.9516155942964,1460670
2011-05-12,399.16748046875,407.12032007988796,397.9467211443573,407.12032007988796,2540458
2011-05-13,404.6789245605469,410.1364256040477,399.25736301909535,399.25736301909535,2365488
2011-05-16,406.11517333984375,411.9676154741942,402.1297886643505,402.48883311851506,2227368
2011-05-17,409.9208068847656,412.6136387872984,402.86562236304513,402.86562236304513,1391414
2011-05-18,414.7142639160156,417.0300828324792,410.1184779297455,410.1184779297455,2225180
2011-05-19,418.2326965332031,420.08178323367866,415.0551636052415,418.28656193780824,2050922
2011-05-20,421.8771667480469,424.8931484505312,417.6583950805664,421.4283612515064,2050600
2011-05-23,418.84332275390625,420.26153080696474,412.90111954550144,417.9277418704032,2017284
2011-05-24,412.86492919921875,421.0870500424546,409.0052040973316,417.4427426921547,1681994
2011-05-25,405.21734619140625,412.8650065197694,402.1295742973521,412.57775357809885,1867470
2011-05-26,407.7846984863281,410.3877705215699,402.12974889252695,408.95159284695376,2060218
2011-05-27,410.9441223144531,412.86500032570115,407.98200719107734,412.3802993439686,1286704
2011-05-30,413.6011047363281,416.47345942024873,410.1363619617723,413.2600301490742,1140868
2011-05-31,415.4681701660156,422.84650511565815,412.93689001702603,414.6962160630244,2644154
2011-06-01,422.020751953125,422.59521416671953,415.414326925144,415.414326925144,982386
2011-06-02,419.2741394042969,420.8000782546229,415.28875493741384,416.0966049169982,1697654
2011-06-03,413.6549987792969,421.87712339676096,412.90101438831925,418.6457241537219,1367808
2011-06-06,418.0533142089844,419.3638349589631,409.3105923400838,409.3105923400838,1357074
2011-06-07,423.4209899902344,424.80330187570894,415.7733283365211,417.5685499614629,1837442
2011-06-08,427.07208251953125,428.37346142484176,420.60128469856824,423.6378648962941,2127670
2011-06-09,428.8616027832031,431.5547796848327,424.75862404884504,424.75862404884504,2693966
2011-06-10,429.89178466796875,432.89222441743044,428.40965727635825,428.9338538787622,3774550
2011-06-13,424.8669738769531,430.36170457479585,423.87285822169844,429.89174134111056,3229400
2011-06-14,430.5604248046875,431.9521775067674,425.8428778194136,425.8428778194136,2125782
2011-06-15,428.1024169921875,435.60347264140677,427.0179270188064,428.73503614332645,2812382
2011-06-16,416.13690185546875,428.6989111790042,415.08855268344183,427.65056200697734,2337520
2011-06-17,400.9720153808594,418.2515706978852,399.09225069184555,417.52857749011014,3788146
2011-06-20,386.54840087890625,404.5147674476746,382.46347092014275,403.06878079013154,5310408
2011-06-21,400.0863342285156,401.5142280480205,384.34314074207566,388.6088179766472,3425946
2011-06-22,391.68157958984375,403.75557527128296,390.4163414462679,403.43021949447683,3570834
2011-06-23,396.5617370605469,398.0077233397102,386.8374705075735,391.06700685092585,2428236
2011-06-24,411.29278564453125,412.3772755209835,397.28479140702245,397.64628803250656,4151588
2011-06-27,415.9378967285156,417.42002366927505,405.59910484244426,405.59910484244426,3125218
2011-06-28,417.1670837402344,420.0590565911199,410.5336298391165,419.3360633783985,2133332
2011-06-29,422.89691162109375,426.1684744533426,417.4202277134139,417.4202277134139,2958704
2011-06-30,428.0843200683594,430.9040116211107,421.8665952699969,422.8788035525254,5172916
2011-07-01,430.867919921875,433.0730409374394,426.45763376273175,433.0730409374394,1920840
2011-07-04,428.6265869140625,433.79600698180036,426.5660735321037,431.2655302744065,1603734
2011-07-05,426.3671875,430.5424912756646,424.18015934018143,430.10871296588437,2061136
2011-07-06,427.57818603515625,431.22929278334516,423.56553856750116,425.93335889279297,1490178
2011-07-07,432.3138122558594,433.79593955707844,427.6866379160486,427.6866379160486,2602634
2011-07-08,423.54766845703125,435.6035760302733,422.6800674468025,432.350105337931,3412060
2011-07-11,418.12506103515625,425.7707231303132,414.49200246863364,422.9510319328923,1822504
2011-07-12,414.0401611328125,415.2873509975388,402.02039804631727,410.5517097873711,4079404
2011-07-13,415.377685546875,422.22802846016015,408.85265427092565,415.7210896653974,3952600
2011-07-14,406.21392822265625,418.83017511090986,404.5510518021818,415.7213115199313,6937844
2011-07-15,414.29315185546875,425.80680851078705,412.50371739968887,422.2279837272255,7279700
2011-07-18,406.70172119140625,416.4440358013586,405.707605654554,414.99804956593727,3125208
2011-07-19,412.12420654296875,415.0523201067577,404.9665563843718,405.454567957003,2195292
2011-07-20,409.37677001953125,416.37176389972956,406.6836382441363,415.7210524273394,2807746
2011-07-21,405.79803466796875,409.3949082637645,404.8942931486227,409.2141599598953,1850624
2011-07-22,409.72015380859375,412.57598506701873,407.2258190606531,407.3161931882742,2090442
2011-07-25,412.0699462890625,413.5520733908249,406.01487878093633,410.298604281981,4740714
2011-07-26,413.78717041015625,416.42606961331035,407.49711955286637,412.03392039359267,3968722
2011-07-27,414.69085693359375,417.40208158669924,411.4373873498672,415.34152437353583,2024290
2011-07-28,409.399169921875,414.96268370306916,406.04655856507304,413.1866969463997,4093814
2011-07-29,412.0993957519531,413.91161824866356,406.5358815357947,410.64961775458477,1719138
2011-08-01,411.4651184082031,416.7749391791481,407.78629788639876,414.05660543058036,1982346
2011-08-02,409.7978515625,411.01203169628224,406.7533091456374,409.7434760428987,2025292
2011-08-03,402.4403381347656,408.0038536938174,397.0036693323586,405.9379372463923,3064246
2011-08-04,397.18475341796875,405.7565737624514,395.46314222960643,402.33149130624554,3049294
2011-08-05,383.44818115234375,389.26543368280016,372.59298494033385,388.957364674346,5269388
2011-08-08,364.3835754394531,374.5320216124968,361.21218601037697,366.50388907372115,6549306
2011-08-09,349.6864013671875,357.080277005054,343.4886101132801,349.75889468164775,8159270
2011-08-10,356.6634521484375,366.79377882392345,352.9483965822861,362.082001032707,5949080
2011-08-11,354.5976257324219,356.42798845432355,349.03411059606776,355.1956681039942,2900464
2011-08-12,343.289306640625,359.5086975250538,339.79170847267056,359.0193841917395,4169084
2011-08-16,352.8759765625,354.59758803610663,346.5150796475461,350.4838515742319,2983568
2011-08-17,362.408203125,365.8514252928412,351.5711055585269,353.20210553276746,4557892
2011-08-18,348.79840087890625,365.81517190244875,347.2217764005677,364.5828740693374,3619896
2011-08-19,336.6928405761719,343.21684192256555,328.01228991590426,341.7851816471798,5443614
2011-08-22,332.7420654296875,337.0732802835068,326.92483743626144,336.7108358961052,3528922
2011-08-23,355.7755126953125,358.0951663462984,333.5757870488441,333.75700929901933,4874670
2011-08-24,348.88909912109375,354.470753786101,346.13452951505775,354.470753786101,3194790
2011-08-25,344.4673156738281,352.6585538097715,339.97299432021134,351.4624911965564,4445488
2011-08-26,343.7604675292969,351.3899193212353,340.69780728412707,344.72093211714434,3584910
2011-08-29,369.54840087890625,371.14316551697965,349.432731263484,349.432731263484,5590444
2011-08-30,377.81207275390625,380.67539252441486,371.19746208020206,373.31775309125146,5966682
2011-09-02,370.45440673828125,389.5371129558274,366.79372720288194,388.9028352655062,4413506
2011-09-05,372.48419189453125,374.47763662816567,361.8827124784229,368.1711156530543,3789658
2011-09-06,374.73138427734375,377.6671759324907,364.2567291863274,368.96850777281725,4763292
2011-09-07,373.68023681640625,380.5666815298027,371.5055700648074,374.803805789324,4432156
2011-09-08,375.5105285644531,382.3606921515748,372.95527791333944,374.4050554756848,4892662
2011-09-09,368.2617492675781,381.1466474993246,366.3045621372318,376.94229992581825,5062650
2011-09-12,357.2615051269531,363.8398587380366,354.70627613349575,362.4444564295245,3297170
2011-09-13,360.17913818359375,371.1430817610063,358.36691610468256,361.64703364314147,3798204
2011-09-14,367.91741943359375,372.95540705597926,360.1792378638284,362.80696060547643,4745632
2011-09-15,377.5765075683594,379.0444252952658,366.06889622658315,372.59289635735394,3852238
2011-09-16,372.50225830078125,388.6854107477998,370.16448733197876,379.8417579170214,4656504
2011-09-19,368.986572265625,374.2238990544871,366.9750099686859,370.23701005729646,2240234
2011-09-20,383.44818115234375,385.64098830400314,370.4545533181,370.4545533181,3487986
2011-09-21,378.2108459472656,387.07259651370947,375.81872103151215,387.07259651370947,2740760
2011-09-22,360.41485595703125,374.76765075419297,357.44280633325485,370.7807608525526,3141570
2011-09-23,358.9286804199219,367.8810614126591,356.0110074606743,358.0950627346869,4564232
2011-09-26,361.3389892578125,365.3439958996032,351.2086627249162,360.99466261508417,3388478
2011-09-27,377.14166259765625,378.7545230125199,364.61918674698086,367.4462495757171,3964578
2011-09-28,379.8055419921875,385.89458210958594,375.8548887009769,380.02299981000414,4425190
2011-09-29,384.71673583984375,387.09076525306835,375.38378901843316,378.12026296841157,5380350
2011-09-30,375.963623046875,385.6408715817549,374.4413299023032,380.5304139931812,2691018
2011-10-03,378.1383056640625,380.53043014281997,367.9898391225177,369.69333243162225,3949264
2011-10-04,379.0987854003906,383.8287035524161,372.991604773346,376.3623561280895,4718224
2011-10-05,378.2289733886719,385.2785011736202,377.3047222217673,382.19772294222247,3415262
2011-10-07,380.0411071777344,390.64260626437533,376.0360787141889,389.66397980246376,5085808
2011-10-10,385.89459228515625,389.2653434031696,379.84178760383776,379.84178760383776,3854814
2011-10-11,377.2503662109375,390.7151888498205,374.94885237953554,389.62785530014565,4476374
2011-10-12,391.09576416015625,394.8470559702231,384.9160675996071,386.3658456319974,5871662
2011-10-13,396.0612487792969,400.4830542207787,391.4763167577712,397.4204157277502,5408918
2011-10-14,411.1024475097656,413.45833546111095,394.6656073441169,394.8468294942204,6710132
2011-10-17,406.0283508300781,418.2608496834726,402.78449105384414,417.35473865729523,4358690
2011-10-18,374.6045837402344,385.73161376904164,369.8746646476927,384.91611352851515,12006778
2011-10-19,380.1861267089844,382.16147570815514,375.2025150157779,378.0295997101361,3827420
2011-10-20,378.71826171875,379.47938630959686,373.42658093987063,375.4924968641283,2245412
2011-10-21,380.5123291015625,384.1911494283211,378.0295932582443,382.3426914260403,2461130
2011-10-24,391.34942626953125,395.89812217927084,384.00992556848195,384.191147808014,3271720
2011-10-25,399.30902099609375,402.3438551129366,389.42303876699174,395.80167860703517,4158746
2011-10-28,407.6139221191406,414.01070774355895,403.79765267442286,410.3398288653676,3259116
2011-10-31,405.5423278808594,411.4302698259224,404.16118378659513,407.06881820232604,1778740
2011-11-01,402.870849609375,408.159126745431,398.43672546275934,402.7073129420637,1458210
2011-11-02,402.2892761230469,407.7410891735475,399.7996237033786,400.25394145758696,1550844
2011-11-03,401.6169738769531,403.2161815603563,395.0747969269213,399.00012084373117,1891268
2011-11-04,399.7270812988281,408.88611247139426,395.1475213455623,407.4322951826071,2716008
2011-11-08,401.707763671875,405.17876910748083,398.3458122455327,398.3458122455327,1692104
2011-11-09,408.1409606933594,416.5185994856513,402.08948250331434,403.43424557510724,3921980
2011-11-11,411.0665283203125,414.7010688005982,402.434494679634,403.4339933117125,3629590
2011-11-14,410.121826171875,420.15315561595366,408.7043455797058,414.33788702611344,2329150
2011-11-15,408.6680908203125,413.95632513246414,407.0688827646254,408.9043450274573,1468478
2011-11-16,406.0693359375,411.7210683173903,401.68969366795324,409.24956121335873,1871602
2011-11-17,405.3061828613281,408.34101822664127,402.5620843956962,405.25165582795285,1391988
2011-11-18,394.9293518066406,403.3615164424469,391.185799911266,401.8895090851725,2789442
2011-11-21,387.8783874511719,395.5473082049458,385.29787095265436,394.34789134163196,2871704
2011-11-22,393.203125,397.98255912683925,384.17129223476627,388.49640837173473,3723582
2011-11-23,386.0975341796875,393.2393759316133,378.35593957134853,393.2393759316133,2355750
2011-11-24,396.81939697265625,398.491277771764,379.8097190795286,385.9884417822578,3766844
2011-11-25,386.6789245605469,395.4018251870077,384.20741830292957,394.3477991545837,2140604
2011-11-28,395.6200256347656,398.345933023154,390.34993801721475,391.7855648283064,1504486
2011-11-29,397.3645935058594,401.9441086922498,394.78403255001587,397.2555394719301,2554696
2011-11-30,405.4515380859375,408.1410649163213,392.9486989497399,392.9486989497399,3481698
2011-12-01,412.4479064941406,417.44540250249105,409.3221644062473,414.33785087414515,2481448
2011-12-02,428.1490478515625,430.6932272530574,410.5578556878331,412.46599023895425,3968866
2011-12-05,429.22125244140625,430.2934690332687,422.53373014552324,426.15008196423076,1530476
2011-12-07,428.71258544921875,433.5646920256351,426.5500055012083,428.87612215578923,2637422
2011-12-08,428.00372314453125,432.1471105378008,424.2056439147693,425.2414796713431,3326444
2011-12-09,426.11376953125,429.8937025865295,421.9703822277124,421.9703822277124,2763230
2011-12-12,429.0032653808594,432.51060817771315,419.826044493055,427.42224808150473,3172170
2011-12-13,428.4035949707031,435.01849030342237,424.0239969762787,427.05883171549857,3274558
2011-12-14,429.76641845703125,432.14706131028026,425.24143123046923,429.05770048510163,3346176
2011-12-15,429.7847595214844,432.4743305263478,419.644374503775,428.7670696168382,3669372
2011-12-16,416.62750244140625,429.80271514329934,411.53914443239927,427.62199028229634,3550896
2011-12-19,415.6645812988281,420.66207867201894,405.0335414322222,413.9745096774062,3667724
2011-12-20,411.9209899902344,418.37230487957083,410.0673816278225,416.2824423097858,1809396
2011-12-21,421.1345520019531,423.78778659449415,407.959331363831,417.97251679559884,3116976
2011-12-22,418.5903015136719,423.00628015264454,412.24804169591147,418.699355550972,2086268
2011-12-23,420.5711975097656,422.33394218161897,414.0108289399268,418.33594445012346,1578590
2011-12-26,431.92919921875,432.5833904903613,419.2446323320123,420.57124970823816,2229352
2011-12-27,428.67626953125,432.51073115509394,425.24164323652093,430.83884980722047,983902
2011-12-28,424.95074462890625,430.16634926386104,423.7513720737263,428.4035604367827,1197910
2011-12-29,423.6785888671875,428.1854303064337,421.42519033105066,422.87900728777703,1585728
2011-12-30,421.8431701660156,429.78463639212896,420.3348262050716,428.14909232129213,1545410
2012-01-02,428.3672180175781,431.0385981800289,419.06279705183516,421.970431376566,2248542
2012-01-03,435.2728271484375,439.74333243954055,428.8760408364752,430.057267220135,2708884
2012-01-04,426.33184814453125,437.9623844963002,424.98708512564804,437.926047943596,2386770
2012-01-05,425.96856689453125,430.69347420650126,424.27849502108177,426.259348168219,2547312
2012-01-06,425.0235595703125,431.91100230385405,420.44404326944914,423.78780580862184,2119728
2012-01-09,425.7320861816406,428.76692000574064,423.5150243418953,425.6048860796905,1509028
2012-01-10,423.56964111328125,430.87506351500275,421.06179762305413,427.0587934459116,3591790
2012-01-11,413.24755859375,427.05882264525616,411.8482683461385,425.7503959769309,5675380
2012-01-12,395.9833679199219,405.25145041827705,388.40535639760185,400.16309139957224,9528684
2012-01-13,394.6205139160156,401.01730084729076,389.98647150069974,398.7639018901648,4019828
2012-01-16,403.21624755859375,404.8881286238592,392.130890356594,393.9844985891053,3047202
2012-01-17,401.2354736328125,408.7771525549801,397.6191200410281,407.03259802691537,3704218
2012-01-18,391.13128662109375,398.4548983812755,379.91873226583374,392.53057656229635,11665532
2012-01-19,390.9131774902344,395.7652821239536,387.2241085346542,395.07471027951044,4163292
2012-01-20,392.3489074707031,396.51044135942755,389.98645457717873,392.5124441550017,2572694
2012-01-23,391.6946716308594,396.6921681316877,390.4044355181056,394.7113599926964,2130496
2012-01-24,395.6927795410156,397.9825599615636,391.8038352863612,395.43837921295085,2641310
2012-01-25,400.1756286621094,404.53089207074925,397.6426586444627,399.04581565761055,5845238
2012-01-27,404.09356689453125,408.39419717230953,400.94099037213823,402.72684682611686,5209718
2012-01-30,405.1868591308594,407.8109433235534,401.17781442616905,401.81561699282435,2595558
2012-01-31,412.71295166015625,413.98855683471277,405.64244550898434,405.64244550898434,3538120
2012-02-01,411.364501953125,413.6606094755637,403.9113396046639,411.6196497276103,2288804
2012-02-02,418.3984069824219,420.0931481037399,411.94750857303234,414.0249044704105,3386140
2012-02-03,426.9814453125,428.6032681145543,415.8472184682878,417.3050527135754,2777558
2012-02-06,435.1087951660156,437.3684646835572,427.6373955066694,431.4095322904262,3427196
2012-02-07,436.62158203125,440.8857316058347,434.3983925565555,440.8857316058347,3407656
2012-02-08,444.51202392578125,447.1361085430996,441.3594475453974,443.327533253178,3627184
2012-02-09,447.7737731933594,449.01294118219823,432.9767647114054,441.39574846065767,3038062
2012-02-10,449.5231628417969,451.1996631932283,441.7237413491055,447.55507786856566,2324302
2012-02-13,446.7168273925781,451.18144463460965,442.4526801490778,445.4412224662835,1631770
2012-02-14,444.6395263671875,448.1201240620408,442.8172332263384,446.4618195080366,1826646
2012-02-15,452.5115661621094,455.1356934844111,444.4570439639936,447.24515977975955,2167166
2012-02-16,446.5892639160156,452.6575075161383,443.91050253998105,451.19967335344546,1886660
2012-02-17,447.82855224609375,457.03113287210704,445.0039977965253,450.0517410439671,4096568
2012-02-21,450.8534851074219,451.9286200770995,439.0814556757142,445.93329448561474,2489504
2012-02-22,456.4296875,461.71433683746136,447.9195886717266,450.1063401217106,3141826
2012-02-23,459.14495849609375,464.64827441527194,453.3864948651597,455.22702857664,4086880
2012-02-24,462.8623046875,466.8166705973505,458.2154587152436,458.8532611035925,2346400
2012-02-27,456.32037353515625,466.48873211715573,453.9695890485784,466.1425142690786,1861370
2012-02-28,447.026611328125,459.36352321702736,444.31136868573685,457.48655295863875,3973490
2012-02-29,445.3500671386719,451.9285611676234,441.81483731891245,451.9285611676234,3060216
2012-03-01,444.4937438964844,447.17250597515,441.0131906138575,445.73291215771695,1568594
2012-03-02,443.63726806640625,447.1907397145044,439.901567103021,446.8262810839302,2309232
2012-03-05,440.01080322265625,445.53231438758064,437.7146966765694,442.4526575898046,1540878
2012-03-06,438.0791015625,445.1131681604512,433.3411412294613,438.4435600496568,1717722
2012-03-07,434.74444580078125,439.537085439601,432.4483832422308,435.5280407133692,1945666
2012-03-09,440.46636962890625,447.19061164137923,438.42536629056076,447.19061164137923,2225758
2012-03-12,433.3594665527344,444.2203048965902,431.22734839497264,443.14516994540776,2240278
2012-03-13,436.2568664550781,442.7988793634022,433.70565670972684,433.70565670972684,2492464
2012-03-14,420.7856750488281,442.45272002523984,419.49182928257915,441.0313226527795,8065314
2012-03-15,424.1204833984375,426.7628084252128,417.30512491831036,422.4075456596696,4284236
2012-03-16,426.25250244140625,430.06107638132903,422.04298851659235,426.3982502654745,2054724
2012-03-19,408.92254638671875,426.25257049332276,405.205086488124,426.25257049332276,5132864
2012-03-20,413.6058044433594,417.30506787307445,408.1936035090335,411.47373068008824,3683204
2012-03-21,428.5122375488281,429.9883128076177,414.22547693775863,414.3712247992269,4553242
2012-03-22,425.5965270996094,433.59637551644175,422.7719729698539,428.12949655562466,3421694
2012-03-23,431.75592041015625,434.39824545001085,424.5214255782632,428.2388857695376,3158436
2012-03-26,423.3549499511719,431.8832870490395,420.5850744764486,428.9676192883709,3053384
2012-03-27,428.1477355957031,429.93359161378737,419.83806181214646,427.50993305278547,1588246
2012-03-28,424.6307067871094,428.111304219702,420.7492137916529,427.87439723132667,2051096
2012-03-29,415.920166015625,424.2298404806653,412.71295680195806,419.4918783447128,2681214
2012-03-30,425.97918701171875,428.51215623338743,417.4872846824115,417.4872846824115,2543342
2012-04-02,435.2546691894531,436.9858474843243,426.41654842090026,426.41654842090026,2326988
2012-04-03,429.3321228027344,440.0289711240578,428.34810262609193,437.42308389164623,2269154
2012-04-04,429.49615478515625,433.63279486473516,425.32312223854035,426.05203932892346,2165054
2012-04-09,424.2661437988281,432.9767111104959,422.13407040718175,426.41645791185204,1576628
2012-04-10,421.3869934082031,428.4757394999043,419.9473998095885,425.0680606666671,1532992
2012-04-11,414.790283203125,420.9496418387666,413.7333444685594,419.0179936518166,1781586
2012-04-12,412.4395751953125,418.3984642861419,411.5101879883942,415.57391019361785,2114686
2012-04-13,389.3692932128906,402.6173529551486,386.7816463378963,397.7518400828757,8994680
2012-04-16,389.8796691894531,391.53797396337717,383.8843417568069,388.2396051451881,5016110
2012-04-17,397.5694885253906,399.06375926210876,391.35549868975085,395.4374155055989,2473664
2012-04-18,400.0115966796875,406.26202674139523,398.66307302282144,400.9045025486229,2882264
2012-04-19,401.9795227050781,403.3827236541175,397.66069797051887,401.2324094033274,1767416
2012-04-20,396.6948547363281,403.80179581251633,392.6676148202272,398.44427341244665,2450024
2012-04-23,387.8750915527344,401.7791969906893,381.82508727726463,398.69949491651425,2843868
2012-04-24,435.2364196777344,439.1725901487557,407.2095903877003,408.92252792274184,18113782
2012-04-25,426.7992858886719,433.70575896031806,425.5054399883793,433.34130033934304,5417898
2012-04-26,435.4004821777344,438.04280706893985,424.41204631846097,426.4165686497204,5476292
2012-04-27,438.8082580566406,441.7239275453891,433.70583645133087,433.70583645133087,3711146
2012-04-30,454.3340148925781,455.573182847838,438.8080897190376,438.8080897190376,4604822
2012-05-02,461.8600769042969,464.465964318577,452.69393588238023,452.69393588238023,3981448
2012-05-03,466.32470703125,468.0012074356761,458.6893183305516,460.2017856964426,3358922
2012-05-04,465.3406066894531,472.0648478731773,460.3293025719035,466.5068560337131,3571718
2012-05-07,464.046875,465.9602824955822,454.9900884188254,459.2177989397212,2627762
2012-05-08,437.6053466796875,449.9969369121915,435.76485776536487,446.4617069063923,9631578
2012-05-09,446.6622619628906,449.9605856503714,435.20001212112663,435.5280337641361,9271544
2012-05-10,449.2135009765625,452.5847432948634,446.4618205317395,446.66229057352405,2992620
2012-05-11,448.5574951171875,450.798924770717,445.076897123614,446.09739916590496,2745190
2012-05-14,446.80804443359375,449.7419542323187,444.63953335772186,447.30009918102195,2573752
2012-05-15,446.9356384277344,449.37749346745176,444.56665731861966,446.0973657779083,1875510
2012-05-16,445.878662109375,452.62114623918706,439.8104174946291,444.639493965981,4567936
2012-05-17,445.3683776855469,450.1063391502868,437.0040712032388,445.3683776855469,4137524
2012-05-18,441.23175048828125,446.42528480262706,438.31608210128013,439.09967687820046,2656670
2012-05-21,440.7032165527344,446.4616788595652,438.8262908006091,441.35925967259874,2227088
2012-05-22,446.115478515625,451.92857423516205,442.088193989719,445.003862210591,2360916
2012-05-23,446.5163879394531,450.30676564284516,442.48910328780505,449.3773785725979,2162806
2012-05-24,445.16802978515625,447.9014698415298,439.9380567085451,446.4618758743401,1205674
2012-05-25,444.9311218261719,446.4618303056737,440.6669290797086,441.76030499066127,915046
2012-05-28,446.3524169921875,448.28406531335105,442.83542719338016,446.0973137752371,790194
2012-05-29,452.0561828613281,454.84429984724846,444.05633496673454,447.55512837533746,1575032
2012-05-30,452.1291809082031,458.1245077040431,448.7396977809093,448.7396977809093,1581514
2012-05-31,453.87841796875,457.7234732266902,445.0038617289885,445.0038617289885,4411602
2012-06-01,446.3159484863281,453.7509120883404,444.0927601442914,451.9286192687085,1479528
2012-06-04,442.1795349121094,443.18179637595307,435.96549604044316,440.9950440912033,1204430
2012-06-05,447.0084533691406,448.6120800369894,442.45272106819135,442.45272106819135,2063398
2012-06-06,455.9924011230469,460.58457073453224,447.95607093576507,448.28409258435187,3291908
2012-06-07,457.85650634765625,461.4375753855866,454.66313896877875,460.36694556876483,2149728
2012-06-08,454.423095703125,458.7424782083205,451.93113385800586,454.5338225233915,2400244
2012-06-11,455.4016418457031,460.016388145198,453.0204057156347,455.1985749821726,1545048
2012-06-12,460.77325439453125,462.58224425114935,450.8054007674115,450.8054007674115,1092142
2012-06-13,461.6221923828125,465.1663076181577,458.74257340454244,461.10533191672937,1450858
2012-06-14,462.951416015625,465.7202641975366,459.62879819733104,461.1055172276839,1471124
2012-06-15,469.7628173828125,472.5501428926382,461.10556911945713,462.9699451314456,1986040
2012-06-18,464.1143493652344,474.89438044859514,461.4747050392321,471.0733789040481,1495388
2012-06-19,470.3165588378906,472.2732296821601,463.3575290552831,464.022070680176,1769058
2012-06-20,462.5083312988281,470.33492266054805,459.0011242617204,470.33492266054805,1753740
2012-06-21,451.8945007324219,462.2130569404806,446.33832734907435,459.6472756491552,4155980
2012-06-22,455.3648376464844,457.74607456002605,448.2766030246461,448.2766030246461,1919560
2012-06-25,449.1993713378906,457.2290293009883,447.0765881982211,456.6752597862919,1588758
2012-06-26,455.9738464355469,456.67529689099723,449.31017977347346,449.4762926150276,1109714
2012-06-27,460.25634765625,464.7234584059654,456.3984375351881,456.3984375351881,2305862
2012-06-28,464.7416687011719,466.6060434598184,456.3982198628577,460.3484230316854,1894228
2012-06-29,471.60845947265625,475.13414266015724,466.2369233608914,466.4030361536558,1990150
2012-07-02,464.96337890625,472.1808604365396,463.8558397496358,472.1808604365396,2111100
2012-07-03,457.5614318847656,468.7845062967629,454.20190487395536,467.0124253126981,2227292
2012-07-04,460.68084716796875,461.29000264321826,454.66324552155373,459.07492459931325,1301806
2012-07-05,458.0044860839844,460.68103983979165,456.0109059975141,460.68103983979165,1520876
2012-07-06,460.6440734863281,462.5084494137914,452.9835930015825,457.7829301727484,1929928
2012-07-09,464.94512939453125,466.8464147059202,459.0197745553069,459.6289303436414,1912768
2012-07-10,465.79400634765625,468.9505107878929,461.3085090753676,467.0123173758587,2517598
2012-07-11,464.53900146484375,470.5196967276077,462.67462528354207,462.67462528354207,2034538
2012-07-12,456.30615234375,461.47466863243324,450.1408687971749,452.24517525978456,7859080
2012-07-13,461.2529602050781,474.0265642151482,458.8902019621723,470.2609506566076,7217154
2012-07-16,445.72918701171875,464.88962611864923,444.0863550589379,461.1055334700758,3620626
2012-07-17,437.8102111816406,451.8759486079775,433.859961388758,449.6608704285266,6383816
2012-07-18,441.280517578125,444.6400438664806,435.0782805335595,441.1697456407328,2975286
2012-07-19,443.3849182128906,446.7075362511221,441.26213446624274,444.1232777769421,1335352
2012-07-20,451.5253601074219,453.3527820412475,443.12651988638083,443.38492771297905,3378226
2012-07-23,449.3788757324219,454.17149216100495,444.47521495131866,447.06582819416565,2903198
2012-07-24,447.4912414550781,451.00707216920586,443.03166968911387,447.10263156863016,1648092
2012-07-25,448.9716491699219,450.3964769762908,442.9577274354398,445.5853395887051,1666030
2012-07-26,443.5314636230469,451.8769570261961,440.47824094043744,448.9162562430597,2945746
2012-07-27,453.4683532714844,455.28174636580155,445.30790364022164,449.65643292987266,1842976
2012-07-30,455.5777282714844,459.96325626296607,449.48980675640746,457.0210786067906,2625712
2012-07-31,460.25933837890625,462.3318193884539,453.8198067040957,457.05807239923195,1979964
2012-08-01,453.2276916503906,460.6849642342491,452.2839504011142,458.20535073740695,1295750
2012-08-02,456.24383544921875,457.6871403913959,452.2468728395348,455.1890500545164,951058
2012-08-03,457.7613220214844,459.0011063392872,450.8036576704729,454.46753363002995,977736
2012-08-06,454.800537109375,461.8691993135296,453.43118625539216,460.75893681517977,1015540
2012-08-07,467.80926513671875,468.6049173630509,456.9286802825867,458.53855236329,2099154
2012-08-08,462.31341552734375,468.77147130474754,461.27719734512533,468.16081772454754,1643000
2012-08-09,465.6257019042969,469.215533391162,462.7020009612619,462.7020009612619,1129474
2012-08-10,473.73065185546875,475.56256741021747,464.7375050781172,464.8300269783915,3082356
2012-08-13,468.64190673828125,473.3790005158918,465.2925961678426,473.3790005158918,1428038
2012-08-14,469.41900634765625,471.21392173439546,466.0326965984979,466.31026223077816,1136930
2012-08-16,467.62420654296875,470.5849073524169,463.3866764034205,470.0667756754217,1788292
2012-08-17,473.1940002441406,475.3775261375686,467.7907302747269,468.1793403286294,1287576
2012-08-21,480.6142883300781,482.96433564057327,472.63888218808785,473.6751455766216,2051576
2012-08-22,478.02349853515625,484.4445072235211,476.7096699215883,479.596370311856,1134096
2012-08-23,489.7922058105469,490.73594685594566,478.0604519993724,478.0604519993724,2337314
2012-08-24,489.57025146484375,491.6242552071984,485.9248985423447,488.51551110121477,1578938
2012-08-27,488.68206787109375,492.5495097206424,486.66510887457537,487.10919584621394,967200
2012-08-28,499.9513244628906,501.33915289789934,486.6651712097322,491.087699751944,2266204
2012-08-29,497.1387634277344,502.5790338679903,494.06701783046174,499.6183326375456,2139290
2012-08-30,505.965087890625,513.9774905603248,489.7737612622969,495.8802044478378,3333432
2012-08-31,497.3051452636719,502.9489804006177,493.9373575943431,502.2088053006904,1773848
2012-09-03,495.1214294433594,501.43143781643056,493.3265145510352,499.6180004830439,1223826
2012-09-04,496.23193359375,498.50798129648075,489.274314041739,493.28975533829566,1508018
2012-09-05,504.9842224121094,507.3897903459157,492.9563827430778,495.7320380513159,2028960
2012-09-06,509.0923156738281,510.6837098685599,500.968913762413,504.836309760659,2291684
2012-09-07,513.2003784179688,516.9382987480774,510.31372268515577,514.4216853820026,2636656
2012-09-10,507.5564880371094,512.1641045565528,505.52100677013436,511.9050161983741,1476024
2012-09-11,515.4022216796875,516.4939614284953,504.81773117700084,506.6496457186774,1274180
2012-09-12,523.6367797851562,525.8943043575451,514.3845928682396,516.9936824727937,2114466
2012-09-13,524.6731567382812,526.9862041690184,521.6569790299661,522.93376314105,1881210
2012-09-14,522.970703125,532.8520677263729,518.9182625599469,528.4850166053119,2814840
2012-09-17,496.6944580078125,526.0979389597294,494.25188937942784,524.8766320571872,5094390
2012-09-18,481.0397644042969,497.7677018146759,478.35662995213596,497.7677018146759,7220206
2012-09-20,489.2558898925781,494.7702050999331,478.00521591568076,479.2635230036979,4042506
2012-09-21,482.6127014160156,493.06767500177205,480.48469794280857,490.3290180183039,4247758
2012-09-24,477.2095031738281,485.9250854194014,472.60192999282225,484.8148224671865,4937020
2012-09-25,478.5971984863281,484.722165469798,474.5632803588444,477.449936124107,3823694
2012-09-26,475.7845764160156,482.96428439173974,474.4522701840692,479.3374080934413,3292812
2012-09-27,470.58477783203125,480.9287053673687,466.71733635811097,473.748998845206,5605398
2012-09-28,479.5965270996094,482.964315204776,472.41681866582115,473.26803821157824,2912996
2012-10-01,482.205322265625,484.74045689985417,478.5414934318523,479.2631457350667,1795618
2012-10-03,489.49609375,490.3657900781983,481.48369274848,481.48369274848,2318230
2012-10-04,487.4607849121094,489.1261787483812,484.31504099915145,488.5155253064084,1319284
2012-10-05,482.59405517578125,488.2748887377957,390.44227623500706,484.90710183594126,3836110
2012-10-08,478.4121398925781,486.75763190312983,475.7290052555907,484.81467233841477,1685408
2012-10-09,479.2079772949219,480.6698505962662,475.56262303308506,480.336762680978,1291154
2012-10-10,477.1723937988281,481.7614886488383,475.5625219233779,475.93260948907704,1163978
2012-10-11,477.2095031738281,481.6875998891338,475.95124130269005,477.50559136510486,1635526
2012-10-12,480.5401611328125,486.1655189977338,471.1954504971406,473.2679769180975,2469542
2012-10-15,479.1337890625,482.0019671764385,476.48765441236577,478.8932231530884,814528
2012-10-16,479.5965270996094,484.8887526429545,476.5988265923008,480.00361442191155,1282744
2012-10-17,474.87774658203125,482.92714906158596,470.7512622525761,481.5948432037569,1597480
2012-10-18,483.83392333984375,485.1847518597667,473.7860378643872,476.0250854917047,1447128
2012-10-19,477.30194091796875,485.3328686288266,474.45228458048496,484.44464938834227,2825616
2012-10-22,488.1084899902344,494.0298909268318,482.22408877414995,490.4030147824843,5397342
2012-10-23,486.5169372558594,489.9957682105166,485.51771924332627,489.9957682105166,1136696
2012-10-25,486.794677734375,489.9589445387639,482.68671472946534,486.66515611979827,2254470
2012-10-29,484.22265625,488.44166419870766,481.4099993430989,485.1848750370041,815628
2012-10-30,485.3700256347656,489.255946541487,482.7424119617556,482.7424119617556,805268
2012-10-31,487.9664306640625,488.4486656973952,483.7006655917427,485.59243061123624,999536
2012-11-01,487.8736267089844,489.76539145731255,486.000381594493,487.7438081510137,1579768
2012-11-02,493.7901916503906,496.3125756176646,489.04223603238813,491.4533210409941,1673974
2012-11-05,493.1966552734375,498.29702691493156,491.60165712827035,495.53357093765544,1223826
2012-11-06,489.8396301269531,496.08989365614565,489.4315642384098,491.4902774750401,1297466
2012-11-07,493.9013977050781,494.58762040700435,490.19203685111586,491.49031315000263,1058390
2012-11-08,493.7901916503906,495.08846819348616,488.3745328409649,491.1194694452825,1239044
2012-11-09,491.4715881347656,494.5503747527407,489.96932464644965,493.3448328679131,711382
2012-11-12,495.0139465332031,500.0215810616394,489.63537611377154,489.63537611377154,1466782
2012-11-15,480.046875,490.3774344379667,478.8784174428253,489.67264692091874,1735402
2012-11-16,477.3205261230469,484.73924710549846,474.8352274257579,482.14269476164037,1598890
2012-11-19,468.25115966796875,480.3622319464594,466.8230647912117,478.54463606682145,1676286
2012-11-20,472.1274108886719,475.87385584506376,465.91423220466226,472.94345206640054,1256040
2012-11-21,475.6142272949219,480.25092833032033,473.4071757141856,473.4071757141856,941744
2012-11-22,473.4813232421875,476.318993202596,471.45973979499036,475.5771210707392,611624
2012-11-23,477.9881896972656,479.0268287596409,471.55245822222577,475.54002079912954,749676
2012-11-26,479.8800048828125,480.62187706800984,476.65287898931774,477.76568726711383,456334
2012-11-27,480.436279296875,482.17970562950904,477.8768571732533,482.17970562950904,1338160
2012-11-29,481.5119323730469,486.66795097063346,479.37905072816795,485.9260790941538,3470578
2012-11-30,487.40997314453125,491.4902697233668,478.91552848344503,480.3621881447245,3579294
2012-12-03,488.44854736328125,490.3773964687492,484.14565349985077,487.78084444508715,1319512
2012-12-04,482.01275634765625,490.30321198714665,479.5831527699569,487.8179136743601,1595120
2012-12-05,481.437744140625,485.0172848582589,477.9880219401562,482.21670052388,1790058
2012-12-06,475.0577392578125,480.36214241746694,470.71780596738654,480.36214241746694,2370092
2012-12-07,468.9187927246094,475.0577568705391,466.285155960116,473.55549311289946,1957214
2012-12-10,458.92193603515625,469.9016763029837,456.69632035063995,468.1582501819523,3029430
2012-12-11,452.4305114746094,461.0733362927654,448.96226977093755,458.10584901171785,4926914
2012-12-12,454.69342041015625,460.33163016142396,452.94999383686513,454.35956891482147,2487948
2012-12-13,453.4879455566406,457.95769837759576,451.46631665064865,456.28848593352365,2297162
2012-12-14,461.03631591796875,461.8152723815948,451.1137789410951,451.42906545253084,2196814
2012-12-17,447.1633605957031,463.2619925052243,445.90216910412323,459.64536640335115,4482898
2012-12-18,449.0737609863281,454.39668452036744,444.01047458847336,450.5760248975937,4688482
2012-12-19,457.234130859375,458.6807898769188,451.0951238081197,451.0951238081197,6642060
2012-12-20,464.4302978515625,465.524540611813,455.193985161061,455.193985161061,2314030
2012-12-21,466.89715576171875,469.01151826879044,459.10749924996026,463.6700304618151,2457968
2012-12-24,469.67913818359375,471.49673361292975,467.4164376729102,468.1212251186045,1254818
2012-12-26,468.1954040527344,470.77343643722384,465.63598186074563,469.9759149761188,1435258
2012-12-27,464.0223388671875,469.19692287603965,462.7982773203477,469.19692287603965,1994158
2012-12-28,470.1614074707031,471.83061956823224,463.94822910767806,465.15377117811573,1501622
2012-12-31,465.840087890625,469.45671483272014,464.4119929746753,467.7504178443015,704170
2013-01-01,468.9187927246094,470.30980284109637,467.3793991396416,469.95738644342,509580
2013-01-02,468.60345458984375,471.9789630450276,465.72870066543743,469.9758996416449,1880246
2013-01-03,475.0206604003906,476.2818519304049,467.36082249514317,469.2340675171045,2635130
2013-01-04,481.9200744628906,482.5877774323253,475.13197224826564,476.65280092278095,5228760
2013-01-07,480.306640625,483.7007152829281,478.600343476839,482.21697075752036,1820752
2013-01-08,482.3095703125,483.8118793377164,480.1025190584432,480.3621561658816,2341870
2013-01-09,473.53704833984375,484.96189910728884,472.25733682011224,482.5878988501236,3135898
2013-01-10,466.7858581542969,475.57702299167016,465.63596564311945,474.76098192703387,4522838
2013-01-11,484.5720520019531,490.5626752012943,478.50725974266135,478.50725974266135,7805006
2013-01-14,495.0139465332031,500.1884841004832,484.9430280366292,489.2644402227762,5790224
2013-01-15,496.1084899902344,519.3105621468385,492.23222569203904,515.6012009886468,8262978
2013-01-16,499.9291687011719,502.6184556409482,485.5553936782296,495.9045207508059,4109492
2013-01-17,505.21490478515625,508.85009622097937,498.167119769798,500.6523732157334,3028544
2013-01-18,501.1343688964844,506.7169719470719,496.33076741035717,505.40013147406364,1440470
2013-01-21,493.3448791503906,502.5811945905391,492.26915569618853,501.69093913601756,1260038
2013-01-22,488.70806884765625,493.97534073755224,485.22126218464496,491.8610241305443,1386630
2013-01-23,487.7602233886719,492.1472767570282,482.72259577460983,489.1730155943795,1877654
2013-01-24,493.93182373046875,497.0361995670471,485.176324773634,485.176324773634,3498470
2013-01-25,498.3746032714844,500.04762506538344,492.1472443719712,492.1472443719712,1521100
2013-01-28,500.06610107421875,501.88779913134186,497.4264088521334,498.30013408869877,2428154
2013-01-29,500.02880859375,504.34152149847324,498.3000564368413,498.634624348758,1731804
2013-01-30,500.4751892089844,501.85076676663004,496.62724812089124,498.560499615467,2279144
2013-01-31,499.7315979003906,502.81736629365156,493.13245665750844,501.47895799153724,4313168
2013-02-01,501.20001220703125,502.6499731293184,498.98792433967645,499.67571293328695,1484540
2013-02-04,504.2671813964844,508.5241182229306,500.10323557801684,501.53458911663967,2487304
2013-02-05,505.64300537109375,507.48331131361675,500.08482758843707,500.08482758843707,2161994
2013-02-06,509.54656982421875,511.5355973032143,506.36781100696453,506.553702273854,3573706
2013-02-07,515.71826171875,516.7778330911698,505.99613729286483,505.99613729286483,2612782
2013-02-08,528.8978881835938,534.2515664017119,514.9560414612108,515.2906548592712,6973618
2013-02-11,525.9609375,531.2402787686859,525.0500880904689,529.4185345659959,2312126
2013-02-12,524.23193359375,526.072238819925,521.1832898559373,523.8601510928172,2225502
2013-02-13,533.6569213867188,535.9805633693977,522.3918869012379,524.139292902392,3822666
2013-02-14,538.2294921875,541.2409666609664,531.2771777835228,531.6861294454735,2946958
2013-02-15,536.1661987304688,539.7539093154659,531.8906995237163,536.8539873522242,1820790
2013-02-18,529.920166015625,536.073184413062,527.931138759695,535.4039577738683,952086
2013-02-19,536.6868286132812,538.6758565882421,525.2172982793772,528.526172731802,744294
2013-02-20,540.12548828125,541.6869562061005,535.9243290124186,535.9243290124186,2261518
2013-02-21,539.4749755859375,541.6312866991193,535.6269906836063,535.6269906836063,3849146
2013-02-22,540.98095703125,544.308439176323,536.2221660591156,539.0848744804923,1310694
2013-02-25,547.8959350585938,548.3792705352224,539.6423804622884,540.200054296731,1730030
2013-02-26,556.3353881835938,557.6551889378101,545.0331901701912,545.4049727010031,2853670
2013-02-27,551.4278564453125,558.807776322041,549.2343757213681,555.9078542973245,2556682
2013-02-28,563.9940795898438,566.9683397327038,552.1899846478677,552.5617671657253,4599424
2013-03-01,558.3616943359375,563.6224272554479,556.9303403882988,563.2878138353667,2537326
2013-03-04,562.5814208984375,565.072391587271,554.3278652037804,554.3278652037804,3136076
2013-03-05,572.600830078125,573.6604011331143,560.8710739753956,563.9940560718952,3440054
2013-03-06,580.4270629882812,582.0257465586601,571.1139347082074,571.1139347082074,2299510
2013-03-07,591.0971069335938,593.9598145198162,579.7391314623752,580.3525817690268,3908702
2013-03-08,588.587646484375,593.2349290966326,585.520439960285,591.1343482791683,4341502
2013-03-11,582.2860107421875,590.9671725596969,578.7355134059272,585.55771645424,2221330
2013-03-12,580.166748046875,582.9365102669933,575.5194655408923,579.2372915456784,1809452
2013-03-13,576.8950805664062,579.4975589391838,575.5195030085295,578.5123712906721,1794496
2013-03-14,582.8435668945312,586.3011632459413,573.9579990152636,578.8655112073118,3051218
2013-03-15,583.7916870117188,587.5652898621538,580.2039754801856,584.4423066278757,4212398
2013-03-18,582.5648193359375,585.0557903812817,577.8989741959083,579.9251715339016,1694988
2013-03-19,575.0548706054688,581.6540132938458,572.7126215260017,581.6540132938458,3739910
2013-03-20,579.1071166992188,584.6838551284792,572.5265381225234,572.5451454040664,4168136
2013-03-21,579.9620971679688,585.3343815643201,577.638456525154,581.0960519551048,1664604
2013-03-22,573.3445434570312,580.7615881449984,569.5709410048512,580.5013584794485,2714456
2013-03-25,573.79052734375,577.0064551297966,568.2323969764516,575.7052163456766,1857316
2013-03-26,578.623779296875,583.6986203273996,571.113789723815,572.582312685206,1781536
2013-03-28,585.8363037109375,588.6804490550801,573.1585289028151,578.4935989682492,3065662
2013-04-01,578.8097534179688,585.0742813859412,576.7277798566927,581.8397907982105,968812
2013-04-02,582.7134399414062,584.1447938523497,573.0099233095303,578.4937165739686,1130332
2013-04-03,573.8092041015625,585.557523755425,569.1990913457496,583.6986109815982,959932
2013-04-04,560.5736694335938,572.5822169058769,558.0455302901627,572.5822169058769,1126338
2013-04-05,557.060302734375,561.1499102559301,551.7624020814513,559.5326654491272,1865248
2013-04-08,550.5169067382812,557.2647678206071,548.3791574803072,557.2647678206071,896416
2013-04-09,556.7071533203125,562.5069515430432,549.345841286795,550.2381284095862,1672354
2013-04-10,568.99462890625,572.136218923609,558.045650126828,561.3545241510053,2046284
2013-04-11,571.3927612304688,576.30027403442,565.3698550980296,572.5452783634365,2244658
2013-04-12,562.0423583984375,566.7825866568004,549.6248101978454,550.9446566114647,5032060
2013-04-15,547.431396484375,562.8789852026684,538.4714428508072,562.6930938601313,5391496
2013-04-16,551.409423828125,555.2387577360289,542.0404742018789,546.5204731042435,3071582
2013-04-17,541.55712890625,557.3021128098446,532.0208962180704,555.8149824220932,5279004
2013-04-18,540.107421875,555.7780747872338,530.7012995925218,553.1941572923583,8554458
2013-04-22,529.90185546875,542.7283575296339,529.7903025147699,537.5977385518297,2962484
2013-04-23,531.8533935546875,538.3409790507195,529.4182003924203,529.5854843388238,3384170
2013-04-25,521.3505859375,531.8534409185309,519.9935708189824,531.8534409185309,7929194
2013-04-26,509.1003112792969,518.0602596426612,507.5202357971243,517.8929756862249,4754076
2013-04-29,509.6210021972656,514.8073513468654,507.483252233644,507.483252233644,3968916
2013-04-30,512.4650268554688,513.8034348304038,507.4831320864698,508.598479629517,4020570
2013-05-02,533.0989990234375,534.920742566119,510.6433242846875,510.6433242846875,5630326
2013-05-03,527.3735961914062,538.0623454973653,523.4327098718455,530.1619655755695,3641790
2013-05-06,545.4793701171875,547.4126667169087,527.9312509162346,527.9312509162346,3727118
2013-05-07,547.115234375,549.8106580737123,541.8359399047615,545.4422127689027,2260180
2013-05-08,550.2755126953125,553.1382664423753,546.5205168602766,547.2640821893383,1768130
2013-05-09,557.09765625,558.9565693749072,551.3536328474852,551.427971219033,1949700
2013-05-10,556.1495361328125,561.7262744882114,554.3649617056396,557.0975544230625,1139714
2013-05-13,539.6796264648438,550.6100442525914,537.4860999937308,550.2382616433729,1862498
2013-05-14,542.0407104492188,546.7252099958827,536.7614128880366,540.9811385550513,2250100
2013-05-15,547.0967407226562,549.1972762498906,539.0848069894678,542.0962371793743,3565926
2013-05-16,540.5905151367188,546.148646929903,538.1367136359929,546.148646929903,2415652
2013-05-17,547.9332275390625,549.6805876486847,540.6090829083639,540.9436963333352,2900200
2013-05-20,547.4127197265625,549.4946932494306,543.174388929241,546.9851606517083,1385504
2013-05-21,555.0155639648438,558.4173833328414,544.6614291495423,544.6614291495423,1898432
2013-05-22,557.0791015625,561.0757648328031,554.811236597471,556.9303794338574,1846944
2013-05-23,554.9598999023438,567.6191162937499,549.6248283707068,555.8150180836129,3063962
2013-05-24,546.3533325195312,558.7708394740487,544.1411980317016,557.6740985669874,1586612
2013-05-27,556.9302978515625,557.6738630022322,542.8025599888393,546.3344944545202,2023864
2013-05-28,562.9159545898438,563.8082417940345,554.0675570559506,556.9302645614664,1400254
2013-05-29,556.6887817382812,567.8980385146577,552.1344439498658,563.6225377336964,1452038
2013-05-30,557.4509887695312,562.1354417070304,552.8408742184882,557.6740493125302,2408346
2013-05-31,557.09765625,561.1129267532481,549.0299914413511,554.3278938473367,1929868
2013-06-03,546.2973022460938,560.2763174127142,541.7243586087889,559.1609697337241,3097612
2013-06-04,544.79150390625,547.970262589945,539.1404277836901,542.8024765108258,1305320
2013-06-05,545.7025756835938,547.5057124060388,540.0886215277343,543.2116047720929,1728676
2013-06-06,551.685302734375,554.5923645029906,544.670862330925,545.2897485277592,2540452
2013-06-07,569.7653198242188,577.286188088663,550.653751861051,551.4414626479809,3550844
2013-06-10,572.0535888671875,579.4243614954495,569.8216878519838,572.0535888671875,3360430
2013-06-11,563.2388305664062,578.4118067934031,559.6565601399205,573.9855502675107,2205468
2013-06-12,550.69140625,560.8192369263923,548.4220494423074,560.4441320865259,4805954
2013-06-13,542.2702026367188,549.1533657891548,538.3128291236007,547.6529467569441,3151342
2013-06-14,544.16455078125,546.6215056982696,536.7750040516204,543.1517860704027,3105996
2013-06-17,544.8209838867188,549.5285677486265,535.6496892457601,545.027309855805,2584162
2013-06-18,541.5763549804688,547.6530347213004,540.207213235833,545.7775106297892,2291528
2013-06-19,535.5372924804688,545.7401740925575,533.9806436458127,545.7401740925575,2139788
2013-06-20,526.8346557617188,537.5814167084951,524.8090808216778,533.0238845406923,4172878
2013-06-21,533.4929809570312,537.0939790884825,528.1477357619968,528.447838018441,2848224
2013-06-24,529.1602783203125,537.9377390562836,525.1841769342001,530.7732471396503,1889164
2013-06-25,522.2581176757812,535.3117294019945,517.9068679779108,530.2103163438492,1860548
2013-06-26,539.2881469726562,543.0579684886732,518.0384969074664,523.9838987671068,2326488
2013-06-27,559.6190185546875,561.5320444179159,540.9012745829224,543.0769013539182,3820678
2013-06-28,569.4655151367188,571.7724194378329,546.9779488275045,560.7818275127174,4817096
2013-07-01,559.7874145507812,568.9212036087231,556.4302462532494,567.1582300716439,1354652
2013-07-02,562.8636474609375,565.8457129490114,557.6496804575673,560.0690886241805,1657242
2013-07-03,558.8312377929688,569.7842813706682,549.5286189651276,561.7945295505936,1530906
2013-07-04,577.023681640625,578.0364461962994,558.9061030710487,559.224932965305,1917060
2013-07-05,573.9854125976562,584.4133455515333,570.9095711998933,578.4116680619155,1293012
2013-07-08,565.1514892578125,575.7856980410011,562.6570339162877,573.1599652160584,1658796
2013-07-09,564.4952392578125,570.8157461656222,560.8942422298784,560.8942422298784,1097326
2013-07-10,567.1397094726562,572.7100526337367,561.9070155937069,566.4082733955256,1322624
2013-07-11,586.8703002929688,588.9146033711708,570.1593612255921,570.1593612255921,2335274
2013-07-12,603.862548828125,609.4703939504064,592.4031228454207,598.2922508231225,3251536
2013-07-15,615.8281860351562,617.9100355872993,599.9050086771805,600.5801697128192,2060570
2013-07-16,618.6791381835938,625.0559202521688,606.769559908461,609.5453447902617,2224986
2013-07-17,629.6133422851562,632.0327496815818,617.066106326503,617.066106326503,2999250
2013-07-18,622.823974609375,634.7898260328678,616.6722471707648,630.1760190066209,3445532
2013-07-19,653.7327270507812,659.8094070834679,637.6782217407024,644.8052136307456,8550804
2013-07-22,655.12060546875,659.7344133333801,648.2937156713149,653.0575288411644,2974772
2013-07-23,656.3584594726562,667.8553860493837,654.0327820190607,655.6832524530914,1646502
2013-07-24,668.7369384765625,672.1878847477709,654.5579569669978,655.8708239293959,2181644
2013-07-25,673.5946655273438,678.9399106804913,662.6978491977133,667.6867629896544,4088808
2013-07-26,665.6233520507812,674.7946445030221,656.4707873617933,673.3129991158931,2379064
2013-07-29,668.89404296875,674.6837152230432,660.6419116820716,660.9238757929047,1774262
2013-07-30,673.819091796875,678.5748500272884,667.484261026298,669.1948617546767,2617484
2013-07-31,682.5413208007812,688.5565568970701,672.7477461744671,672.9545382723209,2826750
2013-08-01,682.5037231445312,689.7972059657436,672.9545268255795,680.4923877875686,2141178
2013-08-02,693.951416015625,695.474040907346,682.9923993097265,684.1202560020809,1846854
2013-08-05,701.9780883789062,705.8128292224789,691.7522045812717,691.7522045812717,2355184
2013-08-06,703.0681762695312,707.5232005103786,701.0192552058497,704.1584467911878,2305290
2013-08-07,685.2481689453125,710.8881407251429,681.770610525086,704.5345383248017,2694980
2013-08-08,693.782470703125,697.823958435535,670.5861833452551,678.6315727538791,2158628
2013-08-12,681.9776611328125,692.1283760449327,679.7783487470452,692.1283760449327,2077574
2013-08-13,684.1578979492188,693.5754739326039,680.454731707722,684.3082421296473,2168296
2013-08-14,689.30859375,698.5194257908371,677.4660954117807,685.9250227962231,3302068
2013-08-16,669.5335083007812,687.9927583770742,660.0031259903109,685.8122165235313,2779930
2013-08-19,668.236083984375,679.3454875979251,660.0027691885466,675.9619184842663,2121352
2013-08-20,652.8037109375,672.8795768736435,650.3976065670508,672.8795768736435,2724844
2013-08-21,645.810791015625,655.5479175404818,639.5511768977824,654.1944986240152,3623994
2013-08-22,668.8001708984375,675.6425287099772,637.3141730625532,640.9985231066595,4260988
2013-08-23,687.7857666015625,691.0001764212823,670.8115606793999,674.4582788355715,4032884
2013-08-26,692.50390625,706.2637466744932,681.9772453515201,685.3984009650062,2663238
2013-08-27,691.3012084960938,706.3580727731535,687.9928094161696,691.3763806100196,1945284
2013-08-28,717.2792358398438,731.640592008963,687.2406448644574,687.2406448644574,4444684
2013-08-29,732.0167236328125,740.6260405928463,706.1512325933625,714.6853315568532,5905182
2013-08-30,764.3860473632812,770.7020631156124,725.5877960064058,728.9713660395963,5282942
2013-09-02,773.2774047851562,777.8451878061328,758.4836473653324,759.4235279692548,2154034
2013-09-03,752.3179931640625,777.0932541312881,746.6975257207843,770.7396982015321,2355064
2013-09-04,777.8826904296875,781.5294082096352,749.6298291013891,751.904358141808,2626516
2013-09-05,748.4268798828125,777.8451410159684,744.780161716,777.8451410159684,3927492
2013-09-06,747.6937255859375,761.3031763568569,742.5055670640949,755.287941383173,2759596
2013-09-10,747.3554077148438,758.1828038312993,744.7613282863605,746.641089337058,4300972
2013-09-11,749.573486328125,758.6715108665106,745.7011604577423,754.9119890088966,3008494
2013-09-12,739.83642578125,751.3593711703888,731.5278904163902,750.0247223550198,1905568
2013-09-13,734.5166015625,748.1448686420346,731.8097641133987,738.746063759597,2096320
2013-09-16,715.2680053710938,746.2652514903094,712.0724110951907,733.1069221189438,2460506
2013-09-17,732.1481323242188,734.0655253598896,713.2189472298179,714.309217846104,3327816
2013-09-18,734.7984008789062,738.6707259788709,728.5576050154242,730.1178154544426,2109818
2013-09-19,739.2348022460938,748.1448507039701,724.271886874974,732.3548588800672,3907240
2013-09-20,733.2195434570312,748.1072403719122,729.7231698810867,733.1067394477687,3591858
2013-09-23,735.0242919921875,743.3328281851922,729.3474217539651,733.1069445465114,2988758
2013-09-24,729.1593017578125,743.595875611507,724.0839469891965,734.9865609365936,4940300
2013-09-25,736.5092163085938,740.9830110207743,721.9034358205286,729.9112364783633,4333858
2013-09-26,730.4376831054688,742.1673757096269,727.5052370081235,734.9115243493217,4919704
2013-09-27,732.3927001953125,737.5996306116906,728.3887988373161,730.5129386087054,1784666
2013-09-30,724.7608642578125,737.5620125718758,721.8284179528331,734.6107961874145,1987350
2013-10-01,732.75,734.9304962547485,720.5879038691851,726.3399936041559,1591994
2013-10-03,761.1527709960938,765.7770011461535,737.0166595066404,741.3025235177153,4672354
2013-10-04,764.5365600585938,777.8452801689583,762.036468176773,763.9350455791799,1934032
2013-10-07,785.646240234375,788.6350423629696,761.4161352833173,765.0628538710147,1993878
2013-10-08,775.0068359375,788.7479106017398,773.1647064161533,783.1086262075424,1828106
2013-10-09,786.0598754882812,788.6162776100749,768.8600124763534,772.7699254371902,1775858
2013-10-10,781.9807739257812,788.7479152386005,777.1873821625343,784.9883922870342,1164320
2013-10-11,797.7893676757812,803.7857867832838,782.8828081865316,790.6274600585809,2284448
2013-10-14,831.88818359375,836.4935977837956,798.8983799058722,799.8382603528203,4374460
2013-10-15,832.8846435546875,849.2198435323292,827.4709674422581,840.2533449493171,4665092
2013-10-17,792.6766967773438,838.373722283997,787.8833044189936,838.373722283997,6687214
2013-10-18,797.2630615234375,802.2068884295323,775.0443397545218,791.3042737364485,5346166
2013-10-21,778.8411865234375,800.0073096125831,770.701859694881,798.8982691959133,3685372
2013-10-22,785.495849609375,792.3757021754041,780.7964466078716,784.9882773711266,2044614
2013-10-23,774.8941040039062,790.6277456419745,769.2548649775374,785.1764368869536,2455496
2013-10-24,755.1751708984375,782.8641056871226,752.5999074895134,767.6943976002825,3617758
2013-10-25,778.92626953125,780.5272544885745,751.521174085283,751.521174085283,2527402
2013-10-28,777.4949340820312,787.2327283351567,773.200563321605,779.0205972624123,1803942
2013-10-29,779.6986694335938,785.7259080154078,771.4488774278996,777.8904794653771,1829076
2013-10-30,788.0426635742188,791.0751366584169,779.8682388890893,779.8682388890893,2114874
2013-10-31,795.6144409179688,801.9995291561385,783.3150505434513,786.9314309098982,3523076
2013-11-01,790.1709594726562,806.8776550644754,787.7223939704373,794.8420322587779,1346480
2013-11-05,769.226318359375,792.9585701011187,765.3462651571318,791.0750580581231,2261286
2013-11-06,787.7225952148438,792.4125227120495,775.6492622988586,777.1372187059042,1667750
2013-11-07,799.3438720703125,809.2134594308502,783.6542493285427,791.0752703760119,1956948
2013-11-08,787.62841796875,803.0355126304834,780.2261590475143,802.3762832897523,1609346
2013-11-11,789.0595703125,806.1430593147581,772.2398465398385,787.3079411064695,1961138
2013-11-12,786.2344360351562,799.2495233199094,783.1643480334346,789.8885231624823,1000682
2013-11-13,771.8632202148438,793.410579174168,769.8478715648523,790.6794867649159,1208338
2013-11-14,763.2744750976562,780.5274654594988,761.635828659962,780.5274654594988,2129704
2013-11-18,769.9796142578125,775.9691449199346,765.553361582896,770.7330189684366,2831602
2013-11-19,764.66796875,774.1231867982453,761.3906313175813,772.2208218871432,2077864
2013-11-20,762.2951049804688,772.2023522974788,759.8088778887264,771.0534373606934,1658696
2013-11-21,748.35693359375,766.4763087461682,745.8707071002513,762.1442314069495,2302882
2013-11-22,753.7250366210938,757.5485754253731,747.7919734371308,750.0145269378011,1494494
2013-11-25,758.3960571289062,763.5192002365304,750.8054950692136,756.4183696584347,1950998
2013-11-26,751.0316772460938,759.6016582240768,748.507789153945,754.5726895722956,2047412
2013-11-27,748.3004150390625,758.5655547662351,743.9871912354441,756.795071995953,2120978
2013-11-28,747.6036376953125,752.1052593502998,742.1037913824116,750.80560836879,2805722
2013-11-29,755.0433349609375,758.9421950294671,746.5487246834252,750.3910702034484,1924812
2013-12-02,758.6409301757812,761.3155078695315,751.5212460166825,751.5212460166825,1253260
2013-12-03,761.2404174804688,769.2264919513212,759.0743781422121,759.451080635822,1449184
2013-12-04,753.4236450195312,765.3085780150321,751.012740489876,760.9011783783932,1519036
2013-12-05,748.5643310546875,766.0433350602736,747.0198601067867,759.4321882421685,1397190
2013-12-06,753.517822265625,757.1718171187453,750.014471583792,750.014471583792,1446962
2013-12-09,755.2318115234375,764.6870327428813,753.4048140462115,764.3291838498816,1826340
2013-12-10,784.5769653320312,786.9313554572624,753.4048400739707,753.4048400739707,3653334
2013-12-11,775.2725219726562,786.1215712951592,769.603131513743,783.1644201747781,1556062
2013-12-12,764.2915649414062,777.5138109600235,762.8600773221283,770.356464832,1655964
2013-12-13,754.0828247070312,770.3563487415439,751.521230190406,767.700578632163,3463350
2013-12-16,760.61865234375,768.3975660206809,755.3448187979229,758.5655966943312,2858500
2013-12-17,770.4883422851562,778.2107884479816,764.7059689092071,765.3086836287515,2995474
2013-12-18,774.4248046875,780.1506627174426,767.719483639859,768.4728884324398,1587990
2013-12-19,784.1062622070312,794.8422835728254,777.0053832180907,782.015544915805,2161986
2013-12-20,798.8160400390625,802.3758581993795,785.7444892874147,786.5920694193154,1965812
2013-12-23,794.4842529296875,807.4427793191462,790.3028193033151,802.3572966770864,1321224
2013-12-24,795.1055908203125,801.9992618641046,792.6758791815604,798.5336188161808,870156
2013-12-26,791.1881103515625,797.4790223657823,787.8542571504533,796.7256175265137,2297194
2013-12-27,813.921875,817.406371648709,792.9584265440244,793.7118312248264,2479946
2013-12-30,812.1890869140625,819.4217533447679,808.6668832981888,817.4440660881031,1668776
2013-12-31,818.21630859375,823.0757318297007,810.2489991885183,813.7147341751485,1245776
2014-01-01,811.1531372070312,822.906231388005,810.3244104832568,821.2487779404562,529952
2014-01-02,816.3140869140625,824.6015395730885,812.2268291562452,815.9373845204705,1726948
2014-01-03,837.1077880859375,839.7070889985121,808.8739705982039,815.4474069894668,2618174
2014-01-06,843.662841796875,845.3202957855766,827.6152806777682,839.669759049042,2311810
2014-01-07,831.062255859375,850.0104116508417,828.3688695375034,843.813673380631,2897486
2014-01-08,841.0445556640625,845.3201645851135,832.5122833035209,833.265688084791,2550020
2014-01-09,844.5481567382812,849.6524940387304,837.0706672477672,839.5757021010065,2582206
2014-01-10,859.2203979492188,870.1071516106045,841.9297959736115,851.3473552126899,3369334
2014-01-13,892.3137817382812,898.0584931563325,860.7649567375083,860.7649567375083,3814316
2014-01-14,876.4923095703125,898.3599022932233,873.9495683692382,893.5380931775143,2974964
2014-01-15,886.6068725585938,895.8736971192346,876.5865511725409,882.4065852995448,3048854
2014-01-16,885.3638305664062,896.5895825271782,875.8332397147597,896.5518754929583,2997962
2014-01-17,833.6613159179688,865.6621683698207,831.0243989560067,865.6621683698207,7564756
2014-01-20,880.805419921875,885.2505260634375,834.5840597844876,835.8836645035495,6010558
2014-01-21,858.9945678710938,881.201157683224,857.0357336325333,879.2234699295265,3132282
2014-01-22,856.64013671875,865.2289700891432,852.8919661203886,861.5561215793613,2384030
2014-01-23,848.5032958984375,857.6383290275119,842.7962913700911,854.3987435936801,2290762
2014-01-24,847.0908203125,860.1059089588982,841.930014901188,845.3203371088438,1850266
2014-01-27,841.3922729492188,852.6757075079151,837.8072235040648,840.0336910434252,2532948
2014-01-28,834.8828125,848.2795799804944,828.7504893575201,842.2981694778491,2852166
2014-01-29,833.9201049804688,845.316767979463,832.1086934797838,845.316767979463,1698076
2014-01-30,836.8641357421875,840.4114124397657,826.4485825069992,829.486459878285,2225250
2014-01-31,845.7131958007812,856.5626877128368,838.1468360582747,839.6941048012355,2174246
2014-02-03,828.1277465820312,846.9209763814564,826.7503693483604,838.524411059194,1362480
2014-02-04,811.8629760742188,820.7878275531012,797.0321706947394,820.4104538392837,2694166
2014-02-05,828.1083374023438,830.2216657680874,807.5792567016849,816.5607640577975,1853650
2014-02-06,820.8821411132812,826.4106289666489,809.466586685663,822.6746661886924,1922652
2014-02-07,809.2401123046875,828.3352580679464,804.1833416595871,826.4483895985433,1990912
2014-02-10,790.0506591796875,809.0891422583383,786.8618701191571,809.0891422583383,4019270
2014-02-11,793.126220703125,802.4851061088825,790.9752092190067,792.4847038930887,3568786
2014-02-12,794.541259765625,801.3906461614399,790.5977239128874,799.2773170632437,3074348
2014-02-13,805.220947265625,806.9756977143313,791.1637801721771,795.1262031112698,2094350
2014-02-14,818.1084594726562,824.4672435754717,803.0890589620508,806.7872477517435,1910062
2014-02-17,817.1649780273438,824.9389131468616,810.296795072608,815.1271968880243,1670394
2014-02-18,817.3910522460938,826.8253903375769,813.5607478338349,817.0136787224345,1526916
2014-02-19,829.4486083984375,835.8828492081855,815.9763840633856,818.9010306012472,1072918
2014-02-20,826.2030029296875,838.5242152340353,823.7311871991078,832.4862370865355,1587924
2014-02-21,832.373046875,835.127892964639,826.7313291966935,829.4672881772601,1717860
2014-02-24,821.8819580078125,832.2031632152848,818.9385175210655,831.731446197251,2450424
2014-02-25,826.032958984375,830.033155623399,822.6743711111661,826.0707331937351,3305374
2014-02-26,823.4857788085938,828.3350665064087,821.5989107755496,827.9576928997999,3859712
2014-02-28,858.8079223632812,860.4117600739454,815.1834997803277,815.5043041753491,3988192
2014-03-03,845.3357543945312,867.5819097746163,840.7883840703981,857.3173662411358,1606078
2014-03-04,845.562255859375,850.6002310818111,839.2790212626211,842.7508405140578,2030332
2014-03-05,849.8077392578125,862.7705618069681,846.2793506867949,850.9210653014236,2302006
2014-03-06,845.5999145507812,852.8643565256123,842.3544646597834,850.1661720735665,1314562
2014-03-07,840.97705078125,849.1094701250546,812.4098882590117,847.392401852949,4698472
2014-03-10,808.5797119140625,840.9772805297999,805.6928399960166,840.8263679044804,3829768
2014-03-11,811.9757690429688,821.7874814280184,800.7866800413653,813.2400072993131,2550254
2014-03-12,822.4671020507812,826.3540696345491,812.4855859907223,812.4855859907223,1669788
2014-03-13,811.1834716796875,830.9766993387628,806.3908452007737,810.6174112577946,2019884
2014-03-14,807.4097290039062,815.3156877392925,801.6547814278711,807.9569023141981,2161246
2014-03-18,800.786865234375,812.0326181490336,794.0884831147189,805.8814093817191,2565842
2014-03-19,769.6160888671875,783.0505860949141,759.6722990714501,783.0505860949141,8652662
2014-03-20,795.5789794921875,801.1263528072302,759.0492438273657,769.0873720511206,5728956
2014-03-21,802.6739501953125,809.4666775594477,786.8242530123304,801.9192027104086,4680776
2014-03-24,812.3345947265625,814.3534885713567,802.3529875004863,806.4286415420215,2183014
2014-03-25,810.0888671875,819.6553232132463,803.8056346428244,809.0888641662984,2249968
2014-03-26,790.0316772460938,814.5609626633358,787.786322622808,810.6174267419333,3192350
2014-03-27,790.314697265625,798.1451998170213,779.2954060775761,792.8430820726418,5012476
2014-03-28,793.2770385742188,801.1075403513547,784.9559327171311,791.3523964652629,2971162
2014-03-31,804.99462890625,809.447656758177,785.6920020207426,793.9942229834978,2683268
2014-04-01,821.4292602539062,824.5614801840292,809.4287589579598,809.4665331783718,2755932
2014-04-02,819.7498779296875,830.9767435613635,815.5233116477389,826.4482599452253,3763016
2014-04-03,817.580078125,823.4293701678976,810.4477524223653,819.9764378470855,1581194
2014-04-04,807.1458129882812,825.316320643371,803.8060187335986,819.6557148776415,1694656
2014-04-07,812.7874145507812,817.3724677075932,800.2963094409824,803.8436771558225,2594986
2014-04-09,807.7303466796875,815.8816525870991,794.3713592487713,812.1079169137083,3350500
2014-04-10,802.3530883789062,810.8439969778835,798.2208646205215,807.7306638249252,2152886
2014-04-11,816.6741333007812,820.749693919504,792.4844519849272,799.2771758590837,2340742
2014-04-15,850.128173828125,852.1093847537038,820.4288970463655,823.0516245118813,3597244
2014-04-16,828.8258056640625,854.3739845676628,824.2595474272126,854.3739845676628,3475910
2014-04-17,838.8638305664062,840.411099348951,808.5984829543328,837.7694838593046,7681438
2014-04-21,838.429931640625,846.4113477208664,834.486395308147,837.7695277336278,1842594
2014-04-22,838.1658325195312,849.0530079358388,837.7317975070811,843.0339161509985,1486274
2014-04-23,835.410888671875,846.7886669713047,830.6371490180728,842.0714965101422,1938992
2014-04-24,835.410888671875,835.410888671875,835.410888671875,835.410888671875,0
2014-04-25,832.203125,843.4299895136605,827.6557547285258,840.4110007368779,3160448
2014-04-28,826.957763671875,838.7883720180495,822.7123102177425,832.2032204200866,2550766
2014-04-29,828.0519409179688,832.6181978848389,821.5044727446184,824.9386090220712,1846180
2014-04-30,826.1463623046875,832.3353453402835,823.051916853008,824.5991856449664,2397378
2014-05-02,833.4107666015625,837.7316761963845,823.1462223923317,823.1462223923317,1917778
2014-05-05,835.3920288085938,841.1658640678085,831.7880920322817,834.297682078808,1314478
2014-05-06,829.8067016601562,838.3731553578573,826.4481137585001,835.3918488919086,961232
2014-05-07,817.2214965820312,831.3541208361626,807.6173559638663,826.8445243084599,4716182
2014-05-08,815.9006958007812,823.353825181759,810.4664601120177,817.0517038278351,2606900
2014-05-09,815.089599609375,824.4484878836299,812.1083835672181,812.1083835672181,1799440
2014-05-12,814.8818359375,817.6554770127406,801.2208359683129,812.4854763837046,2886064
2014-05-13,834.3541870117188,844.9395354829604,817.315804915502,817.315804915502,2547484
2014-05-14,836.2978515625,844.449067795145,830.6372463458383,835.6562425988145,1389228
2014-05-15,827.6370849609375,839.656474037703,819.3348636446096,836.2978849944523,2520196
2014-05-16,815.4100341796875,850.3736625665263,792.5789305962692,830.2408355950315,5241798
2014-05-19,768.5968017578125,815.1269856130001,754.5585220987008,811.3532495684955,6516606
2014-05-20,780.484130859375,815.1270488624772,765.3137292097703,765.3137292097703,4702114
2014-05-21,786.012939453125,788.333751125554,775.8049612526438,777.8427426171053,4116946
2014-05-22,796.9942626953125,801.5416336099903,783.0880989546332,791.2582016345325,4216842
2014-05-23,803.013427734375,810.9760493435085,790.9752440316398,799.6548387896205,3094780
2014-05-26,812.8626098632812,818.7496739742289,805.1642264556226,810.9757421523636,2650850
2014-05-27,804.3529052734375,824.4103664945706,799.2772490071783,815.1835086819817,1795094
2014-05-28,811.5609130859375,814.6553585576592,800.956676777121,807.5796026929429,1887488
2014-05-29,815.108154296875,822.6745140104362,805.7681569474446,809.4664369506355,2820710
2014-05-30,808.0892944335938,817.768894004882,803.8626348427576,814.6744477655104,2585648
2014-06-02,803.7494506835938,814.2781405700752,798.5416749451895,809.0892519440349,1095158
2014-06-03,803.2774047851562,806.824679432111,794.4468081126023,803.7491217399224,2484628
2014-06-04,788.4279174804688,805.6549881699839,783.8050901552871,803.8058940928076,2141062
2014-06-05,794.0507202148438,798.6735473773939,780.408699767642,786.1070786739663,4348470
2014-06-06,794.0887451171875,803.0611950254875,783.3256375007496,800.1465277726435,3361586
2014-06-09,805.3473510742188,806.9475116725619,792.4696998484083,795.1366651844365,2666196
2014-06-10,822.2444458007812,823.3112505646192,805.8045462829288,805.8045462829288,2628068
2014-06-11,840.8370971679688,843.5231311618006,814.6436846714133,824.8543717097101,3544562
2014-06-12,852.4190673828125,858.762595935962,832.0167697146057,856.8576212333534,2734338
2014-06-13,843.3514404296875,853.0477438817051,832.493083707656,852.6667489090022,1904022
2014-06-16,864.763427734375,867.5065732151155,841.9989757871874,841.9989757871874,2439906
2014-06-17,868.611572265625,875.1455999432872,865.2397289818045,870.5355227892813,1918144
2014-06-18,848.4951171875,873.6217242781378,846.30439546286,873.6217242781378,1948824
2014-06-19,867.1636352539062,872.0975015985174,842.0370351457644,849.6187979749645,1896354
2014-06-20,873.3931274414062,875.9077323004961,861.8109136423325,870.5356641998866,1155674
2014-06-23,864.420654296875,876.2504761575105,858.7819089673138,873.6216475254514,1262734
2014-06-24,879.7364501953125,883.7178290109538,859.1436535545164,864.4775831109524,1479100
2014-06-25,880.3081665039062,883.9085512667829,873.6216845063506,880.0986006147709,1028422
2014-06-26,879.2029418945312,893.109257296429,872.9165253429885,874.764388020737,2036182
2014-06-27,914.2164306640625,917.0166876748467,882.003289750469,882.7652796336228,3058836
2014-06-30,924.0654296875,927.7230196615047,905.4729441993771,914.5977577607396,2146470
2014-07-01,910.8638305664062,921.6269397219019,907.6444412983886,921.5888030139221,1092790
2014-07-02,914.99755859375,918.8646203387756,908.1015124193933,914.3879294342538,907740
2014-07-03,921.2079467773438,931.5329504283138,911.3402116255733,914.007177127822,1526762
2014-07-04,918.3885498046875,924.1034754413066,914.7690969014955,919.1124031787789,536136
2014-07-07,948.12548828125,951.7258738042525,918.350661839788,922.0273208050326,2204902
2014-07-08,933.22802734375,947.2105228911096,927.0559279840709,946.7533475711966,2500588
2014-07-09,913.68310546875,942.0672324538466,907.3777127462192,941.0576329287043,1554242
2014-07-10,896.0240478515625,921.855527116044,889.6233133322391,914.2165588629606,1990562
2014-07-11,912.2737426757812,918.1982353703485,899.5676112866083,903.3394257523221,1329446
2014-07-14,924.3892822265625,929.2469693356355,908.7684844640528,921.550887577869,1587924
2014-07-15,914.1212158203125,925.8177423571104,912.0066752128943,924.3699429221715,1389656
2014-07-16,915.0929565429688,923.5319593111511,909.378031052182,918.0646433850857,1407240
2014-07-17,907.5111083984375,925.7417580977029,904.8632114985886,918.1980377733046,1790220
2014-07-18,930.0850219726562,946.7726224115938,927.7228714576382,934.1997867819831,3507488
2014-07-21,938.6763916015625,941.0004982099383,930.7898140379525,940.2956202831685,981072
2014-07-22,964.831787109375,967.7273865749645,937.9716372064084,939.1527590186172,2399016
2014-07-23,985.3102416992188,989.1773969931708,964.793715516857,967.7273585912034,2065858
2014-07-24,988.7583618164062,991.349146829535,978.0143197199909,988.6440446950501,1481418
2014-07-25,992.7781372070312,996.0547327864116,978.0145747713515,988.3014440813735,1806914
2014-07-28,1003.8464965820312,1007.8590343319531,990.5487005756205,999.1360027221874,1314922
2014-07-30,1006.075439453125,1011.8713888229026,997.3718136786838,1002.1016150334182,1899252
2014-07-31,1000.26025390625,1007.2192750015731,996.0731802531916,998.3412060884558,2407210
2014-08-01,975.5836181640625,1003.3228719490209,973.1024386509823,998.3023026001114,2381882
2014-08-04,979.3252563476562,985.4700917852848,964.5736191661478,981.6319950677998,1828636
2014-08-05,978.413330078125,986.6711468186116,965.387001590424,986.6323399544522,1404656
2014-08-06,971.8035278320312,982.7364663587141,965.4454468974518,975.4865844510557,1837562
2014-08-07,957.5172119140625,967.2869853813168,953.349542538171,965.348534508809,1672656
2014-08-08,960.9679565429688,972.2109755806586,955.6566182036304,955.6566182036304,1464790
2014-08-11,956.9750366210938,967.500888773933,951.7800226268243,965.6980714516859,1290896
2014-08-12,958.2733154296875,965.309855166178,946.0416698779545,965.309855166178,984552
2014-08-13,969.2449951171875,980.8562987752687,957.5948845750647,957.5948845750647,2768378
2014-08-14,969.1287231445312,981.6317339741786,965.3681465693683,974.6533093250731,1578056
2014-08-18,964.418701171875,971.164476441255,957.5953120997605,965.7562141553409,1373260
2014-08-19,945.3826904296875,971.1252855996702,944.0257745320029,969.2256412032883,3234156
2014-08-20,944.4905395507812,951.7985353076042,942.1062834555297,947.7083860958494,2056758
2014-08-21,943.036865234375,953.7177475569125,942.0870433184135,948.6777757202296,2265450
2014-08-22,955.3467407226562,956.8975024459787,944.3363703474598,947.5154129500742,3096238
2014-08-25,977.7744140625,980.2749977566032,956.3932356083782,957.5951134897409,3143512
2014-08-26,982.3297119140625,988.6102759132028,969.2257606992184,980.4687795233293,1815490
2014-08-27,988.5903930664062,995.3555666652314,974.6723557524805,982.4067546419943,1435460
2014-08-28,977.8907470703125,988.3389825906162,974.2658046046546,987.44727589656,1766288
2014-09-01,983.6283569335938,992.4871177000059,978.1619807712051,979.0729961394629,810148
2014-09-02,983.9191284179688,990.4711509716109,974.6921754309667,986.981938435063,1407940
2014-09-03,1010.47607421875,1014.1979393796108,984.3457829070459,984.3457829070459,3061690
2014-09-04,1002.0825805664062,1018.6369387288482,999.252422226935,1016.5240453603317,1701598
2014-09-05,1007.4521484375,1016.4465453332867,1001.4235447618778,1007.9560701552556,1467060
2014-09-08,1024.5491943359375,1027.3793526148415,1007.6265496523062,1012.6471203886664,1697342
2014-09-09,1020.1100463867188,1033.9699738578163,1017.7257890317899,1028.154619674139,1418098
2014-09-10,1008.0523681640625,1024.5680041617004,1004.5825607250264,1022.7264762003842,1258768
2014-09-11,1007.3548583984375,1017.4541122811047,1004.6991426960956,1011.8714113203973,1075622
2014-09-12,1010.9410400390625,1017.4348511245407,1005.3582441660628,1011.8714586924302,1196210
2014-09-15,991.8279418945312,1015.2056818718004,990.160854962645,1013.422268939841,1151544
2014-09-16,988.93994140625,998.3026252545634,986.2842247175182,994.8134121954213,1535608
2014-09-17,1004.5830078125,1009.8362298965804,992.8747805989606,992.8747805989606,1657700
2014-09-18,1024.3936767578125,1028.0767330910685,1000.6282522246197,1004.7765177961045,1483078
2014-09-19,1052.268798828125,1062.2712256494638,1024.2775832722202,1024.6652735005594,3587864
2014-09-22,1055.2149658203125,1059.9447662567486,1037.555662287719,1052.1909640163922,999584
2014-09-23,1042.1885986328125,1078.7283937393195,1040.2889548377725,1056.0679243514612,2055990
2014-09-24,1024.6654052734375,1049.4581796339164,1020.691579921923,1044.0499191832641,2442132
2014-09-25,1050.0977783203125,1056.4558601319256,1031.2559955783202,1031.62428236084,2473158
2014-09-26,1040.560791015625,1056.4172868186333,1035.171933572312,1050.6407390657018,1612712
2014-09-29,1073.1072998046875,1076.01497692693,1037.1878329482956,1044.9803508453372,2089534
2014-09-30,1060.952880859375,1076.4797953316245,1049.9230205945669,1075.045360735864,2788954
2014-10-01,1076.0728759765625,1086.30785862573,1061.1079975227062,1066.9233500849425,2142022
2014-10-07,1058.918212890625,1100.9244109793206,1056.6889930885404,1062.116658693616,3457674
2014-10-08,1040.2501220703125,1062.2515366133127,1027.0880612871047,1061.4955598014883,1962442
2014-10-09,1049.10888671875,1055.796541407079,1041.5295258084618,1049.8648635359443,1685176
2014-10-10,1038.428466796875,1057.405888019646,1034.55156380342,1049.0899500288758,2344362
2014-10-13,1053.18017578125,1056.3786209760822,1035.133172145672,1039.0100754121354,2209532
2014-10-14,1046.45361328125,1060.604308885769,1038.5447692147206,1058.3944931599108,2369406
2014-10-15,1046.45361328125,1046.45361328125,1046.45361328125,1046.45361328125,0
2014-10-16,1038.273193359375,1069.4822553875554,1032.9036460693096,1058.3942774774196,3848014
2014-10-17,946.4099731445312,973.6259031849834,942.0872649128158,959.5333253741643,9892812
2014-10-20,939.4896850585938,966.744325178408,937.4155046183573,965.3486025913985,3399242
2014-10-21,943.4051513671875,947.4177821874055,936.2716906322595,940.4781665230016,1950732
2014-10-22,950.5586547851562,964.9613139163288,947.9417448337962,963.4105524636709,2067664
2014-10-27,952.61279296875,976.8628302406543,947.8829921744083,976.5914660718888,2797208
2014-10-28,960.92919921875,963.3715723467582,951.1787315477783,963.3715723467582,2289958
2014-10-29,973.5352172851562,976.6235663965944,960.6961335317335,961.4730814763608,2425016
2014-10-30,993.7938842773438,1000.2813792578424,974.6809878991871,979.6534726488701,4111292
2014-10-31,1013.081787109375,1017.8017074723871,994.8817453575508,994.8817453575508,3170070
2014-11-03,1006.2831420898438,1029.0670924396945,1002.4566372369316,1029.0670924396945,2541632
2014-11-05,1009.8377075195312,1024.7939497736193,1006.1472061841068,1024.7939497736193,2310642
2014-11-07,999.4851684570312,1016.1312191144084,993.3278188545618,1011.8968913002336,2126740
2014-11-10,998.2423095703125,1003.0400020484003,990.9973064389889,1000.3595690270956,1541964
2014-11-11,1002.5348510742188,1007.7015743366924,992.7064397269186,1001.4859902235902,1249940
2014-11-12,1006.8275146484375,1014.3056393352254,1000.3205749859078,1002.2629450344242,1320582
2014-11-13,1005.5450439453125,1011.9354193383282,996.493584939046,1008.0895664437055,1645540
2014-11-14,1012.5377197265625,1014.3635279835969,1000.3202352393715,1004.2826498241017,1457174
2014-11-17,1017.1411743164062,1019.7439303320407,1007.021410820279,1008.1285993101131,1570552
2014-11-18,1004.5353393554688,1020.384999660427,1002.165610470265,1017.8016859897643,1467026
2014-11-19,999.8347778320312,1009.2552706391908,993.5026338014458,1009.2552706391908,1865746
2014-11-20,1012.1491088867188,1014.0138022161049,994.7066720723456,1005.3702596055087,1795386
2014-11-21,1018.6366577148438,1025.5709538053127,1004.8458361769314,1013.1397907288847,2001594
2014-11-24,1032.447265625,1035.2831446143507,1018.5787636693536,1018.5787636693536,1942766
2014-11-25,1024.0172119140625,1040.8769414267292,1016.2477338267024,1033.3405856188947,2371684
2014-11-26,1020.6371459960938,1031.9223278847057,1015.8588996982834,1021.705448854285,1584800
2014-11-27,1030.73779296875,1036.4483401925133,1019.8605240311974,1020.6374718124512,1732418
2014-11-28,1026.7366943359375,1045.7330333770922,1023.7649064265865,1032.6998076637135,1989768
2014-12-01,1046.1402587890625,1048.8790174140865,1027.6100817831898,1029.649568761495,1896354
2014-12-02,1032.291748046875,1053.1333355437018,1029.2033994067876,1046.1602477733757,1436572
2014-12-03,1023.7646484375,1038.546003276714,1017.2188258090265,1037.9632924733098,3094670
2014-12-04,1024.7745361328125,1036.05972003073,1021.6473027863179,1034.894298523384,1285308
2014-12-05,1001.854736328125,1029.3781498297985,999.2130948636894,1025.9206752458758,2359676
2014-12-08,976.1571044921875,1008.0896358381486,971.8255641804436,1008.0896358381486,3232574
2014-12-09,976.9535522460938,994.1046357107673,974.7198274882443,977.4002592607621,2487940
2014-12-10,974.2537841796875,983.5771590075508,969.7086579195588,977.0119871698397,2087970
2014-12-11,968.1348266601562,980.0803945779618,966.1342247669096,971.4175057503738,1938822
2014-12-12,952.033203125,978.9544700189788,941.1364885676414,971.1849900981932,2380786
2014-12-15,916.2738037109375,926.5101275433365,913.7876090204667,926.4712422216346,3487788
2014-12-16,949.0614013671875,955.354661044219,910.9715076339102,912.9138775862212,3339140
2014-12-17,949.4688110351562,959.5302440786836,934.376566627633,953.0815413435291,2287076
2014-12-18,955.9180297851562,958.9481461975447,945.8565903121012,953.7426321154028,1481444
2014-12-19,975.2830810546875,980.4109171058695,958.7534991252248,960.0354818485833,1903130
2014-12-22,976.3904418945312,982.4506737859944,961.2399570081518,981.2852518716575,1643954
2014-12-23,977.6725463867188,985.422584111087,969.0873274569318,971.1850492263447,1266476
2014-12-24,963.376220703125,979.2843000412977,957.8404685818216,977.0116901809175,3288972
2014-12-26,973.1271362304688,975.0695057638629,957.5881799633156,965.746132003571,626206
2014-12-29,980.0809326171875,985.5390108175923,973.9042344837784,974.2927084504652,778920
2014-12-30,982.8585205078125,987.675559474162,977.4004426288118,980.896708123112,701342
2014-12-31,993.813720703125,996.9797462172887,980.8969587707967,983.8881899340346,1573792
2015-01-01,988.8795776367188,997.2123223277678,987.1120027404978,997.2123223277678,366830
2015-01-02,1002.048583984375,1006.5160320581726,990.8411733306598,990.9965248919897,925740
2015-01-05,986.8207397460938,1009.9931679545936,980.7605094895238,1002.6510498118956,1754242
2015-01-06,950.4403686523438,982.4894683351786,947.8764027408092,982.4894683351786,2423784
2015-01-07,939.2135009765625,963.0852075326225,935.2316427727174,959.5307086339061,2636332
2015-01-08,949.3526000976562,951.3726455460421,940.3205813108268,948.8086796954547,1565408
2015-01-09,975.963134765625,978.9154799141787,951.7611884341309,953.7035582064455,3197642
2015-01-12,974.953369140625,982.0624636967641,963.5128265759095,977.7892488626405,1596006
2015-01-13,970.3685913085938,982.9939888226969,963.453834082345,978.9538995550754,1468432
2015-01-14,979.7114868164062,983.5379917062464,971.378742724886,977.4000866609931,1787096
2015-01-15,986.3740234375,1002.9423957568321,980.2166747723159,984.004294936402,5009920
2015-01-16,983.6743774414062,988.666306157938,965.0859538950442,988.1612710016601,5293830
2015-01-19,975.4580078125,990.996964527952,972.3502164694096,985.1698557596575,1135074
2015-01-20,971.3597412109375,982.8391662516209,964.6780077447975,978.954426464065,2058566
2015-01-21,976.5452880859375,979.7307537251645,966.6197652484698,979.7307537251645,2310480
2015-01-22,976.4490966796875,979.440328292426,969.43712017997,977.5950763105167,2113214
2015-01-23,972.5830078125,983.6350680471854,969.6694544197588,976.6230972468749,3150380
2015-01-27,973.926025390625,978.9668096386196,969.0603851836736,977.93533192756,2738736
2015-01-28,988.5421752929688,990.6051301886014,974.2565832655557,974.2955463900817,3121980
2015-01-29,990.5084838867188,999.8699985611761,978.1497525993861,987.9200002283436,3734392
2015-01-30,966.1406860351562,1002.3215558103362,961.4501913986526,996.7552462221537,5817402
2015-02-02,978.6556396484375,981.4777116893442,958.3562215325323,966.1217662800638,3181802
2015-02-03,995.8021850585938,998.4296314571652,975.8920181400205,977.6630356126688,2345054
2015-02-04,978.6943359375,1001.0373173701961,973.9454901837113,999.5971069001502,2245418
2015-02-05,993.5248413085938,1008.8224342678824,980.5238877176906,980.913138963311,4530168
2015-02-06,1002.61376953125,1010.0290238320637,992.9214527497971,993.7583048095821,2136416
2015-02-09,978.149169921875,1000.0251604231669,973.1278681351052,997.0668136912288,2076432
2015-02-10,950.2206420898438,983.3459611696728,947.0482824446567,977.0206284159837,3799054
2015-02-11,957.5191040039062,968.1651636168523,952.5951137446343,955.6312924761254,2937522
2015-02-12,958.39501953125,965.2653617750425,952.4979005382863,965.2653617750425,3107980
2015-02-13,988.2116088867188,991.7148701294486,957.6553858251305,961.4505855047544,4158326
2015-02-16,1006.1366577148438,1010.1070014888535,994.5369513695648,996.4832076344759,2364392
2015-02-18,1025.929931640625,1028.7909660971827,998.5266839881945,1006.2338770879516,2660014
2015-02-19,1043.6025390625,1046.0353604385841,1025.6774921570948,1026.0667435772682,2618002
2015-02-20,1041.4615478515625,1050.5116424286214,1028.4994579025215,1050.5116424286214,1801588
2015-02-23,1049.67431640625,1059.541873334952,1039.6900601313948,1039.6900601313948,1614892
2015-02-24,1052.8277587890625,1062.656356962433,1042.8045349092886,1048.64330610139,2199922
2015-02-25,1040.1571044921875,1059.5418345045937,1038.4639186825727,1054.870819804353,1767994
2015-02-26,1034.0262451171875,1048.1560815068242,1021.9205908245968,1042.8038779525696,1991994
2015-02-27,1036.3231201171875,1041.5390489382564,1018.3980807599959,1035.1942344548058,2877376
2015-03-02,1039.0673828125,1054.4622907428795,1032.5085554229124,1043.0766902112468,2176038
2015-03-03,1080.5615234375,1086.0110412069976,1041.6947461900863,1043.971904128017,3424308
2015-03-04,1068.8839111328125,1094.6134562562916,1057.0700979186554,1085.232463306002,3862994
2015-03-05,1049.5968017578125,1078.4987149925262,1043.6023688775144,1070.441230915323,2173514
2015-03-09,1030.27001953125,1043.1153081882396,1015.9455574164447,1027.6230925591624,2883174
2015-03-10,1028.6746826171875,1042.5125892547082,1010.2047222116238,1031.0880223537483,3037052
2015-03-11,1014.6033325195312,1035.3893208409697,1011.1973825115745,1028.4022766882074,2240200
2015-03-12,1019.4683837890625,1021.74544631089,1008.1995804513143,1021.3561951072923,1827636
2015-03-13,1005.1831665039062,1027.6039851216242,1002.3221313394923,1026.84496406741,1586838
2015-03-16,997.3781127929688,1015.9453712613438,993.3688074555361,1006.2919249724591,1556296
2015-03-17,1005.7084350585938,1014.6612138036087,995.607384133127,1005.2413525652626,1267318
2015-03-18,996.22998046875,1011.8388947479078,993.2521521170559,1008.5302599340389,1255170
2015-03-19,1010.5932006835938,1014.3300493758633,999.6358198810898,1002.710865656596,2448964
2015-03-20,1016.3156127929688,1019.0598533295445,1003.8207036961267,1010.4963251503046,1963908
2015-03-23,1018.728759765625,1024.1199270026827,1014.3886468145158,1018.2811588897825,1566608
2015-03-24,1008.666748046875,1026.4555105467184,1005.0856556778451,1023.7307518914939,2394878
2015-03-25,1001.835693359375,1017.5030606863162,990.722547963292,1008.7059418886712,2224858
2015-03-26,978.2273559570312,1006.8761909837618,973.5173778116583,993.8752372257239,3091642
2015-03-27,978.888916015625,1001.1151020452489,974.7239472703216,985.1947663155455,2751776
2015-03-30,998.0986328125,1000.3368276752208,980.9132267924292,982.8594831947951,1339006
2015-03-31,994.1281127929688,1000.1615065723655,981.3023043780129,1000.1615065723655,2427028
2015-04-01,989.7295532226562,997.8844421153249,981.7888665343888,995.7045973218223,2075758
2015-04-06,991.5399780273438,997.6122420384988,973.1673334033297,995.7049484456246,1568542
2015-04-07,1006.214599609375,1011.6641177503928,990.2552964821083,997.4369638829673,1886922
2015-04-08,1028.1680908203125,1034.0458220054506,1008.4915185107694,1009.7176217888722,1652134
2015-04-09,1037.1793212890625,1046.0931359051258,1025.7352787987088,1035.0189580865745,2544450
2015-04-10,1032.975830078125,1039.6125849876323,1022.9526072332783,1030.932260371894,1815544
2015-04-13,1033.6571044921875,1037.354992834374,1022.9526908700692,1036.9657414299331,1308642
2015-04-15,1022.855224609375,1056.389190059624,1015.7124243963458,1033.3455293792808,2913934
2015-04-16,1005.358154296875,1022.5630406566728,1000.9012464606805,1022.5435590876325,3217570
2015-04-17,963.3383178710938,996.4830177332789,961.4504116410933,995.3542273275633,9668742
2015-04-20,945.4135131835938,966.8612013591776,943.875989657889,965.3626409736878,2890722
2015-04-21,944.7322387695312,954.4440381776963,934.5922249855827,945.4134284378881,2546032
2015-04-22,951.75830078125,962.6183730016485,937.1418968552241,946.4644455938165,4186812
2015-04-23,956.4874877929688,965.26512114457,946.5421008699446,962.2289428524647,4342990
2015-04-24,970.4229736328125,978.577769371161,952.712039461616,955.7287370402264,3625158
2015-04-27,973.2059936523438,980.9131877050067,967.6786446962884,972.9335367732796,2733052
2015-04-28,971.1822509765625,977.0210220245178,955.6511580018339,977.0210220245178,3088298
2015-04-29,968.1846313476562,971.1818468988115,954.0742738526335,966.9000832451494,2019620
2015-04-30,958.99853515625,969.2358647014784,944.751992718433,965.343351188621,3738054
2015-05-04,965.9465942382812,974.9966870730583,956.4682869554877,969.6250000614889,1890630
2015-05-05,980.07666015625,987.3166790636338,973.1284847622164,973.5177361561213,3255070
2015-05-06,958.7454223632812,978.9670081575806,955.9233504709781,978.9670081575806,3394406
2015-05-07,990.741943359375,994.0505796499377,955.1059652469609,959.4655611175251,3205028
2015-05-08,983.735107421875,1007.3821181156643,979.4728257353269,996.4830843802553,3003664
2015-05-11,994.9262084960938,997.6704488522278,982.8594195824087,986.7519321352103,2573082
2015-05-12,982.0421142578125,998.4296327932867,978.1885642142415,996.4833761991476,2467386
2015-05-13,979.1226196289062,991.422997938092,965.5183065670255,991.422997938092,1863774
2015-05-14,972.8362426757812,980.9132065791612,967.2894120433396,980.9132065791612,1309050
2015-05-15,977.4683837890625,985.7399740816735,973.5175210268266,978.9670393372527,1461454
2015-05-18,981.0689697265625,982.9568766044614,971.9994901735998,978.6167624841734,4507752
2015-05-19,978.07177734375,984.805844217738,971.8632377670504,980.6797421935665,1957722
2015-05-20,995.3351440429688,1000.3369666728257,979.7066459411477,980.9133630911092,1897814
2015-05-21,994.7316284179688,1004.2682846090235,991.8705935478328,995.3155053276251,1579578
2015-05-22,1019.0208129882812,1023.2442270786272,988.4062400796593,992.5906910320492,2691632
2015-05-25,1012.442626953125,1026.4167105503057,1006.4870630822837,1019.8384016213715,982978
2015-05-26,1015.4982299804688,1021.1034103452229,1007.7325909942314,1013.9995745542002,1961740
2015-05-27,1017.9896240234375,1024.9571853873495,1008.939529860912,1015.167551650177,1620690
2015-05-28,1015.7510375976562,1021.0059289590542,1005.1439420718712,1013.5711927978922,2763608
2015-05-29,1016.0626220703125,1030.9709649082158,1010.9828739254955,1018.6705866062265,4423532
2015-06-01,1018.9627685546875,1030.3873342180102,1015.3038437084145,1015.7319631939597,882264
2015-06-02,1012.014404296875,1023.7309062942816,1008.3554801351089,1018.2813881619167,3935820
2015-06-03,1016.2958984375,1022.017966981343,1008.355212139313,1013.6101032274739,1804684
2015-06-04,1014.2526245117188,1020.9283414094077,1007.5770026460866,1018.7096279780819,4131468
2015-06-05,1011.9741821289062,1024.997783674079,1009.6758543665708,1018.3189939759344,2308534
2015-06-08,1012.6024780273438,1017.5330143261943,1006.3951145869642,1017.5330143261943,1570320
2015-06-09,1006.3950805664062,1017.5329799291267,1002.2110547487267,1015.5686305470241,2578914
2015-06-10,1021.7564086914062,1025.3904553242605,1007.2398848384031,1008.1041794490621,2763350
2015-06-11,1010.1862182617188,1026.5688710739462,1004.4699430226988,1023.6223473337799,1847336
2015-06-12,984.4534912109375,1017.1205875718123,973.0602632243435,1010.4221360724541,2571456
2015-06-15,984.060546875,990.2089224573688,974.7102240512626,984.2569818254336,2525176
2015-06-16,986.8892211914062,989.7571907386385,979.9943350370037,982.1747822366702,1267396
2015-06-17,987.5964965820312,993.6269927474465,982.8820571959277,990.4251410305905,1975720
2015-06-18,993.9803466796875,1000.3644815077816,985.3175476221609,988.067636471186,2165046
2015-06-19,1001.6410522460938,1003.7821731191653,992.8211458767302,995.9247784176455,1999610
2015-06-22,1018.122802734375,1021.4621983829346,1000.6400843389748,1000.6400843389748,1102002
2015-06-23,1011.4829711914062,1024.604788630516,1008.5756761283473,1021.4618291561892,898318
2015-06-24,1009.7933959960938,1016.707847816098,1005.2950553906425,1013.6042143631205,1170246
2015-06-25,1001.8182983398438,1010.8543065209482,999.5199709362727,1006.5327373908548,1930992
2015-06-26,1018.6332397460938,1020.0279472711434,1001.8969412765304,1001.8969412765304,1290102
2015-06-29,1018.6727294921875,1023.0336254785313,999.2256617267547,1010.4617836907767,1372756
2015-06-30,1002.1915283203125,1017.0420308510415,997.8896217717606,1015.5687686141738,1549952
2015-07-01,1018.7506713867188,1024.6043927798926,1004.4698164263767,1007.2787970051165,1279708
2015-07-02,1012.7203979492188,1022.6207003753974,1010.0881887679476,1021.4617533383644,1445880
2015-07-03,1022.99365234375,1025.3901965332573,1009.6754042492228,1010.8736763439764,963470
2015-07-06,1034.54443359375,1039.1409927149061,1013.7223267453984,1013.7223267453984,1182338
2015-07-07,1027.8458251953125,1039.8872486703885,1022.6402992769798,1034.328178225689,1642836
2015-07-08,1019.5369873046875,1029.9872718777408,1013.8010468713104,1020.6566092684816,2667850
2015-07-09,991.0144653320312,1020.7743645387314,984.7874381549176,1019.4975371800282,3934122
2015-07-10,972.09765625,1005.3540542625914,964.4955854688011,1005.3540542625914,8263654
2015-07-13,985.9270629882812,989.4825561593302,972.5104930977219,972.5104930977219,2280308
2015-07-14,981.978515625,988.0680003188137,978.2462508126624,986.4965203978295,1703274
2015-07-15,1000.1484375,1001.7984717147215,982.1746415594619,982.5675114160857,2003660
2015-07-16,997.9685668945312,1005.2956515009216,992.6255913084156,999.3436121867412,1456608
2015-07-17,1007.4755249023438,1009.7149600463157,999.1860276298676,1000.561072268551,1070526
2015-07-20,1015.447998046875,1017.318140602893,1004.7192854886666,1009.483266027388,853786
2015-07-21,1008.4600219726562,1023.7952746931476,1005.9796981591953,1014.2082906400176,1274500
2015-07-22,995.3292236328125,1011.4518012402445,992.5732241743922,1008.3020875734785,1320628
2015-07-23,979.79736328125,999.1877909305329,977.5925249374443,991.175667148617,1496780
2015-07-24,986.3134155273438,990.7821116223084,981.1755204172543,983.3015393509697,1574972
2015-07-27,983.1242065429688,986.254215667765,976.8640921717313,979.5610732859877,2003738
2015-07-28,985.0929565429688,991.7663951981954,981.1951270111138,984.0889657792335,1891188
2015-07-29,986.9434814453125,990.2113298891525,977.7896224870584,988.616767491445,2413318
2015-07-30,976.6675415039062,990.9003740606255,973.5769412837673,990.6050882746564,2770574
2015-07-31,988.5186157226562,991.7667601335742,979.1678969639535,980.3096304900213,1963776
2015-08-03,988.0657958984375,994.1289598185562,984.6404033771568,985.624689475987,1179324
2015-08-04,987.7894287109375,993.3408368781683,978.7734127939462,988.3799999575951,2342692
2015-08-05,1002.84912109375,1003.971245051579,988.616390715496,992.1598186392075,988994
2015-08-06,1013.1454467773438,1016.9644578437848,1004.0112904608482,1009.8775975103786,2211366
2015-08-07,1004.7788696289062,1013.0271672149679,1002.7905926531377,1013.0271672149679,1188506
2015-08-10,1012.6725463867188,1019.3262793249224,1006.5699749963997,1012.6331365097337,1431182
2015-08-11,1025.310791015625,1027.5943532471724,1000.8611899389457,1014.995495276326,2200306
2015-08-12,1051.8865966796875,1059.6427500545642,1024.4447260479328,1024.8778502762507,3479784
2015-08-13,1037.6734619140625,1056.7291958495723,1006.333764750934,1051.2171955731587,1406426
2015-08-14,1064.28857421875,1070.6471184203463,1038.2641142731527,1038.6184187270096,2293964
2015-08-17,1057.02490234375,1061.769180837385,1045.3118970938285,1059.131313165103,773644
2015-08-18,1079.1314697265625,1082.6748983717437,1059.091450615255,1065.745183733656,1916926
2015-08-19,1076.2576904296875,1083.8366924053366,1071.6511551887047,1082.7145679498815,1690070
2015-08-20,1057.8514404296875,1080.7458914483136,1052.0047438797426,1080.7458914483136,2349298
2015-08-21,1053.6383056640625,1074.8004456771628,1045.3506979608942,1067.752999358665,3536080
2015-08-24,1015.2515869140625,1041.3745754888919,1011.4916913365778,1039.0122891172725,4692344
2015-08-25,1010.7236938476562,1032.3189630839465,998.2626738746554,1018.893266114625,3925800
2015-08-26,1014.5032348632812,1039.0119479205198,988.990531203465,1007.1407973137896,3216158
2015-08-27,1013.676513671875,1029.5235147100168,1002.3179134579036,1029.5235147100168,5264798
2015-08-28,1012.1806030273438,1027.200767444917,1007.0032015092283,1027.200767444917,2744152
2015-08-31,1009.5036010742188,1019.7204722962454,996.5110236279731,1019.7204722962454,3692044
2015-09-01,999.0106201171875,1028.0667544996172,996.0971727640888,1006.3337445000044,2987602
2015-09-02,1020.4286499023438,1031.7085251310232,1003.1839458938115,1007.7903835638925,3765950
2015-09-03,1025.8623046875,1029.5631816911778,1014.3067483104768,1022.1220177941668,2265074
2015-09-04,1002.9674682617188,1029.523478412227,999.6996203670963,1028.1454783705378,2426396
2015-09-07,999.9364013671875,1007.8894150427845,997.1606949178685,1005.1531184921467,1759184
2015-09-08,1000.1521606445312,1009.5225774462297,993.5377431302954,1002.002598084645,1787746
2015-09-09,1003.8729248046875,1013.4204955180961,1001.609067831405,1009.0699337625026,2045076
2015-09-10,1002.1603393554688,1015.192321115719,994.9160346943657,1000.821749186022,2665818
2015-09-11,1004.7586059570312,1011.2154801798908,1000.2703026706079,1002.5931779269514,1592672
2015-09-14,1004.62109375,1009.8772183056344,1001.2155033727986,1009.8772183056344,1589318
2015-09-15,998.95166015625,1007.4755367504011,998.4595172553946,1004.6211079254399,1379900
2015-09-16,1004.1092529296875,1009.877128685802,1000.447690899596,1005.939985883908,1756816
2015-09-18,1004.4639892578125,1018.1455663775416,999.640987251577,1009.8775629382808,2455294
2015-09-21,1004.384765625,1006.7667560830263,997.356927751301,1003.9713464344923,1108840
2015-09-22,994.8374633789062,1012.7907805093903,980.3487557166712,1006.9244749981473,2081246
2015-09-23,997.140625,1007.0228937815448,989.24672906171,997.7903113602223,1228352
2015-09-24,1015.9400634765625,1019.7197581717193,996.0574967631757,998.2623346889553,2354254
2015-09-28,1021.1771240234375,1031.1381185819191,1015.5863981985722,1021.2952575798008,2366812
2015-09-29,1019.03125,1037.0436829904377,1011.7869438142646,1017.1020879753775,3325952
2015-09-30,1018.9525756835938,1040.862743671025,1012.2200209715368,1040.862743671025,3368336
2015-10-01,1041.217041015625,1043.3233551809851,1020.5863507575405,1023.2636276455875,2834408
2015-10-05,1067.615234375,1090.5884998880877,1044.405797978967,1044.405797978967,4807306
2015-10-06,1063.02880859375,1073.2653823061341,1056.7293786168982,1072.871667932581,3979590
2015-10-07,1044.8984375,1069.7221526102703,1042.1424363707133,1060.647015381638,2065530
2015-10-08,1036.964599609375,1054.5045884806598,1031.5313237940702,1051.2170360802165,2357550
2015-10-09,1035.3311767578125,1043.5795714763888,1026.8072972671364,1043.540161582264,2249724
2015-10-12,1020.743408203125,1047.417543550215,1018.5385703752322,1045.3111342660386,2455912
2015-10-13,1023.0861206054688,1028.3815577177816,1010.9006845421372,1024.759406065002,6179712
2015-10-14,977.8681640625,1003.1840121652552,976.4114404120223,1003.1840121652552,8337128
2015-10-15,971.5882568359375,985.6635400623117,970.5055427416011,980.3483981446599,3215710
2015-10-16,973.2619018554688,981.1361890873092,972.4744731322847,976.7659212249696,2333828
2015-10-19,979.8566284179688,982.2976382629229,966.9034642247684,980.3487713754865,3130642
2015-10-20,994.8174438476562,996.0970151121284,982.553283869141,982.8091596733797,2695084
2015-10-21,996.0972900390625,1000.82186216573,993.046003873923,998.0658617585073,1929688
2015-10-23,1001.0881958007812,1005.3693400394105,997.2017198476852,1005.3693400394105,2335398
2015-10-26,1000.8519287109375,1005.7643323311557,992.3883760161879,1005.7643323311557,1414630
2015-10-27,998.701416015625,1004.1464335773196,994.4597662159551,998.287096071303,1530420
2015-10-28,997.912353515625,999.6681801240976,990.3957356173146,990.3957356173146,1255342
2015-10-29,984.5953979492188,1000.3979313977776,982.5041468297949,999.6680309080326,3130316
2015-10-30,984.536376953125,991.1257123746531,980.5117604220369,986.4303424768983,1516696
2015-11-02,993.2760009765625,995.426399409644,981.5177344738362,986.4301372913334,1319294
2015-11-03,1003.5742797851562,1005.2907067666878,993.7297262226014,997.4781607666215,1364906
2015-11-04,999.7666015625,1005.0538280876066,994.3214884310704,1004.1857889115374,991434
2015-11-05,979.58447265625,1000.2206145878324,978.5388950306885,998.5831787596314,1596098
2015-11-06,988.698974609375,993.6311255352923,979.899998091324,983.273608590866,908024
2015-11-09,975.1259765625,987.5155042404904,974.0409030886566,984.4575699051137,2021556
2015-11-10,969.9172973632812,977.3550194307401,966.7015735184955,975.756983277689,1361920
2015-11-13,945.9468994140625,961.9863094390774,941.6658508988905,961.9863094390774,2743232
2015-11-16,936.9508666992188,943.0272379847676,929.6117877372855,943.0272379847676,2043528
2015-11-17,943.2445678710938,946.3616496389936,937.1089510516721,939.2790980962128,1985028
2015-11-18,927.8164672851562,942.5931719217887,925.6660687871376,942.5931719217887,1520352
2015-11-19,932.1961669921875,939.7127834157848,928.0334128172921,933.3009879403252,1866906
2015-11-20,946.3218994140625,956.2650956477628,931.9594192266595,933.7547412914681,2012126
2015-11-23,943.441650390625,952.2602791337181,939.969396602381,949.0643028836815,1088082
2015-11-24,934.3267211914062,943.9937349126468,933.3600390854925,939.101080786154,998640
2015-11-26,925.4886474609375,940.0285721606251,922.4504614289941,938.2529976357264,2915292
2015-11-27,928.5660400390625,930.9728714023447,920.3391754368201,926.4550413400444,1737206
2015-11-30,936.536376953125,943.5202819906191,927.3033344817986,933.1627671334298,4100048
2015-12-01,931.9398193359375,938.31221665132,930.0262024190342,932.3343914422369,1721994
2015-12-02,933.2418823242188,938.3319200528985,925.8634035523226,938.292424311708,1640296
2015-12-03,927.5401611328125,936.3193884369516,926.060516081553,931.1899522592523,2283358
2015-12-04,918.7216186523438,926.1790889749516,915.8413194513366,923.2986934428674,1246092
2015-12-07,915.3284912109375,924.8376222103981,913.5331686654071,920.2211473298134,1382604
2015-12-08,918.9583740234375,926.8498156208908,914.3418999551421,915.1704435242302,1139964
2015-12-09,934.2089233398438,936.2410281698052,915.4075946798346,922.4703992270312,5282806
2015-12-10,940.8766479492188,943.500513122211,928.0333105459881,934.7410343041862,1723988
2015-12-11,941.4488525390625,943.7965368238174,932.4723389618355,940.2651364629447,1652378
2015-12-14,938.4699096679688,941.8435200932937,919.589694137552,921.4046678397178,2718532
2015-12-15,937.4443969726562,941.0546940589315,932.3938535622199,938.4702268907881,1135868
2015-12-16,950.287353515625,952.6942817223168,940.6598333510057,940.6598333510057,1435934
2015-12-17,962.657470703125,964.7289746363933,944.3493601872499,952.8918093034315,1618844
2015-12-18,953.6016845703125,960.4671992389357,947.2292885994398,954.8642957778562,3024970
2015-12-21,965.2811889648438,966.7016871191664,949.6759387947866,954.8447757313453,1610104
2015-12-22,948.9653930664062,962.7556649851259,946.9727852312715,962.7556649851259,1560858
2015-12-23,957.15283203125,960.7828753742549,951.1356086844503,952.8914349194355,849834
2015-12-24,960.4867553710938,962.0452952848037,948.5509540565305,955.2586771093429,843160
2015-12-28,971.7125854492188,973.1724827938172,954.9432730277277,958.0209543383562,3704198
2015-12-29,968.9900512695312,972.7384857120883,965.0245829351393,969.996229254536,1708524
2015-12-30,954.1939086914062,970.2529769245066,951.8264756448235,967.9052917528649,1605762
2015-12-31,961.5130004882812,966.1097266343451,949.932271542653,953.1874911647617,1240318
2016-01-01,953.4440307617188,962.3613991923678,951.8065949986835,962.3613991923678,712262
2016-01-04,934.97802734375,952.4969889392844,933.5772772114482,950.9778479182818,1870184
2016-01-05,926.8297119140625,941.6854028163852,923.692884349608,941.0540491985541,2678020
2016-01-06,939.7129516601562,941.5081776498492,927.3233299245712,927.3233299245712,2653228
2016-01-07,935.6290283203125,940.2257544394098,931.1900924980232,935.1358132289471,3199580
2016-01-08,946.0260620117188,949.8731398099015,936.1222642244799,941.0544152477911,1907544
2016-01-11,932.1171875,940.6596326279797,926.790465587048,940.0677746376516,2930228
2016-01-12,918.1889038085938,933.1628937679593,908.1470644505387,932.2553587911049,3482594
2016-01-13,899.30859375,918.1691569360864,889.7994651789967,914.2234364507574,4746092
2016-01-14,899.1507568359375,907.0815968015412,887.787063161261,896.8622198069095,2742052
2016-01-15,892.1668701171875,904.2407166334818,889.7599421625043,903.1162441282783,3269408
2016-01-18,898.697021484375,904.3196733866599,891.7328630992359,892.5220072258725,2213922
2016-01-19,899.3479614257812,907.5155824011814,895.0076695099496,898.4404265771695,967910
2016-01-20,899.6638793945312,901.5972441427559,885.0252160228454,897.1780559103289,1615954
2016-01-21,891.7137451171875,905.7153328287546,888.2528911496669,903.7772932325454,2675536
2016-01-22,908.0291748046875,910.5210089062366,893.8891146939317,899.0309547342065,1343178
2016-01-25,911.5494384765625,925.1358023743184,906.3483074564988,910.4617414023729,1397560
2016-01-27,917.521728515625,921.556075678032,902.551026058012,910.5011397965163,1626986
2016-01-28,922.0506591796875,929.0514536148759,912.8942662648412,915.8409171454019,3106660
2016-01-29,945.8218383789062,949.2628970679746,923.5734892288756,932.9276454014602,2235744
2016-02-01,950.3308715820312,954.3850155166348,933.0463943151111,945.7428251651862,1495274
2016-02-02,948.5115356445312,962.3153630987176,941.233794729948,952.822733129803,1475588
2016-02-03,955.7096557617188,961.0887523387896,933.5601959921786,944.3184857103018,1308692
2016-02-04,957.193115234375,965.0838429159069,950.053848640987,957.9247807014614,1250046
2016-02-05,957.9442749023438,965.0637436345111,952.4662971773666,952.4662971773666,1402996
2016-02-08,934.6084594726562,954.0288312870092,928.2998369451172,949.2627220572141,1063658
2016-02-09,902.353515625,923.0000623826096,892.1490159937485,923.0000623826096,2489610
2016-02-10,897.3696899414062,905.715233224035,893.1375797250594,899.8219325987665,1890732
2016-02-11,869.3466796875,905.3593548587035,858.944322658324,901.7996195184988,1962408
2016-02-12,880.6785278320312,887.3232896263142,855.9185532393421,870.1574940510873,2172568
2016-02-15,897.508056640625,912.4194686169538,885.9785088673464,889.933770067647,2479712
2016-02-16,896.0841064453125,902.590490978527,887.1649742615408,896.262073863866,1588702
2016-02-17,900.0396118164062,901.6612112044784,888.509965812927,895.8667913342553,1585178
2016-02-18,915.9794921875,917.5220059158386,901.0087852036987,903.7774689159138,1529140
2016-02-19,917.4821166992188,920.3892722785106,911.865665162703,912.6172227217818,879012
2016-02-22,915.9990234375,926.7178213281445,911.6878267867576,917.7196009119194,1324884
2016-02-23,895.471435546875,917.5813144332213,892.6038702166123,913.7645247226891,1306852
2016-02-24,874.4886474609375,894.8582471076268,870.6322669453021,894.8582471076268,1659328
2016-02-25,875.2401733398438,881.2323565281536,864.4817836570518,877.9890610637876,1830556
2016-02-26,874.3106689453125,892.6630460804228,869.9994719719568,881.9047527059093,1537536
2016-02-29,860.9813842773438,884.7920403462336,836.5378477122415,884.7920403462336,2191718
2016-03-01,900.4744873046875,903.8167602135851,855.1274570361168,867.3887665495856,1999760
2016-03-02,917.165771484375,921.5758490462739,892.4057980303243,911.6876961595113,1527486
2016-03-03,938.6430053710938,945.7031869861206,910.1058273756016,923.9492450019145,2648284
2016-03-04,932.4729614257812,941.3525067247276,929.3087513191435,941.3525067247276,1512966
2016-03-08,931.1875,936.2106642257098,911.3715956043385,926.3620989057277,1268152
2016-03-09,932.3539428710938,937.1595465854617,907.7917322856723,925.9266434452138,2017784
2016-03-10,928.8140258789062,933.382371971009,915.6231908818988,931.8793533715125,1661666
2016-03-11,935.518310546875,945.6438195244504,923.5536434317528,925.5312743598721,1530528
2016-03-14,931.4641723632812,948.4717984404027,925.5312795456807,934.2328556781615,1636742
2016-03-15,921.5363159179688,934.8260328613777,917.6602369931404,929.1106994452388,1623356
2016-03-16,920.4091796875,922.3670148874318,912.4392695407,915.6430700962284,1918246
2016-03-17,930.29736328125,934.1537435043288,922.3670441250916,923.1580964785437,2221088
2016-03-18,959.4872436523438,961.1286387101333,933.441805496261,933.441805496261,3204070
2016-03-21,967.5557250976562,970.9967828654304,957.1731649407575,959.5463215480487,2336982
2016-03-22,978.1756591796875,982.8823812530492,963.6993649589756,965.8747585593344,1951984
2016-03-23,978.452392578125,984.0292521201482,971.9262125478567,984.0292521201482,2278434
2016-03-28,978.2942504882812,995.5985179536051,973.6073239817832,985.255548711357,3320882
2016-03-29,976.7123413085938,983.6538453010128,971.0168027611799,980.1139051903069,1838796
2016-03-30,984.6624755859375,990.7931316902083,972.9944526778094,977.3056496352071,2136504
2016-03-31,996.844482421875,1008.5915886712475,977.7998421326871,980.2323856672897,4363964
2016-04-01,970.5816650390625,997.0622203294527,962.7503238410425,990.7930916826234,3041400
2016-04-04,977.4439697265625,984.0690325461558,967.8524608683454,971.412196114694,1752352
2016-04-05,974.0819091796875,982.8427737266954,965.8945381686526,977.2659136184205,1491794
2016-04-06,981.6563720703125,984.4646465297286,972.737334102858,976.9496492279749,1763150
2016-04-07,977.2659912109375,982.7637658479999,971.8077112488768,980.9048123309786,2390942
2016-04-08,961.939453125,978.4130796864935,959.9420266286489,975.3675474521007,1399500
2016-04-11,991.445556640625,995.5392908005055,954.4045723884068,962.3150951599642,2400648
2016-04-12,995.9940795898438,998.7034721895008,984.1085967066664,988.024266744306,1303628
2016-04-13,999.1779174804688,1006.613826751191,993.7592297494567,1000.6809358273136,1601468
2016-04-18,996.627197265625,1009.9762072498357,965.0839810807124,970.2258219635195,7121504
2016-04-20,969.1773681640625,1002.6190209565332,965.0836346129589,1002.6190209565332,6405024
2016-04-21,958.9136962890625,975.9213231663645,954.0882958831893,969.434732006209,2525724
2016-04-22,956.0067138671875,963.2645624036389,950.9241630779806,956.7779707192868,1964126
2016-04-25,969.5335693359375,971.827640541508,950.1725817261515,950.1725817261515,2267654
2016-04-26,984.7813720703125,986.2448000244357,965.8751961739209,968.6438801924375,2554368
2016-04-27,993.2059936523438,994.5903355115264,979.2833925602013,980.9050887922823,1848670
2016-04-28,999.7911376953125,1004.6363326065053,988.0638270052472,989.3294912610867,4992744
2016-04-29,1002.8567504882812,1005.4276709687284,992.770831680373,995.5395152747008,2372178
2016-05-02,999.376220703125,1000.6814767247029,988.8156884631451,1000.2859504493175,1116692
2016-05-03,980.1533813476562,1000.6811497061466,977.7406332306697,998.703518975502,2153118
2016-05-04,980.114013671875,986.4622290780749,971.807962708554,978.4923174772366,1364892
2016-05-05,977.0687255859375,984.8407794504078,974.3989228221665,980.114259055504,1246566
2016-05-06,978.2942504882812,982.6055430637517,961.52398190177,974.971869760536,885598
2016-05-09,993.7792358398438,995.9348340192618,971.5703848394176,978.2943293105563,1821276
2016-05-10,997.8729248046875,1002.2435082484112,987.2333095731115,994.7483067213042,1158534
2016-05-11,996.053466796875,998.9408268421658,984.8600580690738,988.8153193464597,1598716
2016-05-12,1014.9992065429688,1016.4626340136091,996.9434760701694,996.9434760701694,1513082
2016-05-13,998.0702514648438,1014.9196973813271,992.8295320609847,1014.524171388583,1621730
2016-05-16,1009.0467529296875,1014.4457441745451,997.7149645055127,1003.8456213736339,1111526
2016-05-17,1016.581298828125,1024.9071436591212,1009.3827421584475,1014.2081419108247,1756698
2016-05-18,1009.02685546875,1014.8608665025928,999.1189055527104,1014.8608665025928,1500740
2016-05-19,1011.3408203125,1012.5471946814686,999.1388935025077,1010.5695634418563,1038792
2016-05-20,1000.4044189453125,1014.84112498516,997.8334986916409,1005.5462594526555,1230918
2016-05-23,985.4336547851562,1006.9700353818993,980.9839853823579,1006.2185742861402,1533016
2016-05-24,976.0399780273438,984.1680606968511,972.8362737667586,982.4870743578732,1339158
2016-05-25,999.2770385742188,1001.847958590948,981.3003940777356,981.3003940777356,1548678
2016-05-26,1008.0774536132812,1014.4849577678972,990.8325718492531,1000.6811341087555,1943248
2016-05-27,1017.55029296875,1020.3981584490052,1008.8290187684677,1009.837533181725,1104676
2016-05-30,1042.7652587890625,1044.9604485618306,1021.248671644923,1021.6441978539257,1349464
2016-05-31,1016.2649536132812,1046.9578245724024,1013.3380984338855,1044.189141243348,3722608
2016-06-01,1041.637939453125,1046.1666946787254,1016.8977587973548,1016.9768447166658,1911942
2016-06-02,1048.2034912109375,1049.8449825205844,1028.367895241775,1028.367895241775,1408756
2016-06-03,1040.0556640625,1051.3083621702226,1036.4761335842998,1048.697851313505,1554922
2016-06-06,1044.0318603515625,1054.6220399876645,1040.3152872302658,1047.2288957134047,1322026
2016-06-07,1051.4854736328125,1054.622605289505,1044.232234794042,1044.6318644284827,1202194
2016-06-08,1044.27197265625,1050.4462294335422,1041.2347491763724,1045.9303961933833,938266
2016-06-09,1029.945068359375,1047.9883001979056,1021.1332188889663,1047.9883001979056,1562138
2016-06-10,1021.3530883789062,1040.335489512819,1020.3340136469792,1025.4492907288559,1396832
2016-06-13,1017.8563232421875,1020.3940095604519,1006.2670678931402,1015.0589167786243,1029978
2016-06-14,1013.0006103515625,1022.6316202259864,1006.3667233721214,1022.6316202259864,977570
2016-06-15,1021.7927856445312,1025.009725254356,1007.8656577316335,1011.0626939179352,1270844
2016-06-16,1022.372314453125,1024.9299045897671,1005.6477784783442,1017.2770376050288,1145070
2016-06-17,1040.076416015625,1043.033637109824,1022.6525200628504,1022.6525200628504,1878988
2016-06-20,1062.734619140625,1066.211375853076,1035.7596311833227,1040.0756487696478,1872838
2016-06-21,1059.4974365234375,1065.0123417084778,1055.5810489244511,1064.4128976137076,1027690
2016-06-22,1066.07177734375,1070.088074012656,1051.7251148883643,1059.0183544995402,1761712
2016-06-23,1057.1602783203125,1062.814998545502,1049.1476847440383,1061.0166652146297,1397014
2016-06-24,1028.6260986328125,1036.3189647624226,1004.7282404417002,1025.1093403175503,3766586
2016-06-27,997.4153442382812,1017.8563544984145,992.1401566923652,1017.8563544984145,4272566
2016-06-28,984.6670532226562,1000.2326022003599,982.4490900606072,997.4152923746736,4499524
2016-06-29,1000.2329711914062,1004.0694547013728,985.2069555033327,989.0833434371732,2531264
2016-06-30,1020.2941284179688,1024.2104195150073,999.2136720255793,1007.8656117840042,5121812
2016-07-01,999.41357421875,1024.8899573958768,996.8159822085332,1023.8508815654677,2197296
2016-07-04,996.7557373046875,1009.4040677162138,991.8802776128172,1005.4676786760065,1883484
2016-07-05,993.1995239257812,997.8951720072395,989.9424839510613,996.7561885526404,1559748
2016-07-07,971.0197143554688,995.8167427026729,969.1014733692501,994.1582218479487,3316800
2016-07-08,969.7409057617188,975.9151615271658,960.509426027587,973.0977542655187,2456356
2016-07-11,984.7469482421875,987.8041723164731,969.900752024292,971.0996404693159,1543632
2016-07-12,985.0668334960938,989.0831299612189,973.437672204519,987.7643329414425,1465536
2016-07-13,996.3163452148438,998.7740276128804,979.5918116179146,990.2819007401091,2102300
2016-07-14,1007.8258666992188,1010.6632759347752,987.4847587326333,993.4792028366355,2699988
2016-07-15,977.2340698242188,1010.183503697808,969.7210154575612,1005.8674854390217,8336366
2016-07-18,972.4783325195312,986.685179957965,971.3394470481184,977.8933314528717,2598850
2016-07-19,985.56640625,988.204000385414,970.1007617144094,970.1007617144094,2362896
2016-07-20,997.0558471679688,1000.0730701495158,978.3531624468137,979.0925162302952,2815252
2016-07-21,1001.491455078125,1006.8664519486583,984.8668300621035,994.8775678214665,2527148
2016-07-22,1005.108154296875,1008.6648176783781,995.8766741895872,998.634078603041,1517216
2016-07-25,1025.281982421875,1026.9848091705176,1003.986670563363,1006.470774727068,1688796
2016-07-26,1022.7376708984375,1028.9078736926674,1014.8845965979465,1025.2818353373088,2311290
2016-07-27,1032.73388671875,1033.8757230524843,1019.6922239760855,1023.6988731862076,1750510
2016-07-28,1049.4415283203125,1053.568396310753,1032.5334892813298,1033.9157636081193,4632080
2016-07-29,1049.4622802734375,1055.712598120667,1041.3287579065145,1047.3387353472986,2488084
2016-08-01,1085.1011962890625,1091.8123363381133,1054.550484125473,1054.550484125473,3961704
2016-08-02,1081.4752197265625,1088.086193884939,1077.7090069092417,1082.957661034715,2578162
2016-08-03,1064.2862548828125,1081.3946275368892,1061.3814341900957,1076.1859835361558,2294702
2016-08-04,1062.5635986328125,1074.9641610365445,1056.2531247721538,1069.7755687592794,1415416
2016-08-05,1061.4017333984375,1075.505122403037,1054.5503224949068,1071.3381475439594,1868484
2016-08-08,1061.56201171875,1068.9743148766277,1053.3684313052509,1057.755693880921,2058244
2016-08-09,1061.842529296875,1065.6889530251306,1033.2551357726647,1064.9677363487554,2261914
2016-08-10,1071.9390869140625,1074.583515004602,1060.9609051947002,1062.1629001779268,2062078
2016-08-11,1085.7623291015625,1087.805760264871,1067.9928903828884,1067.9928903828884,2233138
2016-08-12,1097.2012939453125,1099.7455563891579,1082.617123826025,1083.7990662754282,2327358
2016-08-16,1078.469970703125,1097.8221099421025,1071.3181590795189,1097.0207799348457,3183754
2016-08-17,1051.5650634765625,1081.394545168038,1048.9406888662184,1081.394545168038,1848566
2016-08-18,1057.174560546875,1064.787194864466,1053.7889611640862,1055.7521803606587,1292064
2016-08-19,1043.1312255859375,1060.33976609094,1041.7288982229452,1057.7554966571442,2416244
2016-08-22,1021.1751098632812,1039.5055379918508,1016.2069018039721,1036.9212676882696,2265274
2016-08-23,1042.14990234375,1043.712456992985,1017.7693936493326,1019.6725527363187,1503374
2016-08-24,1030.53076171875,1042.5306627349273,1029.3287663351202,1037.6425677385598,1116878
2016-08-25,1022.11669921875,1037.6023658472302,1012.0800191327464,1033.7159340310711,1939690
2016-08-26,1011.6593017578125,1030.730999213113,1008.5541473031731,1025.6225193038674,1250314
2016-08-29,1001.8827514648438,1015.6655864960522,988.3402567103644,1015.6655864960522,1488728
2016-08-30,1019.351806640625,1021.6156225507355,1002.1633175038322,1005.6691362057446,1444026
2016-08-31,1006.1898193359375,1021.6955319631918,1002.0028905431775,1021.6955319631918,3231668
2016-09-01,1004.667724609375,1015.6659618913235,996.4741429893469,1011.6392581272695,1345736
2016-09-02,1007.5924682617188,1009.4354687657193,1000.0799987161932,1006.4705865791975,1742330
2016-09-06,995.271484375,1009.7354259574838,993.648772259815,1009.6352597506028,2239066
2016-09-07,977.8432006835938,1001.5425015259211,970.8115088211435,1001.5425015259211,3854040
2016-09-08,930.3841552734375,945.5693183345071,915.4192796884597,945.5693183345071,7021516
2016-09-09,942.544189453125,948.2336118618363,929.5626849251594,933.4290623494105,2742438
2016-09-12,945.1886596679688,947.1518787743602,931.1453337581987,936.3539780520268,2024454
2016-09-14,932.928466796875,952.6212116546429,925.5362165788312,946.3707980775754,2069858
2016-09-15,932.3272705078125,938.3974030916514,928.2405076487325,937.5359147721628,2818964
2016-09-16,946.2505493164062,951.9800786125179,929.5428377024585,936.2339239101298,4358004
2016-09-19,966.183837890625,972.4141997726302,941.5629870068731,947.572963519683,2802546
2016-09-20,964.2001953125,968.3670716354065,955.7461258002336,966.0031875746675,1184552
2016-09-21,966.9649658203125,971.2120543603899,961.8765393896552,964.6811946621481,1678020
2016-09-22,952.7816162109375,972.8148713877864,950.0170661239838,971.7130423530598,2857574
2016-09-23,960.8350219726562,963.138846313326,950.0370191993103,954.3842746913298,1800726
2016-09-26,962.0369873046875,969.2489589290223,959.5928911267682,962.0369873046875,1753476
2016-09-27,976.0603637695312,980.8282396961556,962.037084198712,962.037084198712,2038792
2016-09-28,970.8314819335938,976.621072419702,967.6862221216363,974.0167495599162,1731328
2016-09-29,976.7410888671875,984.2335042841781,969.4490059363121,975.6192073812229,3603958
2016-09-30,973.9364624023438,981.5490970962445,970.8513615901145,976.4406185516532,2175364
2016-10-03,966.2840576171875,984.6946004561075,962.0370660043839,981.6295513924783,1818880
2016-10-04,963.6594848632812,971.6327778755585,960.7947689457052,969.6093998534639,1780718
2016-10-05,956.126953125,967.766193013571,952.020136912594,964.801311168153,1176354
2016-10-06,957.0885620117188,962.5576003814854,950.677921721949,959.5927183749101,2267572
2016-10-07,948.6943969726562,956.7878086208922,944.8479746949888,956.7878086208922,1816512
2016-10-10,953.7028198242188,956.3471498578955,943.5860296269421,949.5358455666598,1202142
2016-10-13,933.1085815429688,949.5358448206907,929.903261879023,946.8915147890914,5173334
2016-10-14,948.0535278320312,956.3873796102024,917.9235386204331,927.5394988678754,7741214
2016-10-17,946.5510864257812,951.900003736874,939.3190630257404,949.1353563215744,2728346
2016-10-18,961.6760864257812,967.886393751353,943.4859350641276,951.9800132618345,2128632
2016-10-19,959.6328735351562,965.6027434856932,949.6963610094232,961.9967581365764,1985058
2016-10-20,962.0567626953125,965.3422940768029,955.9867268388457,960.3539363796942,1265854
2016-10-21,973.0753173828125,974.377479039971,960.8951367017667,961.5963006710059,1259660
2016-10-24,975.3046264648438,978.1971361775293,965.2009000553433,975.5054965571289,1253190
2016-10-25,963.5537719726562,970.0419351112397,956.5434250341331,966.1851899231793,1772466
2016-10-26,962.6699829101562,965.281294287899,953.1286528760962,963.6141116407058,1437130
2016-10-27,971.4480590820312,976.0278583286772,950.3164844109841,956.0211758827506,2941602
2016-10-28,963.6541748046875,970.2427727739147,959.3555743849283,968.1938585710542,1752102
2016-11-01,944.0894165039062,964.0558836963012,937.7217954622811,964.0558836963012,2934776
2016-11-02,925.6294555664062,941.6789556942074,921.9936874224428,940.4737351877728,2325076
2016-11-03,931.8164672851562,938.0635482182087,917.7756641989283,921.5921968362187,1463310
2016-11-04,936.2758178710938,938.5255045632704,921.5921911980736,932.0374383520186,1183752
2016-11-07,914.7826538085938,942.0406708607401,907.9530695740489,939.228489117104,2048052
2016-11-08,917.2533569335938,926.8147948933205,907.9330023662351,916.148571200626,1933634
2016-11-09,871.716064453125,913.9590097827269,860.8690784029565,875.7936884950965,4500226
2016-11-10,865.9307861328125,890.858782040166,860.0453321716128,885.7567017547337,2172426
2016-11-11,844.116455078125,862.5563907032504,838.110458184368,862.5563907032504,2398424
2016-11-15,852.2113647460938,866.7744445843807,824.3305406346245,850.4436493101736,6290324
2016-11-16,879.6503295898438,887.4038365304724,858.920497252526,861.7728917377683,4019958
2016-11-17,858.59912109375,887.2834297303074,855.7668331161198,877.8023219405228,2504688
2016-11-18,853.7380981445312,863.7413894221436,845.3416695103265,860.5274679731309,2140534
2016-11-21,856.8717041015625,859.7240989895331,845.6631908284894,854.1800641555278,1793366
2016-11-22,857.715576171875,874.7694329999091,852.513058686731,856.5103552217506,1318860
2016-11-23,866.2925415039062,868.9439680425832,854.5817555278221,863.339711726471,1275808
2016-11-24,879.1882934570312,886.8816768940316,858.5187804325153,865.7098905541893,3026234
2016-11-25,924.143310546875,926.9152793010659,880.6950395597623,888.6495168767831,4276148
2016-11-28,917.0121459960938,931.8162123267234,904.6786443832087,921.5919446752938,1924296
2016-11-29,907.872802734375,920.7887133864702,904.9400791008202,913.9591286885776,1442296
2016-11-30,914.3807983398438,921.893320434979,900.8220666415408,909.9415495305491,3445832
2016-12-01,909.3187866210938,919.9850079672393,905.5424681789077,914.762385651268,1123052
2016-12-02,892.6065673828125,912.271731983779,885.9175337186979,907.1294374343594,1998032
2016-12-05,878.2039184570312,899.0341832942217,871.7760764189194,895.4787439344568,2249526
2016-12-06,876.7377319335938,885.4152610806013,871.7359881656555,879.8110051162861,1593444
2016-12-07,865.5693969726562,877.5813901288595,861.993850222355,876.6774746481086,2065706
2016-12-08,882.1209106445312,883.4265660969255,867.7587006681943,867.9595707377933,3239546
2016-12-09,881.920166015625,891.8230226229676,873.1019883221801,885.837132929941,1588718
2016-12-12,887.122802734375,890.8992199428379,868.9641630035069,881.7395226028608,1311758
2016-12-13,883.94873046875,891.0595103717321,876.9986073676696,891.0595103717321,2147534
2016-12-14,886.8817138671875,893.7514125091272,879.4093068379499,889.45281194117,1870366
2016-12-15,907.6517333984375,912.794028027457,884.6319982952408,884.6319982952408,4295410
2016-12-16,917.0322265625,919.9850562593545,904.7189286882385,914.7624336692359,1987230
2016-12-19,919.5433349609375,923.0786692230199,908.455361511245,915.9678855174652,1334210
2016-12-20,939.7908325195312,942.0807319532616,918.7999078949863,920.7885021905654,2922760
2016-12-21,929.4664306640625,941.5989685431831,926.2525081487388,941.5989685431831,2034902
2016-12-22,927.095703125,934.0458271756864,918.4582900995044,926.4127645019926,1868300
2016-12-23,919.2218627929688,931.1334214227547,915.4856590243437,924.0025323146741,1118954
2016-12-26,921.2306518554688,924.6454441485636,910.3434513120948,910.3434513120948,897408
2016-12-27,933.403076171875,936.0546005388874,916.5702022014899,916.5702022014899,1294692
2016-12-28,929.3856811523438,944.0491975325826,925.2678443606329,934.7288450934175,1350418
2016-12-29,944.7723999023438,948.0666498953643,925.2076719612422,925.2076719612422,1963516
2016-12-30,950.33642578125,955.5791543237025,942.3417379952726,946.0578343606112,1405748
2017-01-02,948.6493530273438,954.1732813161108,945.053699421765,950.7584892830548,823132
2017-01-03,951.4212036132812,952.8071876505883,941.3978055032684,948.609022287284,1475324
2017-01-04,955.9408569335938,959.6971672365686,947.423983855135,952.0037831471896,1420066
2017-01-05,937.822265625,960.1389529223507,932.1979029330859,957.7486183945075,2216404
2017-01-06,916.5300903320312,935.7936121705548,906.7678815397871,932.4390421316493,3009896
2017-01-09,925.4891357421875,928.5424013412343,906.7278828163127,913.9592084214052,1854578
2017-01-10,930.1693115234375,935.9744384226896,920.5877674886336,925.6095205297019,1533914
2017-01-11,933.8048706054688,935.8939980856479,916.0479735916618,930.0285520025645,1931296
2017-01-12,941.8194580078125,948.1066514427869,925.6092054763478,933.8046644174041,2570374
2017-01-13,903.6339721679688,947.2829921738572,899.0340679159945,943.2856980356195,10235580
2017-01-16,907.3507080078125,913.5173636736655,895.0775204163951,903.9158083199682,3364808
2017-01-17,915.4656372070312,919.1014062546207,905.0404968515505,905.8840925670626,3009956
2017-01-18,922.033935546875,923.1989428480554,910.1222802424081,915.1641391679157,3136574
2017-01-19,920.386962890625,922.0541457865031,917.1529340857192,921.9939239781687,2251676
2017-01-20,918.1170043945312,924.0024590862698,909.9415521001744,918.7798364914344,2037246
2017-01-23,929.3370971679688,932.0767415830647,910.4417835059301,912.5367709901195,2318546
2017-01-24,934.0309448242188,935.9043256754818,922.6090855776381,928.2494904676324,2282638
2017-01-25,947.9908447265625,950.8110469845676,933.9099974105497,935.7431485504228,4111648
2017-01-27,949.9248657226562,958.3653098407785,944.7880679505197,944.7880679505197,2871658
2017-01-30,939.8928833007812,947.5678826876382,933.9503137054211,943.1562998466442,2577956
2017-01-31,898.3555297851562,939.5506373773404,886.3696671849852,934.6958397444242,4666804
2017-02-01,873.4168701171875,902.4448377236334,868.4412850394995,894.407278474384,4864152
2017-02-02,889.4313354492188,894.0041313917094,867.4136524949754,874.2828792154685,6009482
2017-02-03,899.4631958007812,903.6733350009979,882.7232621431949,890.2572109795053,2153372
2017-02-06,902.766845703125,909.9180725295137,892.3723667565433,909.7166295203197,2408910
2017-02-07,904.3182373046875,907.5413263110506,896.8245160205449,904.076466284862,1814638
2017-02-08,914.9344482421875,919.6281317556096,904.0968481903029,904.4392424632387,2212584
2017-02-09,933.6082153320312,937.9190780201694,914.6322358782469,916.5661093195384,4033202
2017-02-10,966.1007690429688,976.7772514137234,931.0698399552515,931.0698399552515,5782160
2017-02-13,972.6676635742188,978.6102329177912,959.8156376941562,965.3149930304767,3819812
2017-02-14,969.4446411132812,974.8432753028251,966.1208309151785,974.8432753028251,2033328
2017-02-15,972.4461059570312,978.2073965396299,956.8947623761702,965.7179281324106,1924972
2017-02-16,986.1644897460938,998.3517947465307,981.2694627844804,991.0998446636261,4175680
2017-02-17,970.109619140625,997.385092936869,967.7326299600984,995.9346633061463,2723324
2017-02-20,1008.1016235351562,1029.3740302113054,970.1900988949714,976.998834936366,3973948
2017-02-21,993.255126953125,1017.6497977136977,989.1456107023923,1012.8554932356408,5501112
2017-02-22,971.5596923828125,995.1285258907513,966.9868964518894,993.4766537706412,4505496
2017-02-23,999.8828735351562,1004.4959003118207,972.9700588601413,972.9700588601413,4853352
2017-02-27,1003.1260986328125,1008.0211259070762,995.1489333599342,998.7950726122285,2139892
2017-02-28,993.6177978515625,1003.186342280949,987.070899031456,1002.9848992403304,2354828
2017-03-01,998.9761352539062,1007.980579547774,995.1285537645489,999.117086356349,1130374
2017-03-02,1007.7994384765625,1011.2441343833883,995.1488539883838,1001.8568683641502,1544942
2017-03-03,1004.818359375,1007.0946270891718,997.3044726342995,1003.9924229824713,1013970
2017-03-06,996.1358642578125,1000.7690543241279,988.9040785656057,999.1575099532355,1400694
2017-03-07,1007.1347045898438,1009.2296926629191,997.1632734946712,1000.3258704012674,1511672
2017-03-08,1012.1304931640625,1015.2730245789809,1004.072770746769,1008.0210744034167,1791510
2017-03-09,1015.1724853515625,1016.884751672723,1008.8471917902765,1012.916283325208,858468
2017-03-10,1024.2374267578125,1027.178515646366,1012.8357277947525,1015.1120938075211,1171420
2017-03-14,1034.4100341796875,1042.3267064893373,1027.7825776835032,1030.0991726967586,3402294
2017-03-15,1006.5303955078125,1036.283475928294,1004.737571977621,1036.2230823557072,3022496
2017-03-16,1015.6353149414062,1018.0929589749987,1009.6323526677272,1009.6323526677272,1571818
2017-03-17,1017.58935546875,1025.7477972972138,1011.1431792092231,1025.7477972972138,2593152
2017-03-20,999.1577758789062,1017.6703770944848,993.5173690795898,1017.6703770944848,3487540
2017-03-21,1001.85693359375,1003.9922497843262,993.1143241245442,999.9633884288514,3373700
2017-03-22,998.734619140625,1005.6038477890843,995.108643727924,999.2180628568095,1888716
2017-03-23,991.2406616210938,1001.1919266727388,985.9426514257141,999.9631046358883,2620638
2017-03-24,977.88525390625,995.0482434213496,976.3140372490536,995.0482434213496,5099814
2017-03-27,971.7816162109375,983.0422651083422,969.3441351847015,977.7845808625331,2181270
2017-03-28,978.9932250976562,984.4120243897197,970.9556657113505,970.9556657113505,1153158
2017-03-29,984.895751953125,987.3936269950801,977.2409133130341,981.4308909085136,1717764
2017-03-30,983.4449462890625,993.1142124549525,981.02762974759,985.0161626966749,2986086
2017-03-31,979.738525390625,983.3846645943203,972.9700186323125,982.3975148722267,1867044
2017-04-03,971.6404418945312,981.0277082203123,970.2303404658778,981.0277082203123,1196888
2017-04-05,967.4304809570312,974.9442691899166,964.9124422247121,974.9442691899166,2905568
2017-04-06,966.947021484375,970.9557194089276,963.9253750546792,966.9268575026665,1720704
2017-04-07,978.6302490234375,980.3223505357967,963.7636967428754,964.8716332327443,2277012
2017-04-10,975.8908081054688,986.6680107545848,968.9410232195902,979.8189473887913,2543264
2017-04-11,974.7022705078125,984.2909784658052,969.3438662053294,973.8964983829535,1557784
2017-04-12,964.2072143554688,978.2075071367715,960.0776315926386,975.9916334591552,1050538
2017-04-13,938.1810913085938,970.5530430691487,935.1192146143349,966.9270665695129,2500472
2017-04-17,932.6209106445312,939.8929259260632,924.6839759329397,938.8857106947305,2270882
2017-04-18,930.18359375,940.4168629562271,927.4641121469917,938.7247607420868,1730620
2017-04-19,926.29541015625,946.2584333396109,907.6217010043711,911.9325620096932,5626812
2017-04-20,936.9117431640625,939.5305031428053,922.9920069894927,928.7734625946063,1268842
2017-04-21,930.9891967773438,941.0008571009095,927.0408934217584,938.3620318991545,1161154
2017-04-24,937.9591064453125,942.6123619025033,919.5874621614032,926.637968443035,2000020
2017-04-25,931.2713623046875,944.5464416539,927.7259444113214,937.9189839694192,3148710
2017-04-26,930.8079223632812,944.3448360432974,927.86683421835,942.7534556514429,2187438
2017-04-27,927.70556640625,937.8382100468394,917.6334146924572,929.0754380558398,5773186
2017-04-28,915.8204345703125,926.134357350511,913.7456106453329,924.2206485098737,2540510
2017-05-02,922.5686645507812,927.4436247725074,918.5801322681655,924.2205365891103,2382696
2017-05-03,941.6657104492188,944.7679137775091,913.9471268248526,924.6236085796944,3514406
2017-05-04,938.764892578125,946.7822862106289,930.1833994181718,946.762122234495,2708208
2017-05-05,934.8970947265625,939.7317274077599,927.6451457047663,929.8610190169817,1682474
2017-05-08,943.740478515625,945.7347449396472,933.7690480346552,935.0985917709563,1071782
2017-05-09,947.8095703125,951.2139376684106,939.7518495359781,944.3447110342559,1790270
2017-05-10,939.7116088867188,949.2599892217694,933.0841526045103,948.7967095784205,1206388
2017-05-11,946.560791015625,950.8112593258874,935.803751101358,945.6946251872824,2071302
2017-05-12,951.0729370117188,954.7996330620834,934.7158220125763,944.0829228959255,2314446
2017-05-15,952.865966796875,958.0429942324148,943.3981433242377,956.894827849061,1817604
2017-05-16,978.670654296875,981.0275771427722,956.2299199456983,958.8688433674733,3601026
2017-05-17,989.226806640625,991.4023530756438,976.1933969327582,980.4237026148853,2876198
2017-05-18,1021.800048828125,1036.223395703329,983.948906748233,987.0712750673235,5138594
2017-05-19,1010.095703125,1023.5521559745381,1001.5747026618988,1021.7995623435611,1786044
2017-05-22,1019.8458862304688,1028.870496567217,1011.2442276588213,1011.2442276588213,1663940
2017-05-23,1015.9578247070312,1033.060319407662,1012.8556215129942,1020.5910147020192,2748596
2017-05-24,1031.046142578125,1035.4174970364265,1019.1610001024151,1021.2359229748752,2534548
2017-05-25,1057.4149169921875,1062.6322724116624,1034.6115239654255,1038.237498932594,4094094
2017-05-26,1038.7408447265625,1058.3211439579197,1033.2615557019076,1057.5757655026575,1362550
2017-05-29,1036.5654296875,1046.0936455782542,1032.9998487435562,1039.04313959034,1749290
2017-05-30,1027.802978515625,1037.814641124435,1017.287609818298,1031.388626192017,927634
2017-05-31,1025.9896240234375,1036.4243330664335,1018.4959043700461,1020.5103345606515,2502730
2017-06-01,1028.8101806640625,1033.00015755942,1019.3020275449815,1019.3020275449815,1080064
2017-06-02,1033.362060546875,1044.2199148182317,1028.3663144653967,1029.8771366707817,1355648
2017-06-05,1049.094970703125,1055.5209826738405,1031.4485443878045,1033.4025808147721,1500188
2017-06-06,1086.1810302734375,1091.3983860990525,1059.5905451109572,1059.9934312497828,5946720
2017-06-07,1053.647705078125,1087.792296610625,1038.0560351655424,1086.5836385032799,4927776
2017-06-08,1015.9176025390625,1049.4980990794456,1013.4599580489818,1046.698060429837,3330714
2017-06-09,1010.0353393554688,1026.311896624594,1001.5747322049044,1015.2728580677228,3148034
2017-06-12,1002.058349609375,1012.412503341244,995.2898430427292,1006.0066533033242,1626506
2017-06-13,998.7378540039062,1010.7762589985012,996.8842079792669,1004.217234437635,1175414
2017-06-14,1006.3359375,1008.6988221613118,1000.1436221349032,1000.1436221349032,1489142
2017-06-15,982.2999267578125,1006.1322703539557,979.7741256192238,1005.8471169038934,2997198
2017-06-16,977.6150512695312,991.9959571107269,972.2375160758726,983.8277569557483,2450426
2017-06-19,990.6514892578125,996.6198199417017,979.8352512598743,984.6220897812839,1644742
2017-06-20,996.0695190429688,997.6990806283151,969.7113802921003,990.3660534942564,1670958
2017-06-21,980.3036499023438,994.9085377121356,976.5963570602752,994.0326880376372,1657818
2017-06-22,975.63916015625,990.3662866669671,971.6263240233304,981.4036958374018,5775882
2017-06-23,962.1342163085938,983.4203719767511,958.9973290496131,977.4928197406791,1424756
2017-06-27,954.455078125,971.5043145429572,949.8719340136255,957.6123551795023,1974330
2017-06-28,957.3883056640625,960.6270410630592,951.2570572019691,957.3271373973063,1789726
2017-06-29,950.543701171875,966.3504694216277,946.4087281769704,961.0340045277845,2471826
2017-06-30,962.3988037109375,968.3670336122103,946.4087296388806,946.9382576193221,1753848
2017-07-03,966.9822387695312,970.8320595331322,954.5568271293848,960.3824323626925,1475956
2017-07-04,964.2322998046875,969.7727512449217,957.3881191215022,966.859948787715,1215134
2017-07-05,959.8118896484375,963.4784036581302,955.3305947477021,961.7673836790519,815856
2017-07-06,956.3697509765625,962.215745970424,953.3347111270009,961.0343531035359,1026788
2017-07-07,950.0139770507812,959.9950413639531,947.3863289910547,957.3673933042264,1232090
2017-07-10,991.9757080078125,996.029224530242,969.1618347199027,980.1817701912709,783608
2017-07-11,1008.6173706054688,1024.5055993306569,988.3293048027306,988.3293048027306,3537504
2017-07-12,993.8087158203125,1011.6728286787946,989.9996743964425,1011.3468963930799,2646450
2017-07-13,996.6401977539062,1007.0694355764718,988.5739444646,996.0698907704182,3131960
2017-07-14,976.6978759765625,987.9214988765224,967.5519834357693,970.8111059062899,4508432
2017-07-17,975.88330078125,986.7403144728751,970.4853780531939,976.7999291690331,2211822
2017-07-18,981.1388549804688,995.2548946475489,976.1686117956871,976.1686117956871,1908002
2017-07-19,997.9437866210938,1002.1806079436196,983.8888146804211,984.051731092607,3915576
2017-07-20,995.947265625,1000.9174084863205,990.1623419844288,997.8009117899043,1182504
2017-07-21,1014.8912353515625,1018.476291790781,991.8126023638135,991.955129368319,2148416
2017-07-24,1033.88818359375,1037.6876109362886,1013.9923820251449,1013.9923820251449,2271402
2017-07-25,1050.556396484375,1054.028972556752,1028.8629695947316,1031.8657664477582,2678832
2017-07-26,1044.22412109375,1051.9863504759023,1040.547275596941,1045.8582746478874,1459826
2017-07-27,1013.8699340820312,1055.990291607619,1007.6601690838887,1038.5865123222807,4255304
2017-07-28,1014.9322509765625,1018.5069629765217,997.6510518743048,1013.5840539312654,1382752
2017-07-31,1017.9959106445312,1029.1081341456593,1006.2299858677089,1009.498292764559,2019662
2017-08-01,1022.02001953125,1029.8231426466791,1017.6691255907479,1021.3459710866599,1747460
2017-08-02,1010.6421508789062,1024.6141419574378,1005.8213785882025,1021.3458352845273,1251024
2017-08-03,1017.0357055664062,1022.1628814547171,1007.6393241621463,1013.1750383723814,1882548
2017-08-04,1030.6611328125,1032.908094965962,1016.4439705115137,1017.587898465085,1387890
2017-08-07,1022.7554931640625,1029.5168240000055,1013.6655132696179,1028.0869395222276,1885520
2017-08-08,1022.5924072265625,1033.0305868179537,1019.8347720957704,1026.2488071925532,1073958
2017-08-09,1026.2484130859375,1030.681094416174,1018.6087653092968,1021.3459525138709,992946
2017-08-10,1026.0238037109375,1029.7619901303126,1015.7695491259826,1025.0229045215667,1526172
2017-08-11,1019.7322998046875,1035.6448506385236,1014.4008537023487,1021.3051128102771,1394736
2017-08-14,1008.8451538085938,1025.39096669636,1006.2305467300835,1022.5720903229391,786504
2017-08-16,1018.220947265625,1039.2402326654815,1007.1290673978177,1014.8096109716979,1373340
2017-08-17,1015.4839477539062,1023.3892096891708,1005.8629433597046,1021.6324737323486,1752374
2017-08-18,1026.9837646484375,1041.731939820133,1009.6616780813424,1010.7239177295253,2837356
2017-08-21,1033.11181640625,1041.3642712637088,1019.0172430996208,1023.5928527466544,2304834
2017-08-22,1020.3450317382812,1037.4831965089813,1018.0776238237374,1030.742313365686,1131326
2017-08-23,1017.0357055664062,1028.2092685673576,1010.3765109708792,1023.3884964204901,1562272
2017-08-24,1019.95703125,1028.6792664329041,1015.6877250856181,1020.4063636551616,1623908
2017-08-28,1016.1578369140625,1023.5523239626051,1005.4132543533404,1023.2255729533786,2036796
2017-08-29,1009.4369506835938,1019.7116495639292,1006.6179764232513,1013.9921130679777,1312602
2017-08-30,1015.0340576171875,1017.2605718523961,1005.0453141188483,1013.5837264119657,970782
2017-08-31,1019.8546142578125,1023.1432677452094,1007.7209470841858,1015.217664705796,1784664
2017-09-01,1003.5540161132812,1020.5492514746686,995.4241427943459,1013.1751142634203,1702330
2017-09-04,1003.4521484375,1005.4131529994002,996.0167683919291,1002.1857390522986,1062544
2017-09-05,1014.9523315429688,1017.2605334192618,995.6284468435086,1005.0043824142105,1165994
2017-09-06,1002.2265625,1011.0714802892294,1000.9192593339355,1008.3341927261354,1228764
2017-09-07,1005.0454711914062,1008.4362605015209,1001.3481783058713,1004.1875005582256,870636
2017-09-08,1009.3349609375,1010.7239515323663,1001.9608232346242,1002.4510493421761,1021134
2017-09-11,1002.7373046875,1014.380651975942,1000.9193283046666,1009.5803245850931,732764
2017-09-12,1016.62744140625,1020.1204649488541,1003.7789276649316,1010.6831872710576,1396460
2017-09-13,1016.9339599609375,1034.2763984119106,1011.2144212662856,1021.3461954735511,1278980
2017-09-14,1016.0142822265625,1020.3652748675005,1009.8657610026524,1013.9920376355207,1081510
2017-09-15,1023.8173828125,1028.2908570577395,1015.2176320176728,1020.937167972702,2944072
2017-09-18,1020.957763671875,1029.087636782536,1016.954067971531,1023.3680999937034,726600
2017-09-19,1020.6307983398438,1023.3884318388107,1017.8731648408769,1023.3884318388107,782754
2017-09-20,1018.710693359375,1027.0652816088696,1010.8463311195297,1027.0652816088696,1334642
2017-09-21,1031.5184326171875,1038.095939901315,1013.1751007301303,1017.6894694133998,2438740
2017-09-22,1022.8165893554688,1032.3354525259197,1018.0775048938316,1029.475684253746,2435396
2017-09-25,1025.738037109375,1035.236557218025,1018.3843441220331,1019.9368103675298,1599558
2017-09-26,1010.9896850585938,1032.131550884637,1007.4558671888365,1025.431559871849,1449230
2017-09-27,1019.3029174804688,1026.3297553201537,1010.621479806537,1017.260226263073,2010356
2017-09-28,1011.7247924804688,1027.065427707233,1001.7360496173969,1019.180617482719,4332866
2017-09-29,995.17919921875,1014.8094913321783,989.2758386718476,1012.7667991193518,1985014
2017-10-03,1000.2855834960938,1002.6755724541242,991.5429037478586,996.8334547995578,1923006
2017-10-04,997.7733764648438,1002.553255903014,990.7056420394495,1000.7557267993539,1300778
2017-10-05,992.5850830078125,998.2432808382761,990.4606032216559,997.2423815587417,1684686
2017-10-06,999.5501708984375,1002.9615055284261,991.9514185218022,992.7480482419859,1389188
2017-10-09,1002.594482421875,1008.2526814213282,997.2630344654897,997.2630344654897,1773616
2017-10-10,1004.6979370117188,1009.0692774075748,1001.4296302124532,1002.9616490246088,1222010
2017-10-11,1021.4891967773438,1027.249529322716,1003.676879703809,1005.0046297227517,1527746
2017-10-12,1041.03759765625,1043.8156789024729,1024.2058344455966,1026.657065002706,5006356
2017-10-13,1045.2861328125,1065.8559763442165,1030.742129456549,1041.0372746539726,4066320
2017-10-16,1055.82666015625,1058.114515220625,1043.8361172896548,1043.8361172896548,1218590
2017-10-17,1059.973388671875,1068.3075326309197,1053.0282354590624,1056.0718267718062,1443016
2017-10-18,1056.7254638671875,1067.7763477791675,1054.029070534608,1060.1571465260884,1514144
2017-10-19,1055.622314453125,1060.483981177433,1050.3522090763738,1058.9315153348741,86822
2017-10-23,1057.2567138671875,1074.0476856309383,1040.7313519653096,1055.663453659317,1886088
2017-10-24,1053.3753662109375,1070.7382481375428,1049.5555920315762,1070.3706034754248,1339020
2017-10-25,1048.66455078125,1070.8266886656145,1046.657302808204,1056.2840920903927,1105106
2017-10-26,1040.0413818359375,1052.4537140038105,1031.4591224490364,1038.5051922099783,3007552
2017-10-27,1058.6600341796875,1062.2853818747376,1036.5389024358615,1039.6931919598258,1409270
2017-10-30,1071.7275390625,1073.284230850167,1057.5945978547402,1059.3561148773022,1137252
2017-10-31,1074.9228515625,1081.4772591939786,1065.6238057378043,1065.6238057378043,1592634
2017-11-01,1066.259033203125,1076.090646948349,1056.427419457901,1074.9231028111649,741882
2017-11-02,1075.8038330078125,1095.4056533084931,1067.8566517434235,1068.5735402599867,1468422
2017-11-03,1073.3253173828125,1080.1254556901636,1066.238343714976,1078.3639385338772,666886
2017-11-06,1091.9443359375,1094.5046525605585,1069.9051104437376,1073.2847283861752,1377000
2017-11-07,1110.173583984375,1133.9128152993167,1092.1489583076518,1093.7670581102514,2696892
2017-11-08,1120.3941650390625,1130.2257774562243,1113.5325188729182,1115.4783588304815,1402252
2017-11-09,1120.9676513671875,1126.538938486089,1113.9626874298203,1126.538938486089,1152432
2017-11-10,1109.641357421875,1116.7078321484194,1103.332776511535,1115.1511394525598,1356566
2017-11-13,1130.2054443359375,1137.763477512048,1106.89636640802,1106.89636640802,1496996
2017-11-14,1112.037353515625,1129.222173011343,1109.1287947875178,1129.222173011343,1657252
2017-11-15,1108.2275390625,1128.5871493033649,1106.6094395587056,1108.5142744155737,6670834
2017-11-16,1125.1666259765625,1131.8644523717546,1100.7105085173605,1110.1529735531867,1653482
2017-11-17,1109.046875,1125.7606362516447,1107.531188075458,1125.7606362516447,1325464
2017-11-20,1107.4698486328125,1117.0761348019003,1104.13123638623,1112.2013328690346,1014498
2017-11-21,1094.9757080078125,1106.4664289851223,1092.128655932742,1106.4664289851223,1527740
2017-11-22,1098.1298828125,1110.030253199336,1094.7502652334636,1094.996095607791,1822624
2017-11-23,1098.37548828125,1103.188882029429,1093.357269267191,1098.27307564831,793470
2017-11-24,1101.1614990234375,1107.244751440807,1095.0372415342863,1098.68309247753,2287512
2017-11-27,1100.2601318359375,1104.3770404601541,1090.5718348935486,1101.1408406432656,1856786
2017-11-28,1100.0341796875,1107.0391411416385,1093.766508903682,1100.3209149495467,911716
2017-11-29,1088.9124755859375,1103.1888360273929,1085.5738638962462,1096.8392530498866,1447532
2017-11-30,1080.248291015625,1092.5173026081238,1074.5131844269945,1087.0689313464604,4299962
2017-12-01,1077.3603515625,1092.9475736555185,1073.898824714371,1079.4291066650267,1031144
2017-12-04,1078.34375,1089.0560727190032,1066.2999628765706,1074.1038264695228,1259104
2017-12-05,1079.6544189453125,1086.2702346604108,1076.62294517146,1077.7904891269861,1167914
2017-12-06,1078.7327880859375,1083.5256794063637,1070.3554545368513,1079.838824542599,1407518
2017-12-07,1072.157958984375,1083.9149103919167,1071.2362451978759,1078.323220092094,1326300
2017-12-08,1065.7056884765625,1083.5254837672526,1063.8622613775256,1072.4649211730311,1385548
2017-12-11,1090.1209716796875,1094.8523548846024,1068.5119080797313,1068.5119080797313,1008002
2017-12-12,1070.0689697265625,1090.4900958617548,1068.1231290220758,1090.080445187126,1882246
2017-12-13,1076.7254638671875,1086.1679290318275,1065.501078820345,1069.7614045284924,2961458
2017-12-14,1047.8040771484375,1078.2001244851813,1036.8664287148265,1078.2001244851813,5504150
2017-12-15,1042.806640625,1058.7215069351887,1039.222197760675,1050.2417592472,2718138
2017-12-18,1057.1033935546875,1060.5649211885416,1021.8120336934269,1039.2835921132503,2180664
2017-12-19,1054.9730224609375,1064.1901593208433,1050.6306868686697,1055.2597578274454,1801952
2017-12-20,1060.564697265625,1062.1213892492497,1044.8750622951718,1057.7176461446584,1577570
2017-12-21,1063.329833984375,1068.3685553791593,1056.9188433559943,1059.7658944654465,1293648
2017-12-22,1084.2425537109375,1091.2680203825464,1061.0767959499535,1066.7299933364623,3665664
2017-12-26,1085.348388671875,1101.857322173207,1078.036187985599,1100.3211329518483,2175786
2017-12-27,1073.2432861328125,1089.0558351605753,1069.3926115052404,1085.3484781980935,739284
2017-12-28,1076.1314697265625,1087.0077116031832,1067.4058931922884,1068.6963524050998,2605088
2017-12-29,1106.548095703125,1109.702385078315,1072.6905162192927,1074.5544463085605,2609542
2018-01-01,1083.771484375,1103.9262704894843,1079.4291487432424,1098.80563885408,1351760
2018-01-02,1077.8721923828125,1093.6028289163455,1073.3660376487603,1089.6701447798841,1920290
2018-01-03,1080.9246826171875,1093.3576202522042,1077.872805178343,1078.200545711428,1257120
2018-01-04,1088.482666015625,1090.4899139815732,1081.4776006428824,1085.5741067059237,913082
2018-01-05,1101.6322021484375,1105.8516226745382,1085.5739211289224,1085.5739211289224,1153706
2018-01-08,1111.9552001953125,1117.0554285769995,1098.6211573535206,1106.0562734087282,1242220
2018-01-09,1109.7432861328125,1114.6590924944196,1096.4501464324337,1112.201189313616,2149396
2018-01-10,1149.7252197265625,1153.5758947110753,1103.8647627944968,1110.5625889778853,3365850
2018-01-11,1143.1297607421875,1155.9927468928913,1139.729641469282,1151.1179457751466,2520744
2018-01-12,1137.33349609375,1149.0699459106766,1122.6679844465011,1149.0699459106766,3360314
2018-01-15,1124.9415283203125,1150.2988599066184,1120.4148692858023,1137.661099165168,1457214
2018-01-16,1167.8521728515625,1172.2763182603437,1126.7642075259414,1128.9967827578841,4267752
2018-01-17,1183.4599609375,1198.2278835734119,1172.4813059675894,1175.697102856647,4280806
2018-01-18,1195.4425048828125,1201.5053544954228,1174.8985648236792,1186.7579311194136,2209478
2018-01-19,1212.2791748046875,1221.5782244517975,1189.4820563832036,1200.5017187507005,1820000
2018-01-22,1279.6619873046875,1287.1763877619455,1199.8371338967693,1215.8513872239334,4367110
2018-01-23,1273.7491455078125,1290.3177794249,1268.8422338076075,1279.0666791117917,3239610
2018-01-24,1303.56005859375,1338.2370509428408,1265.8033023718367,1268.821412822512,5621538
2018-01-25,1281.571044921875,1305.6950729609098,1265.1256236300555,1303.7240684925112,3833844
2018-01-29,1313.5174560546875,1324.255174970559,1281.9611337234373,1285.8209381646557,3141060
2018-01-30,1294.629150390625,1315.5503137682058,1290.8719002829139,1305.7774936089106,1574758
2018-01-31,1277.9990234375,1293.4588968187318,1272.3529726974182,1288.1208124826544,3043214
2018-02-01,1288.7777099609375,1309.8836318285437,1268.3287228687045,1282.782591170022,2400630
2018-02-02,1294.9576416015625,1309.8837869222402,1274.3444434371966,1281.140255547771,2456490
2018-02-05,1274.2420654296875,1309.062828212467,1263.4222367702935,1277.0343148496777,2757742
2018-02-06,1230.7366943359375,1263.5453494992742,1225.7065752248805,1235.972124431119,2657306
2018-02-07,1213.4083251953125,1244.5950399809647,1210.2875585023596,1242.9525523003563,2180324
2018-02-08,1221.271240234375,1243.1985027575197,1215.0298094214052,1223.5502110927448,2755004
2018-02-09,1220.2447509765625,1229.4016369260708,1189.4275656456746,1211.3342782003704,2102458
2018-02-12,1218.4383544921875,1241.4537314812178,1213.6135472837161,1222.9551952830968,1974562
2018-02-14,1195.6488037109375,1221.3742242527974,1187.7237814202767,1219.5469769466627,2847532
2018-02-15,1201.4178466796875,1208.4599705263945,1192.8974442371382,1203.9225795372163,2465236
2018-02-16,1204.374267578125,1231.7011678970218,1200.2474985169106,1200.2474985169106,2515756
2018-02-19,1200.4940185546875,1212.6894668178702,1188.832298469269,1209.2812855895743,1568224
2018-02-20,1209.178466796875,1225.7265443090005,1202.2594498177216,1202.3005520948298,1889068
2018-02-21,1249.23486328125,1257.5705068125887,1215.4612164167795,1221.1893711238374,3089228
2018-02-22,1252.478515625,1264.3044427719462,1241.10431252946,1253.2176548684574,3463010
2018-02-23,1262.99072265625,1268.410911096635,1228.621693415505,1252.396658738989,3362500
2018-02-26,1244.8819580078125,1268.800675302354,1240.5704295684532,1262.6619000981088,1363882
2018-02-27,1249.255615234375,1264.1201084126958,1245.005638341428,1248.7012355528636,1717800
2018-02-28,1246.257568359375,1258.1244968914602,1240.673072432834,1246.2370172218864,2706864
2018-03-01,1247.345947265625,1256.9955605361633,1240.0779607245183,1251.985994122204,1718124
2018-03-05,1275.330078125,1278.532848770298,1245.3956812326965,1251.9861828288067,2858168
2018-03-06,1249.4400634765625,1284.0143998275257,1244.2456374305552,1281.9612907775938,1906764
2018-03-07,1243.1368408203125,1268.4106304738502,1239.4617960781213,1260.6088169487602,1917772
2018-03-08,1233.487548828125,1254.4087130969876,1226.732839102877,1254.4087130969876,1951826
2018-03-09,1245.86767578125,1257.8167103213734,1222.5032346058051,1233.918540991661,1872436
2018-03-12,1253.279296875,1266.316539130115,1246.4424839496621,1249.5221474744924,2091340
2018-03-13,1185.3828125,1207.104661592619,1179.3055909369264,1201.0274400295455,88067154
2018-03-14,1185.4239501953125,1200.2679873615668,1180.5581423602976,1187.9082319589054,3668668
2018-03-15,1178.3614501953125,1191.8504174643363,1172.5717425189303,1188.750202585592,2348906
2018-03-16,1160.2939453125,1179.3057538028768,1151.7940945045507,1177.991784154938,7197482
2018-03-19,1162.4705810546875,1169.4511532475274,1157.9537402240264,1161.6493372672946,3489940
2018-03-20,1176.3697509765625,1179.7983824113808,1157.5427037930956,1157.953325539741,4024984
2018-03-21,1173.0438232421875,1184.3564738443938,1170.272126101421,1179.5111165706428,3907678
2018-03-22,1162.614501953125,1180.9281808320363,1159.0010087316605,1174.3582296110098,2326094
2018-03-23,1157.1939697265625,1163.743468678423,1148.9405303827843,1150.5624667010075,3654122
2018-03-26,1156.7218017578125,1160.9922290837508,1142.1652765921194,1157.54304549353,2964210
2018-03-27,1169.3277587890625,1175.6102928032913,1159.2059708352,1160.006663349388,2494574
2018-03-28,1169.9232177734375,1180.537832822256,1160.006740077521,1164.4824781960826,6865654
2018-04-02,1194.7657470703125,1196.5519920999677,1166.1659772010667,1166.1659772010667,1662988
2018-04-03,1195.4228515625,1203.080908905953,1187.5594832956356,1187.5594832956356,1937290
2018-04-04,1195.279052734375,1204.7644571697533,1187.5183401959532,1202.8961077810309,2841820
2018-04-05,1214.5987548828125,1216.9803814151035,1199.159435077634,1201.7052702330634,1809424
2018-04-06,1211.4576416015625,1215.4406534226814,1201.705372845215,1212.9769223684461,1129018
2018-04-09,1200.6168212890625,1216.8774816942537,1196.9623280373712,1207.1046645921215,1235866
2018-04-10,1206.2425537109375,1214.311231405429,1201.3560944899225,1201.3560944899225,1184532
2018-04-11,1237.67578125,1242.1310683221182,1209.5277342649565,1211.5808434687947,3124416
2018-04-12,1289.04443359375,1293.4586177654894,1235.1297733811252,1235.9715680870231,6114360
2018-04-13,1294.81396484375,1330.7433785276564,1286.1088012353737,1293.4588926206322,8179118
2018-04-16,1308.9185791015625,1313.9692474397486,1277.3418018542175,1279.4975663675132,6270274
2018-04-17,1300.27490234375,1311.9159690634704,1292.3087800682863,1308.918410172431,3301724
2018-04-18,1297.195556640625,1311.3003573668773,1291.7548170014347,1300.0288073718086,2433066
2018-04-19,1310.3558349609375,1321.0525538640138,1299.9260804015776,1305.736339294976,4820952
2018-04-20,1397.1201171875,1405.2915511210756,1330.4146261221038,1334.5208441039622,18465662
2018-04-23,1399.6661376953125,1460.9514491928026,1391.8233204607295,1405.9692232321981,15185910
2018-04-24,1390.2215576171875,1413.8323094281322,1372.5032683144952,1400.2202378316915,8314336
2018-04-25,1424.9605712890625,1430.1960002304747,1381.7631697988365,1389.9550562102086,8196574
2018-04-26,1453.2933349609375,1461.8137380690648,1423.6259072711932,1423.6259072711932,12135034
2018-04-27,1417.4462890625,1455.2440561115714,1404.326939024146,1447.4422397836593,4501330
2018-04-30,1450.3572998046875,1457.2967681245432,1411.5535397066967,1417.445902386714,3458558
2018-05-02,1437.07373046875,1450.3983886255028,1425.3915596101972,1449.7003515736615,3158046
2018-05-03,1429.7239990234375,1447.8529170311053,1425.0222977518042,1441.200861852444,3761550
2018-05-04,1429.27197265625,1435.9445775706115,1424.8577878667493,1433.8914683661926,2347244
2018-05-07,1404.7169189453125,1433.0703801848258,1400.5901489467458,1433.0703801848258,3484426
2018-05-08,1413.031982421875,1431.6331734911748,1394.759308903918,1410.362940222623,2992820
2018-05-09,1432.7828369140625,1435.0207059398874,1412.6212640403548,1412.6212640403548,2615050
2018-05-10,1417.158447265625,1441.754652291871,1412.6210564537525,1438.3875736767639,3858678
2018-05-11,1419.4991455078125,1431.017108135382,1413.5656799873896,1418.3699354511778,2627876
2018-05-14,1409.890625,1425.2683927077853,1400.548978231316,1419.51968700398,2433894
2018-05-15,1429.9495849609375,1435.4519782647196,1409.9523195926001,1416.6454762403857,1952890
2018-05-16,1434.671630859375,1440.8720608476801,1427.0135735140782,1428.9434761447144,1648450
2018-05-17,1433.8092041015625,1450.788355178341,1427.3213596894454,1442.4938149676673,2968048
2018-05-18,1438.0181884765625,1444.444379965666,1419.9302769576161,1429.29247465778,1874996
2018-05-21,1460.4796142578125,1474.9540379318373,1444.5885649123998,1448.9616485609226,3446178
2018-05-22,1440.8309326171875,1467.9525251678533,1434.5895007062686,1460.9925050377617,1857416
2018-05-23,1435.164794921875,1455.6547898040853,1429.3749854183416,1447.4423509335404,1507298
2018-05-24,1479.758056640625,1484.3981039587745,1438.14158903479,1441.282806333416,2962316
2018-05-25,1472.4078369140625,1508.953181244731,1466.9670974491034,1488.5041932435183,3769772
2018-05-28,1438.0181884765625,1485.0138365000632,1431.4276881070705,1485.0138365000632,3716798
2018-05-29,1446.825927734375,1455.2436747241734,1432.2488536788705,1449.4538671826242,3525312
2018-05-30,1442.966064453125,1450.7267761419293,1429.9903758602516,1440.8924043750653,3779106
2018-05-31,1441.72412109375,1456.6295135017135,1429.3443039713832,1435.8861353004995,5049371
2018-06-01,1434.6025390625,1455.3459167445849,1421.2291709647473,1452.4476460711248,1603856
2018-06-04,1444.373779296875,1448.3071463323688,1418.1651134646963,1444.9948372498477,1681483
2018-06-05,1425.6177978515625,1450.7085793906624,1416.964430874002,1444.1667487866534,2449568
2018-06-06,1429.0543212890625,1436.6312483809452,1420.318065824689,1426.7771088402462,2236512
2018-06-07,1437.1695556640625,1448.3071545840353,1427.439647678721,1428.433299975678,2414762
2018-06-08,1446.7337646484375,1455.1802133735086,1436.7140499920242,1436.7140499920242,2582138
2018-06-11,1448.886962890625,1459.9004325657957,1443.338884833909,1446.733981902213,2179378
2018-06-12,1474.8056640625,1478.1179732462451,1451.6194997762843,1454.9318089600295,4608875
2018-06-13,1510.495849609375,1516.7478739347237,1488.883051338929,1503.7884433990516,5370983
2018-06-14,1480.2294921875,1517.2859482116633,1477.289777588996,1515.3813301501473,3819998
2018-06-15,1523.703369140625,1529.5412522785946,1481.098739993945,1490.5388395276805,9183574
2018-06-18,1514.5535888671875,1546.807163680509,1508.8812788030352,1546.807163680509,4674987
2018-06-19,1510.8271484375,1522.8342701981708,1507.928877667683,1508.8811868516411,3245034
2018-06-20,1509.1292724609375,1520.5982226979793,1505.9411954159343,1517.037450257912,3107695
2018-06-21,1506.5625,1517.0376986489973,1505.1133646437577,1517.0376986489973,2910659
2018-06-22,1498.654541015625,1512.897432071832,1490.1667475406734,1512.897432071832,2949458
2018-06-25,1506.4798583984375,1509.0468782042597,1495.5078324955768,1500.3935095294337,2083217
2018-06-26,1533.5994873046875,1541.052184597205,1507.9290855193499,1509.5852404732427,4679712
2018-06-27,1538.56787109375,1561.050193624906,1532.9783484188938,1540.224025960374,4081208
2018-06-28,1525.8980712890625,1549.3327004031294,1512.3176838039797,1544.3642363719061,4888125
2018-06-29,1530.0802001953125,1546.351943282479,1525.5672182550516,1527.720199537711,3506276
2018-07-02,1533.060791015625,1538.4019499089602,1524.572999233881,1533.5990614429043,2650290
2018-07-03,1551.8585205078125,1556.7027531703695,1537.7812044483348,1540.1825480856637,3242233
2018-07-04,1545.3165283203125,1556.7025915984113,1537.863832356466,1556.7025915984113,2700614
2018-07-05,1557.0343017578125,1562.9964198530483,1541.9632292711358,1550.9892950382832,2472571
2018-07-06,1584.07080078125,1590.736865037497,1558.1520358845162,1559.1456884432598,3713781
2018-07-09,1559.269775390625,1593.5522006531219,1553.8872721829568,1593.2209494697624,6151747
2018-07-10,1552.7279052734375,1572.4361877348845,1549.1257888169896,1571.690897861631,5303302
2018-07-11,1639.510498046875,1654.4986790770351,1568.5028595429433,1573.3470922153988,22903802
2018-07-12,1632.430419921875,1648.619374097048,1623.4458000313202,1642.9056196185359,6921701
2018-07-13,1640.50390625,1654.4156452169234,1634.624577681756,1635.4526549754144,4148185
2018-07-16,1647.211669921875,1652.8426371753817,1637.4817596078415,1647.8741723341732,2582159
2018-07-17,1661.275634765625,1666.9593734469897,1643.7264901933731,1650.3644568372636,3315492
2018-07-18,1659.699462890625,1669.2000142267502,1653.7253321105727,1663.640756453295,2013869
2018-07-19,1644.058349609375,1668.162404345039,1634.5992272248213,1661.2340471673133,1746318
2018-07-20,1656.670654296875,1659.4918106324185,1646.2158761473593,1646.9626677196122,1934995
2018-07-23,1664.1800537109375,1667.747900671107,1647.875524861559,1660.3217146263744,2086201
2018-07-24,1658.6619873046875,1671.9379211700577,1646.3402814433582,1671.9379211700577,2038423
2018-07-25,1644.1412353515625,1661.151023554796,1633.2715860742785,1661.0680692356598,1535492
2018-07-26,1630.2020263671875,1647.0459117224161,1622.2364845327022,1638.7069233924544,3503036
2018-07-27,1612.8184814453125,1630.1601898119534,1609.9558988034687,1627.0071150953518,2033977
2018-07-30,1613.5240478515625,1621.9044621759601,1602.695923347402,1612.1964745119055,1579251
2018-07-31,1609.8729248046875,1615.5152373349688,1599.7500655273857,1611.3665079119205,2204803
2018-08-01,1639.99267578125,1644.182932847004,1617.8385020571964,1617.9628829050753,2425180
2018-08-02,1616.677001953125,1647.0456829531292,1613.8558455132677,1642.8969532731467,1509287
2018-08-03,1642.4404296875,1644.5978499896564,1623.3978023951424,1623.3978023951424,1505131
2018-08-06,1639.204345703125,1658.620316274793,1636.4661440649008,1657.0023524895967,1532249
2018-08-07,1632.400634765625,1642.1916772523894,1626.716895403856,1641.4033578466574,1353521
2018-08-08,1637.9185791015625,1641.4865273622668,1627.9616272529208,1636.259087126789,1315062
2018-08-09,1638.20849609375,1643.560416936782,1631.2801393605428,1642.8965798239444,2060297
2018-08-10,1653.76611328125,1656.5872688826657,1636.3000272918161,1643.684682897604,2784105
2018-08-13,1659.6162109375,1663.0181487240734,1651.1942701563707,1657.6663284136268,3559575
2018-08-14,1662.4373779296875,1679.903467716333,1644.8882325261932,1652.8537726186953,3311765
2018-08-16,1666.5445556640625,1676.1281608381555,1655.3429865819292,1659.7406801439236,2152065
2018-08-17,1670.070556640625,1677.662749593783,1662.8102822048502,1670.983256597946,1213731
2018-08-20,1667.7476806640625,1679.40565072081,1662.5617689461747,1679.40565072081,1587032
2018-08-21,1674.136474609375,1679.4053396814452,1662.8104252577157,1667.9133817004763,1376866
2018-08-23,1688.61572265625,1691.0220058268167,1676.335545113519,1678.4099096937775,3046791
2018-08-24,1695.1708984375,1697.6601361738253,1685.213947492199,1688.6158854743749,1570533
2018-08-27,1701.725830078125,1708.4468530749293,1688.532950950695,1695.1709183254397,1532702
2018-08-28,1716.91015625,1719.2334852585288,1702.638567447153,1705.1278051188594,1987983
2018-08-29,1719.2333984375,1723.050310371235,1697.3280877752309,1719.6482713618332,1525867
2018-08-30,1727.862548828125,1730.0199689079443,1713.8399260332656,1715.9142905043782,2408020
2018-08-31,1724.543701171875,1735.8283258112237,1720.8929004457352,1727.779831545867,2504554
2018-09-03,1703.3853759765625,1734.1690316836964,1699.6515192097795,1729.8543932681303,1439711
2018-09-04,1741.5537109375,1746.4078058236887,1706.7459084999255,1709.1107655110834,4420803
2018-09-05,1725.2491455078125,1748.4820304779792,1721.7642532772238,1742.4663727624895,1681106
2018-09-06,1721.971923828125,1727.1163085416042,1709.525733759365,1721.722959511808,2238097
2018-09-07,1725.74658203125,1729.189945470548,1713.7565952536777,1725.2901814059567,1312182
2018-09-10,1726.4935302734375,1736.9897333516906,1721.100182708003,1729.5220213380123,1530539
2018-09-11,1697.867431640625,1733.339066437271,1694.506920460746,1733.339066437271,3679745
2018-09-12,1695.958984375,1716.6611027538765,1692.6815287925172,1702.9289710383594,2307661
2018-09-14,1713.7569580078125,1718.8600164123395,1674.5515687874808,1696.0004782574879,3642038
2018-09-17,1721.0172119140625,1724.0459057025482,1704.7543153831662,1717.5738477901455,1033857
2018-09-18,1718.1964111328125,1724.8759064876008,1707.2853330143635,1720.063339504199,1456507
2018-09-19,1724.128662109375,1733.3389212271347,1714.9601333698815,1719.1501874672674,1301268
2018-09-21,1745.07958984375,1759.8906316348873,1701.1030676954008,1723.3818207947484,4508530
2018-09-24,1824.155029296875,1834.1535089808815,1740.931466071786,1754.912767018577,3032226
2018-09-25,1811.5013427734375,1835.315011355409,1787.10689253331,1829.506789624455,2868778
2018-09-26,1777.440185546875,1824.6113232977511,1771.5906387256607,1814.6543720109967,1970951
2018-09-27,1816.1893310546875,1833.489410922961,1772.1712720762596,1777.2326003453525,3311802
2018-09-28,1811.916259765625,1817.1436999653974,1791.2971936647205,1807.186748184765,2904371
2018-10-01,1871.5330810546875,1888.4598134526004,1817.4336982612479,1817.8898963674746,3772208
2018-10-03,1794.6162109375,1871.077223543786,1788.6005524582572,1867.1774578721836,3902322
2018-10-04,1713.2593994140625,1789.4714398776223,1706.2480869734118,1789.4301146417754,4762419
2018-10-05,1744.665283203125,1759.0614568159087,1676.833651426937,1700.979238902176,3417624
2018-10-08,1723.838623046875,1760.8866961938218,1699.4439722120665,1744.66512344693,2010154
2018-10-09,1735.6624755859375,1748.813826264037,1703.6342035274113,1726.161925756881,1867130
2018-10-10,1695.668701171875,1747.4033377851836,1683.5544312879906,1742.4663901945687,2749573
2018-10-11,1642.8553466796875,1670.278489064258,1610.5367845373696,1647.0456039704682,4700256
2018-10-12,1591.7017822265625,1641.2375775976577,1579.0066279920843,1641.2375775976577,9373289
2018-10-15,1617.5897216796875,1622.6097251677793,1593.1122162734034,1609.707135192918,2638151
2018-10-16,1628.21044921875,1636.1759897438103,1605.558345228496,1624.6425012699717,2815425
2018-10-17,1600.9119873046875,1650.3648297174839,1593.112354478416,1634.5996553762911,2779207
2018-10-19,1587.4696044921875,1600.5796284856428,1551.6661546930422,1600.5796284856428,3428776
2018-10-22,1579.0064697265625,1589.793166577033,1565.6890073308523,1588.1336747538835,1778496
2018-10-23,1532.9832763671875,1578.1749355980041,1527.4538233369512,1569.859999161766,2752811
2018-10-24,1537.015869140625,1558.2189552445395,1505.9179892214145,1539.9677119239911,2735913
2018-10-25,1540.7576904296875,1560.6304084099488,1517.5174841613655,1533.2742477886368,2507233
2018-10-26,1495.9403076171875,1541.5062033505155,1489.2883579627276,1541.5062033505155,2285970
2018-10-29,1555.724609375,1561.5034496059143,1483.6756647550633,1503.9225147052093,2609483
2018-10-30,1575.5142822265625,1587.654069783582,1534.1058559217306,1552.3987170763528,2404883
2018-10-31,1611.5595703125,1616.3406591923963,1559.4248532782551,1579.838064661396,2769190
2018-11-01,1609.56396484375,1616.714790519411,1580.9190468549205,1616.1327855170089,2769759
2018-11-02,1591.0216064453125,1625.2375930763862,1583.9955251623255,1608.2751010107288,1818635
2018-11-05,1572.22998046875,1602.5795031850228,1567.1578887532946,1588.153106522771,1713366
2018-11-06,1607.02783203125,1611.0190423881543,1572.3545853708385,1574.84906646873,1398710
2018-11-07,1614.8853759765625,1620.5810870495854,1610.6031634761657,1613.0976443695208,144530
2018-11-09,1587.487548828125,1631.3488364576808,1583.9953162901213,1630.5589581338204,2570479
2018-11-12,1592.185546875,1618.1697226455424,1586.9055826585632,1586.9055826585632,2552008
2018-11-13,1608.8984375,1612.266027047948,1582.3322586241595,1592.310181432089,1418432
2018-11-14,1563.748291015625,1604.6993464128216,1554.8928648275687,1600.6250079107326,2422318
2018-11-15,1557.262939453125,1579.0065197807878,1544.5826606607834,1549.9042405852492,1829123
2018-11-16,1568.69580078125,1579.671577168925,1555.1009007619334,1570.691405715435,1829729
2018-11-19,1581.8751220703125,1585.9494614311814,1550.1537191551836,1579.0065094543618,1740628
2018-11-20,1561.7530517578125,1581.5010272558816,1558.3854616515475,1581.5010272558816,1190182
2018-11-21,1506.6666259765625,1555.7663709167514,1495.48307600323,1555.7247556303248,3840461
2018-11-22,1507.1239013671875,1536.2676937783385,1504.9619366114243,1513.318488646259,3194219
2018-11-26,1535.0203857421875,1546.5781676175313,1483.8003979104756,1512.4869284388653,4333177
2018-11-27,1571.7308349609375,1578.0917815340288,1526.081814349013,1541.589190857071,3344839
2018-11-28,1649.599853515625,1653.8404497533213,1565.2863985221857,1570.6911058743208,5313249
2018-11-29,1630.1846923828125,1660.49259116561,1615.2178087368532,1660.49259116561,4035441
2018-11-30,1636.5872802734375,1655.5037596974034,1629.6027137244519,1634.7164196710673,5268901
2018-12-03,1648.3529052734375,1654.6722362272342,1636.6288660103558,1649.683274710971,1610576
2018-12-04,1672.0091552734375,1679.1184673017972,1638.8741502625862,1648.852075073926,3270615
2018-12-05,1668.5999755859375,1677.954279672317,1650.5149876856042,1667.9763553135122,2501539
2018-12-06,1656.9173583984375,1677.1226947259522,1646.0248118661957,1661.3243153507449,2321216
2018-12-07,1658.996337890625,1666.2303946274908,1640.537216701363,1650.5567572820055,1680420
2018-12-10,1642.864990234375,1672.1335224790887,1629.7273515957304,1642.1997547967183,2010786
2018-12-11,1662.987060546875,1671.3019958496095,1630.558812866211,1638.042254638672,2942014
2018-12-12,1676.9564208984375,1681.2801472445872,1650.4732671510317,1663.9019097943942,2219993
2018-12-13,1648.5194091796875,1687.6827426213517,1641.7843304286887,1682.9432690745332,3748429
2018-12-14,1654.4642333984375,1662.1139331913157,1642.40757734402,1648.8516521317258,2473761
2018-12-17,1658.24755859375,1667.0613695580846,1650.5146282991823,1662.1555375164057,1227921
2018-12-18,1652.8846435546875,1664.6502990856256,1643.3640817950584,1656.2522334613059,1768742
2018-12-19,1636.7537841796875,1650.3487877989785,1629.7693180825497,1650.3487877989785,2498833
2018-12-20,1624.780517578125,1642.117143190313,1618.0869518174454,1624.572644125939,1940277
2018-12-21,1576.345703125,1621.4126183791602,1568.6543868583296,1619.7496310782585,3729956
2018-12-24,1595.2203369140625,1612.1828252220405,1583.9951742618134,1584.6604096859203,1864116
2018-12-26,1570.8577880859375,1597.964562709723,1555.101023766881,1597.964562709723,2446614
2018-12-27,1587.279541015625,1614.5109542521793,1556.6390245900493,1587.3211562925921,4968201
2018-12-28,1576.5535888671875,1596.4678213509505,1574.0174926132029,1592.3103530661824,2239130
2018-12-31,1574.058837890625,1587.3211188438177,1568.3215123416571,1586.489625329494,1879740
2019-01-01,1582.166015625,1588.1527287666754,1567.3653893849128,1576.5118187128883,1094883
2019-01-02,1599.2117919921875,1608.4828650723086,1579.837949173104,1583.9954174604018,2100463
2019-01-03,1579.7965087890625,1617.2137275171976,1574.1007969050313,1595.636505317587,2611668
2019-01-04,1560.5889892578125,1580.8358413144065,1530.7799592914673,1579.8380894371471,4280862
2019-01-07,1578.091796875,1587.155097835165,1564.0395340836271,1573.0197059800764,1856423
2019-01-08,1574.4744873046875,1585.1591580030235,1565.9516793097994,1584.3276645401077,1691756
2019-01-09,1568.9869384765625,1595.636351174358,1552.1491916754783,1585.9910449119,2414376
2019-01-10,1570.3172607421875,1583.995289703925,1556.6391302797679,1571.5228858479884,3053461
2019-01-11,1532.068603515625,1559.0505307678395,1525.7907861114588,1554.8930626857918,9209862
2019-01-14,1507.7056884765625,1539.0945701751648,1505.0033344230405,1538.2630766202349,3615370
2019-01-15,1553.0638427734375,1554.3525969995742,1503.3404830972684,1505.0034703573317,7711653
2019-01-16,1555.0179443359375,1559.0506684314746,1535.7688451162314,1554.8931999823242,2359280
2019-01-17,1578.4747314453125,1581.5578118876103,1559.3093838829232,1564.8922922681413,2625816
2019-01-18,1583.76611328125,1586.724182168965,1563.2258387135619,1567.392218880709,1683728
2019-01-21,1590.4737548828125,1609.889125080663,1579.4328486160844,1584.890846740901,2409803
2019-01-22,1584.8074951171875,1598.4315360872483,1574.891491309735,1589.1404892207918,2457093
2019-01-23,1562.8919677734375,1588.3068780088668,1558.2256439427097,1584.0571920508507,2578169
2019-01-24,1584.5157470703125,1587.5988270548967,1562.3922323726185,1570.5583764611172,1962927
2019-01-25,1600.55615234375,1612.3886276839041,1584.057251280156,1584.8905270567368,2327080
2019-01-28,1629.05419921875,1634.8871298553388,1604.472562964554,1610.7221315037564,2769033
2019-01-29,1652.1778564453125,1657.427535511434,1613.7638562709308,1634.8873808325322,2557626
2019-01-30,1651.052978515625,1657.8024933295358,1628.7628469767635,1649.5530411266425,2429575
2019-01-31,1678.3009033203125,1683.0089323123411,1654.0525959351392,1655.7191476690787,4094319
2019-02-01,1691.508544921875,1695.5083103368443,1664.9687251454984,1674.4680917173553,3064163
2019-02-04,1708.4241943359375,1712.7571890397037,1685.7174223346428,1691.5086501027124,1590764
2019-02-05,1703.6744384765625,1712.382131743869,1689.883680377891,1708.2157518612805,1111404
2019-02-06,1728.880859375,1738.9218745490869,1700.7577980530846,1708.132167626711,1789812
2019-02-07,1735.63037109375,1748.171214656681,1722.3813650449308,1728.839253568926,1339945
2019-02-08,1717.7147216796875,1741.1298539739591,1709.0487343864993,1729.0473543890716,1684474
2019-02-11,1721.464599609375,1746.5462855619394,1707.298909316172,1716.5483531763334,1778730
2019-02-12,1709.5489501953125,1724.8811456711214,1681.5507980503976,1724.8811456711214,2422903
2019-02-14,1703.7159423828125,1729.0475509426835,1694.0916664434567,1716.5901165039159,1724085
2019-02-15,1691.2999267578125,1709.8820186221433,1675.6760048040283,1707.3821911095379,1930065
2019-02-18,1641.8035888671875,1701.5077272698222,1635.429007723874,1697.8829973548407,2942184
2019-02-19,1587.2237548828125,1642.386571125245,1576.5577841547251,1641.553295340808,4408554
2019-02-20,1595.514892578125,1611.388837797926,1567.6418568028344,1595.7232115352444,4645778
2019-02-21,1595.056884765625,1616.5554463372082,1580.7662826842125,1595.5152272547264,4683919
2019-02-22,1604.59765625,1608.2223858433558,1587.4737968947852,1597.556414306942,2271955
2019-02-25,1654.1778564453125,1658.2192246642844,1608.6393031228147,1610.3058551074018,2934880
2019-02-26,1698.79931640625,1704.1740062954118,1643.4281807169978,1653.2191712726699,6453309
2019-02-27,1714.9652099609375,1729.0057868041836,1684.8838686174506,1699.8828348069235,4732082
2019-02-28,1652.7607421875,1726.0058025209214,1647.8860994038591,1716.5480414036513,8454295
2019-03-01,1662.7186279296875,1670.71805563296,1650.1777858771657,1662.4270017299584,4148548
2019-03-05,1656.6358642578125,1672.3847997561172,1647.0531910155628,1670.7182478879,2449622
2019-03-06,1666.218505859375,1679.050975344617,1654.0944022792767,1657.6358249319887,2635047
2019-03-07,1677.6339111328125,1686.591624393275,1666.7179187152547,1670.7176825327954,2539884
2019-03-08,1685.467041015625,1694.049823059298,1674.926182763216,1687.38361618056,2031071
2019-03-11,1678.88427734375,1694.0498576149323,1669.5932309733391,1690.6334468635393,3111689
2019-03-12,1676.926025390625,1687.217064014379,1669.0516089115667,1678.2593481902156,2658550
2019-03-13,1666.96826171875,1679.8007295657565,1648.7195010943522,1677.38420936758,1833163
2019-03-14,1656.052490234375,1673.0513383861007,1650.7195043038785,1670.6764207736107,1905495
2019-03-15,1699.840576171875,1724.0055693770591,1659.051774880066,1665.6346726830525,5184318
2019-03-18,1685.5501708984375,1720.3811367601531,1675.7174766930075,1702.3822997930454,2349915
2019-03-19,1685.5501708984375,1691.549715408655,1662.4683723715304,1691.549715408655,2373993
2019-03-20,1679.0924072265625,1703.882361770888,1666.5515660050803,1689.8832879291513,3091165
2019-03-22,1671.259765625,1679.8841505183873,1652.6360703118605,1679.0508746500745,3148149
2019-03-25,1653.427978515625,1673.0516698991862,1647.5533417600132,1673.0516698991862,2429205
2019-03-26,1652.0943603515625,1662.3435921267592,1631.595795082927,1653.219262389076,2316539
2019-03-27,1639.8037109375,1664.8852959024905,1634.0540867191112,1661.55219220699,2266166
2019-03-28,1666.8016357421875,1678.717418739283,1643.886551072883,1649.8860961899147,4054489
2019-04-01,1692.9251708984375,1699.8413005251268,1673.4264925561233,1674.8847255261087,2095740
2019-04-02,1732.630615234375,1738.2135230631457,1697.3830040650182,1697.4663113111603,3719663
2019-04-03,1732.630615234375,1741.2133976702607,1714.9652068857501,1737.3802471652248,2939886
2019-04-04,1678.63427734375,1732.9638245853723,1672.7180388791887,1731.6722062709284,4397518
2019-04-05,1706.799072265625,1711.8819332104272,1682.2174331348529,1690.4251804331725,3152103
2019-04-08,1725.5059814453125,1729.047403838717,1693.7997943888276,1715.7149901223704,2194294
2019-04-09,1742.7965087890625,1748.2128020269918,1714.5900387830948,1724.8810773097582,2690970
2019-04-10,1700.0914306640625,1737.797171253475,1696.5500075147806,1735.713981165662,3313062
2019-04-11,1682.8006591796875,1712.3819532628163,1677.9260155687932,1704.0491943661602,3422442
2019-04-12,1678.63427734375,1699.0495366115197,1672.384708180147,1698.216260723039,3198471
2019-04-15,1760.962158203125,1766.3784520392358,1700.7162645387743,1724.8812678075763,9189201
2019-04-16,1776.3775634765625,1796.5010946244156,1762.8368304128016,1766.5448673952712,5771952
2019-04-18,1791.584716796875,1795.7093914170102,1761.7116972866452,1791.4596033620348,3413728
2019-04-22,1801.083740234375,1813.2079424856202,1787.8764423107698,1789.8762226374597,2007135
2019-04-23,1795.75146484375,1804.459158261193,1778.2526690351679,1802.3759682839807,2163524
2019-04-24,1819.4158935546875,1829.040269143395,1796.6259238803134,1798.209066428905,3003071
2019-04-25,1829.04052734375,1837.3732860104642,1806.5837834242536,1812.3750100103218,4211526
2019-04-26,1865.3297119140625,1869.8293201709805,1827.4988659131484,1835.7067144859675,2716958
2019-04-30,1883.4952392578125,1888.994738069686,1858.2886435863602,1865.3297841692684,3488395
2019-05-02,1846.0391845703125,1882.70332093466,1842.4562612657087,1879.0369886728179,2457699
2019-05-03,1776.5443115234375,1821.5829169564438,1770.7113799189985,1820.707936528476,3780886
2019-05-06,1798.08447265625,1804.042313935062,1756.9622258346783,1758.2121396780515,2891422
2019-05-07,1793.16796875,1820.1662290148126,1782.2104724280423,1799.917584675326,2201698
2019-05-08,1793.91796875,1806.542016317849,1775.21076344254,1792.3763270755042,1824895
2019-05-09,1810.3331298828125,1819.9575047305163,1779.9602718560668,1787.3763440769592,2264162
2019-05-10,1779.7110595703125,1826.5411337164276,1771.4200034143364,1812.3754406173496,2039633
2019-05-13,1773.8359375,1805.708738256019,1767.91959768442,1777.3773598062244,1701744
2019-05-14,1743.5048828125,1799.7093006799294,1726.8393650794449,1779.044018003642,2456110
2019-05-15,1746.0467529296875,1769.8785320522843,1736.96412432344,1747.3800761363655,2346876
2019-05-16,1757.170166015625,1769.8776206839063,1730.7553665072098,1746.545900637226,1946529
2019-05-17,1746.087890625,1779.0439921504963,1741.5465777960362,1760.3786939353179,1947908
2019-05-20,1786.5020751953125,1792.7099408320003,1708.2158341189704,1770.7115353672255,2625116
2019-05-21,1758.00390625,1790.4599632749569,1752.0043601971663,1789.9184152910757,1863157
2019-05-22,1734.6724853515625,1768.170143192479,1729.0478717927188,1758.2125346904272,2595795
2019-05-23,1711.5902099609375,1762.6700575548196,1708.2154022594225,1748.2126409464724,2541294
2019-05-24,1706.5487060546875,1724.8807722330093,1693.4246132224798,1724.8807722330093,2274208
2019-05-27,1712.5067138671875,1724.0059608286417,1699.9659738527628,1712.215189393136,2329820
2019-05-28,1728.0059814453125,1747.79628503028,1704.0492981582468,1716.548437264542,5872979
2019-05-29,1756.170654296875,1769.6279786349728,1730.7974439654981,1733.2138626879157,3281320
2019-05-30,1788.460205078125,1797.0012835317455,1761.878580316658,1769.0448348328364,4971725
2019-05-31,1830.33203125,1837.3314667180605,1793.4178719758625,1799.8757595390232,4265370
2019-06-03,1868.45458984375,1872.912493843478,1821.2493880825627,1834.0402545124857,3682419
2019-06-04,1833.845947265625,1868.2026495703747,1827.041709899085,1868.2026495703747,2408658
2019-06-06,1819.5653076171875,1847.2018517424817,1807.7209572304778,1847.2018517424817,3735467
2019-06-07,1832.7117919921875,1839.4739872086045,1799.4051145191822,1826.2016435389096,2659446
2019-06-10,1874.5030517578125,1878.1572177143823,1835.8621642915973,1845.270339353761,2080593
2019-06-11,1892.395263671875,1901.761395564802,1874.0828043963086,1879.1229195134658,3048937
2019-06-12,1899.1988525390625,1904.238966479278,1864.0021388896628,1885.8426326305962,2404448
2019-06-13,1893.4874267578125,1919.4439389095003,1884.2051732576817,1901.803535094577,3320916
2019-06-14,1893.822998046875,1901.0472441000377,1876.6026070688483,1896.1330504951468,2131408
2019-06-17,1889.37109375,1900.123380242736,1882.8609451218472,1895.0832651757792,1489497
2019-06-18,1890.7576904296875,1898.443785670388,1874.2511866771324,1885.0034756833409,1877447
2019-06-19,1898.3590087890625,1911.8833978101993,1884.2886894071114,1894.2429973910366,1652817
2019-06-20,1913.521240234375,1918.6033962014615,1858.1220281951105,1873.2423701966984,2199377
2019-06-21,1889.9169921875,1925.7437235944321,1883.3227604356455,1919.4435805510482,3871804
2019-06-24,1911.463623046875,1915.2437093152603,1890.715190545854,1893.529131718191,1382424
2019-06-25,1904.995361328125,1910.5814063256437,1890.4629898408953,1906.8433623367393,1386077
2019-06-26,1893.5712890625,1904.15561329197,1890.043249346949,1902.6435376759289,1762224
2019-06-27,1892.1849365234375,1901.8031135502351,1882.7347222887024,1894.2429421624472,2813464
2019-06-28,1870.890380859375,1900.0810427488275,1866.9423323541912,1898.4430466233846,2372928
2019-07-01,1881.264892578125,1894.2431471819475,1853.5863031292097,1877.4427645018416,2769940
2019-07-02,1891.8072509765625,1895.9232628681432,1861.8604445767469,1885.7589488985107,1771746
2019-07-03,1879.6688232421875,1897.4353518273986,1874.9227969407602,1891.8911432441826,1656881
2019-07-04,1883.868896484375,1891.7231577024513,1873.3268200403313,1876.6028127474583,984140
2019-07-05,1817.0452880859375,1890.042861457566,1797.6407660085295,1887.522804308956,4088470
2019-07-08,1827.3775634765625,1838.6339430536987,1791.0048986145266,1805.2011401123043,2788062
2019-07-09,1792.0546875,1826.5373047656858,1767.8620983139251,1826.201379185329,3977224
2019-07-10,1770.92822265625,1787.4347209934526,1739.93159995095,1747.2397250922302,6343581
2019-07-11,1766.182373046875,1788.4008394057391,1752.3220565366848,1787.5608202233034,2400346
2019-07-12,1770.42431640625,1780.6304663183025,1758.2440395992608,1765.8042114104956,1560725
2019-07-15,1802.42919921875,1809.0654741060034,1762.360323443952,1785.0408423824583,2900415
2019-07-16,1773.212158203125,1795.5246568699733,1768.1602717125177,1790.0517798384822,2735399
2019-07-17,1782.6846923828125,1789.2100466706702,1761.5089474669426,1774.896366297305,1802969
2019-07-18,1739.490966796875,1781.8005208264688,1734.4812199196633,1781.8005208264688,3072096
2019-07-19,1748.7529296875,1765.6346949937742,1736.5863416426605,1748.7950698626937,1953177
2019-07-22,1776.4959716796875,1782.8529705658668,1741.890669254664,1748.7948736714823,1920167
2019-07-23,1778.64306640625,1793.4198769270952,1770.181114606979,1791.6516342603315,3538588
2019-07-24,1765.4659423828125,1785.6734879906392,1748.3736856105022,1776.5800513547604,2413196
2019-07-25,1791.65185546875,1797.6300046879958,1761.8879410233108,1775.6542113989271,2544464
2019-07-26,1775.7803955078125,1793.2515044685795,1763.950519171414,1793.2515044685795,1720592
2019-07-29,1793.419677734375,1803.5234505666813,1770.9388242948503,1777.2536823150417,1647090
2019-07-30,1834.8031005859375,1839.7287724302075,1785.3788492764884,1793.4198101951222,2851672
2019-07-31,1857.1575927734375,1862.2094791602149,1807.8595603367787,1828.5723767472791,3000677
2019-08-01,1835.5611572265625,1867.0933120723087,1823.941775547526,1852.3586410638463,2375236
2019-08-02,1856.8211669921875,1860.7784374889638,1823.3102743811544,1829.6251333319087,2500816
2019-08-05,1893.2786865234375,1896.3518351560097,1848.6536905135504,1852.2740446083235,3039682
2019-08-06,1864.903564453125,1896.0990004408275,1861.9987712248574,1879.9751471226714,2885467
2019-08-07,1863.6832275390625,1884.774897502187,1858.462985263213,1877.618057373186,2165362
2019-08-08,1901.277587890625,1920.5588726911733,1868.2717646031858,1876.6915755312489,2073298
2019-08-09,1891.30029296875,1909.5291039405827,1887.1746672644638,1902.8775346062882,1744550
2019-08-13,1851.8955078125,1891.300269054752,1847.5593868605401,1890.2477925555563,1647281
2019-08-14,1856.0631103515625,1867.387920936072,1824.9098087160505,1836.4451145818814,1945002
2019-08-16,1822.9732666015625,1887.2162567260389,1804.5758983029345,1887.2162567260389,3755507
2019-08-19,1821.2052001953125,1840.570766355503,1816.7426590547345,1835.5188795311055,974884
2019-08-20,1841.202392578125,1856.5685495071525,1824.1522732459166,1828.7831698546645,1843611
2019-08-21,1840.7393798828125,1854.0427248336764,1837.4135950355542,1839.6869033133112,1214408
2019-08-22,1865.8302001953125,1882.3750473179919,1827.0990678807889,1841.4127472144173,2131601
2019-08-23,1892.5206298828125,1902.7927568472228,1864.0616313118855,1864.945752463632,2826425
2019-08-26,1916.6019287109375,1921.4011806440024,1873.4082501897042,1891.931837382591,2345475
2019-08-27,1883.0906982421875,1915.3807551047692,1876.7758400991888,1911.297064614248,3432106
2019-08-28,1885.40625,1896.2677243790536,1865.830188679245,1886.0377358490564,1294621
2019-08-29,1880.5228271484375,1892.9420495652575,1871.0505388644222,1871.0505388644222,1670652
2019-08-30,1902.5404052734375,1907.929001605779,1867.5139124278983,1886.8794759922994,2583625
2019-09-03,1895.8052978515625,1933.357542882258,1883.4701476851142,1911.2976725319254,2545060
2019-09-04,1890.58447265625,1911.2972920547847,1880.1439881754777,1907.0873861251487,2228092
2019-09-05,1865.240966796875,1897.5308220179961,1858.5051172932067,1887.8901785282337,2055943
2019-09-06,1850.25341796875,1880.5647367614122,1846.1277929133523,1865.830067903868,1890550
2019-09-09,1837.9190673828125,1854.7586943398462,1835.3509831594943,1852.358965273728,1703945
2019-09-11,1813.62744140625,1848.1486693995907,1807.3547227978706,1840.5708388644673,2627440
2019-09-12,1796.4510498046875,1822.8891754830463,1785.2947996545026,1814.4693640489445,2118859
2019-09-13,1803.4810791015625,1816.952774483538,1781.252863946006,1797.6293525323683,2291174
2019-09-16,1810.2591552734375,1829.9614285061248,1790.388321390845,1818.6368251354888,2597948
2019-09-17,1787.2313232421875,1815.774609439537,1772.8757081409806,1814.4273572863021,2796530
2019-09-18,1800.6187744140625,1804.3234091361192,1779.2323305205957,1790.3885804171368,1454663
2019-09-19,1769.8021240234375,1798.3032663541728,1760.5824721325191,1797.629640364863,1652691
2019-09-20,1739.06982421875,1792.9144745237218,1731.9551250265513,1772.2859375460112,6941979
2019-09-23,1697.2659912109375,1767.3187961389497,1662.9131121364583,1767.3187961389497,6323401
2019-09-24,1721.5987548828125,1735.3230882506232,1694.907994492239,1696.5919567321716,4620978
2019-09-25,1758.435302734375,1761.4243766081843,1734.5231228674663,1738.6908879999523,4002232
2019-09-26,1757.7198486328125,1774.0541999529871,1737.007031088283,1766.39208962216,4234281
2019-09-27,1731.2392578125,1755.6988484849956,1727.239847815575,1755.5304933869547,2046795
2019-09-30,1767.5709228515625,1771.5281928163138,1734.4810252859345,1736.038772509086,2620039
2019-10-01,1734.4390869140625,1764.750409329146,1717.388968055578,1764.750409329146,3342877
2019-10-03,1734.691650390625,1752.2889740599287,1722.8197368269132,1742.900966537359,2317618
2019-10-04,1750.7738037109375,1758.0147191622984,1730.2293377647247,1734.9866551895889,2163251
2019-10-07,1724.1246337890625,1763.5293898427626,1718.4834016085358,1751.3206640596545,2177916
2019-10-09,1700.88623046875,1734.4813014758477,1697.0131374391121,1734.4813014758477,2066920
2019-10-10,1687.7091064453125,1716.8417370027432,1681.5205654337074,1707.5378040095604,2881452
2019-10-11,1672.8902587890625,1679.752425846823,1620.8137442381626,1625.8656312331907,12593069
2019-10-14,1701.6441650390625,1711.5374450683594,1657.0191572473404,1679.752651782746,3510704
2019-10-15,1715.3681640625,1723.5353397530746,1703.0751575776965,1710.9056230475073,2261310
2019-10-16,1723.030029296875,1731.1130267645003,1697.433784998654,1715.9573679698694,3034082
2019-10-17,1748.4703369140625,1754.5398125516379,1721.222538226388,1733.8779109317952,3818774
2019-10-18,1771.1981201171875,1776.8369279034027,1743.3475213203992,1754.1089257729943,3087901
2019-10-22,1766.075927734375,1817.8168562602664,1756.304696364833,1790.698110831804,5552505
2019-10-23,1782.175048828125,1794.0125956931925,1767.0229047673522,1773.4797485119345,2348134
2019-10-24,1792.4200439453125,1807.0555582330503,1774.599195055227,1794.1418691556346,2798671
2019-10-25,1829.3958740234375,1833.7435239455892,1786.436426714344,1802.750675653551,3954245
2019-10-27,1821.432373046875,1832.8825503204685,1815.492161395971,1832.8825503204685,224405
2019-10-29,1889.573974609375,1895.4710994047464,1826.4259556561403,1826.4259556561403,5064173
2019-10-30,1939.46337890625,1945.6619057728612,1874.07712813615,1915.5299736038126,5195136
2019-10-31,1953.969970703125,1967.141973984149,1925.8612616638159,1937.0531241589565,4879261
2019-11-01,1894.78271484375,1958.5764312493802,1889.7034138867646,1949.1063913620205,4172620
2019-11-04,1888.7984619140625,1919.145619900464,1877.5635145802366,1900.0334092478884,2646411
2019-11-05,1895.6002197265625,1903.4774848100262,1867.3191608109212,1891.4247101436579,2693475
2019-11-06,1884.107177734375,1903.305570268484,1875.9285082399833,1894.007672385481,2540719
2019-11-07,1881.3956298828125,1897.8820238115718,1872.6572399750105,1897.8820238115718,1915598
2019-11-08,1833.7003173828125,1885.053867958097,1828.5779306589948,1885.053867958097,2788759
2019-11-11,1808.734375,1841.492143097936,1800.1683362401982,1838.0484925264577,2983768
2019-11-13,1875.5843505859375,1880.0610542509526,1823.4129608341796,1823.4129608341796,3823365
2019-11-14,1891.2520751953125,1894.006952362017,1848.120287343061,1883.2455492235965,2995915
2019-11-15,1872.01123046875,1903.9080821108337,1867.1040710277507,1890.5639377415287,2724180
2019-11-18,1853.2000732421875,1883.4610593253979,1849.8854765057474,1875.411444499007,1611089
2019-11-19,1815.4921875,1854.964896589652,1812.2206782056915,1853.5444751433984,2975313
2019-11-20,1815.277099609375,1838.0481932691039,1803.1812369096665,1826.8132430720973,2894129
2019-11-21,1823.49853515625,1830.8162901414744,1814.2866048514359,1818.2468857404408,2052574
2019-11-22,1783.552490234375,1813.94274532763,1773.9103116979504,1805.333619815871,3742049
2019-11-25,1791.9893798828125,1794.9594859895212,1766.7646014393592,1786.006080007384,2737010
2019-11-26,1761.9866943359375,1806.108357503192,1752.0001297581002,1799.1781796114253,6561580
2019-11-27,1768.5723876953125,1783.5521794016436,1761.9003165864901,1766.5922471359559,2907521
2019-11-28,1788.41650390625,1803.0948925543191,1773.4795893111457,1779.549063922955,2924429
2019-11-29,1767.6683349609375,1795.00230288253,1761.2545798003246,1795.00230288253,2064271
2019-12-02,1739.947021484375,1780.1085002575549,1735.5993718940338,1773.4795169155304,3809860
2019-12-03,1765.7320556640625,1775.2020959430995,1730.434632805834,1745.6727464908015,4664774
2019-12-04,1789.406494140625,1792.4196876597457,1760.9963838174879,1767.4532270727464,3334301
2019-12-05,1826.2537841796875,1830.988803074604,1780.6685079462823,1793.280792383798,3902721
2019-12-06,1828.233642578125,1832.0215730353614,1808.776938415082,1828.5779234619865,1829461
2019-12-09,1773.8668212890625,1831.9784052995901,1767.8835224536037,1831.9784052995901,2244747
2019-12-10,1732.8873291015625,1774.2112252388092,1724.6225919108472,1773.479365698912,4520045
2019-12-11,1757.8974609375,1763.1490067850384,1727.6363619950566,1743.6924030215073,4943024
2019-12-12,1739.81787109375,1793.840018509318,1708.0501828638508,1765.8174883436593,7137306
2019-12-13,1783.1649169921875,1788.4594445008431,1727.851291926769,1741.62589116485,5711133
2019-12-16,1830.9454345703125,1838.908874217556,1790.956095891973,1804.472378445692,5574177
2019-12-17,1863.8323974609375,1867.3191349779281,1824.2735117649745,1830.7303552469175,6059673
2019-12-18,1866.242919921875,1896.9774516326665,1853.544461580808,1871.6236226087676,8251081
2019-12-19,1919.0169677734375,1925.4307235863355,1866.0708512965498,1876.6170289687755,6251505
2019-12-20,1913.722900390625,1934.2126662252335,1901.1106124625178,1911.2263374467516,5548338
2019-12-23,1921.2982177734375,1930.1225701339943,1902.6164601785595,1902.6164601785595,2247329
2019-12-24,1907.437744140625,1931.5002055335985,1903.6065155191607,1927.5830117757407,1805896
2019-12-26,1895.6866455078125,1918.9743756837506,1889.8754848815831,1908.126791774618,1880367
2019-12-27,1892.7158203125,1916.7351910430841,1873.3452922447123,1900.8944877188992,2720261
2019-12-30,1879.544189453125,1915.5303751671674,1874.2927491415521,1900.033949660197,2288830
2019-12-31,1861.0345458984375,1891.4247997842408,1857.3756677013128,1884.5374996484768,1909289
2020-01-01,1866.1142578125,1880.1469652107844,1854.4057622411017,1866.4585387830589,1354908
2020-01-02,1857.5479736328125,1876.746366508135,1850.2733042531497,1876.746366508135,2380752
2020-01-03,1894.56689453125,1913.808371816653,1863.0145373869714,1863.0145373869714,4655761
2020-01-06,1894.3948974609375,1916.3481665455297,1883.5904033845218,1898.312091432383,3023209
2020-01-07,1899.0435791015625,1906.6194395858722,1880.060419869474,1894.437613985228,2429317
2020-01-08,1941.572998046875,1945.6623325954718,1895.7724931393373,1898.3121430854048,5197454
2020-01-09,1906.3614501953125,1938.7316302093247,1902.6163971952303,1935.976752575916,3734173
2020-01-10,1905.672607421875,1923.2782232479046,1900.8945017597912,1918.11274905834,1915807
2020-01-13,1885.69970703125,1910.3216774885109,1880.8354254802457,1909.3747998846015,2843893
2020-01-14,1899.947998046875,1919.6630233734707,1889.7032218289098,1889.7032218289098,2948452
2020-01-15,1917.16552734375,1920.695351866636,1889.0137370156074,1905.198930381383,2620681
2020-01-16,1927.4107666015625,1936.1920312427585,1906.9210089829746,1917.20887035813,3117214
2020-01-17,1910.451171875,1940.1095679324185,1905.199521114296,1929.0898449782462,3281059
2020-01-20,1868.4814453125,1930.337879575038,1856.2994078692968,1889.6166781001389,5817599
2020-01-21,1869.0838623046875,1882.428004178045,1857.8920013786455,1868.136774614394,1902980
2020-01-22,1899.947998046875,1902.616911271932,1871.3657407830688,1877.6504450154225,1773686
2020-01-23,1890.499267578125,1913.6241557817686,1884.243478995364,1906.7644021576966,2069866
2020-01-24,1883.984619140625,1890.499310219744,1872.4222801084982,1890.499310219744,1319430
2020-01-27,1871.775634765625,1892.6569895961118,1868.1084472825069,1889.421235934537,1549101
2020-01-28,1884.28662109375,1887.7812760778884,1856.8905820692617,1875.8736642279623,1743024
2020-01-29,1859.134033203125,1887.0476649278505,1855.1647592213335,1885.365115766797,2306761
2020-01-30,1844.6812744140625,1868.1080415716815,1833.593343344029,1863.793704293225,2098567
2020-01-31,1793.9447021484375,1850.2899915325381,1787.516381462467,1846.0186289164892,3287223
2020-02-03,1814.178955078125,1893.7352980390033,1806.1542450352317,1856.8908971834128,4728073
2020-02-04,1818.709228515625,1843.6892040162138,1800.4596625923502,1837.0451654654328,3509339
2020-02-05,1852.1883544921875,1860.946375732172,1815.7322010379426,1824.9648415556894,2439322
2020-02-06,1836.48388671875,1876.0462300017393,1825.3959565354344,1850.8505444426883,2640065
2020-02-07,1843.5595703125,1856.0279633595387,1828.4162037930555,1845.6735535221073,2083442
2020-02-10,1865.4759521484375,1869.8334742274922,1828.4158430494028,1847.3125530100199,2383032
2020-02-11,1858.0987548828125,1876.5642454280887,1853.0942920068378,1866.3823669896103,1335820
2020-02-12,1873.0697021484375,1885.3655645257795,1855.165200791957,1856.114439345142,1620407
2020-02-13,1891.3621826171875,1895.719705182326,1873.2851524582748,1874.9677017803808,1645948
2020-02-14,1884.6754150390625,1908.6631770272184,1873.2856045777987,1887.9543541299972,1500115
2020-02-17,1901.1124267578125,1912.9768524325748,1889.8519660761176,1895.6763204982735,1774724
2020-02-18,1911.8983154296875,1916.4283689808578,1886.2711974724034,1898.2649692768277,2486223
2020-02-19,1895.15869140625,1924.1940919827705,1890.1108334028067,1911.8982328748089,1760463
2020-02-20,1861.0325927734375,1910.7336324177,1856.243636205008,1902.1913287688274,2317278
2020-02-24,1825.266357421875,1880.144589203768,1817.8024291661247,1860.3418275592956,3092877
2020-02-25,1860.471435546875,1878.1602170120473,1821.5130572184623,1825.3959604669149,2674567
2020-02-26,1832.3851318359375,1867.1585164325793,1823.1954684471564,1858.6162141971745,2686842
2020-02-27,1816.7672119140625,1829.2356030339017,1800.1138298673857,1829.2356030339017,2349001
2020-02-28,1725.8638916015625,1785.7037122581564,1717.1057682501723,1784.409411427817,4298076
2020-03-02,1726.8565673828125,1772.2864516660845,1713.3957516968874,1755.935156590717,2667076
2020-03-03,1756.9705810546875,1777.5068675793063,1736.0892318298856,1742.9921711214558,2757585
2020-03-04,1797.525146484375,1807.2324037673704,1747.3063109392042,1774.0551976745699,3237002
2020-03-05,1833.6365966796875,1853.2236465162528,1798.2590296876417,1799.6826767777966,3937056
2020-03-06,1826.2159423828125,1832.4285464688082,1787.5164600452229,1810.29607858088,2595027
2020-03-09,1701.8765869140625,1794.6779175800705,1669.6485088557376,1790.4499513569278,4940975
2020-03-11,1685.7840576171875,1714.7764875598261,1656.7054673280554,1667.9227439297556,6796449
2020-03-12,1527.14599609375,1646.6963281813134,1517.2230200238355,1642.899690184115,8728786
2020-03-13,1558.59765625,1570.4188992384375,1299.5216812520105,1456.4341199806945,8029720
2020-03-16,1463.7684326171875,1589.617635097848,1446.0364635471321,1514.3324465174235,7844271
2020-03-17,1430.6341552734375,1493.6234757408445,1400.5632473218768,1492.7606083371813,5713248
2020-03-18,1427.527587890625,1478.5662063803604,1404.5321547984943,1446.855835199992,7258778
2020-03-19,1422.2694091796875,1464.9457280046643,1344.3916286068034,1355.6473622071496,5135111
2020-03-20,1562.2928466796875,1624.4821328909024,1414.1425522811655,1416.7500677432697,8547498
2020-03-23,1451.2567138671875,1521.0512807915554,1406.1032625717364,1408.0588999327542,7003490
2020-03-24,1480.3302001953125,1538.4343227468346,1419.227370812281,1436.7847075341913,6350865
2020-03-25,1521.3118896484375,1573.2014188694488,1460.2090517683282,1477.5924928608083,2765520
2020-03-26,1556.6431884765625,1592.3662342380926,1497.1919224005946,1591.9750432691276,4556067
2020-03-27,1585.80419921875,1607.9680836145176,1521.3985799004784,1581.8929255018497,4331250
2020-03-30,1545.8221435546875,1655.7723831721562,1532.8280667672004,1534.957495371143,8513547
2020-03-31,1587.1947021484375,1612.3137899613828,1547.1259008793863,1597.0163865434904,3927593
2020-04-01,1485.197509765625,1594.7131710563165,1479.330599339338,1587.0210208285353,4941878
2020-04-03,1437.783935546875,1512.358917722895,1434.133456461366,1512.358917722895,5735369
2020-04-07,1542.9537353515625,1552.2104362321677,1481.9379174936141,1486.2837764891965,5427577
2020-04-08,1482.3292236328125,1569.7245035196363,1478.4614509894247,1529.7425947921151,6285615
2020-04-09,1535.087646484375,1546.0826899049903,1504.7100313689177,1521.4415868915737,5307397
2020-04-13,1529.09033203125,1553.2098470028955,1517.5738068646085,1530.6113825249574,2990438
2020-04-15,1508.1436767578125,1574.9395175255652,1501.7552843719732,1551.4718757081314,4761399
2020-04-16,1491.542236328125,1534.001255445767,1455.9061942842382,1486.240203729346,6245533
2020-04-17,1569.8984375,1609.6630568429614,1523.6585291412298,1564.5096134935616,9895823
2020-04-20,1580.7193603515625,1590.5844393427715,1566.6822141613911,1590.5844393427715,3244282
2020-04-21,1510.316162109375,1559.815445899404,1501.667840398612,1534.087985883076,5122541
2020-04-22,1537.9996337890625,1555.8176572378761,1494.2368510750416,1510.3165307727513,3829836
2020-04-23,1632.52197265625,1651.4264597614135,1530.481179659398,1547.1258412501666,5934366
2020-04-24,1580.6326904296875,1609.6629486487066,1571.2890919771353,1599.8847642216172,2987102
2020-04-27,1596.321044921875,1629.6972661526988,1586.2386723886268,1592.5836695182143,3374741
2020-04-28,1615.834228515625,1623.613275376776,1592.8445657475825,1621.0057594098969,2678505
2020-04-29,1656.33740234375,1662.334709492323,1608.0114673858327,1628.828091321007,4241510
2020-04-30,1750.9031982421875,1766.157206714622,1688.1055318124968,1720.9602703223186,5915544
2020-05-04,1677.8924560546875,1708.7915522497879,1663.2904352397509,1708.7915522497879,3729348
2020-05-05,1679.8917236328125,1718.3525741156748,1674.8939859994464,1699.317691300753,2905528
2020-05-06,1654.555419921875,1698.1009059519174,1645.8637019078915,1686.019502792539,3517431
2020-05-07,1644.1685791015625,1681.3690622008826,1636.9544119395164,1660.1178577187975,3166754
2020-05-08,1645.68994140625,1685.7587409956707,1639.4753416875915,1685.4110510484586,2686530
2020-05-11,1682.1082763671875,1696.1019215380302,1659.2490149160042,1659.2490149160042,2449841
2020-05-12,1694.45068359375,1700.5348871255048,1660.335685219267,1680.4570366907315,3256595
2020-05-13,1694.5811767578125,1733.1289329584079,1673.721049179577,1733.1289329584079,2656665
2020-05-14,1653.468994140625,1671.504309444714,1643.6908111444325,1660.1181797980512,2263146
2020-05-15,1645.25537109375,1666.5500808364236,1621.1792478470898,1665.333219059684,3173682
2020-05-18,1691.060546875,1697.4489380601563,1627.1764228233021,1657.5105383209245,3727694
2020-05-19,1693.7120361328125,1709.1832340463807,1654.03431318043,1654.03431318043,3198693
2020-05-20,1698.0142822265625,1706.0976237155612,1678.979395504149,1694.8852844598855,2778505
2020-05-21,1730.69482421875,1736.6052348253515,1687.1928398292391,1691.4083017868538,3400908
2020-05-22,1756.031494140625,1766.157368383115,1704.663454105012,1718.4398080271558,3663418
2020-05-26,1688.80078125,1759.2036959598558,1673.1556890922543,1751.381149880983,4575317
2020-05-27,1742.9505615234375,1747.0356272665613,1687.280055438414,1702.7078576194992,3482160
2020-05-28,1742.081298828125,1750.512223901419,1713.398625844636,1728.3483402323593,3475681
2020-05-29,1714.3109130859375,1740.6468600608957,1705.6626964460127,1722.698441855855,7237735
2020-06-01,1777.67333984375,1790.4936218448233,1721.9159565648333,1729.6516055685431,3747773
2020-06-02,1779.3253173828125,1808.7467656570238,1773.1542179703627,1790.667947279619,2443886
2020-06-03,1783.683837890625,1799.0262085014485,1760.8881604714359,1788.6527445668567,3699799
2020-06-04,1823.260009765625,1830.62605776662,1784.2066113018238,1784.2066113018238,4048593
2020-06-05,1785.5146484375,1828.883062332174,1778.5844620482674,1823.3040952220383,3573289
2020-06-08,1806.0,1826.2676481235671,1797.587921499789,1811.6662242065888,2957841
2020-06-09,1806.2613525390625,1826.7033011033075,1795.9749349072247,1798.45944113349,2909439
2020-06-10,1838.25390625,1858.5215545346769,1807.525536270006,1810.6202090029894,5168397
2020-06-11,1802.425537109375,1834.9846128759464,1797.3260638605627,1830.6259795912054,2269513
2020-06-12,1777.8865966796875,1786.342303067,1753.0423858410647,1753.216688615503,2842642
2020-06-15,1769.51806640625,1794.8852923346112,1744.2815143545686,1777.5379095575831,2399022
2020-06-16,1783.378662109375,1807.917685465574,1770.4770633957696,1800.1157734673875,2146528
2020-06-17,1785.1220703125,1794.7546934059535,1766.5978769881328,1783.5529196073005,2703527
2020-06-18,1776.6663818359375,1795.059796158175,1765.421084757349,1782.681318079086,1944389
2020-06-19,1782.33251953125,1821.9089358801286,1771.3487835925462,1780.0660512283362,5681758
2020-06-22,1767.818115234375,1789.0011165676256,1760.1469841365847,1787.039731496471,3196138
2020-06-23,1774.2257080078125,1781.809689070674,1752.1709760430797,1766.9903325568769,4205944
2020-06-24,1780.2403564453125,1799.46197417324,1771.0000740211588,1773.0922395389948,2560937
2020-06-25,1757.4881591796875,1795.7569821694756,1751.5168526330187,1773.9638149101372,3043931
2020-06-26,1847.0582275390625,1858.52134866416,1760.8443280891452,1765.2465905463998,6300722
2020-06-29,1832.0643310546875,1854.6858091433617,1823.0420874181657,1837.599880720574,3076341
2020-06-30,1815.0657958984375,1840.9996671183703,1808.8766635705517,1830.626203759964,3071725
2020-07-01,1823.6956787109375,1842.786406148773,1812.755467300468,1812.9297700559425,2503466
2020-07-02,1880.4451904296875,1887.2883302439675,1828.8826405782188,1832.3695474239353,3758699
2020-07-03,1917.494140625,1922.1579650348299,1883.148183204758,1886.1119697672884,4185208
2020-07-06,1972.89208984375,1978.7326169533794,1922.1576316546577,1922.1576316546577,5190366
2020-07-07,1978.732666015625,2007.325348889484,1945.8249778550314,1983.1785580225244,5630055
2020-07-08,1934.274169921875,1982.6549987809287,1924.423829079953,1978.819486667604,2793358
2020-07-09,1921.5911865234375,1956.5909347782892,1909.9971767354143,1943.0791684654964,3443998
2020-07-10,1937.2822265625,1961.2547146446677,1896.8776024289814,1922.3756124800143,9610320
2020-07-13,1935.233154296875,1956.9826915517851,1926.5158878360783,1935.233154296875,2963503
2020-07-14,1893.3466796875,1951.7959948999064,1887.28822195547,1926.5159217189785,2976738
2020-07-15,1947.3504638671875,1970.1026190665104,1901.323457893274,1904.7231073718253,5569321
2020-07-16,1952.4615478515625,2038.300835054344,1939.662187294027,1960.5431092421552,8582118
2020-07-17,1922.7564697265625,1960.4557785528784,1913.4081110572538,1954.4274555393936,4509135
2020-07-20,1929.0028076171875,1945.6027691035847,1914.0629702602184,1922.9744858716006,2952646
2020-07-21,1943.9869384765625,1955.8688903515297,1923.1058025139032,1948.3116234108584,2665286
2020-07-22,1914.194580078125,1949.1856059377783,1908.297223359129,1949.1856059377783,2861534
2020-07-23,1896.938720703125,1914.1939438868146,1889.7745694339574,1914.1939438868146,2265766
2020-07-24,1884.8824462890625,1889.775153365902,1856.6626735858683,1882.3488524858235,3665100
2020-07-27,1928.0421142578125,1935.2062663533447,1890.2116285577704,1891.5221519887095,4248480
2020-07-28,2017.98779296875,2026.943036989934,1935.2063909192689,1935.2063909192689,8092319
2020-07-29,1988.545166015625,2046.1644862363385,1962.3346901031184,2002.4803597154944,6090431
2020-07-30,1991.558837890625,2060.142899647332,1985.2246411041774,1997.1503193884676,7098496
2020-07-31,1993.2188720703125,2039.8736385733828,1972.2942219851163,2012.2214636032531,4723290
2020-08-03,1969.410400390625,2012.8325709606088,1948.922598013984,2001.1251029587486,4012337
2020-08-04,1965.5230712890625,1982.95299090078,1943.9868874364445,1974.4783150628903,2927928
2020-08-05,1974.085205078125,2009.4693390925813,1968.406269989385,1974.5220462387972,3800641
2020-08-06,2016.546142578125,2026.5060351843426,1979.1962253528047,1987.6271739790384,4748047
2020-08-07,2005.4063720703125,2033.9320084316182,1998.1110409291714,2016.4583657474977,3165491
2020-08-10,1994.44189453125,2031.3112430348858,1988.5445393095358,2025.1954672494044,2929353
2020-08-11,1991.908447265625,2019.953738032033,1988.1517835323536,1994.6169480653682,2774423
2020-08-12,1972.2066650390625,2006.3237854419292,1962.7708543051888,1999.290814139235,3415751
2020-08-13,1969.6732177734375,2009.4694932234177,1966.2222149996965,1985.8800687377516,2695682
2020-08-14,1958.9267578125,1993.131549133702,1951.0201033391352,1989.374672441154,2270405
2020-08-17,1968.7557373046875,1983.258949746726,1955.5195349209735,1977.1431732497097,2625630
2020-08-18,1983.04052734375,1999.8589126951617,1964.3000834695908,1976.9684776303945,3493374
2020-08-19,1971.551513671875,1996.0146174535985,1967.9693310118732,1988.8067386607693,2843005
2020-08-20,1968.275634765625,1988.9818666117949,1957.09245650693,1971.901331689871,2895164
2020-08-21,1964.5621337890625,1984.132532274312,1957.9657896674673,1974.5220268339697,1975294
2020-08-24,1964.125244140625,1974.4782513104003,1948.311509349583,1966.3094498685953,2167966
2020-08-25,1959.3636474609375,1965.7852980885693,1951.4132660139264,1961.4168863150392,1663419
2020-08-26,1968.8426513671875,1974.434131597478,1936.4726862604425,1958.7953070180758,2618149
2020-08-27,1964.3870849609375,1998.4171792287868,1958.5771833207991,1979.7639778766281,3579393
2020-08-28,1955.78125,1991.951606252756,1952.767089195822,1981.860534602847,2941136
2020-08-31,1972.1192626953125,1988.6754987051431,1946.564056832498,1957.0482438531399,6018154
2020-09-01,1962.5958251953125,1990.2477776992844,1958.1836880322535,1982.3846389814205,3610908
2020-09-02,1979.021484375,1982.1668261469483,1958.489949206095,1963.164235086366,2084137
2020-09-03,2009.0325927734375,2030.4378106568684,1981.5115983518835,1981.5115983518835,4654146
2020-09-04,1999.68408203125,2030.6560767686142,1977.0993093558811,1987.627223684456,5231303
2020-09-07,2033.10205078125,2047.474079212539,1994.9221842195825,1999.8584029517822,4620401
2020-09-08,2051.580810546875,2088.4938890955514,2033.1025145347644,2040.8782019735902,7453998
2020-09-09,2033.626953125,2061.0169843804115,2026.9433674279587,2031.3117798577605,3866535
2020-09-10,2036.68408203125,2051.842552828278,2030.699487215836,2040.0478436678854,2308813
2020-09-11,2074.208984375,2081.984670589617,2035.8104812654556,2036.509469681687,4145424
2020-09-14,2176.691650390625,2189.2290747203224,2080.9799403031034,2082.945725165169,7512131
2020-09-15,2176.691650390625,2217.405324409928,2153.2771391190695,2176.691650390625,7318770
2020-09-16,2186.826904296875,2190.84592839479,2164.373310744429,2174.5516247187575,3074003
2020-09-17,2150.087890625,2180.4920699309955,2141.0454089999303,2166.7315770525365,4828176
2020-09-18,2140.434326171875,2184.555285305051,2128.6396143243924,2171.1006622958726,4183256
2020-09-21,2153.88916015625,2188.4868535573532,2142.4001091660366,2153.62701278854,4598809
2020-09-22,2204.2568359375,2232.2583978347984,2147.51121012835,2171.100633510557,7499613
2020-09-23,2155.767578125,2201.548663502787,2104.7008849102203,2192.9428066104824,7502280
2020-09-24,2037.6461181640625,2140.522237968465,2011.7415159924747,2140.522237968465,8424708
2020-09-25,2116.3203125,2131.7844438793554,2054.987868291273,2068.879329141932,8228267
2020-09-28,2119.8154296875,2135.2795639016417,2067.132343777121,2131.7848346644864,4347166
2020-09-29,2174.071044921875,2193.8600778616924,2119.815499703822,2127.2855263552406,6995811
2020-09-30,2177.478515625,2188.5742385654407,2149.2585336810316,2174.5953212732065,3917166
2020-10-01,2204.693115234375,2219.152597060521,2177.478002366535,2192.942133315712,2610337
2020-10-05,2364.009521484375,2383.492678705133,2274.2386685206757,2289.047540290917,17412105
2020-10-06,2371.435302734375,2390.3941611328096,2315.3449560873496,2390.3941611328096,9846367
2020-10-07,2390.35107421875,2420.099999544905,2361.563284754469,2395.6368948563645,9656101
2020-10-08,2468.76416015625,2520.5735658865633,2446.3105665450184,2446.3105665450184,19839329
2020-10-09,2457.624755859375,2472.390115747967,2428.836964711288,2455.047435553496,7739245
2020-10-12,2472.520751953125,2493.489125821279,2446.9655463013128,2459.8523594077824,4623203
2020-10-13,2469.506591796875,2494.275355457132,2456.96916626297,2485.625986553803,4209878
2020-10-14,2465.163330078125,2493.5912373886895,2445.8164586700304,2493.5912373886895,4395936
2020-10-15,2404.622314453125,2481.0882680438763,2392.689490568703,2466.3916970988726,6629355
2020-10-16,2424.53955078125,2431.8657729555116,2396.462518155747,2412.9578176653818,5273773
2020-10-19,2379.133544921875,2433.9275819251575,2374.7904221077406,2433.9275819251575,3331194
2020-10-20,2403.218505859375,2421.5562320671715,2384.749040034989,2390.9348041134713,3406273
2020-10-21,2347.41552734375,2411.9927936809972,2336.5796751492417,2403.218720222718,4570143
2020-10-22,2343.6865234375,2357.2863371661892,2314.6883823072058,2334.7809246478623,5262294
2020-10-23,2357.41796875,2370.7545168241036,2342.7653097302127,2358.295376047122,3499091
2020-10-26,2358.646240234375,2377.7298488412175,2343.116174003373,2360.181702995845,2672752
2020-10-27,2307.712646484375,2384.9244862771034,2302.4045038672325,2368.780278186564,3537502
2020-10-28,2300.7373046875,2330.3498001032294,2286.523349730102,2325.129269679497,3569445
2020-10-29,2309.906005859375,2329.5161426883374,2281.4780979379843,2288.2780038158885,3105968
2020-10-30,2338.1591796875,2346.4945499308647,2300.21130989534,2312.9337171088964,3427003
2020-11-02,2285.29541015625,2338.159206247563,2281.303163625868,2333.9036946538213,2571196
2020-11-03,2310.740234375,2338.290741289744,2282.180580415025,2284.768889425326,2879269
2020-11-04,2327.89306640625,2388.1711186140983,2290.0330275168576,2290.0330275168576,4893928
2020-11-05,2356.45263671875,2377.7736759913773,2340.0451637893,2355.838494478542,2816502
2020-11-06,2375.535888671875,2380.6248928624404,2352.5917779318206,2368.1218412736484,3884421
2020-11-09,2392.339111328125,2407.6059144599903,2364.700778126416,2396.287444642655,3646592
2020-11-10,2324.77880859375,2380.537879314821,2314.907975021614,2366.5432736702637,4760020
2020-11-11,2358.29541015625,2362.6824467053125,2319.3383970741124,2340.8787893721637,3242441
2020-11-12,2343.5986328125,2380.405823398873,2335.438702702525,2356.715828105187,2437505
2020-11-13,2331.140380859375,2338.2033404074564,2312.846347396884,2330.1751468510147,2548093
2020-11-14,2342.984619140625,2359.348179251426,2333.947281301712,2349.6527859515836,298819
2020-11-17,2339.21142578125,2364.612320481943,2325.1729110770902,2364.612320481943,2827273
2020-11-18,2304.641845703125,2337.588533329928,2287.44479080005,2334.780872755015,2893762
2020-11-19,2313.635498046875,2348.073738655715,2308.3273546210253,2313.7233244715967,4167501
2020-11-20,2334.12255859375,2347.9417223181563,2305.4313853223703,2329.5161706856147,2711471
2020-11-23,2390.2763671875,2395.3214581708266,2338.2899948810455,2360.225173069423,3706418
2020-11-24,2388.34619140625,2406.7278284790273,2373.38635655697,2399.18204125448,3120516
2020-11-25,2370.140869140625,2397.9107302050315,2358.646745465515,2394.4450135003535,3302249
2020-11-26,2387.07470703125,2396.1557452808297,2351.451880177085,2356.716324684944,2341099
2020-11-27,2351.14404296875,2384.529428708383,2341.843655471187,2373.386400465167,6086808
2020-12-01,2392.513916015625,2400.4981927429167,2302.7112064061052,2350.5738104121124,3605017
2020-12-02,2412.4755859375,2416.994148412678,2371.1496112605146,2385.6707467317315,2509032
2020-12-03,2377.291259765625,2433.8401196354857,2369.701772006041,2433.8401196354857,2852548
2020-12-04,2393.171875,2403.0866184721554,2368.12185844221,2378.475305482065,2686527
2020-12-07,2402.078125,2407.6058342984543,2374.395879507655,2382.1610204520057,1996400
2020-12-08,2454.37109375,2461.609702826606,2397.4711536877803,2404.0956205939724,4277818
2020-12-09,2466.216552734375,2491.8368037903465,2450.7301849167493,2469.901620658389,3659996
2020-12-10,2442.96533203125,2480.6938481520456,2439.4117894149263,2472.5339169395784,2127801
2020-12-11,2442.3515625,2463.496954375603,2425.6369070578453,2450.3358420921445,1795408
2020-12-14,2454.722412109375,2460.250121058043,2418.35392159994,2458.4953064210545,2483658
2020-12-15,2423.004150390625,2452.0901164400307,2417.257089785099,2444.456715840757,2365509
2020-12-16,2469.199462890625,2474.1130292202633,2422.038822767984,2438.3147702478095,2565149
2020-12-17,2490.257568359375,2503.8573826690163,2461.1276863576554,2466.3921306065486,2863460
2020-12-18,2510.261962890625,2542.7260288210528,2497.276293676306,2516.403813201787,6076692
2020-12-21,2474.420166015625,2532.6362273396303,2443.5793844243444,2510.2623406958883,2705195
2020-12-22,2520.3525390625,2530.1355450441774,2473.104068964434,2486.572357076806,2881737
2020-12-23,2552.157958984375,2561.151381959739,2514.166187865815,2523.4667890173096,2790988
2020-12-24,2552.684814453125,2563.213701230318,2529.740486824709,2552.3776362378235,1807144
2020-12-28,2570.27685546875,2588.0882664768783,2546.235981165484,2553.2552395560165,2108994
2020-12-29,2571.2421875,2590.1064451458797,2562.029410510152,2562.029410510152,1994151
2020-12-30,2552.64111328125,2586.333468082579,2546.2359971176083,2574.6639080930568,2637968
2020-12-31,2511.79736328125,2548.8678160272575,2496.2233860920987,2544.4807801993275,4040956
2021-01-01,2569.267822265625,2579.577357623474,2526.0555144891096,2526.9329217536074,2681440
2021-01-04,2666.835205078125,2676.749949034454,2580.4105980208788,2588.351175826154,5113293
2021-01-05,2713.82080078125,2732.465706056582,2666.9673362677822,2666.9673362677822,5801309
2021-01-06,2677.408203125,2731.807452213563,2664.8612367027454,2719.96245442815,3726716
2021-01-07,2661.0009765625,2703.160441346511,2632.4413253081198,2698.0275228139217,3717827
2021-01-08,2738.30029296875,2744.5299703376445,2684.8662753303042,2711.1884937158957,5879039
2021-01-11,2787.04052734375,2834.0257336650902,2760.8061333263317,2834.0257336650902,9508039
2021-01-12,2785.635986328125,2816.4767598679377,2763.832334449846,2787.039709146178,3611458
2021-01-13,2771.685791015625,2787.523035871465,2742.994614697251,2785.7682212439095,3572801
2021-01-14,2857.61474609375,2871.5042016566895,2743.0710027335685,2773.48714410741,6931542
2021-01-15,2842.36328125,2878.0976701403415,2821.8367505041224,2843.8136722370205,4131692
2021-01-18,2832.166259765625,2862.9339540596566,2801.969879661121,2857.000184445808,4160906
2021-01-19,2866.40625,2882.4934015692174,2841.176783736417,2842.055860711583,2975735
2021-01-20,2908.689453125,2925.5236885437785,2872.0319922994604,2874.5812292548167,3453446
2021-01-21,2877.966552734375,2908.9978016243012,2867.6373971573257,2905.349717629565,2778546
2021-01-22,2903.6796875,2922.931390359051,2849.8799966804477,2849.8799966804477,3052459
2021-01-25,2893.30615234375,2935.9413865390143,2882.1856996021884,2908.8217754354887,2272887
2021-01-27,2866.71484375,2906.6248641437064,2836.7822211454877,2900.9548589340284,2786662
2021-01-28,2810.013427734375,2878.976970563586,2798.8051967802726,2839.418508372636,3083938
2021-01-29,2735.115478515625,2827.8580738284327,2725.1378717507487,2821.880309121569,5445659
2021-02-01,2759.72998046875,2782.2782157060337,2675.9979109439473,2725.138220754725,3985846
2021-02-02,2816.078857421875,2834.1439306728867,2769.0922399564497,2790.190085594213,2881837
2021-02-03,2813.090087890625,2844.6928596468942,2780.2124829296085,2824.4740908669564,2505866
2021-02-04,2802.89306640625,2846.319599731516,2791.948600489851,2827.155677875,2057261
2021-02-05,2776.0810546875,2818.188970021207,2750.631819511196,2812.12321020043,2366135
2021-02-08,2825.44140625,2835.9023364608793,2773.6196466029005,2803.81602670241,2526592
2021-02-09,2792.739013671875,2853.307534257828,2781.3990087439984,2808.650389676699,2658751
2021-02-10,2824.73828125,2830.1005223957927,2775.5099672593133,2799.860358220309,2127983
2021-02-11,2818.3203125,2830.012077244088,2799.9036958644483,2826.2320039574233,1165882
2021-02-12,2804.958984375,2853.0444542059204,2797.2230637138314,2799.1569902245205,2777404
2021-02-15,2760.16943359375,2820.9575097276024,2752.873053078697,2820.9575097276024,2630853
2021-02-16,2732.874755859375,2784.6083111002467,2725.1388349526,2769.092687129255,3435770
2021-02-17,2701.4912109375,2754.016053840151,2677.2726002821423,2729.6216707347357,3678426
2021-02-18,2687.6455078125,2723.2918999265667,2664.481748565389,2694.3703594037997,4189909
2021-02-19,2700.392333984375,2713.842038226488,2651.4275812648107,2688.2170336452054,3725028
2021-02-22,2600.704833984375,2721.6218962319185,2587.254915410718,2721.6218962319185,5366696
2021-02-23,2619.824951171875,2661.844870183656,2609.1002558471237,2610.8584096583413,3832829
2021-02-24,2591.607421875,2640.1764342272018,2567.9161210781303,2612.6172798324665,3774549
2021-02-25,2633.09912109375,2663.515053520155,2609.4958201264185,2614.374739918471,4224073
2021-02-26,2544.312744140625,2612.924750692814,2531.7418994246586,2602.068063297566,5553153
2021-03-01,2570.59716796875,2606.4635559455824,2550.9059271202764,2572.1795496447803,3265871
2021-03-02,2642.81298828125,2659.2076870166584,2591.518764074416,2602.06768713035,3306469
2021-03-03,2689.184326171875,2693.4917172875435,2634.5055693546797,2667.9984862818847,3509857
2021-03-04,2680.921142578125,2708.8318379382204,2651.340286728885,2657.449829088751,3916760
2021-03-05,2644.30712890625,2692.788130737611,2634.241742021742,2651.3837403850207,3203686
2021-03-08,2643.340087890625,2666.2400827282695,2633.714239318792,2651.2957762968877,2003125
2021-03-09,2682.019775390625,2696.0410098074835,2630.2862256983,2643.3403896236246,1942397
2021-03-10,2699.6015625,2719.161026418552,2689.9757119446654,2703.161867395375,3053778
2021-03-12,2688.17333984375,2740.0828771190104,2673.5807911171387,2703.16164489604,2938317
2021-03-15,2695.3818359375,2724.2596010016764,2673.2731354133907,2673.2731354133907,3097083
2021-03-16,2733.9736328125,2761.181024691169,2689.975783366755,2689.975783366755,4894756
2021-03-17,2736.5224609375,2773.487688424811,2712.216069895808,2729.5338423325,3838390
2021-03-18,2669.3173828125,2765.9718586572135,2625.8470669085596,2747.9507796690177,3656306
2021-03-19,2681.360595703125,2724.259595798463,2641.6263586235505,2663.603283404112,5776626
2021-03-22,2751.203125,2759.818122141022,2653.6255823341885,2680.041887934514,2821646
2021-03-23,2762.58740234375,2785.7949487612345,2745.225631994102,2760.301716349093,3305973
2021-03-24,2743.6875,2771.114661370174,2734.940511551291,2734.98450832801,2207104
2021-03-25,2694.239013671875,2752.258091028489,2681.1846354192803,2735.8631775195627,3179786
2021-03-26,2695.953369140625,2740.962068326735,2675.0752905252434,2716.9192266843957,3697370
2021-03-30,2776.60888671875,2802.8932049268724,2690.766883164461,2710.194572009367,4694008
2021-03-31,2793.57421875,2817.441067373545,2753.268462718859,2773.4872285689657,3530069
2021-04-01,2782.27880859375,2826.232660230302,2764.6972679391292,2805.2228049953965,4285076
2021-04-05,2847.242431640625,2868.4282733530854,2769.9716485858326,2787.553188722842,5317862
2021-04-06,2869.922119140625,2878.976653524238,2839.4181956895536,2878.976653524238,2291562
2021-04-07,2875.811767578125,2881.2182186877626,2843.6376853583197,2864.911301067923,2491268
2021-04-08,2916.206298828125,2931.7219227066266,2871.1096038400187,2874.581915217592,2578118
2021-04-09,2920.513427734375,2948.731883972365,2907.986581065637,2948.4241211892822,2911129
2021-04-12,2853.967529296875,2934.4470730375683,2824.650224965105,2920.5136164862206,3791828
2021-04-13,2728.698974609375,2825.35344676723,2701.4475879106244,2825.35344676723,8654596
2021-04-15,2829.704833984375,2845.791985824758,2714.1062098015173,2778.1470543691926,6062760
2021-04-16,2808.7822265625,2854.362445705138,2797.749984123038,2838.539062883243,3224657
2021-04-19,2779.46533203125,2803.3761803289435,2755.994022175126,2785.794642666172,2679106
2021-04-20,2764.3017578125,2835.331225793192,2748.302598557501,2835.02346298085,3141893
2021-04-22,2741.6650390625,2767.334041248242,2729.753504315789,2767.334041248242,1988980
2021-04-23,2733.489501953125,2741.840732140793,2717.270576775486,2729.5336560747555,1615309
2021-04-26,2725.841552734375,2771.7293216051144,2714.6333228420613,2726.940398802249,2490260
2021-04-27,2753.268310546875,2756.8726109769837,2727.7750854492188,2730.4123156317346,1471417
2021-04-28,2746.324462890625,2769.9715476659917,2735.6875456479106,2769.0484739187477,1639037
2021-04-29,2738.544677734375,2775.5539060045367,2729.9736768169814,2765.224751052806,1621395
2021-04-30,2668.56982421875,2753.312969915444,2654.8123559697738,2724.2594341557383,3072305
2021-05-03,2669.757080078125,2685.5804674477026,2640.7475365672335,2659.1201616100943,1545831
2021-05-04,2680.965087890625,2716.3479372348656,2667.9987021060897,2692.4370856948617,1990777
2021-05-05,2721.358642578125,2724.6111845742857,2683.2945653222314,2698.766406463981,1939289
2021-05-06,2735.203857421875,2755.0270850191914,2702.2824694795772,2729.9733926378744,1791671
2021-05-07,2754.059814453125,2777.7511075730526,2735.51142144039,2754.147807986654,1912540
2021-05-10,2765.136474609375,2781.575170224942,2747.115397601112,2765.5320163029514,2137153
2021-05-11,2745.006103515625,2749.8410273282093,2717.358958383474,2747.115802604657,2415625
2021-05-12,2714.23779296875,2742.7197973243847,2699.2934863807645,2742.7197973243847,1978558
2021-05-14,2682.50341796875,2723.8200362366615,2672.3940326478782,2723.8200362366615,2043935
2021-05-17,2698.546630859375,2703.3375576036415,2668.877781998229,2685.5802450608003,2890462
2021-05-18,2715.293212890625,2746.2366818753967,2705.79913790412,2725.1388328469043,2098538
2021-05-19,2709.315185546875,2740.9619560464494,2696.217024715244,2711.073339463518,1986041
2021-05-20,2689.97509765625,2715.292553263747,2683.030476552131,2696.2166289916227,2329027
2021-05-21,2707.996826171875,2714.7656764673193,2685.668355166535,2690.854823863694,1685566
2021-05-24,2708.8759765625,2729.534287595834,2700.5247444426413,2708.8759765625,1652260
2021-05-25,2750.836181640625,2763.4243048225067,2722.65653952181,2731.401886201931,1841613
2021-05-26,2790.146728515625,2795.88867999112,2741.826041540108,2756.136708237692,1923753
2021-05-27,2809.138916015625,2842.4863984305903,2793.061497428676,2793.193917714031,5959785
2021-05-28,2776.984130859375,2825.0397552505065,2769.961110903209,2817.5310504601284,1763701
2021-05-31,2790.72021484375,2800.6142092520568,2763.733221463764,2782.6374019909617,1652799
2021-06-01,2785.2880859375,2800.2612851307276,2766.7371662404853,2799.0688554082944,1377441
2021-06-02,2764.484130859375,2790.9854410639764,2751.719376244468,2783.388528206253,2240078
2021-06-03,2774.908203125,2786.657161213381,2758.4773034623645,2786.657161213381,1281706
2021-06-04,2777.11669921875,2788.689025250581,2760.5533789450797,2763.203510188867,1836060
2021-06-07,2811.965576171875,2818.370059314613,2768.1502071066175,2778.2206184706743,2559821
2021-06-08,2826.93896484375,2854.191232954633,2815.499275242402,2825.039790463917,2574057
2021-06-09,2827.02734375,2844.474040114054,2814.615853329523,2828.57325355441,1710925
2021-06-10,2841.647705078125,2848.007977527041,2820.623285435435,2835.640697227606,1874324
2021-06-11,2892.0,2923.0948308603947,2836.5238748542542,2837.0097753940586,3452954
2021-06-14,2894.2529296875,2922.8300522543273,2888.9526665713734,2896.5937929631523,1847360
2021-06-15,2882.238525390625,2913.377567002768,2872.3447453737463,2913.377567002768,1304985
2021-06-16,2892.4853515625,2910.4619427775083,2873.6251677448518,2881.6639841155666,1635552
2021-06-17,2930.82373046875,2946.9895709854272,2879.808714137028,2884.6672871210017,2273413
2021-06-18,2912.759033203125,2966.3799741161924,2893.059682915584,2960.1079111317467,3380431
2021-06-21,2891.381591796875,2902.7770698023915,2872.4771929821286,2884.226151218749,1130569
2021-06-22,2916.2041015625,2939.03948321946,2901.893437333948,2918.6776002896086,1708688
2021-06-23,2881.045654296875,2940.7620256141804,2876.628769307968,2940.7620256141804,1467104
2021-06-24,2980.16064453125,2988.4643018161614,2896.151408071027,2901.0099814260343,4155204
2021-06-25,2986.52099609375,3003.17252309465,2959.312941438819,2981.618210624291,2722861
2021-06-28,2947.60791015625,2995.972796072502,2944.295246737329,2995.972796072502,1355238
2021-06-29,2951.22998046875,2973.7118807948364,2938.553434922606,2952.245777697685,1497322
2021-06-30,2955.558349609375,2987.5807631708603,2949.153866897078,2955.7791938408336,1693146
2021-07-01,2951.804443359375,2969.913673073236,2943.7216295348694,2966.380164836385,990310
2021-07-02,2937.6259765625,2950.214098705569,2910.903822539493,2942.5287620044955,1682274
2021-07-05,2933.6953125,2980.514298215899,2916.911147809395,2952.2462313685637,1972858
2021-07-06,2881.841064453125,2939.878894936464,2876.3641697416374,2926.628238859527,2159420
2021-07-07,2893.01513671875,2899.8613076965835,2863.5546464924696,2893.0593486974058,2640710
2021-07-08,2878.484130859375,2913.3775244972285,2854.986214952416,2913.3775244972285,2485811
2021-07-09,2834.005615234375,2899.2430878632313,2827.6895564443034,2870.9750260680994,6365067
2021-07-12,2820.710693359375,2858.607473787245,2816.5146533406823,2857.7240969412046,1892226
2021-07-13,2815.80859375,2839.1738738783592,2804.72216850149,2839.1738738783592,1809339
2021-07-14,2839.65966796875,2846.240783692496,2813.555833662507,2815.322587718182,2044279
2021-07-15,2835.587158203125,2861.1725983413016,2827.6637229336393,2857.410052686177,2232968
2021-07-16,2828.372314453125,2850.549246811429,2825.893417350475,2844.484821411991,1256526
2021-07-19,2819.342041015625,2832.798632124754,2811.72833250103,2815.269552063374,1597058
2021-07-20,2838.110595703125,2846.2553578539632,2794.155076123223,2819.3421743627855,1811945
2021-07-22,2847.450439453125,2855.063931743701,2824.1225693914685,2824.1225693914685,2859334
2021-07-23,2844.3515625,2869.759766579906,2838.8624999266235,2859.534453094165,1776193
2021-07-26,2830.806640625,2854.444237512469,2824.8751412021347,2832.9755943366367,1259611
2021-07-27,2817.88134765625,2841.8288897839234,2798.581656516541,2832.975840283039,1121367
2021-07-28,2831.028076171875,2836.9152673506533,2773.129005543344,2822.3520448513914,1660654
2021-07-29,2829.257080078125,2855.50628054373,2824.3879037521106,2833.196643150491,1731997
2021-07-30,2804.15869140625,2853.7800694857933,2799.6437665357093,2849.7961978206204,2999943
2021-08-02,2850.150146484375,2855.019322815732,2803.760262073905,2815.2692243116567,2608669
2021-08-03,2908.137451171875,2912.6525917970707,2849.751646852832,2858.64900270904,3804735
2021-08-04,2898.443603515625,2926.109378484922,2887.1559673281517,2921.505836757805,2929598
2021-08-05,2907.297119140625,2934.7858807994226,2888.3073713749973,2899.3736831427177,2534521
2021-08-06,2930.181884765625,2942.753169760051,2890.5201863016146,2897.2042808024594,2292362
2021-08-09,2941.6025390625,2954.262442321804,2930.3592100944475,2942.6648617114934,1510489
2021-08-10,2951.517822265625,2965.6827001982383,2935.3169160413063,2935.3169160413063,2040777
2021-08-11,2960.636474609375,2974.624334648893,2945.4978911610087,2965.7712860338665,1929707
2021-08-12,2967.3203125,2981.706515253226,2944.523714291042,2944.523714291042,1310205
2021-08-13,3066.1650390625,3080.861187504432,2972.4113324845202,2975.2885735360687,4363584
2021-08-16,3074.618896484375,3093.5645466358237,3042.3495835876647,3063.154243914832,2083489
2021-08-17,3145.53271484375,3152.393828029611,3065.8109629209002,3082.7203734861305,4336019
2021-08-18,3152.171875,3182.670580449976,3130.968869437291,3163.946471418309,2631309
2021-08-20,3151.24267578125,3164.9649012271298,3098.567036166421,3103.8788653712777,2836148
2021-08-23,3220.207763671875,3251.7247026771975,3153.3672477306477,3169.3913519151556,3744176
2021-08-24,3198.783447265625,3246.7228346734682,3182.139672824167,3237.559843001873,2511141
2021-08-25,3239.330810546875,3273.6363773434564,3193.339261643497,3195.9508680170043,2123263
2021-08-26,3250.706787109375,3264.6503388708297,3229.503562472118,3240.2158378999643,1902533
2021-08-27,3293.466552734375,3301.744239038429,3232.33642943804,3245.5273844523076,3944728
2021-08-30,3276.779052734375,3311.3502521292385,3264.6504188945714,3288.907686574179,2033114
2021-08-31,3352.16259765625,3367.788358369069,3278.6822930983203,3283.949813871985,3207480
2021-09-01,3288.86328125,3378.943051708718,3281.8251507662603,3360.6172841404705,2643336
2021-09-02,3396.693359375,3416.524101420133,3295.1046285511825,3305.728286676549,3403717
2021-09-03,3401.3857421875,3414.532390299756,3368.186808360249,3386.2912503795983,1746812
2021-09-06,3410.19384765625,3432.8577353838573,3376.5522676430264,3408.1576035329426,1723693
2021-09-07,3378.234375,3426.0851408991393,3371.461879985868,3420.817620761608,1585039
2021-09-08,3341.273193359375,3377.4379827229823,3325.2049968827055,3373.0114584992302,4147175
2021-09-09,3356.544921875,3371.860739920555,3333.172958897649,3355.0399467680836,1441148
2021-09-13,3404.30712890625,3410.5483552564024,3334.94340668906,3334.94340668906,1691473
2021-09-14,3440.20556640625,3449.589883006759,3386.2905947647514,3408.3789045668846,1991188
2021-09-15,3500.982177734375,3523.513141909009,3422.588393623173,3436.8418875120715,2461369
2021-09-16,3455.610595703125,3525.062720600188,3445.6952242336656,3479.2481928696525,2946666
2021-09-17,3388.814453125,3492.5278358637233,3368.585149673376,3470.3952133297325,6477148
2021-09-20,3384.962646484375,3427.0146213001217,3371.107713869043,3372.1257278564103,2002008
2021-09-21,3419.888427734375,3427.5021361240147,3383.325293125468,3415.506211825673,1568129
2021-09-22,3419.1796875,3449.8999355392543,3410.592274568024,3419.489630621101,1744067
2021-09-23,3425.4658203125,3434.09754267421,3395.1441289393133,3426.1297989557083,2003869
2021-09-24,3427.280517578125,3491.9961688146536,3412.850006101466,3443.8356741205457,2320754
2021-09-27,3396.870361328125,3456.230094055496,3366.7256883097275,3452.6888746968325,1673362
2021-09-28,3345.69921875,3408.423144104183,3320.9993037196923,3408.423144104183,2253075
2021-09-29,3356.987548828125,3369.470434317807,3295.2375323295264,3328.5693913486634,2489161
2021-09-30,3342.51318359375,3368.585371427345,3319.982215598712,3368.585371427345,2252412
2021-10-01,3302.364013671875,3373.0113819065105,3297.760471811483,3348.001520610222,1578374
2021-10-04,3340.521240234375,3349.684016863548,3282.2238223122226,3297.583949784419,1356860
2021-10-05,3393.638916015625,3399.5704149180474,3312.4565094913187,3323.4342025006117,1877966
2021-10-06,3373.80810546875,3415.019088719637,3359.7318450635594,3396.029343257922,1678154
2021-10-07,3446.40283203125,3451.8032775514416,3381.908509606429,3390.7172487873872,1647233
2021-10-08,3484.25,3532.277788850689,3452.688968067958,3474.821589658137,2934339
2021-10-11,3262.87939453125,3326.532721970496,3240.2155056319402,3324.3194600130973,11845402
2021-10-12,3233.885986328125,3281.8251586645006,3214.187952937166,3280.939853792997,5752877
2021-10-13,3235.96630859375,3253.8937321613757,3226.9362421726487,3231.362766510334,3545655
2021-10-14,3203.368896484375,3255.3029971474057,3200.4861349746393,3215.387837781838,6442299
2021-10-18,3235.034912109375,3239.957825124647,3194.4988931682005,3196.27290026894,3590107
2021-10-19,3223.504150390625,3273.1321766557753,3215.5655112250456,3254.416313470081,3135441
2021-10-20,3201.06298828125,3219.8230275642086,3173.9649853308347,3203.856962964717,2933693
2021-10-21,3133.339599609375,3199.820463019318,3114.490776823331,3196.849131476955,4871211
2021-10-22,3103.49267578125,3159.152152457809,3091.207589128404,3157.7328600565615,2691670
2021-10-25,3098.258544921875,3117.4179053679563,3060.1617914377334,3107.1729725815594,2595594
2021-10-26,3089.078369140625,3130.2352434991762,3082.3370561517813,3099.633623805007,3878763
2021-10-27,3095.420654296875,3114.491230718505,3089.433380304038,3089.433380304038,2510813
2021-10-28,3035.015380859375,3120.478253064307,3029.116894319104,3120.478253064307,2424942
2021-10-29,3013.816162109375,3069.9191338563896,3003.3494774292535,3015.856313483621,3960501
2021-11-01,3083.578369140625,3092.9806913019947,3027.2980497145672,3049.4731335352008,2020718
2021-11-02,3090.49755859375,3116.5755914866954,3077.6804012995885,3099.190236224732,3087414
2021-11-03,3097.637451171875,3122.163007194853,3074.398006696573,3108.237097900968,1537639
2021-11-04,3112.184814453125,3116.265117267384,3108.9473382259107,3115.9989729006115,328991
2021-11-08,3106.95166015625,3147.088570475876,3087.8366904944155,3147.088570475876,2526082
2021-11-09,3109.568359375,3135.5576071808837,3100.964468091759,3111.6085108884126,1782692
2021-11-10,3090.586669921875,3121.986510569045,3086.94986856028,3102.7385758648256,1516489
2021-11-11,3094.0458984375,3113.427013620151,3047.744354064243,3086.7725122652982,1284514
2021-11-12,3127.618408203125,3134.8030058714526,3091.8277340904806,3109.833946572736,1747259
2021-11-15,3151.78955078125,3166.2477510085714,3129.3483191275823,3129.3483191275823,1809157
2021-11-16,3154.539306640625,3171.525554383202,3141.7665422714635,3165.7156378788404,2013204
2021-11-17,3123.938232421875,3160.2612070404125,3110.1896751246286,3149.3954117571047,1632914
2021-11-18,3082.958251953125,3123.0065929021084,3061.5815959383253,3117.9504993315195,2136598
2021-11-22,3067.613037109375,3118.6601354949016,3051.5584025436406,3085.35310837777,3167936
2021-11-23,3072.80224609375,3087.6151630225495,3022.7309357804584,3055.727426655977,2153461
2021-11-24,3054.21923828125,3098.347663033605,3037.100027177156,3079.853553174247,2161746
2021-11-25,3056.525390625,3071.693237675039,3046.0145286811985,3054.7513835573277,1849619
2021-11-26,3057.368408203125,3095.642526457509,3026.3674595161992,3037.9872931567247,1941251
2021-11-29,3106.286376953125,3130.546010236377,3021.5331459445556,3057.634146477923,2981745
2021-11-30,3130.368408203125,3161.0588168343756,3096.529310296403,3096.529310296403,5588446
2021-12-01,3173.521728515625,3184.3431298243586,3135.5579286710604,3135.5579286710604,2102118
2021-12-02,3231.26513671875,3235.7889414326537,3170.2394658907515,3183.633089526473,3152938
2021-12-03,3229.092041015625,3251.7106316157765,3220.5769368394936,3234.414062333308,2486263
2021-12-06,3136.798828125,3244.6585313150194,3124.0260654159374,3229.0915778827693,1849642
2021-12-07,3179.464599609375,3191.439148945329,3126.0670229182915,3159.950519210043,1484458
2021-12-08,3217.0732421875,3234.414205727127,3194.0999357691167,3194.0999357691167,1428660
2021-12-09,3194.764892578125,3224.036008412116,3163.054517091301,3202.082671536623,1567957
2021-12-10,3225.854736328125,3230.467111738171,3171.12665750973,3179.907906529748,1510718
2021-12-13,3201.77197265625,3248.2066906971236,3194.7203384161626,3237.562649111005,1883864
2021-12-14,3214.32373046875,3224.258127606222,3172.5457737481966,3197.648019262842,1747007
2021-12-15,3166.913330078125,3213.6139821147945,3156.0917131195874,3210.9529713650445,1603233
2021-12-16,3176.891845703125,3200.7077599220047,3166.602518405637,3177.2465604843114,2072320
2021-12-17,3179.330810546875,3238.760039975643,3169.8840941458316,3195.4298360766725,4333992
2021-12-20,3154.983154296875,3198.53511955677,3113.515734208334,3183.4560577063917,2312310
2021-12-21,3200.574462890625,3229.756788597491,3163.408889902087,3177.822695383387,2340989
2021-12-22,3220.488037109375,3225.8544517275404,3198.756450823021,3214.500763336604,1224328
2021-12-23,3248.828125,3255.746796566607,3219.823149853367,3235.7892150592515,1792861
2021-12-24,3256.100830078125,3286.3477338995476,3232.9501703058754,3268.6076651605485,2209923
2021-12-27,3278.453857421875,3281.9130845923037,3240.312705357694,3256.189982037391,1534135
2021-12-28,3287.72314453125,3304.088317180793,3276.458242438429,3290.783263554562,1456218
2021-12-29,3277.211669921875,3299.608507488964,3268.607779592957,3275.0385547359824,1456923
2021-12-30,3311.849609375,3317.393381737529,3264.173167057248,3265.3707085089977,1966475
2021-12-31,3315.9296875,3335.133227039575,3309.676269388582,3319.8768098436235,1207141
2022-01-03,3386.357666015625,3397.2234590635435,3321.8281603636997,3326.2631779342787,2346158
2022-01-04,3445.78662109375,3449.689349616876,3380.9909763489923,3398.1989730548594,2488606
2022-01-05,3424.6767578125,3432.7041842932135,3381.6126865567003,3428.2691659672532,1733031
2022-01-06,3377.2216796875,3401.6586712099115,3345.7774466241945,3381.2575892183004,1810293
2022-01-07,3418.068603515625,3428.1803586173028,3367.4206079125356,3388.353980908184,2460591
2022-01-10,3441.44091796875,3528.500232508882,3424.7208139056797,3528.500232508882,3937092
2022-01-11,3473.4169921875,3481.4888108289488,3420.285568039854,3420.285568039854,1906106
2022-01-12,3423.744873046875,3485.0369042039447,3403.0334703465164,3481.4888900484816,3203744
2022-01-13,3457.45068359375,3479.71455695481,3421.17232887451,3475.279539676,6684507
2022-01-14,3519.76318359375,3527.6132519299485,3423.8782261400397,3439.6669332386305,3348123
2022-01-17,3564.99951171875,3586.15462873725,3514.573500012568,3541.538315867923,3442604
2022-01-18,3539.67578125,3585.001524117824,3530.273458783575,3578.1272479103936,2389041
2022-01-19,3478.409912109375,3564.91152862164,3474.722465771417,3564.91152862164,3102539
2022-01-20,3400.127685546875,3483.1637786694,3386.3105001298686,3474.2781567850393,6176776
2022-01-21,3406.30322265625,3422.3418138894167,3350.8570276785663,3382.756324156083,3112358
2022-01-24,3351.078857421875,3420.653098273078,3323.3112910112377,3412.078560539118,3258414
2022-01-25,3349.790771484375,3384.888980694485,3307.4063951415274,3349.43543335464,3330501
2022-01-27,3242.585693359375,3317.3581176759967,3221.1270024404544,3315.2256551137434,5718297
2022-01-28,3278.8388671875,3314.159213319958,3239.6976603507437,3239.6976603507437,3143862
2022-01-31,3319.890380859375,3339.216607900845,3306.695145967757,3331.219548435409,2739393
2022-02-01,3377.114013671875,3383.6450329539907,3320.023889363237,3349.8796676041347,2105169
2022-02-02,3426.47265625,3433.4034830653636,3377.1129949842298,3401.3263088852473,1984212
2022-02-03,3398.395263671875,3449.842931105823,3390.7980130574983,3421.8532202674887,1960538
2022-02-04,3389.77587890625,3398.4838319273167,3348.990960352186,3390.13143394976,2307366
2022-02-07,3357.876708984375,3404.7928386994317,3337.572975002385,3368.539455877154,1919149
2022-02-08,3326.287841796875,3376.2694613033686,3306.339665487328,3369.02776676185,2946443
2022-02-09,3341.482421875,3356.9433164433626,3328.642742250787,3332.1080478469007,1638721
2022-02-10,3350.190673828125,3367.4731657279976,3339.2168435690846,3367.4731657279976,2112459
2022-02-11,3283.192626953125,3334.329421359059,3278.794287758808,3334.329421359059,3851488
2022-02-14,3317.66845703125,3370.537897457995,3296.565108961751,3309.0049772974558,5951745
2022-02-15,3392.352783203125,3407.63600953311,3330.331098756218,3364.096462084056,3931683
2022-02-16,3388.1767578125,3424.6078095847042,3381.867879146584,3415.633244203749,3256906
2022-02-17,3362.4970703125,3407.6360739487654,3357.876590209227,3398.7504518524192,3134372
2022-02-18,3371.115966796875,3390.708806246124,3338.8613332210016,3348.9908552959514,3688883
2022-02-21,3304.91796875,3401.238235819317,3292.6115131522834,3385.421786187314,7465922
2022-02-22,3186.739013671875,3259.1568244811297,3172.1666820740847,3243.2516497396105,5408531
2022-02-23,3166.657958984375,3219.171853968917,3159.4160470145603,3208.5980507387485,2426203
2022-02-24,3022.577392578125,3095.617375865612,3013.203235313269,3086.8649517934127,5039136
2022-02-25,3128.4052734375,3136.6244735452315,3076.20224572623,3081.533618769083,2549723
2022-02-28,3158.12744140625,3166.6132530334003,3070.7817416818107,3101.081796727202,3288942
2022-03-02,3150.974609375,3173.8995564350007,3115.2989255099646,3156.617065851155,2761341
2022-03-03,3149.419677734375,3179.8086775840598,3136.713412213718,3165.813823365856,1928039
2022-03-04,3131.604736328125,3164.3481280471465,3098.461318013042,3111.301000302167,2370257
2022-03-07,3096.5498046875,3152.6181568779925,3049.145149428159,3065.5390758819262,3054130
2022-03-08,3198.779296875,3206.8208277906424,3074.4250662664513,3074.4250662664513,3300992
2022-03-09,3227.790771484375,3246.8059136522093,3196.2023454400996,3203.2663707488273,2719654
2022-03-10,3217.439208984375,3273.4630982851195,3212.152307356326,3273.4630982851195,2005441
2022-03-11,3198.06787109375,3234.2325184432216,3192.47010397876,3201.711062107901,1623423
2022-03-14,3237.031982421875,3241.7858768007827,3181.0525657618205,3181.0525657618205,1765688
2022-03-15,3193.403564453125,3251.2490497339313,3185.8507858462003,3251.2490497339313,3651133
2022-03-16,3248.494384765625,3259.2460739095877,3213.2629811274664,3234.81061397706,3090475
2022-03-17,3263.466552734375,3296.565491973189,3252.4039976373524,3284.6588462421337,3600452
2022-03-21,3222.54833984375,3300.075388245015,3212.1522059664503,3284.1257408719225,2413831
2022-03-22,3288.52392578125,3297.454018450051,3221.037676335606,3234.3661080997535,2907611
2022-03-23,3298.69775390625,3314.15886414101,3278.794050239412,3294.788167557653,1596195
2022-03-24,3331.97509765625,3339.394461966447,3283.2373735512606,3287.6801846115463,1879046
2022-03-25,3294.2998046875,3358.320753023483,3262.80031885229,3340.904847554434,1690133
2022-03-28,3294.52197265625,3299.2313956274616,3253.203831019655,3283.2372762842633,1760990
2022-03-29,3292.43408203125,3307.228556100982,3279.6831275036875,3283.0152358017476,2689063
2022-03-30,3315.71435546875,3321.445538331854,3293.189216689556,3321.445538331854,1583455
2022-03-31,3323.178466796875,3336.2402889696646,3305.62936170827,3323.2229382978535,2168110
2022-04-01,3339.882568359375,3343.6589570299507,3312.6037571140328,3330.330526427918,1387014
2022-04-04,3350.190673828125,3358.7652125309046,3320.6459798290102,3342.7710924712337,1472994
2022-04-05,3389.68701171875,3408.1691482536567,3351.656507431064,3351.656507431064,2314947
2022-04-06,3336.861572265625,3384.7994513473627,3315.3581971661897,3384.7994513473627,2051729
2022-04-07,3273.596435546875,3328.1098148423775,3269.0204268602606,3328.1098148423775,2494829
2022-04-08,3274.9287109375,3292.1224737888224,3236.5873443389437,3278.7940427208514,2296773
2022-04-11,3284.4814453125,3298.654186881885,3248.6725598448093,3278.794733632162,2291660
2022-04-12,3279.771728515625,3322.333767297896,3241.78569787856,3272.574288568642,4483476
2022-04-13,3253.8701171875,3296.432374272563,3248.1834062092184,3293.89988537501,1621672
2022-04-18,3134.891357421875,3207.7089734177675,3129.9597946991926,3207.7089734177675,3820792
2022-04-19,3084.99853515625,3166.4353782692338,3055.8981276363893,3154.3953189467165,3170014
2022-04-20,3160.43798828125,3171.4116009849918,3092.196369835976,3109.96761334078,2640370
2022-04-21,3224.28125,3237.9207670078954,3169.856813397576,3181.0527842723013,2280996
2022-04-22,3209.9755859375,3213.929644546312,3173.500062343697,3182.0303466809823,1581465
2022-04-25,3152.797119140625,3184.607697000852,3139.379956827722,3161.5050741989485,1960694
2022-04-26,3151.108154296875,3188.0722114341042,3126.094998356819,3176.743043452235,1943469
2022-04-27,3164.34765625,3170.7897321857427,3115.5656783516138,3150.841554226717,1727648
2022-04-28,3184.873291015625,3202.733259696587,3143.777292437707,3188.160927515036,1703660
2022-04-29,3151.46337890625,3219.4828558444133,3142.7111717645585,3196.1580990746857,2051115
2022-05-02,3147.642333984375,3152.573897085291,3103.5253119643658,3127.6496864948044,1324161
2022-05-04,3091.973876953125,3150.3523618271915,3079.1341983708458,3144.176898799808,2305825
2022-05-05,3121.87451171875,3139.290418532952,3096.950514238651,3120.719554345007,1612262
2022-05-06,3050.078857421875,3087.309528817,3042.8814164437517,3073.536813981293,2010812
2022-05-09,3061.185546875,3070.8707875272926,2973.8843157191677,3019.3341828755033,2481830
2022-05-10,3055.543212890625,3078.6903011908057,3040.6597962956653,3051.32254251295,1622685
2022-05-11,3031.774169921875,3064.1622181217003,3005.2505019723253,3052.211100141161,1841769
2022-05-12,3028.796630859375,3065.2721426160238,2976.7715017743844,3001.562293624833,2807195
2022-05-13,3034.350830078125,3056.56488405373,3005.250419370082,3052.21101624816,2187823
2022-05-16,3000.496826171875,3047.7682909715472,2991.433535282342,3034.439858212196,1195813
2022-05-17,3066.96142578125,3080.645197108395,2977.0387561429793,2994.4546623176498,1754076
2022-05-18,3064.472900390625,3105.524424503682,3059.3636685048177,3078.867562490775,1866781
2022-05-19,2898.445556640625,3025.5544285146852,2870.056036447117,3018.445930591596,4642963
2022-05-20,2926.035888671875,2944.606755458255,2905.643425637507,2941.1414489838767,3065125
2022-05-23,2951.581298828125,2966.8200528085695,2902.9325214936357,2936.5202138894765,2293690
2022-05-24,2921.592041015625,2954.3356395628116,2910.573958291516,2945.7164140697164,1711510
2022-05-25,2833.61376953125,2945.611309765418,2821.4480525569816,2945.611309765418,3548046
2022-05-26,2886.659912109375,2899.675621465552,2845.152996895877,2854.5009742701145,2813186
2022-05-27,2917.38818359375,2933.132090597313,2888.673117763423,2910.142260546347,3103153
2022-05-30,3019.3212890625,3029.474490006565,2939.796107893087,2949.3229509041,2094624
2022-05-31,3009.571044921875,3026.612000510551,2974.3705125505267,3000.446485475332,4840965
2022-06-01,3001.385986328125,3030.727190529451,2987.8336778962866,3030.727190529451,1493835
2022-06-02,3062.0361328125,3070.0870604184925,2993.424382338286,3001.2069020116674,2657939
2022-06-03,3077.377685546875,3110.6102582693384,3069.371528604616,3094.5977259894203,1913622
2022-06-06,3069.14794921875,3088.872766865215,3021.021246154396,3057.563601837621,1084210
2022-06-07,3008.095458984375,3058.3244425730218,3002.1020331693508,3042.401450088687,2308256
2022-06-08,3045.174072265625,3053.940682272369,2993.6034913799344,3023.704930238696,2185707
2022-06-09,3065.703857421875,3074.5597904085103,2999.5073417133417,3028.043319910622,1279197
2022-06-10,3005.590576171875,3035.200190885872,2998.523737061433,3025.3601666890713,1527582
2022-06-13,2880.08544921875,2945.7451536237168,2855.7983516097243,2943.0615109086025,3030921
2022-06-14,2871.989501953125,2897.3497923832656,2839.9198869193006,2853.606507263308,2611493
2022-06-15,2868.188232421875,2892.9671591535985,2863.4470861010104,2879.1016702955644,1404536
2022-06-16,2810.668212890625,2902.6725095727124,2802.6620565361654,2898.3338668891233,2032028
2022-06-17,2763.16796875,2789.870301721433,2704.9778226240087,2765.9411536425396,5240434
2022-06-20,2784.189453125,2807.760866274094,2745.366180356892,2767.729867065567,1502769
2022-06-21,2873.2421875,2896.321559800145,2795.8190472258425,2799.934053640477,2964461
2022-06-22,2883.082275390625,2907.771877636186,2847.345140817848,2862.462908590004,3336315
2022-06-23,2959.87890625,2968.108699833873,2883.0819135631095,2883.0819135631095,3692578
2022-06-24,2945.834716796875,2992.261648742065,2931.8796872203643,2986.8943632734695,2132118
2022-06-27,2965.156982421875,3008.2741344642945,2957.821735542528,2996.73455740737,2037686
2022-06-28,2968.242431640625,2978.842905916221,2927.4959714126285,2958.2683152747577,1400046
2022-06-29,2943.5087890625,2981.5270609163695,2926.065111388372,2926.065111388372,2133994
2022-06-30,2922.576416015625,2961.757424365387,2911.75230319857,2926.959611694538,2719603
2022-07-01,2965.514892578125,2981.5272075648168,2909.1136216452282,2916.225231521543,1502879
2022-07-04,2893.906005859375,2968.0639081040827,2884.960530635869,2962.741394025175,2622535
2022-07-05,2877.13330078125,2926.9595551529096,2868.7691939118813,2911.752246950709,2170627
2022-07-06,2916.896240234375,2923.8289844992887,2864.5652028798677,2879.1016021450087,2182144
2022-07-07,2941.138671875,2969.3614764130343,2920.742941127774,2926.06545613533,1989921
2022-07-08,2921.10009765625,2956.479495050684,2907.27938242503,2952.006757539261,2136916
2022-07-11,2785.442138671875,2884.9157801887623,2778.464624268619,2868.053471913843,6974600
2022-07-12,2759.410888671875,2805.480089247644,2755.4301956021764,2786.4261820294582,3734815
2022-07-13,2718.306396484375,2782.04291010001,2714.9518431361835,2776.675624742904,3863530
2022-07-14,2689.605712890625,2741.850659210218,2661.1288537378855,2740.9537502605253,4764908
2022-07-15,2685.883544921875,2716.6473457633606,2648.5720461846936,2707.3644698054904,4574806
2022-07-18,2747.68017578125,2759.7435556409487,2703.552305539903,2711.3553684957465,3202795
2022-07-19,2757.321533203125,2761.5369602410087,2717.678213000559,2717.678213000559,1865074
2022-07-20,2838.536376953125,2844.949185845084,2778.6677279900478,2787.4125868273513,3402251
2022-07-21,2849.74853515625,2855.757780661632,2819.9263158701324,2840.5103301995564,2420640
2022-07-22,2844.097900390625,2867.417529974402,2819.4329075616306,2856.6546240126586,2075886
2022-07-25,2840.2861328125,2857.9551935626573,2824.4557790199847,2838.716542307275,1797504
2022-07-26,2794.678466796875,2842.2146404168366,2777.27852102286,2838.4476666790706,2639367
2022-07-27,2860.107421875,2864.816192593285,2789.3860826411606,2793.8706261823845,1389808
2022-07-28,2924.371337890625,2927.5105189004753,2871.5881638933847,2884.4588936225273,2106333
2022-07-29,2961.50341796875,2975.315946452222,2937.3766560770605,2950.8302896163445,2430257
2022-08-01,2958.722900390625,2984.0156856722806,2933.78879105321,2984.0156856722806,1306913
2022-08-02,2952.4443359375,2971.368979620975,2934.3714928201657,2950.829856355455,1269114
2022-08-03,2995.227783203125,3003.7484192086436,2939.215856624392,2941.8616945369813,2895824
2022-08-04,3009.084228515625,3038.6373306019964,2966.39149968863,3004.64457361168,2150567
2022-08-05,3018.14306640625,3028.861083003313,3009.1290889772326,3014.689879862934,1106933
2022-08-08,3026.57373046875,3030.5649306683526,2992.0876323376488,3018.097986455692,1068836
2022-08-10,3008.45654296875,3036.0364904074586,2991.1910474176884,3036.0364904074586,1878359
2022-08-11,3069.670654296875,3075.2314455811347,3027.1123715619956,3049.490204414719,1449248
2022-08-12,3050.880615234375,3066.531632271564,3032.673320157422,3066.531632271564,1472354
2022-08-16,3042.94287109375,3062.8095351985526,3038.2789884704052,3059.35634824282,839942
2022-08-17,3050.476806640625,3065.589589525235,3023.56954088203,3036.126264902708,1622326
2022-08-18,3032.67333984375,3042.3151109057303,3015.407842825786,3040.521293033734,1430659
2022-08-19,3036.708984375,3068.7734741310087,3023.7038067117237,3037.830120380455,1398410
2022-08-22,3008.7255859375,3035.22928589152,3002.3125563634576,3018.0982394990715,1536532
2022-08-23,2945.98681640625,2997.3795169400164,2932.8918599626186,2977.6924120107906,1849256
2022-08-24,2919.75244140625,2966.9746068558716,2915.13322924158,2952.624064621986,1691923
2022-08-25,2886.431640625,2940.20127537172,2883.3373492906517,2938.2730091845947,1946930
2022-08-26,2890.019775390625,2921.2322484903357,2885.1765549837287,2900.8724605252028,1457962
2022-08-29,2809.612060546875,2818.7155984293877,2763.3763622653864,2802.8403544561284,2539173
2022-08-30,2880.109130859375,2893.8767710393245,2818.177742100671,2829.747780142281,3431525
2022-09-01,2808.84912109375,2861.13894561839,2799.2522411520363,2861.13894561839,3546935
2022-09-02,2807.68359375,2836.922912111712,2798.624945047044,2836.922912111712,2052900
2022-09-05,2810.37451171875,2823.424581178521,2791.404974371233,2801.62964915947,2147912
2022-09-06,2804.678955078125,2817.0563414080293,2786.112985069215,2812.257791314557,1936453
2022-09-07,2824.904052734375,2835.935855830716,2782.211106134661,2782.211106134661,1291534
2022-09-08,2842.886474609375,2855.3087472615875,2834.321171999399,2843.200480232207,1346113
2022-09-09,2885.938232421875,2900.154323109825,2841.855256772377,2865.623337663798,1561185
2022-09-12,2908.630126953125,2932.7122139820603,2892.5306590174614,2905.8945115277447,1785928
2022-09-13,2896.432373046875,2927.016830182846,2892.5307323772486,2927.016830182846,1972678
2022-09-14,2798.714111328125,2817.549195989468,2792.794644674827,2811.8090673004745,5090269
2022-09-15,2784.3193359375,2814.2760067345016,2780.417694487118,2807.3249624982836,2138023
2022-09-16,2698.529541015625,2775.349913346331,2690.7264780237324,2758.8915488003336,5322221
2022-09-19,2716.55810546875,2728.3972608338004,2679.784835352318,2723.0158066704203,2072220
2022-09-20,2726.872314453125,2762.4346666011033,2717.63410850771,2735.5722874417543,1544295
2022-09-21,2691.802978515625,2727.8586729249173,2689.0673625441004,2715.8401811124536,2253818
2022-09-22,2697.36376953125,2717.5891092550232,2672.1607605323097,2681.757642079149,2017983
2022-09-23,2674.626708984375,2710.9066231407205,2671.8910935769086,2694.3138117170306,2652374
2022-09-26,2685.703857421875,2713.9118168201303,2624.445156215398,2654.715830856097,2925489
2022-09-27,2706.37744140625,2713.1491467072833,2669.2006150746693,2699.1572817008023,2227447
2022-09-28,2722.701416015625,2735.5272570862203,2672.7885232951976,2672.7885232951976,2739767
2022-09-29,2688.30517578125,2740.819237350906,2681.7576968073727,2739.159868244052,2493902
2022-09-30,2694.807861328125,2708.395944492263,2645.9712122185083,2682.5202523624566,2817353
2022-10-03,2677.2275390625,2709.2920245939604,2667.4064327430374,2686.2415151531263,1763331
2022-10-04,2772.480224609375,2778.624138974122,2711.355962594826,2717.5894364782553,2145875
2022-10-06,2782.16650390625,2801.94338884146,2773.6458694011303,2790.2835732028752,1790816
2022-10-07,2748.935546875,2784.9016754249496,2742.8367425378724,2778.0850813198663,1939879
2022-10-10,2797.05517578125,2804.634011871847,2695.2111306923252,2699.6956750029613,3064063
2022-10-11,2753.106689453125,2820.778420484031,2738.5768094281584,2780.417520985849,4730645
2022-10-12,2781.090576171875,2789.297205916645,2746.3802417358793,2766.874480961619,1665247
2022-10-13,2783.37744140625,2789.386687259664,2737.679976610315,2781.0902799100977,2054781
2022-10-14,2779.65478515625,2825.2626846544204,2754.4068903408647,2820.7781407105244,2245977
2022-10-17,2798.179443359375,2813.1515376703646,2761.940424094576,2763.019456376146,1517005
2022-10-18,2827.80908203125,2837.386015099938,2813.2866025480944,2832.5750458574003,1793722
2022-10-19,2807.261474609375,2840.6677838083356,2798.403970627268,2840.6677838083356,1194289
2022-10-20,2839.13916015625,2841.5670374514175,2792.1093833185605,2792.1093833185605,1587601
2022-10-21,2821.24462890625,2841.9269226796287,2811.8927230154723,2839.5890559762415,1021913
2022-10-24,2843.095458984375,2857.752951953399,2837.070661866889,2850.649122739115,260949
2022-10-25,2843.455322265625,2863.373179310594,2833.608577956596,2860.001066749578,2069643
2022-10-27,2839.228759765625,2854.156065820698,2818.5016835637316,2842.1962627209805,2438421
2022-10-28,2844.48974609375,2858.2030057564166,2828.078796005641,2832.574946714712,1355739
2022-10-31,2871.37646484375,2876.637048668789,2857.5734147297503,2876.637048668789,1919414
2022-11-01,2931.220458984375,2933.8283581273604,2880.6387633413156,2890.575300348696,2991060
2022-11-02,2915.0341796875,2940.482435498772,2897.364395986869,2940.482435498772,1405955
2022-11-03,2883.605712890625,2902.7593552031317,2873.0397607189666,2902.7593552031317,1422652
2022-11-04,2893.182861328125,2895.565952837209,2847.0973182984712,2892.823257100407,1464013
2022-11-07,2907.840087890625,2916.023168933433,2873.1299406493004,2903.6137506809055,1474498
2022-11-09,2891.96923828125,2922.318256583237,2879.0201920825657,2922.318256583237,1162267
2022-11-10,2882.61669921875,2900.01688836437,2850.5592360046676,2850.5592360046676,1573092
2022-11-11,2981.801513671875,3004.866893650238,2927.0384974427284,2940.122337144341,3265394
2022-11-14,2999.381591796875,3011.5211965005947,2975.5519973784617,2989.0404470492617,1342074
2022-11-15,2996.774169921875,3003.3833791047664,2960.26534186353,2986.3430134656087,1400708
2022-11-16,3017.231689453125,3028.516851149373,2986.7476584957576,3002.439179238099,1748235
2022-11-17,3011.521728515625,3021.413260021648,2983.4207867371497,3003.428657283424,1417986
2022-11-18,3006.53076171875,3023.8859461395887,2986.3430903663884,3012.4207626399884,1164540
2022-11-21,2952.62158203125,2997.7628822435213,2943.17966742448,2987.69155057068,1304194
2022-11-22,2980.902587890625,2984.4995080635367,2927.218598217636,2949.4745417875265,1149739
2022-11-23,2974.922607421875,2994.435854215807,2959.3658847520182,2994.435854215807,1150011
2022-11-24,3039.532958984375,3051.0431497787886,2974.923399003762,2982.0722353889396,1296591
2022-11-25,3048.07470703125,3060.3943329562003,3010.621867492711,3042.094915689319,1588981
2022-11-28,3053.110595703125,3072.6688478072538,3026.403509151408,3026.8081187355037,2195437
2022-11-29,3054.999755859375,3083.4603033901794,3042.0957148932566,3042.0957148932566,1576028
2022-11-30,3049.109130859375,3070.780442157209,3034.9012529379065,3042.0950929448704,3410702
2022-12-01,3125.408935546875,3129.320674205069,3075.366869477395,3079.8630198713677,2180856
2022-12-02,3092.5869140625,3119.3390078373773,3069.0721362573277,3109.6274990054326,2411749
2022-12-05,3080.672607421875,3092.5874073903196,3063.677244716296,3087.0572295600364,1475065
2022-12-06,3044.20849609375,3064.5309632236253,3028.6067671234496,3057.4271337408773,1166999
2022-12-07,3039.937744140625,3051.7175282009966,3016.0181326730863,3028.87716861934,1167505
2022-12-08,3012.9150390625,3039.9369437406544,3002.93349851656,3021.4127184253575,1285619
2022-12-09,2960.940185546875,3034.0926487610736,2946.1928983587636,3034.0926487610736,1797896
2022-12-12,2955.274658203125,2963.8623493913924,2909.9985553110337,2927.4435310812128,1527610
2022-12-13,2996.324462890625,3000.235981787679,2938.503928206121,2946.9566026504367,1378016
2022-12-14,3026.22412109375,3036.7000639995404,3004.237769399859,3011.3418189511494,1213311
2022-12-15,2972.045654296875,3025.6846448877172,2966.5152571554577,3020.33426940705,1415694
2022-12-16,2913.730224609375,2960.2653805768264,2900.1967681932483,2944.9784694377604,2703680
2022-12-19,2879.379150390625,2918.450645708312,2872.5899207256825,2901.8148925283385,2120965
2022-12-20,2917.05712890625,2921.598284336248,2844.84891564421,2876.5467732997513,1529971
2022-12-21,2939.17822265625,2952.2170574887764,2913.5051625782858,2921.5982324743363,1432566
2022-12-22,2931.220458984375,2962.0640968575535,2918.0918305939645,2962.0640968575535,1384101
2022-12-23,2903.029296875,2937.6496523348455,2892.822948424004,2892.822948424004,1360281
2022-12-26,2925.105224609375,2942.280605691526,2900.061800443613,2903.029303397411,870157
2022-12-27,2931.040771484375,2943.899806965109,2905.862326446313,2939.76326032198,835883
2022-12-28,2928.88232421875,2936.975394780793,2900.916181461144,2922.317900855153,910795
2022-12-29,2939.358642578125,2941.8315255661446,2902.7150128465582,2905.5027142121367,1037927
2022-12-30,2928.5224609375,2966.5599359733387,2919.080545409243,2954.914950729539,1163131
2023-01-02,2932.7939453125,2937.649919541841,2909.1891553518903,2932.3893356780377,709547
2023-01-03,2977.665283203125,2985.443534717609,2918.271099094177,2924.2958960547185,1245178
2023-01-04,2980.6328125,2992.05320982366,2955.049761355759,2973.4839774740417,1231668
2023-01-05,2977.441162109375,3001.000949117812,2951.228470416505,2994.616326970122,1826057
2023-01-06,2887.922119140625,2968.852818264401,2877.5359688453595,2967.458967871777,2488376
2023-01-09,2985.399169921875,2991.7387865513256,2896.5551848926393,2903.614229568449,2885060
2023-01-10,2955.2294921875,2965.6606483841506,2904.6030169681453,2953.970657956924,3864655
2023-01-11,2993.267578125,3011.971610538232,2941.516835251317,2958.557423486995,2720512
2023-01-12,2998.34814453125,3012.421008591764,2981.442573769341,2993.537175403577,2250391
2023-01-13,3034.49658203125,3038.4981115465553,2971.955092826684,3006.035821355623,1742837
2023-01-16,3066.22607421875,3083.6537773238065,3033.1179513485868,3050.5456544536432,1843607
2023-01-17,3107.0126953125,3110.139707684702,3054.2237329495765,3062.5007620361607,1688475
2023-01-18,3117.680908203125,3135.108607607236,3101.356767754569,3108.484209358868,2421189
2023-01-19,3102.13916015625,3114.922484141463,3091.0110626511537,3108.484793740226,1585044
2023-01-20,3092.9423828125,3121.9577927776777,3086.044857553808,3094.6896660665084,1529349
2023-01-23,3140.58056640625,3144.3513027053577,3086.044322440379,3115.841536579629,1067916
2023-01-24,3160.261962890625,3174.6547081099407,3142.7882334602164,3149.869647323622,1387863
2023-01-25,3154.23779296875,3159.0660598724853,3131.4759632797122,3150.1453068799115,874110
2023-01-27,3137.040283203125,3169.1827036169857,3110.599771674109,3150.789304292453,1785879
2023-01-30,3157.824951171875,3180.632813128412,3113.5889568511743,3145.2715449050534,1953798
2023-01-31,3088.8955078125,3171.9417516673952,3081.8140938931406,3171.9417516673952,2820375
2023-02-01,3134.557373046875,3144.3517688563857,3085.492888129036,3092.8502482199547,2205161
2023-02-02,3182.42578125,3190.3350325720744,3145.363262166592,3151.708894962381,1813847
2023-02-03,3202.566650390625,3222.523443017251,3175.5282196617327,3222.523443017251,1804469
2023-02-06,3182.011962890625,3194.1515611886443,3160.7677220012893,3194.1515611886443,1138714
2023-02-07,3193.599609375,3212.4068130598766,3183.3451557440176,3190.242679677012,1455647
2023-02-08,3237.330322265625,3255.5396078857866,3198.658155467108,3198.658155467108,1986946
2023-02-09,3256.4130859375,3262.620857439781,3223.718777786401,3232.639530446887,1655427
2023-02-10,3253.378173828125,3257.792634083155,3226.339745096551,3237.2379228015834,1187821
2023-02-13,3202.658447265625,3263.908553895811,3194.3814179658048,3263.908553895811,1087939
2023-02-14,3218.936767578125,3241.6985980328905,3214.246361188052,3223.4430603616947,1579818
2023-02-15,3237.8359375,3242.756261571135,3182.1959052183624,3206.889133323468,1429449
2023-02-16,3272.231201171875,3287.8195594922468,3243.6754087634,3243.8592978190177,1618931
2023-02-17,3219.90234375,3254.6198842343974,3209.648113656855,3242.894092415164,1061369
2023-02-20,3207.1650390625,3239.0775411980735,3195.8990822539604,3220.6841423269884,1296082
2023-02-21,3173.781005859375,3227.029806293947,3168.0330686566454,3213.326813814157,1139541
2023-02-22,3128.3037109375,3170.102669903836,3122.279827189882,3140.6271998253364,1218430
2023-02-23,3139.569580078125,3175.0687083691123,3134.2354490208595,3146.1911593604345,1441570
2023-02-24,3127.292236328125,3158.1011855617076,3110.600313345944,3147.5710075204747,977592
2023-02-27,3064.2021484375,3117.6808616060457,3049.6252911757074,3117.6808616060457,1128022
2023-02-28,3046.728759765625,3119.52054831469,3034.8188539926205,3061.121505031087,4116217
2023-03-01,3113.7265625,3116.7615182969907,3048.705940736065,3056.0633004723813,1669307
2023-03-02,3054.637939453125,3099.1959069642853,3051.465122793596,3091.010933607377,1556538
2023-03-03,3073.674072265625,3088.2509271741164,3063.5119014582206,3084.5722482852852,1043190
2023-03-06,3100.9892578125,3131.430198902516,3089.171408964008,3091.8383620479917,1334132
2023-03-08,3118.048828125,3123.199069523481,3063.2826636402224,3093.769631883684,1844590
2023-03-09,3068.80078125,3113.0827998019863,3063.28276151623,3113.0827998019863,1648500
2023-03-10,3063.420166015625,3069.168102382361,3025.713703449837,3046.774052486052,1024404
2023-03-13,3018.310791015625,3099.103887099542,3009.1601197869472,3065.2599875458113,1901233
2023-03-14,2956.69287109375,3038.9573035005947,2951.588657947801,3016.5174464543434,2670334
2023-03-15,2941.931884765625,2998.4457784271503,2935.5862524149616,2988.927105372376,1780522
2023-03-16,2929.148681640625,2961.1532396142297,2917.1929727359693,2950.301089702708,1901060
2023-03-17,2923.90673828125,2962.62470874156,2891.4423439035454,2897.420198622175,6739966
2023-03-20,2890.798583984375,2915.0317523258964,2846.424509123387,2915.0317523258964,2289468
2023-03-21,2856.586669921875,2903.1678589753687,2848.631390837733,2890.798344143033,1815297
2023-03-22,2879.302734375,2890.9824978748425,2856.586931436793,2878.612981910102,1123939
2023-03-23,2873.646728515625,2893.603746811064,2851.896623184191,2864.6799461628207,1372218
2023-03-24,2869.829833984375,2915.3534926231273,2856.494620847771,2895.9483685231785,1329577
2023-03-27,2871.4853515625,2899.4892548960856,2856.494687402186,2883.1651142967976,1524217
2023-03-28,2865.599609375,2896.546639011127,2860.3115069743058,2875.808035994818,1303530
2023-03-29,2886.75146484375,2896.9598895039826,2854.747135211286,2877.646823573956,1740616
2023-03-31,2948.36962890625,2954.8993749774395,2898.7995113379675,2933.7009389751283,2382581
2023-04-03,2942.944091796875,2965.8898141068407,2918.8027535438537,2965.8898141068407,1521830
2023-04-05,2979.546875,3002.1248181336805,2929.60874969603,2929.60874969603,2655065
2023-04-06,2961.98046875,2995.6865015097565,2956.738395815581,2965.935093780793,1703464
2023-04-10,3001.250732421875,3009.159983559372,2956.738798026706,2961.3371476348343,2203187
2023-04-11,2955.635009765625,3010.0333915987303,2935.7240227895977,3001.8023913443953,2348779
2023-04-12,2981.247802734375,2998.99747647919,2942.023971821231,2968.6483701740635,2417727
2023-04-13,2932.689208984375,2970.5335324422176,2924.550041227942,2952.1401359565075,4174070
2023-04-17,2887.3037109375,2909.2837321918887,2823.6165690415223,2882.3375831860076,5505048
2023-04-18,2879.2568359375,2903.260312610947,2860.725575355622,2901.512804903714,2617302
2023-04-19,2841.41259765625,2887.7638770819635,2824.766480400398,2879.256929354891,3298034
2023-04-20,2855.3916015625,2862.9328510282207,2830.7443994426158,2841.7804399862516,2419999
2023-04-21,2906.938720703125,2910.2493976571473,2851.7124977803655,2860.173416034582,1929184
2023-04-24,2919.76806640625,2925.4239465242517,2875.02599070183,2897.9719345104572,1640676
2023-04-25,2920.87109375,2934.850028889906,2894.660506164397,2927.30878192892,2024090
2023-04-26,2941.2421875,2950.6688039321384,2925.469938598228,2925.469938598228,2000029
2023-04-27,2931.86181640625,2942.2081034997614,2915.951481125579,2929.1488349186,2434446
2023-04-28,2960.6474609375,2968.004820473883,2939.4950522704,2943.311592718381,2931312
2023-05-02,2960.785400390625,2975.1323416797973,2952.140592516893,2975.1323416797973,2321159
2023-05-03,2924.457763671875,2957.6579316338666,2918.249992826561,2957.6579316338666,2468285
2023-05-04,2961.98046875,2965.4292304869546,2922.7106133442976,2924.6878135953148,1953253
2023-05-05,2971.177490234375,2983.4091447657124,2952.186396679855,2961.3370672458673,1710027
2023-05-08,2989.4794921875,2993.3880898187367,2971.729815685768,2984.32925020305,928235
2023-05-09,3019.506591796875,3033.0717245857286,2985.248883567397,2991.318795508172,1107375
2023-05-10,3022.771240234375,3040.888693365604,3003.6880887487146,3025.714139172187,1559987
2023-05-11,3018.494384765625,3043.8313346801706,3009.1598253633715,3043.1876106746317,1719623
2023-05-12,3011.275390625,3025.71416407058,2998.124065310058,3015.7356552073384,1027479
2023-05-15,2993.571533203125,3027.553290878769,2987.409789819426,3020.1959317271803,1150390
2023-05-16,2996.4228515625,3021.1160819525435,2989.3414371589683,2994.6295398899356,986306
2023-05-17,2950.9443359375,3016.516835218581,2941.3338317798252,2994.398732420451,1588815
2023-05-18,2942.8056640625,2969.567922023238,2938.345175471324,2966.8089124688054,1369364
2023-05-19,2963.95849609375,2974.672561589856,2945.7489855149392,2952.1406469944154,1152449
2023-05-22,3033.715087890625,3042.6818695151333,2958.6241295338236,2970.533809965233,1333243
2023-05-23,3032.19775390625,3060.6154646158416,3025.8060928695586,3040.4287547824956,1687418
2023-05-24,3037.99169921875,3050.7289928061655,3012.838637267653,3012.838637267653,1016555
2023-05-25,3028.932861328125,3040.42873525149,3004.653665413494,3029.3926962850596,1374917
2023-05-26,3061.489013671875,3070.455795118888,3026.6336145765354,3028.932789306539,1791115
2023-05-29,3053.6259765625,3101.126836063768,3045.946643251246,3090.8265783111865,1210372
2023-05-30,3049.808837890625,3059.695287890643,3036.151876561339,3048.705279075443,1344224
2023-05-31,3025.254150390625,3060.3854958314014,3002.8600984079567,3043.1877135256354,5815424
2023-06-01,3056.982666015625,3071.6973840229207,3032.611414316042,3047.7859672610653,1177314
2023-06-02,3040.060791015625,3067.926608260491,3032.565346909803,3059.0518838880043,2030661
2023-06-05,3024.702392578125,3059.7419072973767,3021.1617980068254,3048.7058679563584,1861468
2023-06-06,2972.649169921875,3024.6565495489344,2961.8890766094332,3016.5173808287786,2022849
2023-06-07,3011.8271484375,3015.460024506568,2980.65042571226,2991.6864655482823,1567196
2023-06-08,2976.46533203125,3007.3202992735864,2973.292516070797,2999.043270926962,1759366
2023-06-09,2951.4970703125,2988.9275956039933,2947.8644186020674,2984.32924545691,1775689
2023-06-12,2986.076171875,2992.9736962713932,2953.0601115757804,2956.7387912538566,2324605
2023-06-13,2983.133056640625,3002.7220694111443,2978.810653238192,2998.1237201471154,1371928
2023-06-14,2989.892822265625,2994.3072826160305,2966.7171860869717,2983.1331588044936,1658544
2023-06-15,2979.932861328125,3008.793544788029,2974.0958056287536,3006.8016396344283,2273810
2023-06-16,2941.57568359375,2964.2751722279727,2924.0647399839595,2962.051639331026,4156189
2023-06-19,2974.466552734375,2978.635846247477,2941.6682009107667,2955.5658459544397,1468186
2023-06-20,2990.494873046875,2994.942164191664,2965.8034836575825,2977.8017372658956,1528452
2023-06-21,3018.75341796875,3021.718203335577,2987.020465383,3011.156084779186,1645987
2023-06-22,3000.50146484375,3027.509130331622,2992.7188743583506,3020.421422075228,1529603
2023-06-23,2979.9794921875,3010.600456074895,2973.308441549502,2999.3898246945273,1119505
2023-06-26,2955.2412109375,2977.7090684012846,2939.8149168077966,2969.463223564131,1978803
2023-06-27,2962.375732421875,2973.7716202061024,2948.431716890738,2966.6839118331172,863542
2023-06-28,2979.14501953125,2993.5059172295346,2958.7154391788054,2972.242568780507,1575872
2023-06-30,3059.56640625,3066.746855836929,2977.8946733632847,2983.3609896661364,2672406
2023-07-03,3031.8173828125,3074.900078835827,3028.5282285215303,3070.7307856722796,1687264
2023-07-04,3065.681396484375,3071.3793400747436,3036.4499732116597,3048.2165999535164,1656681
2023-07-05,3075.9658203125,3084.350778301896,3062.114545595604,3076.0121910370362,1453008
2023-07-06,3078.698974609375,3083.8411486556433,3059.335012466021,3063.5506768174178,1848238
2023-07-07,3084.58203125,3110.199930757501,3059.334645096493,3059.334645096493,1789326
2023-07-10,3031.49365234375,3080.4134143372285,3025.239711281482,3080.4134143372285,1407431
2023-07-11,3031.90966796875,3052.848873636109,3021.1622932374844,3052.848873636109,1110172
2023-07-12,3020.328369140625,3047.4287732769135,3011.2487565769347,3039.8314402630454,1515240
2023-07-13,3095.051513671875,3119.974530016401,3032.234121121169,3042.657353528965,4585146
2023-07-14,3256.357177734375,3265.807757491409,3105.660467771408,3117.7050936905694,6306101
2023-07-17,3235.09375,3289.0165672292546,3221.520473895772,3252.0489220985337,2743228
2023-07-18,3239.865234375,3265.0198799170403,3210.3558126880093,3220.5474184425743,2600090
2023-07-19,3215.03515625,3258.3958571561593,3192.4281829611255,3242.7840776173066,2405370
2023-07-20,3217.125244140625,3231.6162445859936,3191.812201185396,3207.650315621179,1715404
2023-07-21,3128.877685546875,3190.743550376295,3120.2851854216624,3162.0865373821553,3770223
2023-07-24,3153.447265625,3170.818002760362,3132.407344389984,3140.6746314391708,1680132
2023-07-25,3157.534423828125,3164.6407891152476,3139.9314569469643,3156.001798437655,1272980
2023-07-26,3147.4560546875,3177.6924112049487,3144.390576862288,3158.6495731471414,1066803
2023-07-27,3155.4443359375,3169.1458889102455,3144.4367836891192,3153.632989545926,1701769
2023-07-28,3116.894775390625,3152.4724190587326,3094.2292421162892,3144.3908689773757,2599831
2023-07-31,3178.249755859375,3183.0800891327967,3122.0036670222876,3125.254883408398,2743678
2023-08-01,3206.67431640625,3214.0591758025353,3172.2578281403635,3172.2578281403635,1956167
2023-08-02,3196.08447265625,3201.4257559135945,3170.957399805504,3190.789680697638,1914899
2023-08-03,3158.278076171875,3189.211123910731,3128.5991597848515,3176.902947287468,2026351
2023-08-04,3198.778564453125,3224.2773416333084,3159.4852515788793,3159.4852515788793,2248493
2023-08-07,3236.39990234375,3240.0690865999345,3196.642128515489,3208.439353054858,1853889
2023-08-08,3223.905517578125,3241.8799593916547,3210.900655025227,3236.399429459084,1634225
2023-08-09,3216.3818359375,3220.5619711755417,3181.593866924947,3218.6111506830484,1794589
2023-08-10,3197.431640625,3218.61080881872,3186.2381232080143,3204.770008770933,1096701
2023-08-11,3203.655517578125,3220.236583715237,3171.329094804473,3193.7161307988767,1679974
2023-08-14,3204.631103515625,3209.4149453532923,3168.5425118958265,3196.1313591222456,1190425
2023-08-16,3212.57275390625,3219.632627647557,3191.0218826561636,3204.7699265389706,1328445
2023-08-17,3191.533447265625,3214.802913522075,3170.586278504093,3209.4151379764926,1843241
2023-08-18,3127.7626953125,3167.6132225589963,3117.9160649616633,3167.6132225589963,2526749
2023-08-21,3159.85693359375,3167.3812675130794,3132.314578504026,3135.1013352464674,1375579
2023-08-22,3141.7431640625,3168.5425667238806,3125.8587859478707,3158.324458182701,1222012
2023-08-23,3156.69873046875,3160.1821764304236,3136.0302844294856,3147.1773115068418,1330046
2023-08-24,3146.94482421875,3170.446516407415,3137.9808480590923,3165.75543087226,1152881
2023-08-25,3140.953369140625,3145.133503987289,3112.110393341278,3135.1011349979294,1158046
2023-08-28,3135.612060546875,3152.750567923211,3121.2603097126043,3152.750567923211,1037485
2023-08-29,3136.16943359375,3148.6170828467652,3125.8120786392947,3140.7212722469335,944517
2023-08-30,3149.9169921875,3165.848084833373,3142.578624772021,3156.465914737002,1188200
2023-08-31,3118.19482421875,3174.4871701530287,3105.9794053350392,3159.2529918099285,3417652
2023-09-01,3139.00244140625,3148.105891229252,3118.194750485235,3126.740758299694,1277950
2023-09-04,3175.509521484375,3188.839599513233,3130.5034424257988,3137.8883029323442,1828332
2023-09-05,3185.58837890625,3201.98370810682,3163.1083582727633,3176.902895771779,1501842
2023-09-06,3186.098876953125,3199.103741686018,3156.5594370607423,3189.907535196781,1314818
2023-09-07,3209.64697265625,3214.059337353484,3179.039140798069,3186.9349513089087,1885092
2023-09-08,3197.245849609375,3218.703966769239,3190.8828912594386,3209.647007555386,1518917
2023-09-11,3233.240966796875,3237.9320518567147,3200.125103968354,3215.916722768778,1783604
2023-09-12,3326.272705078125,3334.725730646849,3235.424395053453,3243.7846648081127,4476016
2023-09-13,3314.2431640625,3333.7504596439576,3293.0172779174695,3317.26215028344,1754929
2023-09-14,3306.99755859375,3341.9712621721756,3293.5747267257207,3316.286746985026,2604721
2023-09-15,3342.52880859375,3350.935569707804,3309.2269764561156,3314.243274416184,2952897
2023-09-18,3349.82080078125,3362.036220389306,3321.11729748375,3325.5761535614656,1395753
2023-09-20,3349.727783203125,3367.330749626567,3325.529402389823,3325.529402389823,1649396
2023-09-21,3330.452880859375,3348.7525373008507,3277.225784076949,3333.4718671967476,2004073
2023-09-22,3347.49853515625,3375.45908502732,3311.6424013468136,3329.2453693121192,1989083
2023-09-25,3322.882080078125,3362.6863447912865,3305.697080802258,3346.430264395196,1238778
2023-09-26,3330.824462890625,3339.4169627375986,3284.6572387999286,3314.0111668297322,1726062
2023-09-27,3334.16845703125,3357.1127071544365,3302.9566931122054,3334.8186548656413,1541134
2023-09-28,3285.353759765625,3346.7088954834967,3276.6220132450994,3344.10787733265,1755753
2023-09-29,3277.783447265625,3314.80073078161,3256.3718204401093,3285.7720140406323,2243791
2023-10-03,3264.08203125,3282.985396320475,3232.731015841526,3282.985396320475,1948148
2023-10-04,3286.282958984375,3295.8043780585294,3230.129854777585,3238.4901251841598,1788138
2023-10-05,3334.215576171875,3366.4025295099746,3298.77717947591,3301.37819809008,2990768
2023-10-06,3363.98681640625,3376.573712868575,3320.931561429297,3335.747772538649,2075691
2023-10-09,3379.73193359375,3417.492393516818,3372.9042894426652,3385.955644430069,4233074
2023-10-10,3370.9541015625,3388.6965453518687,3345.362564290118,3381.3116845865593,1848148
2023-10-11,3353.303955078125,3390.553690446803,3348.752343578281,3390.553690446803,2426417
2023-10-12,3290.74169921875,3333.56472449737,3286.6080554652567,3320.885072209126,4241281
2023-10-13,3317.030029296875,3322.742789618248,3274.439008499951,3279.0836028382487,2890357
2023-10-16,3273.556640625,3320.5598001135572,3268.958537503607,3312.5247424765194,1671104
2023-10-17,3257.76513671875,3282.9387033243615,3254.32818207953,3279.083780529412,1672065
2023-10-18,3239.371826171875,3272.3019496403217,3236.3528403133737,3261.4336459070764,1408245
2023-10-19,3218.324462890625,3238.0686815240006,3214.832003562597,3231.223370291604,1514545
2023-10-20,3254.552978515625,3259.1629792610242,3207.5211938456205,3213.434955097758,1481211
2023-10-23,3175.94921875,3240.0242499313185,3167.7071513441997,3234.4829267293885,1106272
2023-10-25,3157.276123046875,3189.7791834853465,3145.2619278002267,3157.6485610531586,1518537
2023-10-26,3107.59033203125,3142.002652711776,3101.3039051963924,3136.740771569839,1984471
2023-10-27,3120.8154296875,3131.1065899208998,3107.8235248560504,3119.930718689772,1108851
2023-10-30,3146.519775390625,3150.5245077395016,3104.7964806224877,3119.9304717166356,910972
2023-10-31,3137.392333984375,3165.5648365752554,3119.9766505847397,3165.5648365752554,999811
2023-11-01,3101.90869140625,3140.046523504797,3083.6082981939608,3124.5864815586647,1563475
2023-11-02,3129.336669921875,3144.0979943996585,3113.5971840186144,3113.5971840186144,1245384
2023-11-03,3120.76806640625,3155.2269944023587,3114.6214751338234,3149.732283319998,1402598
2023-11-06,3148.1025390625,3159.325019444616,3128.311938084739,3143.213096467994,1099852
2023-11-07,3138.9755859375,3170.361105826031,3134.8312466684147,3146.0071156404942,1191144
2023-11-08,3149.313720703125,3168.312609208247,3138.137850435721,3139.907272278595,992899
2023-11-09,3117.55517578125,3158.579973678366,3112.5261256846,3157.2762132454977,2112352
2023-11-10,3104.5166015625,3117.5551151320815,3094.179059370797,3108.7541639473407,1338557
2023-11-13,3102.74755859375,3125.518348524688,3098.509995691787,3125.518348524688,1030990
2023-11-15,3170.50146484375,3178.6039257134944,3125.5651509217823,3150.757471869869,2059802
2023-11-16,3257.62646484375,3286.9631232989923,3179.7212020773018,3194.482754503449,3951984
2023-11-17,3261.91015625,3282.4458610340766,3252.690155264645,3257.626209552958,2021292
2023-11-20,3277.8828125,3291.200542556456,3251.4797282683567,3251.4797282683567,1475621
2023-11-21,3269.1279296875,3295.9966725893887,3260.5598088550396,3277.8824969038105,1807236
2023-11-22,3287.707763671875,3290.0360697315477,3242.026580680009,3259.6284835416786,1798051
2023-11-23,3267.3125,3300.6072828333213,3259.629088576926,3287.5687664790134,2729804
2023-11-24,3219.675048828125,3263.8662551978136,3215.8565356961108,3254.273588142524,1989733
2023-11-28,3231.828369140625,3242.166138837972,3197.229832568979,3219.6747935926865,1689195
2023-11-29,3272.434326171875,3276.3924466659996,3237.090683940245,3241.9335153053853,1441634
2023-11-30,3248.08056640625,3275.1353041689813,3241.9337467212595,3259.116602029924,3266235
2023-12-01,3270.478515625,3275.4145702734368,3250.3620863601263,3259.6286996171643,1172141
2023-12-04,3271.223388671875,3304.145727168507,3257.76582517753,3301.2119251213085,1625213
2023-12-05,3289.05859375,3295.0189667313125,3262.2364605867833,3295.0189667313125,1377656
2023-12-06,3356.57958984375,3364.728661904826,3283.0514948908803,3289.990029573241,1896572
2023-12-07,3366.637451171875,3381.2127840148296,3345.030815693545,3357.4174498180882,1967653
2023-12-08,3377.626953125,3394.6701987746455,3354.6699465710817,3383.494329807486,1641155
2023-12-11,3392.714599609375,3402.12104768493,3366.7307931511145,3374.0881498547355,1102503
2023-12-12,3419.90966796875,3444.403269429635,3381.6322197535496,3389.036188640435,2236866
2023-12-13,3346.75390625,3399.327014186455,3318.301959327764,3393.3200297320063,3850968
2023-12-14,3415.392578125,3425.4042954103893,3378.4657304357984,3380.7008135779533,3290396
2023-12-15,3595.835693359375,3628.38536492244,3414.879710246803,3414.879710246803,8531230
2023-12-18,3594.1591796875,3659.165525410028,3567.1042198546284,3593.1348615232405,2521612
2023-12-19,3554.11279296875,3590.341373765734,3529.7121895342984,3580.934925794031,2004435
2023-12-20,3520.4453125,3631.0398484080574,3507.872459996768,3564.403684666202,2586083
2023-12-21,3527.384033203125,3545.265380055125,3486.2662350262744,3498.2802045463336,1517562
2023-12-22,3561.377197265625,3581.819680420596,3503.635202958494,3539.025457533832,2413058
2023-12-26,3534.881103515625,3570.6904075901484,3529.8518256722914,3557.51228537649,1285231
2023-12-27,3549.455810546875,3555.9750672093833,3509.2227291901213,3538.0937229812293,1293976
2023-12-28,3538.931884765625,3574.4153590343085,3531.6677519692553,3561.376845478686,1682889
2023-12-29,3532.87890625,3560.073706886277,3506.8018745840577,3531.5751456161715,1574996
2024-01-01,3549.36328125,3568.8278306083957,3513.879802945062,3529.712285492124,825907
2024-01-02,3523.379150390625,3549.363183929598,3508.5246023534996,3549.363183929598,1344068
2024-01-03,3438.2099609375,3512.808986774511,3433.8327905074707,3508.2919815403434,1803075
2024-01-04,3414.97314453125,3463.58813008378,3400.258204607658,3447.5228181063812,3598144
2024-01-05,3481.190185546875,3490.3638028676905,3422.4704854443794,3422.6100928660567,1963127
2024-01-08,3425.68359375,3482.9133158422196,3420.1886545813795,3481.1902782695042,1067805
2024-01-09,3436.486328125,3494.647592132142,3429.827464117302,3455.15938715089,1370944
2024-01-10,3458.046875,3473.1342532438607,3434.7172021085626,3436.579847012092,1292227
2024-01-11,3479.00146484375,3513.879443530223,3452.4121646346503,3468.244645562298,1777909
2024-01-12,3616.138916015625,3637.0470599000287,3559.142026578151,3583.7288487280734,6813450
2024-01-15,3635.69677734375,3692.6936681850148,3618.1878690791377,3688.0370557408974,2801505
2024-01-16,3596.115478515625,3631.2262899610105,3590.760374343459,3631.2262899610105,1432672
2024-01-17,3617.815673828125,3641.424564080022,3550.7138385303956,3556.7208235117105,3458696
2024-01-18,3634.579345703125,3640.353499833649,3596.7675605644026,3630.2951711755672,2239110
2024-01-19,3697.8349609375,3717.0600825465317,3671.5762582519933,3699.66364622584,2941975
2024-01-23,3618.30810546875,3689.253392795468,3603.772039730458,3657.4617018928593,2618854
2024-01-24,3602.881103515625,3642.12834296067,3568.932402810829,3638.70542557381,2657709
2024-01-25,3573.3408203125,3620.8877858503006,3543.7059051000697,3601.0998848185045,2205154
2024-01-29,3564.618408203125,3582.436811190723,3545.7216145125103,3564.430891857951,1646747
2024-01-30,3564.19677734375,3608.508336345958,3551.4893955843795,3570.667580091148,1411621
2024-01-31,3578.638671875,3595.566200692752,3560.351363342525,3574.184071078628,2459358
2024-02-01,3614.462890625,3662.0567819751186,3568.4165242500367,3582.4367479301113,2363107
2024-02-02,3719.638427734375,3736.612663128637,3631.2028376276817,3634.063205902369,2826510
2024-02-05,3726.203369140625,3771.8747052852855,3715.6999348975555,3735.300087307631,1691523
2024-02-06,3878.784912109375,3891.8203887754125,3741.8645549604466,3748.429229618272,4474396
2024-02-07,3829.456298828125,3896.603639652877,3820.594033092657,3894.7280181656797,2124267
2024-02-08,3877.00341796875,3899.417002760364,3831.9415667460817,3835.6458733260915,2345173
2024-02-09,3876.62841796875,3924.5034728185747,3845.0240130368975,3879.3008122308597,2100596
2024-02-12,3864.437255859375,3900.9180054265194,3850.229055505786,3873.1587133795,1013716
2024-02-13,3891.446044921875,3910.671166965711,3827.674908386223,3868.891877592723,1257415
2024-02-14,3845.117919921875,3858.9973357555955,3797.6646047310915,3851.588722467118,1391283
2024-02-15,3848.025146484375,3888.444422362778,3829.081186690457,3871.2826692770527,1091582
2024-02-16,3871.563720703125,3889.9920672478725,3845.1177337734257,3857.4498528668705,1307556
2024-02-19,3848.587646484375,3871.56401029997,3802.822664172948,3866.640503768057,772291
2024-02-20,3779.986328125,3843.1479657037125,3760.620630178596,3828.236868254403,1193648
2024-02-21,3743.271484375,3810.6532761089843,3733.04943912238,3763.434414830734,1885939
2024-02-22,3832.926025390625,3840.2877016688244,3724.0461165985157,3724.0461165985157,2982052
2024-02-23,3800.102783203125,3873.1581442686033,3794.7570791114713,3873.1581442686033,2538072
2024-02-26,3752.2275390625,3798.1333269385277,3735.065557497388,3785.0039771663946,1379284
2024-02-27,3849.150146484375,3867.5313277921664,3750.3049902620937,3750.3049902620937,2960475
2024-02-28,3862.7958984375,3896.5099212553473,3834.7082823885885,3840.897925124464,1939225
2024-02-29,3840.4287109375,3880.7545712662445,3811.778548098447,3844.08608110517,3772719
2024-03-01,3839.7255859375,3882.536555650418,3832.645068891089,3851.7765458152944,2043265
2024-03-04,3826.923828125,3861.8103380983325,3822.4222912670302,3849.71267244036,1749271
2024-03-05,3762.5908203125,3811.2631094828985,3732.4870019050036,3809.3874878739007,2070859
2024-03-06,3811.544189453125,3818.7652862706927,3712.276832263034,3745.662985779128,1744204
2024-03-07,3853.089111328125,3867.5313044415575,3786.598195707899,3812.200473461429,2688905
2024-03-11,3865.984130859375,3894.7279379757806,3834.70805162123,3834.70805162123,2304068
2024-03-12,3931.53662109375,3966.8922650781215,3864.7643209446364,3865.9837495151633,4039801
2024-03-13,3890.976806640625,3977.25539574907,3874.9401512123873,3943.4942087066347,2837260
2024-03-14,3945.932373046875,3962.2501875616867,3831.8945009176455,3895.1500154804917,2919608
2024-03-15,3956.857421875,3975.3791814488654,3917.2349235460983,3931.8648606659913,3373143
2024-03-18,3894.259033203125,3990.1501797762785,3861.7639831846413,3953.106656161222,1526904
2024-03-19,3729.95458984375,3805.6358684946754,3719.9200610190014,3799.3056461900082,8931209
2024-03-20,3723.952392578125,3768.123367840969,3713.9178639455963,3738.113425638154,1817913
2024-03-21,3725.875,3759.120343748554,3702.476668668117,3741.9116546616547,3829582
2024-03-22,3667.683837890625,3693.098599879169,3615.260310445454,3654.6483605203457,5852485
2024-03-26,3636.36083984375,3701.257291825828,3630.68703955033,3634.016313190079,3440925
2024-03-27,3602.037109375,3652.772761001774,3591.252286075508,3646.6769913107573,1968575
2024-03-28,3635.23583984375,3671.529069915745,3601.6621693515754,3610.6652440946027,4311783
2024-04-01,3673.169921875,3688.6907341711717,3646.254801582969,3655.304582916496,1569676
2024-04-02,3642.269287109375,3666.6993019354495,3632.140885633653,3648.0836677291272,2142666
2024-04-03,3701.820068359375,3733.4242418469757,3611.5088559037185,3611.5088559037185,3973090
2024-04-04,3754.337646484375,3778.1110105154908,3690.519582126367,3728.6414957560305,3394637
2024-04-05,3731.782958984375,3753.1181508715135,3714.1990096268437,3730.610695693873,1636819
2024-04-08,3725.500244140625,3781.862534405873,3713.7306731098083,3735.300320958678,2302538
2024-04-09,3701.116943359375,3766.1072720566044,3680.954012876369,3736.2379090370728,1876992
2024-04-10,3736.846923828125,3742.05181846097,3674.341938785351,3710.353774320548,2101965
2024-04-12,3752.5556640625,3763.76268515537,3700.1321372268762,3724.0463102085732,4354821
2024-04-15,3696.099365234375,3811.450077595125,3675.326950485817,3752.555521752734,4200329
2024-04-16,3631.953125,3684.376648663715,3622.6219548397376,3659.337150142385,3051420
2024-04-18,3621.824951171875,3691.2229435040135,3610.571222685582,3635.704595429841,3476284
2024-04-19,3588.251220703125,3612.9626239981167,3564.5245644253832,3599.3174326502835,2957749
2024-04-22,3624.26318359375,3636.829754907987,3574.9342510854167,3598.3795176848753,1728883
2024-04-23,3633.735107421875,3652.772710601142,3620.5121138030436,3635.9390541705266,1807586
2024-04-24,3592.7998046875,3655.586186600659,3586.6101623523527,3648.0837008405756,1317312
2024-04-25,3612.63427734375,3632.7502707587055,3573.9965228878514,3574.1840392334375,2856271
2024-04-26,3583.703125,3635.7046841917695,3566.07223748283,3615.400944510773,2039178
2024-04-29,3629.51513671875,3636.6425900369045,3581.686788233394,3599.3176762116937,1110693
2024-04-30,3583.046142578125,3640.3464644642195,3573.0585508105046,3631.2028106924604,2203078
2024-05-02,3623.044189453125,3630.3591588386275,3543.095825813969,3543.095825813969,2491044
2024-05-03,3604.38134765625,3651.4596252829774,3561.4298032069573,3648.2239953859785,2962234
2024-05-06,3677.20263671875,3694.927167103904,3613.384573734727,3613.384573734727,2053831
2024-05-07,3731.501953125,3739.9891860111734,3670.1222867238534,3686.3464581217104,2062112
2024-05-08,3729.626220703125,3736.5192209369857,3693.66131770256,3714.6681858171114,1247685
2024-05-09,3713.917724609375,3724.0461255143723,3666.8866116609574,3715.6058295864877,1726486
2024-05-10,3651.7412109375,3726.484911351382,3643.4417231221314,3716.1689930361385,1672489
2024-05-13,3702.289306640625,3709.0414982162547,3629.327584853832,3642.925840662716,931326
2024-05-14,3658.587158203125,3700.413608162642,3650.803283386374,3691.2230172569975,1058317
2024-05-15,3639.08056640625,3682.7357004952323,3634.485385536964,3661.6818959693137,1115021
2024-05-16,3684.9423828125,3693.018989202287,3630.673611714795,3675.637945909043,2599399
2024-05-17,3621.7939453125,3702.937300542508,3617.9208829280115,3701.992673680125,2765804
2024-05-21,3608.66357421875,3631.8542103330115,3599.0757035999536,3618.487832180219,1908117
2024-05-22,3619.810546875,3628.548346342274,3606.1607332910276,3622.644427783305,1311168
2024-05-23,3677.857421875,3688.7679082914883,3613.6700725144915,3628.2645114562283,2095742
2024-05-24,3636.341064453125,3668.7418115804035,3631.429050950218,3663.4990864307915,1309452
2024-05-27,3634.027099609375,3691.9327769001197,3628.642772199506,3641.536837624862,1841538
2024-05-28,3627.27294921875,3655.7063127891693,3617.921234620806,3644.3707893386604,1801993
2024-05-29,3593.0302734375,3635.774643725855,3589.582477254128,3635.774643725855,1568095
2024-05-30,3529.220458984375,3584.2920197241397,3509.7137762005277,3567.855604818015,2919230
2024-05-31,3467.677978515625,3542.1618998121,3451.430442400017,3532.904510318457,10956800
2024-06-03,3497.811767578125,3543.815050940118,3491.3409811408733,3526.1032967744277,2156773
2024-06-04,3509.2890625,3537.6278705417226,3392.627636061575,3495.1196584791387,3395997
2024-06-05,3538.997314453125,3574.2792205302862,3495.1194421750433,3510.2334721952598,2799670
2024-06-06,3618.298583984375,3627.2725390345563,3534.3213495003415,3571.634109972148,4328036
2024-06-07,3678.32958984375,3698.2140306925203,3624.8165722996846,3624.8165722996846,4552445
2024-06-10,3645.03173828125,3689.6180814133613,3629.161960387638,3679.3217405498876,1734661
2024-06-11,3638.79736328125,3665.1050839975637,3628.3119124726636,3632.0904200618043,1419898
2024-06-12,3619.479248046875,3677.9045088776033,3615.511861543188,3659.862044439457,2177001
2024-06-13,3663.404541015625,3674.598461482482,3638.7026410361236,3643.236896058969,1932323
2024-06-14,3619.85791015625,3673.654371216451,3616.0321247149845,3673.654371216451,1860730
2024-06-18,3603.846435546875,3629.2568087209993,3584.906618726297,3614.1900547154564,1774045
2024-06-19,3591.18798828125,3621.557881055292,3582.9225030243783,3615.7010098615556,1509050
2024-06-20,3577.537841796875,3598.9808239935414,3570.7365749735936,3585.8033262818503,2846526
2024-06-21,3599.7373046875,3663.0745905361437,3587.740588030383,3615.0874932858524,4642195
2024-06-24,3605.45166015625,3643.425611853127,3581.3636764636767,3597.8473681995324,1702154
2024-06-25,3625.903076171875,3634.5935975227003,3582.8752747763524,3605.6408753024607,1338808
2024-06-26,3642.33984375,3652.8250643098772,3628.312041577448,3631.618235835589,1639845
2024-06-27,3716.303955078125,3723.719368748634,3606.6801840344065,3618.8657792176605,4526556
2024-06-28,3687.96484375,3740.722345851188,3682.013879060851,3700.8591386940006,2731571
2024-07-01,3757.914794921875,3780.1135277066987,3668.930984521538,3668.930984521538,2658723
2024-07-02,3794.94384765625,3800.61160880511,3762.0237400230303,3772.4619129298726,2307449
2024-07-03,3745.681640625,3803.162277059337,3735.9992153513335,3797.399960989219,1821198
2024-07-04,3798.29736328125,3823.2356509992096,3761.598747788845,3778.3658747158024,2518001
2024-07-05,3789.654052734375,3803.7761780539627,3767.171887521997,3787.953678275629,1668616
2024-07-08,3772.083984375,3808.027083028784,3757.7729794930797,3799.2892844506714,1758882
2024-07-09,3764.810302734375,3785.072502499781,3754.9862757638116,3764.3379893103715,1305801
2024-07-10,3692.688232421875,3781.624995321451,3685.9342421919528,3763.1102154389605,2669716
2024-07-11,3706.432861328125,3759.615406799936,3679.8889813768274,3713.3286844549116,4872189
2024-07-12,3952.271728515625,3967.3857582493197,3751.396688713167,3759.614896256505,13509164
2024-07-15,3938.33837890625,4005.217774223689,3926.860793883842,4001.1560633368813,4848030
2024-07-16,3947.076171875,3962.284294879995,3915.3836649055647,3940.9831443093085,2029521
2024-07-18,4076.583984375,4085.5108920932958,3929.6474707764414,3929.6474707764414,5613364
2024-07-19,4073.60205078125,4126.955499689888,4057.3641651955472,4087.8043639433604,3903354
2024-07-22,4059.35205078125,4090.218499814398,4038.19051447339,4071.2820847406656,1896386
2024-07-23,4073.554931640625,4129.748843691779,4039.421761308917,4055.233855032219,2365208
2024-07-24,4077.2470703125,4108.3502260578525,4041.1259492527006,4059.4941803111396,1809793
2024-07-25,4092.6328125,4112.042638447079,4046.901553853059,4066.595241107577,2810342
2024-07-26,4154.50830078125,4187.268397348249,4106.409520256929,4118.671036198701,3552210
2024-07-29,4148.11669921875,4195.362964674367,4138.553716676068,4180.21383187482,1746803
2024-07-30,4133.2041015625,4164.117706946695,4097.177294216961,4157.584736158652,1797906
2024-07-31,4152.14111328125,4179.267439518362,4113.936797622856,4118.670902108038,2330091
2024-08-01,4163.2666015625,4184.285749818174,4132.920711925324,4165.44410487899,2202244
2024-08-02,4055.280517578125,4164.117750110982,4042.9246914447235,4132.872664673588,2811282
2024-08-05,3934.088134765625,4013.573937057952,3891.907447104674,4013.573937057952,2787771
2024-08-06,3949.37939453125,4031.7999662691227,3939.532087639672,3949.14268931395,2203067
2024-08-07,3977.07373046875,4019.2072572996026,3957.994920939523,4003.1584593448297,1237666
2024-08-08,3950.6572265625,4006.945912072743,3938.7748095989155,3958.6580478204482,2441283
2024-08-09,4003.86865234375,4027.4443989451242,3981.902223791584,3992.7435074037467,1302536
2024-08-12,3972.529052734375,4013.573831585472,3963.7238032102878,4005.052443408008,936912
2024-08-13,3973.76025390625,4008.8397841438527,3960.5519171170845,3988.956544779889,1495593
2024-08-14,4066.83251953125,4077.200393436632,3965.4279074613096,3985.1692159262047,3226545
2024-08-16,4181.20751953125,4191.575391499624,4095.0944511200714,4118.670194945417,3457058
2024-08-19,4251.2255859375,4255.249574521071,4156.87498137627,4185.894947757169,2055210
2024-08-20,4282.7548828125,4322.23750010525,4260.694140300903,4265.428244901237,2212298
2024-08-21,4309.455078125,4317.503055311436,4253.639804359008,4277.736579801988,1896990
2024-08-22,4262.587890625,4318.403170209416,4258.04333501898,4317.503505386495,1829872
2024-08-23,4226.513671875,4266.374923745363,4218.087058430003,4260.6939984141445,1809253
2024-08-26,4263.013671875,4310.0703901887255,4246.491463306979,4250.278746663329,1844164
2024-08-27,4257.9951171875,4270.161857070282,4248.195429331919,4265.427753015881,930697
2024-08-28,4266.421875,4319.8700965173775,4220.2643589002255,4259.510267771518,1848058
2024-08-29,4271.86572265625,4313.71538519979,4222.820592184166,4222.820592184166,2133641
2024-08-30,4311.58544921875,4348.038051973605,4249.14242918416,4260.693828489569,3637222
2024-09-02,4280.62451171875,4344.014356887433,4272.055967366194,4332.652505910395,1216500
2024-09-03,4272.3876953125,4313.621563619124,4256.812305434149,4280.624760360365,1717263
2024-09-04,4241.046875,4248.384735865379,4200.759836723105,4238.869372185236,1265505
2024-09-05,4237.9228515625,4259.746886626945,4217.281880213047,4242.704111797141,1688793
2024-09-06,4219.744140625,4278.6365868505345,4203.8848901946485,4236.029645395859,1649179
2024-09-09,4212.9267578125,4251.462553433798,4194.890004562873,4218.0871166522065,1184938
2024-09-10,4268.12646484375,4298.5195066181295,4204.310831961278,4206.204473662924,1385591
2024-09-11,4241.142578125,4307.420045613886,4233.473235852587,4281.00383317773,1325919
2024-09-12,4277.45263671875,4291.5601745835365,4195.6469473824145,4270.398636628928,2742216
2024-09-13,4282.09228515625,4305.194622601226,4265.428144890812,4289.098667337487,1458786
2024-09-16,4273.23974609375,4304.295289007335,4255.43969677022,4286.2585344411245,1155120
2024-09-17,4266.04345703125,4294.590014445038,4228.502101148829,4273.239388269134,1699364
2024-09-18,4115.02490234375,4257.9000607847665,4091.2124529893836,4257.9000607847665,2961779
2024-09-19,4067.684326171875,4187.031372404745,4054.097354431545,4156.590712046438,2927551
2024-09-20,4057.032470703125,4100.397141985248,4002.685047675482,4087.330737178729,5447908
2024-09-23,4041.504638671875,4080.229517445096,4026.828916076253,4071.32949426943,1702319
2024-09-24,4044.15576171875,4062.8083176204914,4014.5204536730093,4025.550824249018,3012026
2024-09-25,4047.422607421875,4061.482990128777,4014.5205814302008,4026.213911907486,2713073
2024-09-26,4064.22900390625,4087.2365684956953,4033.457322455591,4033.457322455591,3964251
2024-09-27,4079.5673828125,4145.181886032281,4071.37701220358,4104.468587471434,3012477
2024-09-30,4041.504638671875,4070.1459682536542,4033.5038178792897,4058.926049161128,2503416
2024-10-01,4059.873046875,4067.305683040906,4017.3137268821633,4029.243299789114,1823365
2024-10-03,4007.65576171875,4051.446223942952,3986.1155884084665,4035.9184552064203,3350119
2024-10-04,4026.118896484375,4069.4359496948305,3999.4183640057563,4000.3180287251416,2965463
2024-10-07,4045.62353515625,4068.7258712834955,4004.483984564525,4046.6175121163583,1472619
2024-10-08,4027.06591796875,4051.825191579924,3980.3878333935318,4045.3869945057163,1541867
2024-10-09,4026.781982421875,4066.595614866151,4020.8643520160745,4033.456884593668,1082504
2024-10-10,4002.590087890625,4065.5065138830532,3975.3218342504942,4027.065497608203,2378875
2024-10-11,3928.54931640625,4016.3669515997326,3893.7536496314738,3922.6788421196575,5759183
2024-10-14,3916.66650390625,3943.887604227915,3902.985219568291,3919.8384463197513,2137590
2024-10-15,3897.871826171875,3948.1957233726384,3877.231316907688,3911.364023062213,2759474
2024-10-16,3877.183837890625,3896.167641402821,3850.909560357471,3867.7630170426546,2359151
2024-10-17,3890.487060546875,3910.323143238336,3875.29053893895,3894.0847950246857,2522659
2024-10-18,3913.31298828125,3935.2379992491005,3872.453098683255,3881.944405297675,2361000
2024-10-21,3872.311279296875,3929.35413147785,3862.9622484885167,3922.3779276034525,1595450
2024-10-22,3811.234375,3881.75483326371,3802.5499216715493,3859.1654759681237,1928049
2024-10-23,3859.40283203125,3904.2965301967497,3791.919544419266,3796.143361546141,1966476
2024-10-24,3841.986328125,3871.504387583309,3800.3195802607424,3800.3195802607424,2676744
2024-10-25,3851.145263671875,3883.842769480241,3827.5592734218494,3850.6706983285853,1759676
2024-10-28,3882.75146484375,3923.7063623671393,3844.928513292037,3861.9653632236445,1532534
2024-10-29,3867.945068359375,3894.7580119042254,3853.5658302619245,3887.497254393904,1445885
2024-10-30,3876.86669921875,3898.079863479923,3853.518222560894,3867.7076804676617,1935002
2024-10-31,3766.578125,3870.840237399569,3758.5580159818924,3862.9624053147227,3740372
2024-11-01,3781.526611328125,3795.5262896074955,3773.791288560614,3786.889338989994,154895
2024-11-04,3762.49609375,3788.8344687291683,3714.1854373776496,3764.536863637049,2269192
2024-11-05,3769.33056640625,3783.235239462336,3740.619360687802,3740.619360687802,967590
2024-11-06,3929.068603515625,3938.7021869268697,3773.0316173071656,3799.939563929586,3792017
2024-11-07,3939.74609375,3991.8532707223767,3877.245983107556,3957.5900270000325,3724349
2024-11-08,3936.045166015625,3957.6378902806014,3908.1880861984155,3943.6382119110012,1648039
2024-11-11,3985.115478515625,4018.9041625726113,3908.188152909336,3918.2017604204366,1406487
2024-11-12,3983.881103515625,4003.4332886046573,3952.51251928902,4001.5350272065516,1587640
2024-11-13,3939.224609375,3983.2641802267012,3920.9061091902613,3965.5629857379695,1098813
2024-11-14,3935.0009765625,3948.383812461554,3907.0493548019417,3924.6555443578186,1825432
2024-11-18,3815.031005859375,3998.687803877484,3787.2214288591285,3998.687803877484,3313944
2024-11-19,3834.06103515625,3921.9504005395133,3809.9057047468586,3815.4104775297365,1776233
2024-11-21,3865.6669921875,3884.2698145282143,3819.3018656674813,3839.1386042394874,2384347
2024-11-22,4028.680419921875,4038.504015740722,3847.776008717878,3863.9112312507355,3096553
2024-11-25,4095.593994140625,4107.932693294498,4035.8937655385084,4062.2794137366227,4052167
2024-11-26,4131.28125,4144.47407361588,4090.7531850402665,4101.240893559863,2060669
2024-11-27,4112.15576171875,4154.724363536381,4104.088151292946,4137.2131813248125,1558993
2024-11-28,4028.96484375,4119.179995477792,4017.670281030027,4099.2955217974695,2558544
2024-11-29,4053.5947265625,4080.028107836073,3982.219916352583,4005.3313403533516,2017425
2024-12-02,4059.099853515625,4070.0625915391006,4014.870268702841,4052.788226834513,1670944
2024-12-03,4083.8720703125,4104.990228133534,4048.469681005338,4094.882078988639,2010905
2024-12-04,4132.89453125,4163.789012881952,4070.8687487593297,4094.1224503683907,3302642
2024-12-05,4236.966796875,4260.647793669346,4138.209931031042,4176.934278953506,3746747
2024-12-06,4219.3603515625,4237.868399443609,4188.276322428843,4226.4788315167725,1842087
2024-12-09,4225.671875,4242.044378496654,4190.933600979431,4205.076018232145,2066639
2024-12-10,4207.06982421875,4265.204089616263,4187.66037612314,4200.995479380061,2087828
2024-12-11,4202.22900390625,4222.350297163338,4182.819095248504,4206.405086397892,1635256
2024-12-12,4228.330078125,4256.851270827812,4200.852558457947,4204.696352489294,1914642
2024-12-13,4246.31591796875,4266.247663475759,4170.8600242636485,4209.347553772588,1967048
2024-12-16,4190.6025390625,4247.36037614199,4173.328172937727,4232.1742831770125,1646224
2024-12-17,4108.3125,4207.449393387959,4098.346627007046,4185.666657040545,3225027
2024-12-18,4126.67822265625,4140.108330075579,4071.3913564877716,4092.3672387441043,1575404
2024-12-19,4054.591064453125,4142.006088570945,4045.1947638609918,4064.177376549218,3015763
2024-12-20,3958.1591796875,4159.090314297041,3941.2648402826253,4108.786392193494,4116989
2024-12-23,3946.770263671875,4002.4844247984843,3905.57808127476,3986.396472999676,2195338
2024-12-24,3966.891357421875,4003.432885657487,3946.769603250129,3946.769603250129,1181886
2024-12-26,3957.020751953125,3986.301525685132,3932.3906257955578,3966.8916181900954,1208464
2024-12-27,3952.987060546875,3968.2681573970385,3936.2822676568094,3951.2310760757846,858100
2024-12-30,3947.24462890625,3985.684422832016,3902.825496858013,3939.8415947124545,1527169
2024-12-31,3886.50048828125,3929.353878987766,3826.9425360658684,3924.655496583325,1555429
2025-01-01,3903.2529296875,3923.706511928217,3877.62616777211,3886.1208416217773,763161
2025-01-02,3963.332763671875,3970.21396166903,3888.541445300585,3910.4187239006465,1720835
2025-01-03,3891.340576171875,3967.3187611479693,3884.127322418678,3967.3187611479693,1791953
2025-01-06,3886.6904296875,3938.560332599053,3859.545197490021,3896.656302584134,2085593
2025-01-07,3823.38330078125,3929.7334436078268,3807.4853613249484,3905.6256161656233,2669054
2025-01-08,3899.40869140625,3916.113485341044,3813.3700813691175,3829.6475810881293,2181277
2025-01-09,3833.396728515625,3927.2656647049257,3820.535960823577,3892.3851104960186,2392472
2025-01-10,4048.659423828125,4078.41476503514,3957.875161786487,3986.3490838137277,7894300
2025-01-13,4072.81494140625,4103.044847646488,4012.355128925775,4029.059922352462,4003771
2025-01-14,4017.71728515625,4094.454590373018,4004.429456147033,4083.160028403723,3441709
2025-01-15,4033.42578125,4039.9274190172896,3993.420016264204,4003.43315943906,1653474
2025-01-16,3992.32861328125,4075.5675680381755,3978.6139515802215,4043.297121528325,2637705
2025-01-17,3986.52880859375,4021.6165011799776,3963.08887255939,4020.939695681563,1761466
2025-01-20,3941.582275390625,4007.3105183689017,3932.2063483825796,4007.3105183689017,1287799
2025-01-21,3901.033935546875,3973.6734816653625,3895.379258358407,3958.497981875744,1971591
2025-01-22,4017.750244140625,4024.0812547656583,3909.104787428617,3914.711087541146,2409223
2025-01-23,4006.972900390625,4051.3395327602407,4001.7529079009387,4028.769436842585,1822998
2025-01-24,4013.641845703125,4038.4349192551795,3966.9068713794295,3966.9068713794295,1910099
2025-01-27,3929.354736328125,4017.5084152856,3906.0599315038703,3964.973867046099,1551782
2025-01-28,3905.335205078125,3964.974090445813,3893.7360609812577,3934.8163629909964,2468272
2025-01-29,3962.84716796875,3970.6285432095738,3918.5772926221866,3918.5772926221866,1217089
2025-01-30,3963.088623046875,3991.941585340912,3922.9267796325357,3962.9437281550117,1531251
2025-01-31,3975.026123046875,3990.5402596455497,3948.783156988766,3972.706388892682,1492943
2025-02-01,3937.08740234375,3997.741255116248,3920.510387972108,3975.6063179805924,437172
2025-02-03,3932.738037109375,3940.80920259535,3865.12474024913,3896.2490630112698,1265713
2025-02-04,3969.85498046875,3981.2610880254483,3930.2248097290194,3947.285122132378,2547132
2025-02-05,3954.43798828125,4011.3703550712034,3939.8423053663196,4011.3703550712034,1693912
2025-02-06,3946.36669921875,4001.2209788539626,3916.2089750568643,3968.259986916976,2284536
2025-02-07,3894.798828125,3953.374595002479,3874.113784051329,3953.374595002479,1548940
2025-02-10,3902.0966796875,3916.6439855178123,3880.2517684472346,3905.044842421511,1339511
2025-02-11,3831.14892578125,3905.045090759602,3822.884488602531,3884.1665374644367,1810908
2025-02-12,3818.196044921875,3887.4043576304402,3808.5300926433138,3838.446403733592,1678002
2025-02-13,3779.532470703125,3851.3505477933163,3771.896462322554,3835.4501025039126,2277310
2025-02-14,3803.407470703125,3816.1181040365336,3769.72153134308,3793.886412954254,1681975
2025-02-17,3774.071044921875,3802.585603975581,3727.3844484945375,3727.6744742582173,1799806
2025-02-18,3743.81689453125,3793.3065270348457,3735.4075625604055,3768.1750490618683,2149879
2025-02-19,3657.693359375,3745.508400554833,3642.2759755929487,3742.850263486918,4366672
2025-02-20,3653.14990234375,3661.46271568049,3625.9887180872706,3635.8479421943407,2888572
2025-02-21,3659.530029296875,3689.494485426881,3648.897480347518,3649.960829636532,1833931
2025-02-24,3552.81787109375,3637.4914799757285,3547.4048428794777,3618.111196511734,2508516
2025-02-25,3508.30615234375,3535.8057424823114,3500.2833638502107,3503.90809636369,4101954
2025-02-27,3491.8740234375,3516.473827507661,3480.419774327656,3491.0523230089602,3823856
2025-02-28,3366.892822265625,3479.7428149447355,3341.5196975733197,3465.1955095907815,7085018
2025-03-03,3376.36572265625,3405.5568531975428,3360.0301206751515,3368.584583379958,4990439
2025-03-04,3414.06298828125,3432.3799220820893,3348.576156481458,3357.952083726606,2797737
2025-03-05,3428.561767578125,3480.081342184221,3403.2370189380595,3403.2370189380595,2501894
2025-03-06,3481.289794921875,3488.87742658408,3417.977801534333,3438.179549305139,2786513
2025-03-07,3490.56884765625,3503.9079097926337,3454.998093954285,3479.743027656133,2051315
2025-03-10,3469.73876953125,3501.1049762137254,3462.9244613654673,3486.0259949428714,1004626
2025-03-11,3455.8681640625,3468.8688234276665,3419.4757100500633,3439.146018462038,1995450
2025-03-12,3389.076171875,3450.020048748746,3370.3726956351015,3445.912018992584,3174167
2025-03-13,3393.76416015625,3406.5715466921038,3367.7144664369603,3385.3064520665353,1693004
2025-03-17,3380.860107421875,3412.516101378981,3361.1900359739784,3372.450776071524,2690906
2025-03-18,3380.860107421875,3380.860107421875,3380.860107421875,3380.860107421875,0
2025-03-19,3380.280517578125,3428.5135286476893,3347.077874633433,3428.5135286476893,3051244
2025-03-20,3444.123779296875,3459.3960314822807,3394.68252652922,3394.68252652922,2845192
2025-03-21,3458.57470703125,3495.450223009194,3349.252685164703,3358.9186380800415,4161925
2025-03-24,3507.72607421875,3527.8313042718337,3447.458997008205,3479.743186623358,1834751
2025-03-25,3535.56396484375,3586.0685693582973,3516.473707634902,3523.2398747468987,3135390
2025-03-26,3514.347412109375,3557.5541769513875,3504.729835597497,3525.8981793165126,1734499
2025-03-27,3529.232666015625,3540.638537603521,3489.892285017066,3494.0970689111577,2528474
2025-03-28,3485.6875,3538.656968927356,3471.9135171595426,3529.0393930182477,2051919
2025-04-01,3432.1865234375,3464.277439125219,3407.248318336048,3453.354865404157,2618493
2025-04-02,3425.5654296875,3445.0424669343693,3412.129849162714,3425.6138066504323,1764313
2025-04-03,3289.46875,3385.0167912281404,3282.702582798802,3374.3842427691143,4537821
2025-04-04,3189.184326171875,3286.085501586113,3185.414699028632,3250.2733357697866,5317367
2025-04-07,3164.681396484375,3181.4516833870694,2953.963620596823,2996.4454369330797,6623955
2025-04-08,3182.949951171875,3237.127665022999,3146.5577324611054,3191.7460628104113,5557558
2025-04-09,3138.1484375,3160.766673429551,3104.7525222396634,3151.63239491897,2990265
2025-04-11,3123.552490234375,3188.7492913945475,3098.904311833949,3179.663390613554,7108961
2025-04-15,3139.695068359375,3203.6836353639956,3130.415894295874,3203.6836353639956,3512160
2025-04-16,3164.43994140625,3168.596348657385,3121.136422017699,3139.695005759879,2384391
2025-04-17,3188.700927734375,3193.244114128983,3110.5034675829284,3137.08483655699,2932346
2025-04-21,3210.642822265625,3241.960413439671,3174.3955010062373,3180.195072407739,2432946
2025-04-22,3203.683349609375,3222.531957851611,3184.931495290658,3211.6096198122023,2710498
2025-04-23,3298.98974609375,3306.625754540036,3225.818529364827,3252.593171873855,3543923
2025-04-24,3287.970458984375,3298.5062526941524,3274.534643572778,3287.487161364933,2252175
2025-04-25,3332.82080078125,3361.6253897019787,3291.25720030747,3305.7561307053,2742991
2025-04-28,3328.470703125,3342.2930622298845,3291.2567864500143,3320.2546435993536,1593296
2025-04-29,3356.50244140625,3378.2508373548867,3315.8086817038325,3339.5870223350885,1578332
2025-04-30,3338.329833984375,3392.652437661013,3253.5594811525652,3356.018573547744,2809332
2025-05-02,3316.38818359375,3374.867194117627,3305.7556362257724,3356.0185874198487,1721761
2025-05-05,3338.909912109375,3387.4329449049897,3331.27366828836,3334.753505470742,1284443
2025-05-06,3344.419921875,3356.9856614658597,3322.1882287527096,3344.419921875,1324763
2025-05-07,3330.017578125,3343.936456116555,3306.335993163342,3306.335993163342,1477128
2025-05-08,3333.690185546875,3360.8516058321925,3314.165009149484,3332.8203442362383,2543591
2025-05-09,3325.3779296875,3331.0807476867326,3284.5876543425793,3285.4574957373147,2531757
2025-05-12,3499.46142578125,3509.22413241534,3385.209911911905,3387.916425868549,2228678
2025-05-13,3397.58251953125,3501.9748131612287,3393.232840630001,3499.461570957545,3062887
2025-05-14,3430.15673828125,3442.0459078220697,3391.396407841002,3403.3820953219624,2119499
2025-05-15,3460.314453125,3479.7431132346333,3396.712670565691,3444.945682102287,3548330
2025-05-16,3442.3359375,3473.84680313206,3427.6437359304055,3473.84680313206,1666727
2025-05-19,3401.255859375,3431.4135879367277,3386.660174789978,3431.4135879367277,2537377
2025-05-20,3381.4404296875,3439.1461226598826,3377.2840226457647,3413.82137266364,2038374
2025-05-21,3408.021728515625,3418.8475485914832,3381.4403579795026,3390.8162851170264,1440153
2025-05-22,3360.851806640625,3380.9570357698217,3336.0103550080185,3378.250521774226,2034383
2025-05-23,3397.19580078125,3416.9142497236344,3349.8326329632987,3360.851724551366,1274331
2025-05-26,3419.137451171875,3426.5801874567637,3392.8461073678304,3403.3819012793415,967470
2025-05-27,3381.826904296875,3421.747337093333,3366.7481593177404,3414.014574749619,2467680
2025-05-28,3380.860107421875,3411.114585484783,3376.31715701285,3402.4152283668,1222933
2025-05-29,3381.2470703125,3414.4978538154573,3370.034470581059,3387.626457620242,3188072
2025-05-30,3347.705810546875,3389.5594310198626,3337.750068509547,3373.417337946492,3404365
2025-06-02,3334.560546875,3344.4197718377163,3304.4028204069105,3334.7538187399196,1877585
2025-06-03,3291.4501953125,3357.468700034321,3286.9072447003623,3330.8873298742683,2848125
2025-06-04,3297.0087890625,3310.56402774214,3286.379348716646,3304.9078969735056,2544807
2025-06-05,3287.4521484375,3324.4116310325603,3280.2356236372652,3324.4116310325603,3584683
2025-06-06,3300.226806640625,3306.7605099618336,3275.359545608902,3287.4520036268846,2070390
2025-06-09,3336.991455078125,3348.791310023286,3306.760665733127,3315.634960419095,1718678
2025-06-10,3376.973876953125,3399.305794893864,3338.259013167141,3354.642197095073,2419874
2025-06-11,3385.75048828125,3402.4262754922297,3363.516422776853,3383.897728850111,2847013
2025-06-12,3348.986083984375,3388.481144938844,3338.259030391803,3385.7505745896515,4060134
2025-06-13,3360.20068359375,3364.881627257479,3309.003383077588,3309.003383077588,2178493
2025-06-16,3409.545654296875,3421.9304790324873,3341.18496442709,3354.6425898751086,1934088
2025-06-17,3428.07373046875,3432.6570601768817,3401.5487008021014,3422.905193528652,2111940
2025-06-18,3365.75927734375,3450.2105407013996,3357.665418209048,3431.7796073253016,2696327
2025-06-19,3339.039306640625,3365.3693479021017,3328.3122527933565,3364.394161188714,2672768
2025-06-20,3350.448974609375,3360.786049100129,3326.2642962767654,3340.0145242959966,2351248
2025-06-23,3309.393798828125,3340.014567071261,3286.3792966511382,3330.2626997221478,3123421
2025-06-24,3306.27294921875,3356.690292940616,3298.081476031171,3349.376392565029,3403048
2025-06-25,3359.3232421875,3364.3941654870573,3315.634829755361,3322.7537403887272,1757699
2025-06-26,3356.397705078125,3365.759354753242,3330.555256962972,3359.3232652421043,2879106
2025-06-27,3355.71533203125,3380.387367158931,3345.8658502962735,3369.2703330730474,1778433
2025-06-30,3376.09619140625,3378.924137465807,3344.890218522079,3354.544471150048,1468351
2025-07-01,3344.59765625,3398.525526423559,3328.7996798986564,3369.2699264830403,2375183
2025-07-02,3338.356689453125,3403.3039810516498,3335.1385257152824,3400.671024568939,3090585
2025-07-03,3316.4150390625,3350.058980842342,3313.294489180619,3344.8904436190446,2531870
2025-07-04,3334.943603515625,3341.964900305915,3305.980605453995,3323.4363525656718,1109320
2025-07-07,3327.04443359375,3341.0872649943594,3323.826269850942,3333.480761079366,1639174
2025-07-08,3321.680908203125,3340.0144658805552,3309.1984707578945,3320.5107317732236,2325242
2025-07-09,3299.8369140625,3329.2875057764963,3283.4537293349335,3325.3867588452995,2034938
2025-07-10,3298.08154296875,3314.659717489882,3272.7266878187834,3296.1311694956757,3035012
2025-07-11,3184.959716796875,3252.247598137654,3180.1813972680684,3218.0184502225306,7635550
2025-07-14,3142.734130859375,3190.8108827918168,3120.5974403831947,3184.9597625910983,3924009
2025-07-15,3171.599853515625,3178.523536457564,3126.448660244279,3126.448660244279,2590889
2025-07-16,3163.576171875,3175.1222359666176,3151.344969328223,3157.607249475903,2540733
2025-07-17,3140.18994140625,3172.2846643823304,3135.199754145851,3154.7696780470374,2947640
2025-07-18,3121.304931640625,3159.3685771406017,3118.46738821797,3155.6502438038765,3432645
2025-07-21,3090.286865234375,3128.83976152069,3084.2202361520617,3121.4030943290218,3844346
2025-07-22,3091.65673828125,3111.7159107005,3086.764257203384,3091.65673828125,3198036
2025-07-23,3110.7373046875,3113.5748480562365,3089.6996367952283,3091.6566291573,1922875
2025-07-24,3080.30615234375,3105.4534578423713,3072.478182452152,3097.0385335433134,2934778
2025-07-25,3068.368408203125,3089.014534530361,3058.3877948178133,3072.4780444334683,2568917
2025-07-28,3013.08349609375,3050.9512525080645,3003.885488175128,3043.12328264916,3374473
2025-07-29,2990.284423828125,3007.8973556438664,2975.802632112602,2994.1984086760676,4785312
2025-07-30,2987.93603515625,3003.0047807939304,2981.673516260727,2994.1983151611034,2880121
2025-07-31,2971.497314453125,2994.0027271024683,2950.166049468222,2976.2918502873677,2968371
2025-08-01,2938.424072265625,2971.4972914199097,2935.488583681943,2964.7455243430377,2053847
2025-08-04,3008.28857421875,3013.181055141491,2927.2692812506943,2944.392964480288,2519252
2025-08-05,2998.014404296875,3011.322048140622,2976.5854331255146,3008.2886143717656,1927996
2025-08-06,2967.093994140625,3000.8521121202134,2960.9294204705666,2997.1337788834585,1487081
2025-08-07,2981.47802734375,2985.9792055799644,2946.154217712285,2951.1446440658847,2543076
2025-08-08,2971.105712890625,2994.002666894786,2959.9509519667536,2982.5543093380406,2762140
2025-08-11,2975.4111328125,2984.3153044195046,2956.3304579380692,2971.105606429514,1884215
2025-08-12,2970.127197265625,3029.8154640054736,2961.809979769089,2975.6068714078456,3358232
2025-08-13,2970.91015625,2978.9337774241835,2963.473728360306,2970.812449963036,2148166
2025-08-14,2957.30908203125,2990.1864106721328,2954.1779420022144,2968.757439673081,3342174
2025-08-18,2946.44775390625,2983.434958599791,2938.815435653507,2980.988718063058,2945609
2025-08-19,2951.340087890625,2959.950901928915,2946.349900778797,2946.4476070609903,2650784
2025-08-20,3031.96826171875,3036.664852119672,2946.1539583708727,2946.1539583708727,4952358
2025-08-21,3035.882568359375,3062.693270119804,3016.801891436903,3062.693270119804,3230726
2025-08-22,2988.327392578125,3029.1306363096523,2984.4134077810354,3019.639270954844,1593791
2025-08-25,3073.0654296875,3084.220191422538,3010.9309175823823,3020.9115315912086,3448370
2025-08-26,3089.30810546875,3094.0049349317896,3052.9080951888627,3061.7145608480614,5522097
2025-08-28,3027.173828125,3078.838478368692,3020.1287028396528,3077.370733980466,3116051
2025-08-29,3018.3671875,3048.0156702082504,3011.028465982645,3026.4887537573413,2271789
2025-09-01,3045.667236328125,3063.7694152474464,3023.5531276055535,3023.5531276055535,1246862
2025-09-02,3044.591064453125,3087.1556510845603,3036.371791556432,3053.9847239556466,2185229
2025-09-03,3030.89208984375,3074.33722714916,3021.5963756053266,3062.595272321678,1799774
2025-09-04,3029.130615234375,3050.951128104469,3024.3360794475675,3048.99413571954,1481391
2025-09-05,2982.75,3036.664997028233,2963.47367273015,3030.5006621101975,2802055
2025-09-08,2954.079833984375,2998.9927110613953,2951.144345576971,2984.413214194218,2626187
2025-09-09,2983.826171875,2994.19832699537,2965.62628616296,2966.898378981974,2489301
2025-09-10,3043.123291015625,3055.550145422665,2987.740308555338,2990.675797260498,2079428
2025-09-11,3057.017822265625,3071.4996140027415,3043.221168990462,3071.4996140027415,2263446
2025-09-12,3066.019775390625,3080.990814432397,3053.886518550216,3076.3919302537256,1447167
2025-09-15,3044.982421875,3066.607284819441,3029.4244268669395,3066.607284819441,1732539
2025-09-16,3078.055419921875,3082.26300132086,3042.242602669502,3060.736085121159,2573429
2025-09-17,3104.57275390625,3113.966173979194,3074.8263264485827,3084.2199854121977,2418271
2025-09-18,3108.388916015625,3134.1234145595795,3093.4178759668794,3116.51048247651,2633138
2025-09-19,3101.050048828125,3112.107103450778,3076.3919928468,3101.8328935510035,4901694
2025-09-22,3007.70166015625,3040.089740964508,2999.090845838676,3028.445731768582,3634901
2025-09-23,2996.546875,3014.4534044791503,2986.3706093710016,3003.983542191669,3177741
2025-09-24,2970.127197265625,2991.262810224855,2967.778901999341,2984.4133369924134,1625714
2025-09-25,2893.804443359375,2964.4520571099356,2887.5421635017433,2957.015390749667,4974361
2025-09-26,2836.758544921875,2891.260737711385,2829.126226471788,2877.7574418213358,3934636
2025-09-29,2833.82275390625,2866.3087778304835,2831.7678164651984,2853.2947314486933,3110035
2025-09-30,2826.288330078125,2852.610021207006,2823.0594837288886,2848.402439766557,2253458
2025-10-01,2851.53369140625,2861.9058470940704,2804.957413772581,2828.8326264436423,1952902
2025-10-03,2839.498046875,2861.1229086009284,2828.9304789544044,2861.1229086009284,2899519
2025-10-06,2924.137939453125,2929.22631078988,2833.3336834873367,2839.5959635916415,2112774
2025-10-07,2909.75390625,2939.891634958981,2891.9453243871753,2930.5959216848555,3062943
2025-10-08,2962.103759765625,2977.5640480826064,2904.176830334925,2911.0263039913752,4121889
2025-10-09,2995.86181640625,3000.069397912704,2955.0585719818546,2968.757519004287,3211304
2025-10-10,2963.179931640625,3003.983173218589,2942.239970746985,2984.413250266025,8817365
2025-10-13,2942.53369140625,2970.225181329542,2933.7272257063764,2961.9079637241057,2866865
2025-10-14,2896.642333984375,2962.1036338769445,2891.9455044700007,2956.0370052457697,3611416
2025-10-15,2916.7763671875,2926.499513769408,2898.31197994854,2917.954894078994,4282226
2025-10-16,2917.66015625,2921.883430677564,2890.553079047838,2916.87439174088,3251495
2025-10-17,2909.311767578125,2935.4369375213087,2902.6331292681275,2916.972551528368,4374683
2025-10-20,2961.365478515625,2969.0262624451843,2925.320781572273,2932.1958010354274,3133039
2025-10-21,2953.017333984375,2977.669286180243,2942.508423286113,2976.981832168517,310644
2025-10-23,3018.330078125,3042.687339125331,2981.892616996725,3000.4550745732363,5564758
2025-10-24,3008.508544921875,3034.8300966289034,3003.6961270890743,3025.0086400055093,2684318
2025-10-27,3029.821044921875,3038.9550474990237,3005.5620951218402,3011.7496607245316,1946312
2025-10-28,3003.30322265625,3035.0265765381446,2985.919291823652,3021.0801556355614,3470737
2025-10-29,3003.0087890625,3021.080174034828,2991.714113509379,3003.3032409472494,2895420
2025-10-30,2981.106689453125,3009.0978400091353,2978.6513253692647,2994.6603471523654,2241536
2025-10-31,3003.4013671875,3012.6334402910475,2971.088871543434,2980.8120174669925,1868085
2025-11-03,2962.93701171875,3003.4013640895914,2956.2583734171585,2992.499451583931,2194877
2025-11-04,2936.81201171875,2975.214004338424,2922.8655907942766,2965.6872390451917,2670720
2025-11-06,2957.142333984375,2970.0085383136757,2936.61558517126,2936.7138956519902,2542721
2025-11-07,2938.383544921875,2950.3656744717186,2907.6423366423182,2947.419237380036,1830520
2025-11-10,2971.18701171875,2993.4816703122747,2938.579823663838,2939.5619693268272,1556656
2025-11-11,2992.597900390625,3001.142519888641,2964.1156755427983,2990.633609021809,2806868
2025-11-12,3075.8837890625,3080.4015151753365,3002.51755709654,3005.3656835637266,4460315
2025-11-13,3050.249755859375,3075.9819244274895,3046.61586484088,3075.8838537295965,1740435
2025-11-14,3050.54443359375,3057.517763723578,3022.356900982103,3034.830102963518,2210794
2025-11-17,3046.812255859375,3067.7320066302495,3031.4909272444793,3050.544457369475,2232853
2025-11-18,3031.98193359375,3049.5622448251693,3023.0443122614724,3046.6158078736476,2548350
2025-11-19,3091.499755859375,3098.6694669245953,3028.4460542827223,3041.705020306013,3151053
2025-11-20,3088.65185546875,3108.0000778660146,3082.0715272134535,3091.794673762747,2700767
2025-11-21,3094.34814453125,3113.4016740052466,3079.2229578295533,3088.6516518716926,4177037
2025-11-24,3085.115966796875,3122.1428110333977,3075.0981288018247,3101.616062202543,6703764
2025-11-25,3063.5087890625,3093.562543096727,3059.3838251197944,3089.142887490615,2737920
2025-11-26,3106.428466796875,3121.2589624366606,3061.348076121797,3063.115986297256,2508527
2025-11-27,3080.59814453125,3123.223169867727,3069.205159068128,3123.223169867727,2836233
2025-11-28,3081.48193359375,3091.1070087848907,3069.205113141185,3083.937297684263,1616690
2025-12-01,3077.455078125,3097.687374390369,3066.4550948216056,3081.8747335418534,1747647
2025-12-02,3079.714111328125,3087.8659682974553,3064.6872347092776,3075.0980746626374,2512003
2025-12-03,3123.22314453125,3154.5534946281955,3082.9551731709416,3083.9373188138757,3952112
2025-12-04,3171.544677734375,3191.9733551637537,3130.4909417024,3136.9731988901626,5025905
2025-12-05,3180.384033203125,3213.187842167148,3164.866083794654,3172.330486734928,5244013
2025-12-08,3178.71435546875,3201.6964674714213,3151.3125880977464,3185.0983021118977,2544725
2025-12-09,3151.01806640625,3175.964471029267,3124.401822284255,3172.330579931189,2734893
2025-12-10,3132.259033203125,3167.41989738469,3121.357359750894,3167.41989738469,1386849
2025-12-11,3134.91064453125,3151.1160479641035,3096.8035846478047,3147.7768486239356,1914362
2025-12-12,3163.0,3165.4553640739014,3128.8212841349605,3140.607031689688,1146554
2025-12-15,3172.52685546875,3180.384020730158,3140.2143592438706,3153.7680172761306,1562190
2025-12-16,3147.875244140625,3162.509118995985,3134.1252044928165,3162.509118995985,1734623
2025-12-17,3160.348388671875,3179.107227122374,3143.3572206041695,3143.3572206041695,1376350
2025-12-18,3222.2236328125,3229.09865265339,3163.4912725011322,3170.366292342023,2307422
2025-12-19,3223.402099609375,3258.661033366418,3220.259281411304,3240.09857605464,3902511
2025-12-22,3265.5361328125,3269.170263717588,3232.2414895890165,3250.9022578364156,2632816
2025-12-23,3250.902099609375,3260.625245626059,3234.6966963938,3260.625245626059,2365420
2025-12-24,3259.741455078125,3267.696930860065,3237.2504153109776,3245.107580613968,1367708
2025-12-26,3221.437744140625,3260.7235702886815,3213.384197736604,3253.9468611908032,1176664
2025-12-29,3193.446533203125,3229.294848891858,3184.9999848268185,3221.437683809396,2079473
2025-12-30,3188.83056640625,3209.160933545371,3181.6608551553877,3191.973384551631,2807593
2025-12-31,3148.955322265625,3188.0447669329633,3141.392848747715,3182.151893056932,3362634
